"Time","smpmM.stator.electroMagneticConverter.singlePhaseElectroMagneticConverter[2].Phi.im","smpmM.stator.electroMagneticConverter.singlePhaseElectroMagneticConverter[1].Phi.re"
0,0,-0.50552762
9.9999997e-05,-8.2126265e-13,-0.50552833
0.00019999999,-1.311129e-11,-0.50553042
0.00030000001,-8.1291071e-11,-0.50553393
0.00039999999,-2.0883546e-10,-0.50553882
0.00050000002,-6.2570366e-10,-0.50554502
0.00060000003,-1.2898137e-09,-0.50555265
0.00069999998,-2.1851312e-09,-0.50556159
0.00079999998,-3.3116558e-09,-0.50557196
0.00089999998,-5.2463318e-09,-0.50558358
0.001,-7.8114457e-09,-0.50559658
0.0011,-1.0898555e-08,-0.50561088
0.0012000001,-1.4507659e-08,-0.50562656
0.0013,-2.0502233e-08,-0.50564343
0.0014,-2.8699869e-08,-0.50566161
0.0015,-3.850645e-08,-0.50568104
0.0016,-4.9921976e-08,-0.50570178
0.0017,-6.2946441e-08,-0.50572377
0.0018,-7.7579855e-08,-0.50574708
0.0019,-9.3822216e-08,-0.5057717
0.0020000001,-1.1167351e-07,-0.50579756
0.0020999999,-1.3391087e-07,-0.50582463
0.0022,-1.6124091e-07,-0.50585288
0.0023000001,-1.9140342e-07,-0.50588238
0.0024000001,-2.2439841e-07,-0.50591314
0.0024999999,-2.6022587e-07,-0.50594515
0.0026,-2.9888582e-07,-0.50597841
0.0027000001,-3.4037828e-07,-0.50601292
0.0027999999,-3.8600987e-07,-0.50604868
0.0029,-4.4301294e-07,-0.50608546
0.003,-5.0511863e-07,-0.50612342
0.0031000001,-5.7232694e-07,-0.50616258
0.0031999999,-6.4463791e-07,-0.506203
0.0033,-7.2205142e-07,-0.50624454
0.0034,-8.0456761e-07,-0.50628734
0.0035000001,-8.9218645e-07,-0.50633132
0.0035999999,-9.9388922e-07,-0.50637633
0.0037,-1.1056572e-06,-0.50642252
0.0038000001,-1.2253341e-06,-0.50646979
0.0038999999,-1.3529198e-06,-0.50651824
0.0040000002,-1.4884141e-06,-0.50656784
0.0041,-1.6318173e-06,-0.50661856
0.0041999999,-1.7831293e-06,-0.50667048
0.0043000001,-1.9478609e-06,-0.50672346
0.0044,-2.1306046e-06,-0.50677747
0.0044999998,-2.3246505e-06,-0.5068326
0.0046000001,-2.5299989e-06,-0.50688887
0.0046999999,-2.7466494e-06,-0.50694621
0.0048000002,-2.9746025e-06,-0.50700462
0.0049000001,-3.2138576e-06,-0.50706422
0.0049999999,-3.4648147e-06,-0.50712484
0.0051000002,-3.7365835e-06,-0.50718653
0.0052,-4.023389e-06,-0.5072493
0.0052999998,-4.325675e-06,-0.50731313
0.0054000001,-4.6438854e-06,-0.50737798
0.0055,-4.978463e-06,-0.50744396
0.0055999998,-5.3298522e-06,-0.50751096
0.0057000001,-5.6984964e-06,-0.50757897
0.0057999999,-6.0875036e-06,-0.50764811
0.0059000002,-6.4971964e-06,-0.50771821
0.0060000001,-6.9271869e-06,-0.50778931
0.0060999999,-7.3781071e-06,-0.5078615
0.0062000002,-7.85059e-06,-0.50793469
0.0063,-8.3452687e-06,-0.5080089
0.0063999998,-8.8627758e-06,-0.50808412
0.0065000001,-9.404288e-06,-0.50816029
0.0066,-9.9715544e-06,-0.50823754
0.0066999998,-1.056433e-05,-0.50831574
0.0068000001,-1.1183339e-05,-0.50839496
0.0068999999,-1.1829302e-05,-0.50847512
0.0070000002,-1.2502944e-05,-0.50855631
0.0071,-1.3204985e-05,-0.50863844
0.0071999999,-1.3936151e-05,-0.50872153
0.0073000002,-1.4698247e-05,-0.50880563
0.0074,-1.5491401e-05,-0.50889069
0.0074999998,-1.6316339e-05,-0.5089767
0.0076000001,-1.7173836e-05,-0.50906372
0.0077,-1.8064668e-05,-0.50915164
0.0077999998,-1.8989609e-05,-0.50924051
0.0078999996,-1.9949437e-05,-0.50933033
0.0080000004,-2.0945567e-05,-0.50942111
0.0081000002,-2.1978949e-05,-0.50951278
0.0082,-2.3050034e-05,-0.50960547
0.0082999999,-2.415965e-05,-0.50969905
0.0083999997,-2.5308629e-05,-0.50979352
0.0085000005,-2.6497801e-05,-0.50988895
0.0086000003,-2.7727996e-05,-0.50998533
0.0087000001,-2.900023e-05,-0.5100826
0.0088,-3.031614e-05,-0.51018077
0.0088999998,-3.1676107e-05,-0.51027983
0.0089999996,-3.3081073e-05,-0.51037985
0.0091000004,-3.4531979e-05,-0.51048076
0.0092000002,-3.6029785e-05,-0.51058257
0.0093,-3.7575457e-05,-0.51068527
0.0093999999,-3.9169965e-05,-0.51078892
0.0094999997,-4.0814288e-05,-0.5108934
0.0096000005,-4.2509422e-05,-0.51099879
0.0097000003,-4.4256361e-05,-0.51110506
0.0098000001,-4.6056117e-05,-0.51121217
0.0098999999,-4.7909696e-05,-0.51132023
0.0099999998,-4.9818133e-05,-0.51142913
0.0101,-5.1782452e-05,-0.51153892
0.0102,-5.3803753e-05,-0.51164955
0.0103,-5.588312e-05,-0.51176107
0.0104,-5.802156e-05,-0.51187342
0.0105,-6.0220143e-05,-0.51198667
0.0106,-6.2479958e-05,-0.51210082
0.0107,-6.480208e-05,-0.51221573
0.0108,-6.7187619e-05,-0.5123316
0.0109,-6.9637674e-05,-0.51244825
0.011,-7.2153365e-05,-0.51256579
0.0111,-7.4735821e-05,-0.51268411
0.0112,-7.7386161e-05,-0.51280338
0.0113,-8.0105543e-05,-0.51292342
0.0114,-8.2895102e-05,-0.5130443
0.0115,-8.5756008e-05,-0.51316601
0.0116,-8.8689434e-05,-0.51328862
0.0117,-9.1696558e-05,-0.513412
0.0118,-9.4778574e-05,-0.51353621
0.0119,-9.7936667e-05,-0.51366121
0.012,-0.00010117205,-0.51378709
0.0121,-0.00010448592,-0.51391375
0.0122,-0.0001078795,-0.5140413
0.0123,-0.00011135403,-0.51416957
0.0124,-0.00011491076,-0.51429874
0.0125,-0.00011855091,-0.51442868
0.0126,-0.00012227576,-0.51455939
0.0127,-0.00012608657,-0.51469094
0.0128,-0.0001299846,-0.51482332
0.0129,-0.00013397116,-0.51495647
0.013,-0.00013804752,-0.51509047
0.0131,-0.00014221499,-0.51522517
0.0132,-0.00014647465,-0.51536071
0.0133,-0.000150828,-0.51549709
0.0134,-0.00015527634,-0.51563418
0.0135,-0.00015982104,-0.5157721
0.0136,-0.00016446339,-0.5159108
0.0137,-0.00016920477,-0.51605028
0.0138,-0.00017404652,-0.51619053
0.0139,-0.00017899001,-0.51633155
0.014,-0.00018403662,-0.51647341
0.0141,-0.00018918773,-0.51661599
0.0142,-0.00019444471,-0.51675934
0.0143,-0.00019980899,-0.51690346
0.0144,-0.00020528196,-0.51704836
0.0145,-0.00021086504,-0.51719403
0.0146,-0.00021655959,-0.51734042
0.0147,-0.00022236691,-0.51748765
0.0148,-0.00022828858,-0.51763558
0.0149,-0.00023432606,-0.51778424
0.015,-0.00024048076,-0.51793373
0.0151,-0.00024675418,-0.51808393
0.0152,-0.00025314777,-0.51823485
0.0153,-0.00025966301,-0.5183866
0.0154,-0.00026630139,-0.51853901
0.0155,-0.00027306439,-0.5186922
0.0156,-0.00027995353,-0.51884615
0.015699999,-0.00028697032,-0.51900083
0.015799999,-0.00029411627,-0.51915628
0.015900001,-0.00030139292,-0.51931238
0.016000001,-0.00030880177,-0.51946932
0.016100001,-0.00031634435,-0.51962692
0.0162,-0.0003240222,-0.51978528
0.0163,-0.0003318369,-0.51994437
0.0164,-0.00033979001,-0.52010417
0.0165,-0.00034788312,-0.52026469
0.0166,-0.00035611782,-0.52042598
0.0167,-0.00036449567,-0.52058792
0.016799999,-0.00037301832,-0.52075064
0.016899999,-0.00038168731,-0.52091402
0.017000001,-0.00039050431,-0.52107817
0.017100001,-0.00039947091,-0.52124304
0.017200001,-0.00040858876,-0.52140856
0.0173,-0.0004178595,-0.52157485
0.0174,-0.00042728477,-0.52174181
0.0175,-0.00043686625,-0.52190948
0.0176,-0.00044660555,-0.52207792
0.0177,-0.00045650441,-0.52224696
0.0178,-0.00046656444,-0.52241677
0.017899999,-0.00047678739,-0.5225873
0.017999999,-0.00048717493,-0.52275848
0.018100001,-0.00049772876,-0.52293032
0.018200001,-0.00050845061,-0.52310294
0.018300001,-0.0005193422,-0.52327621
0.0184,-0.00053040526,-0.5234502
0.0185,-0.00054164149,-0.52362484
0.0186,-0.0005530527,-0.52380019
0.0187,-0.00056464062,-0.52397621
0.0188,-0.00057640695,-0.52415293
0.0189,-0.00058835361,-0.52433032
0.018999999,-0.00060048222,-0.52450842
0.019099999,-0.00061279465,-0.52468717
0.019200001,-0.00062529277,-0.52486658
0.019300001,-0.00063797826,-0.52504671
0.019400001,-0.00065085298,-0.52522749
0.0195,-0.00066391873,-0.52540898
0.0196,-0.00067717739,-0.52559108
0.0197,-0.00069063081,-0.52577388
0.0198,-0.00070428074,-0.52595735
0.0199,-0.00071812904,-0.52614146
0.02,-0.00073217769,-0.5263263
0.020099999,-0.0007464285,-0.52651173
0.020199999,-0.00076088327,-0.52669787
0.020300001,-0.00077554403,-0.52688468
0.020400001,-0.00079041254,-0.52707207
0.020500001,-0.00080549082,-0.52726018
0.0206,-0.0008207807,-0.52744895
0.0207,-0.00083628413,-0.52763832
0.0208,-0.00085200305,-0.5278284
0.0209,-0.00086793938,-0.52801907
0.021,-0.00088409509,-0.52821046
0.0211,-0.00090047211,-0.52840245
0.021199999,-0.00091707241,-0.52859509
0.021299999,-0.00093389797,-0.52878839
0.021400001,-0.00095095078,-0.52898228
0.021500001,-0.00096823281,-0.52917689
0.021600001,-0.00098574604,-0.5293721
0.0217,-0.0010034925,-0.52956796
0.0218,-0.0010214743,-0.52976441
0.0219,-0.0010396932,-0.52996153
0.022,-0.0010581515,-0.53015929
0.0221,-0.001076851,-0.53035766
0.0222,-0.0010957939,-0.53055668
0.022299999,-0.0011149823,-0.53075629
0.022399999,-0.0011344181,-0.53095657
0.022500001,-0.0011541034,-0.53115743
0.022600001,-0.0011740405,-0.53135896
0.022700001,-0.0011942312,-0.53156114
0.0228,-0.0012146777,-0.53176385
0.0229,-0.001235382,-0.53196722
0.023,-0.0012563466,-0.53217125
0.0231,-0.0012775732,-0.53237587
0.0232,-0.001299064,-0.53258109
0.0233,-0.0013208212,-0.53278691
0.023399999,-0.0013428471,-0.53299338
0.023499999,-0.0013651438,-0.53320038
0.023600001,-0.0013877135,-0.53340805
0.023700001,-0.0014105581,-0.53361636
0.023800001,-0.00143368,-0.53382522
0.0239,-0.0014570813,-0.53403467
0.024,-0.0014807642,-0.53424478
0.0241,-0.001504731,-0.53445548
0.0242,-0.0015289839,-0.53466672
0.0243,-0.001553525,-0.53487861
0.0244,-0.0015783566,-0.5350911
0.024499999,-0.0016034809,-0.53530413
0.024599999,-0.0016289003,-0.53551781
0.024700001,-0.0016546168,-0.53573203
0.024800001,-0.0016806328,-0.53594691
0.024900001,-0.0017069507,-0.53616232
0.025,-0.0017335726,-0.53637832
0.0251,-0.0017605008,-0.53659493
0.0252,-0.0017877377,-0.53681213
0.0253,-0.0018152854,-0.53702986
0.0254,-0.0018431465,-0.53724825
0.0255,-0.0018713232,-0.53746718
0.025599999,-0.001899818,-0.53768665
0.025699999,-0.001928633,-0.53790677
0.025800001,-0.0019577707,-0.53812736
0.025900001,-0.0019872335,-0.53834862
0.026000001,-0.0020170235,-0.5385704
0.0261,-0.0020471434,-0.53879279
0.0262,-0.0020775953,-0.53901571
0.0263,-0.0021083818,-0.53923923
0.0264,-0.0021395052,-0.53946328
0.0265,-0.0021709679,-0.53968787
0.0266,-0.0022027723,-0.53991312
0.026699999,-0.0022349209,-0.54013884
0.026799999,-0.0022674161,-0.54036516
0.026900001,-0.0023002604,-0.54059201
0.027000001,-0.002333456,-0.54081947
0.027100001,-0.0023670057,-0.54104739
0.0272,-0.0024009119,-0.54127592
0.0273,-0.0024351769,-0.54150504
0.0274,-0.0024698032,-0.54173464
0.0275,-0.0025047935,-0.54196483
0.0276,-0.0025401502,-0.54219556
0.0277,-0.0025758757,-0.54242682
0.027799999,-0.0026119729,-0.54265863
0.027899999,-0.0026484441,-0.54289103
0.028000001,-0.0026852917,-0.5431239
0.028100001,-0.0027225185,-0.54335731
0.028200001,-0.002760127,-0.54359132
0.0283,-0.0027981196,-0.54382581
0.0284,-0.0028364989,-0.54406083
0.0285,-0.0028752675,-0.54429644
0.0286,-0.002914428,-0.54453254
0.0287,-0.0029539831,-0.54476917
0.0288,-0.0029939355,-0.54500633
0.028899999,-0.0030342874,-0.54524398
0.028999999,-0.0030750418,-0.54548222
0.029100001,-0.0031162011,-0.54572093
0.029200001,-0.0031577682,-0.54596019
0.029300001,-0.0031997454,-0.54619998
0.0294,-0.0032421357,-0.54644024
0.0295,-0.0032849417,-0.54668105
0.0296,-0.0033281657,-0.54692239
0.0297,-0.003371811,-0.5471642
0.0298,-0.00341588,-0.54740655
0.029899999,-0.0034603756,-0.54764944
0.029999999,-0.0035053003,-0.54789275
0.030099999,-0.0035506566,-0.54813665
0.030200001,-0.0035964476,-0.54838103
0.030300001,-0.0036426759,-0.54862589
0.030400001,-0.0036893445,-0.54887128
0.0305,-0.0037364557,-0.54911715
0.0306,-0.0037840125,-0.54936355
0.0307,-0.0038320175,-0.54961038
0.0308,-0.0038804738,-0.5498578
0.0309,-0.0039293841,-0.55010563
0.030999999,-0.0039787511,-0.550354
0.031099999,-0.0040285774,-0.55060285
0.031199999,-0.0040788664,-0.55085218
0.031300001,-0.0041296203,-0.55110198
0.031399999,-0.0041808425,-0.55135226
0.031500001,-0.0042325351,-0.55160308
0.031599998,-0.0042847018,-0.55185431
0.0317,-0.0043373452,-0.55210608
0.031800002,-0.0043904674,-0.55235833
0.0319,-0.0044440725,-0.55261099
0.032000002,-0.0044981628,-0.55286419
0.032099999,-0.0045527411,-0.55311781
0.032200001,-0.0046078102,-0.55337197
0.032299999,-0.0046633733,-0.55362654
0.032400001,-0.0047194334,-0.55388159
0.032499999,-0.0047759931,-0.55413711
0.032600001,-0.0048330557,-0.55439311
0.032699998,-0.0048906235,-0.55464953
0.0328,-0.0049487003,-0.55490649
0.032900002,-0.0050072884,-0.55516386
0.033,-0.0050663911,-0.55542165
0.033100002,-0.0051260116,-0.55567992
0.033199999,-0.0051861522,-0.55593866
0.033300001,-0.0052468167,-0.55619788
0.033399999,-0.0053080074,-0.55645752
0.033500001,-0.005369728,-0.55671757
0.033599999,-0.0054319808,-0.55697811
0.0337,-0.0054947692,-0.55723912
0.033799998,-0.0055580963,-0.55750054
0.0339,-0.005621965,-0.55776238
0.034000002,-0.0056863786,-0.5580247
0.0341,-0.0057513397,-0.55828744
0.034200002,-0.0058168517,-0.5585506
0.034299999,-0.0058829179,-0.55881423
0.034400001,-0.005949541,-0.55907822
0.034499999,-0.0060167243,-0.55934274
0.034600001,-0.006084471,-0.55960763
0.034699999,-0.006152784,-0.55987293
0.0348,-0.0062216665,-0.5601387
0.034899998,-0.0062911212,-0.56040484
0.035,-0.006361152,-0.56067145
0.035100002,-0.0064317621,-0.56093848
0.0352,-0.0065029538,-0.56120592
0.035300002,-0.0065747309,-0.56147373
0.035399999,-0.0066470965,-0.56174201
0.035500001,-0.0067200535,-0.56201065
0.035599999,-0.0067936056,-0.56227976
0.035700001,-0.0068677557,-0.56254923
0.035799999,-0.0069425064,-0.56281912
0.0359,-0.0070178621,-0.56308943
0.035999998,-0.0070938254,-0.5633601
0.0361,-0.0071703997,-0.56363124
0.036200002,-0.0072475881,-0.56390274
0.0363,-0.0073253936,-0.56417459
0.036400001,-0.0074038203,-0.56444687
0.036499999,-0.0074828705,-0.56471956
0.036600001,-0.0075625484,-0.56499261
0.036699999,-0.0076428563,-0.56526607
0.036800001,-0.007723798,-0.56553996
0.036899999,-0.0078053772,-0.56581414
0.037,-0.0078875963,-0.56608874
0.037099998,-0.0079704598,-0.56636375
0.0372,-0.0080539696,-0.56663913
0.037300002,-0.0081381295,-0.56691486
0.0374,-0.0082229441,-0.56719095
0.037500001,-0.0083084153,-0.56746745
0.037599999,-0.0083945468,-0.56774431
0.037700001,-0.0084813423,-0.56802154
0.037799999,-0.0085688047,-0.56829911
0.037900001,-0.0086569376,-0.56857705
0.037999999,-0.0087457448,-0.5688554
0.0381,-0.00883523,-0.56913406
0.038199998,-0.0089253951,-0.56941313
0.0383,-0.0090162447,-0.56969249
0.038400002,-0.0091077816,-0.56997222
0.0385,-0.0092000095,-0.5702523
0.038600001,-0.0092929322,-0.57053274
0.038699999,-0.0093865525,-0.57081354
0.038800001,-0.009480875,-0.57109469
0.038899999,-0.0095759016,-0.57137614
0.039000001,-0.0096716359,-0.57165796
0.039099999,-0.0097680828,-0.57194012
0.0392,-0.0098652449,-0.57222259
0.039299998,-0.009963125,-0.57250541
0.0394,-0.010061728,-0.5727886
0.039500002,-0.010161057,-0.57307208
0.0396,-0.010261115,-0.57335585
0.039700001,-0.010361906,-0.57363999
0.039799999,-0.010463433,-0.57392448
0.039900001,-0.0105657,-0.57420921
0.039999999,-0.010668711,-0.57449436
0.040100001,-0.010772469,-0.57477975
0.040199999,-0.010876977,-0.57506549
0.0403,-0.01098224,-0.57535154
0.040399998,-0.01108826,-0.57563788
0.0405,-0.011195041,-0.57592452
0.040600002,-0.011302588,-0.57621145
0.0407,-0.011410902,-0.57649875
0.040800001,-0.011519989,-0.57678628
0.040899999,-0.011629852,-0.57707417
0.041000001,-0.011740494,-0.5773623
0.041099999,-0.011851919,-0.57765073
0.041200001,-0.01196413,-0.57793945
0.041299999,-0.012077132,-0.57822847
0.0414,-0.012190928,-0.57851779
0.041499998,-0.012305521,-0.57880741
0.0416,-0.012420916,-0.57909727
0.041700002,-0.012537116,-0.57938743
0.0418,-0.012654124,-0.57967782
0.041900001,-0.012771945,-0.57996857
0.041999999,-0.012890582,-0.5802595
0.042100001,-0.013010039,-0.58055073
0.042199999,-0.013130318,-0.58084226
0.042300001,-0.013251426,-0.58113402
0.042399999,-0.013373364,-0.58142608
0.0425,-0.013496136,-0.58171839
0.042599998,-0.013619747,-0.58201092
0.0427,-0.0137442,-0.5823037
0.042800002,-0.013869498,-0.58259678
0.0429,-0.013995646,-0.58289009
0.043000001,-0.014122648,-0.58318365
0.043099999,-0.014250508,-0.58347744
0.043200001,-0.014379228,-0.58377147
0.043299999,-0.014508812,-0.58406574
0.043400001,-0.014639265,-0.58436024
0.043499999,-0.014770591,-0.58465499
0.0436,-0.014902793,-0.58494997
0.043699998,-0.015035874,-0.58524513
0.0438,-0.015169839,-0.58554059
0.043900002,-0.015304693,-0.58583623
0.044,-0.015440437,-0.58613211
0.044100001,-0.015577077,-0.58642817
0.044199999,-0.015714616,-0.58672446
0.044300001,-0.015853057,-0.58702099
0.044399999,-0.015992407,-0.58731771
0.044500001,-0.016132666,-0.58761466
0.044599999,-0.016273839,-0.58791178
0.0447,-0.016415931,-0.58820915
0.044799998,-0.016558945,-0.5885067
0.0449,-0.016702887,-0.58880442
0.045000002,-0.016847758,-0.58910233
0.0451,-0.016993562,-0.58940047
0.045200001,-0.017140305,-0.58969879
0.045299999,-0.01728799,-0.58999729
0.045400001,-0.01743662,-0.59029597
0.045499999,-0.0175862,-0.59059477
0.045600001,-0.017736733,-0.59089381
0.045699999,-0.017888226,-0.59119302
0.0458,-0.018040678,-0.59149241
0.045899998,-0.018194096,-0.59179193
0.046,-0.018348483,-0.59209168
0.046100002,-0.018503843,-0.59239155
0.0462,-0.018660182,-0.59269154
0.046300001,-0.018817501,-0.59299177
0.046399999,-0.018975805,-0.59329212
0.046500001,-0.019135099,-0.59359258
0.046599999,-0.019295385,-0.59389323
0.046700001,-0.01945667,-0.59419399
0.046799999,-0.019618955,-0.59449494
0.0469,-0.019782245,-0.594796
0.046999998,-0.019946545,-0.59509724
0.0471,-0.020111857,-0.59539855
0.047200002,-0.020278187,-0.59570003
0.0473,-0.020445539,-0.59600163
0.047400001,-0.020613916,-0.59630334
0.047499999,-0.020783322,-0.59660518
0.047600001,-0.020953761,-0.59690714
0.047699999,-0.021125237,-0.59720922
0.047800001,-0.021297755,-0.59751141
0.047899999,-0.021471318,-0.59781367
0.048,-0.021645932,-0.5981161
0.048099998,-0.021821598,-0.59841859
0.0482,-0.021998322,-0.59872115
0.048300002,-0.022176107,-0.59902388
0.0484,-0.022354959,-0.59932667
0.048500001,-0.022534881,-0.59962952
0.048599999,-0.022715876,-0.59993249
0.048700001,-0.022897949,-0.60023552
0.048799999,-0.023081105,-0.60053867
0.048900001,-0.023265347,-0.60084188
0.048999999,-0.023450678,-0.60114515
0.0491,-0.023637105,-0.60144854
0.049199998,-0.02382463,-0.60175192
0.0493,-0.024013257,-0.60205543
0.049400002,-0.024202991,-0.60235894
0.0495,-0.024393836,-0.60266256
0.049600001,-0.024585795,-0.60296619
0.049699999,-0.024778875,-0.60326993
0.049800001,-0.024973076,-0.60357368
0.049899999,-0.025168404,-0.60387748
0.050000001,-0.025364865,-0.60418129
0.050099999,-0.025562461,-0.60448515
0.0502,-0.025761198,-0.60478908
0.050299998,-0.025961077,-0.605093
0.0504,-0.026162105,-0.60539699
0.050500002,-0.026364285,-0.60570097
0.0506,-0.026567621,-0.60600495
0.050700001,-0.026772117,-0.606309
0.050799999,-0.026977779,-0.60661304
0.050900001,-0.027184609,-0.60691708
0.050999999,-0.027392611,-0.60722113
0.051100001,-0.027601792,-0.60752523
0.051199999,-0.027812153,-0.60782927
0.0513,-0.028023697,-0.60813332
0.051399998,-0.028236434,-0.60843736
0.0515,-0.028450364,-0.6087414
0.051600002,-0.02866549,-0.60904539
0.0517,-0.02888182,-0.60934943
0.051800001,-0.029099355,-0.60965335
0.051899999,-0.029318102,-0.60995734
0.052000001,-0.029538061,-0.61026126
0.052099999,-0.029759241,-0.61056513
0.052200001,-0.029981643,-0.61086899
0.052299999,-0.030205272,-0.6111728
0.0524,-0.030430133,-0.61147654
0.052499998,-0.030656228,-0.61178029
0.0526,-0.030883564,-0.61208391
0.052700002,-0.031112142,-0.61238754
0.0528,-0.03134197,-0.6126911
0.052900001,-0.03157305,-0.61299455
0.052999999,-0.031805385,-0.613298
0.053100001,-0.032038983,-0.61360133
0.053199999,-0.032273844,-0.6139046
0.053300001,-0.032509971,-0.6142078
0.053399999,-0.032747377,-0.61451095
0.0535,-0.032986056,-0.61481392
0.053599998,-0.033226021,-0.61511689
0.0537,-0.033467267,-0.61541975
0.053800002,-0.033709805,-0.61572248
0.0539,-0.033953637,-0.61602509
0.054000001,-0.034198768,-0.61632764
0.054099999,-0.0344452,-0.61663008
0.054200001,-0.034692943,-0.61693239
0.054299999,-0.034941994,-0.61723459
0.054400001,-0.035192359,-0.61753666
0.054499999,-0.035444044,-0.61783856
0.0546,-0.035697054,-0.6181404
0.054699998,-0.035951391,-0.61844206
0.0548,-0.036207058,-0.6187436
0.054900002,-0.036464065,-0.61904502
0.055,-0.03672241,-0.61934626
0.055100001,-0.0369821,-0.61964738
0.055199999,-0.037243139,-0.61994833
0.055300001,-0.03750553,-0.62024909
0.055399999,-0.037769277,-0.62054974
0.055500001,-0.038034387,-0.62085021
0.055599999,-0.038300864,-0.62115049
0.0557,-0.038568709,-0.6214506
0.055799998,-0.038837928,-0.62175053
0.0559,-0.039108526,-0.62205029
0.056000002,-0.039380506,-0.62234986
0.0561,-0.039653871,-0.62264919
0.056200001,-0.03992863,-0.62294835
0.056299999,-0.040204782,-0.62324733
0.056400001,-0.040482335,-0.62354606
0.056499999,-0.040761288,-0.62384462
0.056600001,-0.04104165,-0.624143
0.056699999,-0.041323423,-0.62444109
0.0568,-0.041606613,-0.62473899
0.056899998,-0.041891225,-0.62503666
0.057,-0.042177256,-0.62533408
0.057100002,-0.042464718,-0.62563127
0.0572,-0.042753614,-0.62592822
0.057300001,-0.043043941,-0.62622494
0.057399999,-0.04333571,-0.62652141
0.057500001,-0.043628924,-0.62681758
0.057599999,-0.043923587,-0.62711352
0.057700001,-0.044219702,-0.62740922
0.057799999,-0.044517275,-0.62770462
0.0579,-0.044816311,-0.62799978
0.057999998,-0.045116812,-0.62829465
0.0581,-0.04541878,-0.62858921
0.058200002,-0.04572222,-0.62888348
0.0583,-0.046027143,-0.62917751
0.058400001,-0.046333544,-0.62947118
0.058499999,-0.046641432,-0.62976462
0.058600001,-0.04695081,-0.63005769
0.058699999,-0.047261681,-0.63035047
0.058800001,-0.047574051,-0.63064295
0.058899999,-0.047887925,-0.63093507
0.059,-0.048203304,-0.6312269
0.059099998,-0.048520193,-0.63151842
0.0592,-0.048838597,-0.63180959
0.059300002,-0.049158517,-0.6321004
0.0594,-0.049479965,-0.63239086
0.059500001,-0.049802937,-0.63268101
0.059599999,-0.050127439,-0.63297075
0.059700001,-0.050453477,-0.63326019
0.059799999,-0.050781053,-0.63354921
0.059900001,-0.051110167,-0.63383788
0.059999999,-0.051440831,-0.63412619
0.0601,-0.051773045,-0.63441414
0.060199998,-0.052106816,-0.63470167
0.0603,-0.052442145,-0.63498884
0.060400002,-0.052779034,-0.6352756
0.0605,-0.053117491,-0.63556194
0.060600001,-0.053457517,-0.63584787
0.060699999,-0.053799123,-0.63613343
0.060800001,-0.0541423,-0.63641858
0.060899999,-0.054487064,-0.63670325
0.061000001,-0.054833416,-0.63698757
0.061099999,-0.055181354,-0.6372714
0.0612,-0.055530887,-0.63755482
0.061299998,-0.055882022,-0.63783783
0.0614,-0.056234755,-0.63812035
0.061500002,-0.056589097,-0.6384024
0.0616,-0.056945045,-0.63868403
0.061700001,-0.057302609,-0.63896519
0.061799999,-0.057661794,-0.63924587
0.061900001,-0.058022596,-0.63952613
0.061999999,-0.058385026,-0.63980585
0.062100001,-0.058749083,-0.6400851
0.062199999,-0.059114773,-0.64036387
0.0623,-0.059482101,-0.64064217
0.062399998,-0.059851073,-0.64091992
0.0625,-0.060221683,-0.6411972
0.062600002,-0.060593944,-0.64147401
0.062700003,-0.060967859,-0.64175022
0.062799998,-0.061343424,-0.64202595
0.062899999,-0.061720654,-0.64230114
0.063000001,-0.062099546,-0.6425758
0.063100003,-0.062480103,-0.64284998
0.063199997,-0.062862329,-0.64312357
0.063299999,-0.063246235,-0.64339656
0.0634,-0.063631818,-0.64366907
0.063500002,-0.064019084,-0.64394099
0.063600004,-0.064408034,-0.64421237
0.063699998,-0.064798668,-0.64448309
0.0638,-0.065191001,-0.64475334
0.063900001,-0.065585032,-0.64502293
0.064000003,-0.065980762,-0.64529198
0.064099997,-0.066378191,-0.64556044
0.064199999,-0.066777334,-0.64582825
0.064300001,-0.067178182,-0.64609545
0.064400002,-0.067580752,-0.64636213
0.064499997,-0.067985035,-0.64662808
0.064599998,-0.068391047,-0.6468935
0.0647,-0.068798773,-0.64715821
0.064800002,-0.069208235,-0.64742231
0.064900003,-0.069619432,-0.64768577
0.064999998,-0.070032366,-0.64794862
0.065099999,-0.070447035,-0.64821076
0.065200001,-0.070863441,-0.64847231
0.065300003,-0.071281604,-0.64873314
0.065399997,-0.071701512,-0.64899331
0.065499999,-0.07212317,-0.64925277
0.0656,-0.072546586,-0.64951158
0.065700002,-0.072971769,-0.64976972
0.065800004,-0.073398709,-0.65002716
0.065899998,-0.073827423,-0.65028387
0.066,-0.074257903,-0.65053988
0.066100001,-0.074690156,-0.65079516
0.066200003,-0.075124182,-0.65104973
0.066299997,-0.075559996,-0.65130359
0.066399999,-0.075997591,-0.65155673
0.066500001,-0.076436967,-0.6518091
0.066600002,-0.076878145,-0.65206069
0.066699997,-0.077321105,-0.65231162
0.066799998,-0.077765867,-0.65256172
0.0669,-0.078212433,-0.65281105
0.067000002,-0.078660801,-0.65305966
0.067100003,-0.079110973,-0.65330744
0.067199998,-0.079562955,-0.6535545
0.067299999,-0.080016747,-0.65380073
0.067400001,-0.080472358,-0.65404618
0.067500003,-0.080929786,-0.6542908
0.067599997,-0.08138904,-0.65453464
0.067699999,-0.081850119,-0.65477765
0.0678,-0.082313024,-0.65501982
0.067900002,-0.082777761,-0.65526116
0.068000004,-0.083244331,-0.65550166
0.068099998,-0.083712742,-0.65574139
0.0682,-0.084182993,-0.65598023
0.068300001,-0.084655084,-0.65621817
0.068400003,-0.085129023,-0.65645528
0.068499997,-0.085604809,-0.65669155
0.068599999,-0.086082444,-0.65692693
0.068700001,-0.086561941,-0.65716141
0.068800002,-0.087043293,-0.65739501
0.068899997,-0.087526508,-0.6576277
0.068999998,-0.088011585,-0.6578595
0.0691,-0.088498525,-0.65809035
0.069200002,-0.088987343,-0.65832037
0.069300003,-0.089478023,-0.65854943
0.069399998,-0.089970589,-0.65877753
0.069499999,-0.090465024,-0.65900475
0.069600001,-0.090961345,-0.65923095
0.069700003,-0.091459543,-0.65945625
0.069799997,-0.091959633,-0.6596806
0.069899999,-0.092461608,-0.65990394
0.07,-0.092965476,-0.66012639
0.070100002,-0.093471237,-0.66034776
0.070200004,-0.093978889,-0.66056824
0.070299998,-0.094488449,-0.66078764
0.0704,-0.094999902,-0.66100609
0.070500001,-0.095513262,-0.66122353
0.070600003,-0.096028529,-0.66143996
0.070699997,-0.096545704,-0.66165537
0.070799999,-0.097064786,-0.66186976
0.070900001,-0.09758579,-0.66208309
0.071000002,-0.098108701,-0.6622954
0.071099997,-0.098633535,-0.66250664
0.071199998,-0.099160291,-0.66271687
0.0713,-0.09968897,-0.66292602
0.071400002,-0.10021957,-0.66313404
0.071500003,-0.1007521,-0.66334105
0.071599998,-0.10128656,-0.66354692
0.071699999,-0.10182295,-0.66375172
0.071800001,-0.10236128,-0.66395545
0.071900003,-0.10290154,-0.66415805
0.071999997,-0.10344374,-0.66435951
0.072099999,-0.10398789,-0.6645599
0.0722,-0.10453397,-0.6647591
0.072300002,-0.10508201,-0.66495723
0.072400004,-0.10563198,-0.66515416
0.072499998,-0.10618391,-0.66534996
0.0726,-0.10673779,-0.66554463
0.072700001,-0.10729362,-0.66573811
0.072800003,-0.1078514,-0.66593039
0.072899997,-0.10841115,-0.66612148
0.072999999,-0.10897285,-0.66631144
0.073100001,-0.10953651,-0.66650015
0.073200002,-0.11010213,-0.66668767
0.073299997,-0.11066972,-0.66687399
0.073399998,-0.11123928,-0.66705906
0.0735,-0.1118108,-0.66724294
0.073600002,-0.11238429,-0.66742557
0.073700003,-0.11295975,-0.66760695
0.073799998,-0.11353718,-0.66778708
0.073899999,-0.11411659,-0.66796595
0.074000001,-0.11469799,-0.66814357
0.074100003,-0.11528134,-0.66831988
0.074199997,-0.11586669,-0.66849494
0.074299999,-0.11645401,-0.66866869
0.0744,-0.11704332,-0.66884118
0.074500002,-0.1176346,-0.66901231
0.074600004,-0.11822788,-0.66918218
0.074699998,-0.11882314,-0.66935068
0.0748,-0.11942039,-0.66951787
0.074900001,-0.12001962,-0.66968375
0.075000003,-0.12062085,-0.66984826
0.075099997,-0.12122407,-0.6700114
0.075199999,-0.12182929,-0.67017323
0.075300001,-0.12243649,-0.67033362
0.075400002,-0.12304569,-0.67049271
0.075499997,-0.12365689,-0.67065036
0.075599998,-0.12427009,-0.67080665
0.0757,-0.12488528,-0.6709615
0.075800002,-0.12550248,-0.67111492
0.075900003,-0.12612167,-0.67126697
0.075999998,-0.12674287,-0.67141759
0.076099999,-0.12736607,-0.67156678
0.076200001,-0.12799126,-0.67171454
0.076300003,-0.12861846,-0.67186081
0.076399997,-0.12924768,-0.67200565
0.076499999,-0.12987889,-0.672149
0.0766,-0.13051212,-0.67229086
0.076700002,-0.13114735,-0.67243129
0.076800004,-0.13178459,-0.67257017
0.076899998,-0.13242385,-0.67270762
0.077,-0.1330651,-0.67284352
0.077100001,-0.13370837,-0.67297786
0.077200003,-0.13435365,-0.67311072
0.077299997,-0.13500093,-0.67324203
0.077399999,-0.13565023,-0.67337185
0.077500001,-0.13630155,-0.67350006
0.077600002,-0.13695487,-0.67362672
0.077699997,-0.13761021,-0.67375183
0.077799998,-0.13826756,-0.67387533
0.0779,-0.13892694,-0.67399728
0.078000002,-0.13958831,-0.67411762
0.078100003,-0.14025171,-0.67423636
0.078199998,-0.14091712,-0.67435348
0.078299999,-0.14158453,-0.67446899
0.078400001,-0.14225398,-0.6745829
0.078500003,-0.14292543,-0.67469513
0.078599997,-0.14359888,-0.67480576
0.078699999,-0.14427437,-0.67491472
0.0788,-0.14495187,-0.67502201
0.078900002,-0.14563137,-0.67512763
0.079000004,-0.14631291,-0.67523158
0.079099998,-0.14699644,-0.6753338
0.0792,-0.147682,-0.67543435
0.079300001,-0.14836957,-0.67553324
0.079400003,-0.14905913,-0.67563033
0.079499997,-0.14975072,-0.67572576
0.079599999,-0.15044434,-0.6758194
0.079700001,-0.15113996,-0.67591137
0.079800002,-0.15183759,-0.67600155
0.079899997,-0.15253723,-0.67609
0.079999998,-0.15323888,-0.67617661
0.0801,-0.15394254,-0.67626154
0.080200002,-0.15464821,-0.67634463
0.080300003,-0.1553559,-0.67642593
0.080399998,-0.1560656,-0.67650539
0.080499999,-0.15677729,-0.67658311
0.080600001,-0.157491,-0.67665899
0.080700003,-0.15820672,-0.67673302
0.080799997,-0.15892443,-0.6768052
0.080899999,-0.15964416,-0.67687553
0.081,-0.16036589,-0.67694402
0.081100002,-0.16108961,-0.67701066
0.081200004,-0.16181535,-0.67707539
0.081299998,-0.16254309,-0.67713827
0.0814,-0.16327281,-0.67719924
0.081500001,-0.16400455,-0.67725831
0.081600003,-0.16473828,-0.67731547
0.081699997,-0.165474,-0.67737073
0.081799999,-0.16621172,-0.67742401
0.081900001,-0.16695143,-0.67747539
0.082000002,-0.16769314,-0.67752481
0.082099997,-0.16843683,-0.67757231
0.082199998,-0.16918251,-0.67761779
0.0823,-0.16993017,-0.6776613
0.082400002,-0.17067984,-0.67770284
0.082500003,-0.17143148,-0.67774236
0.082599998,-0.17218511,-0.67777991
0.082699999,-0.17294072,-0.67781544
0.082800001,-0.17369829,-0.67784894
0.082900003,-0.17445786,-0.67788041
0.082999997,-0.1752194,-0.67790985
0.083099999,-0.17598291,-0.67793721
0.0832,-0.17674839,-0.67796254
0.083300002,-0.17751585,-0.67798579
0.083400004,-0.17828527,-0.67800701
0.083499998,-0.17905666,-0.67802608
0.0836,-0.17983001,-0.67804307
0.083700001,-0.18060532,-0.67805797
0.083800003,-0.1813826,-0.67807072
0.083899997,-0.18216182,-0.67808133
0.083999999,-0.18294302,-0.67808986
0.084100001,-0.18372615,-0.67809623
0.084200002,-0.18451123,-0.67810047
0.084299996,-0.18529826,-0.67810249
0.084399998,-0.18608725,-0.67810237
0.0845,-0.18687817,-0.67810011
0.084600002,-0.18767104,-0.67809558
0.084700003,-0.18846583,-0.6780889
0.084799998,-0.18926257,-0.67808002
0.084899999,-0.19006124,-0.67806888
0.085000001,-0.19086184,-0.67805552
0.085100003,-0.19166435,-0.67803997
0.085199997,-0.19246881,-0.67802215
0.085299999,-0.19327517,-0.67800206
0.0854,-0.19408345,-0.67797965
0.085500002,-0.19489366,-0.67795503
0.085600004,-0.19570576,-0.67792809
0.085699998,-0.19651978,-0.67789888
0.0858,-0.19733571,-0.67786735
0.085900001,-0.19815353,-0.6778335
0.086000003,-0.19897325,-0.67779738
0.086099997,-0.19979486,-0.67775887
0.086199999,-0.20061837,-0.67771804
0.086300001,-0.20144376,-0.67767483
0.086400002,-0.20227104,-0.67762929
0.086499996,-0.20310022,-0.67758131
0.086599998,-0.20393126,-0.677531
0.0867,-0.20476417,-0.67747831
0.086800002,-0.20559895,-0.67742324
0.086900003,-0.20643561,-0.67736572
0.086999997,-0.20727411,-0.67730576
0.087099999,-0.20811449,-0.67724341
0.087200001,-0.2089567,-0.67717856
0.087300003,-0.20980078,-0.67711133
0.087399997,-0.2106467,-0.67704159
0.087499999,-0.21149448,-0.67696941
0.0876,-0.21234408,-0.67689472
0.087700002,-0.2131955,-0.6768176
0.087800004,-0.21404877,-0.67673796
0.087899998,-0.21490386,-0.67665577
0.088,-0.21576078,-0.67657107
0.088100001,-0.21661951,-0.67648387
0.088200003,-0.21748005,-0.67639416
0.088299997,-0.21834239,-0.67630184
0.088399999,-0.21920654,-0.67620701
0.088500001,-0.22007249,-0.67610955
0.088600002,-0.22094025,-0.6760096
0.088699996,-0.22180977,-0.67590702
0.088799998,-0.22268109,-0.67580181
0.0889,-0.22355418,-0.67569405
0.089000002,-0.22442906,-0.67558366
0.089100003,-0.22530569,-0.67547065
0.089199997,-0.22618409,-0.67535496
0.089299999,-0.22706425,-0.67523664
0.089400001,-0.22794616,-0.6751157
0.089500003,-0.22882983,-0.67499208
0.089599997,-0.22971524,-0.67486578
0.089699998,-0.23060238,-0.6747368
0.0898,-0.23149125,-0.67460513
0.089900002,-0.23238187,-0.67447078
0.090000004,-0.23327419,-0.67433369
0.090099998,-0.23416823,-0.67419386
0.0902,-0.23506398,-0.67405134
0.090300001,-0.23596144,-0.67390603
0.090400003,-0.23686059,-0.67375803
0.090499997,-0.23776144,-0.67360723
0.090599999,-0.23866397,-0.67345363
0.090700001,-0.23956819,-0.67329729
0.090800002,-0.24047409,-0.67313814
0.090899996,-0.24138165,-0.6729762
0.090999998,-0.24229087,-0.67281145
0.0911,-0.24320175,-0.6726439
0.091200002,-0.24411428,-0.67247349
0.091300003,-0.24502847,-0.67230022
0.091399997,-0.24594428,-0.67212415
0.091499999,-0.24686173,-0.67194521
0.091600001,-0.2477808,-0.67176336
0.091700003,-0.24870148,-0.67157865
0.091799997,-0.24962379,-0.67139107
0.091899998,-0.25054771,-0.67120057
0.092,-0.25147322,-0.67100722
0.092100002,-0.25240031,-0.67081088
0.092200004,-0.25332898,-0.67061162
0.092299998,-0.25425926,-0.67040944
0.092399999,-0.25519109,-0.67020434
0.092500001,-0.2561245,-0.66999626
0.092600003,-0.25705945,-0.6697852
0.092699997,-0.25799596,-0.66957116
0.092799999,-0.25893399,-0.6693542
0.092900001,-0.2598736,-0.6691342
0.093000002,-0.2608147,-0.66891116
0.093099996,-0.26175734,-0.66868514
0.093199998,-0.26270148,-0.66845614
0.0933,-0.26364714,-0.66822404
0.093400002,-0.26459429,-0.6679889
0.093500003,-0.26554295,-0.66775072
0.093599997,-0.26649308,-0.6675095
0.093699999,-0.26744467,-0.66726518
0.093800001,-0.26839775,-0.66701776
0.093900003,-0.26935229,-0.6667673
0.093999997,-0.27030826,-0.66651374
0.094099998,-0.27126569,-0.66625702
0.0942,-0.27222455,-0.66599721
0.094300002,-0.27318484,-0.66573423
0.094400004,-0.27414656,-0.66546816
0.094499998,-0.27510968,-0.66519892
0.094599999,-0.2760742,-0.66492659
0.094700001,-0.27704012,-0.66465098
0.094800003,-0.27800742,-0.66437227
0.094899997,-0.27897611,-0.66409034
0.094999999,-0.27994615,-0.66380525
0.095100001,-0.28091758,-0.66351694
0.095200002,-0.28189033,-0.66322541
0.095299996,-0.28286445,-0.66293061
0.095399998,-0.28383988,-0.66263264
0.0955,-0.28481665,-0.6623314
0.095600002,-0.28579473,-0.66202694
0.095700003,-0.28677413,-0.66171914
0.095799997,-0.28775483,-0.66140813
0.095899999,-0.28873682,-0.66109383
0.096000001,-0.28972006,-0.66077626
0.096100003,-0.29070461,-0.66045535
0.096199997,-0.29169038,-0.66013116
0.096299998,-0.29267743,-0.65980369
0.0964,-0.29366571,-0.65947282
0.096500002,-0.29465523,-0.65913862
0.096600004,-0.29564598,-0.65880114
0.096699998,-0.29663792,-0.65846026
0.096799999,-0.29763108,-0.65811598
0.096900001,-0.29862544,-0.65776837
0.097000003,-0.29962099,-0.65741742
0.097099997,-0.30061769,-0.65706301
0.097199999,-0.3016156,-0.65670526
0.0973,-0.30261463,-0.65634406
0.097400002,-0.3036148,-0.65597945
0.097499996,-0.30461612,-0.6556114
0.097599998,-0.30561855,-0.65523994
0.0977,-0.30662212,-0.65486503
0.097800002,-0.30762675,-0.65448666
0.097900003,-0.30863252,-0.65410483
0.097999997,-0.30963933,-0.65371948
0.098099999,-0.31064725,-0.65333074
0.098200001,-0.31165621,-0.65293849
0.098300003,-0.31266624,-0.65254271
0.098399997,-0.31367728,-0.65214342
0.098499998,-0.31468937,-0.65174061
0.0986,-0.31570247,-0.65133429
0.098700002,-0.31671658,-0.65092444
0.098800004,-0.31773168,-0.65051103
0.098899998,-0.31874776,-0.65009409
0.098999999,-0.31976482,-0.64967358
0.099100001,-0.32078287,-0.64924949
0.099200003,-0.32180184,-0.64882189
0.099299997,-0.32282177,-0.64839065
0.099399999,-0.32384261,-0.64795578
0.0995,-0.32486436,-0.64751738
0.099600002,-0.32588705,-0.6470753
0.099699996,-0.32691061,-0.64662963
0.099799998,-0.32793507,-0.64618039
0.0999,-0.32896039,-0.64572746
0.1,-0.32998657,-0.64527088
0.1001,-0.33101359,-0.64481062
0.1002,-0.33204144,-0.64434677
0.1003,-0.33307013,-0.64387918
0.1004,-0.33409965,-0.64340794
0.1005,-0.33512995,-0.64293307
0.1006,-0.33616102,-0.64245445
0.1007,-0.33719286,-0.64197212
0.1008,-0.33822548,-0.64148611
0.1009,-0.33925888,-0.64099634
0.101,-0.34029299,-0.64050287
0.1011,-0.34132782,-0.64000565
0.1012,-0.34236336,-0.63950473
0.1013,-0.34339961,-0.639
0.1014,-0.34443653,-0.63849151
0.1015,-0.34547415,-0.63797933
0.1016,-0.34651241,-0.63746327
0.1017,-0.34755135,-0.63694352
0.1018,-0.34859088,-0.63641995
0.1019,-0.34963107,-0.63589257
0.102,-0.35067186,-0.63536137
0.1021,-0.35171324,-0.63482636
0.1022,-0.35275519,-0.63428754
0.1023,-0.35379773,-0.6337449
0.1024,-0.35484082,-0.63319844
0.1025,-0.35588446,-0.63264811
0.1026,-0.35692862,-0.63209391
0.1027,-0.35797331,-0.63153589
0.1028,-0.3590185,-0.63097394
0.1029,-0.36006418,-0.63040817
0.103,-0.36111033,-0.62983853
0.1031,-0.36215696,-0.62926495
0.1032,-0.363204,-0.6286875
0.1033,-0.36425149,-0.62810618
0.1034,-0.3652994,-0.62752092
0.1035,-0.36634773,-0.62693173
0.1036,-0.36739644,-0.6263386
0.1037,-0.36844555,-0.6257416
0.1038,-0.36949497,-0.62514061
0.1039,-0.37054479,-0.62453568
0.104,-0.37159494,-0.62392682
0.1041,-0.37264538,-0.62331396
0.1042,-0.37369615,-0.62269717
0.1043,-0.37474719,-0.62207639
0.1044,-0.37579852,-0.62145168
0.1045,-0.3768501,-0.62082291
0.1046,-0.37790194,-0.6201902
0.1047,-0.37895402,-0.61955345
0.1048,-0.38000628,-0.6189127
0.1049,-0.38105878,-0.61826795
0.105,-0.38211146,-0.61761916
0.1051,-0.38316432,-0.61696637
0.1052,-0.38421732,-0.61630952
0.1053,-0.38527048,-0.61564863
0.1054,-0.38632375,-0.61498374
0.1055,-0.38737714,-0.61431473
0.1056,-0.38843063,-0.61364174
0.1057,-0.3894842,-0.61296463
0.1058,-0.39053783,-0.61228347
0.1059,-0.39159149,-0.61159825
0.106,-0.39264521,-0.61090893
0.1061,-0.39369893,-0.61021549
0.1062,-0.39475268,-0.60951799
0.1063,-0.3958064,-0.60881639
0.1064,-0.39686009,-0.60811067
0.1065,-0.39791375,-0.60740083
0.1066,-0.39896733,-0.60668689
0.1067,-0.40002084,-0.60596883
0.1068,-0.40107426,-0.60524666
0.1069,-0.40212756,-0.60452032
0.107,-0.40318075,-0.60378987
0.1071,-0.40423378,-0.60305524
0.1072,-0.40528667,-0.6023165
0.1073,-0.40633938,-0.60157359
0.1074,-0.40739188,-0.6008265
0.1075,-0.4084442,-0.60007524
0.1076,-0.40949628,-0.59931988
0.1077,-0.41054812,-0.59856027
0.1078,-0.41159973,-0.5977965
0.1079,-0.41265103,-0.59702855
0.108,-0.41370207,-0.59625638
0.1081,-0.41475278,-0.59548002
0.1082,-0.41580319,-0.5946995
0.1083,-0.41685322,-0.59391475
0.1084,-0.41790292,-0.59312582
0.1085,-0.41895226,-0.5923326
0.1086,-0.42000118,-0.59153521
0.1087,-0.42104968,-0.59073359
0.1088,-0.42209777,-0.58992779
0.1089,-0.42314541,-0.58911771
0.109,-0.42419261,-0.58830339
0.1091,-0.42523932,-0.58748484
0.1092,-0.42628551,-0.58666205
0.1093,-0.42733121,-0.58583498
0.1094,-0.42837638,-0.58500367
0.1095,-0.42942098,-0.58416814
0.1096,-0.43046501,-0.58332831
0.1097,-0.43150848,-0.58248425
0.1098,-0.43255132,-0.58163589
0.1099,-0.43359357,-0.58078325
0.11,-0.43463516,-0.57992631
0.1101,-0.4356761,-0.57906514
0.1102,-0.43671635,-0.57819968
0.1103,-0.43775591,-0.57732993
0.1104,-0.43879479,-0.57645589
0.1105,-0.43983293,-0.57557756
0.1106,-0.44087031,-0.57469493
0.1107,-0.44190693,-0.57380801
0.1108,-0.44294277,-0.57291681
0.1109,-0.4439778,-0.57202125
0.111,-0.445012,-0.57112139
0.1111,-0.4460454,-0.57021725
0.1112,-0.4470779,-0.56930876
0.1113,-0.44810954,-0.56839597
0.1114,-0.44914028,-0.5674789
0.1115,-0.45017013,-0.56655747
0.1116,-0.45119902,-0.56563169
0.1117,-0.45222697,-0.56470162
0.1118,-0.45325392,-0.56376719
0.1119,-0.45427993,-0.56282848
0.112,-0.45530489,-0.56188536
0.1121,-0.45632884,-0.56093794
0.1122,-0.45735174,-0.55998623
0.1123,-0.45837361,-0.55903012
0.1124,-0.45939434,-0.55806971
0.1125,-0.46041399,-0.55710489
0.1126,-0.46143252,-0.55613577
0.1127,-0.46244991,-0.55516231
0.1128,-0.46346611,-0.5541845
0.1129,-0.46448117,-0.55320233
0.113,-0.46549502,-0.55221575
0.1131,-0.46650764,-0.55122489
0.1132,-0.46751902,-0.55022967
0.1133,-0.46852913,-0.5492301
0.1134,-0.469538,-0.54822612
0.1135,-0.47054553,-0.54721785
0.1136,-0.47155178,-0.54620516
0.1137,-0.47255668,-0.54518813
0.1138,-0.47356021,-0.54416674
0.1139,-0.47456238,-0.54314101
0.114,-0.47556314,-0.54211092
0.1141,-0.47656247,-0.54107642
0.1142,-0.47756037,-0.54003763
0.1143,-0.47855684,-0.53899443
0.1144,-0.47955179,-0.53794682
0.1145,-0.48054528,-0.53689492
0.1146,-0.48153722,-0.5358386
0.1147,-0.48252764,-0.534778
0.1148,-0.48351651,-0.53371292
0.1149,-0.48450381,-0.53264356
0.115,-0.48548949,-0.53156984
0.1151,-0.48647356,-0.53049171
0.1152,-0.48745596,-0.52940923
0.1153,-0.48843673,-0.5283224
0.1154,-0.48941582,-0.52723122
0.1155,-0.49039319,-0.52613562
0.1156,-0.49136886,-0.52503574
0.1157,-0.4923428,-0.52393144
0.1158,-0.49331495,-0.5228228
0.1159,-0.49428535,-0.5217098
0.116,-0.49525392,-0.52059245
0.1161,-0.49622068,-0.51947069
0.1162,-0.49718559,-0.51834464
0.1163,-0.49814862,-0.51721424
0.1164,-0.49910977,-0.51607943
0.1165,-0.50006902,-0.51494032
0.1166,-0.50102633,-0.51379687
0.1167,-0.50198174,-0.512649
0.1168,-0.50293511,-0.51149684
0.1169,-0.50388652,-0.51034033
0.117,-0.5048359,-0.50917947
0.1171,-0.50578332,-0.50801432
0.1172,-0.50672859,-0.50684476
0.1173,-0.50767183,-0.50567091
0.1174,-0.50861299,-0.5044927
0.1175,-0.509552,-0.5033102
0.1176,-0.51048887,-0.5021233
0.1177,-0.51142359,-0.50093216
0.1178,-0.5123561,-0.49973664
0.1179,-0.51328647,-0.49853683
0.118,-0.51421458,-0.49733269
0.1181,-0.51514041,-0.49612424
0.1182,-0.51606399,-0.49491149
0.1183,-0.5169853,-0.49369442
0.1184,-0.51790434,-0.49247304
0.1185,-0.518821,-0.49124739
0.1186,-0.51973534,-0.49001741
0.1187,-0.52064723,-0.48878315
0.1188,-0.52155679,-0.4875446
0.1189,-0.52246392,-0.48630175
0.119,-0.5233686,-0.48505464
0.1191,-0.52427083,-0.48380324
0.1192,-0.52517056,-0.48254758
0.1193,-0.52606785,-0.48128766
0.1194,-0.52696258,-0.48002344
0.1195,-0.52785474,-0.478755
0.1196,-0.52874434,-0.47748229
0.1197,-0.52963132,-0.47620532
0.1198,-0.53051573,-0.47492412
0.1199,-0.53139752,-0.47363865
0.12,-0.53227657,-0.47234896
0.1201,-0.533153,-0.47105503
0.1202,-0.53402674,-0.4697569
0.1203,-0.53489774,-0.46845454
0.1204,-0.53576601,-0.46714795
0.1205,-0.53663152,-0.46583715
0.1206,-0.53749424,-0.46452215
0.1207,-0.5383541,-0.46320295
0.1208,-0.53921115,-0.46187958
0.1209,-0.54006541,-0.46055201
0.121,-0.54091674,-0.45922023
0.1211,-0.54176521,-0.45788431
0.1212,-0.5426107,-0.45654422
0.1213,-0.54345328,-0.45519996
0.1214,-0.54429293,-0.45385152
0.1215,-0.54512954,-0.45249897
0.1216,-0.54596317,-0.45114225
0.1217,-0.54679376,-0.44978139
0.1218,-0.54762131,-0.44841644
0.1219,-0.54844582,-0.44704732
0.122,-0.54926717,-0.44567412
0.1221,-0.55008543,-0.44429681
0.1222,-0.55090058,-0.44291538
0.1223,-0.55171251,-0.44152987
0.1224,-0.55252129,-0.44014028
0.1225,-0.55332685,-0.4387466
0.1226,-0.55412918,-0.43734884
0.1227,-0.5549283,-0.43594703
0.1228,-0.55572408,-0.4345412
0.1229,-0.55651665,-0.43313128
0.123,-0.55730581,-0.43171734
0.1231,-0.5580917,-0.43029937
0.1232,-0.55887419,-0.42887735
0.1233,-0.55965328,-0.42745137
0.1234,-0.56042904,-0.42602134
0.1235,-0.56120133,-0.42458734
0.1236,-0.56197011,-0.42314935
0.1237,-0.5627355,-0.42170739
0.1238,-0.56349736,-0.42026144
0.1239,-0.56425571,-0.41881156
0.124,-0.56501055,-0.41735771
0.1241,-0.5657618,-0.4158999
0.1242,-0.56650949,-0.41443819
0.1243,-0.56725353,-0.41297257
0.1244,-0.567994,-0.41150302
0.1245,-0.56873077,-0.41002956
0.1246,-0.56946391,-0.40855223
0.1247,-0.57019329,-0.40707099
0.1248,-0.57091904,-0.40558591
0.1249,-0.57164097,-0.40409696
0.125,-0.5723592,-0.40260416
0.1251,-0.57307363,-0.40110752
0.1252,-0.57378423,-0.39960706
0.12530001,-0.57449102,-0.39810279
0.12540001,-0.575194,-0.3965947
0.12549999,-0.57589304,-0.3950828
0.1256,-0.57658821,-0.39356714
0.1257,-0.57727951,-0.3920477
0.1258,-0.57796681,-0.39052451
0.1259,-0.57865018,-0.38899755
0.126,-0.57932961,-0.38746688
0.1261,-0.58000499,-0.38593245
0.12620001,-0.58067632,-0.38439432
0.12630001,-0.58134365,-0.38285249
0.12639999,-0.58200687,-0.38130698
0.1265,-0.58266604,-0.37975776
0.1266,-0.58332109,-0.37820491
0.1267,-0.58397198,-0.3766484
0.1268,-0.58461875,-0.37508821
0.1269,-0.58526134,-0.37352446
0.127,-0.58589971,-0.37195703
0.12710001,-0.58653384,-0.37038603
0.12720001,-0.58716375,-0.36881146
0.12729999,-0.58778942,-0.36723331
0.1274,-0.58841079,-0.36565158
0.1275,-0.58902782,-0.3640663
0.1276,-0.58964056,-0.36247748
0.1277,-0.59024888,-0.36088517
0.1278,-0.59085286,-0.35928932
0.1279,-0.59145248,-0.35769001
0.12800001,-0.59204763,-0.35608721
0.12809999,-0.59263837,-0.35448092
0.12819999,-0.59322464,-0.35287121
0.1283,-0.59380645,-0.35125807
0.1284,-0.59438372,-0.3496415
0.1285,-0.59495652,-0.34802151
0.1286,-0.59552473,-0.34639814
0.1287,-0.59608835,-0.34477139
0.1288,-0.59664744,-0.34314129
0.12890001,-0.59720188,-0.34150782
0.12899999,-0.59775168,-0.33987105
0.12909999,-0.59829688,-0.33823094
0.1292,-0.59883738,-0.33658755
0.1293,-0.59937316,-0.33494085
0.1294,-0.59990424,-0.3332909
0.1295,-0.60043055,-0.33163768
0.1296,-0.60095215,-0.32998127
0.12970001,-0.60146898,-0.32832161
0.12980001,-0.60198098,-0.32665873
0.12989999,-0.60248816,-0.32499269
0.13,-0.60299051,-0.32332346
0.1301,-0.60348797,-0.32165107
0.1302,-0.60398054,-0.31997555
0.1303,-0.60446823,-0.31829694
0.1304,-0.60495096,-0.31661519
0.1305,-0.60542881,-0.31493038
0.13060001,-0.60590166,-0.3132425
0.13070001,-0.6063695,-0.31155157
0.13079999,-0.60683233,-0.30985758
0.1309,-0.60729015,-0.3081606
0.131,-0.60774291,-0.30646062
0.1311,-0.6081906,-0.30475765
0.1312,-0.60863322,-0.30305174
0.1313,-0.60907072,-0.30134287
0.1314,-0.60950303,-0.29963109
0.13150001,-0.60993028,-0.29791638
0.13160001,-0.61035228,-0.29619882
0.13169999,-0.61076915,-0.29447836
0.1318,-0.61118078,-0.29275504
0.1319,-0.61158717,-0.29102889
0.132,-0.61198837,-0.28929996
0.1321,-0.6123842,-0.28756821
0.1322,-0.61277479,-0.28583369
0.1323,-0.61316007,-0.28409642
0.13240001,-0.61354005,-0.28235641
0.13249999,-0.61391461,-0.28061369
0.13259999,-0.61428386,-0.27886829
0.1327,-0.61464769,-0.27712017
0.1328,-0.61500615,-0.27536944
0.1329,-0.61535913,-0.27361605
0.133,-0.61570668,-0.27186006
0.1331,-0.61604875,-0.27010149
0.1332,-0.61638534,-0.26834032
0.13330001,-0.61671644,-0.26657659
0.13339999,-0.61704201,-0.26481035
0.13349999,-0.61736202,-0.26304162
0.1336,-0.61767644,-0.26127037
0.1337,-0.61798531,-0.25949666
0.1338,-0.61828858,-0.2577205
0.1339,-0.61858624,-0.2559419
0.134,-0.61887825,-0.25416094
0.13410001,-0.61916459,-0.25237757
0.13420001,-0.61944526,-0.25059181
0.13429999,-0.61972028,-0.24880375
0.1344,-0.61998957,-0.24701336
0.1345,-0.62025309,-0.24522068
0.1346,-0.62051088,-0.24342571
0.1347,-0.62076288,-0.24162851
0.1348,-0.62100917,-0.23982908
0.1349,-0.62124962,-0.23802744
0.13500001,-0.62148422,-0.23622362
0.13510001,-0.62171298,-0.23441763
0.13519999,-0.6219359,-0.23260953
0.1353,-0.62215292,-0.2307993
0.1354,-0.6223641,-0.22898699
0.1355,-0.62256932,-0.22717261
0.1356,-0.62276864,-0.22535619
0.1357,-0.62296206,-0.22353776
0.1358,-0.62314945,-0.22171731
0.13590001,-0.62333089,-0.21989492
0.13600001,-0.62350631,-0.21807057
0.13609999,-0.6236757,-0.2162443
0.1362,-0.62383914,-0.21441613
0.1363,-0.62399644,-0.21258609
0.1364,-0.62414771,-0.2107542
0.1365,-0.62429291,-0.20892049
0.1366,-0.62443203,-0.20708498
0.1367,-0.62456501,-0.2052477
0.13680001,-0.62469184,-0.20340866
0.13689999,-0.62481254,-0.20156789
0.13699999,-0.6249271,-0.19972543
0.1371,-0.62503546,-0.19788128
0.1372,-0.62513769,-0.1960355
0.1373,-0.62523365,-0.19418809
0.1374,-0.62532336,-0.19233908
0.1375,-0.62540686,-0.1904885
0.1376,-0.62548411,-0.18863638
0.13770001,-0.62555504,-0.18678273
0.13779999,-0.62561971,-0.1849276
0.13789999,-0.62567812,-0.18307099
0.138,-0.62573016,-0.18121295
0.1381,-0.62577587,-0.17935349
0.1382,-0.62581521,-0.17749263
0.1383,-0.62584823,-0.17563044
0.1384,-0.62587488,-0.1737669
0.13850001,-0.62589508,-0.17190206
0.13860001,-0.62590891,-0.17003593
0.13869999,-0.6259163,-0.16816856
0.1388,-0.62591726,-0.16629997
0.1389,-0.62591177,-0.16443017
0.139,-0.62589979,-0.16255921
0.1391,-0.62588137,-0.1606871
0.1392,-0.6258564,-0.15881389
0.1393,-0.62582499,-0.15693958
0.13940001,-0.62578702,-0.15506423
0.13950001,-0.62574255,-0.15318783
0.13959999,-0.62569147,-0.15131041
0.1397,-0.6256339,-0.14943205
0.1398,-0.6255697,-0.14755273
0.1399,-0.62549895,-0.14567249
0.14,-0.62542158,-0.14379136
0.1401,-0.6253376,-0.14190938
0.1402,-0.62524694,-0.14002657
0.14030001,-0.62514973,-0.13814296
0.14040001,-0.62504584,-0.13625857
0.14049999,-0.62493527,-0.13437344
0.1406,-0.62481803,-0.1324876
0.1407,-0.62469411,-0.13060108
0.1408,-0.62456346,-0.12871389
0.1409,-0.62442613,-0.12682609
0.141,-0.62428206,-0.1249377
0.1411,-0.62413126,-0.12304874
0.14120001,-0.62397367,-0.12115924
0.14129999,-0.6238094,-0.11926924
0.14139999,-0.62363833,-0.11737876
0.1415,-0.62346047,-0.11548785
0.1416,-0.62327582,-0.11359652
0.1417,-0.62308437,-0.11170481
0.1418,-0.62288606,-0.10981275
0.1419,-0.62268096,-0.10792036
0.142,-0.62246907,-0.10602769
0.14210001,-0.62225026,-0.10413475
0.14219999,-0.62202466,-0.10224157
0.14229999,-0.62179214,-0.1003482
0.1424,-0.62155282,-0.098454654
0.1425,-0.62130654,-0.096560977
0.1426,-0.6210534,-0.094667196
0.1427,-0.62079334,-0.092773348
0.1428,-0.62052637,-0.090879448
0.1429,-0.62025249,-0.088985547
0.14300001,-0.61997169,-0.087091662
0.14309999,-0.61968392,-0.085197836
0.1432,-0.61938924,-0.083304092
0.1433,-0.61908758,-0.081410468
0.1434,-0.61877894,-0.079516999
0.1435,-0.61846334,-0.07762371
0.1436,-0.61814076,-0.075730629
0.1437,-0.6178112,-0.073837809
0.14380001,-0.61747462,-0.071945257
0.14390001,-0.61713105,-0.070053026
0.14399999,-0.61678046,-0.068161145
0.1441,-0.61642283,-0.066269636
0.1442,-0.61605817,-0.064378537
0.1443,-0.61568654,-0.062487889
0.1444,-0.61530781,-0.060597718
0.1445,-0.61492205,-0.058708061
0.1446,-0.61452919,-0.056818943
0.14470001,-0.6141293,-0.0549304
0.14480001,-0.61372238,-0.053042464
0.14489999,-0.61330837,-0.051155169
0.145,-0.61288726,-0.049268551
0.1451,-0.61245906,-0.047382645
0.1452,-0.61202377,-0.045497485
0.1453,-0.61158139,-0.043613102
0.1454,-0.61113191,-0.041729532
0.1455,-0.61067528,-0.039846808
0.14560001,-0.61021161,-0.037964966
0.14569999,-0.60974079,-0.036084041
0.14579999,-0.60926282,-0.034204062
0.1459,-0.60877776,-0.032325067
0.146,-0.60828555,-0.030447092
0.1461,-0.60778618,-0.02857017
0.1462,-0.60727972,-0.026694333
0.1463,-0.6067661,-0.02481962
0.1464,-0.60624534,-0.022946063
0.14650001,-0.60571742,-0.021073699
0.14659999,-0.60518235,-0.019202562
0.14669999,-0.60464007,-0.017332686
0.1468,-0.60409069,-0.015464108
0.1469,-0.60353416,-0.013596861
0.147,-0.60297042,-0.011730982
0.1471,-0.60239953,-0.0098665059
0.1472,-0.60182148,-0.0080034686
0.1473,-0.60123622,-0.0061419038
0.14740001,-0.60064381,-0.0042818319
0.14749999,-0.60004425,-0.0024233025
0.1476,-0.59943748,-0.00056635105
0.1477,-0.59882355,0.0012889869
0.1478,-0.59820241,0.0031426756
0.1479,-0.59757411,0.0049946792
0.148,-0.59693867,0.006844962
0.1481,-0.59629595,0.0086934883
0.14820001,-0.59564614,0.010540222
0.14830001,-0.59498906,0.012385127
0.14839999,-0.59432489,0.014228168
0.1485,-0.59365344,0.016069308
0.1486,-0.5929749,0.01790851
0.1487,-0.59228909,0.019745739
0.1488,-0.59159619,0.021580959
0.1489,-0.59089601,0.023414133
0.149,-0.59018874,0.025245225
0.14910001,-0.5894742,0.027074197
0.14920001,-0.58875257,0.028901016
0.14929999,-0.58802372,0.030725641
0.1494,-0.58728766,0.032548036
0.1495,-0.58654451,0.034368169
0.1496,-0.58579415,0.036185998
0.1497,-0.58503658,0.038001489
0.1498,-0.58427191,0.039814603
0.1499,-0.58350003,0.041625306
0.15000001,-0.58272099,0.043433566
0.15009999,-0.58193481,0.045239348
0.15019999,-0.58114153,0.047042612
0.1503,-0.58034104,0.048843317
0.1504,-0.5795334,0.050641425
0.1505,-0.5787186,0.052436903
0.1506,-0.57789671,0.05422971
0.1507,-0.57706767,0.056019813
0.1508,-0.57623148,0.05780717
0.15090001,-0.57538819,0.059591748
0.15099999,-0.57453775,0.061373506
0.15109999,-0.57368022,0.06315241
0.1512,-0.5728156,0.06492842
0.1513,-0.57194382,0.066701509
0.1514,-0.57106501,0.068471618
0.1515,-0.57017905,0.070238732
0.1516,-0.56928599,0.072002798
0.1517,-0.5683859,0.073763788
0.15180001,-0.56747872,0.075521663
0.15189999,-0.5665645,0.077276379
0.152,-0.56564319,0.079027906
0.1521,-0.56471485,0.0807762
0.1522,-0.56377941,0.08252123
0.1523,-0.562837,0.08426296
0.1524,-0.5618875,0.086001337
0.1525,-0.56093103,0.087736338
0.15260001,-0.55996752,0.08946792
0.15270001,-0.55899704,0.091196068
0.15279999,-0.55801952,0.092920721
0.1529,-0.55703503,0.094641842
0.153,-0.55604357,0.096359402
0.1531,-0.55504507,0.098073356
0.1532,-0.55403966,0.099783674
0.1533,-0.55302733,0.1014903
0.1534,-0.55200803,0.10319322
0.15350001,-0.55098182,0.10489239
0.15360001,-0.54994863,0.10658776
0.15369999,-0.54890859,0.1082793
0.1538,-0.54786164,0.10996697
0.1539,-0.54680783,0.11165074
0.154,-0.5457471,0.11333057
0.1541,-0.54467946,0.11500641
0.1542,-0.54360503,0.11667824
0.1543,-0.5425238,0.11834601
0.15440001,-0.54143566,0.12000968
0.15449999,-0.54034072,0.12166923
0.15459999,-0.53923899,0.1233246
0.1547,-0.53813046,0.12497578
0.1548,-0.5370152,0.12662269
0.1549,-0.53589314,0.12826534
0.155,-0.53476429,0.12990366
0.1551,-0.53362876,0.13153763
0.1552,-0.5324865,0.13316719
0.15530001,-0.5313375,0.13479233
0.15539999,-0.53018177,0.13641302
0.15549999,-0.52901942,0.13802919
0.1556,-0.52785039,0.13964082
0.1557,-0.52667469,0.14124787
0.1558,-0.52549231,0.14285031
0.1559,-0.52430338,0.14444809
0.156,-0.52310777,0.14604115
0.1561,-0.52190566,0.14762951
0.15620001,-0.52069688,0.14921309
0.15629999,-0.5194816,0.15079188
0.1564,-0.51825976,0.15236582
0.1565,-0.51703143,0.15393487
0.1566,-0.51579654,0.15549901
0.1567,-0.51455522,0.15705819
0.1568,-0.51330733,0.15861239
0.1569,-0.51205307,0.16016155
0.15700001,-0.51079232,0.16170564
0.15710001,-0.50952518,0.16324465
0.15719999,-0.50825167,0.1647785
0.1573,-0.50697172,0.16630718
0.1574,-0.50568545,0.16783065
0.1575,-0.5043928,0.16934885
0.1576,-0.50309384,0.17086178
0.1577,-0.50178856,0.17236938
0.1578,-0.50047702,0.17387162
0.15790001,-0.49915916,0.17536846
0.15800001,-0.49783507,0.17685989
0.15809999,-0.49650478,0.17834583
0.1582,-0.49516824,0.17982627
0.1583,-0.49382555,0.18130118
0.1584,-0.49247667,0.18277051
0.1585,-0.49112168,0.18423422
0.1586,-0.48976052,0.18569228
0.1587,-0.48839331,0.18714465
0.15880001,-0.48701999,0.1885913
0.15889999,-0.48564062,0.19003218
0.15899999,-0.48425519,0.19146727
0.1591,-0.48286378,0.19289653
0.1592,-0.48146638,0.19431993
0.1593,-0.48006302,0.19573742
0.1594,-0.4786537,0.19714898
0.1595,-0.47723848,0.19855455
0.1596,-0.47581735,0.19995411
0.15970001,-0.47439036,0.20134763
0.15979999,-0.47295752,0.20273507
0.15989999,-0.47151887,0.20411639
0.16,-0.47007442,0.20549157
0.1601,-0.46862417,0.20686054
0.1602,-0.46716821,0.20822331
0.1603,-0.46570653,0.20957981
0.1604,-0.46423912,0.21093002
0.1605,-0.46276608,0.21227391
0.16060001,-0.46128738,0.21361144
0.16069999,-0.45980304,0.21494257
0.1608,-0.45831311,0.21626727
0.1609,-0.45681763,0.21758552
0.161,-0.4553166,0.21889727
0.1611,-0.45381007,0.22020249
0.1612,-0.45229805,0.22150113
0.1613,-0.45078057,0.22279318
0.16140001,-0.44925767,0.2240786
0.16150001,-0.44772935,0.22535734
0.16159999,-0.44619569,0.22662938
0.1617,-0.44465667,0.22789468
0.1618,-0.44311234,0.22915322
0.1619,-0.44156271,0.23040496
0.162,-0.44000784,0.23164985
0.1621,-0.43844774,0.23288788
0.1622,-0.43688247,0.234119
0.16230001,-0.435312,0.23534319
0.16240001,-0.43373641,0.23656042
0.16249999,-0.43215573,0.23777063
0.1626,-0.43056995,0.23897383
0.1627,-0.42897913,0.24016994
0.1628,-0.4273833,0.24135897
0.1629,-0.4257825,0.24254085
0.163,-0.42417675,0.24371558
0.1631,-0.42256609,0.24488312
0.16320001,-0.42095053,0.24604341
0.16329999,-0.41933012,0.24719648
0.16339999,-0.41770488,0.24834225
0.1635,-0.41607484,0.24948069
0.1636,-0.41444004,0.25061178
0.1637,-0.41280052,0.25173551
0.1638,-0.4111563,0.25285181
0.1639,-0.40950745,0.25396067
0.164,-0.40785396,0.25506204
0.16410001,-0.40619588,0.25615591
0.16419999,-0.40453324,0.25724223
0.16429999,-0.4028661,0.25832102
0.1644,-0.40119445,0.2593922
0.1645,-0.39951837,0.26045573
0.1646,-0.39783788,0.26151162
0.1647,-0.39615297,0.26255983
0.1648,-0.39446375,0.26360032
0.1649,-0.39277023,0.26463306
0.16500001,-0.39107242,0.26565802
0.16509999,-0.38937038,0.26667517
0.1652,-0.38766414,0.26768452
0.1653,-0.38595372,0.268686
0.1654,-0.3842392,0.26967958
0.1655,-0.38252059,0.27066523
0.1656,-0.38079789,0.27164292
0.1657,-0.37907121,0.27261266
0.16580001,-0.37734056,0.27357441
0.16590001,-0.37560594,0.27452812
0.16599999,-0.37386742,0.27547377
0.1661,-0.37212506,0.27641132
0.1662,-0.37037882,0.2773408
0.1663,-0.36862883,0.27826211
0.1664,-0.36687508,0.27917525
0.1665,-0.36511764,0.28008023
0.1666,-0.3633565,0.28097695
0.16670001,-0.36159176,0.28186545
0.16680001,-0.35982341,0.28274569
0.16689999,-0.35805151,0.28361762
0.167,-0.35627609,0.2844812
0.1671,-0.35449722,0.28533646
0.1672,-0.35271493,0.28618336
0.1673,-0.35092923,0.28702185
0.1674,-0.3491402,0.2878519
0.1675,-0.34734786,0.28867349
0.16760001,-0.34555224,0.28948665
0.16769999,-0.34375343,0.29029128
0.16779999,-0.3419514,0.29108739
0.1679,-0.34014627,0.29187497
0.168,-0.33833802,0.29265398
0.1681,-0.33652672,0.29342437
0.1682,-0.33471242,0.29418617
0.1683,-0.33289513,0.29493931
0.1684,-0.33107495,0.2956838
0.16850001,-0.32925186,0.29641962
0.16859999,-0.32742593,0.29714671
0.16869999,-0.32559717,0.29786509
0.1688,-0.3237657,0.29857472
0.1689,-0.32193148,0.29927555
0.169,-0.32009462,0.29996759
0.1691,-0.3182551,0.30065084
0.1692,-0.31641304,0.30132523
0.1693,-0.31456843,0.30199078
0.16940001,-0.31272134,0.30264741
0.16949999,-0.31087181,0.3032952
0.1696,-0.30901986,0.30393404
0.1697,-0.30716559,0.30456391
0.1698,-0.305309,0.30518487
0.1699,-0.30345017,0.30579683
0.17,-0.3015891,0.30639979
0.1701,-0.29972586,0.30699372
0.17020001,-0.2978605,0.30757862
0.17030001,-0.29599306,0.30815449
0.17039999,-0.29412362,0.30872127
0.1705,-0.29225218,0.30927894
0.1706,-0.29037881,0.30982754
0.1707,-0.28850353,0.31036699
0.1708,-0.28662643,0.31089729
0.1709,-0.28474754,0.31141841
0.171,-0.2828669,0.31193039
0.17110001,-0.28098458,0.31243315
0.17120001,-0.27910057,0.31292671
0.17129999,-0.27721497,0.31341106
0.1714,-0.2753278,0.31388614
0.1715,-0.27343914,0.31435198
0.1716,-0.27154899,0.31480852
0.1717,-0.26965746,0.31525579
0.1718,-0.26776454,0.31569374
0.1719,-0.26587033,0.31612238
0.17200001,-0.26397485,0.3165417
0.17209999,-0.26207817,0.31695163
0.17219999,-0.26018029,0.31735224
0.1723,-0.25828132,0.31774348
0.1724,-0.2563813,0.31812531
0.1725,-0.25448024,0.31849775
0.1726,-0.25257823,0.31886077
0.1727,-0.25067532,0.31921437
0.1728,-0.24877153,0.31955853
0.17290001,-0.24686693,0.31989324
0.17299999,-0.24496156,0.32021847
0.17309999,-0.24305549,0.32053426
0.1732,-0.24114875,0.32084054
0.1733,-0.23924142,0.32113734
0.1734,-0.23733352,0.32142463
0.1735,-0.23542513,0.32170242
0.1736,-0.23351628,0.32197067
0.1737,-0.23160702,0.32222939
0.17380001,-0.22969741,0.32247856
0.17389999,-0.22778748,0.3227182
0.17399999,-0.22587729,0.32294825
0.1741,-0.22396691,0.32316875
0.1742,-0.22205637,0.32337967
0.1743,-0.22014576,0.32358098
0.1744,-0.21823509,0.3237727
0.1745,-0.21632445,0.32395485
0.17460001,-0.21441387,0.32412735
0.17470001,-0.21250339,0.32429028
0.17479999,-0.21059309,0.32444355
0.1749,-0.20868301,0.32458723
0.175,-0.20677322,0.32472125
0.1751,-0.20486374,0.32484564
0.1752,-0.20295466,0.32496038
0.1753,-0.201046,0.32506549
0.1754,-0.19913785,0.32516092
0.17550001,-0.19723023,0.32524672
0.17560001,-0.19532321,0.32532287
0.17569999,-0.19341686,0.32538933
0.1758,-0.1915112,0.32544613
0.1759,-0.18960629,0.32549328
0.176,-0.18770222,0.32553074
0.1761,-0.185799,0.32555851
0.1762,-0.18389672,0.32557663
0.1763,-0.18199541,0.32558507
0.17640001,-0.18009512,0.32558385
0.17649999,-0.17819592,0.32557291
0.17659999,-0.17629784,0.32555228
0.1767,-0.17440094,0.32552201
0.1768,-0.1725053,0.32548201
0.1769,-0.17061096,0.32543236
0.177,-0.16871798,0.32537302
0.1771,-0.16682641,0.325304
0.1772,-0.1649363,0.32522529
0.17730001,-0.16304773,0.3251369
0.17739999,-0.16116072,0.32503885
0.17749999,-0.15927535,0.32493111
0.1776,-0.15739167,0.32481372
0.1777,-0.15550974,0.32468668
0.1778,-0.1536296,0.32454994
0.1779,-0.15175131,0.32440355
0.178,-0.14987494,0.32424751
0.1781,-0.14800054,0.32408181
0.17820001,-0.14612815,0.32390645
0.17829999,-0.14425784,0.32372147
0.17839999,-0.14238967,0.32352683
0.1785,-0.14052369,0.32332259
0.1786,-0.13865995,0.3231087
0.1787,-0.13679852,0.32288522
0.1788,-0.13493943,0.3226521
0.1789,-0.13308278,0.32240939
0.17900001,-0.13122858,0.32215708
0.17910001,-0.12937692,0.32189518
0.17919999,-0.1275278,0.32162368
0.1793,-0.12568133,0.32134259
0.1794,-0.12383753,0.32105196
0.1795,-0.12199648,0.32075176
0.1796,-0.12015824,0.32044202
0.1797,-0.11832286,0.32012275
0.1798,-0.11649039,0.31979391
0.17990001,-0.1146609,0.31945559
0.18000001,-0.11283442,0.31910777
0.18009999,-0.11101104,0.31875044
0.1802,-0.10919079,0.31838363
0.1803,-0.10737374,0.31800735
0.1804,-0.10555994,0.31762159
0.1805,-0.10374945,0.31722641
0.1806,-0.10194232,0.31682178
0.1807,-0.10013862,0.31640774
0.18080001,-0.098338388,0.31598431
0.18089999,-0.096541695,0.31555146
0.18099999,-0.094748586,0.31510925
0.1811,-0.092959128,0.31465769
0.1812,-0.091173373,0.31419677
0.1813,-0.089391381,0.31372651
0.1814,-0.087613195,0.31324694
0.1815,-0.085838884,0.31275809
0.1816,-0.0840685,0.31225994
0.18170001,-0.082302101,0.31175253
0.18179999,-0.080539726,0.31123587
0.18189999,-0.078781433,0.31070995
0.182,-0.077027284,0.31017482
0.1821,-0.075277336,0.30963051
0.1822,-0.07353165,0.30907702
0.1823,-0.071790278,0.30851436
0.1824,-0.070053279,0.30794257
0.1825,-0.068320699,0.30736166
0.18260001,-0.066592611,0.30677164
0.18269999,-0.064869054,0.30617255
0.18279999,-0.063150093,0.3055644
0.1829,-0.061435781,0.30494723
0.183,-0.059726171,0.30432105
0.1831,-0.058021322,0.30368587
0.1832,-0.056321289,0.30304173
0.1833,-0.054626126,0.30238864
0.18340001,-0.052935887,0.30172661
0.18350001,-0.051250629,0.3010557
0.18359999,-0.049570408,0.30037591
0.1837,-0.047895275,0.2996873
0.1838,-0.046225291,0.29898983
0.1839,-0.044560507,0.29828358
0.184,-0.042900976,0.29756856
0.1841,-0.041246757,0.29684478
0.1842,-0.039597906,0.29611227
0.18430001,-0.037954472,0.29537109
0.18440001,-0.036316514,0.29462123
0.18449999,-0.034684062,0.2938627
0.1846,-0.033057183,0.29309556
0.1847,-0.03143594,0.29231983
0.1848,-0.029820381,0.29153556
0.1849,-0.028210564,0.29074273
0.185,-0.026606541,0.28994143
0.1851,-0.025008367,0.28913161
0.18520001,-0.023416094,0.28831339
0.18529999,-0.021829776,0.28748676
0.18539999,-0.020249465,0.28665173
0.1855,-0.018675217,0.28580835
0.1856,-0.017107083,0.28495666
0.1857,-0.015545116,0.28409669
0.1858,-0.013989368,0.28322846
0.1859,-0.012439894,0.282352
0.186,-0.010896744,0.28146735
0.18610001,-0.0093599716,0.28057456
0.18619999,-0.0078296289,0.27967367
0.18629999,-0.0063057686,0.27876467
0.1864,-0.004788442,0.27784759
0.1865,-0.0032777011,0.27692252
0.1866,-0.0017735979,0.27598947
0.1867,-0.00027618365,0.27504849
0.1868,0.00121449,0.27409959
0.1869,0.0026983719,0.27314278
0.18700001,0.0041754106,0.27217817
0.18709999,0.0056455624,0.27120575
0.18719999,0.0071087861,0.27022552
0.1873,0.008565018,0.26923758
0.1874,0.010014207,0.26824194
0.1875,0.011456304,0.26723865
0.1876,0.01289126,0.26622775
0.1877,0.014319023,0.26520929
0.18780001,0.015739545,0.26418325
0.18790001,0.017152777,0.26314974
0.18799999,0.018558668,0.26210877
0.1881,0.01995717,0.26106042
0.1882,0.021348234,0.26000464
0.1883,0.022731813,0.25894156
0.1884,0.024107855,0.25787118
0.1885,0.025476316,0.25679356
0.1886,0.026837146,0.25570872
0.18870001,0.028190296,0.25461674
0.18880001,0.029535718,0.25351763
0.18889999,0.030873369,0.25241143
0.189,0.032203197,0.25129822
0.1891,0.033525158,0.25017801
0.1892,0.034839205,0.24905086
0.1893,0.036145288,0.24791682
0.1894,0.037443362,0.24677591
0.1895,0.038733386,0.24562821
0.18960001,0.04001531,0.24447376
0.18970001,0.041289084,0.24331258
0.18979999,0.042554684,0.24214469
0.1899,0.043812051,0.24097018
0.19,0.045061138,0.2397891
0.1901,0.046301901,0.23860148
0.1902,0.047534302,0.23740737
0.1903,0.048758287,0.23620683
0.1904,0.049973816,0.23499991
0.19050001,0.051180847,0.23378664
0.19059999,0.052379336,0.2325671
0.19069999,0.053569239,0.23134132
0.1908,0.054750513,0.23010935
0.1909,0.055923119,0.22887124
0.191,0.057087012,0.22762704
0.1911,0.05824215,0.22637682
0.1912,0.059388489,0.2251206
0.1913,0.060525991,0.22385846
0.19140001,0.061654612,0.22259045
0.19149999,0.062774315,0.22131659
0.19159999,0.063885055,0.22003697
0.1917,0.064986803,0.21875164
0.1918,0.066079497,0.21746063
0.1919,0.067163117,0.21616401
0.192,0.068237618,0.21486183
0.1921,0.069302961,0.21355416
0.19220001,0.070359103,0.21224102
0.19230001,0.071406007,0.21092249
0.19239999,0.072443634,0.20959863
0.1925,0.073471963,0.20826943
0.1926,0.074490935,0.20693502
0.1927,0.075500518,0.20559542
0.1928,0.076500684,0.20425069
0.1929,0.077491388,0.20290092
0.193,0.078472592,0.20154612
0.19310001,0.079444267,0.20018639
0.19320001,0.080406375,0.19882177
0.19329999,0.08135888,0.19745231
0.1934,0.082301743,0.19607808
0.1935,0.083234936,0.19469912
0.1936,0.084158413,0.19331552
0.1937,0.08507216,0.19192731
0.1938,0.085976124,0.19053458
0.1939,0.086870283,0.18913737
0.19400001,0.087754607,0.18773574
0.19410001,0.088629052,0.18632975
0.19419999,0.089493588,0.18491948
0.1943,0.090348192,0.18350497
0.1944,0.091192819,0.18208627
0.1945,0.092027448,0.18066348
0.1946,0.092852049,0.17923665
0.1947,0.093666591,0.17780583
0.1948,0.094471037,0.17637107
0.19490001,0.095265366,0.17493246
0.19499999,0.09604954,0.17349006
0.19509999,0.096823536,0.17204387
0.1952,0.097587325,0.17059399
0.1953,0.098340876,0.1691405
0.1954,0.099084169,0.16768345
0.1955,0.099817164,0.16622293
0.1956,0.10053984,0.16475897
0.1957,0.10125218,0.16329166
0.19580001,0.10195414,0.16182105
0.19589999,0.1026457,0.16034722
0.19599999,0.10332685,0.15887022
0.1961,0.10399754,0.15739013
0.1962,0.10465777,0.15590701
0.1963,0.1053075,0.15442093
0.1964,0.10594671,0.15293193
0.1965,0.10657538,0.15144011
0.19660001,0.10719348,0.14994554
0.19670001,0.10780099,0.14844826
0.19679999,0.10839789,0.14694835
0.1969,0.10898416,0.14544588
0.197,0.10955978,0.14394093
0.1971,0.11012472,0.14243352
0.1972,0.11067897,0.14092378
0.1973,0.11122251,0.13941175
0.1974,0.11175531,0.13789749
0.19750001,0.11227736,0.13638109
0.19760001,0.11278863,0.1348626
0.19769999,0.11328912,0.1333421
0.1978,0.11377878,0.13181962
0.1979,0.11425761,0.13029526
0.198,0.1147256,0.1287691
0.1981,0.11518274,0.12724121
0.1982,0.11562899,0.12571163
0.1983,0.11606435,0.12418047
0.19840001,0.11648881,0.12264778
0.19850001,0.11690234,0.12111364
0.19859999,0.11730493,0.11957811
0.1987,0.11769658,0.11804127
0.1988,0.11807726,0.11650319
0.1989,0.11844696,0.11496393
0.199,0.11880568,0.11342359
0.1991,0.1191534,0.11188222
0.1992,0.11949009,0.11033989
0.19930001,0.11981577,0.10879669
0.19939999,0.12013042,0.10725268
0.19949999,0.12043402,0.10570793
0.1996,0.12072658,0.10416252
0.1997,0.12100806,0.10261653
0.1998,0.12127848,0.10107002
0.1999,0.12153782,0.099523067
0.2,0.12178607,0.097975753
0.2001,0.12202322,0.096428141
0.20020001,0.12224928,0.09488032
0.20029999,0.12246424,0.093332343
0.20039999,0.12266806,0.091784246
0.2005,0.12286074,0.090236135
0.2006,0.12304232,0.088688083
0.2007,0.12321275,0.08714018
0.2008,0.12337205,0.085592486
0.2009,0.12352021,0.08404509
0.20100001,0.12365723,0.082498059
0.20110001,0.12378311,0.08095146
0.20119999,0.12389785,0.079405382
0.2013,0.12400144,0.077859893
0.2014,0.12409388,0.076315075
0.2015,0.12417518,0.074770987
0.2016,0.12424532,0.073227718
0.2017,0.12430433,0.071685344
0.2018,0.12435219,0.070143931
0.20190001,0.1243889,0.06860356
0.20200001,0.12441447,0.067064315
0.20209999,0.12442891,0.065526254
0.2022,0.12443221,0.06398946
0.2023,0.12442439,0.062454019
0.2024,0.12440544,0.060919993
0.2025,0.12437536,0.059387464
0.2026,0.12433416,0.057856511
0.2027,0.12428187,0.056327209
0.20280001,0.12421846,0.054799631
0.20290001,0.12414397,0.053273853
0.20299999,0.12405837,0.051749948
0.2031,0.12396167,0.050227959
0.2032,0.12385391,0.048707996
0.2033,0.12373506,0.047190133
0.2034,0.12360517,0.045674451
0.2035,0.12346423,0.044161018
0.2036,0.12331225,0.042649917
0.20370001,0.12314925,0.041141223
0.20379999,0.12297524,0.039635014
0.20389999,0.12279022,0.03813136
0.204,0.12259421,0.036630344
0.2041,0.12238724,0.035132039
0.2042,0.1221693,0.033636525
0.2043,0.12194041,0.032143876
0.2044,0.1217006,0.030654166
0.2045,0.12144987,0.029167477
0.20460001,0.12118824,0.027683882
0.20469999,0.12091573,0.026203457
0.20479999,0.12063235,0.024726281
0.2049,0.12033813,0.023252431
0.205,0.12003308,0.021781981
0.2051,0.11971722,0.020315008
0.2052,0.11939056,0.018851589
0.2053,0.11905315,0.017391803
0.2054,0.11870496,0.015935699
0.20550001,0.11834601,0.014483337
0.20559999,0.11797635,0.013034824
0.2057,0.11759599,0.011590236
0.2058,0.11720496,0.010149649
0.2059,0.11680329,0.0087131383
0.206,0.11639099,0.0072807786
0.2061,0.11596809,0.0058526462
0.2062,0.11553463,0.004428816
0.20630001,0.1150906,0.0030093628
0.20640001,0.11463606,0.0015943621
0.20649999,0.11417102,0.00018388883
0.2066,0.11369551,-0.0012219821
0.2067,0.11320955,-0.0026231757
0.2068,0.11271319,-0.0040196176
0.2069,0.11220643,-0.0054112328
0.207,0.11168932,-0.006797947
0.2071,0.11116188,-0.008179686
0.20720001,0.11062414,-0.0095563745
0.20730001,0.11007614,-0.01092794
0.20739999,0.10951791,-0.012294306
0.2075,0.10894947,-0.013655402
0.2076,0.10837086,-0.015011151
0.2077,0.10778212,-0.016361481
0.2078,0.10718326,-0.017706322
0.2079,0.1065743,-0.019045599
0.208,0.10595531,-0.02037924
0.20810001,0.10532632,-0.021707168
0.20819999,0.10468735,-0.023029312
0.20829999,0.10403845,-0.024345601
0.2084,0.10337966,-0.025655959
0.2085,0.10271101,-0.026960315
0.2086,0.10203253,-0.028258597
0.2087,0.10134429,-0.029550733
0.2088,0.10064629,-0.030836649
0.2089,0.099938594,-0.032116279
0.20900001,0.09922123,-0.033389542
0.20909999,0.098494247,-0.034656376
0.20919999,0.097757682,-0.035916705
0.2093,0.097011574,-0.037170462
0.2094,0.096255973,-0.03841757
0.2095,0.095490918,-0.039657962
0.2096,0.09471646,-0.040891569
0.2097,0.093932629,-0.042118318
0.2098,0.093139477,-0.043338142
0.20990001,0.09233705,-0.044550966
0.20999999,0.091525398,-0.045756727
0.2101,0.09070456,-0.046955355
0.2102,0.089874558,-0.048146788
0.2103,0.089035444,-0.049330961
0.2104,0.088187277,-0.050507799
0.2105,0.08733011,-0.051677227
0.2106,0.086463988,-0.052839182
0.21070001,0.085588969,-0.053993598
0.21080001,0.084705099,-0.055140406
0.21089999,0.083812423,-0.05627954
0.211,0.082910992,-0.057410929
0.2111,0.082000867,-0.05853451
0.2112,0.081082083,-0.059650216
0.2113,0.080154717,-0.060757983
0.2114,0.079218797,-0.061857745
0.2115,0.078274392,-0.062949434
0.21160001,0.077321552,-0.064032987
0.21170001,0.07636033,-0.065108344
0.21179999,0.075390786,-0.066175431
0.2119,0.074412972,-0.067234188
0.212,0.073426947,-0.068284549
0.2121,0.072432764,-0.06932646
0.2122,0.071430482,-0.070359841
0.2123,0.070420168,-0.071384646
0.2124,0.06940186,-0.072400808
0.21250001,0.06837564,-0.073408261
0.21259999,0.067341514,-0.074406959
0.21269999,0.066299558,-0.075396828
0.2128,0.06524986,-0.076377809
0.2129,0.064192466,-0.077349842
0.213,0.063127443,-0.078312859
0.2131,0.062054854,-0.079266816
0.2132,0.060974758,-0.080211639
0.2133,0.059887219,-0.081147276
0.21340001,0.058792301,-0.082073666
0.21349999,0.057690062,-0.082990743
0.21359999,0.056580573,-0.08389847
0.2137,0.055463895,-0.084796764
0.2138,0.054340098,-0.085685588
0.2139,0.053209241,-0.086564876
0.214,0.052071393,-0.087434575
0.2141,0.050926622,-0.088294625
0.2142,0.049774997,-0.089144967
0.21430001,0.048616581,-0.089985557
0.21439999,0.047451444,-0.090816334
0.2145,0.046279654,-0.091637246
0.2146,0.045101281,-0.092448242
0.2147,0.043916397,-0.093249254
0.2148,0.042725071,-0.094040245
0.2149,0.041527372,-0.094821155
0.215,0.040323321,-0.09559194
0.21510001,0.03911303,-0.09635254
0.21520001,0.03789657,-0.09710291
0.21529999,0.036674015,-0.097842991
0.2154,0.035445437,-0.098572746
0.2155,0.034210909,-0.099292107
0.2156,0.032970507,-0.10000104
0.2157,0.0317243,-0.10069949
0.2158,0.030472368,-0.10138741
0.2159,0.029214779,-0.10206475
0.21600001,0.027951613,-0.10273147
0.21610001,0.026682943,-0.10338751
0.21619999,0.025408847,-0.10403284
0.2163,0.024129402,-0.1046674
0.2164,0.022844682,-0.10529115
0.2165,0.021554764,-0.10590405
0.2166,0.020259731,-0.10650605
0.2167,0.018959656,-0.1070971
0.2168,0.017654622,-0.10767718
0.21690001,0.016344704,-0.10824621
0.21699999,0.015029985,-0.10880418
0.21709999,0.013710544,-0.10935104
0.2172,0.01238646,-0.10988675
0.2173,0.011057812,-0.11041126
0.2174,0.009724631,-0.11092452
0.2175,0.0083870422,-0.11142651
0.2176,0.0070451279,-0.11191719
0.2177,0.0056989687,-0.11239651
0.21780001,0.0043486473,-0.11286444
0.21789999,0.0029942465,-0.11332095
0.21799999,0.0016358489,-0.11376598
0.2181,0.00027353779,-0.11419952
0.2182,-0.001092603,-0.11462152
0.2183,-0.0024624895,-0.11503195
0.2184,-0.0038360371,-0.11543077
0.2185,-0.005213161,-0.11581795
0.2186,-0.0065937764,-0.11619346
0.21870001,-0.0079777967,-0.11655726
0.21879999,-0.0093651367,-0.11690932
0.2189,-0.010755711,-0.11724961
0.219,-0.012149431,-0.1175781
0.2191,-0.013546211,-0.11789476
0.2192,-0.014945963,-0.11819956
0.2193,-0.0163486,-0.11849246
0.2194,-0.017754033,-0.11877345
0.21950001,-0.019162172,-0.11904249
0.21960001,-0.020572932,-0.11929956
0.21969999,-0.021986233,-0.11954463
0.2198,-0.023402022,-0.11977764
0.2199,-0.024820173,-0.11999861
0.22,-0.026240593,-0.12020749
0.2201,-0.027663196,-0.12040427
0.2202,-0.029087892,-0.12058892
0.2203,-0.030514587,-0.12076142
0.22040001,-0.031943195,-0.12092175
0.22050001,-0.033373624,-0.12106987
0.22059999,-0.034805778,-0.12120578
0.2207,-0.036239576,-0.12132946
0.2208,-0.037674915,-0.12144088
0.2209,-0.039111711,-0.12154002
0.221,-0.040549871,-0.12162688
0.2211,-0.041989297,-0.12170141
0.2212,-0.0434299,-0.12176362
0.22130001,-0.044871587,-0.12181348
0.22139999,-0.046314269,-0.12185099
0.22149999,-0.047757845,-0.12187611
0.2216,-0.049202226,-0.12188885
0.2217,-0.050647315,-0.12188918
0.2218,-0.052093018,-0.1218771
0.2219,-0.053539243,-0.12185258
0.222,-0.054985896,-0.12181563
0.2221,-0.056432895,-0.12176621
0.22220001,-0.057880174,-0.12170431
0.22229999,-0.059327602,-0.12162993
0.22239999,-0.060775086,-0.12154306
0.2225,-0.062222529,-0.12144371
0.2226,-0.063669838,-0.12133185
0.2227,-0.06511692,-0.12120748
0.2228,-0.066563673,-0.12107059
0.2229,-0.06801001,-0.12092119
0.223,-0.069455825,-0.12075926
0.22310001,-0.070901021,-0.1205848
0.22319999,-0.072345518,-0.12039781
0.2233,-0.073789202,-0.12019829
0.2234,-0.075231992,-0.11998622
0.2235,-0.076673776,-0.11976162
0.2236,-0.078114465,-0.11952447
0.2237,-0.079553962,-0.11927479
0.2238,-0.08099217,-0.11901257
0.22390001,-0.082428984,-0.11873782
0.22400001,-0.083864324,-0.11845052
0.22409999,-0.085298076,-0.1181507
0.2242,-0.086730145,-0.11783836
0.2243,-0.08816044,-0.11751349
0.2244,-0.089588858,-0.11717612
0.2245,-0.091015331,-0.1168262
0.2246,-0.092439763,-0.11646377
0.2247,-0.093862034,-0.11608882
0.22480001,-0.095282048,-0.11570138
0.22490001,-0.096699707,-0.11530147
0.22499999,-0.098114908,-0.11488907
0.2251,-0.099527568,-0.11446421
0.2252,-0.10093757,-0.1140269
0.2253,-0.10234483,-0.11357713
0.2254,-0.10374925,-0.11311495
0.2255,-0.10515072,-0.11264035
0.2256,-0.10654916,-0.11215334
0.22570001,-0.10794445,-0.11165395
0.22579999,-0.10933652,-0.11114219
0.22589999,-0.11072525,-0.11061807
0.226,-0.11211055,-0.11008161
0.2261,-0.11349232,-0.10953284
0.2262,-0.11487046,-0.10897176
0.2263,-0.11624487,-0.1083984
0.2264,-0.11761547,-0.10781278
0.2265,-0.11898214,-0.10721493
0.22660001,-0.1203448,-0.10660485
0.22669999,-0.12170333,-0.10598259
0.22679999,-0.12305766,-0.10534815
0.2269,-0.12440769,-0.10470153
0.227,-0.12575334,-0.10404275
0.2271,-0.12709449,-0.10337188
0.2272,-0.12843105,-0.10268893
0.2273,-0.12976292,-0.10199393
0.2274,-0.13108999,-0.1012869
0.22750001,-0.13241217,-0.10056787
0.22759999,-0.13372937,-0.099836878
0.2277,-0.13504149,-0.099093944
0.2278,-0.13634843,-0.098339111
0.2279,-0.1376501,-0.097572394
0.228,-0.1389464,-0.096793838
0.2281,-0.14023724,-0.096003473
0.2282,-0.14152251,-0.095201336
0.22830001,-0.14280213,-0.094387457
0.22840001,-0.14407599,-0.093561865
0.22849999,-0.145344,-0.092724614
0.2286,-0.14660607,-0.091875724
0.2287,-0.14786211,-0.091015242
0.2288,-0.149112,-0.090143211
0.2289,-0.15035567,-0.089259654
0.229,-0.15159301,-0.088364631
0.2291,-0.15282394,-0.087458171
0.22920001,-0.15404835,-0.086540312
0.22930001,-0.15526618,-0.08561106
0.22939999,-0.15647732,-0.084670484
0.2295,-0.15768167,-0.083718628
0.2296,-0.15887913,-0.082755543
0.2297,-0.16006963,-0.081781276
0.2298,-0.16125305,-0.080795869
0.2299,-0.16242932,-0.079799376
0.23,-0.16359833,-0.078791834
0.23010001,-0.16475999,-0.077773303
0.23019999,-0.16591421,-0.076743819
0.23029999,-0.16706091,-0.075703435
0.2304,-0.1682,-0.07465221
0.2305,-0.16933137,-0.073590189
0.2306,-0.17045493,-0.072517425
0.2307,-0.17157061,-0.071433969
0.2308,-0.17267831,-0.070339881
0.2309,-0.17377794,-0.069235206
0.23100001,-0.1748694,-0.068120003
0.23109999,-0.17595261,-0.066994332
0.23119999,-0.17702749,-0.065858252
0.2313,-0.17809394,-0.064711809
0.2314,-0.17915188,-0.063555069
0.2315,-0.1802012,-0.062388096
0.2316,-0.18124184,-0.061210942
0.2317,-0.18227373,-0.060023598
0.2318,-0.18329675,-0.058826175
0.23190001,-0.18431082,-0.057618741
0.23199999,-0.18531588,-0.056401365
0.2321,-0.18631181,-0.055174101
0.2322,-0.18729854,-0.053937018
0.2323,-0.18827598,-0.052690178
0.2324,-0.18924403,-0.051433645
0.2325,-0.19020265,-0.05016749
0.2326,-0.19115172,-0.048891772
0.23270001,-0.19209117,-0.047606561
0.23280001,-0.19302092,-0.04631193
0.23289999,-0.19394088,-0.04500794
0.233,-0.19485097,-0.043694668
0.2331,-0.19575112,-0.042372175
0.2332,-0.19664122,-0.04104054
0.2333,-0.19752122,-0.03969983
0.2334,-0.19839104,-0.03835012
0.2335,-0.19925056,-0.036991481
0.23360001,-0.20009977,-0.03562399
0.23370001,-0.20093852,-0.034247715
0.23379999,-0.20176677,-0.032862742
0.2339,-0.20258446,-0.031469136
0.234,-0.20339146,-0.030066978
0.2341,-0.20418775,-0.028656276
0.2342,-0.20497322,-0.027237166
0.2343,-0.2057478,-0.025809726
0.2344,-0.20651142,-0.024374034
0.23450001,-0.20726401,-0.022930169
0.23459999,-0.20800547,-0.021478213
0.23469999,-0.20873576,-0.020018246
0.2348,-0.2094548,-0.018550349
0.2349,-0.21016251,-0.017074604
0.235,-0.21085881,-0.015591094
0.2351,-0.21154363,-0.014099902
0.2352,-0.21221693,-0.012601113
0.2353,-0.21287861,-0.01109481
0.23540001,-0.2135286,-0.0095810806
0.23549999,-0.21416685,-0.0080600111
0.23559999,-0.21479328,-0.0065316861
0.2357,-0.21540782,-0.004996195
0.2358,-0.21601041,-0.0034536249
0.2359,-0.21660098,-0.0019040654
0.236,-0.21717946,-0.00034760582
0.2361,-0.2177458,0.0012156637
0.2362,-0.21829991,0.0027856911
0.23630001,-0.21884175,0.0043623876
0.23639999,-0.21937123,0.0059456341
0.23649999,-0.2198883,0.0075353384
0.2366,-0.22039291,0.0091314092
0.2367,-0.22088499,0.010733753
0.2368,-0.2213645,0.012342275
0.2369,-0.22183134,0.013956885
0.237,-0.22228546,0.015577485
0.23710001,-0.22272682,0.017203981
0.23720001,-0.22315536,0.018836278
0.23729999,-0.223571,0.020474279
0.2374,-0.22397372,0.022117887
0.2375,-0.22436343,0.023767004
0.2376,-0.22474009,0.025421532
0.2377,-0.22510365,0.027081374
0.2378,-0.22545403,0.02874643
0.2379,-0.22579122,0.030416599
0.23800001,-0.22611512,0.032091781
0.23810001,-0.22642572,0.033771876
0.23819999,-0.22672294,0.035456784
0.2383,-0.22700675,0.037146401
0.2384,-0.22727706,0.038840678
0.2385,-0.22753386,0.040539466
0.2386,-0.22777708,0.042242669
0.2387,-0.22800669,0.043950178
0.2388,-0.22822264,0.045661889
0.23890001,-0.22842488,0.047377702
0.23899999,-0.22861336,0.049097508
0.23909999,-0.22878805,0.050821204
0.2392,-0.22894889,0.052548684
0.2393,-0.22909585,0.054279841
0.2394,-0.22922888,0.056014571
0.2395,-0.22934794,0.057752766
0.2396,-0.229453,0.059494313
0.2397,-0.229544,0.061239112
0.23980001,-0.22962092,0.062987052
0.23989999,-0.22968371,0.06473802
0.23999999,-0.22973233,0.066491909
0.2401,-0.22976677,0.068248607
0.2402,-0.22978696,0.07000801
0.2403,-0.22979288,0.071770005
0.2404,-0.2297845,0.073534481
0.2405,-0.22976178,0.075301349
0.2406,-0.22972468,0.077070497
0.24070001,-0.22967316,0.078841798
0.24079999,-0.22960721,0.08061514
0.24089999,-0.22952679,0.082390405
0.241,-0.22943188,0.084167495
0.2411,-0.22932245,0.085946277
0.2412,-0.22919847,0.087726653
0.2413,-0.22905992,0.089508504
0.2414,-0.22890675,0.091291718
0.24150001,-0.22873898,0.093076177
0.24160001,-0.22855653,0.094861761
0.24169999,-0.22835943,0.096648365
0.2418,-0.22814761,0.098435871
0.2419,-0.2279211,0.10022415
0.242,-0.22767983,0.10201311
0.2421,-0.22742382,0.10380261
0.2422,-0.22715302,0.10559256
0.2423,-0.22686744,0.10738281
0.24240001,-0.22656704,0.10917327
0.24250001,-0.22625183,0.11096381
0.24259999,-0.22592176,0.11275432
0.2427,-0.22557682,0.11454471
0.2428,-0.22521698,0.11633485
0.2429,-0.22484228,0.1181246
0.243,-0.22445267,0.11991385
0.2431,-0.22404815,0.12170248
0.2432,-0.22362873,0.12349039
0.24330001,-0.22319436,0.12527743
0.24339999,-0.22274508,0.1270635
0.24349999,-0.22228083,0.12884846
0.2436,-0.22180165,0.13063222
0.2437,-0.22130752,0.13241464
0.2438,-0.22079842,0.13419561
0.2439,-0.22027436,0.135975
0.244,-0.21973534,0.1377527
0.2441,-0.21918136,0.13952857
0.24420001,-0.21861242,0.14130253
0.24429999,-0.21802852,0.14307441
0.24439999,-0.21742964,0.14484413
0.2445,-0.21681581,0.14661154
0.2446,-0.21618703,0.14837652
0.2447,-0.2155433,0.15013897
0.2448,-0.21488459,0.15189879
0.2449,-0.21421094,0.15365583
0.245,-0.21352234,0.15540996
0.24510001,-0.21281882,0.15716109
0.24519999,-0.21210037,0.15890905
0.24529999,-0.21136701,0.16065377
0.2454,-0.21061875,0.16239509
0.2455,-0.2098556,0.16413291
0.2456,-0.20907757,0.16586709
0.2457,-0.20828469,0.16759753
0.2458,-0.20747696,0.1693241
0.24590001,-0.2066544,0.17104667
0.24600001,-0.20581701,0.17276512
0.24609999,-0.20496485,0.17447935
0.2462,-0.2040979,0.1761892
0.2463,-0.20321618,0.17789458
0.2464,-0.20231974,0.17959535
0.2465,-0.20140858,0.1812914
0.2466,-0.20048273,0.18298261
0.2467,-0.19954221,0.18466884
0.24680001,-0.19858706,0.18634999
0.24690001,-0.19761728,0.18802592
0.24699999,-0.19663285,0.18969657
0.2471,-0.19563384,0.19136176
0.2472,-0.19462028,0.19302139
0.2473,-0.19359222,0.19467531
0.2474,-0.19254968,0.19632344
0.2475,-0.19149266,0.19796564
0.2476,-0.19042122,0.19960178
0.24770001,-0.18933541,0.20123175
0.24779999,-0.18823522,0.20285544
0.24789999,-0.18712074,0.20447271
0.248,-0.18599194,0.20608345
0.2481,-0.1848489,0.20768754
0.2482,-0.18369167,0.20928486
0.2483,-0.18252026,0.21087529
0.2484,-0.1813347,0.2124587
0.2485,-0.18013507,0.21403499
0.24860001,-0.17892137,0.21560404
0.24869999,-0.17769368,0.21716571
0.24879999,-0.17645203,0.2187199
0.2489,-0.17519647,0.22026649
0.249,-0.17392702,0.22180535
0.2491,-0.17264372,0.2233364
0.2492,-0.17134663,0.22485948
0.2493,-0.17003581,0.22637449
0.2494,-0.16871129,0.22788131
0.24950001,-0.16737314,0.22937983
0.24959999,-0.16602141,0.23086993
0.24969999,-0.16465613,0.2323515
0.2498,-0.16327739,0.2338244
0.2499,-0.16188522,0.23528853
0.25,-0.16047968,0.23674379
0.25009999,-0.15906082,0.23819004
0.2502,-0.1576287,0.23962718
0.25029999,-0.15618339,0.24105509
0.25040001,-0.15472494,0.24247366
0.25049999,-0.15325342,0.24388278
0.25060001,-0.15176886,0.24528232
0.2507,-0.15027137,0.24667217
0.25080001,-0.14876097,0.24805224
0.2509,-0.14723775,0.2494224
0.25099999,-0.14570177,0.25078255
0.2511,-0.14415307,0.25213253
0.25119999,-0.14259176,0.2534723
0.25130001,-0.14101781,0.25480175
0.25139999,-0.13943137,0.25612068
0.25150001,-0.13783249,0.25742909
0.2516,-0.13622124,0.25872681
0.25170001,-0.1345977,0.26001373
0.2518,-0.13296194,0.26128975
0.25189999,-0.13131402,0.26255476
0.252,-0.12965403,0.26380867
0.25209999,-0.12798205,0.26505134
0.25220001,-0.12629813,0.26628271
0.25229999,-0.12460236,0.26750264
0.25240001,-0.12289482,0.268711
0.2525,-0.12117559,0.26990774
0.25260001,-0.11944474,0.27109274
0.2527,-0.11770236,0.27226588
0.25279999,-0.11594852,0.27342707
0.2529,-0.11418331,0.27457619
0.25299999,-0.11240683,0.27571315
0.25310001,-0.11061913,0.27683786
0.25319999,-0.10882032,0.2779502
0.25330001,-0.10701047,0.27905005
0.2534,-0.10518964,0.28013736
0.25350001,-0.10335792,0.28121197
0.2536,-0.10151541,0.28227386
0.25369999,-0.099662222,0.28332284
0.2538,-0.097798422,0.28435889
0.25389999,-0.095924109,0.28538185
0.25400001,-0.094039373,0.28639168
0.25409999,-0.09214431,0.28738824
0.25420001,-0.090239011,0.28837147
0.2543,-0.088323563,0.28934124
0.25440001,-0.086398065,0.29029745
0.2545,-0.08446262,0.29124007
0.25459999,-0.082517311,0.29216895
0.25470001,-0.080562249,0.293084
0.25479999,-0.078597523,0.29398513
0.25490001,-0.076623231,0.29487228
0.255,-0.074639477,0.29574534
0.25510001,-0.072646357,0.29660422
0.2552,-0.070643976,0.29744881
0.25529999,-0.068632439,0.29827905
0.2554,-0.066611849,0.29909486
0.25549999,-0.064582288,0.29989609
0.25560001,-0.062543832,0.30068272
0.25569999,-0.060496628,0.30145466
0.25580001,-0.058440771,0.30221179
0.2559,-0.056376372,0.30295402
0.25600001,-0.054303542,0.30368131
0.2561,-0.052222382,0.30439356
0.25619999,-0.050133005,0.3050907
0.2563,-0.048035517,0.3057726
0.25639999,-0.045930032,0.30643922
0.25650001,-0.04381666,0.30709049
0.25659999,-0.041695509,0.30772629
0.25670001,-0.039566696,0.3083466
0.2568,-0.037430327,0.30895129
0.25690001,-0.035286527,0.30954027
0.257,-0.033135399,0.31011355
0.25709999,-0.030977067,0.31067097
0.2572,-0.028811643,0.31121251
0.25729999,-0.026639245,0.31173804
0.25740001,-0.02445999,0.31224754
0.25749999,-0.022273997,0.31274092
0.25760001,-0.020081382,0.31321812
0.2577,-0.017882228,0.31367904
0.25780001,-0.015676672,0.3141236
0.2579,-0.013464847,0.31455177
0.25799999,-0.011246873,0.31496349
0.2581,-0.009022872,0.31535864
0.25819999,-0.0067929667,0.31573719
0.25830001,-0.0045572789,0.31609908
0.25839999,-0.0023159324,0.31644425
0.25850001,-6.9051406e-05,0.31677261
0.2586,0.0021832392,0.3170841
0.25870001,0.0044408143,0.3173787
0.2588,0.0067035472,0.31765628
0.25889999,0.0089713121,0.31791684
0.259,0.011243981,0.31816033
0.25909999,0.013521426,0.31838661
0.25920001,0.01580352,0.31859571
0.25929999,0.018090133,0.31878754
0.25940001,0.020381132,0.31896204
0.2595,0.022676393,0.31911916
0.25960001,0.02497578,0.31925884
0.2597,0.027279163,0.31938106
0.25979999,0.029586423,0.31948572
0.2599,0.031897452,0.31957275
0.25999999,0.03421209,0.31964216
0.26010001,0.0365302,0.31969389
0.26019999,0.038851649,0.31972787
0.26030001,0.041176308,0.31974405
0.2604,0.043504041,0.31974241
0.26050001,0.045834705,0.31972289
0.2606,0.048168175,0.31968546
0.26069999,0.050504312,0.31963009
0.2608,0.052842975,0.31955668
0.26089999,0.055184029,0.31946522
0.26100001,0.057527337,0.3193557
0.26109999,0.059872765,0.31922805
0.26120001,0.062220167,0.31908223
0.2613,0.064569406,0.31891823
0.26140001,0.066920348,0.31873596
0.2615,0.069272853,0.31853545
0.26159999,0.071626768,0.31831664
0.2617,0.073981971,0.31807947
0.26179999,0.076338306,0.31782395
0.26190001,0.078695633,0.31755003
0.26199999,0.081053846,0.31725767
0.26210001,0.083412781,0.3169468
0.2622,0.085772298,0.31661749
0.26230001,0.088132247,0.31626961
0.2624,0.09049248,0.31590322
0.26249999,0.092852861,0.31551826
0.2626,0.095213249,0.31511468
0.26269999,0.097573489,0.31469253
0.26280001,0.099933445,0.31425169
0.26289999,0.10229298,0.31379223
0.26300001,0.10465193,0.31331408
0.2631,0.10701016,0.31281725
0.26320001,0.10936751,0.3123017
0.2633,0.11172386,0.31176743
0.26339999,0.11407905,0.31121439
0.26350001,0.11643293,0.31064263
0.26359999,0.11878536,0.31005207
0.26370001,0.12113618,0.30944273
0.2638,0.12348526,0.30881462
0.26390001,0.12583244,0.3081677
0.264,0.12817757,0.30750197
0.26409999,0.13052052,0.30681741
0.2642,0.13286115,0.30611399
0.26429999,0.13519929,0.30539173
0.26440001,0.1375348,0.30465063
0.26449999,0.13986753,0.30389068
0.26460001,0.14219731,0.30311188
0.2647,0.14452402,0.30231425
0.26480001,0.1468475,0.30149776
0.2649,0.1491676,0.30066243
0.26499999,0.15148416,0.29980826
0.2651,0.15379705,0.29893523
0.26519999,0.1561061,0.29804337
0.26530001,0.15841116,0.2971327
0.26539999,0.16071209,0.2962032
0.26550001,0.16300875,0.29525486
0.2656,0.16530097,0.29428771
0.26570001,0.16758859,0.29330179
0.2658,0.16987148,0.29229707
0.26589999,0.17214948,0.29127359
0.266,0.17442244,0.29023135
0.26609999,0.17669021,0.28917035
0.26620001,0.17895263,0.28809062
0.26629999,0.18120958,0.28699216
0.26640001,0.18346089,0.28587499
0.2665,0.18570639,0.28473914
0.26660001,0.18794596,0.28358462
0.2667,0.19017942,0.28241146
0.26679999,0.19240662,0.28121969
0.2669,0.19462743,0.2800093
0.26699999,0.19684169,0.27878037
0.26710001,0.19904923,0.27753291
0.26719999,0.20124993,0.2762669
0.26730001,0.2034436,0.27498242
0.2674,0.20563012,0.27367947
0.26750001,0.20780931,0.27235809
0.2676,0.20998105,0.27101833
0.26769999,0.21214516,0.2696602
0.2678,0.21430151,0.26828372
0.26789999,0.21644993,0.26688898
0.26800001,0.21859027,0.26547599
0.26809999,0.22072241,0.26404476
0.26820001,0.22284615,0.26259533
0.2683,0.22496136,0.2611278
0.26840001,0.22706789,0.25964212
0.2685,0.2291656,0.25813839
0.26859999,0.23125432,0.25661662
0.2687,0.23333392,0.25507689
0.26879999,0.23540422,0.25351924
0.26890001,0.2374651,0.25194368
0.26899999,0.23951639,0.2503503
0.26910001,0.24155794,0.24873914
0.2692,0.24358959,0.24711023
0.26930001,0.24561121,0.24546364
0.2694,0.24762264,0.24379943
0.26949999,0.24962373,0.24211764
0.2696,0.25161433,0.24041833
0.26969999,0.25359431,0.23870154
0.26980001,0.25556347,0.23696736
0.26989999,0.25752169,0.23521581
0.27000001,0.25946885,0.233447
0.2701,0.26140475,0.23166095
0.27020001,0.26332927,0.22985773
0.2703,0.26524225,0.2280374
0.27039999,0.26714355,0.22620004
0.2705,0.26903301,0.22434571
0.27059999,0.27091053,0.22247444
0.27070001,0.27277589,0.22058631
0.27079999,0.274629,0.21868141
0.27090001,0.27646968,0.2167598
0.271,0.27829778,0.21482155
0.27110001,0.28011319,0.21286675
0.2712,0.28191572,0.21089545
0.27129999,0.28370526,0.20890774
0.2714,0.28548163,0.2069037
0.27149999,0.28724471,0.20488338
0.27160001,0.28899434,0.20284688
0.27169999,0.29073042,0.20079428
0.27180001,0.29245272,0.19872567
0.2719,0.29416117,0.1966411
0.27200001,0.29585558,0.19454068
0.2721,0.29753587,0.19242449
0.27219999,0.29920182,0.19029261
0.2723,0.30085331,0.18814513
0.27239999,0.30249023,0.18598214
0.27250001,0.3041124,0.18380371
0.2726,0.30571973,0.18160996
0.27270001,0.30731201,0.17940095
0.2728,0.30888915,0.17717679
0.27289999,0.310451,0.17493758
0.273,0.31199738,0.1726834
0.27309999,0.31352821,0.17041436
0.27320001,0.31504333,0.16813055
0.27329999,0.3165426,0.16583206
0.27340001,0.31802586,0.163519
0.2735,0.319493,0.16119148
0.27360001,0.32094389,0.15884958
0.2737,0.32237834,0.15649343
0.27379999,0.32379627,0.1541231
0.2739,0.32519755,0.15173873
0.27399999,0.32658198,0.14934041
0.27410001,0.32794949,0.14692824
0.27419999,0.32929993,0.14450236
0.27430001,0.33063313,0.14206284
0.2744,0.331949,0.13960983
0.27450001,0.33324739,0.1371434
0.2746,0.33452815,0.13466372
0.27469999,0.3357912,0.13217086
0.2748,0.33703637,0.12966496
0.27489999,0.33826354,0.1271461
0.27500001,0.33947256,0.12461441
0.27509999,0.34066337,0.12207003
0.27520001,0.34183577,0.11951307
0.2753,0.34298962,0.11694366
0.27540001,0.34412488,0.11436193
0.2755,0.34524134,0.11176798
0.27559999,0.34633893,0.10916196
0.2757,0.34741747,0.10654398
0.27579999,0.34847689,0.10391418
0.27590001,0.34951702,0.10127268
0.27599999,0.35053778,0.09861961
0.27610001,0.35153899,0.095955111
0.2762,0.35252059,0.093279317
0.27630001,0.35348243,0.090592347
0.2764,0.35442439,0.08789435
0.27649999,0.35534635,0.085185461
0.2766,0.3562482,0.082465813
0.27669999,0.35712981,0.079735547
0.27680001,0.35799104,0.076994799
0.27689999,0.35883182,0.074243717
0.27700001,0.35965204,0.071482427
0.2771,0.36045155,0.068711057
0.27720001,0.36123028,0.065929785
0.2773,0.36198807,0.063138738
0.27739999,0.36272481,0.060338076
0.2775,0.36344039,0.057527937
0.27759999,0.36413473,0.054708473
0.27770001,0.3648077,0.051879838
0.27779999,0.36545917,0.04904218
0.27790001,0.36608908,0.046195652
0.278,0.36669728,0.043340407
0.27810001,0.36728367,0.040476598
0.2782,0.36784816,0.037604384
0.27829999,0.36839062,0.034723923
0.2784,0.368911,0.031835366
0.27849999,0.36940911,0.028938882
0.27860001,0.36988494,0.026034625
0.27869999,0.37033829,0.02312276
0.27880001,0.37076917,0.020203447
0.2789,0.37117738,0.017276853
0.27900001,0.3715629,0.014343142
0.2791,0.37192556,0.011402478
0.27919999,0.37226537,0.0084550064
0.2793,0.37258217,0.005500915
0.27939999,0.37287584,0.002540373
0.27950001,0.37314636,-0.000426449
0.27959999,0.37339354,-0.0033993793
0.27970001,0.37361738,-0.0063782455
0.2798,0.37381771,-0.0093628736
0.27990001,0.37399453,-0.012353088
0.28,0.37414768,-0.015348713
0.28009999,0.37427709,-0.018349573
0.2802,0.3743827,-0.021355486
0.28029999,0.37446439,-0.024366276
0.28040001,0.37452209,-0.027381761
0.28049999,0.37455574,-0.030401759
0.28060001,0.37456521,-0.033426087
0.2807,0.37455046,-0.036454562
0.28080001,0.37451142,-0.039487001
0.2809,0.37444797,-0.042523209
0.28099999,0.37436005,-0.045563009
0.2811,0.37424758,-0.048606209
0.28119999,0.37411052,-0.051652618
0.28130001,0.37394878,-0.05470207
0.2814,0.37376231,-0.057754371
0.28150001,0.37355101,-0.060809318
0.2816,0.37331483,-0.063866712
0.28169999,0.3730537,-0.066926368
0.2818,0.37276751,-0.069988079
0.28189999,0.37245625,-0.073051654
0.28200001,0.37211984,-0.076116897
0.28209999,0.37175819,-0.079183608
0.28220001,0.3713713,-0.082251586
0.2823,0.37095904,-0.085320629
0.28240001,0.3705214,-0.088390544
0.2825,0.3700583,-0.091461122
0.28259999,0.36956966,-0.094532162
0.2827,0.36905551,-0.097603448
0.28279999,0.3685157,-0.10067479
0.28290001,0.36795023,-0.10374597
0.28299999,0.36735904,-0.10681678
0.28310001,0.3667421,-0.10988703
0.2832,0.36609933,-0.11295648
0.28330001,0.36543068,-0.11602494
0.2834,0.36473617,-0.1190922
0.28349999,0.36401573,-0.1221581
0.2836,0.36326933,-0.12522237
0.28369999,0.36249691,-0.12828481
0.28380001,0.36169842,-0.1313452
0.28389999,0.36087385,-0.13440332
0.28400001,0.36002317,-0.13745897
0.2841,0.3591463,-0.1405119
0.28420001,0.35824326,-0.14356191
0.2843,0.35731399,-0.1466088
0.28439999,0.35635847,-0.14965232
0.2845,0.35537669,-0.15269224
0.28459999,0.3543686,-0.15572837
0.28470001,0.35333419,-0.15876047
0.28479999,0.35227343,-0.16178833
0.28490001,0.35118631,-0.1648117
0.285,0.3500728,-0.16783036
0.28510001,0.34893289,-0.17084411
0.2852,0.34776658,-0.17385268
0.28529999,0.34657383,-0.17685588
0.2854,0.34535468,-0.17985344
0.28549999,0.34410903,-0.18284516
0.28560001,0.34283698,-0.18583088
0.28569999,0.34153852,-0.18881033
0.28580001,0.34021357,-0.19178326
0.2859,0.33886221,-0.19474944
0.28600001,0.33748436,-0.19770864
0.2861,0.33608007,-0.2006606
0.28619999,0.33464932,-0.20360512
0.2863,0.33319217,-0.20654194
0.28639999,0.33170855,-0.20947084
0.28650001,0.3301985,-0.21239157
0.28659999,0.32866207,-0.2153039
0.28670001,0.3270992,-0.21820758
0.2868,0.32551,-0.22110239
0.28690001,0.32389441,-0.22398809
0.287,0.32225245,-0.22686441
0.28709999,0.32058421,-0.22973114
0.2872,0.31888965,-0.23258804
0.28729999,0.31716883,-0.23543485
0.28740001,0.31542173,-0.23827131
0.28749999,0.31364846,-0.24109723
0.28760001,0.31184897,-0.24391231
0.2877,0.31002337,-0.24671635
0.28780001,0.30817166,-0.24950923
0.2879,0.3062939,-0.25229058
0.28799999,0.3043901,-0.25506014
0.2881,0.30246034,-0.25781772
0.28819999,0.30050462,-0.26056302
0.28830001,0.29852304,-0.2632958
0.28839999,0.29651558,-0.26601583
0.28850001,0.29448238,-0.26872286
0.2886,0.2924234,-0.27141666
0.28870001,0.29033875,-0.27409697
0.2888,0.28822851,-0.2767635
0.28889999,0.2860927,-0.27941605
0.289,0.28393137,-0.28205436
0.28909999,0.28174466,-0.28467819
0.28920001,0.27953255,-0.28728727
0.28929999,0.27729517,-0.28988135
0.28940001,0.27503255,-0.2924602
0.2895,0.2727448,-0.29502356
0.28960001,0.270432,-0.29757115
0.2897,0.26809421,-0.30010289
0.28979999,0.26573154,-0.30261847
0.2899,0.26334402,-0.30511758
0.28999999,0.26093182,-0.30759996
0.29010001,0.25849494,-0.31006542
0.2902,0.25603354,-0.31251365
0.29030001,0.25354767,-0.31494442
0.2904,0.25103745,-0.31735748
0.29049999,0.248503,-0.31975257
0.2906,0.24594438,-0.32212949
0.29069999,0.24336171,-0.32448792
0.29080001,0.24075511,-0.32682765
0.29089999,0.23812468,-0.32914844
0.29100001,0.23547053,-0.33145002
0.2911,0.23279278,-0.33373213
0.29120001,0.23009156,-0.33599454
0.2913,0.22736695,-0.33823702
0.29139999,0.22461912,-0.34045929
0.2915,0.22184817,-0.34266108
0.29159999,0.21905422,-0.34484226
0.29170001,0.2162374,-0.34700257
0.29179999,0.21339783,-0.34914172
0.29190001,0.21053568,-0.35125944
0.292,0.20765106,-0.35335553
0.29210001,0.20474413,-0.35542971
0.2922,0.20181504,-0.35748172
0.29229999,0.19886392,-0.35951135
0.2924,0.19589092,-0.36151835
0.29249999,0.1928962,-0.36350244
0.29260001,0.18987991,-0.36546344
0.29269999,0.18684222,-0.36740106
0.29280001,0.18378326,-0.36931509
0.2929,0.18070324,-0.37120527
0.29300001,0.17760228,-0.37307134
0.2931,0.17448056,-0.3749131
0.29319999,0.17133826,-0.37673026
0.2933,0.16817556,-0.37852266
0.29339999,0.16499256,-0.38029012
0.29350001,0.16178948,-0.38203231
0.29359999,0.15856652,-0.38374904
0.29370001,0.15532386,-0.38544002
0.2938,0.15206167,-0.38710508
0.29390001,0.14878017,-0.38874394
0.294,0.14547953,-0.39035636
0.29409999,0.14215995,-0.39194214
0.2942,0.13882163,-0.39350107
0.29429999,0.13546477,-0.39503288
0.29440001,0.13208959,-0.39653736
0.29449999,0.12869626,-0.39801428
0.29460001,0.12528501,-0.39946344
0.2947,0.12185606,-0.4008846
0.29480001,0.11840961,-0.4022775
0.2949,0.11494589,-0.40364197
0.29499999,0.11146511,-0.40497777
0.2951,0.10796744,-0.40628478
0.29519999,0.10445313,-0.4075627
0.29530001,0.10092242,-0.40881133
0.29539999,0.097375549,-0.41003045
0.29550001,0.093812741,-0.41121987
0.2956,0.090234235,-0.41237935
0.29570001,0.086640276,-0.41350871
0.2958,0.083031096,-0.4146077
0.29589999,0.079406947,-0.41567618
0.296,0.075768076,-0.41671386
0.29609999,0.072114721,-0.41772062
0.29620001,0.06844715,-0.41869622
0.29629999,0.064765617,-0.41964048
0.29640001,0.061070371,-0.42055318
0.2965,0.057361681,-0.42143413
0.29660001,0.053639814,-0.42228314
0.2967,0.049905028,-0.42310005
0.29679999,0.046157572,-0.42388463
0.2969,0.042397656,-0.42463681
0.29699999,0.038625613,-0.4253563
0.29710001,0.034841724,-0.42604291
0.29719999,0.031046266,-0.42669651
0.29730001,0.02723952,-0.4273169
0.2974,0.023421774,-0.42790392
0.29750001,0.01959331,-0.42845735
0.2976,0.015754417,-0.42897707
0.29769999,0.01190539,-0.42946288
0.2978,0.0080465227,-0.42991462
0.29789999,0.0041781119,-0.43033212
0.29800001,0.0003004584,-0.43071526
0.29809999,-0.0035861349,-0.4310638
0.29820001,-0.0074813627,-0.43137768
0.2983,-0.011384916,-0.43165666
0.29840001,-0.015296484,-0.43190062
0.2985,-0.019215753,-0.43210945
0.29859999,-0.023142526,-0.43228298
0.2987,-0.027076412,-0.43242106
0.29879999,-0.031017078,-0.43252358
0.29890001,-0.034964204,-0.43259037
0.29899999,-0.038917463,-0.43262127
0.29910001,-0.042876534,-0.4326162
0.2992,-0.046841089,-0.43257502
0.29929999,-0.050810795,-0.43249756
0.2994,-0.054785319,-0.43238375
0.29949999,-0.058764327,-0.43223342
0.29960001,-0.062747478,-0.4320465
0.29969999,-0.066734441,-0.43182284
0.29980001,-0.07072486,-0.43156233
0.2999,-0.074718401,-0.43126488
0.30000001,-0.078714706,-0.43093035
0.3001,-0.08271347,-0.43055868
0.30019999,-0.086714432,-0.43014979
0.3003,-0.090717152,-0.42970353
0.30039999,-0.09472128,-0.42921984
0.30050001,-0.098726451,-0.42869863
0.30059999,-0.10273232,-0.42813978
0.30070001,-0.10673852,-0.42754325
0.3008,-0.11074469,-0.42690894
0.30090001,-0.11475047,-0.42623675
0.301,-0.11875551,-0.42552668
0.30109999,-0.12275943,-0.42477858
0.3012,-0.12676187,-0.42399243
0.30129999,-0.13076244,-0.42316815
0.30140001,-0.1347608,-0.42230573
0.30149999,-0.13875656,-0.42140505
0.30160001,-0.14274932,-0.4204661
0.3017,-0.14673881,-0.41948879
0.30180001,-0.15072465,-0.41847309
0.3019,-0.15470639,-0.41741902
0.30199999,-0.15868369,-0.41632646
0.3021,-0.16265613,-0.41519541
0.30219999,-0.16662337,-0.41402587
0.30230001,-0.17058499,-0.41281778
0.30239999,-0.17454062,-0.41157115
0.30250001,-0.17848989,-0.41028592
0.3026,-0.1824324,-0.40896213
0.30270001,-0.18636775,-0.40759972
0.3028,-0.19029555,-0.40619874
0.30289999,-0.19421543,-0.40475914
0.303,-0.19812699,-0.40328094
0.30309999,-0.20202982,-0.40176418
0.30320001,-0.20592354,-0.40020883
0.30329999,-0.20980784,-0.39861488
0.30340001,-0.21368228,-0.3969824
0.3035,-0.21754643,-0.39531136
0.30360001,-0.22139992,-0.39360183
0.3037,-0.22524235,-0.39185387
0.30379999,-0.22907329,-0.39006746
0.3039,-0.23289238,-0.38824266
0.30399999,-0.23669919,-0.38637951
0.30410001,-0.24049336,-0.38447809
0.30419999,-0.24427444,-0.38253841
0.30430001,-0.24804206,-0.38056055
0.3044,-0.25179583,-0.3785446
0.30450001,-0.2555353,-0.37649056
0.3046,-0.25926009,-0.37439859
0.30469999,-0.26296982,-0.37226868
0.3048,-0.26666409,-0.37010095
0.30489999,-0.27034256,-0.36789542
0.30500001,-0.27400476,-0.36565226
0.30509999,-0.27765033,-0.36337149
0.30520001,-0.28127879,-0.36105329
0.3053,-0.28488979,-0.35869768
0.30540001,-0.28848293,-0.35630482
0.3055,-0.29205781,-0.35387483
0.30559999,-0.29561397,-0.3514078
0.3057,-0.29915109,-0.34890383
0.30579999,-0.30266872,-0.3463631
0.30590001,-0.30616647,-0.34378567
0.30599999,-0.30964395,-0.34117177
0.30610001,-0.31310076,-0.33852145
0.3062,-0.31653646,-0.33583489
0.30630001,-0.31995067,-0.33311224
0.3064,-0.32334307,-0.33035362
0.30649999,-0.32671323,-0.32755914
0.3066,-0.33006075,-0.32472903
0.30669999,-0.33338523,-0.32186344
0.30680001,-0.33668625,-0.31896254
0.30689999,-0.33996344,-0.31602654
0.30700001,-0.34321642,-0.31305555
0.3071,-0.34644476,-0.31004983
0.30720001,-0.34964809,-0.30700952
0.3073,-0.35282603,-0.30393481
0.30739999,-0.35597816,-0.30082595
0.3075,-0.35910413,-0.29768309
0.30759999,-0.36220354,-0.29450646
0.30770001,-0.36527601,-0.29129627
0.30779999,-0.36832112,-0.28805277
0.30790001,-0.37133855,-0.28477612
0.308,-0.37432796,-0.28146648
0.30809999,-0.37728888,-0.27812418
0.3082,-0.38022101,-0.2747494
0.30829999,-0.3831239,-0.2713424
0.30840001,-0.38599724,-0.26790345
0.30849999,-0.38884062,-0.26443276
0.30860001,-0.39165369,-0.26093063
0.3087,-0.39443609,-0.25739726
0.30880001,-0.39718744,-0.25383297
0.3089,-0.39990738,-0.250238
0.30899999,-0.40259555,-0.24661261
0.3091,-0.40525159,-0.24295709
0.30919999,-0.40787515,-0.23927173
0.30930001,-0.41046587,-0.23555681
0.30939999,-0.41302338,-0.23181261
0.30950001,-0.41554737,-0.22803941
0.3096,-0.41803753,-0.2242374
0.30970001,-0.42049345,-0.22040699
0.3098,-0.42291483,-0.21654847
0.30989999,-0.42530128,-0.21266216
0.31,-0.42765251,-0.20874837
0.31009999,-0.42996818,-0.20480742
0.31020001,-0.43224794,-0.20083962
0.31029999,-0.43449149,-0.19684532
0.31040001,-0.4366985,-0.19282484
0.3105,-0.43886861,-0.18877852
0.31060001,-0.44100153,-0.1847067
0.3107,-0.443097,-0.18060973
0.31079999,-0.44515461,-0.17648795
0.3109,-0.4471741,-0.17234172
0.31099999,-0.44915515,-0.16817139
0.31110001,-0.45109752,-0.16397727
0.31119999,-0.45300081,-0.15975967
0.31130001,-0.45486483,-0.15551905
0.3114,-0.45668921,-0.15125579
0.31150001,-0.45847368,-0.14697023
0.3116,-0.46021798,-0.14266276
0.31169999,-0.46192181,-0.13833378
0.3118,-0.46358487,-0.13398366
0.31189999,-0.46520695,-0.1296128
0.31200001,-0.46678773,-0.1252216
0.31209999,-0.46832696,-0.12081043
0.31220001,-0.46982437,-0.11637974
0.3123,-0.47127971,-0.11192991
0.31240001,-0.47269273,-0.10746136
0.3125,-0.47406316,-0.10297441
0.31259999,-0.47539076,-0.098469481
0.3127,-0.4766753,-0.093947038
0.31279999,-0.47791654,-0.089407504
0.31290001,-0.47911426,-0.084851302
0.31299999,-0.48026821,-0.080278859
0.31310001,-0.48137817,-0.075690612
0.3132,-0.4824439,-0.071086988
0.31330001,-0.48346522,-0.066468425
0.3134,-0.48444194,-0.061835371
0.31349999,-0.4853738,-0.057188265
0.3136,-0.48626062,-0.052527558
0.31369999,-0.48710221,-0.047853701
0.31380001,-0.48789835,-0.043167148
0.31389999,-0.48864889,-0.038468312
0.31400001,-0.48935357,-0.033757627
0.3141,-0.49001229,-0.029035596
0.31420001,-0.49062485,-0.024302682
0.3143,-0.49119106,-0.01955935
0.31439999,-0.49171081,-0.014806068
0.3145,-0.49218389,-0.010043305
0.31459999,-0.49261016,-0.0052715377
0.31470001,-0.49298948,-0.00049124024
0.31479999,-0.49332172,0.0042971089
0.31490001,-0.49360669,0.0090930285
0.315,-0.49384433,0.013896034
0.31510001,-0.49403447,0.018705642
0.3152,-0.49417698,0.02352136
0.31529999,-0.49427173,0.028342728
0.3154,-0.4943186,0.033169284
0.31549999,-0.4943175,0.038000498
0.31560001,-0.49426833,0.042835876
0.31569999,-0.49417099,0.04767492
0.31580001,-0.49402538,0.052517135
0.3159,-0.49383143,0.057362016
0.31600001,-0.49358907,0.062209066
0.3161,-0.49329817,0.067057781
0.31619999,-0.49295872,0.071907647
0.3163,-0.49257067,0.076758169
0.31639999,-0.49213389,0.081608832
0.31650001,-0.49164835,0.086459123
0.31659999,-0.49111405,0.091308534
0.31670001,-0.49053088,0.096156567
0.3168,-0.4898988,0.10100277
0.31690001,-0.48921779,0.10584657
0.317,-0.48848784,0.11068746
0.31709999,-0.48770893,0.11552492
0.31720001,-0.48688105,0.12035843
0.31729999,-0.48600417,0.12518749
0.31740001,-0.48507833,0.13001156
0.3175,-0.48410347,0.13483013
0.31760001,-0.48307967,0.13964269
0.3177,-0.48200691,0.1444487
0.31779999,-0.48088518,0.14924766
0.3179,-0.47971457,0.15403904
0.31799999,-0.47849509,0.15882233
0.31810001,-0.47722673,0.16359699
0.31819999,-0.47590953,0.16836257
0.31830001,-0.47454357,0.1731185
0.3184,-0.47312889,0.17786427
0.31850001,-0.47166556,0.18259934
0.3186,-0.47015366,0.1873232
0.31869999,-0.46859327,0.19203533
0.3188,-0.46698442,0.19673522
0.31889999,-0.46532723,0.20142233
0.31900001,-0.46362182,0.20609614
0.31909999,-0.46186823,0.21075615
0.31920001,-0.46006659,0.21540184
0.3193,-0.45821702,0.22003268
0.31940001,-0.45631963,0.22464815
0.3195,-0.45437452,0.22924773
0.31959999,-0.45238176,0.23383096
0.3197,-0.45034152,0.23839729
0.31979999,-0.44825393,0.24294619
0.31990001,-0.44611919,0.24747717
0.31999999,-0.44393739,0.25198972
0.32010001,-0.44170868,0.25648329
0.3202,-0.43943328,0.26095742
0.32030001,-0.43711132,0.26541159
0.3204,-0.43474296,0.26984528
0.32049999,-0.4323284,0.27425796
0.3206,-0.42986783,0.27864918
0.32069999,-0.42736143,0.28301844
0.32080001,-0.4248094,0.28736517
0.32089999,-0.42221195,0.29168895
0.32100001,-0.41956913,0.29598925
0.3211,-0.41688132,0.30026555
0.32120001,-0.41414869,0.30451742
0.3213,-0.41137147,0.30874431
0.32139999,-0.40854988,0.31294575
0.3215,-0.40568414,0.31712127
0.32159999,-0.40277454,0.32127038
0.32170001,-0.39982131,0.32539257
0.32179999,-0.39682469,0.32948738
0.32190001,-0.39378491,0.33355433
0.322,-0.39070228,0.33759296
0.32210001,-0.38757709,0.34160277
0.3222,-0.38440955,0.34558329
0.32229999,-0.38119996,0.34953409
0.3224,-0.37794855,0.35345465
0.32249999,-0.37465563,0.35734457
0.32260001,-0.37132153,0.36120334
0.32269999,-0.36794654,0.36503053
0.32280001,-0.36453092,0.36882564
0.3229,-0.36107507,0.37258831
0.32300001,-0.35757926,0.37631801
0.3231,-0.35404378,0.38001433
0.32319999,-0.35046902,0.38367683
0.3233,-0.34685528,0.38730505
0.32339999,-0.34320292,0.39089859
0.32350001,-0.33951223,0.39445701
0.32359999,-0.33578363,0.39797986
0.32370001,-0.33201742,0.40146676
0.3238,-0.3282139,0.40491721
0.32390001,-0.32437345,0.40833086
0.324,-0.3204965,0.41170728
0.32409999,-0.31658337,0.41504607
0.3242,-0.31263447,0.41834679
0.32429999,-0.30865017,0.42160907
0.32440001,-0.30463085,0.42483252
0.32449999,-0.3005769,0.42801672
0.32460001,-0.29648873,0.43116131
0.3247,-0.29236671,0.43426588
0.32480001,-0.28821129,0.43733007
0.3249,-0.28402287,0.44035348
0.32499999,-0.27980185,0.44333574
0.3251,-0.27554861,0.44627652
0.32519999,-0.2712636,0.44917539
0.32530001,-0.26694718,0.45203203
0.32539999,-0.26259983,0.45484605
0.32550001,-0.25822201,0.45761716
0.3256,-0.25381413,0.46034497
0.32570001,-0.24937665,0.46302915
0.3258,-0.24491,0.46566936
0.32589999,-0.24041463,0.46826527
0.32600001,-0.23589103,0.47081655
0.32609999,-0.2313396,0.4733229
0.32620001,-0.22676086,0.475784
0.3263,-0.22215524,0.47819951
0.32640001,-0.21752323,0.48056918
0.3265,-0.21286531,0.48289263
0.32659999,-0.20818189,0.48516959
0.3267,-0.20347345,0.48739976
0.32679999,-0.19874051,0.48958287
0.32690001,-0.19398355,0.49171859
0.32699999,-0.18920308,0.49380672
0.32710001,-0.18439957,0.49584693
0.3272,-0.17957354,0.497839
0.32730001,-0.17472547,0.49978265
0.3274,-0.16985588,0.50167763
0.32749999,-0.16496526,0.50352365
0.3276,-0.16005413,0.50532055
0.32769999,-0.155123,0.50706798
0.32780001,-0.1501724,0.50876582
0.32789999,-0.14520283,0.51041377
0.32800001,-0.14021479,0.51201165
0.3281,-0.13520879,0.51355916
0.32820001,-0.13018537,0.51505613
0.3283,-0.12514506,0.51650232
0.32839999,-0.12008842,0.51789767
0.3285,-0.11501596,0.51924181
0.32859999,-0.10992822,0.52053469
0.32870001,-0.10482574,0.52177602
0.32879999,-0.099709049,0.52296573
0.32890001,-0.094578706,0.52410358
0.329,-0.08943525,0.5251894
0.32910001,-0.084279232,0.52622312
0.3292,-0.079111196,0.52720445
0.32929999,-0.073931701,0.52813339
0.3294,-0.068741262,0.52900964
0.32949999,-0.063540429,0.52983314
0.32960001,-0.058329783,0.53060377
0.32969999,-0.053109877,0.53132135
0.32980001,-0.047881268,0.53198582
0.3299,-0.042644523,0.53259712
0.33000001,-0.037400197,0.53315502
0.3301,-0.032148857,0.53365952
0.33019999,-0.026891069,0.53411049
0.3303,-0.021627398,0.53450781
0.33039999,-0.016358411,0.53485149
0.33050001,-0.011084676,0.53514141
0.33059999,-0.0058067627,0.5353775
0.33070001,-0.00052524236,0.53555971
0.3308,0.0047593284,0.53568792
0.33090001,0.010046399,0.53576213
0.331,0.015335373,0.53578222
0.33109999,0.020625677,0.5357483
0.3312,0.02591674,0.53566021
0.33129999,0.031207986,0.53551799
0.33140001,0.036498841,0.53532165
0.33149999,0.041788734,0.53507107
0.33160001,0.047077082,0.53476638
0.3317,0.052363317,0.5344075
0.33180001,0.057646863,0.5339945
0.3319,0.062927134,0.53352731
0.33199999,0.068203568,0.53300601
0.3321,0.073475584,0.53243059
0.33219999,0.078742608,0.5318011
0.33230001,0.084004089,0.53111756
0.33239999,0.089259431,0.53038001
0.33250001,0.094508059,0.52958846
0.3326,0.099749401,0.52874309
0.33270001,0.10498289,0.52784383
0.3328,0.11020794,0.52689087
0.33289999,0.11542398,0.52588421
0.333,0.12063046,0.52482396
0.33309999,0.12582678,0.52371019
0.33320001,0.13101238,0.52254307
0.33329999,0.1361867,0.52132261
0.33340001,0.14134917,0.52004898
0.3335,0.1464992,0.5187223
0.33360001,0.15163626,0.51734263
0.3337,0.15675977,0.51591003
0.33379999,0.16186917,0.51442474
0.3339,0.16696388,0.51288688
0.33399999,0.17204337,0.51129657
0.33410001,0.17710705,0.50965399
0.33419999,0.18215437,0.50795931
0.33430001,0.1871848,0.50621265
0.3344,0.19219774,0.5044142
0.33450001,0.19719267,0.50256419
0.3346,0.20216903,0.50066268
0.33469999,0.20712627,0.49871001
0.3348,0.21206385,0.49670628
0.33489999,0.21698122,0.49465168
0.33500001,0.22187783,0.49254647
0.3351,0.22675315,0.49039075
0.33520001,0.23160662,0.48818481
0.3353,0.23643772,0.48592886
0.33539999,0.24124591,0.48362315
0.3355,0.24603067,0.48126787
0.33559999,0.25079146,0.47886333
0.33570001,0.25552776,0.47640976
0.33579999,0.26023903,0.47390738
0.33590001,0.26492476,0.47135645
0.336,0.26958445,0.46875727
0.33610001,0.27421755,0.46611011
0.3362,0.27882355,0.46341524
0.33629999,0.28340197,0.46067291
0.3364,0.28795227,0.45788345
0.33649999,0.29247394,0.45504701
0.33660001,0.29696652,0.45216402
0.33669999,0.30142945,0.44923478
0.33680001,0.30586231,0.44625956
0.3369,0.31026453,0.44323868
0.33700001,0.31463569,0.44017246
0.3371,0.31897527,0.43706125
0.33719999,0.32328278,0.43390539
0.3373,0.32755777,0.43070516
0.33739999,0.33179975,0.42746094
0.33750001,0.33600825,0.42417309
0.33759999,0.34018281,0.42084193
0.33770001,0.34432295,0.41746783
0.3378,0.34842822,0.41405118
0.33790001,0.35249817,0.41059223
0.338,0.35653231,0.40709144
0.33809999,0.36053023,0.40354913
0.3382,0.36449146,0.39996576
0.33829999,0.36841559,0.39634168
0.33840001,0.37230217,0.39267725
0.33849999,0.37615079,0.38897294
0.33860001,0.37996098,0.38522908
0.3387,0.38373235,0.38144609
0.33880001,0.38746446,0.37762442
0.3389,0.39115694,0.37376446
0.33899999,0.39480931,0.36986661
0.3391,0.39842123,0.36593133
0.33919999,0.40199226,0.36195904
0.33930001,0.40552199,0.35795009
0.33939999,0.40901005,0.35390499
0.33950001,0.41245604,0.34982416
0.3396,0.41585958,0.34570804
0.33970001,0.4192203,0.34155709
0.3398,0.42253783,0.33737177
0.33989999,0.42581183,0.33315253
0.34,0.42904186,0.32889986
0.34009999,0.43222764,0.3246142
0.34020001,0.43536878,0.32029599
0.34029999,0.43846494,0.31594574
0.34040001,0.44151577,0.31156397
0.3405,0.44452095,0.30715108
0.34060001,0.44748017,0.30270761
0.3407,0.45039299,0.29823399
0.34079999,0.45325917,0.29373071
0.3409,0.45607838,0.28919828
0.34099999,0.45885029,0.28463724
0.34110001,0.46157464,0.28004807
0.34119999,0.4642511,0.27543125
0.34130001,0.46687937,0.27078733
0.3414,0.46945918,0.2661168
0.34150001,0.47199023,0.26142016
0.3416,0.47447222,0.25669795
0.34169999,0.47690496,0.25195071
0.3418,0.4792881,0.24717896
0.34189999,0.48162141,0.2423832
0.34200001,0.48390463,0.23756397
0.34209999,0.48613748,0.23272179
0.34220001,0.48831969,0.22785719
0.3423,0.4904511,0.22297071
0.34240001,0.49253145,0.21806291
0.3425,0.49456048,0.21313432
0.34259999,0.49653798,0.20818551
0.3427,0.49846375,0.20321701
0.34279999,0.5003376,0.19822937
0.34290001,0.5021593,0.19322316
0.34299999,0.50392866,0.18819892
0.34310001,0.50564545,0.18315722
0.3432,0.50730956,0.17809862
0.34330001,0.50892079,0.17302369
0.3434,0.51047891,0.16793297
0.34349999,0.51198381,0.16282701
0.3436,0.51343524,0.15770639
0.34369999,0.51483309,0.15257171
0.34380001,0.51617724,0.14742349
0.3439,0.5174675,0.14226235
0.34400001,0.51870376,0.13708885
0.3441,0.51988596,0.13190356
0.34419999,0.52101386,0.12670706
0.3443,0.52208734,0.12149995
0.34439999,0.5231064,0.11628278
0.34450001,0.52407086,0.11105615
0.34459999,0.52498066,0.10582065
0.34470001,0.52583563,0.10057685
0.3448,0.52663583,0.095325343
0.34490001,0.52738094,0.090066694
0.345,0.52807105,0.084801495
0.34509999,0.52870607,0.079530336
0.3452,0.52928591,0.074253812
0.34529999,0.52981049,0.068972506
0.34540001,0.53027987,0.063687027
0.34549999,0.53069389,0.058397941
0.34560001,0.53105259,0.053105857
0.3457,0.53135592,0.047811363
0.34580001,0.53160387,0.042515047
0.3459,0.53179634,0.037217505
0.34599999,0.53193343,0.031919334
0.3461,0.53201514,0.026621122
0.34619999,0.53204137,0.021323463
0.34630001,0.53201216,0.016026944
0.34639999,0.53192753,0.010732145
0.34650001,0.53178751,0.0054396726
0.3466,0.53159213,0.00015012009
0.34670001,0.53134137,-0.0051359204
0.3468,0.53103536,-0.010417856
0.34689999,0.5306741,-0.015695097
0.347,0.53025764,-0.02096705
0.34709999,0.52978605,-0.026233124
0.34720001,0.52925944,-0.031492732
0.34729999,0.52867782,-0.03674528
0.34740001,0.5280413,-0.04199018
0.3475,0.52734995,-0.047226846
0.34760001,0.52660388,-0.052454691
0.3477,0.52580315,-0.057673126
0.34779999,0.52494788,-0.062881581
0.3479,0.52403814,-0.068079464
0.34799999,0.52307409,-0.073266186
0.34810001,0.5220558,-0.078441165
0.34819999,0.52098352,-0.083603829
0.34830001,0.51985729,-0.088753596
0.3484,0.51867729,-0.093889885
0.34850001,0.51744366,-0.099012114
0.3486,0.51615655,-0.10411973
0.34869999,0.51481616,-0.10921213
0.3488,0.51342261,-0.11428877
0.34889999,0.51197606,-0.11934906
0.34900001,0.51047677,-0.12439245
0.34909999,0.50892484,-0.12941836
0.34920001,0.5073204,-0.13442624
0.3493,0.50566381,-0.13941552
0.34940001,0.50395513,-0.14438562
0.3495,0.50219464,-0.14933603
0.34959999,0.50038254,-0.15426615
0.3497,0.49851912,-0.15917544
0.34979999,0.49660453,-0.16406336
0.34990001,0.49463901,-0.16892937
0.34999999,0.49262282,-0.1737729
0.35010001,0.49055624,-0.17859341
0.3502,0.48843944,-0.18339038
0.35030001,0.48627278,-0.18816325
0.3504,0.48405644,-0.19291149
0.35049999,0.48179075,-0.19763458
0.3506,0.47947589,-0.20233198
0.35069999,0.47711217,-0.20700313
0.35080001,0.47469991,-0.21164757
0.35089999,0.4722394,-0.21626474
0.35100001,0.46973091,-0.22085412
0.3511,0.4671748,-0.22541523
0.35120001,0.46457133,-0.22994752
0.3513,0.46192086,-0.2344505
0.35139999,0.45922366,-0.23892367
0.3515,0.45648009,-0.24336652
0.35159999,0.45369047,-0.24777855
0.35170001,0.45085517,-0.2521593
0.35179999,0.4479745,-0.25650823
0.35190001,0.44504881,-0.26082489
0.352,0.44207838,-0.26510876
0.35210001,0.43906364,-0.26935938
0.3522,0.43600497,-0.27357626
0.35229999,0.43290269,-0.27775896
0.3524,0.42975721,-0.28190699
0.35249999,0.4265689,-0.28601992
0.35260001,0.42333812,-0.29009724
0.3527,0.42006531,-0.29413852
0.35280001,0.41675082,-0.2981433
0.3529,0.41339511,-0.30211118
0.35299999,0.40999851,-0.30604166
0.3531,0.40656149,-0.30993432
0.35319999,0.40308443,-0.31378871
0.35330001,0.39956778,-0.31760445
0.35339999,0.39601186,-0.32138106
0.35350001,0.39241716,-0.32511812
0.3536,0.38878411,-0.32881525
0.35370001,0.38511318,-0.33247203
0.3538,0.38140479,-0.33608803
0.35389999,0.37765938,-0.33966288
0.354,0.37387741,-0.34319615
0.35409999,0.37005931,-0.34668747
0.35420001,0.36620557,-0.35013646
0.35429999,0.36231667,-0.35354275
0.35440001,0.35839304,-0.35690591
0.3545,0.35443518,-0.36022562
0.35460001,0.35044357,-0.36350149
0.3547,0.34641865,-0.36673316
0.35479999,0.34236088,-0.36992028
0.3549,0.33827081,-0.37306246
0.35499999,0.33414888,-0.37615937
0.35510001,0.3299956,-0.37921071
0.35519999,0.32581151,-0.3822161
0.35530001,0.32159707,-0.38517523
0.3554,0.31735283,-0.38808778
0.35550001,0.31307927,-0.39095342
0.3556,0.30877689,-0.39377186
0.35569999,0.30444625,-0.39654276
0.3558,0.30008784,-0.39926583
0.35589999,0.29570222,-0.40194079
0.35600001,0.29128987,-0.40456733
0.35609999,0.28685138,-0.4071452
0.35620001,0.2823872,-0.40967405
0.3563,0.27789789,-0.4121536
0.35640001,0.273384,-0.41458365
0.3565,0.26884609,-0.41696391
0.35659999,0.2642847,-0.41929412
0.3567,0.25970036,-0.42157406
0.35679999,0.25509366,-0.42380345
0.35690001,0.25046512,-0.42598206
0.35699999,0.24581532,-0.42810965
0.35710001,0.24114482,-0.43018603
0.3572,0.23645417,-0.43221095
0.35730001,0.23174396,-0.43418422
0.3574,0.22701474,-0.43610561
0.35749999,0.22226709,-0.43797496
0.3576,0.21750154,-0.43979201
0.35769999,0.21271867,-0.44155654
0.35780001,0.20791906,-0.44326845
0.35789999,0.20310332,-0.44492751
0.35800001,0.19827202,-0.44653359
0.3581,0.19342573,-0.44808653
0.35820001,0.18856506,-0.44958615
0.3583,0.18369056,-0.45103231
0.35839999,0.17880285,-0.45242485
0.3585,0.17390251,-0.45376366
0.35859999,0.16899014,-0.45504859
0.35870001,0.16406631,-0.45627952
0.35879999,0.15913165,-0.45745635
0.35890001,0.15418673,-0.45857894
0.359,0.14923212,-0.45964718
0.35910001,0.14426844,-0.46066093
0.3592,0.13929629,-0.46162015
0.35929999,0.13431628,-0.46252477
0.3594,0.129329,-0.46337464
0.35949999,0.12433506,-0.46416977
0.35960001,0.11933506,-0.46491006
0.35969999,0.11432961,-0.46559545
0.35980001,0.10931932,-0.46622592
0.3599,0.10430478,-0.46680138
0.36000001,0.099286623,-0.46732178
0.3601,0.094265431,-0.46778715
0.36019999,0.089241825,-0.46819741
0.3603,0.084216408,-0.46855259
0.36039999,0.079189777,-0.46885261
0.36050001,0.074162535,-0.46909744
0.36059999,0.069135301,-0.46928716
0.36070001,0.064108677,-0.46942174
0.3608,0.05908329,-0.4695012
0.36090001,0.054059736,-0.46952555
0.361,0.049038626,-0.46949485
0.36109999,0.044020571,-0.46940914
0.3612,0.039006177,-0.46926841
0.36129999,0.033996053,-0.46907276
0.36140001,0.028990805,-0.46882221
0.36149999,0.023991043,-0.46851686
0.36160001,0.018997375,-0.46815673
0.3617,0.014010403,-0.46774197
0.36179999,0.0090307286,-0.46727255
0.3619,0.0040589403,-0.4667486
0.36199999,-0.00090434257,-0.46617019
0.36210001,-0.0058585182,-0.46553749
0.36219999,-0.010802985,-0.46485054
0.36230001,-0.015737142,-0.46410951
0.3624,-0.020660393,-0.4633145
0.36250001,-0.025572136,-0.46246564
0.3626,-0.030471778,-0.46156308
0.36269999,-0.035358723,-0.46060696
0.3628,-0.040232372,-0.45959738
0.36289999,-0.045092139,-0.45853457
0.36300001,-0.049937431,-0.45741865
0.36309999,-0.054767661,-0.4562498
0.36320001,-0.059582241,-0.45502821
0.3633,-0.064380594,-0.45375395
0.36340001,-0.06916213,-0.45242727
0.3635,-0.073926263,-0.4510484
0.36359999,-0.078672424,-0.44961751
0.3637,-0.083400033,-0.44813484
0.36379999,-0.088108502,-0.44660056
0.36390001,-0.092797279,-0.44501492
0.36399999,-0.097465776,-0.44337815
0.36410001,-0.10211343,-0.44169047
0.3642,-0.10673968,-0.43995216
0.36430001,-0.11134396,-0.4381634
0.3644,-0.11592571,-0.43632451
0.36449999,-0.12048437,-0.43443573
0.3646,-0.12501939,-0.43249726
0.36469999,-0.12953022,-0.43050939
0.36480001,-0.13401629,-0.42847237
0.36489999,-0.13847709,-0.42638656
0.36500001,-0.14291203,-0.42425221
0.3651,-0.14732061,-0.42206961
0.36520001,-0.15170228,-0.41983911
0.3653,-0.15605651,-0.41756096
0.36539999,-0.16038276,-0.41523552
0.3655,-0.16468053,-0.41286308
0.36559999,-0.16894925,-0.41044396
0.36570001,-0.17318843,-0.40797853
0.36579999,-0.17739756,-0.40546712
0.36590001,-0.18157612,-0.40291005
0.366,-0.1857236,-0.40030771
0.36610001,-0.18983947,-0.39766032
0.3662,-0.19392325,-0.39496833
0.36629999,-0.19797446,-0.39223212
0.3664,-0.20199257,-0.38945207
0.36649999,-0.20597711,-0.38662851
0.36660001,-0.20992762,-0.38376188
0.36669999,-0.21384357,-0.38085252
0.36680001,-0.21772452,-0.37790087
0.3669,-0.22156999,-0.37490731
0.36700001,-0.2253795,-0.37187222
0.3671,-0.22915259,-0.36879608
0.36719999,-0.23288882,-0.36567923
0.3673,-0.23658772,-0.36252216
0.36739999,-0.24024884,-0.35932526
0.36750001,-0.24387172,-0.35608888
0.36759999,-0.24745592,-0.35281351
0.36770001,-0.25100103,-0.34949961
0.3678,-0.25450659,-0.34614763
0.36790001,-0.25797221,-0.342758
0.368,-0.26139742,-0.33933121
0.36809999,-0.26478186,-0.33586773
0.3682,-0.26812509,-0.33236796
0.36829999,-0.27142671,-0.32883245
0.36840001,-0.27468631,-0.32526162
0.36849999,-0.27790353,-0.32165596
0.36860001,-0.28107792,-0.31801599
0.3687,-0.28420916,-0.31434217
0.36880001,-0.28729683,-0.31063503
0.3689,-0.29034054,-0.30689496
0.36899999,-0.29333994,-0.30312249
0.3691,-0.29629466,-0.29931819
0.36919999,-0.29920438,-0.29548255
0.36930001,-0.30206868,-0.29161605
0.36939999,-0.30488729,-0.28771928
0.36950001,-0.30765983,-0.2837927
0.3696,-0.31038597,-0.27983686
0.36970001,-0.31306541,-0.27585229
0.3698,-0.31569779,-0.27183956
0.36989999,-0.31828281,-0.26779914
0.37,-0.32082018,-0.26373166
0.37009999,-0.32330957,-0.25963759
0.37020001,-0.32575071,-0.25551754
0.37029999,-0.32814324,-0.25137195
0.37040001,-0.33048689,-0.24720144
0.3705,-0.33278143,-0.24300659
0.37059999,-0.33502656,-0.23878793
0.3707,-0.33722201,-0.23454605
0.37079999,-0.33936751,-0.23028153
0.37090001,-0.34146285,-0.22599493
0.37099999,-0.34350774,-0.22168681
0.37110001,-0.34550196,-0.21735778
0.3712,-0.34744528,-0.2130084
0.37130001,-0.34933746,-0.20863928
0.3714,-0.35117829,-0.20425099
0.37149999,-0.35296756,-0.19984412
0.3716,-0.35470504,-0.19541928
0.37169999,-0.35639051,-0.19097701
0.37180001,-0.35802376,-0.18651791
0.37189999,-0.35960466,-0.18204261
0.37200001,-0.36113301,-0.1775517
0.3721,-0.36260861,-0.17304581
0.37220001,-0.36403134,-0.16852553
0.3723,-0.365401,-0.16399147
0.37239999,-0.36671746,-0.15944423
0.3725,-0.36798054,-0.15488444
0.37259999,-0.36919016,-0.15031272
0.37270001,-0.37034616,-0.14572968
0.37279999,-0.3714484,-0.14113593
0.37290001,-0.37249678,-0.13653211
0.373,-0.37349117,-0.13191883
0.37310001,-0.37443146,-0.12729667
0.3732,-0.37531751,-0.12266627
0.37329999,-0.37614927,-0.11802827
0.3734,-0.37692669,-0.11338329
0.37349999,-0.37764964,-0.10873198
0.37360001,-0.37831807,-0.10407495
0.37369999,-0.37893194,-0.099412821
0.37380001,-0.37949118,-0.094746247
0.3739,-0.37999576,-0.09007585
0.37400001,-0.3804456,-0.085402258
0.3741,-0.38084072,-0.080726117
0.37419999,-0.38118106,-0.076048054
0.3743,-0.3814666,-0.071368694
0.37439999,-0.38169736,-0.066688694
0.37450001,-0.38187328,-0.062008649
0.37459999,-0.38199434,-0.057329193
0.37470001,-0.38206059,-0.052650977
0.3748,-0.38207206,-0.047974639
0.37490001,-0.38202876,-0.043300815
0.375,-0.38193074,-0.038630139
0.37509999,-0.38177803,-0.033963244
0.3752,-0.38157067,-0.029300768
0.37529999,-0.3813087,-0.024643345
0.37540001,-0.38099226,-0.019991608
0.37549999,-0.38062134,-0.015346192
0.37560001,-0.38019606,-0.01070773
0.3757,-0.37971649,-0.0060768565
0.37580001,-0.3791827,-0.0014542015
0.3759,-0.37859479,0.003159618
0.37599999,-0.37795284,0.0077639823
0.3761,-0.37725696,0.012358246
0.37619999,-0.37650731,0.016941784
0.37630001,-0.37570402,0.021513967
0.37639999,-0.3748472,0.026074171
0.37650001,-0.37393701,0.030621773
0.3766,-0.37297359,0.035156149
0.37670001,-0.37195709,0.039676681
0.3768,-0.37088773,0.044182748
0.37689999,-0.36976561,0.04867373
0.377,-0.36859095,0.053149018
0.37709999,-0.36736393,0.05760799
0.37720001,-0.36608472,0.062050033
0.37729999,-0.36475354,0.066474549
0.37740001,-0.36337051,0.070880942
0.3775,-0.36193588,0.075268582
0.37760001,-0.36044994,0.079636879
0.3777,-0.35891286,0.083985224
0.37779999,-0.3573249,0.088313028
0.3779,-0.35568631,0.092619687
0.37799999,-0.35399729,0.096904606
0.37810001,-0.35225815,0.1011672
0.37819999,-0.35046914,0.10540688
0.37830001,-0.34863052,0.10962306
0.3784,-0.3467426,0.11381515
0.37850001,-0.34480563,0.11798259
0.3786,-0.34281993,0.12212478
0.37869999,-0.34078574,0.12624118
0.3788,-0.3387033,0.13033117
0.37889999,-0.33657303,0.13439424
0.37900001,-0.33439523,0.13842979
0.37909999,-0.33217019,0.14243726
0.37920001,-0.3298983,0.14641613
0.3793,-0.32757983,0.1503658
0.37940001,-0.32521516,0.15428576
0.3795,-0.32280466,0.15817544
0.37959999,-0.32034865,0.16203432
0.37970001,-0.31784752,0.16586185
0.37979999,-0.31530166,0.16965748
0.37990001,-0.31271139,0.17342073
0.38,-0.31007713,0.17715102
0.38010001,-0.30739927,0.18084788
0.3802,-0.30467808,0.18451075
0.38029999,-0.30191407,0.18813913
0.3804,-0.29910764,0.19173253
0.38049999,-0.29625919,0.19529042
0.38060001,-0.29336914,0.19881232
0.38069999,-0.29043794,0.20229775
0.38080001,-0.28746599,0.20574619
0.3809,-0.28445375,0.20915718
0.38100001,-0.28140166,0.21253024
0.3811,-0.27831015,0.2158649
0.38119999,-0.27517971,0.21916068
0.3813,-0.27201077,0.22241712
0.38139999,-0.26880383,0.22563376
0.38150001,-0.26555935,0.22881015
0.38159999,-0.26227766,0.23194581
0.38170001,-0.25895938,0.23504032
0.3818,-0.25560498,0.23809326
0.38190001,-0.25221494,0.24110419
0.382,-0.24878976,0.24407266
0.38209999,-0.24532996,0.24699828
0.3822,-0.24183604,0.24988063
0.38229999,-0.23830852,0.25271931
0.38240001,-0.2347479,0.25551388
0.38249999,-0.23115472,0.25826398
0.38260001,-0.22752953,0.26096922
0.3827,-0.22387283,0.2636292
0.38280001,-0.22018516,0.26624355
0.3829,-0.2164671,0.26881191
0.38299999,-0.21271905,0.27133384
0.3831,-0.20894168,0.27380905
0.38319999,-0.20513551,0.27623713
0.38330001,-0.20130113,0.2786178
0.38339999,-0.19743909,0.28095067
0.38350001,-0.19354996,0.28323543
0.3836,-0.18963432,0.28547174
0.38370001,-0.18569276,0.28765932
0.3838,-0.18172583,0.28979778
0.38389999,-0.17773412,0.2918869
0.384,-0.17371826,0.2939263
0.38409999,-0.16967881,0.29591575
0.38420001,-0.16561638,0.29785493
0.38429999,-0.16153157,0.29974356
0.38440001,-0.1574249,0.30158132
0.3845,-0.15329702,0.303368
0.38460001,-0.14914857,0.3051033
0.3847,-0.14498015,0.30678698
0.38479999,-0.14079238,0.30841884
0.3849,-0.13658589,0.3099986
0.38499999,-0.13236129,0.31152603
0.38510001,-0.12811922,0.31300092
0.38519999,-0.1238603,0.31442305
0.38530001,-0.11958517,0.31579223
0.3854,-0.11529447,0.31710824
0.38550001,-0.11098883,0.31837091
0.3856,-0.1066689,0.31958002
0.38569999,-0.10233533,0.32073539
0.3858,-0.097988687,0.32183683
0.38589999,-0.093629651,0.32288417
0.38600001,-0.089258887,0.32387727
0.38609999,-0.084877059,0.32481602
0.38620001,-0.080484815,0.32570025
0.3863,-0.076082803,0.3265298
0.38640001,-0.071671695,0.3273046
0.3865,-0.067252137,0.32802448
0.38659999,-0.062824808,0.32868937
0.3867,-0.058390357,0.32929915
0.38679999,-0.05394946,0.32985374
0.38690001,-0.049502783,0.33035305
0.38699999,-0.045050994,0.33079702
0.38710001,-0.040594764,0.33118555
0.3872,-0.036134712,0.33151853
0.38730001,-0.031671528,0.3317959
0.3874,-0.027205896,0.33201766
0.38749999,-0.022738492,0.33218378
0.3876,-0.018269993,0.3322942
0.38769999,-0.01380107,0.33234894
0.38780001,-0.0093323989,0.33234793
0.38789999,-0.0048646573,0.33229122
0.38800001,-0.0003985212,0.33217877
0.3881,0.0040653325,0.33201063
0.38820001,0.0085262256,0.33178678
0.3883,0.01298348,0.33150727
0.38839999,0.017436417,0.33117214
0.38850001,0.021884359,0.3307814
0.38859999,0.026326666,0.33033508
0.38870001,0.030762654,0.32983321
0.3888,0.035191633,0.32927591
0.38890001,0.039612923,0.32866326
0.389,0.04402585,0.3279953
0.38909999,0.048429742,0.32727215
0.3892,0.05282392,0.32649392
0.38929999,0.057207718,0.32566071
0.38940001,0.061580457,0.32477263
0.38949999,0.065941468,0.32382983
0.38960001,0.070290081,0.32283238
0.3897,0.074625626,0.32178047
0.38980001,0.078947432,0.32067427
0.3899,0.083254836,0.31951389
0.38999999,0.08754719,0.31829944
0.3901,0.091823839,0.31703109
0.39019999,0.096084096,0.31570905
0.39030001,0.10032731,0.31433356
0.39039999,0.10455283,0.31290475
0.39050001,0.10875998,0.31142285
0.3906,0.11294813,0.30988809
0.39070001,0.11711662,0.30830067
0.3908,0.12126479,0.3066608
0.39089999,0.125392,0.30496877
0.391,0.12949762,0.30322477
0.39109999,0.13358097,0.30142909
0.39120001,0.13764144,0.29958197
0.39129999,0.14167839,0.29768372
0.39140001,0.1456912,0.29573449
0.3915,0.14967923,0.29373458
0.39160001,0.15364185,0.29168433
0.3917,0.15757842,0.28958401
0.39179999,0.16148835,0.28743398
0.3919,0.165371,0.28523451
0.39199999,0.16922575,0.28298593
0.39210001,0.17305201,0.28068858
0.39219999,0.17684916,0.27834278
0.39230001,0.18061659,0.27594891
0.3924,0.18435371,0.27350727
0.39250001,0.18805993,0.27101827
0.3926,0.19173463,0.26848224
0.39269999,0.19537726,0.2658996
0.3928,0.1989872,0.26327065
0.39289999,0.2025639,0.26059574
0.39300001,0.20610675,0.25787532
0.39309999,0.20961522,0.25510979
0.39320001,0.21308871,0.25229958
0.3933,0.21652666,0.2494451
0.39340001,0.21992853,0.24654678
0.3935,0.22329377,0.24360502
0.39359999,0.22662181,0.2406203
0.3937,0.22991213,0.23759304
0.39379999,0.23316418,0.2345237
0.39390001,0.23637742,0.23141274
0.39399999,0.23955135,0.22826064
0.39410001,0.24268542,0.22506785
0.3942,0.24577913,0.22183484
0.39430001,0.24883193,0.21856201
0.3944,0.25184333,0.21524991
0.39449999,0.25481287,0.21189907
0.3946,0.25774002,0.20851
0.39469999,0.26062429,0.20508316
0.39480001,0.26346523,0.20161912
0.39489999,0.26626229,0.19811837
0.39500001,0.2690151,0.19458145
0.3951,0.27172312,0.19100891
0.39520001,0.2743859,0.18740128
0.3953,0.27700302,0.18375911
0.39539999,0.27957404,0.18008296
0.3955,0.28209847,0.17637339
0.39559999,0.28457594,0.17263095
0.39570001,0.28700593,0.16885611
0.39579999,0.28938806,0.16504952
0.39590001,0.29172194,0.16121179
0.396,0.29400715,0.15734349
0.39610001,0.29624328,0.1534452
0.3962,0.29842997,0.14951754
0.39629999,0.30056679,0.1455611
0.3964,0.3026534,0.1415765
0.39649999,0.30468944,0.13756433
0.39660001,0.30667448,0.13352524
0.39669999,0.30860823,0.12945984
0.39680001,0.31049031,0.12536876
0.3969,0.31232041,0.12125264
0.39700001,0.31409815,0.11711211
0.3971,0.31582317,0.11294769
0.39719999,0.3174952,0.10876013
0.3973,0.31911391,0.10455007
0.39739999,0.32067901,0.10031817
0.39750001,0.3221902,0.096065089
0.3976,0.32364717,0.091791488
0.39770001,0.32504967,0.087498039
0.3978,0.32639742,0.083185405
0.39789999,0.32769018,0.07885427
0.398,0.32892764,0.074505314
0.39809999,0.3301096,0.070139214
0.39820001,0.3312358,0.065756664
0.39829999,0.332306,0.061358359
0.39840001,0.33331999,0.056944989
0.3985,0.33427751,0.052517142
0.39860001,0.33517835,0.048075601
0.3987,0.33602235,0.043621067
0.39879999,0.33680931,0.03915425
0.3989,0.33753902,0.034675855
0.39899999,0.33821139,0.030186594
0.39910001,0.33882615,0.02568718
0.39919999,0.33938324,0.021178333
0.39930001,0.33988246,0.016660772
0.3994,0.34032369,0.012135221
0.39950001,0.34070677,0.0076024039
0.3996,0.34103164,0.0030630503
0.39969999,0.34129813,-0.0014821397
0.3998,0.34150606,-0.0060324874
0.39989999,0.34165543,-0.010587208
0.40000001,0.34174615,-0.015145567
0.40009999,0.34177813,-0.019706834
0.40020001,0.34175131,-0.024270268
0.4003,0.3416656,-0.028835136
0.40040001,0.34152099,-0.033400696
0.4005,0.34131742,-0.037966207
0.40059999,0.34105489,-0.042530932
0.4007,0.34073332,-0.047094122
0.40079999,0.34035274,-0.051655039
0.40090001,0.33991316,-0.056212932
0.40099999,0.33941451,-0.060767088
0.40110001,0.33885682,-0.065316759
0.4012,0.33824012,-0.069861189
0.40130001,0.33756447,-0.074399628
0.4014,0.33682987,-0.078931339
0.40149999,0.33603641,-0.083455563
0.4016,0.33518413,-0.087971553
0.40169999,0.3342731,-0.092478581
0.40180001,0.33330342,-0.096975878
0.40189999,0.33227518,-0.10146271
0.40200001,0.33118844,-0.10593834
0.4021,0.33004335,-0.11040201
0.40220001,0.32883999,-0.11485297
0.4023,0.32757846,-0.11929052
0.40239999,0.3262589,-0.12371389
0.4025,0.32488146,-0.12812233
0.40259999,0.32344633,-0.13251512
0.40270001,0.32195362,-0.1368915
0.40279999,0.32040358,-0.14125074
0.40290001,0.31879631,-0.14559212
0.403,0.31713206,-0.14991488
0.40310001,0.31541097,-0.15421829
0.4032,0.31363332,-0.15850163
0.40329999,0.31179932,-0.16276415
0.4034,0.30990914,-0.16700515
0.40349999,0.30796304,-0.17122389
0.40360001,0.30596122,-0.17541967
0.40369999,0.30390397,-0.17959176
0.40380001,0.30179158,-0.18373944
0.4039,0.29962429,-0.18786198
0.40400001,0.29740238,-0.1919587
0.4041,0.29512617,-0.19602884
0.40419999,0.29279596,-0.20007174
0.4043,0.29041207,-0.20408666
0.40439999,0.28797477,-0.20807293
0.40450001,0.28548446,-0.21202983
0.40459999,0.28294143,-0.21595667
0.40470001,0.28034604,-0.21985278
0.4048,0.27769861,-0.22371745
0.40490001,0.27499947,-0.22755003
0.405,0.27224907,-0.23134981
0.40509999,0.26944774,-0.23511614
0.4052,0.2665959,-0.23884833
0.40529999,0.26369393,-0.24254571
0.40540001,0.26074228,-0.24620762
0.40549999,0.25774133,-0.24983343
0.40560001,0.25469151,-0.25342247
0.4057,0.25159329,-0.25697407
0.40580001,0.24844706,-0.26048759
0.4059,0.24525332,-0.26396245
0.40599999,0.24201252,-0.26739794
0.4061,0.23872502,-0.27079347
0.40619999,0.23539136,-0.2741484
0.40630001,0.23201206,-0.27746212
0.4064,0.22858758,-0.28073406
0.40650001,0.22511843,-0.28396353
0.4066,0.22160512,-0.28715
0.40669999,0.21804817,-0.29029283
0.4068,0.21444811,-0.29339147
0.40689999,0.21080548,-0.29644531
0.40700001,0.20712079,-0.29945377
0.40709999,0.20339462,-0.30241629
0.40720001,0.19962753,-0.3053323
0.4073,0.19582006,-0.30820125
0.40740001,0.19197272,-0.31102255
0.4075,0.18808614,-0.31379572
0.40759999,0.1841609,-0.31652015
0.4077,0.18019763,-0.31919536
0.40779999,0.17619689,-0.3218208
0.40790001,0.17215931,-0.32439598
0.40799999,0.1680855,-0.32692036
0.40810001,0.1639761,-0.32939345
0.4082,0.15983173,-0.33181474
0.40830001,0.15565303,-0.33418375
0.4084,0.15144064,-0.33650005
0.40849999,0.14719522,-0.33876309
0.4086,0.14291738,-0.34097242
0.40869999,0.13860776,-0.34312758
0.40880001,0.13426708,-0.34522811
0.40889999,0.12989601,-0.34727362
0.40900001,0.12549524,-0.34926364
0.4091,0.12106547,-0.35119772
0.40920001,0.11660737,-0.3530755
0.4093,0.11212165,-0.35489655
0.40939999,0.10760903,-0.35666043
0.4095,0.10307022,-0.35836682
0.40959999,0.098505937,-0.36001527
0.40970001,0.093916915,-0.36160544
0.40979999,0.089303888,-0.36313695
0.40990001,0.084667504,-0.36460942
0.41,0.080008544,-0.36602253
0.41010001,0.075327776,-0.36737594
0.4102,0.070625946,-0.3686693
0.41029999,0.06590382,-0.36990231
0.4104,0.061162148,-0.37107465
0.41049999,0.056401704,-0.37218601
0.41060001,0.051623259,-0.37323609
0.41069999,0.046827588,-0.37422466
0.41080001,0.042015478,-0.3751514
0.4109,0.03718771,-0.37601605
0.41100001,0.032345083,-0.37681839
0.4111,0.027488366,-0.37755811
0.41119999,0.022618294,-0.37823498
0.4113,0.017735723,-0.37884879
0.41139999,0.012841462,-0.37939936
0.41150001,0.0079363175,-0.37988642
0.41159999,0.003021101,-0.38030982
0.41170001,-0.0019033719,-0.38066939
0.4118,-0.0068362816,-0.38096493
0.41190001,-0.011776806,-0.38119626
0.412,-0.016724119,-0.38136327
0.41209999,-0.02167739,-0.38146579
0.4122,-0.026635788,-0.3815037
0.41229999,-0.031598479,-0.38147688
0.41240001,-0.036564659,-0.38138518
0.41249999,-0.041533515,-0.38122845
0.41260001,-0.04650417,-0.38100669
0.4127,-0.051475782,-0.38071978
0.41280001,-0.056447502,-0.38036767
0.4129,-0.061418489,-0.37995028
0.41299999,-0.066387892,-0.37946758
0.4131,-0.071354859,-0.37891954
0.41319999,-0.076318547,-0.37830612
0.41330001,-0.081278086,-0.37762731
0.41339999,-0.08623264,-0.37688312
0.41350001,-0.09118133,-0.37607351
0.4136,-0.096123323,-0.37519857
0.41370001,-0.1010578,-0.37425822
0.4138,-0.10598389,-0.37325254
0.41389999,-0.11090071,-0.37218159
0.414,-0.11580742,-0.37104544
0.41409999,-0.12070315,-0.36984414
0.41420001,-0.12558703,-0.36857781
0.41429999,-0.13045824,-0.36724654
0.41440001,-0.13531587,-0.36585042
0.4145,-0.1401591,-0.36438957
0.41460001,-0.14498706,-0.36286411
0.4147,-0.14979888,-0.36127421
0.41479999,-0.15459372,-0.35962003
0.4149,-0.15937074,-0.35790172
0.41499999,-0.16412909,-0.35611933
0.41510001,-0.16886793,-0.35427314
0.4152,-0.17358637,-0.35236335
0.41530001,-0.17828359,-0.35039017
0.4154,-0.18295871,-0.3483538
0.41549999,-0.18761091,-0.34625453
0.4156,-0.19223933,-0.34409252
0.41569999,-0.19684315,-0.34186807
0.41580001,-0.2014215,-0.33958143
0.41589999,-0.20597355,-0.33723292
0.41600001,-0.21049847,-0.33482277
0.4161,-0.21499543,-0.3323513
0.41620001,-0.21946362,-0.32981879
0.4163,-0.2239022,-0.32722551
0.41639999,-0.22831036,-0.32457185
0.4165,-0.23268726,-0.32185817
0.41659999,-0.2370321,-0.31908476
0.41670001,-0.24134405,-0.31625205
0.41679999,-0.24562231,-0.31336042
0.41690001,-0.24986607,-0.3104102
0.417,-0.25407451,-0.30740184
0.41710001,-0.25824687,-0.30433574
0.4172,-0.26238236,-0.30121228
0.41729999,-0.26648015,-0.29803199
0.4174,-0.27053946,-0.29479522
0.41749999,-0.27455959,-0.29150236
0.41760001,-0.27853969,-0.28815389
0.41769999,-0.28247899,-0.28475034
0.41780001,-0.28637677,-0.2812922
0.4179,-0.29023224,-0.27777994
0.41800001,-0.29404467,-0.27421409
0.4181,-0.2978133,-0.27059513
0.41819999,-0.30153736,-0.26692361
0.4183,-0.30521619,-0.26320007
0.41839999,-0.30884898,-0.25942507
0.41850001,-0.31243506,-0.25559914
0.41859999,-0.31597367,-0.25172287
0.41870001,-0.31946415,-0.24779685
0.4188,-0.32290575,-0.24382152
0.41890001,-0.32629782,-0.23979756
0.419,-0.32963964,-0.23572561
0.41909999,-0.33293054,-0.23160626
0.4192,-0.33616984,-0.22744016
0.41929999,-0.33935687,-0.22322793
0.41940001,-0.34249094,-0.21897024
0.41949999,-0.34557149,-0.21466772
0.41960001,-0.34859776,-0.21032105
0.4197,-0.35156921,-0.20593092
0.41980001,-0.35448515,-0.20149799
0.4199,-0.35734499,-0.19702299
0.41999999,-0.3601481,-0.19250654
0.4201,-0.36289388,-0.1879493
0.42019999,-0.36558172,-0.18335208
0.42030001,-0.36821109,-0.17871562
0.42039999,-0.37078133,-0.17404062
0.42050001,-0.37329194,-0.16932783
0.4206,-0.37574235,-0.16457802
0.42070001,-0.37813196,-0.15979196
0.4208,-0.38046029,-0.15497042
0.42089999,-0.38272679,-0.15011416
0.421,-0.38493094,-0.145224
0.42109999,-0.38707224,-0.14030074
0.42120001,-0.38915014,-0.13534515
0.42129999,-0.39116418,-0.13035795
0.42140001,-0.39311385,-0.12534001
0.4215,-0.39499873,-0.12029218
0.42160001,-0.39681831,-0.11521528
0.4217,-0.39857215,-0.11011016
0.42179999,-0.40025982,-0.10497767
0.4219,-0.40188092,-0.099818654
0.42199999,-0.40343499,-0.094633982
0.42210001,-0.40492162,-0.089424513
0.42219999,-0.40634045,-0.084191144
0.42230001,-0.40769109,-0.078934737
0.4224,-0.40897316,-0.073656186
0.42250001,-0.41018629,-0.068356387
0.4226,-0.41133007,-0.063036144
0.42269999,-0.41240421,-0.057696432
0.4228,-0.4134084,-0.052338164
0.42289999,-0.41434228,-0.046962261
0.42300001,-0.4152056,-0.041569635
0.42309999,-0.41599804,-0.036161225
0.42320001,-0.41671935,-0.030737961
0.4233,-0.41736922,-0.025300782
0.42340001,-0.41794741,-0.019850634
0.4235,-0.41845369,-0.014388468
0.42359999,-0.41888782,-0.0089152399
0.4237,-0.41924953,-0.0034318215
0.42379999,-0.41953865,0.0020608248
0.42390001,-0.41975495,0.0075616934
0.42399999,-0.4198983,0.013069817
0.42410001,-0.41996852,0.018584227
0.4242,-0.41996545,0.024103947
0.42429999,-0.41988894,0.029627999
0.4244,-0.41973889,0.035155404
0.42449999,-0.41951513,0.040685177
0.42460001,-0.41921762,0.046216328
0.42469999,-0.41884625,0.051747866
0.42480001,-0.41840088,0.057278812
0.4249,-0.41788149,0.062808238
0.42500001,-0.41728798,0.068335086
0.4251,-0.41662037,0.073858373
0.42519999,-0.41587862,0.079377085
0.4253,-0.41506273,0.084890239
0.42539999,-0.41417268,0.090396821
0.42550001,-0.41320848,0.095895834
0.42559999,-0.4121702,0.10138627
0.42570001,-0.41105786,0.10686712
0.4258,-0.40987155,0.11233738
0.42590001,-0.4086113,0.11779604
0.426,-0.40727714,0.12324214
0.42609999,-0.40586922,0.12867464
0.4262,-0.40438762,0.13409255
0.42629999,-0.40283254,0.13949484
0.42640001,-0.40120405,0.14488052
0.42649999,-0.39950234,0.15024857
0.42660001,-0.39772755,0.155598
0.4267,-0.39587989,0.16092779
0.42680001,-0.39395952,0.16623694
0.4269,-0.39196673,0.17152447
0.42699999,-0.38990167,0.17678934
0.4271,-0.38776454,0.1820306
0.42719999,-0.3855556,0.18724728
0.42730001,-0.38327515,0.19243832
0.42739999,-0.38092345,0.19760276
0.42750001,-0.37850079,0.20273961
0.4276,-0.37600747,0.20784788
0.42770001,-0.37344384,0.21292658
0.4278,-0.37081021,0.21797474
0.42789999,-0.36810696,0.22299138
0.428,-0.36533442,0.2279755
0.42809999,-0.36249298,0.23292617
0.42820001,-0.35958302,0.23784241
0.42829999,-0.35660484,0.24272329
0.42840001,-0.35355896,0.24756782
0.4285,-0.35044578,0.25237504
0.42860001,-0.34726572,0.25714403
0.4287,-0.34401929,0.26187384
0.42879999,-0.34070691,0.26656353
0.4289,-0.33732912,0.27121213
0.42899999,-0.33388636,0.27581877
0.42910001,-0.33037919,0.28038248
0.42919999,-0.32680809,0.28490239
0.42930001,-0.32317364,0.28937754
0.4294,-0.31947631,0.29380709
0.42950001,-0.31571665,0.29819009
0.4296,-0.31189528,0.30252567
0.42969999,-0.30801275,0.30681294
0.4298,-0.30406976,0.31105104
0.42989999,-0.3000668,0.31523907
0.43000001,-0.29600459,0.3193762
0.43009999,-0.29188374,0.32346156
0.43020001,-0.28770489,0.32749429
0.4303,-0.28346869,0.33147356
0.43040001,-0.27917588,0.33539855
0.4305,-0.27482709,0.33926845
0.43059999,-0.27042297,0.3430824
0.4307,-0.26596424,0.34683964
0.43079999,-0.26145166,0.35053933
0.43090001,-0.25688601,0.35418072
0.43099999,-0.25226796,0.35776302
0.43110001,-0.24759831,0.36128545
0.4312,-0.24287781,0.36474726
0.43130001,-0.23810728,0.3681477
0.4314,-0.2332875,0.37148604
0.43149999,-0.22841927,0.37476155
0.4316,-0.22350343,0.3779735
0.43169999,-0.2185407,0.38112116
0.43180001,-0.21353194,0.38420382
0.43189999,-0.20847805,0.38722083
0.43200001,-0.20337987,0.39017153
0.4321,-0.19823827,0.3930552
0.43220001,-0.19305412,0.39587122
0.4323,-0.18782835,0.39861894
0.43239999,-0.18256181,0.40129775
0.4325,-0.17725545,0.40390697
0.43259999,-0.17191017,0.40644607
0.43270001,-0.1665269,0.40891439
0.43279999,-0.16110657,0.41131139
0.43290001,-0.15565003,0.41363642
0.433,-0.15015833,0.41588899
0.43309999,-0.14463243,0.41806853
0.4332,-0.13907328,0.42017451
0.43329999,-0.13348188,0.4222064
0.43340001,-0.12785922,0.4241637
0.43349999,-0.12220629,0.42604592
0.43360001,-0.11652412,0.4278526
0.4337,-0.11081369,0.42958325
0.43380001,-0.10507606,0.4312374
0.4339,-0.099312253,0.43281463
0.43399999,-0.093523197,0.43431446
0.4341,-0.087710001,0.43573654
0.43419999,-0.081873722,0.43708038
0.43430001,-0.076015413,0.4383457
0.43439999,-0.070136152,0.43953207
0.43450001,-0.064236999,0.44063917
0.4346,-0.058319036,0.44166663
0.43470001,-0.052383341,0.44261414
0.4348,-0.046431009,0.44348139
0.43489999,-0.040463138,0.44426805
0.435,-0.034480825,0.44497389
0.43509999,-0.028485132,0.4455986
0.43520001,-0.022477144,0.44614187
0.43529999,-0.016458016,0.44660354
0.43540001,-0.010428866,0.44698334
0.4355,-0.0043908171,0.44728112
0.43560001,0.0016550045,0.44749662
0.4357,0.0077074668,0.44762975
0.43579999,0.013765434,0.44768029
0.4359,0.019827768,0.44764811
0.43599999,0.025893323,0.4475331
0.43610001,0.031960953,0.44733512
0.43619999,0.038029518,0.44705412
0.43630001,0.044097941,0.44668987
0.4364,0.050165016,0.44624239
0.43650001,0.056229588,0.44571167
0.4366,0.062290501,0.44509766
0.43669999,0.068346597,0.44440031
0.4368,0.074396715,0.44361964
0.43689999,0.080439694,0.44275567
0.43700001,0.086474366,0.44180843
0.43709999,0.092499584,0.44077802
0.43720001,0.098514169,0.43966442
0.4373,0.10451696,0.43846777
0.43740001,0.11050684,0.43718809
0.4375,0.11648264,0.4358255
0.43759999,0.12244318,0.43438017
0.4377,0.12838729,0.43285221
0.43779999,0.13431382,0.43124184
0.43790001,0.1402216,0.42954919
0.43799999,0.14610948,0.42777449
0.43810001,0.15197629,0.42591795
0.4382,0.1578209,0.42397979
0.43830001,0.16364211,0.42196026
0.4384,0.16943881,0.41985965
0.43849999,0.17520985,0.41767818
0.4386,0.18095411,0.41541609
0.43869999,0.18667044,0.41307375
0.43880001,0.19235766,0.41065148
0.43889999,0.19801466,0.40814966
0.43900001,0.20364033,0.40556863
0.4391,0.20923349,0.40290877
0.43920001,0.21479306,0.40017048
0.4393,0.2203179,0.39735413
0.43939999,0.22580689,0.39446023
0.4395,0.23125893,0.39148915
0.43959999,0.23667292,0.38844141
0.43970001,0.24204777,0.38531736
0.43979999,0.24738239,0.38211751
0.43990001,0.25267568,0.37884238
0.44,0.25792655,0.37549257
0.44010001,0.26313394,0.37206855
0.4402,0.26829675,0.36857089
0.44029999,0.27341396,0.36500019
0.4404,0.27848452,0.36135697
0.44049999,0.28350732,0.35764191
0.44060001,0.28848138,0.35385558
0.44069999,0.29340565,0.34999865
0.44080001,0.29827911,0.34607169
0.4409,0.30310073,0.34207532
0.44100001,0.30786949,0.33801025
0.4411,0.31258443,0.33387724
0.44119999,0.31724456,0.32967693
0.4413,0.32184887,0.32541007
0.44139999,0.32639638,0.32107741
0.44150001,0.33088616,0.31667966
0.44159999,0.33531722,0.31221765
0.44170001,0.33968866,0.30769211
0.4418,0.34399953,0.30310386
0.44190001,0.34824893,0.29845372
0.442,0.35243589,0.29374233
0.44209999,0.35655951,0.28897065
0.44220001,0.36061898,0.28413954
0.44229999,0.36461332,0.27924985
0.44240001,0.36854178,0.27430242
0.4425,0.37240338,0.26929823
0.44260001,0.37619737,0.26423809
0.4427,0.3799229,0.25912297
0.44279999,0.38357913,0.25395375
0.4429,0.38716525,0.24873143
0.44299999,0.39068049,0.24345694
0.44310001,0.39412406,0.23813117
0.44319999,0.39749515,0.23275508
0.44330001,0.40079302,0.2273297
0.4434,0.40401697,0.22185603
0.44350001,0.40716624,0.21633509
0.4436,0.41024011,0.21076789
0.44369999,0.41323793,0.20515548
0.4438,0.41615894,0.19949889
0.44389999,0.41900253,0.1937992
0.44400001,0.42176804,0.18805744
0.44409999,0.42445478,0.18227471
0.44420001,0.42706218,0.1764521
0.4443,0.42958951,0.17059055
0.44440001,0.43203628,0.1646913
0.4445,0.43440184,0.15875542
0.44459999,0.43668568,0.15278408
0.4447,0.43888724,0.14677837
0.44479999,0.44100595,0.14073946
0.44490001,0.44304129,0.13466847
0.44499999,0.44499284,0.12856659
0.44510001,0.44686002,0.122435
0.4452,0.4486424,0.11627483
0.44530001,0.45033953,0.11008731
0.4454,0.45195091,0.10387351
0.44549999,0.4534761,0.097634681
0.4456,0.45491478,0.091372028
0.44569999,0.45626649,0.085086778
0.44580001,0.45753092,0.078780137
0.44589999,0.45870769,0.072453342
0.44600001,0.45979646,0.066107616
0.4461,0.46079689,0.059744187
0.44620001,0.46170875,0.05336431
0.4463,0.46253172,0.046969231
0.44639999,0.46326551,0.040560205
0.4465,0.46390986,0.034138452
0.44659999,0.46446452,0.027705183
0.44670001,0.46492928,0.021261716
0.44679999,0.46530396,0.01480932
0.44690001,0.46558839,0.0083492678
0.447,0.4657824,0.0018828353
0.44710001,0.46588588,-0.0045886971
0.4472,0.46589866,-0.011064046
0.44729999,0.4658207,-0.017541924
0.4474,0.46565187,-0.024021044
0.44749999,0.46539214,-0.030500112
0.44760001,0.46504143,-0.036977831
0.44769999,0.46459958,-0.043453
0.44780001,0.46406671,-0.049924262
0.4479,0.4634428,-0.056390319
0.44800001,0.46272784,-0.062849872
0.4481,0.46192196,-0.069301635
0.44819999,0.46102515,-0.075744294
0.4483,0.46003753,-0.082176559
0.44839999,0.45895916,-0.088597134
0.44850001,0.45779023,-0.095004715
0.44859999,0.45653084,-0.10139801
0.44870001,0.45518115,-0.10777572
0.4488,0.45374128,-0.11413657
0.44890001,0.45221138,-0.1204793
0.449,0.45059171,-0.12680258
0.44909999,0.44888252,-0.13310513
0.4492,0.44708407,-0.13938566
0.44929999,0.44519663,-0.14564288
0.44940001,0.44322047,-0.15187553
0.44949999,0.44115591,-0.15808231
0.44960001,0.43900326,-0.16426195
0.4497,0.43676287,-0.1704132
0.44980001,0.43443516,-0.17653477
0.4499,0.43202043,-0.18262543
0.44999999,0.42951897,-0.18868391
0.4501,0.42693129,-0.19470897
0.45019999,0.42425787,-0.20069936
0.45030001,0.4214991,-0.20665382
0.45039999,0.41865551,-0.21257113
0.45050001,0.41572756,-0.21845005
0.4506,0.41271576,-0.22428939
0.45070001,0.40962067,-0.23008789
0.4508,0.40644279,-0.23584436
0.45089999,0.40318272,-0.2415576
0.45100001,0.39984104,-0.2472264
0.45109999,0.39641824,-0.25284961
0.45120001,0.39291495,-0.25842601
0.4513,0.38933185,-0.26395443
0.45140001,0.38566956,-0.26943374
0.4515,0.3819288,-0.27486277
0.45159999,0.3781102,-0.28024036
0.4517,0.37421453,-0.28556538
0.45179999,0.37024245,-0.29083669
0.45190001,0.36619473,-0.2960532
0.45199999,0.36207211,-0.3012138
0.45210001,0.35787538,-0.30631739
0.4522,0.35360524,-0.31136289
0.45230001,0.34926248,-0.31634918
0.4524,0.34484792,-0.3212752
0.45249999,0.34036246,-0.32613993
0.4526,0.33580691,-0.33094233
0.45269999,0.33118215,-0.33568135
0.45280001,0.32648903,-0.34035596
0.45289999,0.3217285,-0.34496519
0.45300001,0.31690145,-0.34950799
0.4531,0.3120088,-0.35398346
0.45320001,0.30705148,-0.35839054
0.4533,0.3020305,-0.36272836
0.45339999,0.29694664,-0.36699587
0.4535,0.29180098,-0.37119222
0.45359999,0.28659454,-0.37531644
0.45370001,0.28132832,-0.37936765
0.45379999,0.27600336,-0.38334501
0.45390001,0.27062067,-0.38724756
0.454,0.26518133,-0.39107454
0.45410001,0.25968641,-0.39482501
0.4542,0.25413695,-0.39849821
0.45429999,0.24853411,-0.40209332
0.4544,0.24287896,-0.40560952
0.45449999,0.23717256,-0.40904599
0.45460001,0.23141597,-0.41240197
0.45469999,0.22561041,-0.41567674
0.45480001,0.21975704,-0.41886955
0.4549,0.21385701,-0.42197967
0.45500001,0.20791151,-0.42500642
0.4551,0.2019217,-0.42794913
0.45519999,0.1958888,-0.43080708
0.4553,0.189814,-0.43357965
0.45539999,0.18369852,-0.43626624
0.45550001,0.17754361,-0.4388662
0.45559999,0.17135048,-0.44137892
0.45570001,0.16512024,-0.44380376
0.4558,0.15885425,-0.44614017
0.45590001,0.15255378,-0.44838765
0.456,0.14622007,-0.45054567
0.45609999,0.13985445,-0.45261368
0.4562,0.13345815,-0.45459124
0.45629999,0.12703252,-0.45647785
0.45640001,0.12057883,-0.45827305
0.45649999,0.11409839,-0.45997643
0.45660001,0.10759255,-0.46158758
0.4567,0.1010626,-0.46310607
0.45680001,0.094509833,-0.46453148
0.4569,0.087935559,-0.46586344
0.45699999,0.081341177,-0.46710163
0.4571,0.07472802,-0.46824577
0.45719999,0.06809745,-0.46929553
0.45730001,0.06145082,-0.47025061
0.45739999,0.054789502,-0.47111079
0.45750001,0.048114859,-0.47187582
0.4576,0.041428268,-0.47254547
0.45770001,0.034731105,-0.47311953
0.4578,0.028024755,-0.47359785
0.45789999,0.021310581,-0.47398022
0.458,0.014589901,-0.47426638
0.45809999,0.0078641623,-0.47445634
0.45820001,0.0011347577,-0.47454998
0.45829999,-0.0055969208,-0.47454721
0.45840001,-0.012329478,-0.47444797
0.4585,-0.019061515,-0.47425219
0.45860001,-0.025791634,-0.47395992
0.4587,-0.032518435,-0.47357112
0.45879999,-0.039240517,-0.47308582
0.4589,-0.045956474,-0.47250405
0.45899999,-0.05266491,-0.4718259
0.45910001,-0.059364479,-0.47105131
0.45919999,-0.066053756,-0.47018042
0.45930001,-0.072731331,-0.46921343
0.4594,-0.079395808,-0.46815041
0.45950001,-0.086045794,-0.4669916
0.4596,-0.092679888,-0.46573713
0.45969999,-0.099296704,-0.46438724
0.4598,-0.10589485,-0.46294212
0.45989999,-0.11247293,-0.46140206
0.46000001,-0.11902957,-0.45976731
0.4601,-0.12556337,-0.45803815
0.46020001,-0.13207299,-0.45621485
0.4603,-0.13855706,-0.45429766
0.46039999,-0.1450142,-0.45228699
0.4605,-0.15144303,-0.45018324
0.46059999,-0.1578422,-0.44798675
0.46070001,-0.16421036,-0.44569799
0.46079999,-0.17054616,-0.44331735
0.46090001,-0.17684825,-0.44084528
0.461,-0.18311529,-0.43828225
0.46110001,-0.18934594,-0.43562877
0.4612,-0.19553889,-0.43288535
0.46129999,-0.20169282,-0.43005249
0.4614,-0.20780642,-0.42713058
0.46149999,-0.21387839,-0.42412034
0.46160001,-0.21990743,-0.4210223
0.46169999,-0.22589226,-0.41783708
0.46180001,-0.23183158,-0.41456532
0.4619,-0.23772413,-0.41120768
0.46200001,-0.24356866,-0.40776476
0.4621,-0.24936388,-0.40423733
0.46219999,-0.25510859,-0.40062603
0.4623,-0.26080155,-0.39693159
0.46239999,-0.26644152,-0.39315477
0.46250001,-0.27202728,-0.3892962
0.46259999,-0.27755764,-0.38535666
0.46270001,-0.2830314,-0.38133702
0.4628,-0.28844738,-0.37723804
0.46290001,-0.29380441,-0.37306055
0.463,-0.29910132,-0.36880544
0.46309999,-0.30433699,-0.36447355
0.4632,-0.30951029,-0.36006573
0.46329999,-0.31462011,-0.35558292
0.46340001,-0.31966528,-0.351026
0.46349999,-0.32464477,-0.34639594
0.46360001,-0.32955745,-0.34169367
0.4637,-0.33440223,-0.33691993
0.46380001,-0.33917812,-0.33207589
0.4639,-0.34388399,-0.32716253
0.46399999,-0.34851891,-0.32218087
0.4641,-0.35308182,-0.31713188
0.46419999,-0.35757172,-0.31201664
0.46430001,-0.36198765,-0.30683619
0.46439999,-0.36632863,-0.3015916
0.46450001,-0.3705937,-0.29628402
0.4646,-0.37478194,-0.29091448
0.46470001,-0.37889242,-0.28548411
0.4648,-0.3829242,-0.27999392
0.46489999,-0.38687637,-0.27444509
0.465,-0.39074811,-0.26883882
0.46509999,-0.39453858,-0.26317629
0.46520001,-0.39824688,-0.25745866
0.46529999,-0.40187225,-0.25168711
0.46540001,-0.40541384,-0.24586286
0.4655,-0.40887088,-0.23998712
0.46560001,-0.41224262,-0.23406115
0.4657,-0.4155283,-0.22808619
0.46579999,-0.41872719,-0.22206347
0.4659,-0.42183855,-0.21599424
0.46599999,-0.42486161,-0.20987968
0.46610001,-0.42779577,-0.20372117
0.46619999,-0.43064037,-0.19751999
0.46630001,-0.43339473,-0.19127744
0.4664,-0.43605828,-0.18499488
0.46650001,-0.4386304,-0.1786736
0.4666,-0.44111052,-0.17231494
0.46669999,-0.44349808,-0.16592026
0.4668,-0.4457925,-0.15949091
0.46689999,-0.44799328,-0.15302825
0.46700001,-0.45009995,-0.14653368
0.46709999,-0.45211187,-0.14000843
0.46720001,-0.4540287,-0.13345397
0.4673,-0.45584992,-0.12687171
0.46740001,-0.4575752,-0.12026303
0.4675,-0.45920408,-0.11362937
0.46759999,-0.46073622,-0.10697211
0.4677,-0.46217123,-0.1002927
0.46779999,-0.46350878,-0.093592554
0.46790001,-0.46474859,-0.086873107
0.46799999,-0.46589032,-0.080135807
0.46810001,-0.46693361,-0.073382013
0.4682,-0.46787822,-0.066613175
0.46830001,-0.46872398,-0.059830789
0.4684,-0.46947065,-0.053036291
0.46849999,-0.47011805,-0.046231147
0.4686,-0.47066596,-0.039416812
0.46869999,-0.47111431,-0.032594752
0.46880001,-0.47146294,-0.025766432
0.4689,-0.47171175,-0.018933322
0.46900001,-0.47186065,-0.012096893
0.4691,-0.47190955,-0.0052586007
0.46919999,-0.47185835,0.0015801027
0.4693,-0.47170711,0.0084177209
0.46939999,-0.47145578,0.01525278
0.46950001,-0.47110447,0.022083804
0.46959999,-0.47065315,0.028909318
0.46970001,-0.47010189,0.035727847
0.4698,-0.46945086,0.042537916
0.46990001,-0.46870008,0.04933805
0.47,-0.46784976,0.056126777
0.47009999,-0.46690002,0.062902622
0.4702,-0.46585095,0.06966415
0.47029999,-0.46470281,0.076409869
0.47040001,-0.46345583,0.083138317
0.47049999,-0.46211022,0.089848034
0.47060001,-0.46066633,0.096537553
0.4707,-0.45912436,0.10320543
0.47080001,-0.45748466,0.1098502
0.4709,-0.45574757,0.11647043
0.47099999,-0.45391345,0.12306466
0.4711,-0.45198265,0.12963146
0.47119999,-0.44995549,0.13616942
0.47130001,-0.44783241,0.1426771
0.47139999,-0.44561389,0.14915308
0.47150001,-0.44330037,0.15559593
0.4716,-0.44089234,0.16200425
0.47170001,-0.43839028,0.16837664
0.4718,-0.43579477,0.1747117
0.47189999,-0.4331063,0.18100804
0.472,-0.43032545,0.18726429
0.47209999,-0.42745283,0.19347908
0.47220001,-0.42448899,0.19965102
0.47229999,-0.42143449,0.20577878
0.47240001,-0.41829008,0.211861
0.4725,-0.41505638,0.21789636
0.47260001,-0.41173407,0.22388351
0.4727,-0.40832391,0.22982115
0.47279999,-0.40482658,0.23570797
0.4729,-0.40124285,0.24154265
0.47299999,-0.39757347,0.24732395
0.47310001,-0.39381924,0.25305054
0.47319999,-0.38998097,0.2587212
0.47330001,-0.38605937,0.26433465
0.4734,-0.38205534,0.26988962
0.47350001,-0.37796977,0.27538496
0.4736,-0.37380353,0.28081939
0.47369999,-0.3695575,0.28619173
0.4738,-0.36523262,0.29150078
0.47389999,-0.3608298,0.29674539
0.47400001,-0.35635003,0.30192438
0.47409999,-0.35179427,0.30703658
0.47420001,-0.3471635,0.31208092
0.4743,-0.34245861,0.31705618
0.47440001,-0.3376807,0.32196128
0.4745,-0.33283082,0.32679516
0.47459999,-0.32791001,0.33155674
0.4747,-0.32291934,0.33624494
0.47479999,-0.31785989,0.34085876
0.47490001,-0.31273282,0.34539711
0.47499999,-0.30753917,0.34985903
0.47510001,-0.30228013,0.35424349
0.4752,-0.29695684,0.35854954
0.47530001,-0.29157037,0.36277613
0.4754,-0.28612193,0.36692241
0.47549999,-0.28061277,0.37098739
0.4756,-0.27504405,0.37497017
0.47569999,-0.26941702,0.37886989
0.47580001,-0.26373288,0.38268563
0.47589999,-0.25799292,0.38641658
0.47600001,-0.2521984,0.39006189
0.4761,-0.24635056,0.3936207
0.47620001,-0.24045071,0.39709228
0.4763,-0.23450013,0.40047577
0.47639999,-0.22850007,0.40377042
0.4765,-0.22245191,0.40697551
0.47659999,-0.21635699,0.41009027
0.47670001,-0.21021664,0.41311404
0.47679999,-0.20403223,0.41604614
0.47690001,-0.19780511,0.41888589
0.477,-0.19153668,0.42163265
0.47710001,-0.18522832,0.42428583
0.4772,-0.17888144,0.42684478
0.47729999,-0.17249741,0.42930892
0.4774,-0.1660776,0.43167767
0.47749999,-0.15962349,0.43395048
0.47760001,-0.15313649,0.43612689
0.4777,-0.14661807,0.43820634
0.47780001,-0.14006965,0.44018841
0.4779,-0.13349271,0.44207263
0.47799999,-0.12688869,0.44385856
0.4781,-0.1202591,0.44554579
0.47819999,-0.11360539,0.44713396
0.47830001,-0.10692904,0.4486227
0.47839999,-0.10023149,0.45001155
0.47850001,-0.093514271,0.45130026
0.4786,-0.086778879,0.45248851
0.47870001,-0.080026828,0.45357609
0.4788,-0.073259614,0.45456266
0.47889999,-0.066478759,0.45544806
0.479,-0.059685785,0.45623207
0.47909999,-0.052882206,0.45691448
0.47920001,-0.046069551,0.45749512
0.47929999,-0.039249349,0.4579739
0.47940001,-0.032423094,0.4583506
0.4795,-0.025592316,0.45862514
0.47960001,-0.018758567,0.45879748
0.4797,-0.011923378,0.45886758
0.47979999,-0.0050882888,0.45883536
0.4799,0.0017451664,0.4587009
0.47999999,0.0085754497,0.45846418
0.48010001,0.015401023,0.45812523
0.48019999,0.022220349,0.45768416
0.48030001,0.02903189,0.45714104
0.4804,0.035834122,0.45649594
0.48050001,0.042625535,0.45574895
0.4806,0.049404573,0.45490029
0.48069999,0.056169707,0.45395014
0.4808,0.062919408,0.45289871
0.48089999,0.069652155,0.45174623
0.48100001,0.076366425,0.45049292
0.48109999,0.083060697,0.44913912
0.48120001,0.089733452,0.44768506
0.4813,0.096383184,0.44613114
0.48140001,0.10300839,0.44447765
0.4815,0.10960758,0.44272482
0.48159999,0.11617925,0.44087318
0.4817,0.12272191,0.43892312
0.48179999,0.12923408,0.43687505
0.48190001,0.13571426,0.43472946
0.48199999,0.142161,0.43248683
0.48210001,0.14857283,0.43014762
0.4822,0.15494828,0.42771241
0.48230001,0.16128592,0.42518175
0.4824,0.16758429,0.42255616
0.48249999,0.17384195,0.41983616
0.4826,0.18005751,0.41702241
0.48269999,0.18622951,0.41411555
0.48280001,0.19235657,0.41111624
0.48289999,0.19843729,0.40802518
0.48300001,0.20447028,0.40484303
0.4831,0.21045414,0.40157053
0.48320001,0.21638754,0.39820844
0.4833,0.22226909,0.39475748
0.48339999,0.22809747,0.39121848
0.4835,0.23387131,0.38759217
0.48359999,0.23958932,0.3838793
0.48370001,0.24525018,0.38008085
0.48379999,0.25085258,0.37619761
0.48390001,0.25639525,0.37223047
0.484,0.26187691,0.36818036
0.48410001,0.26729631,0.36404821
0.4842,0.27265221,0.35983497
0.48429999,0.27794337,0.35554153
0.4844,0.28316858,0.35116896
0.48449999,0.28832662,0.34671819
0.48460001,0.29341629,0.34219015
0.48469999,0.29843646,0.33758596
0.48480001,0.30338591,0.33290669
0.4849,0.30826357,0.32815337
0.48500001,0.31306827,0.32332712
0.4851,0.31779891,0.31842902
0.48519999,0.32245442,0.31346023
0.4853,0.3270337,0.30842185
0.48539999,0.33153573,0.3033151
0.48550001,0.3359594,0.29814109
0.48559999,0.34030372,0.29290092
0.48570001,0.34456766,0.28759587
0.4858,0.34875023,0.28222719
0.48590001,0.3528505,0.27679604
0.486,0.35686749,0.27130377
0.48609999,0.3608003,0.26575157
0.4862,0.36464795,0.26014075
0.48629999,0.36840963,0.25447261
0.48640001,0.37208444,0.24874845
0.48649999,0.37567151,0.2429696
0.48660001,0.37916997,0.23713732
0.4867,0.382579,0.23125297
0.48679999,0.38589785,0.22531794
0.4869,0.3891257,0.21933359
0.48699999,0.39226183,0.21330133
0.48710001,0.39530554,0.20722254
0.48719999,0.39825606,0.20109862
0.48730001,0.40111274,0.19493102
0.4874,0.40387487,0.18872115
0.48750001,0.40654185,0.18247047
0.4876,0.40911302,0.17618038
0.48769999,0.41158774,0.16985232
0.4878,0.41396543,0.16348778
0.48789999,0.41624561,0.15708826
0.48800001,0.41842765,0.15065524
0.48809999,0.4205111,0.14419024
0.48820001,0.42249545,0.13769473
0.4883,0.42438024,0.13117024
0.48840001,0.42616504,0.12461831
0.4885,0.42784941,0.11804045
0.48859999,0.42943296,0.11143819
0.4887,0.43091518,0.10481301
0.48879999,0.43229586,0.098166503
0.48890001,0.43357459,0.09150023
0.48899999,0.43475112,0.084815741
0.48910001,0.43582517,0.078114606
0.4892,0.43679649,0.071398392
0.48930001,0.43766481,0.06466867
0.4894,0.43842992,0.057927024
0.48949999,0.43909168,0.051175032
0.4896,0.43964994,0.044414286
0.48969999,0.4401044,0.037646301
0.48980001,0.44045505,0.030872708
0.48989999,0.44070178,0.024095103
0.49000001,0.44084457,0.017315077
0.4901,0.44088337,0.010534225
0.49020001,0.44081813,0.003754142
0.4903,0.44064888,-0.0030235748
0.49039999,0.44037569,-0.0097973291
0.4905,0.43999857,-0.016565522
0.49059999,0.43951762,-0.023326557
0.49070001,0.4389329,-0.030078869
0.49079999,0.43824452,-0.036820862
0.49090001,0.43745267,-0.043550935
0.491,0.43655753,-0.050267491
0.49110001,0.4355593,-0.056968946
0.4912,0.43445826,-0.063653715
0.49129999,0.4332546,-0.070320226
0.4914,0.43194863,-0.076966882
0.49149999,0.43054068,-0.083592117
0.49160001,0.42903104,-0.090194359
0.49169999,0.42742002,-0.09677206
0.49180001,0.42570797,-0.10332365
0.4919,0.4238953,-0.10984759
0.49200001,0.4219825,-0.11634231
0.4921,0.41996998,-0.12280627
0.49219999,0.41785818,-0.12923793
0.4923,0.41564766,-0.13563576
0.49239999,0.4133389,-0.14199826
0.49250001,0.41093245,-0.14832389
0.49259999,0.40842888,-0.15461114
0.49270001,0.4058288,-0.16085854
0.4928,0.40313265,-0.16706456
0.49290001,0.40034121,-0.17322776
0.493,0.3974551,-0.17934664
0.49309999,0.39447498,-0.18541975
0.4932,0.39140162,-0.19144563
0.49329999,0.38823572,-0.19742283
0.49340001,0.384978,-0.20334995
0.49349999,0.38162926,-0.20922555
0.49360001,0.37819031,-0.21504822
0.4937,0.37466195,-0.22081657
0.49380001,0.37104487,-0.2265292
0.4939,0.36734006,-0.23218475
0.49399999,0.36354837,-0.23778185
0.4941,0.3596707,-0.24331917
0.49419999,0.35570797,-0.24879538
0.49430001,0.35166115,-0.25420913
0.49439999,0.34753117,-0.25955915
0.49450001,0.34331903,-0.26484415
0.4946,0.33902577,-0.27006286
0.49470001,0.33465236,-0.27521399
0.4948,0.33019981,-0.2802963
0.49489999,0.32566917,-0.28530854
0.495,0.32106155,-0.29024956
0.49509999,0.31637806,-0.29511809
0.49520001,0.31161982,-0.29991302
0.49529999,0.30678797,-0.30463311
0.49540001,0.30188367,-0.3092773
0.4955,0.29690811,-0.31384444
0.49559999,0.29186246,-0.31833339
0.4957,0.28674793,-0.32274309
0.49579999,0.28156576,-0.32707244
0.49590001,0.27631709,-0.33132035
0.49599999,0.27100325,-0.33548582
0.49610001,0.26562551,-0.33956784
0.4962,0.26018518,-0.3435654
0.49630001,0.25468355,-0.34747753
0.4964,0.24912198,-0.35130331
0.49649999,0.24350178,-0.35504174
0.4966,0.23782432,-0.35869196
0.49669999,0.23209098,-0.36225304
0.49680001,0.22630315,-0.36572412
0.49689999,0.22046208,-0.3691043
0.49700001,0.2145693,-0.37239274
0.4971,0.20862621,-0.37558869
0.49720001,0.20263427,-0.37869135
0.4973,0.19659491,-0.38169992
0.49739999,0.1905096,-0.38461369
0.4975,0.18437982,-0.38743192
0.49759999,0.17820705,-0.39015394
0.49770001,0.17199281,-0.39277905
0.49779999,0.16573861,-0.39530665
0.49790001,0.15944587,-0.39773598
0.498,0.15311615,-0.40006647
0.49810001,0.14675103,-0.40229759
0.4982,0.14035204,-0.40442875
0.49829999,0.13392073,-0.40645942
0.4984,0.12745869,-0.40838909
0.49849999,0.1209675,-0.41021729
0.49860001,0.11444873,-0.41194355
0.49869999,0.10790396,-0.41356745
0.49880001,0.10133483,-0.41508859
0.4989,0.094742864,-0.4165065
0.49900001,0.088129677,-0.41782081
0.4991,0.081496917,-0.4190312
0.49919999,0.074846201,-0.42013738
0.4993,0.068179168,-0.42113906
0.49939999,0.061497446,-0.42203599
0.49950001,0.054802675,-0.42282793
0.49959999,0.048096497,-0.42351466
0.49970001,0.041380566,-0.42409599
0.4998,0.034656528,-0.42457178
0.49990001,0.027926033,-0.4249419
0.5,0.021190677,-0.42520609
0.50010002,0.014452161,-0.4253644
0.50019997,0.0077121467,-0.42541674
0.50029999,0.00097229407,-0.42536309
0.50040001,-0.0057657352,-0.42520344
0.50050002,-0.012500278,-0.42493784
0.50059998,-0.019229669,-0.4245663
0.5007,-0.025952248,-0.4240889
0.50080001,-0.032666348,-0.42350578
0.50089997,-0.039370306,-0.42281702
0.50099999,-0.046062518,-0.4220227
0.5011,-0.052741289,-0.42112303
0.50120002,-0.059404962,-0.42011821
0.50129998,-0.066051885,-0.41900852
0.50139999,-0.072680414,-0.41779417
0.50150001,-0.0792889,-0.41647547
0.50160003,-0.085875697,-0.41505274
0.50169998,-0.092439167,-0.41352627
0.5018,-0.098977678,-0.41189647
0.50190002,-0.1054896,-0.4101637
0.50199997,-0.11197332,-0.40832829
0.50209999,-0.11842724,-0.40639067
0.50220001,-0.12484972,-0.40435135
0.50230002,-0.13123918,-0.40221083
0.50239998,-0.137594,-0.39996961
0.5025,-0.1439126,-0.39762819
0.50260001,-0.15019339,-0.3951872
0.50269997,-0.15643482,-0.39264721
0.50279999,-0.16263531,-0.39000881
0.5029,-0.16879331,-0.38727269
0.50300002,-0.17490725,-0.38443941
0.50309998,-0.18097565,-0.3815096
0.50319999,-0.18699692,-0.37848404
0.50330001,-0.19296961,-0.3753635
0.50340003,-0.19889216,-0.37214872
0.50349998,-0.2047631,-0.36884046
0.5036,-0.21058095,-0.36543956
0.50370002,-0.21634425,-0.36194682
0.50379997,-0.22205153,-0.35836315
0.50389999,-0.22770135,-0.35468936
0.50400001,-0.2332923,-0.3509264
0.50410002,-0.23882292,-0.34707502
0.50419998,-0.24429183,-0.34313628
0.5043,-0.24969766,-0.33911118
0.50440001,-0.25503901,-0.33500063
0.50449997,-0.26031452,-0.33080572
0.50459999,-0.26552287,-0.32652745
0.50470001,-0.27066272,-0.32216686
0.50480002,-0.27573279,-0.31772506
0.50489998,-0.28073177,-0.31320313
0.505,-0.28565836,-0.30860221
0.50510001,-0.29051128,-0.30392331
0.50520003,-0.29528931,-0.29916766
0.50529999,-0.29999125,-0.29433641
0.5054,-0.30461586,-0.28943083
0.50550002,-0.30916196,-0.28445205
0.50559998,-0.31362841,-0.27940139
0.50569999,-0.31801403,-0.27428007
0.50580001,-0.32231772,-0.26908937
0.50590003,-0.32653832,-0.26383057
0.50599998,-0.3306748,-0.25850502
0.5061,-0.33472604,-0.25311396
0.50620002,-0.33869094,-0.24765871
0.50629997,-0.34256855,-0.2421407
0.50639999,-0.34635785,-0.23656128
0.50650001,-0.35005781,-0.23092186
0.50660002,-0.35366753,-0.22522388
0.50669998,-0.35718605,-0.21946873
0.5068,-0.36061242,-0.21365787
0.50690001,-0.36394575,-0.20779277
0.50700003,-0.36718524,-0.20187491
0.50709999,-0.37032992,-0.19590575
0.5072,-0.37337896,-0.18988667
0.50730002,-0.3763316,-0.18381931
0.50739998,-0.37918708,-0.17770517
0.50749999,-0.38194457,-0.1715458
0.50760001,-0.38460341,-0.16534275
0.50770003,-0.38716286,-0.1590976
0.50779998,-0.38962227,-0.1528119
0.5079,-0.39198095,-0.14648728
0.50800002,-0.39423826,-0.14012533
0.50809997,-0.39639363,-0.13372765
0.50819999,-0.39844635,-0.12729578
0.50830001,-0.40039593,-0.12083139
0.50840002,-0.40224186,-0.11433614
0.50849998,-0.40398359,-0.10781169
0.5086,-0.40562069,-0.10125968
0.50870001,-0.40715268,-0.094681792
0.50880003,-0.40857914,-0.088079698
0.50889999,-0.40989968,-0.081455082
0.509,-0.41111392,-0.074809633
0.50910002,-0.41222152,-0.068145059
0.50919998,-0.41322207,-0.06146298
0.50929999,-0.41411528,-0.054765131
0.50940001,-0.41490093,-0.04805325
0.50950003,-0.41557878,-0.041329041
0.50959998,-0.4161486,-0.034594242
0.5097,-0.41661021,-0.027850568
0.50980002,-0.41696349,-0.021099757
0.50989997,-0.41720828,-0.014343543
0.50999999,-0.41734448,-0.0075836643
0.51010001,-0.41737202,-0.00082186225
0.51020002,-0.41729081,0.0059401575
0.51029998,-0.41710076,0.012700673
0.5104,-0.41680199,0.01945791
0.51050001,-0.41639447,0.026210127
0.51059997,-0.4158783,0.032955579
0.51069999,-0.41525355,0.039692521
0.5108,-0.41452038,0.046419214
0.51090002,-0.41367891,0.053133916
0.51099998,-0.41272932,0.059834883
0.51109999,-0.41167185,0.066520371
0.51120001,-0.41050667,0.07318867
0.51130003,-0.40923393,0.079838067
0.51139998,-0.40785402,0.086466812
0.5115,-0.40636727,0.093073182
0.51160002,-0.40477398,0.099655449
0.51169997,-0.40307456,0.10621191
0.51179999,-0.40126938,0.11274084
0.51190001,-0.39935887,0.11924055
0.51200002,-0.39734352,0.12570934
0.51209998,-0.39522377,0.13214549
0.5122,-0.39300019,0.13854735
0.51230001,-0.39067307,0.14491324
0.51239997,-0.38824317,0.1512415
0.51249999,-0.38571098,0.15753046
0.5126,-0.3830772,0.16377844
0.51270002,-0.38034245,0.16998383
0.51279998,-0.37750739,0.17614499
0.51289999,-0.37457269,0.18226029
0.51300001,-0.37153915,0.18832812
0.51310003,-0.36840746,0.19434687
0.51319999,-0.36517841,0.20031497
0.5133,-0.36185271,0.20623082
0.51340002,-0.35843116,0.21209285
0.51349998,-0.3549147,0.21789952
0.51359999,-0.35130417,0.22364929
0.51370001,-0.34760049,0.22934061
0.51380002,-0.3438046,0.234972
0.51389998,-0.33991742,0.24054193
0.514,-0.33593997,0.24604894
0.51410002,-0.33187321,0.25149155
0.51419997,-0.3277182,0.2568683
0.51429999,-0.3234759,0.26217774
0.51440001,-0.31914735,0.26741844
0.51450002,-0.31473368,0.27258903
0.51459998,-0.31023604,0.27768809
0.5147,-0.30565554,0.28271425
0.51480001,-0.30099338,0.28766617
0.51490003,-0.29625073,0.29254252
0.51499999,-0.2914288,0.29734194
0.5151,-0.28652883,0.3020632
0.51520002,-0.28155208,0.306705
0.51529998,-0.27649978,0.31126603
0.51539999,-0.27137309,0.31574509
0.51550001,-0.26617345,0.3201409
0.51560003,-0.26090217,0.32445234
0.51569998,-0.25556064,0.32867816
0.5158,-0.25015017,0.33281729
0.51590002,-0.24467222,0.33686852
0.51599997,-0.23912817,0.34083077
0.51609999,-0.23351945,0.34470296
0.51620001,-0.22784753,0.34848404
0.51630002,-0.22211388,0.35217291
0.51639998,-0.21631983,0.35576853
0.5165,-0.21046697,0.35926992
0.51660001,-0.20455681,0.36267611
0.51670003,-0.1985909,0.36598617
0.51679999,-0.19257079,0.36919913
0.5169,-0.18649805,0.37231413
0.51700002,-0.18037423,0.3753303
0.51709998,-0.17420098,0.37824675
0.51719999,-0.16797988,0.38106272
0.51730001,-0.16171259,0.38377738
0.51740003,-0.15540062,0.38638985
0.51749998,-0.14904565,0.38889945
0.5176,-0.14264937,0.39130548
0.51770002,-0.13621347,0.3936072
0.51779997,-0.12973963,0.39580396
0.51789999,-0.12322955,0.39789516
0.51800001,-0.11668494,0.39988014
0.51810002,-0.11010754,0.40175834
0.51819998,-0.10349907,0.4035292
0.5183,-0.096861281,0.40519223
0.51840001,-0.090195894,0.4067468
0.51849997,-0.083504602,0.40819246
0.51859999,-0.07678923,0.40952879
0.5187,-0.070051566,0.41075537
0.51880002,-0.063293383,0.41187182
0.51889998,-0.056516476,0.41287777
0.51899999,-0.049722649,0.41377291
0.51910001,-0.042913705,0.41455692
0.51920003,-0.036091462,0.41522956
0.51929998,-0.029257732,0.41579056
0.5194,-0.02241434,0.41623974
0.51950002,-0.015563008,0.41657674
0.51959997,-0.0087056365,0.41680151
0.51969999,-0.0018440573,0.41691393
0.51980001,0.0050198957,0.4169139
0.51990002,0.011884385,0.41680139
0.51999998,0.01874757,0.4165763
0.5201,0.02560761,0.4162387
0.52020001,0.03246266,0.41578856
0.52029997,0.03931088,0.41522598
0.52039999,0.046150416,0.41455105
0.5205,0.052979495,0.4137637
0.52060002,0.059796251,0.41286418
0.52069998,0.066598833,0.41185269
0.52079999,0.073385403,0.41072938
0.52090001,0.080154121,0.40949455
0.52100003,0.086903162,0.40814844
0.52109998,0.093630701,0.40669134
0.5212,0.10033491,0.40512359
0.52130002,0.10701396,0.40344554
0.52139997,0.11366604,0.40165761
0.52149999,0.12028936,0.3997601
0.52160001,0.12688212,0.39775342
0.52170002,0.13344254,0.39563811
0.52179998,0.13996878,0.39341468
0.5219,0.14645909,0.39108366
0.52200001,0.15291168,0.38864562
0.52209997,0.1593248,0.38610116
0.52219999,0.16569667,0.38345087
0.5223,0.17202556,0.38069546
0.52240002,0.17830971,0.37783557
0.52249998,0.18454742,0.37487191
0.5226,0.19073696,0.37180504
0.52270001,0.19687663,0.36863589
0.52280003,0.20296472,0.36536521
0.52289999,0.20899957,0.36199382
0.523,0.2149795,0.35852259
0.52310002,0.22090283,0.35495242
0.52319998,0.22676796,0.35128418
0.52329999,0.23257323,0.3475188
0.52340001,0.23831703,0.34365728
0.52350003,0.24399777,0.33970061
0.52359998,0.24961384,0.33564961
0.5237,0.25516367,0.33150542
0.52380002,0.26064575,0.32726914
0.52389997,0.2660585,0.32294184
0.52399999,0.27140042,0.31852463
0.52410001,0.27667004,0.3140187
0.52420002,0.28186581,0.30942518
0.52429998,0.28698632,0.30474526
0.5244,0.29203013,0.29998022
0.52450001,0.29699576,0.29513127
0.52460003,0.30188182,0.29019955
0.52469999,0.30668691,0.28518638
0.5248,0.31140971,0.2800931
0.52490002,0.31604883,0.27492109
0.52499998,0.32060295,0.26967165
0.52509999,0.3250708,0.26434624
0.52520001,0.32945108,0.25894618
0.52530003,0.33374253,0.25347298
0.52539998,0.33794394,0.24792804
0.5255,0.3420541,0.24231286
0.52560002,0.34607175,0.23662886
0.52569997,0.34999576,0.23087747
0.52579999,0.35382497,0.22506031
0.52590001,0.35755831,0.21917892
0.52600002,0.36119464,0.21323487
0.52609998,0.36473295,0.20722976
0.5262,0.36817217,0.2011652
0.52630001,0.37151131,0.1950428
0.52640003,0.37474936,0.18886422
0.52649999,0.3778854,0.18263111
0.5266,0.38091844,0.17634512
0.52670002,0.38384753,0.17000784
0.52679998,0.38667181,0.16362105
0.52689999,0.3893905,0.15718649
0.52700001,0.3920027,0.1507059
0.52710003,0.39450768,0.14418101
0.52719998,0.39690462,0.13761361
0.5273,0.39919284,0.13100547
0.52740002,0.4013716,0.12435839
0.52749997,0.40344024,0.11767419
0.52759999,0.40539813,0.11095467
0.52770001,0.4072445,0.10420156
0.52780002,0.40897885,0.097416751
0.52789998,0.41060063,0.090602115
0.528,0.41210929,0.083759509
0.52810001,0.41350436,0.076890811
0.52819997,0.41478539,0.069997907
0.52829999,0.41595191,0.06308268
0.5284,0.41700354,0.056147043
0.52850002,0.4179399,0.049192894
0.52859998,0.4187606,0.042222079
0.52869999,0.41946524,0.035236511
0.52880001,0.42005369,0.028238151
0.52890003,0.42052561,0.021228926
0.52899998,0.42088082,0.014210775
0.5291,0.42111915,0.0071856342
0.52920002,0.42124045,0.00015545005
0.52929997,0.42124459,-0.0068778298
0.52939999,0.42113146,-0.013912252
0.52950001,0.42090103,-0.020945884
0.52960002,0.42055315,-0.027976796
0.52969998,0.42008793,-0.035003006
0.5298,0.41950542,-0.04202256
0.52990001,0.41880566,-0.0490335
0.52999997,0.41798878,-0.056033868
0.53009999,0.41705489,-0.063021705
0.5302,0.41600421,-0.069995061
0.53030002,0.41483694,-0.076951981
0.53039998,0.4135533,-0.083890513
0.53049999,0.41215342,-0.090808742
0.53060001,0.41063774,-0.097704694
0.53070003,0.40900657,-0.10457644
0.53079998,0.4072603,-0.11142203
0.5309,0.40539926,-0.11823954
0.53100002,0.40342396,-0.12502705
0.53109998,0.40133485,-0.13178264
0.53119999,0.39913243,-0.13850437
0.53130001,0.39681724,-0.14519036
0.53140002,0.39438969,-0.15183873
0.53149998,0.39185047,-0.15844759
0.5316,0.38920021,-0.16501504
0.53170002,0.38643956,-0.17153922
0.53179997,0.38356921,-0.17801824
0.53189999,0.3805899,-0.1844503
0.53200001,0.37750238,-0.19083351
0.53210002,0.37430742,-0.19716607
0.53219998,0.37100586,-0.20344616
0.5323,0.36759847,-0.20967199
0.53240001,0.36408609,-0.21584176
0.53250003,0.36046967,-0.22195368
0.53259999,0.35675019,-0.22800601
0.5327,0.35292855,-0.23399697
0.53280002,0.34900579,-0.23992488
0.53289998,0.34498295,-0.24578798
0.53299999,0.34086105,-0.25158459
0.53310001,0.33664119,-0.25731304
0.53320003,0.33232445,-0.26297164
0.53329998,0.32791191,-0.26855871
0.5334,0.32340479,-0.27407268
0.53350002,0.31880429,-0.2795119
0.53359997,0.31411165,-0.2848748
0.53369999,0.30932808,-0.29015979
0.53380001,0.30445492,-0.29536533
0.53390002,0.29949343,-0.30048987
0.53399998,0.29444498,-0.30553195
0.5341,0.2893109,-0.31049004
0.53420001,0.28409246,-0.31536266
0.53430003,0.27879116,-0.32014835
0.53439999,0.27340841,-0.32484573
0.5345,0.26794574,-0.32945338
0.53460002,0.26240453,-0.33396992
0.53469998,0.25678638,-0.33839405
0.53479999,0.25109276,-0.34272438
0.53490001,0.24532528,-0.34695965
0.53500003,0.23948549,-0.35109857
0.53509998,0.23357488,-0.35513982
0.5352,0.22759514,-0.35908225
0.53530002,0.2215479,-0.36292467
0.53539997,0.21543485,-0.36666584
0.53549999,0.20925766,-0.3703047
0.53560001,0.20301804,-0.37384006
0.53570002,0.19671772,-0.37727091
0.53579998,0.19035845,-0.38059616
0.5359,0.18394198,-0.38381475
0.53600001,0.17747001,-0.3869257
0.53609997,0.17094438,-0.38992798
0.53619999,0.1643669,-0.39282069
0.5363,0.15773943,-0.39560294
0.53640002,0.1510638,-0.39827383
0.53649998,0.14434187,-0.4008325
0.53659999,0.13757554,-0.40327814
0.53670001,0.13076669,-0.40561
0.53680003,0.12391726,-0.40782729
0.53689998,0.11702911,-0.40992925
0.537,0.11010414,-0.41191515
0.53710002,0.10314435,-0.41378438
0.53719997,0.096151695,-0.41553634
0.53729999,0.089128152,-0.41717038
0.53740001,0.0820757,-0.41868597
0.53750002,0.074996337,-0.4200826
0.53759998,0.067892075,-0.42135975
0.5377,0.060764927,-0.42251697
0.53780001,0.053616907,-0.42355382
0.53789997,0.046449974,-0.42446983
0.53799999,0.039266225,-0.42526469
0.5381,0.032067697,-0.42593807
0.53820002,0.02485645,-0.42648968
0.53829998,0.017634539,-0.42691931
0.53839999,0.01040403,-0.42722669
0.53850001,0.0031669948,-0.42741165
0.53860003,-0.0040744906,-0.42747402
0.53869998,-0.011318346,-0.42741376
0.5388,-0.018562557,-0.4272306
0.53890002,-0.025805006,-0.42692459
0.53899997,-0.033043601,-0.4264957
0.53909999,-0.040276255,-0.425944
0.53920001,-0.047500886,-0.42526951
0.53930002,-0.054715399,-0.42447233
0.53939998,-0.061917715,-0.42355263
0.5395,-0.069105744,-0.42251053
0.53960001,-0.076277398,-0.42134631
0.53969997,-0.083430625,-0.42006004
0.53979999,-0.090563349,-0.41865203
0.5399,-0.097673483,-0.41712263
0.54000002,-0.10475895,-0.41547218
0.54009998,-0.11181769,-0.41370106
0.5402,-0.11884764,-0.41180968
0.54030001,-0.12584674,-0.4097985
0.54040003,-0.13281295,-0.40766799
0.54049999,-0.13974421,-0.40541869
0.5406,-0.14663851,-0.40305114
0.54070002,-0.15349385,-0.4005658
0.54079998,-0.16030817,-0.3979634
0.54089999,-0.16707948,-0.39524457
0.54100001,-0.17380579,-0.39241004
0.54110003,-0.18048508,-0.38946053
0.54119998,-0.18711543,-0.3863968
0.5413,-0.19369483,-0.38321963
0.54140002,-0.20022134,-0.37992987
0.54149997,-0.20669305,-0.37652841
0.54159999,-0.213108,-0.37301594
0.54170001,-0.2194643,-0.36939356
0.54180002,-0.22576006,-0.36566219
0.54189998,-0.23199339,-0.36182284
0.542,-0.23816243,-0.35787654
0.54210001,-0.24426533,-0.35382435
0.54220003,-0.25030026,-0.34966737
0.54229999,-0.25626543,-0.34540674
0.5424,-0.26215902,-0.34104362
0.54250002,-0.26797923,-0.33657902
0.54259998,-0.27372435,-0.33201429
0.54269999,-0.2793926,-0.32735065
0.54280001,-0.28498232,-0.32258943
0.54290003,-0.29049176,-0.31773189
0.54299998,-0.2959193,-0.31277937
0.5431,-0.30126324,-0.3077333
0.54320002,-0.30652198,-0.30259502
0.54329997,-0.31169394,-0.29736599
0.54339999,-0.31677747,-0.29204759
0.54350001,-0.321771,-0.28664127
0.54360002,-0.32667306,-0.28114861
0.54369998,-0.33148211,-0.27557114
0.5438,-0.33619666,-0.2699104
0.54390001,-0.34081528,-0.26416802
0.54400003,-0.3453365,-0.25834557
0.54409999,-0.34975898,-0.25244477
0.5442,-0.3540813,-0.24646722
0.54430002,-0.35830209,-0.24041459
0.54439998,-0.36242002,-0.23428854
0.54449999,-0.3664338,-0.22809087
0.54460001,-0.37034222,-0.22182333
0.54470003,-0.37414399,-0.21548773
0.54479998,-0.37783793,-0.20908585
0.5449,-0.38142288,-0.20261952
0.54500002,-0.38489768,-0.19609062
0.54509997,-0.38826126,-0.189501
0.54519999,-0.39151248,-0.18285255
0.54530001,-0.39465022,-0.17614707
0.54540002,-0.39767358,-0.16938657
0.54549998,-0.40058154,-0.16257298
0.5456,-0.40337312,-0.15570827
0.54570001,-0.40604746,-0.14879444
0.54579997,-0.40860364,-0.14183348
0.54589999,-0.41104084,-0.13482742
0.546,-0.41335821,-0.12777828
0.54610002,-0.41555503,-0.1206881
0.54619998,-0.41763037,-0.11355886
0.54629999,-0.41958368,-0.10639268
0.54640001,-0.42141423,-0.099191658
0.54650003,-0.42312136,-0.091957897
0.54659998,-0.42470452,-0.084693514
0.5467,-0.42616311,-0.077400625
0.54680002,-0.42749661,-0.070081368
0.54689997,-0.42870453,-0.062737904
0.54699999,-0.42978641,-0.055372383
0.54710001,-0.43074176,-0.047986906
0.54720002,-0.4315702,-0.040583652
0.54729998,-0.43227142,-0.033164829
0.5474,-0.43284509,-0.025732625
0.54750001,-0.43329093,-0.018289233
0.54759997,-0.43360874,-0.010836853
0.54769999,-0.43379831,-0.0033776939
0.5478,-0.43385947,0.0040860311
0.54790002,-0.43379214,0.011552106
0.54799998,-0.43359616,0.019018345
0.54809999,-0.43327144,0.026482552
0.54820001,-0.43281803,0.033942476
0.54830003,-0.43223599,0.041395895
0.54839998,-0.43152532,0.048840579
0.5485,-0.43068621,0.05627431
0.54860002,-0.42971873,0.063694865
0.54869998,-0.42862317,0.071100011
0.54879999,-0.42739969,0.078487538
0.54890001,-0.42604855,0.085855231
0.54900002,-0.4245699,0.093200915
0.54909998,-0.42296425,0.10052235
0.5492,-0.4212319,0.10781733
0.54930001,-0.41937333,0.11508366
0.54939997,-0.41738895,0.12231915
0.54949999,-0.41527924,0.12952161
0.54960001,-0.41304481,0.13668884
0.54970002,-0.41068617,0.14381871
0.54979998,-0.40820396,0.15090901
0.5499,-0.40559867,0.15795764
0.55000001,-0.40287107,0.16496244
0.55010003,-0.40002188,0.17192128
0.55019999,-0.39705187,0.17883202
0.5503,-0.39396182,0.18569256
0.55040002,-0.39075258,0.19250081
0.55049998,-0.38742501,0.19925468
0.55059999,-0.38398007,0.20595211
0.55070001,-0.38041863,0.21259102
0.55080003,-0.37674159,0.21916941
0.55089998,-0.37294999,0.22568522
0.551,-0.36904493,0.23213647
0.55110002,-0.36502746,0.23852117
0.55119997,-0.3608987,0.24483733
0.55129999,-0.35665986,0.25108299
0.55140001,-0.35231206,0.25725624
0.55150002,-0.34785658,0.26335517
0.55159998,-0.34329468,0.26937786
0.5517,-0.33862758,0.27532244
0.55180001,-0.33385652,0.28118706
0.55190003,-0.32898295,0.28696987
0.55199999,-0.32400829,0.29266909
0.5521,-0.31893387,0.29828292
0.55220002,-0.31376126,0.30380961
0.55229998,-0.30849186,0.30924743
0.55239999,-0.30312723,0.31459466
0.55250001,-0.29766893,0.31984961
0.55260003,-0.29211849,0.32501066
0.55269998,-0.28647742,0.33007607
0.5528,-0.28074741,0.33504426
0.55290002,-0.27493015,0.33991376
0.55299997,-0.26902735,0.3446829
0.55309999,-0.26304072,0.34935021
0.55320001,-0.25697199,0.3539142
0.55330002,-0.25082296,0.3583734
0.55339998,-0.24459542,0.36272639
0.5535,-0.23829123,0.36697176
0.55360001,-0.23191208,0.37110808
0.55369997,-0.22545993,0.37513405
0.55379999,-0.2189367,0.37904835
0.5539,-0.21234432,0.38284972
0.55400002,-0.20568472,0.38653696
0.55409998,-0.19895989,0.39010876
0.55419999,-0.19217181,0.39356408
0.55430001,-0.18532254,0.39690167
0.55440003,-0.17841408,0.4001205
0.55449998,-0.17144841,0.4032194
0.5546,-0.16442761,0.40619734
0.55470002,-0.15735383,0.40905339
0.55479997,-0.15022916,0.41178653
0.55489999,-0.14305575,0.41439587
0.55500001,-0.13583575,0.41688049
0.55510002,-0.12857132,0.41923958
0.55519998,-0.12126465,0.42147231
0.5553,-0.11391795,0.42357793
0.55540001,-0.10653336,0.42555562
0.55549997,-0.099113092,0.42740464
0.55559999,-0.091659427,0.42912439
0.5557,-0.084174603,0.43071425
0.55580002,-0.076660901,0.43217364
0.55589998,-0.069120593,0.43350202
0.55599999,-0.061555974,0.43469885
0.55610001,-0.053969331,0.43576372
0.55620003,-0.046362985,0.43669617
0.55629998,-0.038739223,0.43749583
0.5564,-0.031100303,0.43816221
0.55650002,-0.023448607,0.4386951
0.55659997,-0.015786475,0.43909428
0.55669999,-0.0081162434,0.43935949
0.55680001,-0.00044026424,0.43949053
0.55690002,0.0072391112,0.43948731
0.55699998,0.014919526,0.43934971
0.5571,0.022598619,0.43907768
0.55720001,0.030274026,0.4386712
0.55729997,0.037943471,0.43813017
0.55739999,0.045604534,0.43745473
0.5575,0.053254858,0.43664497
0.55760002,0.060892075,0.4357011
0.55769998,0.068513826,0.43462327
0.55779999,0.076117761,0.43341172
0.55790001,0.083701514,0.43206674
0.55800003,0.091262728,0.43058863
0.55809999,0.098799072,0.42897779
0.5582,0.10630823,0.42723447
0.55830002,0.11378785,0.42535916
0.55839998,0.12123562,0.42335236
0.55849999,0.12864918,0.42121458
0.55860001,0.13602625,0.41894642
0.55870003,0.1433645,0.41654846
0.55879998,0.15066165,0.41402137
0.5589,0.15791541,0.41136587
0.55900002,0.16512351,0.40858263
0.55909997,0.17228368,0.40567234
0.55919999,0.17939369,0.40263581
0.55930001,0.1864513,0.39947397
0.55940002,0.19345428,0.39618763
0.55949998,0.20040041,0.39277777
0.5596,0.20728754,0.38924536
0.55970001,0.21411343,0.38559142
0.55980003,0.22087596,0.38181695
0.55989999,0.22757299,0.3779231
0.56,0.23420238,0.3739109
0.56010002,0.24076203,0.36978146
0.56019998,0.24724984,0.365536
0.56029999,0.25366378,0.36117581
0.56040001,0.26000175,0.35670215
0.56050003,0.26626179,0.35211632
0.56059998,0.27244183,0.34741968
0.5607,0.27853996,0.34261361
0.56080002,0.28455415,0.33769956
0.56089997,0.29048255,0.33267894
0.56099999,0.29632318,0.32755309
0.56110001,0.30207416,0.32232365
0.56120002,0.30773368,0.31699216
0.56129998,0.31329989,0.31156021
0.5614,0.31877097,0.30602944
0.56150001,0.3241452,0.30040151
0.56160003,0.3294208,0.29467809
0.56169999,0.33459604,0.28886095
0.5618,0.33966929,0.2829518
0.56190002,0.34463879,0.2769523
0.56199998,0.34950295,0.27086434
0.56209999,0.35426021,0.26468971
0.56220001,0.35890898,0.25843036
0.56230003,0.36344776,0.25208816
0.56239998,0.36787501,0.24566506
0.5625,0.37218931,0.23916297
0.56260002,0.37638921,0.23258393
0.56269997,0.38047335,0.22592992
0.56279999,0.3844403,0.21920289
0.56290001,0.38828871,0.21240488
0.56300002,0.39201733,0.20553803
0.56309998,0.39562494,0.19860445
0.5632,0.39911029,0.19160625
0.56330001,0.40247223,0.18454561
0.56339997,0.40570956,0.1774247
0.56349999,0.40882128,0.17024571
0.5636,0.41180629,0.16301087
0.56370002,0.41466349,0.15572236
0.56379998,0.41739187,0.14838238
0.56389999,0.41999054,0.14099327
0.56400001,0.42245859,0.1335573
0.56410003,0.42479515,0.1260768
0.56419998,0.42699942,0.11855409
0.5643,0.42907059,0.11099151
0.56440002,0.43100795,0.10339142
0.56449997,0.43281078,0.095756203
0.56459999,0.43447846,0.088088237
0.56470001,0.43601018,0.08038979
0.56480002,0.43740547,0.072663359
0.56489998,0.43866384,0.064911366
0.565,0.43978477,0.057136238
0.56510001,0.44076779,0.049340416
0.56519997,0.44161257,0.041526347
0.56529999,0.44231871,0.033696499
0.5654,0.44288591,0.025853338
0.56550002,0.4433139,0.017999338
0.56559998,0.44360232,0.010136893
0.56569999,0.44375104,0.0022685181
0.56580001,0.44375995,-0.0056032827
0.56590003,0.44362894,-0.013476019
0.56599998,0.44335797,-0.021347199
0.5661,0.44294706,-0.029214323
0.56620002,0.44239622,-0.037074894
0.56629997,0.44170558,-0.044926412
0.56639999,0.44087523,-0.052766379
0.56650001,0.43990526,-0.060592338
0.56660002,0.43879586,-0.068401806
0.56669998,0.43754736,-0.076192267
0.5668,0.43616006,-0.083961233
0.56690001,0.43463433,-0.091706224
0.56699997,0.43297052,-0.099424757
0.56709999,0.43116915,-0.10711437
0.56720001,0.42923066,-0.11477258
0.56730002,0.42715558,-0.12239695
0.56739998,0.42494446,-0.12998502
0.5675,0.4225978,-0.13753438
0.56760001,0.42011634,-0.1450426
0.56770003,0.41750079,-0.15250723
0.56779999,0.41475192,-0.15992588
0.5679,0.41187051,-0.16729616
0.56800002,0.40885738,-0.17461568
0.56809998,0.40571347,-0.18188207
0.56819999,0.40243962,-0.18909298
0.56830001,0.39903688,-0.19624607
0.56840003,0.39550602,-0.20333903
0.56849998,0.39184821,-0.21036954
0.5686,0.38806456,-0.21733534
0.56870002,0.3841562,-0.22423413
0.56879997,0.3801243,-0.23106369
0.56889999,0.37597007,-0.23782177
0.56900001,0.37169477,-0.24450618
0.56910002,0.36729971,-0.25111473
0.56919998,0.36278623,-0.25764522
0.5693,0.35815555,-0.26409554
0.56940001,0.35340908,-0.27046359
0.56950003,0.34854838,-0.27674723
0.56959999,0.34357491,-0.28294441
0.5697,0.33849019,-0.28905311
0.56980002,0.33329579,-0.2950713
0.56989998,0.32799333,-0.30099699
0.56999999,0.32258445,-0.3068282
0.57010001,0.31707081,-0.31256306
0.57020003,0.311454,-0.3181996
0.57029998,0.3057358,-0.32373595
0.5704,0.299918,-0.32917026
0.57050002,0.29400241,-0.33450076
0.57059997,0.2879909,-0.33972564
0.57069999,0.28188536,-0.34484318
0.57080001,0.27568763,-0.34985167
0.57090002,0.26939976,-0.35474941
0.57099998,0.26302367,-0.35953477
0.5711,0.25656134,-0.36420611
0.57120001,0.25001463,-0.36876181
0.57130003,0.24338579,-0.37320036
0.57139999,0.23667686,-0.37752029
0.5715,0.22988994,-0.38172013
0.57160002,0.22302723,-0.38579842
0.57169998,0.21609086,-0.38975379
0.57179999,0.20908305,-0.39358491
0.57190001,0.20200604,-0.39729047
0.57200003,0.19486205,-0.40086916
0.57209998,0.18765321,-0.40431967
0.5722,0.18038192,-0.40764087
0.57230002,0.17305049,-0.41083163
0.57239997,0.16566128,-0.41389078
0.57249999,0.15821663,-0.41681734
0.57260001,0.15071891,-0.41961023
0.57270002,0.14317057,-0.42226848
0.57279998,0.13557398,-0.42479116
0.5729,0.12793162,-0.42717737
0.57300001,0.12024581,-0.42942613
0.57309997,0.11251906,-0.4315367
0.57319999,0.10475389,-0.43350834
0.5733,0.096952789,-0.43534032
0.57340002,0.089118272,-0.43703192
0.57349998,0.08125288,-0.4385826
0.57359999,0.073359147,-0.43999171
0.57370001,0.065439634,-0.44125876
0.57380003,0.057496905,-0.44238323
0.57389998,0.049533457,-0.44336459
0.574,0.041551866,-0.44420242
0.57410002,0.033554755,-0.44489643
0.57419997,0.025544727,-0.44544628
0.57429999,0.017524384,-0.44585174
0.57440001,0.009496334,-0.44611263
0.57450002,0.001463194,-0.44622871
0.57459998,-0.0065724137,-0.44619992
0.5747,-0.014607864,-0.44602618
0.57480001,-0.022640565,-0.44570741
0.57489997,-0.030667938,-0.44524354
0.57499999,-0.038687311,-0.44463474
0.5751,-0.046696059,-0.44388109
0.57520002,-0.054691561,-0.44298279
0.57529998,-0.062671185,-0.44194007
0.57539999,-0.070632324,-0.44075313
0.57550001,-0.078572355,-0.43942237
0.57560003,-0.086488657,-0.43794811
0.57569999,-0.094378635,-0.43633071
0.5758,-0.10223975,-0.43457049
0.57590002,-0.11006936,-0.43266806
0.57599998,-0.11786489,-0.43062395
0.57609999,-0.12562376,-0.42843878
0.57620001,-0.13334341,-0.42611319
0.57630002,-0.14102128,-0.42364785
0.57639998,-0.14865483,-0.42104352
0.5765,-0.15624152,-0.41830096
0.57660002,-0.16377884,-0.41542104
0.57669997,-0.17126431,-0.41240439
0.57679999,-0.17869543,-0.40925208
0.57690001,-0.18606971,-0.40596506
0.57700002,-0.19338472,-0.40254432
0.57709998,-0.200638,-0.39899099
0.5772,-0.20782714,-0.39530611
0.57730001,-0.21494974,-0.39149082
0.57740003,-0.22200342,-0.38754636
0.57749999,-0.2289858,-0.38347396
0.5776,-0.23589456,-0.37927473
0.57770002,-0.24272737,-0.37494999
0.57779998,-0.24948195,-0.37050119
0.57789999,-0.256156,-0.36592972
0.57800001,-0.26274732,-0.36123702
0.57810003,-0.26925367,-0.35642457
0.57819998,-0.27567285,-0.3514939
0.5783,-0.28200269,-0.3464466
0.57840002,-0.28824109,-0.3412843
0.57849997,-0.29438588,-0.33600855
0.57859999,-0.30043498,-0.33062094
0.57870001,-0.30638635,-0.32512328
0.57880002,-0.31223798,-0.31951737
0.57889998,-0.31798789,-0.31380495
0.579,-0.32363409,-0.30798793
0.57910001,-0.3291747,-0.30206814
0.57920003,-0.33460781,-0.29604754
0.57929999,-0.33993158,-0.28992802
0.5794,-0.34514415,-0.28371158
0.57950002,-0.35024369,-0.27740002
0.57959998,-0.35522851,-0.27099556
0.57969999,-0.36009687,-0.26450026
0.57980001,-0.36484712,-0.25791624
0.57990003,-0.3694776,-0.25124562
0.57999998,-0.37398672,-0.24449059
0.5801,-0.37837294,-0.23765336
0.58020002,-0.3826347,-0.23073617
0.58029997,-0.38677061,-0.22374128
0.58039999,-0.39077902,-0.21667081
0.58050001,-0.39465865,-0.20952715
0.58060002,-0.39840814,-0.20231268
0.58069998,-0.40202618,-0.19502975
0.5808,-0.4055115,-0.18768078
0.58090001,-0.40886286,-0.18026815
0.58099997,-0.4120791,-0.17279434
0.58109999,-0.41515908,-0.16526181
0.5812,-0.4181017,-0.15767303
0.58130002,-0.42090583,-0.15003042
0.58139998,-0.42357045,-0.14233652
0.58149999,-0.42609471,-0.13459389
0.58160001,-0.42847762,-0.12680513
0.58170003,-0.43071836,-0.11897279
0.58179998,-0.43281609,-0.11109949
0.5819,-0.43477008,-0.10318784
0.58200002,-0.43657959,-0.095240481
0.58209997,-0.4382439,-0.087260008
0.58219999,-0.43976226,-0.079249002
0.58230001,-0.44113424,-0.071210191
0.58240002,-0.44235924,-0.063146263
0.58249998,-0.44343683,-0.055059906
0.5826,-0.44436657,-0.046953812
0.58270001,-0.44514805,-0.038830694
0.58279997,-0.44578096,-0.030693267
0.58289999,-0.44626501,-0.022544255
0.583,-0.44659987,-0.014386321
0.58310002,-0.44678539,-0.0062222406
0.58319998,-0.44682145,0.0019452504
0.58329999,-0.44670796,0.010113411
0.58340001,-0.4464449,0.018279497
0.58350003,-0.44603229,0.026440764
0.58359998,-0.44547021,0.034594465
0.5837,-0.44475874,0.042737849
0.58380002,-0.44389802,0.050868202
0.58389997,-0.44288823,0.058982775
0.58399999,-0.44172969,0.067078821
0.58410001,-0.44042274,0.075153604
0.58420002,-0.4389677,0.083204396
0.58429998,-0.43736503,0.091228463
0.5844,-0.43561521,0.099223092
0.58450001,-0.43371874,0.10718557
0.58459997,-0.43167618,0.11511321
0.58469999,-0.42948803,0.12300332
0.5848,-0.42715508,0.13085322
0.58490002,-0.42467803,0.13866024
0.58499998,-0.42205763,0.14642172
0.5851,-0.41929471,0.154135
0.58520001,-0.41639018,0.16179746
0.58530003,-0.41334495,0.16940649
0.58539999,-0.41015995,0.17695948
0.5855,-0.40683609,0.18445387
0.58560002,-0.40337449,0.19188708
0.58569998,-0.39977625,0.19925658
0.58579999,-0.39604259,0.20655982
0.58590001,-0.39217466,0.21379432
0.58600003,-0.38817373,0.22095758
0.58609998,-0.38404107,0.22804715
0.5862,-0.37977809,0.23506059
0.58630002,-0.37538603,0.24199545
0.58639997,-0.37086636,0.24884939
0.58649999,-0.36622059,0.25562
0.58660001,-0.36145023,0.26230499
0.58670002,-0.3565568,0.268902
0.58679998,-0.351542,0.2754088
0.5869,-0.34640741,0.28182313
0.58700001,-0.34115478,0.28814274
0.58710003,-0.33578575,0.29436547
0.58719999,-0.33030206,0.30048907
0.5873,-0.3247056,0.30651149
0.58740002,-0.31899819,0.31243059
0.58749998,-0.31318176,0.31824434
0.58759999,-0.30725822,0.32395071
0.58770001,-0.30122954,0.3295477
0.58780003,-0.29509777,0.33503339
0.58789998,-0.28886491,0.34040579
0.588,-0.28253296,0.34566301
0.58810002,-0.27610406,0.35080323
0.58819997,-0.26958042,0.35582465
0.58829999,-0.26296422,0.36072546
0.58840001,-0.25625765,0.365504
0.58850002,-0.24946301,0.37015855
0.58859998,-0.24258254,0.37468746
0.5887,-0.23561861,0.37908915
0.58880001,-0.22857343,0.383362
0.58890003,-0.22144942,0.38750446
0.58899999,-0.21424901,0.39151514
0.5891,-0.20697463,0.39539254
0.58920002,-0.19962874,0.39913535
0.58929998,-0.19221383,0.40274215
0.58939999,-0.18473242,0.4062117
0.58950001,-0.17718704,0.40954277
0.58960003,-0.16958024,0.41273406
0.58969998,-0.16191451,0.41578445
0.5898,-0.15419254,0.4186928
0.58990002,-0.14641695,0.4214581
0.58999997,-0.13859038,0.4240793
0.59009999,-0.1307155,0.42655548
0.59020001,-0.12279502,0.42888573
0.59030002,-0.11483162,0.43106917
0.59039998,-0.10682803,0.43310496
0.5905,-0.098786905,0.43499228
0.59060001,-0.09071105,0.43673047
0.59069997,-0.082603224,0.43831885
0.59079999,-0.074466214,0.43975684
0.5909,-0.066302814,0.44104385
0.59100002,-0.058115829,0.44217941
0.59109998,-0.049908068,0.44316307
0.59119999,-0.041682359,0.4439944
0.59130001,-0.033441473,0.44467297
0.59140003,-0.025188271,0.44519851
0.59149998,-0.016925603,0.4455708
0.5916,-0.008656322,0.44578964
0.59170002,-0.00038328301,0.4458549
0.59179997,0.0078906566,0.44576648
0.59189999,0.016162634,0.44552439
0.59200001,0.024429785,0.44512862
0.59210002,0.03268927,0.44457918
0.59219998,0.040938251,0.44387618
0.5923,0.049173839,0.44301984
0.59240001,0.057393186,0.44201037
0.59249997,0.065593429,0.44084811
0.59259999,0.073771723,0.43953335
0.5927,0.081925213,0.43806654
0.59280002,0.090051077,0.4364481
0.59289998,0.098146476,0.43467849
0.59299999,0.10620862,0.43275821
0.59310001,0.11423469,0.43068787
0.59320003,0.12222186,0.4284682
0.59329998,0.13016735,0.42609987
0.5934,0.13806839,0.42358366
0.59350002,0.14592221,0.42092037
0.59359998,0.15372607,0.41811088
0.59369999,0.16147721,0.41515616
0.59380001,0.16917294,0.41205698
0.59390002,0.17681056,0.40881443
0.59399998,0.18438737,0.40542963
0.5941,0.19190073,0.40190369
0.59420002,0.19934796,0.39823776
0.59429997,0.20672648,0.39443311
0.59439999,0.21403366,0.39049098
0.59450001,0.22126694,0.38641274
0.59460002,0.22842376,0.38219962
0.59469998,0.23550159,0.37785304
0.5948,0.24249792,0.37337449
0.59490001,0.24941029,0.36876553
0.59500003,0.25623623,0.36402768
0.59509999,0.26297337,0.35916257
0.5952,0.26961926,0.35417184
0.59530002,0.27617157,0.34905723
0.59539998,0.28262797,0.34382039
0.59549999,0.28898612,0.33846301
0.59560001,0.2952438,0.33298704
0.59570003,0.30139878,0.32739434
0.59579998,0.30744883,0.3216868
0.5959,0.3133918,0.31586638
0.59600002,0.31922561,0.30993509
0.59609997,0.32494813,0.30389497
0.59619999,0.33055732,0.29774812
0.59630001,0.33605111,0.29149649
0.59640002,0.34142756,0.28514233
0.59649998,0.34668475,0.2786878
0.5966,0.3518208,0.27213517
0.59670001,0.35683382,0.26548669
0.59680003,0.36172202,0.25874466
0.59689999,0.36648366,0.25191143
0.597,0.371117,0.24498937
0.59710002,0.37562031,0.2379808
0.59719998,0.37999192,0.23088813
0.59729999,0.38423032,0.22371387
0.59740001,0.38833395,0.21646054
0.59750003,0.39230129,0.20913063
0.59759998,0.39613092,0.20172672
0.5977,0.3998214,0.19425139
0.59780002,0.40337145,0.18670724
0.59789997,0.40677968,0.17909689
0.59799999,0.41004479,0.17142293
0.59810001,0.4131656,0.16368809
0.59820002,0.416141,0.15589508
0.59829998,0.41896987,0.14804666
0.5984,0.42165112,0.14014554
0.59850001,0.42418379,0.1321945
0.59859997,0.42656693,0.12419638
0.59869999,0.42879963,0.11615396
0.5988,0.43088093,0.10806996
0.59890002,0.4328101,0.099947311
0.59899998,0.43458641,0.091788858
0.59909999,0.43620914,0.083597481
0.59920001,0.43767774,0.075376071
0.59930003,0.43899155,0.067127541
0.59939998,0.44015011,0.058854792
0.5995,0.44115293,0.050560765
0.59960002,0.44199952,0.042248338
0.59969997,0.44268951,0.033920452
0.59979999,0.44322261,0.025580082
0.59990001,0.44359863,0.017230181
0.60000002,0.44381732,0.0088737132
0.60009998,0.44387859,0.00051364751
0.6002,0.44378236,-0.0078470437
0.60030001,0.44352859,-0.016205385
0.60039997,0.44311729,-0.024558417
0.60049999,0.44254845,-0.032903206
0.6006,0.44182229,-0.041236747
0.60070002,0.44093901,-0.049556065
0.60079998,0.43989885,-0.057858199
0.60089999,0.43870217,-0.066140175
0.60100001,0.43734929,-0.074399047
0.60110003,0.4358407,-0.082631841
0.60119998,0.43417683,-0.090835623
0.6013,0.43235809,-0.099007495
0.60140002,0.43038514,-0.1071445
0.60149997,0.42825866,-0.11524371
0.60159999,0.42597935,-0.12330224
0.60170001,0.42354795,-0.13131718
0.60180002,0.42096528,-0.13928567
0.60189998,0.41823223,-0.14720482
0.602,0.41534975,-0.15507178
0.60210001,0.41231865,-0.16288374
0.60219997,0.40914002,-0.17063788
0.60229999,0.40581495,-0.17833139
0.6024,0.40234458,-0.18596151
0.60250002,0.3987301,-0.19352548
0.60259998,0.39497277,-0.20102054
0.6027,0.39107391,-0.20844401
0.60280001,0.38703483,-0.21579319
0.60290003,0.38285691,-0.22306542
0.60299999,0.3785415,-0.23025806
0.6031,0.37409016,-0.23736848
0.60320002,0.36950445,-0.24439412
0.60329998,0.364786,-0.2513324
0.60339999,0.35993639,-0.25818086
0.60350001,0.3549574,-0.26493692
0.60360003,0.34985071,-0.27159819
0.60369998,0.34461817,-0.27816221
0.6038,0.33926141,-0.28462654
0.60390002,0.33378246,-0.29098883
0.60399997,0.3281832,-0.29724681
0.60409999,0.32246563,-0.30339813
0.60420001,0.31663176,-0.30944055
0.60430002,0.31068367,-0.31537187
0.60439998,0.30462345,-0.32118991
0.6045,0.29845327,-0.32689252
0.60460001,0.2921752,-0.3324776
0.60470003,0.28579146,-0.33794305
0.60479999,0.27930439,-0.34328687
0.6049,0.27271625,-0.34850711
0.60500002,0.26602945,-0.35360181
0.60509998,0.25924629,-0.35856915
0.60519999,0.25236925,-0.36340722
0.60530001,0.24540079,-0.36811426
0.60540003,0.23834331,-0.3726885
0.60549998,0.23119929,-0.37712815
0.6056,0.22397135,-0.38143167
0.60570002,0.21666208,-0.38559738
0.60579997,0.20927408,-0.38962376
0.60589999,0.20181002,-0.3935093
0.60600001,0.19427256,-0.39725256
0.60610002,0.18666443,-0.40085211
0.60619998,0.17898835,-0.40430659
0.6063,0.17124698,-0.40761459
0.60640001,0.16344315,-0.41077495
0.60650003,0.15557969,-0.41378644
0.60659999,0.14765944,-0.41664794
0.6067,0.13968524,-0.41935834
0.60680002,0.13166,-0.4219166
0.60689998,0.1235866,-0.42432177
0.60699999,0.11546797,-0.42657292
0.60710001,0.10730696,-0.42866904
0.60720003,0.099106543,-0.43060938
0.60729998,0.090869717,-0.43239316
0.6074,0.082599469,-0.43401971
0.60750002,0.074298799,-0.43548837
0.60759997,0.065970711,-0.43679857
0.60769999,0.057618253,-0.43794975
0.60780001,0.049244452,-0.43894145
0.60790002,0.040852327,-0.43977323
0.60799998,0.032444891,-0.44044462
0.6081,0.024025245,-0.4409554
0.60820001,0.015596461,-0.44130531
0.60829997,0.007161614,-0.4414942
0.60839999,-0.0012762165,-0.44152194
0.6085,-0.0097139459,-0.44138843
0.60860002,-0.018148487,-0.44109371
0.60869998,-0.026576756,-0.44063783
0.60879999,-0.034995731,-0.44002068
0.60890001,-0.043402284,-0.4392426
0.60900003,-0.051793337,-0.4383038
0.60909998,-0.060165808,-0.43720454
0.6092,-0.068516627,-0.43594521
0.60930002,-0.076842725,-0.43452618
0.60939997,-0.08514104,-0.43294793
0.60949999,-0.093408518,-0.43121102
0.60960001,-0.10164214,-0.42931587
0.60970002,-0.10983887,-0.42726314
0.60979998,-0.11799568,-0.4250536
0.6099,-0.12610956,-0.42268798
0.61000001,-0.13417752,-0.42016709
0.61009997,-0.14219657,-0.41749182
0.61019999,-0.15016374,-0.41466311
0.6103,-0.15807611,-0.41168192
0.61040002,-0.16593073,-0.40854925
0.61049998,-0.1737247,-0.40526614
0.61059999,-0.18145512,-0.40183377
0.61070001,-0.18911915,-0.39825341
0.61080003,-0.19671391,-0.39452627
0.61089998,-0.20423658,-0.39065373
0.611,-0.21168439,-0.38663715
0.61110002,-0.21905455,-0.38247794
0.61119998,-0.22634432,-0.37817761
0.61129999,-0.23355097,-0.37373748
0.61140001,-0.2406718,-0.36915931
0.61150002,-0.24770416,-0.36444473
0.61159998,-0.25464547,-0.35959539
0.6117,-0.26149306,-0.3546131
0.61180001,-0.26824439,-0.34949958
0.61189997,-0.27489698,-0.34425676
0.61199999,-0.28144827,-0.33888647
0.61210001,-0.28789583,-0.33339056
0.61220002,-0.2942372,-0.32777104
0.61229998,-0.30047002,-0.32203001
0.6124,-0.30659193,-0.31616947
0.61250001,-0.31260067,-0.31019163
0.61260003,-0.3184939,-0.30409864
0.61269999,-0.32426947,-0.29789272
0.6128,-0.32992518,-0.29157612
0.61290002,-0.33545882,-0.28515112
0.61299998,-0.34086832,-0.27861995
0.61309999,-0.34615162,-0.27198511
0.61320001,-0.35130674,-0.26524898
0.61330003,-0.35633171,-0.25841409
0.61339998,-0.36122462,-0.25148287
0.6135,-0.36598361,-0.24445792
0.61360002,-0.37060687,-0.23734181
0.61369997,-0.37509263,-0.23013712
0.61379999,-0.37943906,-0.2228464
0.61390001,-0.38364458,-0.2154724
0.61400002,-0.38770756,-0.20801784
0.61409998,-0.39162642,-0.20048547
0.6142,-0.39539969,-0.19287805
0.61430001,-0.39902589,-0.18519843
0.61440003,-0.40250364,-0.17744941
0.61449999,-0.40583161,-0.1696339
0.6146,-0.40900832,-0.16175462
0.61470002,-0.41203266,-0.15381458
0.61479998,-0.4149034,-0.14581673
0.61489999,-0.41761947,-0.13776402
0.61500001,-0.42017978,-0.12965944
0.61510003,-0.42258331,-0.12150603
0.61519998,-0.42482913,-0.11330678
0.6153,-0.4269163,-0.10506477
0.61540002,-0.428844,-0.096783012
0.61549997,-0.43061134,-0.088464543
0.61559999,-0.43221766,-0.080112509
0.61570001,-0.43366235,-0.071730033
0.61580002,-0.43494478,-0.063320242
0.61589998,-0.43606442,-0.054886263
0.616,-0.43702078,-0.046431266
0.61610001,-0.43781349,-0.037958406
0.61619997,-0.43844211,-0.029470846
0.61629999,-0.43890628,-0.020971688
0.6164,-0.43920583,-0.012464168
0.61650002,-0.43934059,-0.0039514764
0.61659998,-0.43931043,0.0045631933
0.61669999,-0.43911535,0.013076644
0.61680001,-0.43875533,0.021585677
0.61690003,-0.43823048,0.030087089
0.61699998,-0.43754095,0.03857768
0.6171,-0.43668672,0.047054313
0.61720002,-0.4356682,0.055513766
0.61729997,-0.4344857,0.063952841
0.61739999,-0.43313959,0.072368361
0.61750001,-0.43163034,0.080757149
0.61760002,-0.42995846,0.089116029
0.61769998,-0.42812452,0.097441852
0.6178,-0.42612916,0.10573145
0.61790001,-0.42397299,0.11398171
0.61799997,-0.42165676,0.12218952
0.61809999,-0.41918126,0.13035175
0.6182,-0.41654745,0.1384653
0.61830002,-0.41375622,0.14652711
0.61839998,-0.41080856,0.15453409
0.61849999,-0.40770561,0.16248322
0.61860001,-0.40444842,0.17037144
0.61870003,-0.40103814,0.17819579
0.61879998,-0.3974759,0.18595326
0.6189,-0.39376307,0.19364092
0.61900002,-0.38990098,0.2012558
0.61909997,-0.38589108,0.20879501
0.61919999,-0.38173485,0.21625568
0.61930001,-0.37743375,0.22363493
0.61940002,-0.37298939,0.23092996
0.61949998,-0.36840343,0.23813796
0.6196,-0.36367738,0.24525616
0.61970001,-0.35881305,0.25228181
0.61979997,-0.35381225,0.25921223
0.61989999,-0.34867683,0.26604477
0.62,-0.3434087,0.27277678
0.62010002,-0.3380098,0.27940568
0.62019998,-0.33248216,0.28592891
0.62029999,-0.32682785,0.29234394
0.62040001,-0.32104886,0.2986483
0.62050003,-0.31514728,0.30483952
0.62059999,-0.30912539,0.31091523
0.6207,-0.30298546,0.31687304
0.62080002,-0.29672974,0.32271069
0.62089998,-0.29036063,0.32842591
0.62099999,-0.28388047,0.33401644
0.62110001,-0.27729174,0.33948016
0.62120003,-0.27059683,0.3448149
0.62129998,-0.26379815,0.35001847
0.6214,-0.25689834,0.35508898
0.62150002,-0.24990001,0.36002436
0.62159997,-0.24280579,0.36482275
0.62169999,-0.23561835,0.36948219
0.62180001,-0.2283404,0.37400094
0.62190002,-0.2209747,0.37837714
0.62199998,-0.21352404,0.38260916
0.6221,-0.20599107,0.38669515
0.62220001,-0.19837873,0.39063355
0.62230003,-0.19068992,0.39442286
0.62239999,-0.18292753,0.39806151
0.6225,-0.17509452,0.40154812
0.62260002,-0.16719387,0.40488124
0.62269998,-0.15922858,0.4080596
0.62279999,-0.15120168,0.41108188
0.62290001,-0.14311613,0.41394684
0.62300003,-0.13497503,0.41665322
0.62309998,-0.12678148,0.41920003
0.6232,-0.11853863,0.42158625
0.62330002,-0.11024962,0.42381087
0.62339997,-0.10191762,0.42587295
0.62349999,-0.093545802,0.42777172
0.62360001,-0.085137382,0.42950633
0.62370002,-0.076695554,0.43107605
0.62379998,-0.068223462,0.4324801
0.6239,-0.059724417,0.43371794
0.62400001,-0.051201683,0.43478906
0.62410003,-0.042658519,0.435693
0.62419999,-0.034098215,0.43642929
0.6243,-0.025524061,0.43699765
0.62440002,-0.016939355,0.43739781
0.62449998,-0.008347407,0.43762949
0.62459999,0.00024857747,0.4376924
0.62470001,0.0088452213,0.43758658
0.62480003,0.017439213,0.43731195
0.62489998,0.026027234,0.43686861
0.625,0.034605969,0.43625665
0.62510002,0.043172106,0.43547624
0.62519997,0.051722325,0.43452764
0.62529999,0.060253318,0.43341115
0.62540001,0.068761826,0.432127
0.62550002,0.077244543,0.43067566
0.62559998,0.085698165,0.42905763
0.6257,0.094119422,0.42727351
0.62580001,0.10250503,0.4253239
0.62589997,0.11085174,0.42320952
0.62599999,0.11915631,0.42093113
0.6261,0.12741549,0.41848955
0.62620002,0.13562609,0.41588557
0.62629998,0.14378493,0.41312009
0.62639999,0.15188877,0.41019419
0.62650001,0.15993451,0.4071089
0.62660003,0.16791897,0.40386543
0.62669998,0.17583902,0.40046495
0.6268,0.18369159,0.3969087
0.62690002,0.1914736,0.39319804
0.62699997,0.19918199,0.38933435
0.62709999,0.20681374,0.38531882
0.62720001,0.21436585,0.38115317
0.62730002,0.22183536,0.37683886
0.62739998,0.22921933,0.3723776
0.6275,0.23651487,0.36777103
0.62760001,0.24371909,0.3630209
0.62769997,0.25082916,0.35812899
0.62779999,0.25784227,0.35309717
0.6279,0.26475564,0.34792721
0.62800002,0.27156651,0.34262109
0.62809998,0.27827224,0.33718088
0.62819999,0.28487015,0.33160862
0.62830001,0.29135761,0.32590646
0.62840003,0.29773208,0.32007656
0.62849998,0.30399102,0.31412113
0.6286,0.31013194,0.30804253
0.62870002,0.31615236,0.30184293
0.62879997,0.32204986,0.29552466
0.62889999,0.32782212,0.28909025
0.62900001,0.33346686,0.28254211
0.62910002,0.33898175,0.27588278
0.62919998,0.34436467,0.26911485
0.6293,0.34961343,0.26224089
0.62940001,0.3547259,0.2552636
0.62949997,0.35970005,0.24818563
0.62959999,0.36453381,0.24100956
0.62970001,0.36922523,0.23373826
0.62980002,0.37377247,0.22637454
0.62989998,0.37817365,0.21892126
0.63,0.38242701,0.21138132
0.63010001,0.38653082,0.20375761
0.63020003,0.39048344,0.19605313
0.63029999,0.39428324,0.18827088
0.6304,0.39792857,0.18041374
0.63050002,0.40141797,0.1724848
0.63059998,0.40474999,0.16448718
0.63069999,0.40792334,0.156424
0.63080001,0.41093662,0.1482984
0.63090003,0.41378868,0.14011356
0.63099998,0.41647825,0.13187267
0.6311,0.41900426,0.12357896
0.63120002,0.42136562,0.11523562
0.63129997,0.42356119,0.10684586
0.63139999,0.42559016,0.09841302
0.63150001,0.42745164,0.089940414
0.63160002,0.42914486,0.081431352
0.63169998,0.43066907,0.072889194
0.6318,0.43202358,0.064317279
0.63190001,0.43320787,0.055718996
0.63200003,0.43422133,0.04709772
0.63209999,0.43506333,0.038456731
0.6322,0.43573359,0.02979951
0.63230002,0.43623179,0.021129468
0.63239998,0.43655765,0.012450026
0.63249999,0.43671095,0.0037646131
0.63260001,0.43669164,-0.0049233395
0.63270003,0.4364996,-0.013610392
0.63279998,0.43613485,-0.022293102
0.6329,0.43559733,-0.030968102
0.63300002,0.4348872,-0.039631933
0.63309997,0.43400475,-0.048281144
0.63319999,0.43295023,-0.056912303
0.63330001,0.43172398,-0.065521985
0.63340002,0.43032643,-0.074106768
0.63349998,0.42875808,-0.082663231
0.6336,0.42701951,-0.091187976
0.63370001,0.42511123,-0.099677615
0.63380003,0.42303383,-0.10812879
0.63389999,0.4207882,-0.11653811
0.634,0.4183751,-0.12490223
0.63410002,0.41579548,-0.13321778
0.63419998,0.41305029,-0.14148146
0.63429999,0.41014054,-0.14968996
0.63440001,0.40706733,-0.15783998
0.63450003,0.40383184,-0.16592827
0.63459998,0.40043503,-0.1739516
0.6347,0.39687836,-0.18190672
0.63480002,0.39316317,-0.18979046
0.63489997,0.3892909,-0.19759963
0.63499999,0.385263,-0.2053311
0.63510001,0.38108101,-0.21298176
0.63520002,0.37674657,-0.22054853
0.63529998,0.37226135,-0.22802834
0.6354,0.36762688,-0.23541817
0.63550001,0.36284503,-0.24271505
0.63559997,0.35791767,-0.249916
0.63569999,0.35284668,-0.25701812
0.6358,0.34763411,-0.26401854
0.63590002,0.34228188,-0.27091444
0.63599998,0.33679217,-0.27770296
0.63609999,0.33116707,-0.28438142
0.63620001,0.32540873,-0.29094702
0.63630003,0.31951928,-0.29739711
0.63639998,0.31350112,-0.30372906
0.6365,0.3073566,-0.30994028
0.63660002,0.30108815,-0.31602824
0.63669997,0.29469824,-0.32199046
0.63679999,0.28818935,-0.3278245
0.63690001,0.28156406,-0.33352798
0.63700002,0.27482498,-0.33909851
0.63709998,0.26797456,-0.34453377
0.6372,0.26101565,-0.34983158
0.63730001,0.25395098,-0.35498971
0.63739997,0.24678335,-0.36000603
0.63749999,0.23951559,-0.36487854
0.6376,0.23215058,-0.36960515
0.63770002,0.22469127,-0.37418392
0.63779998,0.2171406,-0.378613
0.63789999,0.20950142,-0.3828904
0.63800001,0.20177682,-0.38701436
0.63810003,0.19396991,-0.39098322
0.63819999,0.18608378,-0.39479527
0.6383,0.17812158,-0.39844894
0.63840002,0.1700865,-0.4019427
0.63849998,0.16198175,-0.40527508
0.63859999,0.15381055,-0.40844464
0.63870001,0.1455761,-0.41145
0.63880002,0.13728166,-0.41428983
0.63889998,0.12893061,-0.41696295
0.639,0.12052628,-0.41946822
0.63910002,0.11207205,-0.42180458
0.63919997,0.10357131,-0.42397097
0.63929999,0.095027491,-0.4259665
0.63940001,0.08644402,-0.42779028
0.63950002,0.077824324,-0.42944151
0.63959998,0.069171779,-0.43091923
0.6397,0.060489938,-0.4322229
0.63980001,0.051782303,-0.43335196
0.63990003,0.043052383,-0.43430582
0.63999999,0.03430371,-0.43508407
0.6401,0.025539814,-0.43568632
0.64020002,0.016764248,-0.43611223
0.64029998,0.0079805674,-0.43636158
0.64039999,-0.00080777938,-0.436434
0.64050001,-0.0095971748,-0.43632948
0.64060003,-0.018384049,-0.436048
0.64069998,-0.027164835,-0.43558961
0.6408,-0.035935972,-0.4349544
0.64090002,-0.044693887,-0.43414256
0.64099997,-0.05343502,-0.43315437
0.64109999,-0.062155809,-0.43199018
0.64120001,-0.070852742,-0.43065023
0.64130002,-0.079522282,-0.42913496
0.64139998,-0.08816088,-0.42744499
0.6415,-0.096764997,-0.42558095
0.64160001,-0.10533112,-0.42354348
0.64170003,-0.11385576,-0.4213334
0.64179999,-0.12233541,-0.41895148
0.6419,-0.1307666,-0.41639867
0.64200002,-0.1391459,-0.41367587
0.64209998,-0.14746988,-0.41078398
0.64219999,-0.15573511,-0.40772417
0.64230001,-0.16393818,-0.40449768
0.64240003,-0.17207573,-0.4011057
0.64249998,-0.18014443,-0.39754957
0.6426,-0.18814094,-0.39383072
0.64270002,-0.19606197,-0.38995051
0.64279997,-0.20390424,-0.38591057
0.64289999,-0.21166453,-0.38171217
0.64300001,-0.21933961,-0.37735713
0.64310002,-0.22692633,-0.37284714
0.64319998,-0.23442152,-0.36818397
0.6433,-0.24182212,-0.36336952
0.64340001,-0.24912503,-0.35840565
0.64349997,-0.25632724,-0.35329434
0.64359999,-0.26342574,-0.34803766
0.6437,-0.27041754,-0.34263754
0.64380002,-0.27729976,-0.3370961
0.64389998,-0.28406954,-0.33141559
0.64399999,-0.29072404,-0.32559836
0.64410001,-0.29726049,-0.31964666
0.64420003,-0.30367619,-0.31356293
0.64429998,-0.30996838,-0.30734956
0.6444,-0.31613451,-0.30100912
0.64450002,-0.32217193,-0.29454404
0.64459997,-0.32807806,-0.2879568
0.64469999,-0.33385044,-0.28125018
0.64480001,-0.33948666,-0.27442688
0.64490002,-0.34498435,-0.26748961
0.64499998,-0.3503412,-0.26044124
0.6451,-0.35555491,-0.2532846
0.64520001,-0.3606233,-0.2460226
0.64529997,-0.36554423,-0.23865819
0.64539999,-0.37031549,-0.23119411
0.6455,-0.37493509,-0.22363354
0.64560002,-0.37940109,-0.21597958
0.64569998,-0.38371158,-0.20823531
0.64579999,-0.38786474,-0.20040388
0.64590001,-0.39185873,-0.19248852
0.64600003,-0.39569187,-0.18449245
0.64609998,-0.39936256,-0.17641893
0.6462,-0.40286905,-0.16827114
0.64630002,-0.40620983,-0.1600524
0.64639997,-0.40938351,-0.15176615
0.64649999,-0.41238868,-0.14341576
0.64660001,-0.41522408,-0.13500465
0.64670002,-0.41788837,-0.12653631
0.64679998,-0.42038047,-0.11801417
0.6469,-0.42269924,-0.10944176
0.64700001,-0.42484361,-0.10082258
0.64709997,-0.42681247,-0.092160046
0.64719999,-0.42860505,-0.083457828
0.6473,-0.43022054,-0.074719496
0.64740002,-0.43165815,-0.065948673
0.64749998,-0.43291724,-0.057148959
0.6476,-0.43399721,-0.048324008
0.64770001,-0.43489757,-0.039477468
0.64780003,-0.4356178,-0.030613
0.64789999,-0.43615738,-0.021734141
0.648,-0.43651608,-0.012844654
0.64810002,-0.4366937,-0.0039482247
0.64819998,-0.43669006,0.0049514561
0.64829999,-0.43650514,0.013850693
0.64840001,-0.4361389,0.022745786
0.64850003,-0.43559143,0.031633031
0.64859998,-0.43486291,0.040508728
0.6487,-0.43395334,0.049369242
0.64880002,-0.43286309,0.058210876
0.64889997,-0.43159252,0.067029916
0.64899999,-0.43014216,0.075822681
0.64910001,-0.42851251,0.084585503
0.64920002,-0.42670417,0.093314722
0.64929998,-0.42471778,0.10200667
0.6494,-0.42255417,0.11065771
0.64950001,-0.42021403,0.11926425
0.64960003,-0.41769814,0.12782268
0.64969999,-0.41500762,0.1363294
0.6498,-0.41214347,0.14478083
0.64990002,-0.40910682,0.15317343
0.64999998,-0.40589887,0.16150366
0.65009999,-0.4025209,0.16976801
0.65020001,-0.39897424,0.177963
0.65030003,-0.3952603,0.18608518
0.65039998,-0.39138031,0.19413112
0.6505,-0.38733596,0.20209742
0.65060002,-0.38312891,0.2099807
0.65069997,-0.37876078,0.21777764
0.65079999,-0.37423339,0.22548494
0.65090001,-0.36954856,0.23309933
0.65100002,-0.36470819,0.24061756
0.65109998,-0.35971424,0.24803646
0.6512,-0.35456851,0.25535285
0.65130001,-0.3492732,0.26256362
0.65140003,-0.34383047,0.26966569
0.65149999,-0.3382425,0.27665603
0.6516,-0.33251166,0.2835317
0.65170002,-0.32664025,0.29028973
0.65179998,-0.32063067,0.29692721
0.65189999,-0.3144854,0.30344135
0.65200001,-0.30820686,0.30982932
0.65210003,-0.30179754,0.31608829
0.65219998,-0.29526019,0.32221568
0.6523,-0.28859746,0.32820877
0.65240002,-0.28181216,0.33406508
0.65249997,-0.27490702,0.339782
0.65259999,-0.26788494,0.34535709
0.65270001,-0.26074883,0.35078797
0.65280002,-0.25350165,0.35607228
0.65289998,-0.24614617,0.36120757
0.653,-0.23868559,0.36619172
0.65310001,-0.23112303,0.37102255
0.65319997,-0.22346161,0.375698
0.65329999,-0.21570453,0.38021597
0.6534,-0.20785503,0.3845745
0.65350002,-0.19991639,0.38877171
0.65359998,-0.19189182,0.39280567
0.65369999,-0.1837846,0.39667457
0.65380001,-0.17559823,0.40037674
0.65390003,-0.16733609,0.40391055
0.65399998,-0.15900166,0.40727443
0.6541,-0.15059842,0.41046685
0.65420002,-0.14212991,0.41348642
0.65429997,-0.13359965,0.4163318
0.65439999,-0.12501113,0.41900152
0.65450001,-0.11636803,0.42149448
0.65460002,-0.10767397,0.42380956
0.65469998,-0.098932602,0.42594567
0.6548,-0.090147622,0.4279018
0.65490001,-0.081322722,0.4296771
0.65499997,-0.072461627,0.43127072
0.65509999,-0.063568041,0.43268177
0.6552,-0.05464571,0.43390962
0.65530002,-0.045698427,0.43495366
0.65539998,-0.036729973,0.4358134
0.65549999,-0.027744154,0.43648836
0.65560001,-0.01874478,0.43697816
0.65570003,-0.0097356718,0.43728253
0.65579998,-0.00072065089,0.43740126
0.6559,0.0082965288,0.43733406
0.65600002,0.017311983,0.43708098
0.65609998,0.026321873,0.43664199
0.65619999,0.035322364,0.43601725
0.65630001,0.044309616,0.43520692
0.65640002,0.053279791,0.43421125
0.65649998,0.06222906,0.43303064
0.6566,0.071153641,0.43166533
0.65670002,0.080049716,0.43011585
0.65679997,0.088913471,0.42838278
0.65689999,0.097741105,0.42646685
0.65700001,0.10652884,0.42436874
0.65710002,0.1152729,0.42208925
0.65719998,0.12396955,0.41962931
0.6573,0.13261503,0.41698986
0.65740001,0.14120567,0.41417179
0.65750003,0.14973775,0.41117632
0.65759999,0.1582076,0.40800467
0.6577,0.16661157,0.40465805
0.65780002,0.17494605,0.40113789
0.65789998,0.18320744,0.39744556
0.65799999,0.19139215,0.39358261
0.65810001,0.19949667,0.38955048
0.65820003,0.20751746,0.38535079
0.65829998,0.21545108,0.38098538
0.6584,0.22329406,0.37645596
0.65850002,0.23104303,0.37176442
0.65859997,0.23869459,0.36691272
0.65869999,0.24624546,0.36190286
0.65880001,0.25369233,0.3567369
0.65890002,0.26103193,0.35141683
0.65899998,0.26826105,0.34594497
0.6591,0.27537659,0.3403236
0.65920001,0.2823754,0.33455503
0.65930003,0.28925443,0.32864171
0.65939999,0.29601064,0.32258612
0.6595,0.30264115,0.31639075
0.65960002,0.30914295,0.31005818
0.65969998,0.31551319,0.30359098
0.65979999,0.32174912,0.29699197
0.65990001,0.32784796,0.29026389
0.66000003,0.33380699,0.2834096
0.66009998,0.33962366,0.27643198
0.6602,0.34529534,0.26933402
0.66030002,0.35081953,0.26211864
0.66039997,0.35619372,0.25478882
0.66049999,0.36141557,0.24734774
0.66060001,0.36648273,0.23979855
0.66070002,0.37139297,0.23214446
0.66079998,0.37614411,0.22438872
0.6609,0.380734,0.21653463
0.66100001,0.3851606,0.20858555
0.66109997,0.38942182,0.20054477
0.66119999,0.3935158,0.19241573
0.6613,0.3974407,0.18420194
0.66140002,0.40119472,0.17590688
0.66149998,0.40477619,0.16753414
0.66159999,0.40818346,0.15908727
0.66170001,0.41141498,0.15056992
0.66180003,0.41446927,0.14198571
0.66189998,0.41734484,0.13333824
0.662,0.42004037,0.1246313
0.66210002,0.42255467,0.11586861
0.66219997,0.42488652,0.10705395
0.66229999,0.42703485,0.098191127
0.66240001,0.42899865,0.089283951
0.66250002,0.43077698,0.080336273
0.66259998,0.43236887,0.071351886
0.6627,0.43377358,0.062334679
0.66280001,0.43499041,0.053288575
0.66289997,0.43601876,0.044217482
0.66299999,0.43685812,0.035125334
0.6631,0.43750802,0.026016075
0.66320002,0.43796808,0.016893655
0.66329998,0.43823799,0.0077620209
0.66339999,0.43831742,-0.0013749192
0.66350001,0.43820637,-0.010513151
0.66360003,0.43790478,-0.019648701
0.66369998,0.43741268,-0.02877759
0.6638,0.43673018,-0.03789584
0.66390002,0.43585753,-0.046999473
0.66399997,0.43479502,-0.056084514
0.66409999,0.43354288,-0.065147035
0.66420001,0.43210164,-0.074183069
0.66430002,0.43047181,-0.083188646
0.66439998,0.42865402,-0.092159837
0.6645,0.426649,-0.1010927
0.66460001,0.42445758,-0.10998333
0.66469997,0.42208058,-0.11882783
0.66479999,0.41951892,-0.12762229
0.6649,0.41677353,-0.1363629
0.66500002,0.4138456,-0.14504577
0.66509998,0.41073632,-0.15366709
0.6652,0.40744698,-0.16222309
0.66530001,0.40397891,-0.17070995
0.66540003,0.40033361,-0.17912395
0.66549999,0.39651254,-0.18746139
0.6656,0.39251718,-0.19571856
0.66570002,0.38834921,-0.2038918
0.66579998,0.38401043,-0.21197751
0.66589999,0.37950265,-0.2199721
0.66600001,0.37482777,-0.22787203
0.66610003,0.36998776,-0.23567379
0.66619998,0.36498469,-0.24337392
0.6663,0.3598206,-0.25096896
0.66640002,0.35449761,-0.25845554
0.66649997,0.34901804,-0.26583031
0.66659999,0.34338424,-0.27309
0.66670001,0.33759859,-0.28023139
0.66680002,0.33166358,-0.28725123
0.66689998,0.32558176,-0.29414645
0.667,0.31935573,-0.3009139
0.66710001,0.31298801,-0.30755052
0.66720003,0.30648142,-0.31405339
0.66729999,0.29983875,-0.32041952
0.6674,0.29306287,-0.32664609
0.66750002,0.28615665,-0.33273026
0.66759998,0.27912319,-0.33866933
0.66769999,0.27196541,-0.34446061
0.66780001,0.26468647,-0.35010144
0.66790003,0.25728935,-0.35558921
0.66799998,0.24977738,-0.3609215
0.6681,0.24215378,-0.36609584
0.66820002,0.23442188,-0.37110993
0.66829997,0.22658505,-0.37596142
0.66839999,0.21864669,-0.38064817
0.66850001,0.2106103,-0.38516796
0.66860002,0.20247921,-0.38951868
0.66869998,0.19425704,-0.39369836
0.6688,0.18594739,-0.39770505
0.66890001,0.17755391,-0.40153694
0.66900003,0.16908026,-0.40519223
0.66909999,0.16053015,-0.4086692
0.6692,0.15190734,-0.41196629
0.66930002,0.14321558,-0.41508192
0.66939998,0.13445862,-0.4180145
0.66949999,0.12564035,-0.42076272
0.66960001,0.11676463,-0.4233253
0.66970003,0.10783541,-0.42570102
0.66979998,0.098856606,-0.42788872
0.6699,0.089832172,-0.42988735
0.67000002,0.080766104,-0.43169597
0.67009997,0.071662307,-0.43331352
0.67019999,0.06252484,-0.43473926
0.67030001,0.053357761,-0.43597251
0.67040002,0.04416512,-0.43701261
0.67049998,0.03495099,-0.437859
0.6706,0.025719464,-0.43851122
0.67070001,0.016474634,-0.43896893
0.67079997,0.0072205812,-0.43923175
0.67089999,-0.0020386297,-0.4392994
0.671,-0.011298844,-0.43917185
0.67110002,-0.020555941,-0.43884903
0.67119998,-0.0298058,-0.43833101
0.67129999,-0.039044298,-0.43761793
0.67140001,-0.048267312,-0.43671003
0.67150003,-0.057470724,-0.43560764
0.67159998,-0.066650473,-0.43431097
0.6717,-0.075802438,-0.43282062
0.67180002,-0.084922515,-0.43113714
0.67189997,-0.09400662,-0.42926124
0.67199999,-0.10305069,-0.42719361
0.67210001,-0.11205067,-0.42493513
0.67220002,-0.12100252,-0.42248672
0.67229998,-0.12990221,-0.41984934
0.6724,-0.13874578,-0.41702396
0.67250001,-0.14752923,-0.41401184
0.67259997,-0.15624861,-0.41081426
0.67269999,-0.16489999,-0.40743253
0.6728,-0.17347947,-0.40386811
0.67290002,-0.18198317,-0.40012252
0.67299998,-0.19040726,-0.39619735
0.67309999,-0.19874793,-0.39209411
0.67320001,-0.2070014,-0.38781458
0.67330003,-0.21516395,-0.38336071
0.67339998,-0.22323187,-0.37873432
0.6735,-0.23120148,-0.37393746
0.67360002,-0.23906921,-0.36897221
0.67369998,-0.24683145,-0.3638407
0.67379999,-0.25448468,-0.35854512
0.67390001,-0.26202539,-0.35308763
0.67400002,-0.26945013,-0.34747073
0.67409998,-0.27675557,-0.34169686
0.6742,-0.28393832,-0.33576855
0.67430001,-0.29099515,-0.32968837
0.67439997,-0.29792279,-0.323459
0.67449999,-0.30471811,-0.31708321
0.67460001,-0.31137788,-0.31056356
0.67470002,-0.31789911,-0.30390307
0.67479998,-0.32427883,-0.29710463
0.6749,-0.33051404,-0.29017127
0.67500001,-0.33660191,-0.28310603
0.67510003,-0.34253964,-0.27591208
0.67519999,-0.34832448,-0.26859254
0.6753,-0.35395369,-0.26115063
0.67540002,-0.35942468,-0.25358957
0.67549998,-0.36473489,-0.24591279
0.67559999,-0.3698819,-0.23812367
0.67570001,-0.37486327,-0.2302257
0.67580003,-0.37967673,-0.22222239
0.67589998,-0.38431999,-0.2141173
0.676,-0.38879091,-0.20591408
0.67610002,-0.39308727,-0.1976162
0.67619997,-0.39720708,-0.18922746
0.67629999,-0.40114847,-0.18075162
0.67640001,-0.40490949,-0.17219247
0.67650002,-0.40848842,-0.16355383
0.67659998,-0.41188356,-0.15483961
0.6767,-0.4150933,-0.14605367
0.67680001,-0.418116,-0.13719995
0.67690003,-0.4209502,-0.12828235
0.67699999,-0.42359456,-0.11930495
0.6771,-0.4260478,-0.11027175
0.67720002,-0.42830873,-0.10118686
0.67729998,-0.43037623,-0.092054352
0.67739999,-0.43224931,-0.082878359
0.67750001,-0.43392703,-0.073663026
0.67760003,-0.43540832,-0.064412393
0.67769998,-0.43669257,-0.055130716
0.6778,-0.4377791,-0.045822188
0.67790002,-0.43866733,-0.036491033
0.67799997,-0.43935674,-0.02714147
0.67809999,-0.43984699,-0.017777745
0.67820001,-0.44013771,-0.0084041115
0.67830002,-0.44022867,0.00097521319
0.67839998,-0.44011959,0.010355997
0.6785,-0.43981057,0.019733941
0.67860001,-0.43930161,0.029104779
0.67869997,-0.43859291,0.038464241
0.67879999,-0.43768463,0.047808062
0.6789,-0.43657717,0.057131976
0.67900002,-0.43527094,0.066431724
0.67909998,-0.43376619,0.075703122
0.67919999,-0.4320637,0.084941894
0.67930001,-0.43016413,0.094143808
0.67940003,-0.42806825,0.10330466
0.67949998,-0.42577693,0.11242025
0.6796,-0.42329118,0.1214864
0.67970002,-0.42061201,0.13049893
0.67979997,-0.41774046,0.13945374
0.67989999,-0.41467771,0.14834671
0.68000001,-0.41142517,0.15717372
0.68010002,-0.4079842,0.16593075
0.68019998,-0.40435627,0.17461373
0.6803,-0.40054303,0.18321867
0.68040001,-0.39654613,0.19174162
0.68049997,-0.39236727,0.20017861
0.68059999,-0.38800812,0.20852575
0.6807,-0.38347071,0.21677917
0.68080002,-0.37875703,0.22493507
0.68089998,-0.37386915,0.23298965
0.68099999,-0.36880925,0.24093919
0.68110001,-0.3635796,0.24878
0.68120003,-0.35818252,0.25650844
0.68129998,-0.35262027,0.26412088
0.6814,-0.34689531,0.27161378
0.68150002,-0.34101027,0.27898365
0.68159997,-0.33496776,0.28622708
0.68169999,-0.32877052,0.29334065
0.68180001,-0.32242128,0.30032107
0.68190002,-0.31592292,0.30716506
0.68199998,-0.30927837,0.31386942
0.6821,-0.30249041,0.32043093
0.68220001,-0.29556224,0.32684657
0.68229997,-0.28849694,0.33311331
0.68239999,-0.28129774,0.33922821
0.6825,-0.27396789,0.34518838
0.68260002,-0.26651073,0.35099101
0.68269998,-0.25892958,0.35663337
0.68279999,-0.25122786,0.36211273
0.68290001,-0.24340896,0.36742646
0.68300003,-0.23547652,0.37257209
0.68309999,-0.22743416,0.3775472
0.6832,-0.21928552,0.38234937
0.68330002,-0.21103433,0.38697633
0.68339998,-0.20268434,0.39142591
0.68349999,-0.19423938,0.39569592
0.68360001,-0.18570313,0.39978418
0.68370003,-0.1770796,0.40368885
0.68379998,-0.16837274,0.40740803
0.6839,-0.15958652,0.4109399
0.68400002,-0.15072498,0.41428274
0.68409997,-0.14179218,0.41743496
0.68419999,-0.13279223,0.42039502
0.68430001,-0.12372919,0.42316136
0.68440002,-0.1146072,0.42573261
0.68449998,-0.1054305,0.42810753
0.6846,-0.09620332,0.43028492
0.68470001,-0.086929895,0.4322637
0.68480003,-0.077614523,0.43404287
0.68489999,-0.068261497,0.43562153
0.685,-0.05887514,0.43699887
0.68510002,-0.04945967,0.43817395
0.68519998,-0.04001952,0.43914628
0.68529999,-0.03055905,0.43991533
0.68540001,-0.021082647,0.44048059
0.68550003,-0.011594702,0.44084176
0.68559998,-0.0020996204,0.44099861
0.6857,0.0073981853,0.44095096
0.68580002,0.016894355,0.44069862
0.68589997,0.026384486,0.44024161
0.68599999,0.035864133,0.43958008
0.68610001,0.045328893,0.4387143
0.68620002,0.054774351,0.43764454
0.68629998,0.064196102,0.43637124
0.6864,0.07358975,0.43489489
0.68650001,0.082950905,0.43321612
0.68660003,0.092275247,0.43133539
0.68669999,0.10155839,0.42925361
0.6868,0.11079599,0.4269717
0.68690002,0.11998371,0.4244906
0.68699998,0.12911727,0.42181143
0.68709999,0.13819234,0.4189353
0.68720001,0.14720471,0.41586351
0.68730003,0.15615013,0.4125973
0.68739998,0.16502441,0.40913805
0.6875,0.17382336,0.40548736
0.68760002,0.18254285,0.40164688
0.68769997,0.19117874,0.39761829
0.68779999,0.199727,0.39340341
0.68790001,0.20818359,0.38900414
0.68800002,0.21654449,0.38442248
0.68809998,0.22480576,0.37966022
0.6882,0.23296347,0.37471971
0.68830001,0.2410138,0.36960313
0.68839997,0.2489529,0.36431283
0.68849999,0.25677702,0.35885119
0.6886,0.26448244,0.35322076
0.68870002,0.27206552,0.34742406
0.68879998,0.2795226,0.34146363
0.68889999,0.28685012,0.33534217
0.68900001,0.29404461,0.32906255
0.68910003,0.30110267,0.32262763
0.68919998,0.30802089,0.31604037
0.6893,0.314796,0.30930379
0.68940002,0.32142472,0.30242103
0.68949997,0.3279039,0.29539526
0.68959999,0.33423033,0.28822947
0.68970001,0.34040105,0.28092712
0.68980002,0.34641308,0.27349159
0.68989998,0.35226351,0.2659263
0.69,0.35794955,0.2582348
0.69010001,0.36346847,0.25042063
0.69019997,0.36881754,0.24248742
0.69029999,0.37399417,0.23443872
0.6904,0.37899578,0.22627831
0.69050002,0.38382003,0.21800999
0.69059998,0.38846454,0.20963763
0.69069999,0.39292705,0.20116514
0.69080001,0.39720538,0.19259645
0.69090003,0.40129745,0.1839356
0.69099998,0.40520123,0.1751866
0.6911,0.40891466,0.1663534
0.69120002,0.41243601,0.15744023
0.69129997,0.41576353,0.14845125
0.69139999,0.41889554,0.13939069
0.69150001,0.42183053,0.13026281
0.69160002,0.42456704,0.12107187
0.69169998,0.42710364,0.11182223
0.6918,0.42943898,0.1025181
0.69190001,0.43157187,0.093163893
0.69199997,0.43350121,0.083764039
0.69209999,0.43522605,0.074322961
0.69220001,0.43674549,0.064845115
0.69230002,0.4380587,0.055334978
0.69239998,0.43916503,0.045797039
0.6925,0.44006377,0.036235794
0.69260001,0.44075429,0.026655672
0.69270003,0.44123632,0.017061267
0.69279999,0.44150946,0.0074571236
0.6929,0.44157353,-0.0021522087
0.69300002,0.44142845,-0.011762172
0.69309998,0.44107419,-0.021368202
0.69319999,0.44051081,-0.030965732
0.69330001,0.43973836,-0.040550262
0.69340003,0.43875715,-0.050117228
0.69349998,0.43756759,-0.059662055
0.6936,0.43617016,-0.069180205
0.69370002,0.43456545,-0.078667134
0.69379997,0.43275413,-0.08811833
0.69389999,0.43073699,-0.09752927
0.69400001,0.42851487,-0.10689546
0.69410002,0.42608854,-0.11621247
0.69419998,0.42345923,-0.12547582
0.6943,0.4206281,-0.13468108
0.69440001,0.41759643,-0.14382383
0.69450003,0.41436553,-0.1528997
0.69459999,0.41093692,-0.16190432
0.6947,0.40731215,-0.17083338
0.69480002,0.40349266,-0.1796826
0.69489998,0.39948028,-0.18844771
0.69499999,0.39527687,-0.1971245
0.69510001,0.39088431,-0.20570879
0.69520003,0.38630468,-0.21419646
0.69529998,0.38154009,-0.22258338
0.6954,0.37659273,-0.23086555
0.69550002,0.37146485,-0.23903893
0.69559997,0.36615863,-0.24709956
0.69569999,0.36067674,-0.25504357
0.69580001,0.35502163,-0.26286706
0.69590002,0.34919599,-0.27056628
0.69599998,0.34320253,-0.27813751
0.6961,0.33704406,-0.28557706
0.69620001,0.33072346,-0.29288131
0.69630003,0.32424355,-0.30004665
0.69639999,0.31760734,-0.3070696
0.6965,0.31081808,-0.31394675
0.69660002,0.30387887,-0.32067478
0.69669998,0.29679304,-0.32725036
0.69679999,0.28956389,-0.33367029
0.69690001,0.28219491,-0.33993143
0.69700003,0.27468947,-0.34603071
0.69709998,0.26705098,-0.35196504
0.6972,0.25928316,-0.35773155
0.69730002,0.25138971,-0.36332741
0.69739997,0.24337436,-0.36874989
0.69749999,0.23524092,-0.37399629
0.69760001,0.22699325,-0.37906399
0.69770002,0.21863528,-0.38395056
0.69779998,0.21017084,-0.38865343
0.6979,0.20160399,-0.39317027
0.69800001,0.19293885,-0.39749888
0.69809997,0.18417954,-0.40163708
0.69819999,0.17533025,-0.40558282
0.6983,0.16639522,-0.40933412
0.69840002,0.15737872,-0.41288912
0.69849998,0.14828502,-0.41624594
0.69859999,0.13911836,-0.41940284
0.69870001,0.12988323,-0.42235821
0.69880003,0.12058403,-0.42511064
0.69889998,0.11122525,-0.42765865
0.699,0.10181136,-0.43000096
0.69910002,0.092346907,-0.43213636
0.69919997,0.082836449,-0.43406376
0.69929999,0.073284425,-0.43578196
0.69940001,0.06369549,-0.4372901
0.69950002,0.054074273,-0.4385874
0.69959998,0.044425417,-0.43967313
0.6997,0.034753576,-0.44054672
0.69980001,0.025063425,-0.44120765
0.69989997,0.015359652,-0.44165552
0.69999999,0.0056469189,-0.44188997
0.7001,-0.0040701432,-0.44191068
0.70020002,-0.013786777,-0.44171765
0.70029998,-0.023498276,-0.44131088
0.70039999,-0.033199932,-0.44069049
0.70050001,-0.042887039,-0.43985671
0.70060003,-0.052554891,-0.43880984
0.70069999,-0.062198784,-0.43755037
0.7008,-0.071814097,-0.43607855
0.70090002,-0.081396125,-0.43439513
0.70099998,-0.090940192,-0.43250087
0.70109999,-0.10044166,-0.43039659
0.70120001,-0.10989589,-0.42808324
0.70130002,-0.11929827,-0.42556188
0.70139998,-0.12864421,-0.42283365
0.7015,-0.13792916,-0.4198997
0.70160002,-0.14714858,-0.41676128
0.70169997,-0.15629797,-0.41341993
0.70179999,-0.16537283,-0.40987718
0.70190001,-0.17436872,-0.40613469
0.70200002,-0.18328124,-0.40219423
0.70209998,-0.19210601,-0.39805761
0.7022,-0.2008387,-0.3937268
0.70230001,-0.20947501,-0.38920358
0.70240003,-0.21801068,-0.38449022
0.70249999,-0.22644153,-0.37958896
0.7026,-0.23476341,-0.37450206
0.70270002,-0.24297222,-0.369232
0.70279998,-0.25106388,-0.36378124
0.70289999,-0.25903445,-0.35815242
0.70300001,-0.26687995,-0.35234812
0.70310003,-0.27459645,-0.34637097
0.70319998,-0.28218016,-0.34022391
0.7033,-0.28962737,-0.33390993
0.70340002,-0.29693434,-0.32743201
0.70349997,-0.30409744,-0.32079324
0.70359999,-0.31111315,-0.31399688
0.70370001,-0.31797796,-0.30704618
0.70380002,-0.32468837,-0.29994422
0.70389998,-0.33124107,-0.29269454
0.704,-0.33763283,-0.28530067
0.70410001,-0.34386042,-0.27776617
0.70420003,-0.34992075,-0.27009466
0.70429999,-0.35581076,-0.26228985
0.7044,-0.36152753,-0.25435555
0.70450002,-0.36706814,-0.2462955
0.70459998,-0.37242976,-0.23811349
0.70469999,-0.3776097,-0.22981362
0.70480001,-0.38260537,-0.22139987
0.70490003,-0.38741428,-0.21287636
0.70499998,-0.39203393,-0.20424722
0.7051,-0.39646205,-0.19551666
0.70520002,-0.40069637,-0.18668894
0.70529997,-0.40473458,-0.17776817
0.70539999,-0.4085747,-0.16875878
0.70550001,-0.41221476,-0.1596652
0.70560002,-0.4156529,-0.15049185
0.70569998,-0.41888738,-0.14124322
0.7058,-0.42191648,-0.13192384
0.70590001,-0.42473871,-0.12253828
0.70599997,-0.42735246,-0.11309106
0.70609999,-0.42975631,-0.10358674
0.7062,-0.43194908,-0.09403006
0.70630002,-0.43392959,-0.084425703
0.70639998,-0.43569681,-0.074778371
0.70649999,-0.43724975,-0.065092824
0.70660001,-0.43858761,-0.055373829
0.70670003,-0.43970963,-0.045626167
0.70679998,-0.44061497,-0.035854507
0.7069,-0.44130322,-0.026063735
0.70700002,-0.44177395,-0.016258679
0.70709997,-0.44202685,-0.0064441785
0.70719999,-0.44206172,0.0033749221
0.70730001,-0.44187844,0.013193768
0.70740002,-0.44147709,0.023007501
0.70749998,-0.44085762,0.032811303
0.7076,-0.4400202,0.042600363
0.70770001,-0.43896526,0.052369796
0.70779997,-0.43769318,0.062114753
0.70789999,-0.43620458,0.071830407
0.708,-0.43450007,0.081511937
0.70810002,-0.43258044,0.091154531
0.70819998,-0.43044659,0.10075339
0.70829999,-0.42809922,0.1103038
0.70840001,-0.42553955,0.11980097
0.70850003,-0.42276877,0.12924019
0.70859998,-0.41978818,0.13861673
0.7087,-0.41659921,0.14792593
0.70880002,-0.41320333,0.15716314
0.70889997,-0.40960217,0.16632375
0.70899999,-0.40579736,0.17540319
0.70910001,-0.40179059,0.18439691
0.70920002,-0.39758387,0.19330041
0.70929998,-0.39317921,0.20210925
0.7094,-0.38857874,0.21081899
0.70950001,-0.38378468,0.21942528
0.70959997,-0.37879935,0.22792378
0.70969999,-0.37362519,0.23631026
0.7098,-0.36826438,0.24458043
0.70990002,-0.36271971,0.25273016
0.70999998,-0.35699388,0.26075539
0.7101,-0.35108969,0.26865199
0.71020001,-0.34500995,0.27641606
0.71030003,-0.33875769,0.28404364
0.71039999,-0.33233595,0.29153091
0.7105,-0.32574779,0.29887402
0.71060002,-0.31899628,0.30606923
0.71069998,-0.31208488,0.31311291
0.71079999,-0.30501696,0.32000154
0.71090001,-0.29779601,0.32673159
0.71100003,-0.29042554,0.33329964
0.71109998,-0.28290921,0.33970237
0.7112,-0.27525076,0.34593651
0.71130002,-0.26745367,0.35199875
0.71139997,-0.25952193,0.35788608
0.71149999,-0.25145951,0.36359549
0.71160001,-0.24327034,0.36912405
0.71170002,-0.23495848,0.37446895
0.71179998,-0.22652808,0.37962744
0.7119,-0.21798331,0.38459688
0.71200001,-0.20932831,0.38937461
0.71210003,-0.20056729,0.39395815
0.71219999,-0.19170469,0.39834517
0.7123,-0.18274492,0.40253341
0.71240002,-0.17369242,0.40652069
0.71249998,-0.16455172,0.41030493
0.71259999,-0.15532736,0.41388419
0.71270001,-0.14602397,0.41725659
0.71280003,-0.13664596,0.42042017
0.71289998,-0.12719814,0.42337337
0.713,-0.11768525,0.42611462
0.71310002,-0.10811201,0.42864251
0.71319997,-0.098483235,0.43095562
0.71329999,-0.088803738,0.43305278
0.71340001,-0.079078376,0.43493286
0.71350002,-0.069311947,0.43659469
0.71359998,-0.0595093,0.43803734
0.7137,-0.049675412,0.43926001
0.71380001,-0.039815225,0.44026208
0.71390003,-0.029933687,0.4410429
0.71399999,-0.020035772,0.44160205
0.7141,-0.010126465,0.44193918
0.71420002,-0.00021075636,0.442054
0.71429998,0.0097064804,0.44194615
0.71439999,0.019620171,0.44161573
0.71450001,0.029525317,0.44106287
0.71460003,0.039416917,0.44028771
0.71469998,0.049289979,0.43929058
0.7148,0.059139509,0.43807197
0.71490002,0.068960518,0.43663234
0.71499997,0.078748077,0.43497226
0.71509999,0.088497244,0.43309239
0.71520001,0.098203063,0.43099368
0.71530002,0.10786061,0.42867714
0.71539998,0.11746497,0.42614388
0.7155,0.1270113,0.42339507
0.71560001,0.13649471,0.42043203
0.71569997,0.1459104,0.41725621
0.71579999,0.1552536,0.41386884
0.7159,0.16451955,0.41027173
0.71600002,0.17370352,0.40646666
0.71609998,0.18280083,0.40245542
0.71619999,0.19180684,0.39824003
0.71630001,0.20071694,0.39382252
0.71640003,0.2095266,0.3892051
0.71649998,0.21823129,0.38438988
0.7166,0.22682655,0.37937915
0.71670002,0.23530801,0.37417549
0.71679997,0.2436713,0.36878145
0.71689999,0.25191215,0.36319974
0.71700001,0.26002631,0.35743314
0.71710002,0.26800963,0.35148448
0.71719998,0.27585801,0.3453567
0.7173,0.28356731,0.33905265
0.71740001,0.29113367,0.33257556
0.71749997,0.29855314,0.32592872
0.71759999,0.3058219,0.31911543
0.7177,0.31293619,0.31213909
0.71780002,0.31989238,0.30500323
0.71789998,0.32668683,0.2977114
0.71799999,0.33331597,0.29026714
0.71810001,0.33977637,0.2826741
0.71820003,0.34606466,0.27493623
0.71829998,0.35217765,0.26705739
0.7184,0.3581121,0.25904158
0.71850002,0.36386493,0.25089279
0.71859998,0.36943316,0.24261516
0.71869999,0.37481388,0.23421289
0.71880001,0.38000414,0.22568996
0.71890002,0.38500127,0.21705084
0.71899998,0.38980269,0.20829989
0.7191,0.39440587,0.19944154
0.71920002,0.39880839,0.19048028
0.71929997,0.40300789,0.18142065
0.71939999,0.40700224,0.17226729
0.71950001,0.41078916,0.16302469
0.71960002,0.41436663,0.15369754
0.71969998,0.41773281,0.14429064
0.7198,0.42088586,0.13480876
0.71990001,0.42382413,0.12525676
0.72000003,0.42654607,0.11563949
0.72009999,0.42905015,0.10596185
0.7202,0.43133488,0.096228667
0.72030002,0.43339908,0.086444952
0.72039998,0.43524161,0.076615714
0.72049999,0.43686146,0.066745974
0.72060001,0.43825772,0.056840777
0.72070003,0.43942961,0.046905208
0.72079998,0.4403764,0.036944333
0.7209,0.44109741,0.026963186
0.72100002,0.44159222,0.016966924
0.72109997,0.44186056,0.0069606798
0.72119999,0.44190219,-0.0030504118
0.72130001,0.441717,-0.013061206
0.72140002,0.44130501,-0.023066552
0.72149998,0.44066629,-0.033061329
0.7216,0.43980101,-0.043040425
0.72170001,0.43870959,-0.052998673
0.72180003,0.4373925,-0.062930942
0.72189999,0.43585038,-0.072832108
0.722,0.43408391,-0.082697071
0.72210002,0.43209392,-0.092520721
0.72219998,0.42988127,-0.10229801
0.72229999,0.42744699,-0.1120239
0.72240001,0.42479232,-0.12169333
0.72250003,0.42191851,-0.13130131
0.72259998,0.41882697,-0.14084285
0.7227,0.41551927,-0.15031302
0.72280002,0.41199699,-0.15970689
0.72289997,0.40826172,-0.16901961
0.72299999,0.40431538,-0.17824632
0.72310001,0.40015996,-0.18738224
0.72320002,0.39579752,-0.19642261
0.72329998,0.39123026,-0.20536272
0.7234,0.38646042,-0.21419793
0.72350001,0.38149044,-0.22292364
0.72359997,0.3763226,-0.23153524
0.72369999,0.37095964,-0.24002828
0.7238,0.36540428,-0.2483983
0.72390002,0.35965925,-0.25664094
0.72399998,0.35372755,-0.26475191
0.72409999,0.34761211,-0.27272692
0.72420001,0.34131604,-0.28056177
0.72430003,0.33484238,-0.28825238
0.72439998,0.32819456,-0.2957947
0.7245,0.32137594,-0.30318478
0.72460002,0.31438994,-0.3104187
0.72469997,0.30724022,-0.31749266
0.72479999,0.29993036,-0.32440299
0.72490001,0.29246402,-0.33114591
0.72500002,0.28484502,-0.33771792
0.72509998,0.27707732,-0.34411556
0.7252,0.26916483,-0.35033542
0.72530001,0.26111168,-0.3563742
0.72539997,0.25292197,-0.36222875
0.72549999,0.24459992,-0.36789593
0.7256,0.23614967,-0.37337258
0.72570002,0.22757564,-0.37865591
0.72579998,0.21888225,-0.38374308
0.72589999,0.21007398,-0.38863137
0.72600001,0.20115538,-0.39331815
0.72610003,0.19213106,-0.39780092
0.72619998,0.18300565,-0.40207729
0.7263,0.17378376,-0.4061448
0.72640002,0.16447026,-0.41000137
0.72649997,0.15506992,-0.41364485
0.72659999,0.14558765,-0.41707334
0.72670001,0.13602836,-0.42028493
0.72680002,0.12639701,-0.42327791
0.72689998,0.11669856,-0.42605054
0.727,0.106938,-0.42860124
0.72710001,0.097120427,-0.43092868
0.72719997,0.08725097,-0.43303156
0.72729999,0.077334754,-0.43490866
0.7274,0.067376956,-0.43655899
0.72750002,0.057382766,-0.43798155
0.72759998,0.047357328,-0.43917543
0.7277,0.03730588,-0.44013995
0.72780001,0.027233688,-0.44087452
0.72790003,0.017146017,-0.44137871
0.72799999,0.0070481421,-0.44165212
0.7281,-0.0030546526,-0.44169459
0.72820002,-0.013157073,-0.441506
0.72829998,-0.023253903,-0.44108617
0.72839999,-0.033339806,-0.44043538
0.72850001,-0.043409493,-0.43955383
0.72860003,-0.053457677,-0.43844193
0.72869998,-0.063479088,-0.4371002
0.7288,-0.073468447,-0.43552923
0.72890002,-0.083420515,-0.43372977
0.72899997,-0.093330093,-0.43170252
0.72909999,-0.10319193,-0.42944857
0.72920001,-0.11300083,-0.42696902
0.72930002,-0.12275164,-0.42426509
0.72939998,-0.1324392,-0.42133811
0.7295,-0.14205839,-0.41818956
0.72960001,-0.15160415,-0.41482094
0.72970003,-0.16107143,-0.41123384
0.72979999,-0.17045522,-0.4074302
0.7299,-0.17975055,-0.4034119
0.73000002,-0.18895251,-0.39918098
0.73009998,-0.19805621,-0.3947396
0.73019999,-0.20705682,-0.39009005
0.73030001,-0.21594955,-0.38523453
0.73040003,-0.22472969,-0.38017556
0.73049998,-0.23339257,-0.37491581
0.7306,-0.24193357,-0.36945793
0.73070002,-0.25034818,-0.36380473
0.73079997,-0.25863186,-0.35795915
0.73089999,-0.26678026,-0.35192424
0.73100001,-0.27478892,-0.34570286
0.73110002,-0.28265363,-0.33929837
0.73119998,-0.2903702,-0.33271408
0.7313,-0.29793447,-0.32595342
0.73140001,-0.30534238,-0.31901988
0.73150003,-0.31259,-0.3119171
0.73159999,-0.31967342,-0.3046487
0.7317,-0.32658875,-0.29721835
0.73180002,-0.33333236,-0.28963003
0.73189998,-0.33990058,-0.28188768
0.73199999,-0.34628987,-0.27399534
0.73210001,-0.35249683,-0.26595715
0.73220003,-0.35851809,-0.2577773
0.73229998,-0.36435032,-0.24946003
0.7324,-0.36999038,-0.24100962
0.73250002,-0.3754352,-0.23243056
0.73259997,-0.38068187,-0.22372738
0.73269999,-0.38572752,-0.21490459
0.73280001,-0.39056939,-0.20596689
0.73290002,-0.3952049,-0.19691896
0.73299998,-0.39963132,-0.18776545
0.7331,-0.40384635,-0.1785112
0.73320001,-0.40784764,-0.16916113
0.73329997,-0.41163301,-0.15972015
0.73339999,-0.41520035,-0.15019326
0.7335,-0.41854772,-0.14058548
0.73360002,-0.42167327,-0.13090192
0.73369998,-0.42457509,-0.12114754
0.73379999,-0.42725167,-0.11132759
0.73390001,-0.42970145,-0.10144727
0.73400003,-0.43192309,-0.091511808
0.73409998,-0.43391535,-0.081526488
0.7342,-0.43567705,-0.071496606
0.73430002,-0.43720716,-0.061427463
0.73439997,-0.43850464,-0.051324338
0.73449999,-0.43956885,-0.041192655
0.73460001,-0.44039908,-0.0310378
0.73470002,-0.44099486,-0.020865176
0.73479998,-0.44135576,-0.010680208
0.7349,-0.4414815,-0.00048832654
0.73500001,-0.44137189,0.0097050779
0.73509997,-0.44102681,0.019894578
0.73519999,-0.44044644,0.030074708
0.7353,-0.43963099,0.040240034
0.73540002,-0.43858084,0.050385121
0.73549998,-0.43729648,0.060504537
0.73559999,-0.4357785,0.070592865
0.73570001,-0.43402743,0.080644742
0.73580003,-0.43204427,0.090654761
0.73589998,-0.42982996,0.10061756
0.736,-0.42738557,0.11052778
0.73610002,-0.42471242,0.12038011
0.73619998,-0.42181182,0.13016924
0.73629999,-0.4186852,0.13988994
0.73640001,-0.41533405,0.14953695
0.73650002,-0.41176012,0.15910511
0.73659998,-0.4079653,0.16858923
0.7367,-0.4039515,0.17798422
0.73680001,-0.39972085,0.18728499
0.73689997,-0.3952755,0.19648655
0.73699999,-0.39061776,0.20558392
0.73710001,-0.38574988,0.21457213
0.73720002,-0.38067451,0.22344637
0.73729998,-0.37539431,0.23220183
0.7374,-0.36991206,0.24083374
0.73750001,-0.36423057,0.24933746
0.73760003,-0.35835293,0.25770834
0.73769999,-0.35228205,0.26594186
0.7378,-0.34602109,0.27403346
0.73790002,-0.33957344,0.28197882
0.73799998,-0.33294249,0.28977358
0.73809999,-0.32613176,0.2974135
0.73820001,-0.31914482,0.30489445
0.73830003,-0.31198543,0.31221229
0.73839998,-0.30465716,0.319363
0.7385,-0.29716402,0.32634267
0.73860002,-0.28950995,0.33314753
0.73869997,-0.28169906,0.3397738
0.73879999,-0.27373549,0.34621787
0.73890001,-0.26562351,0.35247618
0.73900002,-0.2573674,0.35854533
0.73909998,-0.24897142,0.36442184
0.7392,-0.24044015,0.37010258
0.73930001,-0.23177813,0.37558436
0.73940003,-0.22299002,0.38086417
0.73949999,-0.21408051,0.38593912
0.7396,-0.20505439,0.39080638
0.73970002,-0.19591643,0.39546317
0.73979998,-0.18667145,0.39990687
0.73989999,-0.17732447,0.40413508
0.74000001,-0.16788054,0.40814537
0.74010003,-0.1583447,0.41193554
0.74019998,-0.1487221,0.41550347
0.7403,-0.13901791,0.41884714
0.74040002,-0.12923729,0.42196459
0.74049997,-0.11938549,0.42485398
0.74059999,-0.10946786,0.42751378
0.74070001,-0.099489741,0.42994243
0.74080002,-0.089456528,0.43213853
0.74089998,-0.079373643,0.43410084
0.741,-0.069246553,0.43582821
0.74110001,-0.059080612,0.43731943
0.74119997,-0.048881382,0.43857369
0.74129999,-0.038654387,0.43959028
0.7414,-0.028405176,0.44036853
0.74150002,-0.018139303,0.44090793
0.74159998,-0.0078623444,0.44120815
0.74169999,0.0024201332,0.44126889
0.74180001,0.012702608,0.44108987
0.74190003,0.022979448,0.44067121
0.74199998,0.033245064,0.44001308
0.7421,0.043493871,0.4391157
0.74220002,0.053720281,0.43797955
0.74229997,0.063918725,0.43660513
0.74239999,0.074083656,0.434993
0.74250001,0.084209546,0.43314394
0.74260002,0.09429086,0.43105888
0.74269998,0.10432208,0.42873892
0.7428,0.11429773,0.42618522
0.74290001,0.12421234,0.42339912
0.74299997,0.1340605,0.42038205
0.74309999,0.14383681,0.41713545
0.7432,0.15353592,0.41366097
0.74330002,0.16315252,0.40996051
0.74339998,0.1726813,0.40603602
0.74349999,0.18211706,0.40188953
0.74360001,0.1914546,0.39752325
0.74370003,0.20068878,0.39293951
0.74379998,0.20981452,0.38814053
0.7439,0.21882679,0.38312894
0.74400002,0.22772063,0.37790743
0.74409997,0.23649113,0.37247878
0.74419999,0.24513344,0.36684588
0.74430001,0.25364283,0.36101177
0.74440002,0.26201454,0.35497954
0.74449998,0.27024394,0.34875223
0.7446,0.27832645,0.34233335
0.74470001,0.28625765,0.33572626
0.74479997,0.29403311,0.32893458
0.74489999,0.30164853,0.32196197
0.745,0.30909967,0.31481218
0.74510002,0.31638235,0.30748898
0.74519998,0.32349253,0.29999626
0.74529999,0.33042622,0.29233813
0.74540001,0.33717954,0.28451878
0.74550003,0.34374881,0.2765424
0.74559999,0.35013029,0.26841334
0.7457,0.35632044,0.26013601
0.74580002,0.36231571,0.25171477
0.74589998,0.36811274,0.24315421
0.74599999,0.37370834,0.23445904
0.74610001,0.37909928,0.22563399
0.74620003,0.38428259,0.21668388
0.74629998,0.38925532,0.20761356
0.7464,0.39401469,0.19842802
0.74650002,0.39855784,0.18913208
0.74659997,0.40288231,0.17973094
0.74669999,0.40698558,0.17022972
0.74680001,0.4108654,0.16063362
0.74690002,0.41451946,0.15094791
0.74699998,0.41794574,0.14117789
0.7471,0.42114225,0.1313289
0.74720001,0.42410699,0.12140623
0.74730003,0.42683831,0.11141541
0.74739999,0.42933467,0.10136192
0.7475,0.43159458,0.091251276
0.74760002,0.43361676,0.081089057
0.74769998,0.43539995,0.07088086
0.74779999,0.43694302,0.060632247
0.74790001,0.43824503,0.050348837
0.74800003,0.43930516,0.040036336
0.74809998,0.44012278,0.029700434
0.7482,0.44069734,0.019346839
0.74830002,0.44102848,0.0089812707
0.74839997,0.44111592,-0.0013905303
0.74849999,0.44095936,-0.011762904
0.74860001,0.44055882,-0.022130085
0.74870002,0.43991452,-0.032486323
0.74879998,0.43902668,-0.042825881
0.7489,0.43789575,-0.053143021
0.74900001,0.43652225,-0.063432015
0.74910003,0.43490687,-0.073687159
0.74919999,0.43305025,-0.083902806
0.7493,0.43095335,-0.094073236
0.74940002,0.42861736,-0.1041928
0.74949998,0.42604345,-0.11425588
0.74959999,0.42323297,-0.12425684
0.74970001,0.42018741,-0.13419013
0.74980003,0.41690832,-0.14405021
0.74989998,0.41339731,-0.15383159
0.75,0.40965635,-0.1635288
0.75010002,0.40568739,-0.17313641
0.75019997,0.40149266,-0.18264906
0.75029999,0.39707431,-0.19206144
0.75040001,0.39243481,-0.20136826
0.75050002,0.38757652,-0.21056432
0.75059998,0.38250199,-0.21964443
0.7507,0.37721407,-0.22860351
0.75080001,0.37171566,-0.23743655
0.75089997,0.36600968,-0.24613857
0.75099999,0.36009929,-0.25470468
0.7511,0.35398769,-0.26313007
0.75120002,0.34767807,-0.27140996
0.75129998,0.34117392,-0.27953967
0.75139999,0.33447883,-0.28751463
0.75150001,0.32759646,-0.29533035
0.75160003,0.32053059,-0.30298242
0.75169998,0.31328511,-0.3104665
0.7518,0.30586401,-0.31777835
0.75190002,0.29827115,-0.32491374
0.75199997,0.29051083,-0.33186868
0.75209999,0.28258735,-0.33863923
0.75220001,0.27450508,-0.34522155
0.75230002,0.26626846,-0.35161188
0.75239998,0.25788206,-0.35780659
0.7525,0.24935047,-0.36380211
0.75260001,0.24067831,-0.36959496
0.75269997,0.23187046,-0.37518185
0.75279999,0.2229318,-0.38055962
0.7529,0.21386728,-0.38572517
0.75300002,0.20468196,-0.39067554
0.75309998,0.19538094,-0.39540789
0.75319999,0.18596928,-0.39991939
0.75330001,0.1764522,-0.40420744
0.75340003,0.16683507,-0.40826958
0.75349998,0.15712322,-0.41210344
0.7536,0.14732207,-0.41570684
0.75370002,0.13743711,-0.41907766
0.75379997,0.12747385,-0.42221394
0.75389999,0.11743771,-0.42511365
0.75400001,0.10733439,-0.42777517
0.75410002,0.097169526,-0.43019694
0.75419998,0.086948812,-0.43237752
0.7543,0.076677978,-0.43431556
0.75440001,0.066362791,-0.43600997
0.75449997,0.056009009,-0.43745962
0.75459999,0.045622356,-0.43866348
0.75470001,0.035208721,-0.43962091
0.75480002,0.02477395,-0.44033125
0.75489998,0.014323911,-0.44079402
0.755,0.0038644862,-0.44100887
0.75510001,-0.0065984325,-0.44097564
0.75520003,-0.017058985,-0.44069415
0.75529999,-0.027511317,-0.44016442
0.7554,-0.037949499,-0.43938667
0.75550002,-0.048367646,-0.43836132
0.75559998,-0.058759872,-0.43708882
0.75569999,-0.069120303,-0.43556982
0.75580001,-0.079443082,-0.43380514
0.75590003,-0.08972241,-0.43179551
0.75599998,-0.099952459,-0.42954195
0.7561,-0.11012743,-0.42704573
0.75620002,-0.12024156,-0.42430818
0.75629997,-0.13028911,-0.42133075
0.75639999,-0.14026438,-0.41811508
0.75650001,-0.1501617,-0.4146629
0.75660002,-0.15997545,-0.41097578
0.75669998,-0.16970009,-0.40705594
0.7568,-0.17933004,-0.40290549
0.75690001,-0.18885984,-0.3985267
0.75700003,-0.19828404,-0.39392194
0.75709999,-0.2075973,-0.38909382
0.7572,-0.21679428,-0.38404489
0.75730002,-0.22586973,-0.37877777
0.75739998,-0.23481847,-0.37329552
0.75749999,-0.24363537,-0.36760113
0.75760001,-0.2523154,-0.36169779
0.75770003,-0.26085362,-0.35558873
0.75779998,-0.26924509,-0.34927744
0.7579,-0.27748498,-0.34276727
0.75800002,-0.28556857,-0.33606175
0.75809997,-0.29349121,-0.32916474
0.75819999,-0.30124837,-0.32208008
0.75830001,-0.3088356,-0.31481171
0.75840002,-0.31624848,-0.30736372
0.75849998,-0.32348275,-0.29974028
0.7586,-0.33053422,-0.29194552
0.75870001,-0.3373988,-0.28398383
0.75880003,-0.34407252,-0.27585971
0.75889999,-0.35055152,-0.26757774
0.759,-0.35683206,-0.25914255
0.75910002,-0.36291051,-0.25055894
0.75919998,-0.36878332,-0.2418317
0.75929999,-0.37444699,-0.2329656
0.75940001,-0.37989822,-0.22396572
0.75950003,-0.38513389,-0.21483715
0.75959998,-0.3901509,-0.20558505
0.7597,-0.39494637,-0.19621465
0.75980002,-0.39951748,-0.18673126
0.75989997,-0.40386146,-0.17714024
0.75999999,-0.4079757,-0.16744687
0.76010001,-0.41185781,-0.15765673
0.76020002,-0.41550556,-0.14777538
0.76029998,-0.4189167,-0.13780846
0.7604,-0.42208925,-0.12776159
0.76050001,-0.42502132,-0.11764051
0.76059997,-0.42771104,-0.10745092
0.76069999,-0.43015677,-0.097198553
0.7608,-0.43235707,-0.086889312
0.76090002,-0.43431062,-0.076529063
0.76099998,-0.43601617,-0.066123724
0.76109999,-0.4374727,-0.055679232
0.76120001,-0.43867931,-0.045201562
0.76130003,-0.43963501,-0.034696605
0.76139998,-0.44033927,-0.024170386
0.7615,-0.44079158,-0.013628945
0.76160002,-0.44099158,-0.0030783166
0.76169997,-0.44093913,0.0074754553
0.76179999,-0.44063416,0.018026318
0.76190001,-0.44007674,0.028568218
0.76200002,-0.43926689,0.039095193
0.76209998,-0.43820509,0.049601149
0.7622,-0.43689191,0.060080048
0.76230001,-0.43532801,0.070525877
0.76239997,-0.43351415,0.08093261
0.76249999,-0.43145138,0.091294266
0.7626,-0.42914066,0.10160489
0.76270002,-0.42658314,0.11185856
0.76279998,-0.42378026,0.12204935
0.76289999,-0.4207336,0.13217138
0.76300001,-0.4174448,0.1422188
0.76310003,-0.41391566,0.1521858
0.76319999,-0.41014814,0.16206664
0.7633,-0.40614426,0.17185558
0.76340002,-0.40190613,0.18154699
0.76349998,-0.39743617,0.19113521
0.76359999,-0.39273691,0.20061471
0.76370001,-0.38781098,0.20998
0.76380002,-0.38266113,0.21922562
0.76389998,-0.37729028,0.2283462
0.764,-0.37170121,0.23733644
0.76410002,-0.36589718,0.2461911
0.76419997,-0.35988146,0.25490502
0.76429999,-0.35365748,0.26347315
0.76440001,-0.34722871,0.27189046
0.76450002,-0.34059885,0.28015208
0.76459998,-0.33377165,0.28825316
0.7647,-0.32675073,0.29618889
0.76480001,-0.3195402,0.30395469
0.76490003,-0.31214422,0.311546
0.76499999,-0.30456695,0.3189584
0.7651,-0.29681274,0.32618749
0.76520002,-0.28888604,0.33322906
0.76529998,-0.28079128,0.34007898
0.76539999,-0.27253294,0.34673306
0.76550001,-0.26411587,0.35318753
0.76560003,-0.2555449,0.35943851
0.76569998,-0.24682492,0.36548236
0.7658,-0.23796093,0.37131548
0.76590002,-0.22895806,0.37693444
0.76599997,-0.21982132,0.38233584
0.76609999,-0.21055596,0.38751641
0.76620001,-0.20116735,0.39247316
0.76630002,-0.19166088,0.39720309
0.76639998,-0.18204206,0.40170339
0.7665,-0.17231642,0.40597141
0.76660001,-0.16248958,0.41000456
0.76670003,-0.15256706,0.41380027
0.76679999,-0.14255464,0.41735634
0.7669,-0.13245812,0.4206706
0.76700002,-0.12228333,0.42374107
0.76709998,-0.11203618,0.42656589
0.76719999,-0.10172261,0.42914328
0.76730001,-0.091348574,0.43147174
0.76740003,-0.080919951,0.43354955
0.76749998,-0.07044287,0.43537557
0.7676,-0.059923418,0.43694866
0.76770002,-0.049367703,0.4382678
0.76779997,-0.038781855,0.43933216
0.76789999,-0.028172044,0.44014102
0.76800001,-0.017544404,0.44069377
0.76810002,-0.0069050579,0.44098982
0.76819998,0.0037397458,0.44102907
0.7683,0.014383805,0.4408114
0.76840001,0.02502091,0.44033682
0.76849997,0.035644852,0.43960553
0.76859999,0.046249419,0.43861791
0.7687,0.056828469,0.43737429
0.76880002,0.067375816,0.43587527
0.76889998,0.077885278,0.43412167
0.76899999,0.088350691,0.43211448
0.76910001,0.098765939,0.42985478
0.76920003,0.10912491,0.42734379
0.76929998,0.11942153,0.42458293
0.7694,0.12964979,0.42157346
0.76950002,0.13980366,0.4183172
0.76959997,0.14987718,0.41481593
0.76969999,0.15986443,0.41107166
0.76980001,0.16975951,0.40708649
0.76990002,0.17955664,0.40286267
0.76999998,0.18925002,0.39840257
0.7701,0.19883393,0.39370853
0.77020001,0.20830272,0.38878331
0.77029997,0.21765082,0.38362974
0.77039999,0.22687267,0.37825078
0.7705,0.23596285,0.37264946
0.77060002,0.24491599,0.36682907
0.77069998,0.25372675,0.36079282
0.77079999,0.2623899,0.35454404
0.77090001,0.27090031,0.34808648
0.77100003,0.27925295,0.34142378
0.77109998,0.28744286,0.33455986
0.7712,0.29546517,0.32749864
0.77130002,0.3033151,0.32024428
0.77139997,0.31098792,0.31280074
0.77149999,0.31847906,0.30517235
0.77160001,0.32578409,0.29736361
0.77170002,0.33289862,0.28937903
0.77179998,0.33981842,0.28122324
0.7719,0.34653935,0.27290103
0.77200001,0.35305741,0.26441723
0.77209997,0.3593685,0.25577652
0.77219999,0.36546898,0.24698412
0.7723,0.37135515,0.23804511
0.77240002,0.37702343,0.22896473
0.77249998,0.38247046,0.21974827
0.7726,0.38769296,0.21040115
0.77270001,0.39268771,0.20092879
0.77280003,0.39745158,0.19133659
0.77289999,0.40198177,0.18163025
0.773,0.40627548,0.17181548
0.77310002,0.41033018,0.16189803
0.77319998,0.41414329,0.15188372
0.77329999,0.4177126,0.14177844
0.77340001,0.42103574,0.13158807
0.77350003,0.42411065,0.12131853
0.77359998,0.42693543,0.11097591
0.7737,0.42950839,0.10056632
0.77380002,0.4318279,0.090095893
0.77389997,0.43389249,0.079570793
0.77399999,0.43570089,0.068997256
0.77410001,0.43725178,0.058381405
0.77420002,0.43854412,0.047729529
0.77429998,0.43957716,0.037047949
0.7744,0.44035017,0.026342981
0.77450001,0.44086263,0.015620962
0.77460003,0.4411141,0.0048882468
0.77469999,0.44110441,-0.0058487984
0.7748,0.44083321,-0.016583925
0.77490002,0.4403007,-0.027310697
0.77499998,0.4395071,-0.038022753
0.77509999,0.43845278,-0.048713729
0.77520001,0.43713832,-0.059377272
0.77530003,0.43556443,-0.070007034
0.77539998,0.43373185,-0.080596708
0.7755,0.43164143,-0.091140024
0.77560002,0.42929444,-0.10163069
0.77569997,0.42669219,-0.11206243
0.77579999,0.42383614,-0.12242904
0.77590001,0.42072791,-0.13272433
0.77600002,0.41736928,-0.14294215
0.77609998,0.41376203,-0.15307638
0.7762,0.40990815,-0.163121
0.77630001,0.40580991,-0.17306998
0.77640003,0.40146968,-0.18291737
0.77649999,0.39688995,-0.19265725
0.7766,0.39207342,-0.2022838
0.77670002,0.38702285,-0.21179125
0.77679998,0.38174102,-0.22117387
0.77689999,0.37623096,-0.230426
0.77700001,0.37049595,-0.23954211
0.77710003,0.36453936,-0.24851671
0.77719998,0.35836464,-0.25734439
0.7773,0.35197547,-0.26601985
0.77740002,0.34537551,-0.27453786
0.77749997,0.33856842,-0.28289321
0.77759999,0.33155835,-0.29108086
0.77770001,0.32434934,-0.2990959
0.77780002,0.31694573,-0.30693346
0.77789998,0.30935186,-0.31458879
0.778,0.30157217,-0.32205728
0.77810001,0.29361123,-0.32933438
0.77819997,0.28547356,-0.33641556
0.77829999,0.2771641,-0.34329659
0.7784,0.26868775,-0.34997329
0.77850002,0.26004952,-0.35644159
0.77859998,0.25125456,-0.36269754
0.77869999,0.24230808,-0.36873731
0.77880001,0.23321527,-0.3745572
0.77890003,0.22398148,-0.38015354
0.77899998,0.21461226,-0.38552293
0.7791,0.20511317,-0.39066216
0.77920002,0.1954899,-0.39556798
0.77929997,0.18574814,-0.40023747
0.77939999,0.17589377,-0.40466768
0.77950001,0.16593243,-0.40885571
0.77960002,0.15587015,-0.41279906
0.77969998,0.14571296,-0.41649526
0.7798,0.1354669,-0.41994205
0.77990001,0.12513815,-0.42313722
0.77999997,0.11473285,-0.4260788
0.78009999,0.10425726,-0.42876497
0.7802,0.093717478,-0.43119374
0.78030002,0.083119906,-0.43336374
0.78039998,0.072470903,-0.43527356
0.78049999,0.061776873,-0.43692195
0.78060001,0.051044226,-0.43830788
0.78070003,0.040279422,-0.43943039
0.78079998,0.029488901,-0.44028866
0.7809,0.018679066,-0.44088191
0.78100002,0.0078564882,-0.44120985
0.78109998,-0.002972319,-0.44127217
0.78119999,-0.013800828,-0.44106874
0.78130001,-0.024622506,-0.44059959
0.78140002,-0.035430819,-0.43986493
0.78149998,-0.046219289,-0.43886501
0.7816,-0.056981422,-0.43760023
0.78170002,-0.067710683,-0.43607137
0.78179997,-0.07840059,-0.43427923
0.78189999,-0.08904466,-0.43222487
0.78200001,-0.099636458,-0.42990941
0.78210002,-0.11016956,-0.42733416
0.78219998,-0.12063761,-0.42450038
0.7823,-0.13103427,-0.42140976
0.78240001,-0.14135319,-0.41806412
0.78250003,-0.15158813,-0.4144654
0.78259999,-0.16173285,-0.41061568
0.7827,-0.17178121,-0.40651721
0.78280002,-0.18172707,-0.40217242
0.78289998,-0.19156437,-0.39758354
0.78299999,-0.20128711,-0.39275345
0.78310001,-0.21088938,-0.38768497
0.78320003,-0.22036533,-0.38238114
0.78329998,-0.22970915,-0.37684503
0.7834,-0.23891515,-0.37108001
0.78350002,-0.24797767,-0.36508936
0.78359997,-0.25689116,-0.35887647
0.78369999,-0.26565015,-0.35244519
0.78380001,-0.27424932,-0.34579933
0.78390002,-0.28268334,-0.33894286
0.78399998,-0.29094708,-0.33187985
0.7841,-0.29903546,-0.32461458
0.78420001,-0.30694342,-0.31715122
0.78430003,-0.31466612,-0.3094942
0.78439999,-0.32219881,-0.30164817
0.7845,-0.32953686,-0.29361781
0.78460002,-0.3366757,-0.28540802
0.78469998,-0.343611,-0.27702367
0.78479999,-0.35033843,-0.26846987
0.78490001,-0.35685369,-0.2597515
0.78500003,-0.36315283,-0.25087389
0.78509998,-0.36923191,-0.24184246
0.7852,-0.37508717,-0.23266262
0.78530002,-0.38071498,-0.22333993
0.78539997,-0.38611186,-0.21388003
0.78549999,-0.39127439,-0.20428865
0.78560001,-0.3961992,-0.19457133
0.78570002,-0.40088332,-0.18473412
0.78579998,-0.40532377,-0.17478298
0.7859,-0.40951779,-0.16472392
0.78600001,-0.41346276,-0.15456305
0.78609997,-0.41715613,-0.14430657
0.78619999,-0.42059556,-0.13396063
0.7863,-0.42377871,-0.12353142
0.78640002,-0.42670366,-0.11302536
0.78649998,-0.42936853,-0.10244884
0.78659999,-0.43177161,-0.091808312
0.78670001,-0.43391132,-0.081110254
0.78680003,-0.43578631,-0.070361204
0.78689998,-0.43739516,-0.059567615
0.787,-0.4387368,-0.048736066
0.78710002,-0.43981037,-0.037873212
0.78719997,-0.44061512,-0.026985694
0.78729999,-0.44115049,-0.016080167
0.78740001,-0.44141605,-0.0051633106
0.78750002,-0.44141158,0.0057581807
0.78759998,-0.44113669,0.016677739
0.7877,-0.4405916,0.02758861
0.78780001,-0.4397766,0.038484097
0.78789997,-0.43869203,0.049357519
0.78799999,-0.43733856,0.060202193
0.7881,-0.43571687,0.071011454
0.78820002,-0.43382785,0.08177866
0.78829998,-0.43167233,0.092497252
0.78839999,-0.4292517,0.1031606
0.78850001,-0.42656738,0.11376212
0.78860003,-0.42362088,0.12429529
0.78869998,-0.42041394,0.13475363
0.7888,-0.4169485,0.14513065
0.78890002,-0.41322646,0.15541998
0.78899997,-0.4092499,0.16561526
0.78909999,-0.40502128,0.17571017
0.78920001,-0.40054312,0.18569849
0.78930002,-0.39581808,0.19557403
0.78939998,-0.39084905,0.20533065
0.7895,-0.38563898,0.21496235
0.78960001,-0.38019079,0.22446309
0.78969997,-0.37450776,0.23382699
0.78979999,-0.36859339,0.24304825
0.7899,-0.36245126,0.25212115
0.79000002,-0.35608506,0.26104
0.79009998,-0.34949866,0.26979929
0.7902,-0.3426961,0.27839357
0.79030001,-0.33568111,0.2868174
0.79040003,-0.32845822,0.29506552
0.79049999,-0.32103172,0.30313286
0.7906,-0.3134062,0.31101432
0.79070002,-0.30558628,0.31870496
0.79079998,-0.29757676,0.32620004
0.79089999,-0.28938243,0.33349481
0.79100001,-0.28100815,0.34058458
0.79110003,-0.27245912,0.34746495
0.79119998,-0.26374057,0.35413164
0.7913,-0.25485787,0.36058041
0.79140002,-0.24581647,0.36680725
0.79149997,-0.23662189,0.37280822
0.79159999,-0.22727966,0.37857941
0.79170001,-0.21779546,0.38411719
0.79180002,-0.20817517,0.38941804
0.79189998,-0.19842473,0.39447865
0.792,-0.18855011,0.39929578
0.79210001,-0.17855743,0.40386635
0.79220003,-0.16845284,0.40818751
0.79229999,-0.1582424,0.4122563
0.7924,-0.14793244,0.41607013
0.79250002,-0.13752934,0.41962662
0.79259998,-0.12703957,0.42292345
0.79269999,-0.11646957,0.42595845
0.79280001,-0.1058259,0.42872977
0.79290003,-0.095115162,0.43123552
0.79299998,-0.084343791,0.43347383
0.7931,-0.073518559,0.43544334
0.79320002,-0.06264618,0.43714276
0.79329997,-0.051733393,0.43857095
0.79339999,-0.040786982,0.43972689
0.79350001,-0.029813746,0.44060984
0.79360002,-0.018820476,0.44121909
0.79369998,-0.0078139063,0.44155398
0.7938,0.0031990493,0.4416143
0.79390001,0.014211537,0.44139993
0.79400003,0.025216699,0.44091097
0.79409999,0.036207676,0.44014758
0.7942,0.047177605,0.43911019
0.79430002,0.058119692,0.43779922
0.79439998,0.069027133,0.43621525
0.79449999,0.079893075,0.43435934
0.79460001,0.090710744,0.43223256
0.79470003,0.10147337,0.42983609
0.79479998,0.11217421,0.42717138
0.7949,0.12280656,0.42424005
0.79500002,0.13336381,0.42104355
0.79509997,0.14383931,0.41758385
0.79519999,0.15422651,0.41386309
0.79530001,0.16451888,0.4098835
0.79540002,0.17470993,0.40564749
0.79549998,0.18479329,0.40115762
0.7956,0.19476262,0.39641663
0.79570001,0.20461161,0.39142707
0.79579997,0.2143341,0.3861922
0.79589999,0.22392392,0.38071516
0.796,0.23337507,0.37499934
0.79610002,0.24268155,0.36904824
0.79619998,0.25183752,0.36286551
0.79629999,0.26083717,0.35645488
0.79640001,0.26967472,0.34982008
0.79650003,0.27834469,0.34296533
0.79659998,0.28684151,0.33589488
0.7967,0.29515988,0.32861307
0.79680002,0.30329445,0.3211244
0.79689997,0.31124011,0.31343356
0.79699999,0.31899172,0.30554509
0.79710001,0.32654434,0.29746386
0.79720002,0.33389321,0.28919494
0.79729998,0.34103364,0.28074348
0.7974,0.34796104,0.27211469
0.79750001,0.35467106,0.26331401
0.79759997,0.36115938,0.25434688
0.79769999,0.36742172,0.24521865
0.7978,0.37345409,0.23593509
0.79790002,0.37925264,0.22650203
0.79799998,0.3848137,0.21692534
0.79809999,0.39013365,0.20721099
0.79820001,0.39520907,0.19736509
0.79830003,0.40003669,0.18739377
0.79839998,0.4046132,0.17730303
0.7985,0.40893573,0.16709934
0.79860002,0.41300145,0.15678908
0.79869998,0.41680777,0.14637871
0.79879999,0.42035219,0.13587478
0.79890001,0.42363241,0.12528387
0.79900002,0.4266462,0.11461258
0.79909998,0.42939141,0.10386751
0.7992,0.43186638,0.093055509
0.79930001,0.4340694,0.082183369
0.79939997,0.43599907,0.071257941
0.79949999,0.43765402,0.06028612
0.79960001,0.43903312,0.04927478
0.79970002,0.44013518,0.038230758
0.79979998,0.44095957,0.027161088
0.7999,0.44150567,0.016072756
0.80000001,0.441773,0.0049727601
0.80010003,0.44176134,-0.0061318832
0.80019999,0.44147056,-0.017234165
0.8003,0.44090059,-0.028327113
0.80040002,0.44005182,-0.039403677
0.80049998,0.43892464,-0.050456844
0.80059999,0.43751967,-0.061479617
0.80070001,0.43583778,-0.072464995
0.80080003,0.43387985,-0.083406024
0.80089998,0.43164688,-0.094295777
0.801,0.4291403,-0.10512732
0.80110002,0.42636159,-0.11589378
0.80119997,0.42331243,-0.12658828
0.80129999,0.41999468,-0.13720405
0.80140001,0.41641033,-0.14773431
0.80150002,0.41256136,-0.15817237
0.80159998,0.40845028,-0.16851155
0.8017,0.40407956,-0.17874527
0.80180001,0.39945188,-0.18886699
0.80190003,0.39457017,-0.19887024
0.80199999,0.38943741,-0.20874864
0.8021,0.38405654,-0.21849583
0.80220002,0.37843102,-0.22810559
0.80229998,0.37256438,-0.23757178
0.80239999,0.36646023,-0.24688831
0.80250001,0.36012241,-0.25604922
0.80260003,0.35355484,-0.26504862
0.80269998,0.34676147,-0.27388069
0.8028,0.33974662,-0.28253976
0.80290002,0.33251467,-0.29102027
0.80299997,0.3250702,-0.29931679
0.80309999,0.31741783,-0.30742392
0.80320001,0.30956239,-0.3153365
0.80330002,0.30150867,-0.32304925
0.80339998,0.29326177,-0.33055732
0.8035,0.2848269,-0.33785579
0.80360001,0.27620938,-0.34493995
0.80369997,0.26741469,-0.35180524
0.80379999,0.25844833,-0.35844719
0.8039,0.24931587,-0.3648614
0.80400002,0.24002308,-0.37104371
0.80409998,0.23057589,-0.37699011
0.80419999,0.22098026,-0.38269672
0.80430001,0.21124229,-0.38815984
0.80440003,0.20136817,-0.39337587
0.80449998,0.19136402,-0.39834133
0.8046,0.18123622,-0.40305293
0.80470002,0.17099126,-0.40750763
0.80479997,0.16063561,-0.41170248
0.80489999,0.15017587,-0.41563469
0.80500001,0.13961874,-0.41930172
0.80510002,0.12897082,-0.42270097
0.80519998,0.1182389,-0.42583019
0.8053,0.10742987,-0.42868733
0.80540001,0.096550614,-0.43127045
0.80549997,0.08560808,-0.43357781
0.80559999,0.074609272,-0.43560785
0.8057,0.063561156,-0.43735906
0.80580002,0.052470785,-0.43883023
0.80589998,0.041345283,-0.44002032
0.80599999,0.030191777,-0.44092852
0.80610001,0.019017417,-0.44155413
0.80620003,0.0078293746,-0.44189668
0.80629998,-0.0033652154,-0.44195572
0.8064,-0.014559185,-0.4417311
0.80650002,-0.025745323,-0.44122291
0.80659997,-0.036916438,-0.44043136
0.80669999,-0.048065342,-0.43935692
0.80680001,-0.059184864,-0.43800017
0.80690002,-0.070267864,-0.43636182
0.80699998,-0.081307217,-0.4344427
0.8071,-0.092295788,-0.43224403
0.80720001,-0.1032265,-0.42976719
0.80729997,-0.11409229,-0.42701364
0.80739999,-0.12488614,-0.42398506
0.8075,-0.13560107,-0.42068323
0.80760002,-0.14623019,-0.41711015
0.80769998,-0.15676661,-0.413268
0.80779999,-0.16720347,-0.40915927
0.80790001,-0.17753406,-0.40478644
0.80800003,-0.18775167,-0.40015233
0.80809999,-0.19784963,-0.39525971
0.8082,-0.20782143,-0.39011157
0.80830002,-0.21766058,-0.38471118
0.80839998,-0.22736068,-0.379062
0.80849999,-0.23691542,-0.37316757
0.80860001,-0.24631861,-0.36703163
0.80870003,-0.25556409,-0.36065802
0.80879998,-0.26464579,-0.35405061
0.8089,-0.27355784,-0.34721372
0.80900002,-0.28229442,-0.34015167
0.80909997,-0.2908498,-0.33286893
0.80919999,-0.29921839,-0.32537019
0.80930001,-0.30739474,-0.31766018
0.80940002,-0.31537339,-0.30974367
0.80949998,-0.3231492,-0.30162579
0.8096,-0.33071703,-0.29331174
0.80970001,-0.33807188,-0.28480682
0.80980003,-0.345209,-0.27611652
0.80989999,-0.35212365,-0.26724637
0.81,-0.35881114,-0.25820187
0.81010002,-0.36526719,-0.24898896
0.81019998,-0.37148747,-0.23961353
0.81029999,-0.3774679,-0.23008162
0.81040001,-0.38320452,-0.22039936
0.81050003,-0.38869354,-0.21057299
0.81059998,-0.39393118,-0.20060866
0.8107,-0.39891401,-0.19051288
0.81080002,-0.40363872,-0.18029217
0.81089997,-0.40810215,-0.16995312
0.81099999,-0.41230136,-0.15950242
0.81110001,-0.41623348,-0.14894682
0.81120002,-0.41989574,-0.13829301
0.81129998,-0.42328575,-0.12754795
0.8114,-0.4264012,-0.11671858
0.81150001,-0.42923999,-0.10581195
0.81160003,-0.43180019,-0.094835103
0.81169999,-0.43408006,-0.08379519
0.8118,-0.4360778,-0.072699226
0.81190002,-0.43779212,-0.061554499
0.81199998,-0.43922183,-0.050368246
0.81209999,-0.44036591,-0.039147731
0.81220001,-0.4412235,-0.027900262
0.81230003,-0.44179401,-0.016633164
0.81239998,-0.44207671,-0.0053536878
0.8125,-0.44207144,0.0059307804
0.81260002,-0.44177812,0.017212879
0.81269997,-0.44119686,0.02848525
0.81279999,-0.44032788,0.039740533
0.81290001,-0.43917176,0.05097137
0.81300002,-0.43772894,0.062170479
0.81309998,-0.43600029,0.073330522
0.8132,-0.4339869,0.08444418
0.81330001,-0.43168998,0.095504187
0.81339997,-0.42911094,0.10650331
0.81349999,-0.42625141,0.11743432
0.8136,-0.42311296,0.12829006
0.81370002,-0.41969761,0.13906343
0.81379998,-0.41600752,0.14974734
0.81389999,-0.41204503,0.16033478
0.81400001,-0.40781263,0.17081878
0.81410003,-0.40331301,0.18119243
0.81419998,-0.39854887,0.19144893
0.8143,-0.39352328,0.20158151
0.81440002,-0.38823947,0.21158348
0.81449997,-0.3827008,0.22144826
0.81459999,-0.37691084,0.23116933
0.81470001,-0.3708733,0.24074028
0.81480002,-0.36459196,0.25015479
0.81489998,-0.35807079,0.25940657
0.815,-0.35131407,0.26848954
0.81510001,-0.34432614,0.27739769
0.81519997,-0.3371115,0.28612509
0.81529999,-0.32967487,0.29466599
0.8154,-0.32202092,0.30301467
0.81550002,-0.31415454,0.31116557
0.81559998,-0.30608091,0.31911325
0.81569999,-0.29780525,0.32685247
0.81580001,-0.28933299,0.33437806
0.81590003,-0.28066957,0.34168503
0.81599998,-0.27182057,0.34876841
0.8161,-0.26279169,0.35562345
0.81620002,-0.25358889,0.36224562
0.81629997,-0.24421811,0.36863047
0.81639999,-0.23468551,0.37477371
0.81650001,-0.22499733,0.38067126
0.81660002,-0.21515979,0.38631904
0.81669998,-0.20517929,0.39171326
0.8168,-0.19506238,0.39685026
0.81690001,-0.1848157,0.40172663
0.81699997,-0.17444599,0.40633905
0.81709999,-0.16396001,0.41068438
0.81720001,-0.15336461,0.41475967
0.81730002,-0.14266667,0.418562
0.81739998,-0.13187326,0.42208883
0.8175,-0.12099148,0.42533779
0.81760001,-0.11002848,0.42830664
0.81770003,-0.098991483,0.43099329
0.81779999,-0.087887727,0.43339589
0.8179,-0.076724432,0.43551257
0.81800002,-0.065509029,0.43734199
0.81809998,-0.054248895,0.4388828
0.81819999,-0.042951468,0.4401339
0.81830001,-0.031624213,0.44109437
0.81840003,-0.020274593,0.44176349
0.81849998,-0.0089100376,0.44214049
0.8186,0.0024618898,0.44222519
0.81870002,0.013833667,0.44201741
0.81879997,0.025197763,0.44151717
0.81889999,0.036546648,0.44072476
0.81900001,0.047872804,0.43964055
0.81910002,0.059168775,0.43826503
0.81919998,0.07042703,0.43659908
0.8193,0.081640095,0.43464372
0.81940001,0.092800528,0.43240014
0.81950003,0.10390089,0.42986977
0.81959999,0.11493383,0.42705417
0.8197,0.125892,0.4239549
0.81980002,0.13676809,0.4205741
0.81989998,0.14755487,0.41691384
0.81999999,0.15824516,0.41297647
0.82010001,0.1688318,0.4087646
0.82020003,0.17930771,0.40428087
0.82029998,0.18966594,0.39952797
0.8204,0.19989952,0.39450908
0.82050002,0.21000163,0.38922748
0.82059997,0.21996552,0.38368657
0.82069999,0.22978449,0.37788996
0.82080001,0.23945197,0.37184146
0.82090002,0.24896146,0.36554477
0.82099998,0.25830656,0.35900408
0.8211,0.26748103,0.35222372
0.82120001,0.27647868,0.34520814
0.82130003,0.28529349,0.33796188
0.82139999,0.2939195,0.33048975
0.8215,0.30235085,0.32279646
0.82160002,0.31058189,0.31488714
0.82169998,0.31860703,0.30676696
0.82179999,0.3264209,0.29844135
0.82190001,0.3340182,0.28991574
0.82200003,0.3413938,0.28119582
0.82209998,0.3485426,0.2722871
0.8222,0.35545981,0.26319557
0.82230002,0.36214072,0.25392729
0.82239997,0.36858082,0.24448833
0.82249999,0.37477568,0.23488498
0.82260001,0.38072115,0.22512363
0.82270002,0.38641304,0.21521057
0.82279998,0.39184749,0.20515242
0.8229,0.39702079,0.1949559
0.82300001,0.40192941,0.18462779
0.82309997,0.40656999,0.17417493
0.82319999,0.41093931,0.16360432
0.8233,0.41503426,0.15292287
0.82340002,0.41885206,0.14213769
0.82349998,0.42239001,0.13125601
0.82359999,0.42564574,0.12028509
0.82370001,0.42861691,0.10923225
0.82380003,0.43130147,0.098104894
0.82389998,0.43369743,0.08691036
0.824,0.43580306,0.075656123
0.82410002,0.43761688,0.064349741
0.82419997,0.43913761,0.052998781
0.82429999,0.44036409,0.041610856
0.82440001,0.4412955,0.030193599
0.82450002,0.44193095,0.018754611
0.82459998,0.44226983,0.007301541
0.8247,0.44231197,-0.004157891
0.82480001,0.44205719,-0.01561599
0.82489997,0.44150558,-0.027065054
0.82499999,0.44065741,-0.038497381
0.8251,0.43951309,-0.049905308
0.82520002,0.43807319,-0.061281182
0.82529998,0.43633866,-0.072617315
0.82539999,0.43431059,-0.083906077
0.82550001,0.43199024,-0.095139839
0.82560003,0.42937908,-0.10631103
0.82569999,0.42647871,-0.11741213
0.8258,0.42329088,-0.12843563
0.82590002,0.41981772,-0.13937409
0.82599998,0.41606146,-0.1502201
0.82609999,0.41202459,-0.16096632
0.82620001,0.40770972,-0.1716055
0.82630002,0.40311962,-0.18213038
0.82639998,0.39825714,-0.19253388
0.8265,0.39312559,-0.2028089
0.82660002,0.38772833,-0.21294849
0.82669997,0.38206893,-0.22294575
0.82679999,0.37615114,-0.2327939
0.82690001,0.36997882,-0.24248622
0.82700002,0.36355591,-0.2520161
0.82709998,0.35688674,-0.26137704
0.8272,0.34997576,-0.27056271
0.82730001,0.34282756,-0.27956679
0.82740003,0.33544692,-0.28838319
0.82749999,0.32783872,-0.29700583
0.8276,0.32000786,-0.30542877
0.82770002,0.31195965,-0.31364632
0.82779998,0.30369946,-0.3216528
0.82789999,0.29523289,-0.32944277
0.82800001,0.28656554,-0.33701086
0.82810003,0.27770323,-0.34435186
0.82819998,0.26865169,-0.35146067
0.8283,0.25941715,-0.3583324
0.82840002,0.25000575,-0.36496234
0.82849997,0.24042386,-0.37134594
0.82859999,0.2306779,-0.37747878
0.82870001,0.22077446,-0.38335663
0.82880002,0.21071999,-0.38897526
0.82889998,0.20052138,-0.39433089
0.829,0.19018552,-0.39941975
0.82910001,0.17971936,-0.40423834
0.82920003,0.16912998,-0.40878332
0.82929999,0.15842454,-0.41305149
0.8294,0.1476101,-0.41703969
0.82950002,0.13669407,-0.42074522
0.82959998,0.12568384,-0.42416546
0.82969999,0.11458687,-0.42729801
0.82980001,0.10341067,-0.43014067
0.82990003,0.092162833,-0.43269143
0.82999998,0.080850847,-0.43494821
0.8301,0.069482461,-0.43690953
0.83020002,0.058065388,-0.43857393
0.83029997,0.046607397,-0.43994018
0.83039999,0.035116278,-0.44100732
0.83050001,0.023599859,-0.44177449
0.83060002,0.012065864,-0.44224086
0.83069998,0.00052220316,-0.44240615
0.8308,-0.011023257,-0.44227013
0.83090001,-0.022562645,-0.44183278
0.83099997,-0.034088086,-0.44109437
0.83109999,-0.045591708,-0.44005528
0.8312,-0.057065725,-0.43871593
0.83130002,-0.068502262,-0.43707719
0.83139998,-0.079893507,-0.4351401
0.83149999,-0.091231667,-0.43290594
0.83160001,-0.10250897,-0.43037611
0.83170003,-0.1137177,-0.42755228
0.83179998,-0.12485019,-0.42443606
0.8319,-0.13589883,-0.42102957
0.83200002,-0.146856,-0.41733506
0.83209997,-0.1577142,-0.41335493
0.83219999,-0.16846597,-0.40909189
0.83230001,-0.17910393,-0.40454876
0.83240002,-0.18962073,-0.39972833
0.83249998,-0.20000917,-0.39463389
0.8326,-0.21026209,-0.38926885
0.83270001,-0.22037241,-0.3836368
0.83279997,-0.23033316,-0.37774155
0.83289999,-0.2401375,-0.37158707
0.833,-0.24977861,-0.36517727
0.83310002,-0.25924984,-0.35851654
0.83319998,-0.26854464,-0.35160935
0.83329999,-0.27765658,-0.3444604
0.83340001,-0.28657937,-0.33707452
0.83350003,-0.29530683,-0.32945672
0.83359998,-0.30383283,-0.321612
0.8337,-0.31215149,-0.31354564
0.83380002,-0.32025704,-0.30526316
0.83389997,-0.32814384,-0.29677022
0.83399999,-0.33580637,-0.28807256
0.83410001,-0.34323937,-0.27917609
0.83420002,-0.35043755,-0.2700868
0.83429998,-0.35739589,-0.26081076
0.8344,-0.36410955,-0.25135443
0.83450001,-0.37057382,-0.24172418
0.83459997,-0.37678421,-0.23192662
0.83469999,-0.38273636,-0.22196846
0.8348,-0.38842601,-0.21185641
0.83490002,-0.3938491,-0.20159729
0.83499998,-0.39900193,-0.1911982
0.8351,-0.40388077,-0.18066625
0.83520001,-0.40848225,-0.17000867
0.83530003,-0.41280311,-0.15923277
0.83539999,-0.41684023,-0.14834587
0.8355,-0.42059058,-0.13735537
0.83560002,-0.42405161,-0.12626888
0.83569998,-0.42722085,-0.115094
0.83579999,-0.43009597,-0.10383842
0.83590001,-0.43267497,-0.092509896
0.83600003,-0.43495589,-0.081116185
0.83609998,-0.43693694,-0.069665045
0.8362,-0.43861675,-0.058164421
0.83630002,-0.43999407,-0.046622247
0.83639997,-0.44106781,-0.035046481
0.83649999,-0.44183722,-0.023445118
0.83660001,-0.44230157,-0.01182615
0.83670002,-0.4424603,-0.00019752786
0.83679998,-0.44231331,0.011432662
0.8369,-0.44186062,0.023056377
0.83700001,-0.44110242,0.03466557
0.83710003,-0.44003916,0.046252199
0.83719999,-0.43867147,0.05780825
0.8373,-0.43700001,0.06932576
0.83740002,-0.4350259,0.080796719
0.83749998,-0.43275049,0.092213154
0.83759999,-0.43017522,0.10356715
0.83770001,-0.42730179,0.1148508
0.83780003,-0.42413211,0.12605628
0.83789998,-0.42066804,0.13717583
0.838,-0.41691202,0.14820167
0.83810002,-0.41286659,0.15912613
0.83819997,-0.40853444,0.16994162
0.83829999,-0.4039185,0.18064058
0.83840001,-0.39902192,0.19121556
0.83850002,-0.3938477,0.20165914
0.83859998,-0.38839954,0.21196406
0.8387,-0.38268113,0.22212312
0.83880001,-0.37669635,0.23212919
0.83890003,-0.37044927,0.24197529
0.83899999,-0.3639442,0.25165454
0.8391,-0.3571853,0.26116008
0.83920002,-0.35017732,0.27048525
0.83929998,-0.3429251,0.27962357
0.83939999,-0.33543357,0.28856859
0.83950001,-0.32770789,0.29731405
0.83960003,-0.31975341,0.30585375
0.83969998,-0.31157529,0.31418166
0.8398,-0.30317935,0.32229188
0.83990002,-0.29457134,0.33017877
0.83999997,-0.28575718,0.33783671
0.84009999,-0.27674296,0.34526035
0.84020001,-0.26753497,0.35244441
0.84030002,-0.25813931,0.35938367
0.84039998,-0.24856256,0.36607331
0.8405,-0.23881137,0.37250856
0.84060001,-0.22889249,0.37868485
0.84069997,-0.21881281,0.38459781
0.84079999,-0.20857933,0.39024326
0.8409,-0.19819896,0.39561701
0.84100002,-0.18767895,0.40071526
0.84109998,-0.17702666,0.40553439
0.84119999,-0.16624947,0.41007093
0.84130001,-0.15535489,0.41432166
0.84140003,-0.14435051,0.41828349
0.84149998,-0.13324386,0.42195347
0.8416,-0.12204269,0.42532891
0.84170002,-0.11075483,0.4284074
0.84179997,-0.099388182,0.43118674
0.84189999,-0.087950654,0.43366483
0.84200001,-0.076450258,0.43583992
0.84210002,-0.06489493,0.4377102
0.84219998,-0.053292733,0.43927425
0.8423,-0.041651826,0.44053096
0.84240001,-0.029980345,0.44147936
0.84249997,-0.018286472,0.44211867
0.84259999,-0.006578404,0.44244841
0.8427,0.0051357155,0.44246805
0.84280002,0.016847685,0.44217747
0.84289998,0.028549258,0.44157684
0.84299999,0.040232223,0.4406665
0.84310001,0.051888369,0.43944699
0.84320003,0.063509494,0.43791908
0.84329998,0.075087473,0.43608361
0.8434,0.086614154,0.43394175
0.84350002,0.098081425,0.43149492
0.84359998,0.1094812,0.42874479
0.84369999,0.12080543,0.42569324
0.84380001,0.13204616,0.42234227
0.84390002,0.14319544,0.41869408
0.84399998,0.15424542,0.41475099
0.8441,0.16518827,0.41051582
0.84420002,0.17601629,0.40599146
0.84429997,0.18672177,0.40118101
0.84439999,0.19729719,0.39608777
0.84450001,0.20773503,0.39071515
0.84460002,0.21802787,0.38506672
0.84469998,0.22816844,0.37914649
0.8448,0.23814955,0.37295851
0.84490001,0.2479641,0.36650711
0.84500003,0.25760514,0.35979676
0.84509999,0.26706579,0.35283205
0.8452,0.27633926,0.34561762
0.84530002,0.28541902,0.33815864
0.84539998,0.29429856,0.33046028
0.84549999,0.30297157,0.32252792
0.84560001,0.31143188,0.31436706
0.84570003,0.31967342,0.30598339
0.84579998,0.32769021,0.29738256
0.8459,0.33547658,0.28857073
0.84600002,0.34302694,0.27955404
0.84609997,0.3503359,0.27033877
0.84619999,0.35739824,0.26093146
0.84630001,0.36420882,0.25133863
0.84640002,0.37076268,0.24156684
0.84649998,0.37705514,0.23162305
0.8466,0.3830817,0.22151425
0.84670001,0.38883796,0.21124756
0.84680003,0.39431983,0.20083021
0.84689999,0.39952332,0.1902695
0.847,0.40444446,0.17957272
0.84710002,0.40907979,0.16874747
0.84719998,0.41342592,0.15780142
0.84729999,0.41747972,0.14674228
0.84740001,0.42123824,0.13557787
0.84750003,0.42469868,0.12431609
0.84759998,0.42785832,0.11296471
0.8477,0.43071491,0.10153186
0.84780002,0.43326637,0.090025634
0.84789997,0.43551075,0.078454174
0.84799999,0.43744645,0.066825688
0.84810001,0.43907192,0.055148423
0.84820002,0.44038573,0.043430522
0.84829998,0.44138694,0.031680372
0.8484,0.44207478,0.019906318
0.84850001,0.44244865,0.0081167258
0.84859997,0.44250819,-0.0036800227
0.84869999,0.44225329,-0.015475527
0.8488,0.44168377,-0.027261505
0.84890002,0.4408001,-0.039029505
0.84899998,0.43960276,-0.050771147
0.84909999,0.43809256,-0.062478065
0.84920001,0.43627048,-0.074141905
0.84930003,0.43413773,-0.085754342
0.84939998,0.43169546,-0.097307146
0.8495,0.42894545,-0.10879204
0.84960002,0.42588958,-0.1202008
0.84969997,0.42252997,-0.13152528
0.84979999,0.41886887,-0.14275739
0.84990001,0.41490886,-0.15388906
0.85000002,0.4106524,-0.16491236
0.85009998,0.40610257,-0.17581935
0.8502,0.40126252,-0.18660223
0.85030001,0.3961356,-0.19725327
0.85039997,0.39072543,-0.2077648
0.85049999,0.38503581,-0.21812931
0.8506,0.37907049,-0.22833928
0.85070002,0.3728337,-0.23838739
0.85079998,0.36632982,-0.24826641
0.85089999,0.35956347,-0.25796923
0.85100001,0.35253939,-0.26748887
0.85110003,0.34526259,-0.27681845
0.85119998,0.33773792,-0.2859512
0.8513,0.32997078,-0.29488051
0.85140002,0.32196668,-0.30359992
0.85149997,0.31373128,-0.31210318
0.85159999,0.30527043,-0.32038411
0.85170001,0.29659012,-0.32843673
0.85180002,0.28769636,-0.33625507
0.85189998,0.27859542,-0.34383354
0.852,0.26929384,-0.35116658
0.85210001,0.2597982,-0.35824889
0.85219997,0.25011531,-0.36507532
0.85229999,0.24025203,-0.37164092
0.8524,0.23021528,-0.37794077
0.85250002,0.22001216,-0.38397029
0.85259998,0.20964999,-0.38972506
0.8527,0.19913618,-0.39520091
0.85280001,0.18847825,-0.40039381
0.85290003,0.17768382,-0.40529996
0.85299999,0.16676049,-0.40991566
0.8531,0.15571602,-0.41423741
0.85320002,0.14455839,-0.41826212
0.85329998,0.13329557,-0.42198679
0.85339999,0.12193564,-0.42540863
0.85350001,0.11048677,-0.42852515
0.85360003,0.098957092,-0.43133393
0.85369998,0.087354802,-0.43383268
0.8538,0.075688295,-0.43601966
0.85390002,0.063965954,-0.43789318
0.85399997,0.052196205,-0.43945181
0.85409999,0.040387526,-0.44069433
0.85420001,0.028548377,-0.44161969
0.85430002,0.016687199,-0.44222698
0.85439998,0.0048125982,-0.44251576
0.8545,-0.007066872,-0.44248575
0.85460001,-0.018942641,-0.44213685
0.85470003,-0.030806135,-0.44146925
0.85479999,-0.042648811,-0.4404833
0.8549,-0.054462172,-0.43917936
0.85500002,-0.066237643,-0.43755847
0.85509998,-0.077966705,-0.43562168
0.85519999,-0.089640878,-0.43337026
0.85530001,-0.10125171,-0.43080583
0.85540003,-0.11279079,-0.42793006
0.85549998,-0.1242498,-0.42474473
0.8556,-0.1356204,-0.42125216
0.85570002,-0.14689435,-0.41745481
0.85579997,-0.15806347,-0.41335535
0.85589999,-0.16911963,-0.40895665
0.85600001,-0.18005481,-0.4042618
0.85610002,-0.19086106,-0.39927381
0.85619998,-0.20153052,-0.39399639
0.8563,-0.21205539,-0.38843328
0.85640001,-0.22242804,-0.38258839
0.85650003,-0.23264091,-0.37646592
0.85659999,-0.24268654,-0.37007022
0.8567,-0.25255755,-0.36340556
0.85680002,-0.26224676,-0.35647681
0.85689998,-0.27174708,-0.349289
0.85699999,-0.28105161,-0.34184718
0.85710001,-0.29015347,-0.33415672
0.85720003,-0.29904607,-0.32622316
0.85729998,-0.30772275,-0.3180519
0.8574,-0.31617719,-0.3096489
0.85750002,-0.32440323,-0.30102026
0.85759997,-0.33239481,-0.29217213
0.85769999,-0.34014603,-0.28311092
0.85780001,-0.34765124,-0.27384317
0.85790002,-0.35490474,-0.26437527
0.85799998,-0.36190128,-0.25471416
0.8581,-0.36863565,-0.24486685
0.85820001,-0.37510291,-0.23484044
0.85829997,-0.38129827,-0.22464216
0.85839999,-0.38721719,-0.21427943
0.8585,-0.39285505,-0.20375948
0.85860002,-0.39820775,-0.19309005
0.85869998,-0.40327135,-0.18227887
0.85879999,-0.40804204,-0.17133376
0.85890001,-0.4125163,-0.16026269
0.85900003,-0.41669077,-0.14907369
0.85909998,-0.42056212,-0.13777468
0.8592,-0.42412752,-0.12637396
0.85930002,-0.42738429,-0.11487981
0.85939997,-0.43032998,-0.1033006
0.85949999,-0.43296233,-0.091644749
0.85960001,-0.4352794,-0.079920769
0.85970002,-0.43727913,-0.068137042
0.85979998,-0.43896005,-0.056302197
0.8599,-0.44032088,-0.04442488
0.86000001,-0.4413605,-0.032513753
0.86009997,-0.44207808,-0.020577515
0.86019999,-0.44247305,-0.0086248908
0.8603,-0.44254482,0.0033354773
0.86040002,-0.4422932,0.015294841
0.86049998,-0.44171837,0.027244432
0.86059999,-0.44082066,0.039175507
0.86070001,-0.43960062,0.051079329
0.86080003,-0.43805912,0.062947176
0.86089998,-0.43619692,0.074770391
0.861,-0.43401533,0.086540319
0.86110002,-0.43151593,0.098248295
0.86119998,-0.42870042,0.10988574
0.86129999,-0.42557076,0.12144411
0.86140001,-0.42212924,0.13291489
0.86150002,-0.41837808,0.14428967
0.86159998,-0.41431987,0.15556009
0.8617,-0.40995759,0.16671784
0.86180001,-0.40529436,0.17775472
0.86189997,-0.40033352,0.18866257
0.86199999,-0.39507866,0.19943337
0.86210001,-0.38953334,0.21005917
0.86220002,-0.3837015,0.22053209
0.86229998,-0.37758747,0.23084442
0.8624,-0.37119555,0.24098854
0.86250001,-0.36453047,0.25095695
0.86260003,-0.35759702,0.26074228
0.86269999,-0.35040012,0.27033722
0.8628,-0.3429448,0.27973467
0.86290002,-0.33523664,0.28892767
0.86299998,-0.32728121,0.29790941
0.86309999,-0.31908426,0.30667323
0.86320001,-0.31065184,0.31521258
0.86330003,-0.30198994,0.32352111
0.86339998,-0.29310477,0.33159256
0.8635,-0.28400284,0.33942097
0.86360002,-0.27469087,0.34700048
0.86369997,-0.26517561,0.35432544
0.86379999,-0.25546408,0.36139044
0.86390001,-0.24556325,0.36819008
0.86400002,-0.23548025,0.3747192
0.86409998,-0.22522254,0.38097301
0.8642,-0.21479768,0.38694674
0.86430001,-0.20421326,0.39263597
0.86440003,-0.19347709,0.39803639
0.86449999,-0.18259703,0.40314391
0.8646,-0.17158085,0.40795451
0.86470002,-0.16043678,0.41246468
0.86479998,-0.14917301,0.41667095
0.86489999,-0.13779782,0.42057016
0.86500001,-0.1263196,0.42415935
0.86510003,-0.11474679,0.42743576
0.86519998,-0.10308776,0.43039662
0.8653,-0.091351189,0.43303984
0.86540002,-0.079545736,0.43536332
0.86549997,-0.06768012,0.43736526
0.86559999,-0.055763114,0.43904412
0.86570001,-0.043803517,0.44039854
0.86580002,-0.031810023,0.4414272
0.86589998,-0.019791594,0.44212931
0.866,-0.0077571147,0.44250432
0.86610001,0.0042844987,0.44255182
0.86619997,0.016324321,0.44227174
0.86629999,0.028353425,0.44166419
0.8664,0.040362999,0.44072917
0.86650002,0.052344065,0.43946749
0.86659998,0.064287737,0.43787998
0.86669999,0.076185144,0.43596771
0.86680001,0.088027433,0.43373206
0.86690003,0.09980581,0.43117458
0.86699998,0.11151155,0.42829674
0.8671,0.12313592,0.4251008
0.86720002,0.13467027,0.42158899
0.86729997,0.14610599,0.41776386
0.86739999,0.15743457,0.41362819
0.86750001,0.16864754,0.40918496
0.86760002,0.17973655,0.40443704
0.86769998,0.1906933,0.39938807
0.8678,0.20150962,0.39404169
0.86790001,0.21217743,0.38840184
0.86799997,0.22268872,0.3824726
0.86809999,0.23303564,0.37625834
0.8682,0.24321041,0.36976331
0.86830002,0.25320539,0.36299238
0.86839998,0.26301309,0.3559505
0.86849999,0.27262619,0.34864289
0.86860001,0.28203744,0.34107491
0.86870003,0.2912398,0.33325216
0.86879998,0.30022621,0.32518011
0.8689,0.30899,0.31686482
0.86900002,0.31752452,0.30831239
0.86909997,0.3258234,0.29952919
0.86919999,0.33388034,0.29052171
0.86930001,0.34168926,0.28129664
0.86940002,0.34924418,0.27186054
0.86949998,0.35653937,0.26222044
0.8696,0.36356935,0.25238356
0.86970001,0.37032878,0.24235715
0.86979997,0.37681255,0.23214869
0.86989999,0.38301575,0.22176576
0.87,0.38893351,0.2112159
0.87010002,0.39456135,0.20050693
0.87019998,0.39989498,0.18964688
0.87029999,0.40493035,0.17864384
0.87040001,0.40966362,0.16750599
0.87050003,0.41409114,0.15624166
0.87059999,0.41820943,0.14485911
0.8707,0.42201522,0.13336676
0.87080002,0.42550567,0.1217733
0.87089998,0.42867804,0.11008735
0.87099999,0.43152988,0.098317653
0.87110001,0.43405902,0.086473025
0.87120003,0.43626329,0.074562214
0.87129998,0.43814087,0.062594093
0.8714,0.43969035,0.050577678
0.87150002,0.44091049,0.03852196
0.87159997,0.44180027,0.026435986
0.87169999,0.44235894,0.01432882
0.87180001,0.44258589,0.002209489
0.87190002,0.44248068,-0.009912964
0.87199998,0.44204342,-0.022029389
0.8721,0.44127437,-0.034130685
0.87220001,0.44017401,-0.046207752
0.87230003,0.43874308,-0.0582515
0.87239999,0.43698245,-0.070252903
0.8725,0.43489322,-0.082202956
0.87260002,0.43247694,-0.094092637
0.87269998,0.42973533,-0.10591298
0.87279999,0.42667043,-0.11765506
0.87290001,0.42328441,-0.12931004
0.87300003,0.41957968,-0.14086911
0.87309998,0.4155587,-0.15232357
0.8732,0.41122457,-0.16366476
0.87330002,0.40658045,-0.17488408
0.87339997,0.40162978,-0.18597305
0.87349999,0.39637622,-0.19692329
0.87360001,0.39082354,-0.20772649
0.87370002,0.38497564,-0.21837446
0.87379998,0.37883696,-0.22885911
0.8739,0.37241209,-0.23917252
0.87400001,0.36570579,-0.24930683
0.87410003,0.35872304,-0.25925437
0.87419999,0.35146901,-0.26900756
0.8743,0.34394881,-0.27855891
0.87440002,0.3361682,-0.28790116
0.87449998,0.32813302,-0.29702726
0.87459999,0.31984925,-0.30593023
0.87470001,0.31132308,-0.31460324
0.87480003,0.3025609,-0.32303974
0.87489998,0.29356897,-0.33123308
0.875,0.28435415,-0.33917713
0.87510002,0.27492341,-0.34686577
0.87519997,0.26528376,-0.35429314
0.87529999,0.25544253,-0.36145356
0.87540001,0.24540703,-0.36834151
0.87550002,0.23518457,-0.37495148
0.87559998,0.22478297,-0.38127857
0.8757,0.21421006,-0.38731787
0.87580001,0.20347382,-0.39306471
0.87589997,0.19258232,-0.39851466
0.87599999,0.18154381,-0.40366358
0.8761,0.17036635,-0.40850714
0.87620002,0.15905851,-0.41304177
0.87629998,0.14762883,-0.41726395
0.87639999,0.13608594,-0.42117035
0.87650001,0.12443859,-0.42475799
0.87660003,0.1126956,-0.42802399
0.87669998,0.10086563,-0.43096557
0.8768,0.088957757,-0.43358055
0.87690002,0.076981001,-0.43586677
0.87699997,0.064944439,-0.43782249
0.87709999,0.052857209,-0.43944612
0.87720001,0.040728502,-0.44073632
0.87730002,0.028567359,-0.44169176
0.87739998,0.016383087,-0.44231173
0.8775,0.0041849557,-0.44259566
0.87760001,-0.0080177635,-0.44254327
0.87769997,-0.02021578,-0.44215453
0.87779999,-0.0323998,-0.44142962
0.8779,-0.044560645,-0.44036871
0.87800002,-0.056689017,-0.43897265
0.87809998,-0.068775661,-0.43724242
0.87819999,-0.080811352,-0.4351792
0.87830001,-0.092786916,-0.43278456
0.87840003,-0.1046932,-0.43006021
0.87849998,-0.11652115,-0.42700785
0.8786,-0.12826172,-0.42362979
0.87870002,-0.13990591,-0.41992855
0.87879997,-0.15144484,-0.41590688
0.87889999,-0.16286965,-0.41156775
0.87900001,-0.1741716,-0.40691441
0.87910002,-0.18534203,-0.40195012
0.87919998,-0.19637237,-0.39667851
0.8793,-0.20725417,-0.39110366
0.87940001,-0.21797906,-0.38522968
0.87949997,-0.2285388,-0.37906104
0.87959999,-0.23892529,-0.37260234
0.87970001,-0.24913052,-0.36585829
0.87980002,-0.2591466,-0.35883388
0.87989998,-0.26896584,-0.35153449
0.88,-0.2785807,-0.34396562
0.88010001,-0.28798372,-0.336133
0.88020003,-0.29716769,-0.3280426
0.88029999,-0.30612546,-0.31970033
0.8804,-0.31485006,-0.31111243
0.88050002,-0.32333481,-0.30228552
0.88059998,-0.3315731,-0.29322627
0.88069999,-0.33955857,-0.2839416
0.88080001,-0.34728506,-0.27443853
0.88090003,-0.35474649,-0.2647242
0.88099998,-0.36193699,-0.25480583
0.8811,-0.36885104,-0.2446911
0.88120002,-0.37548324,-0.23438771
0.88129997,-0.38182846,-0.22390352
0.88139999,-0.38788176,-0.21324654
0.88150001,-0.39363828,-0.20242479
0.88160002,-0.39909348,-0.19144641
0.88169998,-0.40424314,-0.18031989
0.8818,-0.40908319,-0.16905372
0.88190001,-0.41360989,-0.15765652
0.88200003,-0.41781965,-0.14613704
0.88209999,-0.42170909,-0.13450404
0.8822,-0.42527494,-0.12276626
0.88230002,-0.42851451,-0.1109328
0.88239998,-0.43142521,-0.099012747
0.88249999,-0.43400472,-0.087015241
0.88260001,-0.43625095,-0.07494951
0.88270003,-0.43816206,-0.062824763
0.88279998,-0.43973622,-0.050650205
0.8829,-0.4409723,-0.038435269
0.88300002,-0.44186926,-0.02618935
0.88309997,-0.44242626,-0.013921875
0.88319999,-0.44264287,-0.0016422982
0.88330001,-0.44251874,0.010639942
0.88340002,-0.44205362,0.022915484
0.88349998,-0.44124791,0.035174798
0.8836,-0.44010216,0.047408424
0.88370001,-0.43861714,0.059606925
0.88380003,-0.43679395,0.071760871
0.88389999,-0.43463385,0.083860874
0.884,-0.43213812,0.09589766
0.88410002,-0.42930874,0.10786186
0.88419998,-0.42614785,0.11974423
0.88429999,-0.42265776,0.13153557
0.88440001,-0.41884112,0.14322674
0.88450003,-0.41470078,0.15480867
0.88459998,-0.41023949,0.16627242
0.8847,-0.4054608,0.17760906
0.88480002,-0.40036833,0.1888098
0.88489997,-0.39496592,0.19986592
0.88499999,-0.3892577,0.21076886
0.88510001,-0.383248,0.22151014
0.88520002,-0.376941,0.23208134
0.88529998,-0.37034175,0.24247426
0.8854,-0.36345521,0.25268081
0.88550001,-0.35628667,0.26269302
0.88559997,-0.34884164,0.27250308
0.88569999,-0.34112582,0.28210339
0.8858,-0.33314472,0.29148626
0.88590002,-0.32490468,0.30064449
0.88599998,-0.316412,0.30957088
0.88609999,-0.30767322,0.31825843
0.88620001,-0.298695,0.32670036
0.88630003,-0.28948435,0.3348901
0.88639998,-0.28004798,0.342821
0.8865,-0.27039328,0.35048693
0.88660002,-0.26052773,0.35788187
0.88669997,-0.25045893,0.36500004
0.88679999,-0.24019466,0.37183577
0.88690001,-0.22974284,0.37838376
0.88700002,-0.21911131,0.38463861
0.88709998,-0.20830832,0.39059544
0.8872,-0.19734229,0.39624953
0.88730001,-0.18622169,0.40159646
0.88739997,-0.17495514,0.40663198
0.88749999,-0.16355139,0.4113521
0.8876,-0.15201907,0.41575283
0.88770002,-0.14036717,0.41983074
0.88779998,-0.12860475,0.42358261
0.88789999,-0.11674098,0.42700541
0.88800001,-0.10478505,0.43009642
0.88810003,-0.092746228,0.43285307
0.88819999,-0.080633722,0.43527296
0.8883,-0.068457022,0.43735418
0.88840002,-0.056225613,0.43909499
0.88849998,-0.043949008,0.44049403
0.88859999,-0.031636767,0.44155005
0.88870001,-0.019298399,0.44226193
0.88880002,-0.0069435453,0.4426291
0.88889998,0.0054181577,0.44265118
0.889,0.017777067,0.44232807
0.88910002,0.030123532,0.4416599
0.88919997,0.042447932,0.44064704
0.88929999,0.054740656,0.43929008
0.88940001,0.066992082,0.43759
0.88950002,0.079192623,0.4355481
0.88959998,0.091332726,0.43316585
0.8897,0.10340287,0.43044505
0.88980001,0.11539365,0.42738745
0.88990003,0.12729564,0.42399549
0.88999999,0.13909951,0.42027172
0.8901,0.150796,0.41621897
0.89020002,0.16237588,0.41184035
0.89029998,0.17383011,0.40713903
0.89039999,0.18514965,0.40211856
0.89050001,0.19632563,0.39678285
0.89060003,0.20734921,0.39113596
0.89069998,0.21821176,0.38518226
0.8908,0.22890468,0.37892631
0.89090002,0.23941952,0.37237269
0.89099997,0.24974801,0.36552662
0.89109999,0.25988197,0.35839331
0.89120001,0.26981345,0.35097831
0.89130002,0.27953458,0.34328738
0.89139998,0.28903762,0.33532634
0.8915,0.29831505,0.32710132
0.89160001,0.30735952,0.31861874
0.89170003,0.31616387,0.30988517
0.89179999,0.32472113,0.30090746
0.8919,0.3330245,0.29169255
0.89200002,0.34106728,0.28224739
0.89209998,0.34884313,0.27257952
0.89219999,0.35634586,0.26269639
0.89230001,0.3635695,0.25260574
0.89240003,0.37050825,0.24231546
0.89249998,0.37715656,0.23183349
0.8926,0.38350907,0.22116797
0.89270002,0.3895607,0.21032728
0.89279997,0.39530662,0.19931993
0.89289999,0.4007422,0.18815453
0.89300001,0.40586311,0.17683981
0.89310002,0.41066507,0.1653845
0.89319998,0.41514423,0.15379766
0.8933,0.41929701,0.14208837
0.89340001,0.42312002,0.13026583
0.89349997,0.42661023,0.11833937
0.89359999,0.42976457,0.10631823
0.8937,0.43258053,0.094211869
0.89380002,0.43505576,0.082029849
0.89389998,0.43718827,0.06978175
0.89399999,0.43897623,0.057477225
0.89410001,0.44041815,0.045125958
0.89420003,0.44151258,0.032737605
0.89429998,0.44225872,0.020321986
0.8944,0.4426558,0.0078888983
0.89450002,0.44270346,-0.0045518386
0.89459997,0.44240156,-0.016990388
0.89469999,0.44175008,-0.02941698
0.89480001,0.44074944,-0.041821774
0.89490002,0.43940035,-0.054194942
0.89499998,0.43770379,-0.066526696
0.8951,0.43566105,-0.07880725
0.89520001,0.43327355,-0.091026902
0.89529997,0.43054295,-0.10317597
0.89539999,0.42747137,-0.11524481
0.8955,0.42406118,-0.12722383
0.89560002,0.420315,-0.13910355
0.89569998,0.41623569,-0.15087448
0.89579999,0.41182616,-0.16252731
0.89590001,0.40708992,-0.17405273
0.89600003,0.40203062,-0.1854416
0.89609998,0.39665219,-0.19668482
0.8962,0.39095885,-0.20777346
0.89630002,0.38495487,-0.21869867
0.89639997,0.37864485,-0.22945169
0.89649999,0.3720338,-0.24002397
0.89660001,0.36512688,-0.25040704
0.89670002,0.3579295,-0.26059264
0.89679998,0.35044727,-0.27057263
0.8969,0.34268585,-0.28033891
0.89700001,0.33465144,-0.28988373
0.89709997,0.3263503,-0.29919943
0.89719999,0.31778902,-0.30827853
0.8973,0.30897433,-0.31711379
0.89740002,0.29991305,-0.32569799
0.89749998,0.29061225,-0.33402428
0.8976,0.28107929,-0.34208593
0.89770001,0.27132174,-0.34987649
0.89780003,0.26134732,-0.35738966
0.89789999,0.25116387,-0.3646194
0.898,0.24077924,-0.37155974
0.89810002,0.23020177,-0.37820512
0.89819998,0.2194398,-0.38455015
0.89829999,0.20850189,-0.39058974
0.89840001,0.19739671,-0.39631894
0.89850003,0.18613295,-0.40173304
0.89859998,0.17471953,-0.4068276
0.8987,0.16316554,-0.41159847
0.89880002,0.15148015,-0.41604182
0.89889997,0.13967267,-0.42015395
0.89899999,0.12775248,-0.42393151
0.89910001,0.11572891,-0.42737117
0.89920002,0.10361162,-0.43047026
0.89929998,0.091410242,-0.43322617
0.8994,0.079134516,-0.43563655
0.89950001,0.066794232,-0.4376995
0.89960003,0.054399159,-0.43941301
0.89969999,0.04195917,-0.44077569
0.8998,0.029484231,-0.44178635
0.89990002,0.016984304,-0.44244412
0.89999998,0.004469384,-0.44274834
0.90009999,-0.0080505302,-0.44269863
0.90020001,-0.020565491,-0.44229478
0.90030003,-0.033065442,-0.44153711
0.90039998,-0.04554037,-0.44042611
0.9005,-0.057980284,-0.43896261
0.90060002,-0.070375204,-0.43714765
0.90069997,-0.082715221,-0.43498242
0.90079999,-0.094990432,-0.43246859
0.90090001,-0.10719097,-0.42960808
0.90100002,-0.11930703,-0.42640311
0.90109998,-0.1313289,-0.42285615
0.9012,-0.14324687,-0.41896993
0.90130001,-0.1550514,-0.41474727
0.90140003,-0.16673294,-0.41019154
0.90149999,-0.17828213,-0.40530634
0.9016,-0.18968961,-0.40009549
0.90170002,-0.20094623,-0.39456314
0.90179998,-0.21204285,-0.38871336
0.90189999,-0.22297053,-0.38255084
0.90200001,-0.23372045,-0.37608048
0.90210003,-0.24428393,-0.3693074
0.90219998,-0.25465241,-0.36223695
0.9023,-0.26481748,-0.35487467
0.90240002,-0.27477089,-0.34722626
0.90249997,-0.28450456,-0.33929786
0.90259999,-0.29401067,-0.33109578
0.90270001,-0.30328143,-0.32262659
0.90280002,-0.31230938,-0.31389698
0.90289998,-0.32108703,-0.30491373
0.903,-0.32960734,-0.29568407
0.90310001,-0.33786333,-0.28621536
0.90319997,-0.34584829,-0.27651519
0.90329999,-0.35355574,-0.26659131
0.9034,-0.36097929,-0.25645158
0.90350002,-0.36811286,-0.24610402
0.90359998,-0.37495065,-0.23555696
0.90369999,-0.38148707,-0.22481887
0.90380001,-0.38771674,-0.21389836
0.90390003,-0.39363459,-0.20280419
0.90399998,-0.39923555,-0.19154508
0.9041,-0.40451512,-0.18013018
0.90420002,-0.40946892,-0.16856864
0.90429997,-0.4140929,-0.15686975
0.90439999,-0.41838321,-0.14504296
0.90450001,-0.42233619,-0.13309769
0.90460002,-0.42594853,-0.1210435
0.90469998,-0.42921725,-0.10889018
0.9048,-0.43213958,-0.096647486
0.90490001,-0.43471313,-0.084325328
0.90499997,-0.43693566,-0.071933642
0.90509999,-0.4388051,-0.059482299
0.9052,-0.44031993,-0.046981432
0.90530002,-0.44147882,-0.034441132
0.90539998,-0.44228074,-0.021871552
0.90549999,-0.44272497,-0.0092828609
0.90560001,-0.44281089,0.0033148057
0.90570003,-0.44253829,0.015911262
0.90579998,-0.44190738,0.02849628
0.9059,-0.44091851,0.041059658
0.90600002,-0.43957245,0.053591203
0.90609998,-0.43787014,0.066080756
0.90619999,-0.43581265,0.078518212
0.90630001,-0.43340167,0.090893462
0.90640002,-0.43063903,0.10319643
0.90649998,-0.42752692,0.11541713
0.9066,-0.42406777,0.1275456
0.90670002,-0.42026412,0.13957199
0.90679997,-0.41611892,0.15148652
0.90689999,-0.41163552,0.16327946
0.90700001,-0.40681747,0.17494118
0.90710002,-0.40166858,0.18646221
0.90719998,-0.39619294,0.19783312
0.9073,-0.39039466,0.20904462
0.90740001,-0.38427854,0.22008753
0.90750003,-0.3778494,0.23095286
0.90759999,-0.37111244,0.24163169
0.9077,-0.36407301,0.25211531
0.90780002,-0.35673663,0.26239508
0.90789998,-0.34910917,0.27246258
0.90799999,-0.34119681,0.28230953
0.90810001,-0.33300593,0.2919279
0.90820003,-0.32454309,0.30130976
0.90829998,-0.31581509,0.31044742
0.9084,-0.3068288,0.31933326
0.90850002,-0.29759157,0.32796001
0.90859997,-0.28811085,0.33632061
0.90869999,-0.27839431,0.34440809
0.90880001,-0.26844984,0.35221589
0.90890002,-0.25828528,0.35973734
0.90899998,-0.24790892,0.36696634
0.9091,-0.23732919,0.37389684
0.90920001,-0.22655468,0.38052318
0.90930003,-0.21559411,0.38683984
0.90939999,-0.20445637,0.39284149
0.9095,-0.19315036,0.39852309
0.90960002,-0.18168536,0.40387997
0.90969998,-0.17007068,0.40890765
0.90979999,-0.15831579,0.41360193
0.90990001,-0.14643027,0.41795889
0.91000003,-0.13442363,0.42197469
0.91009998,-0.12230573,0.42564601
0.9102,-0.11008646,0.4289698
0.91030002,-0.097775787,0.43194321
0.91039997,-0.08538378,0.43456373
0.91049999,-0.072920494,0.436829
0.91060001,-0.060396064,0.438737
0.91070002,-0.047820769,0.44028616
0.91079998,-0.035204899,0.44147509
0.9109,-0.022558782,0.4423027
0.91100001,-0.0098927794,0.44276828
0.91109997,0.0027828366,0.44287103
0.91119999,0.015457624,0.44261092
0.9113,0.028121188,0.44198808
0.91140002,0.04076314,0.44100291
0.91149998,0.053373091,0.43965611
0.91159999,0.065940723,0.43794855
0.91170001,0.078455724,0.43588153
0.91180003,0.09090779,0.43345666
0.91189998,0.10328668,0.4306758
0.912,0.11558219,0.42754123
0.91210002,0.12778422,0.42405537
0.91219997,0.13988271,0.42022073
0.91229999,0.1518677,0.41604054
0.91240001,0.16372931,0.4115181
0.91250002,0.17545773,0.40665701
0.91259998,0.18704329,0.40146127
0.9127,0.19847642,0.39593485
0.91280001,0.20974766,0.39008215
0.91289997,0.22084767,0.383908
0.91299999,0.2317673,0.37741739
0.9131,0.24249749,0.37061554
0.91320002,0.25302935,0.36350802
0.91329998,0.26335412,0.35610029
0.91339999,0.27346322,0.34839854
0.91350001,0.28334832,0.34040904
0.91360003,0.29300115,0.33213827
0.91369998,0.30241373,0.32359302
0.9138,0.31157815,0.31478006
0.91390002,0.32048681,0.30570662
0.91399997,0.32913226,0.2963801
0.91409999,0.33750734,0.28680816
0.91420001,0.34560502,0.27699864
0.91430002,0.35341856,0.26695955
0.91439998,0.36094129,0.25669891
0.9145,0.36816701,0.24622527
0.91460001,0.37508968,0.23554717
0.91469997,0.38170344,0.22467344
0.91479999,0.38800278,0.21361299
0.9149,0.39398229,0.20237473
0.91500002,0.39963695,0.19096798
0.91509998,0.404962,0.17940211
0.9152,0.40995297,0.16768667
0.91530001,0.41460562,0.15583131
0.91540003,0.41891599,0.14384574
0.91549999,0.42288026,0.13173977
0.9156,0.42649516,0.11952342
0.91570002,0.42975757,0.1072068
0.91579998,0.43266469,0.094800077
0.91589999,0.43521407,0.082313515
0.91600001,0.43740326,0.069757305
0.91610003,0.43923044,0.057141881
0.91619998,0.440694,0.04447769
0.9163,0.44179261,0.031775225
0.91640002,0.4425253,0.01904501
0.91649997,0.44289127,0.0062975637
0.91659999,0.44288996,-0.0064565977
0.91670001,0.44252139,-0.019206855
0.91680002,0.44178575,-0.031942625
0.91689998,0.44068354,-0.044653326
0.917,0.43921566,-0.057328396
0.91710001,0.43738288,-0.069957361
0.91720003,0.43518677,-0.082529686
0.91729999,0.43262911,-0.095034912
0.9174,0.42971185,-0.10746263
0.91750002,0.42643738,-0.11980247
0.91759998,0.4228082,-0.13204418
0.91769999,0.41882709,-0.14417754
0.91780001,0.41449741,-0.15619244
0.91790003,0.40982261,-0.16807884
0.91799998,0.40480655,-0.17982681
0.9181,0.39945328,-0.19142653
0.91820002,0.39376688,-0.20286831
0.91829997,0.38775218,-0.21414256
0.91839999,0.38141406,-0.22523984
0.91850001,0.37475771,-0.23615089
0.91860002,0.36778864,-0.24686655
0.91869998,0.36051241,-0.2573778
0.9188,0.35293493,-0.26767579
0.91890001,0.34506252,-0.27775192
0.91900003,0.33690163,-0.28759775
0.91909999,0.32845905,-0.29720494
0.9192,0.31974173,-0.30656543
0.91930002,0.31075659,-0.31567127
0.91939998,0.30151123,-0.32451481
0.91949999,0.29201326,-0.33308861
0.91960001,0.28227055,-0.34138545
0.91970003,0.27229121,-0.34939831
0.91979998,0.26208335,-0.35712034
0.9199,0.25165543,-0.36454499
0.92000002,0.24101612,-0.37166598
0.92009997,0.23017429,-0.37847731
0.92019999,0.21913894,-0.3849732
0.92030001,0.20791923,-0.39114809
0.92040002,0.19652431,-0.39699659
0.92049998,0.18496379,-0.4025138
0.9206,0.17324726,-0.40769503
0.92070001,0.16138454,-0.41253585
0.92079997,0.1493855,-0.41703209
0.92089999,0.13726,-0.42117977
0.921,0.12501822,-0.42497534
0.92110002,0.11267038,-0.42841551
0.92119998,0.1002268,-0.43149734
0.92129999,0.087697908,-0.43421817
0.92140001,0.075094149,-0.43657553
0.92150003,0.06242596,-0.43856719
0.92159998,0.049704015,-0.44019151
0.9217,0.036938969,-0.44144702
0.92180002,0.02414153,-0.44233254
0.92189997,0.011322435,-0.44284728
0.92199999,-0.0015076582,-0.44299045
0.92210001,-0.014337949,-0.4427619
0.92220002,-0.027157657,-0.44216174
0.92229998,-0.039956007,-0.44119042
0.9224,-0.052722234,-0.4398486
0.92250001,-0.065445632,-0.43813729
0.92259997,-0.078115515,-0.43605763
0.92269999,-0.090721205,-0.43361136
0.9228,-0.10325208,-0.43080047
0.92290002,-0.11569758,-0.42762724
0.92299998,-0.12804721,-0.42409423
0.92309999,-0.14029057,-0.42020404
0.92320001,-0.15241732,-0.41596001
0.92330003,-0.16441722,-0.41136554
0.92339998,-0.17628014,-0.40642449
0.9235,-0.18799603,-0.4011409
0.92360002,-0.19955499,-0.39551902
0.92369998,-0.21094723,-0.38956338
0.92379999,-0.22216311,-0.383279
0.92390001,-0.23319311,-0.37667108
0.92400002,-0.24402791,-0.36974514
0.92409998,-0.25465831,-0.3625069
0.9242,-0.26507521,-0.35496211
0.92430001,-0.27526981,-0.34711725
0.92439997,-0.28523344,-0.33897877
0.92449999,-0.29495764,-0.33055353
0.92460001,-0.30443412,-0.32184854
0.92470002,-0.31365481,-0.31287098
0.92479998,-0.32261175,-0.30362824
0.9249,-0.33129737,-0.29412815
0.92500001,-0.33970425,-0.28437868
0.92510003,-0.34782523,-0.27438799
0.92519999,-0.35565335,-0.26416448
0.9253,-0.36318177,-0.25371647
0.92540002,-0.37040412,-0.24305288
0.92549998,-0.37731421,-0.23218267
0.92559999,-0.3839061,-0.22111495
0.92570001,-0.39017415,-0.20985909
0.92580003,-0.39611286,-0.1984244
0.92589998,-0.40171707,-0.18682051
0.926,-0.406982,-0.17505722
0.92610002,-0.41190308,-0.16314447
0.92619997,-0.4164761,-0.15109232
0.92629999,-0.420697,-0.13891092
0.92640001,-0.42456201,-0.12661041
0.92650002,-0.42806777,-0.11420126
0.92659998,-0.43121129,-0.10169397
0.9267,-0.43398976,-0.089099102
0.92680001,-0.43640074,-0.076427355
0.92690003,-0.43844193,-0.063689344
0.92699999,-0.44011152,-0.050895859
0.9271,-0.44140798,-0.038057763
0.92720002,-0.44233015,-0.025185956
0.92729998,-0.44287714,-0.012291355
0.92739999,-0.44304839,0.00061510655
0.92750001,-0.44284338,0.013522551
0.92760003,-0.44226232,0.026419966
0.92769998,-0.44130561,0.039296385
0.9278,-0.43997398,0.052140858
0.92790002,-0.43826848,0.064942449
0.92799997,-0.43619019,0.077690311
0.92809999,-0.43374088,0.090373576
0.92820001,-0.43092251,0.10298143
0.92830002,-0.42773744,0.11550312
0.92839998,-0.42418826,0.12792797
0.9285,-0.42027783,0.14024538
0.92860001,-0.41600919,0.15244484
0.92869997,-0.41138601,0.16451593
0.92879999,-0.40641212,0.1764483
0.9289,-0.40109167,0.18823178
0.92900002,-0.39542913,0.1998563
0.92909998,-0.38942897,0.21131183
0.92919999,-0.38309631,0.22258861
0.92930001,-0.37643647,0.23367697
0.92940003,-0.36945504,0.24456739
0.92949998,-0.36215791,0.25525054
0.9296,-0.35455114,0.26571724
0.92970002,-0.34664097,0.27595839
0.92979997,-0.33843419,0.28596529
0.92989999,-0.32993773,0.29572931
0.93000001,-0.32115877,0.30524203
0.93010002,-0.31210476,0.31449527
0.93019998,-0.30278307,0.32348093
0.9303,-0.29320174,0.33219135
0.93040001,-0.28336892,0.34061897
0.93049997,-0.27329287,0.34875652
0.93059999,-0.26298222,0.35659701
0.9307,-0.25244564,0.36413354
0.93080002,-0.24169192,0.3713595
0.93089998,-0.23073032,0.37826872
0.93099999,-0.21957017,0.38485518
0.93110001,-0.20822097,0.39111319
0.93120003,-0.19669241,0.39703727
0.93129998,-0.18499407,0.40262207
0.9314,-0.17313606,0.40786284
0.93150002,-0.16112848,0.41275495
0.93159997,-0.14898159,0.41729417
0.93169999,-0.13670579,0.42147648
0.93180001,-0.12431144,0.42529809
0.93190002,-0.11180913,0.42875561
0.93199998,-0.099209569,0.43184599
0.9321,-0.08652357,0.4345665
0.93220001,-0.073761992,0.43691468
0.93229997,-0.060935758,0.43888849
0.93239999,-0.048055731,0.44048581
0.9325,-0.035133027,0.44170535
0.93260002,-0.022178734,0.44254592
0.93269998,-0.0092039742,0.44300672
0.93279999,0.0037801017,0.44308728
0.93290001,0.016762406,0.44278726
0.93300003,0.029731786,0.44210675
0.93309999,0.042677067,0.44104633
0.9332,0.055587109,0.43960679
0.93330002,0.068450794,0.43778929
0.93339998,0.081257053,0.43559527
0.93349999,0.093994893,0.43302625
0.93360001,0.10665331,0.4300845
0.93370003,0.11922137,0.42677245
0.93379998,0.13168825,0.42309281
0.9339,0.14404318,0.41904876
0.93400002,0.15627548,0.41464341
0.93409997,0.1683746,0.40988046
0.93419999,0.18033004,0.404764
0.93430001,0.19213149,0.39929834
0.93440002,0.20376873,0.39348814
0.93449998,0.21523166,0.38733819
0.9346,0.22651032,0.38085356
0.93470001,0.23759496,0.37403986
0.93480003,0.24847595,0.36690289
0.93489999,0.25914386,0.3594487
0.935,0.26958942,0.35168371
0.93510002,0.27980345,0.34361425
0.93519998,0.28977716,0.33524728
0.93529999,0.29950181,0.32659
0.93540001,0.30896896,0.31764978
0.93550003,0.31817037,0.30843434
0.93559998,0.32709798,0.29895145
0.9357,0.3357439,0.2892091
0.93580002,0.34410062,0.27921575
0.93589997,0.3521609,0.26897994
0.93599999,0.35991764,0.25851053
0.93610001,0.36736405,0.24781649
0.93620002,0.37449348,0.23690678
0.93629998,0.3812997,0.22579089
0.9364,0.38777676,0.21447842
0.93650001,0.39391896,0.20297909
0.93660003,0.39972088,0.19130284
0.93669999,0.40517738,0.17945965
0.9368,0.41028351,0.16745964
0.93690002,0.4150348,0.15531324
0.93699998,0.41942704,0.14303096
0.93709999,0.42345637,0.1306234
0.93720001,0.42711923,0.11810131
0.93730003,0.43041202,0.10547534
0.93739998,0.43333194,0.092756495
0.9375,0.43587637,0.079955801
0.93760002,0.438043,0.06708435
0.93769997,0.43982989,0.054153308
0.93779999,0.44123521,0.041173819
0.93790001,0.44225758,0.0281571
0.93800002,0.44289607,0.015114492
0.93809998,0.44315004,0.0020573223
0.9382,0.44301918,-0.011003057
0.93830001,0.44250351,-0.024055293
0.93839997,0.44160309,-0.03708813
0.93849999,0.44031873,-0.050090171
0.9386,0.43865144,-0.063050106
0.93870002,0.43660259,-0.075956643
0.93879998,0.43417391,-0.08879853
0.93889999,0.43136719,-0.1015646
0.93900001,0.42818475,-0.11424373
0.93910003,0.4246293,-0.12682484
0.93919998,0.42070389,-0.13929695
0.9393,0.41641182,-0.15164915
0.93940002,0.41175675,-0.16387065
0.93949997,0.4067423,-0.17595077
0.93959999,0.40137297,-0.18787894
0.93970001,0.39565331,-0.19964471
0.93980002,0.38958821,-0.21123779
0.93989998,0.38318294,-0.22264802
0.94,0.37644273,-0.23386535
0.94010001,0.36937341,-0.24487996
0.94019997,0.36198112,-0.25568217
0.94029999,0.35427219,-0.2662625
0.9404,0.34625334,-0.27661166
0.94050002,0.33793139,-0.28672051
0.94059998,0.32931337,-0.29658011
0.94069999,0.32040679,-0.30618182
0.94080001,0.31121939,-0.31551719
0.94090003,0.30175918,-0.32457793
0.94099998,0.29203433,-0.33335614
0.9411,0.28205305,-0.3418439
0.94120002,0.27182406,-0.35003373
0.94129997,0.26135626,-0.35791841
0.94139999,0.25065881,-0.365491
0.94150001,0.23974097,-0.37274474
0.94160002,0.22861218,-0.37967318
0.94169998,0.21728201,-0.38627005
0.9418,0.20576039,-0.39252955
0.94190001,0.19405739,-0.39844608
0.94199997,0.18218321,-0.40401444
0.94209999,0.17014824,-0.40922961
0.94220001,0.15796278,-0.41408676
0.94230002,0.14563754,-0.41858158
0.94239998,0.13318332,-0.42271006
0.9425,0.120611,-0.42646849
0.94260001,0.1079316,-0.4298535
0.94270003,0.095156156,-0.43286192
0.94279999,0.082295761,-0.43549085
0.9429,0.069361746,-0.43773803
0.94300002,0.05636546,-0.43960133
0.94309998,0.043318298,-0.44107908
0.94319999,0.030231727,-0.44216985
0.94330001,0.017117087,-0.44287232
0.94340003,0.0039859652,-0.4431859
0.94349998,-0.0091500981,-0.44311023
0.9436,-0.022279551,-0.44264522
0.94370002,-0.035390843,-0.44179127
0.94379997,-0.048472468,-0.44054887
0.94389999,-0.061512951,-0.43891889
0.94400001,-0.074500769,-0.43690273
0.94410002,-0.087424487,-0.43450212
0.94419998,-0.1002727,-0.43171903
0.9443,-0.11303408,-0.42855588
0.94440001,-0.12569739,-0.425015
0.94450003,-0.13825145,-0.42109957
0.94459999,-0.15068515,-0.41681296
0.9447,-0.16298752,-0.41215885
0.94480002,-0.17514765,-0.40714127
0.94489998,-0.18715481,-0.40176436
0.94499999,-0.19899836,-0.39603272
0.94510001,-0.2106678,-0.38995135
0.94520003,-0.2221528,-0.38352558
0.94529998,-0.23344319,-0.37676099
0.9454,-0.24452892,-0.36966345
0.94550002,-0.25540012,-0.36223879
0.94559997,-0.26604715,-0.35449374
0.94569999,-0.27646056,-0.34643498
0.94580001,-0.28663108,-0.33806956
0.94590002,-0.29654968,-0.32940486
0.94599998,-0.30620745,-0.32044822
0.9461,-0.31559578,-0.31120747
0.94620001,-0.32470629,-0.30169076
0.94630003,-0.3335309,-0.29190645
0.94639999,-0.34206173,-0.28186312
0.9465,-0.35029113,-0.27156958
0.94660002,-0.35821161,-0.26103464
0.94669998,-0.36581612,-0.25026768
0.94679999,-0.3730979,-0.23927815
0.94690001,-0.38005036,-0.22807577
0.94700003,-0.38666734,-0.21667041
0.94709998,-0.39294273,-0.20507191
0.9472,-0.39887083,-0.19329055
0.94730002,-0.40444639,-0.18133672
0.94739997,-0.40966436,-0.169221
0.94749999,-0.41452003,-0.15695409
0.94760001,-0.41900894,-0.14454682
0.94770002,-0.42312688,-0.13200995
0.94779998,-0.42687017,-0.1193547
0.9479,-0.43023539,-0.10659224
0.94800001,-0.43321949,-0.093733892
0.94809997,-0.43581972,-0.080791056
0.94819999,-0.43803346,-0.067775056
0.9483,-0.43985868,-0.054697461
0.94840002,-0.44129366,-0.041569896
0.94849998,-0.4423371,-0.028404007
0.94859999,-0.44298792,-0.015211495
0.94870001,-0.44324541,-0.0020040427
0.94880003,-0.44310904,0.011206689
0.94889998,-0.44257891,0.024408905
0.949,-0.44165546,0.037590861
0.94910002,-0.44033936,0.050740827
0.94919997,-0.43863171,0.06384708
0.94929999,-0.43653366,0.076898031
0.94940001,-0.43404704,0.089882009
0.94950002,-0.43117404,0.10278744
0.94959998,-0.42791709,0.1156028
0.9497,-0.424279,0.12831666
0.94980001,-0.42026284,0.14091767
0.94989997,-0.41587186,0.15339461
0.94999999,-0.41111007,0.16573627
0.9501,-0.40598154,0.17793167
0.95020002,-0.40049085,0.18996985
0.95029998,-0.39464274,0.20184006
0.95039999,-0.38844207,0.21353164
0.95050001,-0.38189438,0.22503412
0.95060003,-0.37500545,0.23633718
0.95069999,-0.36778134,0.2474307
0.9508,-0.36022845,0.25830472
0.95090002,-0.3523533,0.26894942
0.95099998,-0.3441627,0.27935523
0.95109999,-0.33566397,0.28951281
0.95120001,-0.32686469,0.299413
0.95130002,-0.3177726,0.30904692
0.95139998,-0.30839577,0.3184059
0.9515,-0.29874223,0.32748133
0.95160002,-0.28882068,0.33626509
0.95169997,-0.27863991,0.34474927
0.95179999,-0.26820898,0.35292622
0.95190001,-0.25753722,0.36078855
0.95200002,-0.24663389,0.36832902
0.95209998,-0.23550867,0.37554076
0.9522,-0.22417153,0.38241729
0.95230001,-0.21263257,0.38895234
0.95240003,-0.20090209,0.39514002
0.95249999,-0.18899055,0.40097466
0.9526,-0.17690833,0.40645075
0.95270002,-0.16466634,0.41156337
0.95279998,-0.15227552,0.41630787
0.95289999,-0.13974695,0.4206799
0.95300001,-0.12709185,0.42467546
0.95310003,-0.1143214,0.42829072
0.95319998,-0.10144699,0.43152228
0.9533,-0.088480227,0.43436721
0.95340002,-0.075432703,0.43682286
0.95349997,-0.062316138,0.43888694
0.95359999,-0.049142264,0.44055748
0.95370001,-0.035922766,0.4418326
0.95380002,-0.022669585,0.44271123
0.95389998,-0.0093946224,0.44319242
0.954,0.0038901947,0.44327572
0.95410001,0.017172916,0.44296095
0.95420003,0.030441687,0.44224802
0.95429999,0.043684557,0.44113749
0.9544,0.056889594,0.43963036
0.95450002,0.070044905,0.43772784
0.95459998,0.083138637,0.4354316
0.95469999,0.096158996,0.43274349
0.95480001,0.10909429,0.42966563
0.95490003,0.12193282,0.42620084
0.95499998,0.134663,0.42235208
0.9551,0.14727333,0.4181228
0.95520002,0.15975243,0.41351673
0.95529997,0.172089,0.4085376
0.95539999,0.1842719,0.4031899
0.95550001,0.19629011,0.39747837
0.95560002,0.20813273,0.39140809
0.95569998,0.21978906,0.38498446
0.9558,0.2312485,0.37821311
0.95590001,0.24250065,0.37109986
0.95599997,0.2535353,0.36365113
0.95609999,0.26434246,0.35587358
0.9562,0.27491227,0.34777418
0.95630002,0.2852352,0.33936018
0.95639998,0.29530171,0.33063877
0.95649999,0.30510268,0.32161787
0.95660001,0.31462923,0.3123056
0.95670003,0.32387263,0.30271029
0.95679998,0.3328245,0.29284057
0.9569,0.34147659,0.28270519
0.95700002,0.34982094,0.27231306
0.95709997,0.35784999,0.26167369
0.95719999,0.36555636,0.25079659
0.95730001,0.372933,0.23969156
0.95740002,0.3799732,0.22836864
0.95749998,0.38667026,0.21683772
0.9576,0.39301816,0.20510933
0.95770001,0.39901102,0.19319405
0.95779997,0.40464333,0.18110262
0.95789999,0.40990996,0.168846
0.958,0.41480589,0.1564351
0.95810002,0.41932648,0.14388108
0.95819998,0.42346767,0.13119534
0.95829999,0.42722556,0.11838937
0.95840001,0.43059668,0.10547476
0.95850003,0.43357787,0.092463188
0.95859998,0.43616602,0.079366259
0.9587,0.43835887,0.066195935
0.95880002,0.44015431,0.052964151
0.95889997,0.44155064,0.03968291
0.95899999,0.44254646,0.026364278
0.95910001,0.44314063,0.013020248
0.95920002,0.4433324,-0.00033707992
0.95929998,0.44312161,-0.013695537
0.9594,0.44250837,-0.027042979
0.95950001,0.44149312,-0.040367264
0.95959997,0.44007665,-0.053656276
0.95969999,0.43825987,-0.066898003
0.9598,0.43604448,-0.080080338
0.95990002,0.4334324,-0.093191274
0.95999998,0.43042591,-0.10621886
0.9601,0.4270277,-0.11915121
0.96020001,0.42324051,-0.13197656
0.96030003,0.41906768,-0.14468318
0.96039999,0.41451296,-0.15725948
0.9605,0.40958041,-0.16969398
0.96060002,0.40427449,-0.18197528
0.96069998,0.39859986,-0.19409217
0.96079999,0.39256132,-0.20603354
0.96090001,0.38616446,-0.21778846
0.96100003,0.37941498,-0.22934617
0.96109998,0.37231904,-0.24069609
0.9612,0.36488298,-0.25182781
0.96130002,0.35711324,-0.26273102
0.96139997,0.3490169,-0.27339575
0.96149999,0.3406013,-0.28381222
0.96160001,0.33187404,-0.29397088
0.96170002,0.32284307,-0.30386233
0.96179998,0.31351644,-0.31347749
0.9619,0.30390239,-0.3228074
0.96200001,0.29400977,-0.3318435
0.96210003,0.28384757,-0.34057748
0.96219999,0.27342504,-0.34900126
0.9623,0.26275161,-0.3571071
0.96240002,0.25183675,-0.36488733
0.96249998,0.24069045,-0.37233478
0.96259999,0.2293229,-0.37944257
0.96270001,0.21774444,-0.38620415
0.96280003,0.20596562,-0.39261323
0.96289998,0.19399711,-0.39866379
0.963,0.18184967,-0.40435004
0.96310002,0.16953447,-0.40966681
0.96319997,0.15706278,-0.41460913
0.96329999,0.14444597,-0.41917235
0.96340001,0.13169561,-0.42335227
0.96350002,0.11882309,-0.42714462
0.96359998,0.10584032,-0.43054599
0.9637,0.092759162,-0.43355316
0.96380001,0.07959161,-0.43616328
0.96390003,0.066349737,-0.43837386
0.96399999,0.053045589,-0.44018266
0.9641,0.039691295,-0.44158778
0.96420002,0.026299164,-0.44258794
0.96429998,0.012881482,-0.44318214
0.96439999,-0.00054942549,-0.44336969
0.96450001,-0.013981219,-0.4431504
0.96460003,-0.027401688,-0.44252396
0.96469998,-0.040798426,-0.44149107
0.9648,-0.054159112,-0.44005254
0.96490002,-0.06747146,-0.43820962
0.96499997,-0.080723196,-0.43596393
0.96509999,-0.093902163,-0.43331721
0.96520001,-0.10699623,-0.43027177
0.96530002,-0.11999331,-0.42683035
0.96539998,-0.13288142,-0.42299604
0.9655,-0.14564867,-0.41877231
0.96560001,-0.15828326,-0.41416293
0.96569997,-0.17077354,-0.4091717
0.96579999,-0.18310796,-0.40380332
0.9659,-0.19527513,-0.39806259
0.96600002,-0.20726377,-0.39195478
0.96609998,-0.21906281,-0.38548544
0.96619999,-0.23066129,-0.37866017
0.96630001,-0.24204846,-0.3714852
0.96640003,-0.25321376,-0.36396709
0.96649998,-0.26414686,-0.35611275
0.9666,-0.27483761,-0.3479293
0.96670002,-0.28527606,-0.33942419
0.96679997,-0.29545245,-0.33060494
0.96689999,-0.30535731,-0.32147971
0.96700001,-0.31498149,-0.31205693
0.96710002,-0.32431602,-0.30234516
0.96719998,-0.33335221,-0.29235336
0.9673,-0.34208152,-0.28209049
0.96740001,-0.35049579,-0.27156591
0.96749997,-0.35858721,-0.26078936
0.96759999,-0.36634821,-0.24977079
0.9677,-0.37377158,-0.23852029
0.96780002,-0.38085029,-0.2270482
0.96789998,-0.38757753,-0.21536483
0.96799999,-0.39394712,-0.20348108
0.96810001,-0.39995307,-0.19140789
0.96820003,-0.40558973,-0.17915642
0.96829998,-0.41085184,-0.16673797
0.9684,-0.41573414,-0.15416378
0.96850002,-0.42023212,-0.14144553
0.96859998,-0.42434153,-0.12859498
0.96869999,-0.42805851,-0.11562401
0.96880001,-0.43137947,-0.10254464
0.96890002,-0.4343012,-0.089368902
0.96899998,-0.43682066,-0.076108858
0.9691,-0.43893558,-0.062776871
0.96920002,-0.44064388,-0.049385291
0.96929997,-0.44194385,-0.035946537
0.96939999,-0.44283432,-0.022473082
0.96950001,-0.4433139,-0.008977266
0.96960002,-0.44338223,0.0045283199
0.96969998,-0.44303921,0.018031133
0.9698,-0.44228497,0.031518627
0.96990001,-0.44112021,0.044978261
0.97000003,-0.43954575,0.058397565
0.97009999,-0.43756276,0.071764097
0.9702,-0.43517312,0.08506538
0.97030002,-0.43237898,0.09828905
0.97039998,-0.42918283,0.11142277
0.97049999,-0.42558756,0.1244543
0.97060001,-0.42159605,0.13737154
0.97070003,-0.4172121,0.15016241
0.97079998,-0.41243967,0.16281499
0.9709,-0.40728316,0.17531747
0.97100002,-0.40174729,0.18765815
0.97109997,-0.39583689,0.1998255
0.97119999,-0.38955733,0.21180813
0.97130001,-0.38291442,0.22359486
0.97140002,-0.37591428,0.23517463
0.97149998,-0.36856338,0.2465366
0.9716,-0.36086848,0.25767013
0.97170001,-0.35283631,0.26856473
0.97180003,-0.34447446,0.27921018
0.97189999,-0.33579066,0.2895965
0.972,-0.32679293,0.29971397
0.97210002,-0.31748962,0.30955303
0.97219998,-0.30788913,0.3191044
0.97229999,-0.29800031,0.32835904
0.97240001,-0.28783238,0.33730829
0.97250003,-0.27739477,0.34594369
0.97259998,-0.26669723,0.35425711
0.9727,-0.25574961,0.36224073
0.97280002,-0.24456182,0.36988679
0.97289997,-0.23314442,0.37718815
0.97299999,-0.22150801,0.3841379
0.97310001,-0.20966344,0.39072949
0.97320002,-0.19762176,0.39695668
0.97329998,-0.18539399,0.40281337
0.9734,-0.17299151,0.40829399
0.97350001,-0.16042595,0.41339335
0.97359997,-0.14770903,0.41810662
0.97369999,-0.13485265,0.42242926
0.9738,-0.12186874,0.42635712
0.97390002,-0.10876929,0.42988619
0.97399998,-0.095566623,0.43301317
0.97409999,-0.082273088,0.43573505
0.97420001,-0.068901144,0.4380492
0.97430003,-0.05546331,0.43995339
0.97439998,-0.041972023,0.44144541
0.9745,-0.028439948,0.44252387
0.97460002,-0.014879793,0.44318765
0.97469997,-0.0013042761,0.44343606
0.97479999,0.012273858,0.44326878
0.97490001,0.025841895,0.44268581
0.97500002,0.039387185,0.44168729
0.97509998,0.052896943,0.44027427
0.9752,0.066358477,0.43844792
0.97530001,0.079759128,0.43620992
0.97539997,0.09308628,0.43356228
0.97549999,0.10632745,0.430507
0.9756,0.11947016,0.42704704
0.97570002,0.13250202,0.42318556
0.97579998,0.14541075,0.41892609
0.97589999,0.15818417,0.41427255
0.97600001,0.17081025,0.40922913
0.97610003,0.18327706,0.40380022
0.97619998,0.19557281,0.39799103
0.9763,0.20768592,0.39180693
0.97640002,0.21960494,0.38525364
0.97649997,0.23131858,0.37833729
0.97659999,0.2428157,0.37106392
0.97670001,0.25408545,0.36344045
0.97680002,0.26511717,0.355474
0.97689998,0.27590039,0.34717202
0.977,0.28642491,0.33854225
0.97710001,0.29668066,0.32959259
0.97719997,0.30665785,0.32033128
0.97729999,0.31634709,0.31076708
0.9774,0.32573915,0.30090892
0.97750002,0.33482507,0.29076612
0.97759998,0.34359625,0.28034812
0.9777,0.35204414,0.26966438
0.97780001,0.36016074,0.25872511
0.97790003,0.36793834,0.24754052
0.97799999,0.37536952,0.23612116
0.9781,0.38244718,0.22447781
0.97820002,0.38916442,0.21262123
0.97829998,0.39551473,0.20056248
0.97839999,0.40149212,0.18831301
0.97850001,0.40709078,0.17588435
0.97860003,0.41230541,0.16328825
0.97869998,0.41713098,0.15053657
0.9788,0.42156249,0.13764106
0.97890002,0.42559582,0.12461405
0.97899997,0.42922708,0.11146782
0.97909999,0.43245274,0.098214813
0.97920001,0.43526965,0.084867552
0.97930002,0.43767488,0.071438521
0.97939998,0.43966594,0.057940409
0.9795,0.441241,0.044386026
0.97960001,0.4423984,0.030788207
0.97970003,0.44313699,0.017159844
0.97979999,0.44345593,0.0035138326
0.9799,0.44335455,-0.010137023
0.98000002,0.44283295,-0.023779703
0.98009998,0.44189155,-0.037401266
0.98019999,0.44053113,-0.050988775
0.98030001,0.43875298,-0.064529322
0.98040003,0.43655837,-0.078010105
0.98049998,0.43394923,-0.091418318
0.9806,0.43092808,-0.10474119
0.98070002,0.42749768,-0.11796604
0.98079997,0.42366123,-0.13108028
0.98089999,0.41942218,-0.14407143
0.98100001,0.41478413,-0.15692714
0.98110002,0.40975165,-0.16963513
0.98119998,0.40432936,-0.1821833
0.9813,0.39852241,-0.19455966
0.98140001,0.39233619,-0.20675242
0.98150003,0.38577616,-0.2187499
0.98159999,0.37884861,-0.2305406
0.9817,0.37156007,-0.24211332
0.98180002,0.36391735,-0.25345695
0.98189998,0.35592774,-0.26456064
0.98199999,0.34759858,-0.27541378
0.98210001,0.33893755,-0.28600582
0.98220003,0.32995296,-0.29632673
0.98229998,0.32065326,-0.30636656
0.9824,0.31104732,-0.31611568
0.98250002,0.30114418,-0.3255648
0.98259997,0.29095292,-0.33470458
0.98269999,0.28048328,-0.34352636
0.98280001,0.2697452,-0.35202166
0.98290002,0.25874892,-0.36018226
0.98299998,0.24750483,-0.36800033
0.9831,0.23602353,-0.37546822
0.98320001,0.22431575,-0.38257864
0.98329997,0.2123927,-0.38932478
0.98339999,0.20026577,-0.39570013
0.9835,0.18794645,-0.40169847
0.98360002,0.17544656,-0.40731406
0.98369998,0.16277762,-0.41254112
0.98379999,0.14995189,-0.41737467
0.98390001,0.13698159,-0.42181006
0.98400003,0.12387909,-0.42584291
0.98409998,0.11065691,-0.42946935
0.9842,0.097327553,-0.43268558
0.98430002,0.08390367,-0.43548834
0.98439997,0.070398159,-0.437875
0.98449999,0.05682392,-0.43984312
0.98460001,0.043193951,-0.44139072
0.98470002,0.029521292,-0.4425163
0.98479998,0.015818844,-0.44321826
0.9849,0.0020998237,-0.44349602
0.98500001,-0.01162263,-0.44334921
0.98509997,-0.025335364,-0.4427779
0.98519999,-0.039025221,-0.44178256
0.9853,-0.052679136,-0.44036382
0.98540002,-0.066284031,-0.43852285
0.98549998,-0.079826824,-0.43626142
0.98559999,-0.093294494,-0.43358156
0.98570001,-0.1066741,-0.43048584
0.98580003,-0.11995279,-0.4269771
0.98589998,-0.13311784,-0.42305818
0.986,-0.14615653,-0.41873297
0.98610002,-0.15905637,-0.41400558
0.98619998,-0.17180486,-0.40888038
0.98629999,-0.18438978,-0.4033623
0.98640001,-0.19679895,-0.39745623
0.98650002,-0.20902042,-0.39116776
0.98659998,-0.22104239,-0.38450292
0.9867,-0.23285325,-0.37746802
0.98680001,-0.24444161,-0.37006977
0.98689997,-0.25579625,-0.36231515
0.98699999,-0.26690614,-0.35421121
0.98710001,-0.27776054,-0.34576583
0.98720002,-0.28834894,-0.33698711
0.98729998,-0.29866111,-0.32788336
0.9874,-0.30868706,-0.31846339
0.98750001,-0.31841695,-0.30873579
0.98760003,-0.32784137,-0.29870999
0.98769999,-0.33695117,-0.28839558
0.9878,-0.34573746,-0.27780247
0.98790002,-0.35419178,-0.26694077
0.98799998,-0.36230582,-0.2558209
0.98809999,-0.37007153,-0.24445321
0.98820001,-0.37748143,-0.23284876
0.98830003,-0.38452825,-0.22101872
0.98839998,-0.39120519,-0.20897442
0.9885,-0.3975057,-0.1967275
0.98860002,-0.40342337,-0.18428944
0.98869997,-0.4089525,-0.17167231
0.98879999,-0.41408768,-0.15888828
0.98890001,-0.41882387,-0.14594966
0.98900002,-0.42315644,-0.13286898
0.98909998,-0.42708081,-0.11965851
0.9892,-0.43059316,-0.10633114
0.98930001,-0.43369007,-0.09289971
0.98940003,-0.43636841,-0.079377182
0.98949999,-0.43862551,-0.065776594
0.9896,-0.44045883,-0.052110963
0.98970002,-0.44186658,-0.038393531
0.98979998,-0.44284731,-0.024637554
0.98989999,-0.4434,-0.010856328
0.99000001,-0.44352394,0.0029368226
0.99010003,-0.44321871,0.016728615
0.99019998,-0.44248459,0.030505667
0.9903,-0.44132221,0.044254631
0.99040002,-0.43973258,0.057962179
0.99049997,-0.43771714,0.071615018
0.99059999,-0.43527749,0.085199974
0.99070001,-0.43241599,0.098703817
0.99080002,-0.42913532,0.11211344
0.99089998,-0.42543861,0.12541582
0.991,-0.42132926,0.13859801
0.99110001,-0.41681096,0.15164724
0.99119997,-0.41188809,0.1645508
0.99129999,-0.40656534,0.17729612
0.9914,-0.40084779,0.1898708
0.99150002,-0.39474082,0.2022626
0.99159998,-0.38825008,0.2144594
0.99169999,-0.3813819,0.22644934
0.99180001,-0.37414283,0.23822072
0.99190003,-0.36653984,0.24976206
0.99199998,-0.35858011,0.26106206
0.9921,-0.3502712,0.27210966
0.99220002,-0.34162116,0.28289402
0.99229997,-0.33263832,0.29340467
0.99239999,-0.32333133,0.30363128
0.99250001,-0.31370908,0.31356379
0.99260002,-0.30378073,0.32319245
0.99269998,-0.29355597,0.33250782
0.9928,-0.28304467,0.34150076
0.99290001,-0.272257,0.35016245
0.99299997,-0.26120323,0.3584843
0.99309999,-0.24989407,0.36645809
0.9932,-0.2383405,0.37407598
0.99330002,-0.22655371,0.38133046
0.99339998,-0.21454516,0.38821441
0.99349999,-0.20232634,0.39472091
0.99360001,-0.18990912,0.4008435
0.99370003,-0.17730556,0.40657613
0.99379998,-0.16452795,0.41191316
0.9939,-0.15158869,0.41684926
0.99400002,-0.13850024,0.42137936
0.99409997,-0.12527536,0.42549899
0.99419999,-0.11192693,0.42920405
0.99430001,-0.098467946,0.43249077
0.99440002,-0.084911555,0.43535593
0.99449998,-0.071270823,0.43779635
0.9946,-0.057559099,0.43980968
0.99470001,-0.043789774,0.44139379
0.99479997,-0.029976286,0.44254708
0.99489999,-0.016132137,0.44326833
0.995,-0.0022707419,0.44355643
0.99510002,0.011594301,0.44341114
0.99519998,0.025449434,0.4428325
0.99529999,0.039281104,0.44182095
0.99540001,0.053075761,0.44037741
0.99550003,0.066819973,0.43850291
0.99559999,0.080500238,0.43619931
0.9957,0.094103158,0.43346873
0.99580002,0.10761538,0.43031377
0.99589998,0.12102366,0.4267374
0.99599999,0.13431486,0.42274278
0.99610001,0.14747591,0.41833383
0.99620003,0.1604939,0.41351479
0.99629998,0.17335603,0.40829027
0.9964,0.18604963,0.40266523
0.99650002,0.19856222,0.39664495
0.99659997,0.21088149,0.39023528
0.99669999,0.2229953,0.38344243
0.99680001,0.23489173,0.37627298
0.99690002,0.24655902,0.36873382
0.99699998,0.25798565,0.3608321
0.9971,0.26916033,0.35257554
0.99720001,0.28007206,0.34397221
0.99730003,0.29071003,0.33503044
0.99739999,0.30106375,0.32575887
0.9975,0.31112286,0.3161664
0.99760002,0.32087746,0.30626246
0.99769998,0.33031788,0.29605672
0.99779999,0.3394348,0.28555909
0.99790001,0.34821913,0.2747798
0.99800003,0.35666201,0.26372921
0.99809998,0.36475515,0.25241828
0.9982,0.37249053,0.240858
0.99830002,0.3798604,0.22905973
0.99839997,0.38685736,0.21703492
0.99849999,0.39347437,0.20479527
0.99860001,0.39970487,0.19235285
0.99870002,0.40554267,0.17971985
0.99879998,0.41098186,0.16690871
0.9989,0.41601691,0.15393186
0.99900001,0.42064273,0.14080204
0.99910003,0.42485467,0.12753218
0.99919999,0.4286485,0.11413534
0.9993,0.43202043,0.10062471
0.99940002,0.4349668,0.087013468
0.99949998,0.43748462,0.073315017
0.99959999,0.43957135,0.059542883
0.99970001,0.44122484,0.045710638
0.99980003,0.44244334,0.031831928
0.99989998,0.44322547,0.017920388
1,0.44357044,0.0039897803
1.0001,0.44347754,-0.0099451449
1.0002,0.442947,-0.023870056
1.0003,0.44197935,-0.037771802
1.0003999,0.44057548,-0.05163661
1.0005,0.43873686,-0.065450579
1.0006,0.43646544,-0.079200089
1.0007,0.43376336,-0.092871495
1.0008,0.43063313,-0.1064513
1.0009,0.42707783,-0.1199261
1.001,0.42310122,-0.13328271
1.0010999,0.41870683,-0.14650784
1.0012,0.41389918,-0.15958853
1.0013,0.40868291,-0.17251185
1.0014,0.40306318,-0.18526508
1.0015,0.3970454,-0.19783561
1.0016,0.39063558,-0.21021105
1.0017,0.38384011,-0.22237924
1.0017999,0.37666577,-0.23432805
1.0019,0.36911955,-0.24604577
1.002,0.36120886,-0.25752088
1.0021,0.35294151,-0.26874191
1.0022,0.34432575,-0.27969787
1.0023,0.33536988,-0.29037803
1.0024,0.32608294,-0.30077168
1.0025001,0.31647402,-0.31086862
1.0026,0.30655244,-0.32065898
1.0027,0.29632816,-0.33013299
1.0028,0.28581122,-0.33928126
1.0029,0.27501184,-0.34809491
1.003,0.26394081,-0.35656512
1.0031,0.25260907,-0.36468345
1.0032001,0.24102768,-0.37244204
1.0033,0.22920813,-0.3798331
1.0034,0.21716209,-0.38684934
1.0035,0.20490138,-0.39348385
1.0036,0.19243811,-0.39973009
1.0037,0.17978454,-0.40558189
1.0038,0.16695316,-0.41103342
1.0039001,0.15395662,-0.41607934
1.0039999,0.14080769,-0.42071465
1.0041,0.12751935,-0.42493477
1.0042,0.11410471,-0.42873549
1.0043,0.10057699,-0.43211308
1.0044,0.08694952,-0.43506417
1.0045,0.07323575,-0.43758583
1.0046,0.059449203,-0.43967551
1.0046999,0.045603484,-0.44133118
1.0048,0.031712238,-0.44255117
1.0049,0.017789172,-0.44333422
1.005,0.0038480267,-0.44367954
1.0051,-0.010097454,-0.4435868
1.0052,-0.024033513,-0.44305605
1.0053,-0.037946403,-0.4420878
1.0053999,-0.051822394,-0.44068295
1.0055,-0.065647803,-0.43884289
1.0056,-0.079408981,-0.43656942
1.0057,-0.093092352,-0.43386474
1.0058,-0.10668442,-0.43073148
1.0059,-0.12017176,-0.42717275
1.006,-0.13354105,-0.42319196
1.0061001,-0.14677912,-0.41879305
1.0062,-0.15987287,-0.41398036
1.0063,-0.17280941,-0.40875858
1.0064,-0.18557592,-0.40313286
1.0065,-0.19815983,-0.39710867
1.0066,-0.2105487,-0.390692
1.0067,-0.22273029,-0.38388908
1.0068001,-0.23469259,-0.37670663
1.0069,-0.24642375,-0.36915174
1.007,-0.25791219,-0.36123177
1.0071,-0.26914656,-0.35295457
1.0072,-0.28011578,-0.34432825
1.0073,-0.29080898,-0.33536133
1.0074,-0.30121559,-0.32606256
1.0075001,-0.31132534,-0.31644118
1.0075999,-0.32112819,-0.3065066
1.0077,-0.33061451,-0.29626861
1.0078,-0.33977488,-0.28573728
1.0079,-0.34860021,-0.274923
1.008,-0.35708183,-0.26383641
1.0081,-0.36521128,-0.25248843
1.0082,-0.37298054,-0.24089022
1.0082999,-0.38038194,-0.22905321
1.0084,-0.38740811,-0.2169891
1.0085,-0.39405206,-0.20470971
1.0086,-0.40030727,-0.19222718
1.0087,-0.40616751,-0.17955381
1.0088,-0.41162696,-0.16670208
1.0089,-0.41668019,-0.15368465
1.0089999,-0.4213222,-0.14051434
1.0091,-0.42554834,-0.12720418
1.0092,-0.42935443,-0.11376725
1.0093,-0.43273669,-0.10021681
1.0094,-0.43569171,-0.086566232
1.0095,-0.43821657,-0.072828963
1.0096,-0.44030869,-0.059018556
1.0096999,-0.44196603,-0.045148637
1.0098,-0.44318688,-0.031232879
1.0099,-0.44396999,-0.017285015
1.01,-0.44431457,-0.0033188115
1.0101,-0.44422019,0.010651959
1.0102,-0.44368696,0.024613505
1.0103,-0.44271535,0.03855205
1.0104001,-0.44130626,0.052453835
1.0105,-0.43946105,0.066305138
1.0106,-0.43718153,0.080092281
1.0107,-0.43446982,0.093801655
1.0108,-0.43132865,0.10741972
1.0109,-0.42776102,0.12093304
1.011,-0.42377043,0.13432825
1.0111001,-0.41936076,0.14759213
1.0112,-0.41453633,0.16071157
1.0113,-0.40930188,0.1736736
1.0114,-0.40366247,0.18646544
1.0115,-0.39762372,0.19907442
1.0116,-0.39119148,0.21148808
1.0117,-0.38437209,0.22369418
1.0118001,-0.3771722,0.2356806
1.0118999,-0.36959893,0.24743553
1.012,-0.36165965,0.25894731
1.0121,-0.35336223,0.27020457
1.0122,-0.34471476,0.28119618
1.0123,-0.33572578,0.29191124
1.0124,-0.32640412,0.3023392
1.0125,-0.3167589,0.31246966
1.0125999,-0.30679968,0.32229263
1.0127,-0.29653618,0.33179837
1.0128,-0.28597856,0.34097749
1.0129,-0.27513713,0.34982085
1.013,-0.26402265,0.3583197
1.0131,-0.252646,0.36646566
1.0132,-0.2410184,0.37425056
1.0132999,-0.22915129,0.38166675
1.0134,-0.21705638,0.38870686
1.0135,-0.20474555,0.39536387
1.0136,-0.19223094,0.40163115
1.0137,-0.17952488,0.40750253
1.0138,-0.16663989,0.41297212
1.0139,-0.15358867,0.41803449
1.0140001,-0.14038409,0.42268458
1.0141,-0.12703915,0.42691779
1.0142,-0.113567,0.43072987
1.0143,-0.09998095,0.43411699
1.0144,-0.086294383,0.43707579
1.0145,-0.072520792,0.43960327
1.0146,-0.058673769,0.44169688
1.0147001,-0.044766974,0.44335455
1.0148,-0.030814121,0.44457453
1.0149,-0.016828982,0.44535562
1.015,-0.002825361,0.44569695
1.0151,0.011182928,0.44559816
1.0152,0.025182052,0.44505927
1.0153,0.039158192,0.44408077
1.0154001,0.053097554,0.44266355
1.0154999,0.066986367,0.44080901
1.0156,0.080810919,0.43851888
1.0157,0.094557554,0.43579537
1.0158,0.10821269,0.43264112
1.0159,0.12176284,0.42905921
1.016,0.13519461,0.42505309
1.0161,0.14849474,0.42062667
1.0161999,0.16165006,0.4157843
1.0163,0.17464758,0.41053066
1.0164,0.18747446,0.4048709
1.0165,0.20011799,0.3988106
1.0166,0.21256569,0.39235559
1.0167,0.22480524,0.38551229
1.0168,0.23682451,0.37828737
1.0168999,0.24861164,0.3706879
1.017,0.26015493,0.36272135
1.0171,0.27144301,0.35439554
1.0172,0.28246465,0.34571862
1.0173,0.29320893,0.33669913
1.0174,0.30366525,0.32734594
1.0175,0.31382322,0.3176682
1.0176001,0.32367277,0.30767545
1.0177,0.33320418,0.2973775
1.0178,0.34240794,0.2867845
1.0179,0.35127494,0.27590686
1.018,0.3597964,0.26475525
1.0181,0.36796388,0.25334069
1.0182,0.3757692,0.24167438
1.0183001,0.38320467,0.2297678
1.0184,0.3902629,0.2176327
1.0185,0.39693683,0.205281
1.0186,0.40321985,0.1927249
1.0187,0.40910569,0.17997675
1.0188,0.41458848,0.16704908
1.0189,0.4196628,0.15395467
1.0190001,0.42432353,0.14070641
1.0191,0.42856604,0.12731735
1.0192,0.4323861,0.1138007
1.0193,0.43577984,0.10016978
1.0194,0.43874389,0.086438037
1.0195,0.44127524,0.072619006
1.0196,0.44337136,0.058726322
1.0197001,0.44503009,0.04477369
1.0197999,0.44624978,0.030774876
1.0199,0.44702911,0.016743694
1.02,0.44736728,0.0026939891
1.0201,0.4472639,-0.011360371
1.0202,0.44671902,-0.025405511
1.0203,0.4457331,-0.039427564
1.0204,0.44430703,-0.053412687
1.0204999,0.44244221,-0.067347065
1.0206,0.4401404,-0.081216931
1.0207,0.43740377,-0.095008597
1.0208,0.43423504,-0.10870843
1.0209,0.43063724,-0.12230288
1.021,0.42661384,-0.13577853
1.0211,0.42216879,-0.14912206
1.0211999,0.41730642,-0.16232027
1.0213,0.41203144,-0.17536011
1.0214,0.40634903,-0.18822868
1.0215,0.40026474,-0.20091328
1.0216,0.39378452,-0.21340133
1.0217,0.38691473,-0.2256805
1.0218,0.37966207,-0.23773862
1.0219001,0.37203363,-0.24956375
1.022,0.36403695,-0.26114422
1.0221,0.35567981,-0.27246854
1.0222,0.34697047,-0.2835255
1.0223,0.33791745,-0.2943041
1.0224,0.32852963,-0.30479375
1.0225,0.31881624,-0.31498399
1.0226001,0.30878684,-0.32486475
1.0227,0.2984513,-0.33442622
1.0228,0.28781974,-0.34365892
1.0229,0.27690262,-0.3525537
1.023,0.26571071,-0.36110169
1.0231,0.25425503,-0.36929446
1.0232,0.2425468,-0.37712386
1.0233001,0.23059757,-0.38458207
1.0233999,0.21841912,-0.39166173
1.0235,0.20602342,-0.39835578
1.0236,0.19342269,-0.40465754
1.0237,0.18062934,-0.41056076
1.0238,0.16765597,-0.41605955
1.0239,0.15451539,-0.42114842
1.024,0.1412205,-0.42582229
1.0240999,0.12778443,-0.43007651
1.0242,0.11422043,-0.43390679
1.0243,0.10054188,-0.43730932
1.0244,0.086762249,-0.44028068
1.0245,0.072895139,-0.44281784
1.0246,0.058954228,-0.4449183
1.0247,0.044953268,-0.44657987
1.0247999,0.030906066,-0.4478009
1.0249,0.016826496,-0.44858009
1.025,0.0027284452,-0.44891664
1.0251,-0.011374169,-0.4488101
1.0252,-0.025467422,-0.44826061
1.0253,-0.0395374,-0.44726858
1.0254,-0.053570211,-0.4458349
1.0255001,-0.067551993,-0.44396102
1.0256,-0.08146894,-0.44164872
1.0257,-0.095307298,-0.43890014
1.0258,-0.1090534,-0.435718
1.0259,-0.12269367,-0.43210539
1.026,-0.1362146,-0.42806581
1.0261,-0.14960286,-0.42360315
1.0262001,-0.16284519,-0.41872182
1.0263,-0.17592852,-0.41342652
1.0264,-0.18883988,-0.4077225
1.0265,-0.20156653,-0.40161529
1.0266,-0.21409586,-0.39511085
1.0267,-0.2264155,-0.3882156
1.0268,-0.23851323,-0.38093626
1.0269001,-0.25037709,-0.37327999
1.027,-0.26199535,-0.36525425
1.0271,-0.2733565,-0.35686699
1.0272,-0.28444928,-0.34812638
1.0273,-0.29526269,-0.33904105
1.0274,-0.30578607,-0.32961988
1.0275,-0.31600896,-0.31987217
1.0276,-0.32592121,-0.30980748
1.0276999,-0.33551303,-0.2994357
1.0278,-0.34477487,-0.28876707
1.0279,-0.3536976,-0.27781203
1.028,-0.36227232,-0.26658139
1.0281,-0.37049052,-0.25508618
1.0282,-0.37834406,-0.24333775
1.0283,-0.38582513,-0.23134764
1.0283999,-0.39292634,-0.21912767
1.0285,-0.39964056,-0.20668986
1.0286,-0.40596113,-0.19404648
1.0287,-0.4118818,-0.18120998
1.0288,-0.41739663,-0.16819301
1.0289,-0.42250016,-0.15500839
1.029,-0.42718729,-0.14166912
1.0290999,-0.43145335,-0.12818837
1.0292,-0.43529403,-0.1145794
1.0293,-0.43870553,-0.10085565
1.0294,-0.4416844,-0.087030649
1.0295,-0.44422767,-0.073118038
1.0296,-0.44633275,-0.05913154
1.0297,-0.44799754,-0.04508495
1.0298001,-0.4492203,-0.030992134
1.0299,-0.44999984,-0.016867001
1.03,-0.45033523,-0.0027234887
1.0301,-0.45022619,0.01142444
1.0302,-0.44967273,0.025562817
1.0303,-0.4486753,0.03967768
1.0304,-0.4472349,0.053755093
1.0305001,-0.44535288,0.067781158
1.0306,-0.44303104,0.081742011
1.0307,-0.44027159,0.095623866
1.0308,-0.43707722,0.10941301
1.0309,-0.43345109,0.1230958
1.031,-0.42939663,0.13665874
1.0311,-0.42491785,0.15008841
1.0312001,-0.42001912,0.16337155
1.0312999,-0.41470522,0.17649502
1.0314,-0.40898132,0.18944582
1.0315,-0.4028531,0.20221119
1.0316,-0.39632648,0.21477845
1.0317,-0.3894079,0.22713523
1.0318,-0.38210413,0.23926926
1.0319,-0.37442234,0.25116855
1.0319999,-0.36637008,0.26282132
1.0321,-0.35795525,0.27421603
1.0322,-0.34918612,0.28534144
1.0323,-0.34007129,0.29618648
1.0324,-0.33061975,0.30674043
1.0325,-0.32084078,0.31699288
1.0326,-0.31074399,0.32693359
1.0326999,-0.30033931,0.3365528
1.0328,-0.289637,0.3458409
1.0329,-0.27864757,0.35478872
1.033,-0.26738185,0.36338741
1.0331,-0.25585094,0.37162837
1.0332,-0.24406618,0.37950349
1.0333,-0.23203918,0.38700494
1.0334001,-0.21978179,0.39412528
1.0335,-0.20730609,0.40085739
1.0336,-0.19462436,0.40719461
1.0337,-0.18174912,0.41313067
1.0338,-0.16869304,0.41865963
1.0339,-0.155469,0.423776
1.034,-0.14209005,0.42847469
1.0341001,-0.12856936,0.432751
1.0342,-0.11492027,0.43660066
1.0343,-0.10115626,0.44001985
1.0344,-0.087290898,0.44300511
1.0345,-0.073337853,0.44555345
1.0346,-0.059310902,0.44766238
1.0347,-0.045223877,0.44932967
1.0348001,-0.031090688,0.45055369
1.0349,-0.016925285,0.45133319
1.035,-0.0027416446,0.45166731
1.0351,0.011446229,0.4515557
1.0352,0.025624327,0.45099846
1.0353,0.03977865,0.44999602
1.0354,0.053895224,0.44854936
1.0355,0.067960106,0.44665986
1.0355999,0.081959397,0.44432938
1.0357,0.095879279,0.44156012
1.0358,0.109706,0.43835479
1.0359,0.1234259,0.43471652
1.036,0.13702542,0.43064883
1.0361,0.1504911,0.42615575
1.0362,0.16380967,0.42124161
1.0362999,0.17696795,0.41591126
1.0364,0.18995292,0.4101699
1.0365,0.20275177,0.4040232
1.0366,0.21535181,0.39747712
1.0367,0.22774062,0.39053816
1.0368,0.23990591,0.38321307
1.0369,0.25183567,0.37550908
1.0369999,0.2635181,0.36743376
1.0371,0.27494165,0.35899502
1.0372,0.28609499,0.35020119
1.0373,0.29696709,0.34106091
1.0374,0.30754721,0.33158314
1.0375,0.31782487,0.32177725
1.0376,0.32778987,0.3116529
1.0377001,0.33743238,0.30122
1.0378,0.34674284,0.29048887
1.0379,0.355712,0.27947003
1.038,0.36433101,0.26817438
1.0381,0.37259129,0.25661305
1.0382,0.3804847,0.24479739
1.0383,0.38800338,0.23273906
1.0384001,0.39513987,0.22044997
1.0385,0.40188712,0.20794219
1.0386,0.40823841,0.19522807
1.0387,0.41418746,0.18232015
1.0388,0.41972834,0.16923113
1.0389,0.42485553,0.15597396
1.039,0.42956397,0.14256167
1.0391001,0.43384895,0.12900753
1.0391999,0.4377062,0.11532488
1.0393,0.44113192,0.10152723
1.0394,0.44412264,0.087628178
1.0395,0.44667539,0.073641457
1.0396,0.4487876,0.059580859
1.0397,0.45045716,0.045460258
1.0398,0.45168239,0.031293593
1.0398999,0.45246205,0.017094849
1.04,0.45279533,0.0028780357
1.0401,0.45268184,-0.011342811
1.0402,0.45212168,-0.025553651
1.0403,0.45111537,-0.039740454
1.0404,0.44966385,-0.053889211
1.0405,0.44776854,-0.067985952
1.0405999,0.44543129,-0.082016759
1.0407,0.44265431,-0.09596777
1.0408,0.43944037,-0.1098252
1.0409,0.43579257,-0.12357538
1.041,0.4317145,-0.13720471
1.0411,0.42721012,-0.15069973
1.0412,0.42228392,-0.16404711
1.0413001,0.41694066,-0.17723367
1.0414,0.41118562,-0.19024634
1.0415,0.40502444,-0.20307232
1.0416,0.39846316,-0.2156989
1.0417,0.39150825,-0.22811359
1.0418,0.38416654,-0.24030416
1.0419,0.37644523,-0.25225851
1.0420001,0.36835197,-0.26396486
1.0421,0.35989466,-0.27541161
1.0422,0.35108167,-0.28658745
1.0423,0.34192166,-0.29748133
1.0424,0.33242363,-0.30808249
1.0425,0.32259697,-0.31838042
1.0426,0.3124513,-0.32836494
1.0427001,0.30199671,-0.33802617
1.0427999,0.2912434,-0.34735456
1.0429,0.28020203,-0.35634089
1.043,0.26888347,-0.36497623
1.0431,0.25729886,-0.37325209
1.0432,0.24545962,-0.3811602
1.0433,0.23337743,-0.3886928
1.0434,0.22106421,-0.39584237
1.0434999,0.20853207,-0.4026019
1.0436,0.19579339,-0.4089646
1.0437,0.18286075,-0.41492426
1.0438,0.16974688,-0.42047492
1.0439,0.15646471,-0.42561108
1.044,0.14302737,-0.43032762
1.0441,0.12944807,-0.43461993
1.0441999,0.11574025,-0.43848366
1.0443,0.10191743,-0.44191507
1.0444,0.087993227,-0.44491065
1.0445,0.073981389,-0.44746745
1.0446,0.05989575,-0.44958296
1.0447,0.045750208,-0.45125502
1.0448,0.031558719,-0.45248199
1.0448999,0.017335294,-0.4532626
1.045,0.0030939709,-0.45359609
1.0451,-0.011151195,-0.45348206
1.0452,-0.025386138,-0.45292065
1.0453,-0.039596807,-0.45191237
1.0454,-0.053769175,-0.45045817
1.0455,-0.067889243,-0.44855949
1.0456001,-0.08194308,-0.44621816
1.0457,-0.095916808,-0.4434365
1.0458,-0.10979661,-0.4402172
1.0459,-0.12356881,-0.43656343
1.046,-0.13721979,-0.43247879
1.0461,-0.15073606,-0.42796725
1.0462,-0.1641043,-0.4230333
1.0463001,-0.17731129,-0.41768172
1.0464,-0.19034398,-0.41191784
1.0465,-0.20318949,-0.40574729
1.0466,-0.21583515,-0.39917618
1.0467,-0.22826847,-0.39221093
1.0468,-0.24047716,-0.38485843
1.0469,-0.25244915,-0.37712589
1.0470001,-0.26417261,-0.36902097
1.0470999,-0.27563599,-0.36055163
1.0472,-0.28682792,-0.3517262
1.0473,-0.29773736,-0.34255341
1.0474,-0.30835354,-0.33304226
1.0475,-0.31866595,-0.32320216
1.0476,-0.32866439,-0.31304279
1.0477,-0.33833903,-0.30257419
1.0477999,-0.34768027,-0.29180664
1.0479,-0.35667884,-0.28075078
1.048,-0.36532593,-0.26941752
1.0481,-0.37361291,-0.25781804
1.0482,-0.38153163,-0.24596374
1.0483,-0.38907424,-0.23386635
1.0484,-0.39623332,-0.2215378
1.0484999,-0.40300173,-0.20899023
1.0486,-0.40937281,-0.19623604
1.0487,-0.41534027,-0.1832878
1.0488,-0.42089817,-0.17015828
1.0489,-0.42604107,-0.15686044
1.049,-0.43076381,-0.1434074
1.0491,-0.43506172,-0.12981243
1.0492001,-0.4389306,-0.11608896
1.0493,-0.44236657,-0.10225051
1.0494,-0.44536626,-0.088310741
1.0495,-0.44792664,-0.074283414
1.0496,-0.45004526,-0.060182381
1.0497,-0.45171991,-0.046021543
1.0498,-0.45294899,-0.031814877
1.0499001,-0.45373127,-0.017576415
1.05,-0.45406595,-0.0033202004
1.0501,-0.45395267,0.010939694
1.0502,-0.45339158,0.025189191
1.0503,-0.45238319,0.039414227
1.0504,-0.45092848,0.053600758
1.0505,-0.44902888,0.067734785
1.0506001,-0.44668627,0.081802353
1.0506999,-0.44390291,0.095789582
1.0508,-0.44068161,0.10968266
1.0509,-0.43702546,0.12346786
1.051,-0.4329381,0.13713159
1.0511,-0.42842352,0.15066035
1.0512,-0.42348623,0.1640408
1.0513,-0.41813102,0.17725971
1.0513999,-0.41236323,0.19030406
1.0515,-0.40618852,0.20316093
1.0516,-0.39961296,0.21581765
1.0517,-0.39264306,0.22826172
1.0518,-0.38528568,0.24048086
1.0519,-0.37754807,0.25246298
1.052,-0.36943784,0.26419631
1.0520999,-0.36096305,0.27566919
1.0522,-0.35213199,0.28687036
1.0523,-0.34295341,0.29778868
1.0524,-0.33343637,0.30841348
1.0525,-0.32359025,0.31873414
1.0526,-0.31342474,0.32874057
1.0527,-0.30294988,0.33842286
1.0528001,-0.29217601,0.34777144
1.0529,-0.28111374,0.35677707
1.053,-0.26977402,0.36543086
1.0531,-0.25816801,0.37372431
1.0532,-0.24630718,0.38164917
1.0533,-0.23420323,0.38919765
1.0534,-0.2218681,0.39636227
1.0535001,-0.20931396,0.40313599
1.0536,-0.19655319,0.40951207
1.0537,-0.1835984,0.41548428
1.0538,-0.17046236,0.42104667
1.0539,-0.15715803,0.42619374
1.054,-0.14369857,0.43092048
1.0541,-0.13009723,0.43522215
1.0542001,-0.11636743,0.43909451
1.0543,-0.10252275,0.44253376
1.0544,-0.088576823,0.44553649
1.0545,-0.074543431,0.44809973
1.0546,-0.06043642,0.45022097
1.0547,-0.046269707,0.4518981
1.0548,-0.032057274,0.45312944
1.0549001,-0.017813152,0.45391381
1.0549999,-0.0035513949,0.4542504
1.0551,0.010713922,0.4541389
1.0552,0.024968717,0.45357946
1.0553,0.039198924,0.45257255
1.0554,0.053390499,0.45111918
1.0555,0.06752944,0.44922084
1.0556,0.081601784,0.44687936
1.0556999,0.095593654,0.44409704
1.0558,0.10949123,0.44087666
1.0559,0.1232808,0.43722138
1.056,0.13694876,0.43313479
1.0561,0.15048163,0.42862096
1.0562,0.16386603,0.42368436
1.0563,0.17708877,0.41832981
1.0563999,0.19013679,0.41256261
1.0565,0.20299724,0.40638846
1.0566,0.21565738,0.39981347
1.0567,0.22810477,0.39284411
1.0568,0.2403271,0.38548726
1.0569,0.2523123,0.37775022
1.057,0.26404858,0.36964056
1.0571001,0.27552432,0.36116636
1.0572,0.2867282,0.3523359
1.0573,0.29764917,0.34315798
1.0574,0.3082765,0.33364165
1.0575,0.31859964,0.32379624
1.0576,0.32860845,0.3136315
1.0577,0.33829305,0.30315751
1.0578001,0.34764385,0.29238456
1.0579,0.35665163,0.28132328
1.058,0.36530754,0.26998463
1.0581,0.37360305,0.25837976
1.0582,0.38152993,0.24652015
1.0583,0.38908038,0.2344175
1.0584,0.39624697,0.22208376
1.0585001,0.40302262,0.20953108
1.0585999,0.40940064,0.19677189
1.0587,0.41537476,0.18381877
1.0588,0.42093909,0.17068449
1.0589,0.42608809,0.15738201
1.059,0.4308168,0.14392449
1.0591,0.43512043,0.1303252
1.0592,0.43899482,0.11659754
1.0592999,0.44243616,0.10275509
1.0594,0.44544098,0.088811494
1.0595,0.44800642,0.074780516
1.0596,0.4501299,0.060676016
1.0597,0.45180935,0.046511892
1.0598,0.4530431,0.032302134
1.0599,0.45382997,0.01806077
1.0599999,0.45416918,0.0038018434
1.0601,0.45406038,-0.010460569
1.0602,0.45350373,-0.024712391
1.0603,0.45249975,-0.038939565
1.0604,0.45104948,-0.053128049
1.0605,0.44915432,-0.067263842
1.0606,0.44681615,-0.081332996
1.0607001,0.44403732,-0.095321633
1.0608,0.44082057,-0.10921595
1.0609,0.43716908,-0.12300222
1.061,0.43308643,-0.13666688
1.0611,0.42857671,-0.15019642
1.0612,0.42364436,-0.1635775
1.0613,0.41829428,-0.1767969
1.0614001,0.4125317,-0.18984161
1.0615,0.40636238,-0.20269877
1.0616,0.39979237,-0.21535565
1.0617,0.3928282,-0.22779982
1.0618,0.38547674,-0.24001896
1.0619,0.37774521,-0.25200105
1.062,0.36964133,-0.26373425
1.0621001,0.36117306,-0.27520701
1.0622,0.35234874,-0.28640798
1.0623,0.34317714,-0.29732618
1.0624,0.33366734,-0.30795079
1.0625,0.32382864,-0.31827134
1.0626,0.31367081,-0.32827768
1.0627,0.30320391,-0.33795992
1.0628,0.29243824,-0.34730852
1.0628999,0.28138441,-0.35631427
1.063,0.27005342,-0.36496833
1.0631,0.25845638,-0.37326211
1.0632,0.24660474,-0.38118744
1.0633,0.23451026,-0.38873658
1.0634,0.22218485,-0.39590201
1.0635,0.20964068,-0.40267673
1.0635999,0.19689013,-0.40905404
1.0637,0.18394579,-0.41502768
1.0638,0.17082044,-0.42059174
1.0639,0.15752704,-0.42574078
1.064,0.14407873,-0.43046972
1.0641,0.13048875,-0.43477386
1.0642,0.11677053,-0.43864903
1.0642999,0.10293762,-0.44209141
1.0644,0.089003645,-0.4450976
1.0645,0.07498239,-0.44766465
1.0646,0.060887676,-0.44979006
1.0647,0.046733413,-0.45147175
1.0648,0.032533571,-0.45270804
1.0649,0.018302169,-0.45349777
1.0650001,0.004053242,-0.45384014
1.0651,-0.010199148,-0.45373487
1.0652,-0.024440935,-0.45318204
1.0653,-0.038658071,-0.45218223
1.0654,-0.052836526,-0.45073646
1.0655,-0.066962317,-0.44884616
1.0656,-0.081021503,-0.44651318
1.0657001,-0.095000215,-0.44373989
1.0658,-0.10888466,-0.44052902
1.0659,-0.12266115,-0.43688375
1.066,-0.13631609,-0.43280771
1.0661,-0.14983602,-0.42830491
1.0662,-0.16320761,-0.42337987
1.0663,-0.17641765,-0.41803738
1.0664001,-0.18945312,-0.41228282
1.0664999,-0.20230119,-0.40612182
1.0666,-0.21494916,-0.39956048
1.0667,-0.22738457,-0.39260533
1.0668,-0.23959516,-0.38526323
1.0669,-0.25156888,-0.37754142
1.067,-0.26329395,-0.36944756
1.0671,-0.27475882,-0.36098963
1.0671999,-0.28595215,-0.35217601
1.0673,-0.29686293,-0.3430154
1.0674,-0.30748039,-0.33351687
1.0675,-0.31779411,-0.32368979
1.0676,-0.3277939,-0.31354389
1.0677,-0.33746988,-0.30308917
1.0678,-0.34681255,-0.29233596
1.0678999,-0.3558127,-0.28129488
1.068,-0.36446148,-0.26997688
1.0681,-0.37275034,-0.25839311
1.0682,-0.38067114,-0.24655499
1.0683,-0.38821611,-0.23447424
1.0684,-0.39537776,-0.22216278
1.0685,-0.40214908,-0.20963277
1.0686001,-0.40852341,-0.19689658
1.0687,-0.41449448,-0.1839668
1.0688,-0.42005637,-0.17085618
1.0689,-0.42520368,-0.15757766
1.069,-0.42993134,-0.14414437
1.0691,-0.43423465,-0.13056956
1.0692,-0.43810946,-0.11686663
1.0693001,-0.44155189,-0.1030491
1.0694,-0.44455862,-0.089130618
1.0695,-0.44712672,-0.075124912
1.0696,-0.44925362,-0.061045818
1.0697,-0.45093727,-0.046907213
1.0698,-0.45217603,-0.032723065
1.0699,-0.45296872,-0.018507365
1.0700001,-0.45331454,-0.0042741369
1.0700999,-0.45321319,0.0099625718
1.0702,-0.45266482,0.024188714
1.0703,-0.45166996,0.038390256
1.0704,-0.45022961,0.052553188
1.0705,-0.44834524,0.066663541
1.0706,-0.44601873,0.080707386
1.0707,-0.44325235,0.094670884
1.0707999,-0.44004893,0.10854025
1.0709,-0.43641162,0.12230182
1.071,-0.43234399,0.13594201
1.0711,-0.42785013,0.14944737
1.0712,-0.42293447,0.16280459
1.0713,-0.41760188,0.17600049
1.0714,-0.41185766,0.18902206
1.0714999,-0.40570748,0.20185648
1.0716,-0.39915743,0.21449107
1.0717,-0.39221403,0.22691339
1.0718,-0.38488415,0.2391112
1.0719,-0.37717497,0.25107247
1.072,-0.36909416,0.2627854
1.0721,-0.36064976,0.27423847
1.0721999,-0.35185003,0.28542039
1.0723,-0.34270376,0.29632014
1.0724,-0.33321995,0.30692697
1.0725,-0.32340795,0.31723043
1.0726,-0.31327748,0.32722041
1.0727,-0.30283859,0.33688703
1.0728,-0.29210156,0.34622079
1.0729001,-0.28107697,0.35521248
1.073,-0.26977578,0.36385328
1.0731,-0.25820911,0.37213466
1.0732,-0.24638841,0.38004845
1.0733,-0.23432533,0.38758692
1.0734,-0.2220318,0.39474261
1.0735,-0.20951997,0.40150851
1.0736001,-0.19680218,0.40787795
1.0737,-0.18389101,0.41384465
1.0738,-0.17079918,0.41940278
1.0739,-0.15753964,0.42454687
1.074,-0.14412548,0.42927185
1.0741,-0.13056992,0.4335731
1.0742,-0.11688637,0.43744642
1.0743001,-0.10308833,0.44088799
1.0743999,-0.08918941,0.44389442
1.0745,-0.075203329,0.44646278
1.0746,-0.061143905,0.44859061
1.0747,-0.047024999,0.45027575
1.0748,-0.032860551,0.45151666
1.0749,-0.018664535,0.45231205
1.075,-0.0044509582,0.45266125
1.0750999,0.009766154,0.45256385
1.0752,0.023972774,0.45202005
1.0753,0.038154889,0.45103034
1.0754,0.052298509,0.44959581
1.0755,0.06638968,0.44771785
1.0756,0.080414504,0.4453983
1.0757,0.094359145,0.44263956
1.0757999,0.10820986,0.43944433
1.0759,0.12195297,0.43581578
1.076,0.13557495,0.43175754
1.0761,0.14906235,0.42727363
1.0762,0.16240187,0.4223685
1.0763,0.17558037,0.41704699
1.0764,0.18858485,0.41131443
1.0765001,0.2014025,0.40517646
1.0766,0.21402067,0.39863917
1.0767,0.22642693,0.39170903
1.0768,0.23860906,0.38439289
1.0769,0.25055504,0.37669802
1.077,0.26225314,0.36863202
1.0771,0.27369177,0.36020285
1.0772001,0.28485969,0.35141888
1.0773,0.29574591,0.34228879
1.0774,0.30633971,0.33282161
1.0775,0.31663063,0.32302666
1.0776,0.32660854,0.31291369
1.0777,0.33626366,0.30249265
1.0778,0.34558642,0.29177386
1.0779001,0.35456768,0.28076789
1.0779999,0.36319861,0.26948565
1.0781,0.37147066,0.25793827
1.0782,0.37937576,0.24613714
1.0783,0.38690609,0.23409395
1.0784,0.39405426,0.22182059
1.0785,0.40081325,0.20932916
1.0786,0.40717641,0.19663203
1.0786999,0.41313747,0.18374172
1.0788,0.41869056,0.17067094
1.0789,0.42383027,0.15743265
1.079,0.42855155,0.14403987
1.0791,0.43284974,0.13050583
1.0792,0.43672064,0.11684392
1.0793,0.44016045,0.10306761
1.0793999,0.44316584,0.089190491
1.0795,0.44573382,0.07522627
1.0796,0.44786191,0.061188724
1.0797,0.44954801,0.047091704
1.0798,0.45079052,0.032949127
1.0799,0.45158824,0.018774949
1.08,0.45194042,0.0045831506
1.0801001,0.45184669,-0.0096122622
1.0802,0.45130721,-0.023797285
1.0803,0.45032251,-0.037957922
1.0804,0.44889364,-0.05208021
1.0805,0.44702199,-0.066150211
1.0806,0.44470945,-0.080154054
1.0807,0.44195834,-0.094077922
1.0808001,0.43877137,-0.10790809
1.0809,0.43515176,-0.12163091
1.081,0.43110305,-0.13523287
1.0811,0.4266293,-0.14870052
1.0812,0.42173496,-0.16202062
1.0813,0.41642484,-0.17518002
1.0814,0.41070426,-0.18816575
1.0815001,0.40457883,-0.200965
1.0816,0.39805466,-0.21356519
1.0817,0.39113823,-0.22595385
1.0818,0.38383633,-0.2381188
1.0819,0.37615621,-0.25004804
1.082,0.36810547,-0.26172984
1.0821,0.3596921,-0.27315268
1.0822001,0.3509244,-0.2843053
1.0822999,0.34181103,-0.29517671
1.0824,0.33236104,-0.30575621
1.0825,0.32258376,-0.31603336
1.0826,0.31248882,-0.32599807
1.0827,0.30208626,-0.33564052
1.0828,0.29138634,-0.34495121
1.0829,0.28039959,-0.35392097
1.0829999,0.26913694,-0.36254099
1.0831,0.25760946,-0.37080276
1.0832,0.24582854,-0.3786982
1.0833,0.23380587,-0.3862195
1.0834,0.22155328,-0.39335924
1.0835,0.20908289,-0.40011048
1.0836,0.19640702,-0.40646651
1.0836999,0.18353817,-0.41242114
1.0838,0.17048907,-0.41796845
1.0839,0.15727259,-0.42310306
1.084,0.1439018,-0.42781991
1.0841,0.13038987,-0.43211436
1.0842,0.11675017,-0.4359822
1.0843,0.10299614,-0.43941966
1.0844001,0.089141369,-0.44242334
1.0845,0.075199522,-0.44499034
1.0846,0.06118438,-0.44711813
1.0847,0.047109749,-0.44880465
1.0848,0.032989535,-0.45004824
1.0849,0.018837672,-0.45084774
1.085,0.0046681124,-0.45120236
1.0851001,-0.0095051555,-0.45111179
1.0852,-0.023668148,-0.45057616
1.0853,-0.037806895,-0.44959599
1.0854,-0.05190745,-0.44817227
1.0855,-0.0659559,-0.4463065
1.0856,-0.079938389,-0.44400048
1.0857,-0.093841136,-0.44125652
1.0858001,-0.10765041,-0.43807739
1.0858999,-0.12135261,-0.43446621
1.086,-0.13493422,-0.4304266
1.0861,-0.14838184,-0.42596254
1.0862,-0.16168222,-0.4210785
1.0863,-0.17482224,-0.41577929
1.0864,-0.18778896,-0.41007021
1.0865,-0.20056958,-0.40395686
1.0865999,-0.21315151,-0.39744532
1.0867,-0.22552234,-0.39054203
1.0868,-0.2376699,-0.38325387
1.0869,-0.2495822,-0.37558797
1.087,-0.26124749,-0.36755198
1.0871,-0.27265432,-0.35915384
1.0872,-0.28379139,-0.35040185
1.0872999,-0.29464778,-0.34130466
1.0874,-0.3052128,-0.33187127
1.0875,-0.315476,-0.32211101
1.0876,-0.32542726,-0.3120335
1.0877,-0.33505687,-0.30164877
1.0878,-0.34435526,-0.29096702
1.0879,-0.35331333,-0.27999884
1.0880001,-0.36192223,-0.26875505
1.0881,-0.37017348,-0.25724676
1.0882,-0.378059,-0.24548535
1.0883,-0.38557103,-0.23348245
1.0884,-0.39270213,-0.22124988
1.0885,-0.39944533,-0.20879973
1.0886,-0.40579396,-0.19614434
1.0887001,-0.41174182,-0.18329616
1.0888,-0.41728306,-0.17026788
1.0889,-0.42241225,-0.1570724
1.089,-0.42712429,-0.14372271
1.0891,-0.43141463,-0.13023201
1.0892,-0.43527901,-0.11661362
1.0893,-0.43871367,-0.10288097
1.0894001,-0.44171521,-0.089047626
1.0895,-0.44428074,-0.075127237
1.0896,-0.44640777,-0.061133545
1.0897,-0.44809413,-0.047080353
1.0898,-0.44933826,-0.032981537
1.0899,-0.45013896,-0.018851012
1.09,-0.45049542,-0.0047027119
1.0901,-0.45040736,0.0094493972
1.0901999,-0.44987488,0.023591353
1.0903,-0.44889846,0.037709203
1.0904,-0.44747922,0.051789023
1.0905,-0.44561848,0.065816924
1.0906,-0.44331813,0.079779059
1.0907,-0.44058049,0.093661673
1.0908,-0.43740824,0.10745106
1.0908999,-0.43380457,0.12113363
1.091,-0.42977303,0.13469587
1.0911,-0.42531767,0.14812443
1.0912,-0.42044288,0.16140606
1.0913,-0.41515347,0.17452766
1.0914,-0.4094547,0.18747629
1.0915,-0.40335223,0.20023921
1.0915999,-0.39685208,0.2128038
1.0917,-0.38996071,0.22515769
1.0918,-0.38268492,0.23728871
1.0919,-0.37503192,0.24918491
1.092,-0.36700925,0.26083454
1.0921,-0.35862491,0.27222613
1.0922,-0.34988713,0.28334847
1.0923001,-0.34080458,0.29419059
1.0924,-0.33138621,0.3047418
1.0925,-0.32164139,0.31499171
1.0926,-0.31157967,0.32493022
1.0927,-0.30121109,0.33454755
1.0928,-0.29054582,0.34383422
1.0929,-0.27959442,0.35278112
1.0930001,-0.26836774,0.36137938
1.0931,-0.25687683,0.36962056
1.0932,-0.24513304,0.37749657
1.0933,-0.23314801,0.38499963
1.0934,-0.22093354,0.39212239
1.0935,-0.20850171,0.3988578
1.0936,-0.1958648,0.40519926
1.0937001,-0.18303528,0.4111405
1.0937999,-0.17002581,0.41667575
1.0939,-0.15684927,0.42179951
1.094,-0.14351863,0.42650676
1.0941,-0.13004705,0.43079287
1.0942,-0.11644787,0.43465364
1.0943,-0.10273448,0.43808529
1.0944,-0.088920414,0.44108444
1.0944999,-0.075019322,0.44364819
1.0946,-0.061044924,0.44577399
1.0947,-0.047010999,0.44745976
1.0948,-0.03293141,0.44870391
1.0949,-0.018820044,0.44950518
1.095,-0.0046908231,0.44986284
1.0951,0.0094423061,0.4497765
1.0951999,0.0235654,0.44924635
1.0953,0.037664525,0.44827288
1.0954,0.051725775,0.44685709
1.0955,0.065735273,0.44500041
1.0956,0.079679199,0.44270465
1.0957,0.093543805,0.43997213
1.0958,0.10731541,0.43680558
1.0959001,0.12098042,0.43320808
1.096,0.13452537,0.42918327
1.0961,0.14793691,0.42473513
1.0962,0.16120179,0.41986805
1.0963,0.17430696,0.41458687
1.0964,0.18723947,0.40889677
1.0965,0.19998658,0.40280348
1.0966001,0.21253571,0.39631292
1.0967,0.2248745,0.3894316
1.0968,0.23699078,0.38216627
1.0969,0.24887261,0.37452415
1.097,0.26050827,0.36651278
1.0971,0.27188629,0.35814008
1.0972,0.28299546,0.34941435
1.0973001,0.29382485,0.34034419
1.0974,0.30436376,0.33093858
1.0975,0.31460181,0.32120681
1.0976,0.3245289,0.31115848
1.0977,0.33413529,0.30080357
1.0978,0.34341148,0.29015225
1.0979,0.35234833,0.27921507
1.098,0.36093706,0.26800287
1.0980999,0.36916921,0.25652665
1.0982,0.37703663,0.24479778
1.0983,0.38453165,0.23282787
1.0984,0.3916468,0.22062871
1.0985,0.39837515,0.20821235
1.0986,0.40471005,0.19559105
1.0987,0.41064525,0.18277729
1.0987999,0.41617495,0.16978368
1.0989,0.42129368,0.15662311
1.099,0.42599639,0.14330852
1.0991,0.43027851,0.12985307
1.0992,0.43413579,0.11627005
1.0993,0.43756449,0.10257287
1.0994,0.44056118,0.088775024
1.0994999,0.44312295,0.074890159
1.0996,0.44524729,0.060931966
1.0997,0.44693214,0.04691422
1.0998,0.44817582,0.032850757
1.0999,0.44897714,0.018755456
1.1,0.44933534,0.0046422249
1.1001,0.44925004,-0.0094750104
1.1002001,0.44872141,-0.023582317
1.1003,0.44774994,-0.037665781
1.1004,0.4463366,-0.051711503
1.1005,0.44448283,-0.065705627
1.1006,0.44219047,-0.079634346
1.1007,0.43946177,-0.093483925
1.1008,0.4362995,-0.10724069
1.1009001,0.43270674,-0.12089108
1.101,0.42868707,-0.13442163
1.1011,0.42424446,-0.14781898
1.1012,0.41938335,-0.16106993
1.1013,0.41410848,-0.17416142
1.1014,0.40842515,-0.18708052
1.1015,0.40233895,-0.19981448
1.1016001,0.39585587,-0.21235077
1.1016999,0.38898236,-0.224677
1.1018,0.38172522,-0.23678105
1.1019,0.3740916,-0.24865094
1.102,0.36608905,-0.26027501
1.1021,0.35772547,-0.27164176
1.1022,0.34900916,-0.28274
1.1023,0.33994871,-0.29355881
1.1023999,0.33055308,-0.30408749
1.1025,0.32083154,-0.31431568
1.1026,0.3107937,-0.32423329
1.1027,0.30044949,-0.33383057
1.1028,0.28980908,-0.34309801
1.1029,0.27888304,-0.35202652
1.103,0.26768214,-0.3606073
1.1030999,0.25621742,-0.36883187
1.1032,0.2445002,-0.37669212
1.1033,0.2325421,-0.38418037
1.1034,0.22035487,-0.39128914
1.1035,0.20795058,-0.39801154
1.1036,0.19534147,-0.40434086
1.1037,0.18253997,-0.4102709
1.1038001,0.16955872,-0.41579583
1.1039,0.15641056,-0.42091021
1.104,0.14310844,-0.42560902
1.1041,0.12966552,-0.42988759
1.1042,0.11609504,-0.43374175
1.1043,0.10241042,-0.4371677
1.1044,0.088625148,-0.44016206
1.1045001,0.074752837,-0.4427219
1.1046,0.060807176,-0.44484472
1.1047,0.046801925,-0.4465284
1.1048,0.032750912,-0.44777134
1.1049,0.018668005,-0.44857231
1.105,0.0045670914,-0.4489305
1.1051,-0.0095379082,-0.4488456
1.1052001,-0.023633074,-0.44831774
1.1052999,-0.037704501,-0.44734737
1.1054,-0.051738307,-0.44593552
1.1055,-0.06572064,-0.44408357
1.1056,-0.079637706,-0.44179338
1.1057,-0.093475774,-0.43906721
1.1058,-0.10722119,-0.43590778
1.1059,-0.1208604,-0.43231818
1.1059999,-0.13437994,-0.42830199
1.1061,-0.14776647,-0.42386317
1.1062,-0.16100681,-0.41900617
1.1063,-0.17408785,-0.41373569
1.1064,-0.18699674,-0.40805703
1.1065,-0.19972071,-0.40197578
1.1066,-0.21224722,-0.39549792
1.1066999,-0.22456393,-0.38862988
1.1068,-0.23665866,-0.38137847
1.1069,-0.2485195,-0.37375078
1.107,-0.26013476,-0.36575443
1.1071,-0.27149296,-0.35739729
1.1072,-0.28258291,-0.34868756
1.1073,-0.2933937,-0.33963394
1.1073999,-0.30391464,-0.33024532
1.1075,-0.31413531,-0.32053095
1.1076,-0.32404575,-0.31050044
1.1077,-0.33363608,-0.30016375
1.1078,-0.34289688,-0.28953099
1.1079,-0.35181904,-0.27861273
1.108,-0.36039373,-0.26741976
1.1081001,-0.36861253,-0.25596309
1.1082,-0.37646729,-0.24425401
1.1083,-0.38395032,-0.23230414
1.1084,-0.39105421,-0.22012524
1.1085,-0.39777195,-0.20772935
1.1086,-0.40409699,-0.19512869
1.1087,-0.410023,-0.18233572
1.1088001,-0.41554421,-0.16936305
1.1089,-0.42065513,-0.15622349
1.109,-0.42535079,-0.14293002
1.1091,-0.42962646,-0.12949573
1.1092,-0.43347806,-0.11593391
1.1093,-0.43690169,-0.10225794
1.1094,-0.43989402,-0.0884813
1.1095001,-0.44245213,-0.074617609
1.1095999,-0.44457349,-0.060680546
1.1097,-0.44625598,-0.046683852
1.1098,-0.44749796,-0.032641347
1.1099,-0.44829828,-0.018566892
1.11,-0.44865605,-0.0044743703
1.1101,-0.448571,0.0096223075
1.1102,-0.44804323,0.02370923
1.1102999,-0.44707319,0.037772499
1.1104,-0.4456619,0.051798236
1.1105,-0.44381079,0.0657726
1.1106,-0.44152164,0.079681806
1.1107,-0.43879673,0.093512125
1.1108,-0.43563876,0.10724992
1.1109,-0.43205085,0.12088161
1.1109999,-0.42803654,0.13439378
1.1111,-0.42359984,0.14777307
1.1112,-0.4187451,0.1610063
1.1113,-0.41347709,0.17408039
1.1114,-0.40780109,0.18698247
1.1115,-0.40172264,0.19969979
1.1116,-0.39524776,0.2122198
1.1117001,-0.38838285,0.22453016
1.1118,-0.38113472,0.23661873
1.1119,-0.37351048,0.24847357
1.112,-0.36551768,0.26008299
1.1121,-0.3571642,0.27143553
1.1122,-0.34845832,0.28252
1.1123,-0.33940861,0.29332545
1.1124001,-0.330024,0.30384126
1.1125,-0.32031378,0.31405702
1.1126,-0.31028751,0.32396266
1.1127,-0.2999551,0.33354843
1.1128,-0.28932676,0.34280482
1.1129,-0.27841297,0.35172275
1.113,-0.26722449,0.36029342
1.1131001,-0.25577238,0.36850834
1.1131999,-0.24406795,0.37635946
1.1133,-0.23212275,0.38383901
1.1134,-0.21994856,0.39093959
1.1135,-0.2075574,0.39765421
1.1136,-0.1949615,0.40397626
1.1137,-0.18217331,0.40989953
1.1138,-0.16920543,0.41541812
1.1138999,-0.15607065,0.42052662
1.114,-0.14278196,0.42522001
1.1141,-0.12935247,0.42949364
1.1142,-0.11579542,0.43334329
1.1143,-0.1021242,0.43676516
1.1144,-0.088352293,0.43975592
1.1145,-0.074493304,0.44231257
1.1145999,-0.060560904,0.44443262
1.1147,-0.046568837,0.44611397
1.1148,-0.032530915,0.44735497
1.1149,-0.018460998,0.44815442
1.115,-0.0043729628,0.44851148
1.1151,0.0097192852,0.44842583
1.1152,0.023801837,0.44789758
1.1153001,0.0378608,0.44692725
1.1154,0.051882297,0.44551575
1.1155,0.065852493,0.44366455
1.1156,0.079757594,0.4413754
1.1157,0.093583897,0.43865064
1.1158,0.10731774,0.4354929
1.1159,0.12094557,0.43190533
1.1160001,0.13445395,0.42789146
1.1161,0.14782955,0.42345527
1.1162,0.16105917,0.4186011
1.1163,0.17412974,0.41333377
1.1164,0.18702838,0.40765852
1.1165,0.19974235,0.4015809
1.1166,0.21225911,0.39510691
1.1167001,0.22456631,0.38824296
1.1168,0.23665181,0.38099581
1.1169,0.24850366,0.37337261
1.117,0.2601102,0.36538091
1.1171,0.27145994,0.3570286
1.1172,0.28254172,0.34832388
1.1173,0.29334456,0.33927536
1.1174001,0.30385783,0.32989201
1.1174999,0.31407115,0.32018304
1.1176,0.32397446,0.31015804
1.1177,0.33355793,0.29982695
1.1178,0.34281218,0.28919992
1.1179,0.35172802,0.27828744
1.118,0.36029667,0.26710027
1.1181,0.36850968,0.25564951
1.1181999,0.37635893,0.24394639
1.1183,0.38383669,0.2320025
1.1184,0.39093557,0.21982962
1.1185,0.39764857,0.20743975
1.1186,0.40396908,0.19484513
1.1187,0.40989083,0.18205819
1.1188,0.41540799,0.16909154
1.1188999,0.42051515,0.15595798
1.119,0.4252072,0.14267048
1.1191,0.42947957,0.12924214
1.1192,0.433328,0.11568622
1.1193,0.43674871,0.10201609
1.1194,0.43973836,0.08824525
1.1195,0.44229394,0.07438729
1.1196001,0.44441295,0.060455874
1.1197,0.44609332,0.04646476
1.1198,0.44733334,0.032427754
1.1199,0.44813183,0.018358711
1.12,0.448488,0.0042715087
1.1201,0.44840148,-0.0098199453
1.1202,0.44787234,-0.023901746
1.1203001,0.44690114,-0.037959997
1.1204,0.44548881,-0.051980823
1.1205,0.44363675,-0.065950386
1.1206,0.44134679,-0.079854906
1.1207,0.43862116,-0.09368065
1.1208,0.43546259,-0.10741398
1.1209,0.43187419,-0.12104135
1.1210001,0.42785946,-0.13454929
1.1210999,0.42342243,-0.1479245
1.1212,0.41856739,-0.16115373
1.1213,0.41329917,-0.17422397
1.1214,0.40762299,-0.18712232
1.1215,0.40154445,-0.19983602
1.1216,0.39506948,-0.21235254
1.1217,0.38820454,-0.22465952
1.1217999,0.38095641,-0.23674482
1.1219,0.37333217,-0.2485965
1.122,0.36533937,-0.26020288
1.1221,0.35698596,-0.2715525
1.1222,0.34828007,-0.28263414
1.1223,0.33923039,-0.29343688
1.1224,0.32984579,-0.30395004
1.1224999,0.32013553,-0.31416327
1.1226,0.31010923,-0.32406646
1.1227,0.29977676,-0.33364987
1.1228,0.2891483,-0.342904
1.1229,0.27823436,-0.35181972
1.123,0.26704571,-0.36038828
1.1231,0.25559336,-0.36860114
1.1232001,0.24388863,-0.37645024
1.1233,0.23194309,-0.38392785
1.1234,0.21976849,-0.39102653
1.1235,0.20737687,-0.39773932
1.1236,0.19478045,-0.40405956
1.1237,0.18199165,-0.40998104
1.1238,0.1690231,-0.41549787
1.1239001,0.15588759,-0.42060468
1.124,0.14259809,-0.42529631
1.1241,0.12916771,-0.42956823
1.1242,0.11560971,-0.43341619
1.1243,0.10193746,-0.43683633
1.1244,0.088164449,-0.43982536
1.1245,0.074304275,-0.44238028
1.1246001,0.06037062,-0.44449857
1.1247,0.04637723,-0.44617811
1.1248,0.032337911,-0.44741729
1.1249,0.018266525,-0.44821486
1.125,0.0041769524,-0.44856998
1.1251,-0.0099168979,-0.44848236
1.1252,-0.024001116,-0.44795209
1.1253,-0.038061805,-0.44697961
1.1253999,-0.052085087,-0.44556597
1.1255,-0.066057123,-0.44371247
1.1256,-0.079964116,-0.441421
1.1257,-0.093792349,-0.43869379
1.1258,-0.10752817,-0.43553352
1.1259,-0.12115802,-0.43194333
1.126,-0.13466845,-0.42792672
1.1260999,-0.14804612,-0.42348769
1.1262,-0.16127785,-0.4186306
1.1263,-0.17435053,-0.41336021
1.1264,-0.1872513,-0.40768176
1.1265,-0.1999674,-0.40160081
1.1266,-0.2124863,-0.39512339
1.1267,-0.22479562,-0.38825586
1.1267999,-0.23688324,-0.38100505
1.1269,-0.24873719,-0.37337801
1.127,-0.26034579,-0.36538234
1.1271,-0.27169758,-0.35702592
1.1272,-0.28278133,-0.34831697
1.1273,-0.29358613,-0.33926409
1.1274,-0.30410129,-0.32987618
1.1275001,-0.31431645,-0.32016256
1.1276,-0.32422152,-0.31013277
1.1277,-0.33380669,-0.29979673
1.1278,-0.34306252,-0.28916457
1.1279,-0.35197985,-0.27824688
1.128,-0.36054993,-0.26705438
1.1281,-0.36876422,-0.25559807
1.1282001,-0.37661466,-0.24388933
1.1283,-0.38409349,-0.23193967
1.1284,-0.39119333,-0.21976088
1.1285,-0.39790711,-0.20736498
1.1286,-0.40422827,-0.19476421
1.1287,-0.41015053,-0.181971
1.1288,-0.41566804,-0.16899796
1.1289001,-0.42077538,-0.15585789
1.1289999,-0.42546746,-0.14256379
1.1291,-0.42973962,-0.12912872
1.1292,-0.43358773,-0.115566
1.1293,-0.4370079,-0.10188898
1.1294,-0.43999678,-0.088111147
1.1295,-0.44255143,-0.074246123
1.1296,-0.44466931,-0.060307574
1.1296999,-0.44634828,-0.046309255
1.1298,-0.44758675,-0.032264989
1.1299,-0.44838342,-0.018188629
1.13,-0.44873753,-0.0040940694
1.1301,-0.44864872,0.010004779
1.1302,-0.44811708,0.024094002
1.1303,-0.44714311,0.038159695
1.1303999,-0.4457278,0.052187975
1.1305,-0.44387248,0.066165
1.1306,-0.44157898,0.080076963
1.1307,-0.43884963,0.09391015
1.1308,-0.43568704,0.10765089
1.1309,-0.43209434,0.12128563
1.131,-0.4280751,0.13480091
1.1311001,-0.42363325,0.14818339
1.1312,-0.41877314,0.16141985
1.1313,-0.41349962,0.17449725
1.1314,-0.40781787,0.18740265
1.1315,-0.40173343,0.20012331
1.1316,-0.39525238,0.21264669
1.1317,-0.38838106,0.22496043
1.1318001,-0.38112628,0.23705237
1.1319,-0.37349516,0.24891055
1.132,-0.36549523,0.26052329
1.1321,-0.35713437,0.27187911
1.1322,-0.34842086,0.28296679
1.1323,-0.33936325,0.29377538
1.1324,-0.32997051,0.30429423
1.1325001,-0.32025188,0.31451294
1.1325999,-0.31021696,0.32442144
1.1327,-0.29987565,0.33400989
1.1328,-0.28923813,0.34326887
1.1329,-0.27831489,0.35218921
1.133,-0.26711673,0.36076215
1.1331,-0.25565469,0.36897913
1.1332,-0.24394006,0.3768321
1.1332999,-0.23198442,0.38431332
1.1334,-0.21979955,0.39141533
1.1335,-0.20739746,0.39813113
1.1336,-0.19479042,0.40445414
1.1337,-0.18199085,0.41037804
1.1338,-0.16901135,0.41589704
1.1339,-0.15586479,0.42100564
1.1339999,-0.14256409,0.42569879
1.1341,-0.12912238,0.42997187
1.1342,-0.11555294,0.43382066
1.1343,-0.10186915,0.43724135
1.1344,-0.088084519,0.44023052
1.1345,-0.074212648,0.44278523
1.1346,-0.060267221,0.44490296
1.1346999,-0.046262,0.4465816
1.1348,-0.032210812,0.44781947
1.1349,-0.018127521,0.4486154
1.135,-0.0040260246,0.44896853
1.1351,0.010079758,0.4488785
1.1352,0.024175905,0.44834545
1.1353,0.038248505,0.44736984
1.1354001,0.052283671,0.44595265
1.1355,0.066267543,0.44409525
1.1356,0.080186322,0.44179949
1.1357,0.094026275,0.4390676
1.1358,0.10777374,0.43590227
1.1359,0.12141513,0.43230662
1.136,0.134937,0.4282842
1.1361001,0.14832599,0.42383897
1.1362,0.16156888,0.41897529
1.1363,0.17465261,0.41369796
1.1364,0.18756425,0.40801221
1.1365,0.20029107,0.40192357
1.1366,0.21282049,0.3954381
1.1367,0.22514014,0.38856217
1.1368001,0.23723786,0.38130257
1.1368999,0.2491017,0.37366641
1.137,0.26071995,0.36566129
1.1371,0.27208117,0.35729507
1.1372,0.28317407,0.34857598
1.1373,0.29398772,0.33951265
1.1374,0.30451149,0.33011401
1.1375,0.31473494,0.32038927
1.1375999,0.32464799,0.31034812
1.1377,0.33424082,0.3000004
1.1378,0.34350401,0.28935632
1.1379,0.35242838,0.27842638
1.138,0.3610051,0.26722139
1.1381,0.36922568,0.25575235
1.1382,0.37708205,0.24403064
1.1382999,0.38456643,0.23206778
1.1384,0.39167142,0.21987556
1.1385,0.39839,0.20746604
1.1386,0.40471554,0.19485144
1.1387,0.41064173,0.18204421
1.1388,0.41616279,0.169057
1.1389,0.42127323,0.15590261
1.1390001,0.42596799,0.14259402
1.1391,0.43024242,0.12914436
1.1392,0.43409231,0.11556692
1.1393,0.43751386,0.10187507
1.1394,0.44050363,0.088082328
1.1395,0.44305873,0.074202314
1.1396,0.44517657,0.060248725
1.1397001,0.44685507,0.046235323
1.1398,0.44809258,0.03217594
1.1399,0.44888783,0.018084453
1.14,0.44924006,0.0039747683
1.1401,0.44914889,-0.01013919
1.1402,0.44861442,-0.024243489
1.1403,0.44763714,-0.038324211
1.1404001,0.44621801,-0.05236746
1.1404999,0.44435847,-0.066359371
1.1406,0.44206026,-0.08028613
1.1407,0.43932569,-0.094133995
1.1408,0.43615746,-0.1078893
1.1409,0.43255866,-0.12153846
1.141,0.42853281,-0.135068
1.1411,0.42408392,-0.14846458
1.1411999,0.41921633,-0.16171494
1.1413,0.41393489,-0.17480604
1.1414,0.40824473,-0.18772493
1.1415,0.4021515,-0.20045887
1.1416,0.39566121,-0.21299526
1.1417,0.38878024,-0.22532175
1.1418,0.38151535,-0.23742618
1.1418999,0.37387374,-0.24929655
1.142,0.36586294,-0.26092118
1.1421,0.35749081,-0.27228856
1.1422,0.34876564,-0.28338751
1.1423,0.33969602,-0.29420704
1.1424,0.33029091,-0.30473644
1.1425,0.32055956,-0.31496534
1.1426001,0.31051156,-0.32488364
1.1427,0.30015686,-0.33448154
1.1428,0.28950563,-0.34374955
1.1429,0.27856839,-0.35267851
1.143,0.26735595,-0.36125964
1.1431,0.25587931,-0.36948439
1.1432,0.24414986,-0.3773447
1.1433001,0.23217915,-0.38483277
1.1434,0.21997896,-0.39194119
1.1435,0.20756134,-0.39866298
1.1436,0.19493856,-0.40499145
1.1437,0.18212305,-0.41092038
1.1438,0.16912746,-0.41644388
1.1439,0.15596463,-0.4215565
1.1440001,0.1426475,-0.42625317
1.1441,0.12918927,-0.43052927
1.1442,0.11560319,-0.43438056
1.1443,0.10190265,-0.43780321
1.1444,0.088101193,-0.44079387
1.1445,0.074212432,-0.44334954
1.1446,0.06025007,-0.44546771
1.1447001,0.046227884,-0.44714624
1.1447999,0.03215972,-0.44838351
1.1449,0.018059457,-0.44917828
1.145,0.0039410098,-0.44952974
1.1451,-0.010181686,-0.4494375
1.1452,-0.024294691,-0.44890171
1.1453,-0.03838408,-0.44792286
1.1454,-0.052435938,-0.44650188
1.1454999,-0.066436402,-0.44464019
1.1456,-0.080371656,-0.4423396
1.1457,-0.09422794,-0.43960238
1.1458,-0.10799157,-0.43643123
1.1459,-0.12164897,-0.43282923
1.146,-0.13518666,-0.42879996
1.1461,-0.14859125,-0.4243474
1.1461999,-0.16184954,-0.41947588
1.1463,-0.17494842,-0.41419026
1.1464,-0.18787497,-0.40849569
1.1465,-0.20061642,-0.40239781
1.1466,-0.21316019,-0.39590263
1.1467,-0.22549389,-0.38901654
1.1468,-0.23760535,-0.38174635
1.1469001,-0.24948262,-0.37409917
1.147,-0.26111394,-0.36608261
1.1471,-0.27248788,-0.35770452
1.1472,-0.28359315,-0.34897318
1.1473,-0.29441881,-0.33989722
1.1474,-0.30495414,-0.33048555
1.1475,-0.3151888,-0.32074746
1.1476001,-0.32511261,-0.31069258
1.1477,-0.33471581,-0.30033082
1.1478,-0.3439889,-0.28967234
1.1479,-0.35292271,-0.27872774
1.148,-0.36150843,-0.26750776
1.1481,-0.36973757,-0.25602347
1.1482,-0.37760201,-0.24428622
1.1483001,-0.38509399,-0.2323076
1.1483999,-0.39220604,-0.22009937
1.1485,-0.39893124,-0.20767362
1.1486,-0.40526283,-0.19504263
1.1487,-0.41119462,-0.18221879
1.1488,-0.41672075,-0.1692148
1.1489,-0.42183572,-0.15604348
1.149,-0.42653447,-0.14271782
1.1490999,-0.43081239,-0.12925099
1.1492,-0.43466523,-0.11565626
1.1493,-0.43808916,-0.10194705
1.1494,-0.44108081,-0.088136874
1.1495,-0.44363722,-0.074239381
1.1496,-0.44575584,-0.060268272
1.1497,-0.44743457,-0.046237338
1.1497999,-0.44867176,-0.032160431
1.1499,-0.44946617,-0.018051434
1.15,-0.449817,-0.0039242771
1.1501,-0.4497239,0.010207097
1.1502,-0.44918695,0.024328742
1.1503,-0.44820663,0.03842672
1.1504,-0.44678396,0.052487116
1.1505001,-0.44492033,0.066496052
1.1506,-0.44261751,0.080439702
1.1507,-0.43987781,0.094304301
1.1508,-0.43670392,0.10807616
1.1509,-0.43309897,0.12174169
1.151,-0.42906645,0.1352874
1.1511,-0.42461041,0.14869991
1.1512001,-0.41973519,0.161966
1.1513,-0.41444561,0.17507254
1.1514,-0.40874687,0.18800661
1.1515,-0.40264457,0.20075545
1.1516,-0.39614475,0.21330646
1.1517,-0.38925382,0.22564724
1.1518,-0.38197854,0.23776563
1.1519001,-0.37432611,0.24964964
1.152,-0.36630407,0.26128754
1.1521,-0.35792035,0.27266786
1.1522,-0.34918314,0.28377932
1.1523,-0.34010115,0.29461101
1.1524,-0.33068326,0.30515215
1.1525,-0.3209388,0.3153924
1.1526,-0.31087738,0.32532161
1.1526999,-0.30050892,0.33493
1.1528,-0.28984362,0.34420806
1.1529,-0.27889201,0.35314661
1.153,-0.26766494,0.36173686
1.1531,-0.2561734,0.36997029
1.1532,-0.2444288,0.37783879
1.1533,-0.23244269,0.38533458
1.1533999,-0.2202269,0.39245024
1.1535,-0.20779349,0.39917874
1.1536,-0.19515471,0.40551344
1.1537,-0.18232305,0.41144806
1.1538,-0.16931115,0.41697678
1.1539,-0.15613188,0.42209411
1.154,-0.1427982,0.42679495
1.1540999,-0.12932329,0.43107468
1.1542,-0.11572045,0.4349291
1.1543,-0.1020031,0.43835437
1.1544,-0.088184766,0.44134709
1.1545,-0.074279107,0.44390431
1.1546,-0.060299817,0.44602349
1.1547,-0.046260707,0.44770253
1.1548001,-0.032175634,0.44893977
1.1549,-0.018058494,0.44973397
1.155,-0.0039232173,0.45008433
1.1551,0.010216241,0.44999051
1.1552,0.024345927,0.44945261
1.1553,0.038451899,0.4484711
1.1554,0.052520227,0.44704697
1.1555001,0.06653703,0.44518164
1.1556,0.080488473,0.44287691
1.1557,0.094360784,0.44013503
1.1558,0.10814027,0.43695873
1.1559,0.12181332,0.43335113
1.156,0.13536645,0.42931578
1.1561,0.14878629,0.42485666
1.1562001,0.16205956,0.41997811
1.1562999,0.17517319,0.41468501
1.1564,0.18811421,0.40898255
1.1565,0.20086986,0.40287635
1.1566,0.21342753,0.39637241
1.1567,0.22577485,0.38947713
1.1568,0.2378996,0.38219735
1.1569,0.24978982,0.37454024
1.1569999,0.26143378,0.36651334
1.1571,0.27281997,0.35812452
1.1572,0.28393713,0.34938213
1.1573,0.29477432,0.34029475
1.1574,0.30532083,0.33087134
1.1575,0.31556621,0.32112122
1.1576,0.3255004,0.31105396
1.1576999,0.33511356,0.30067953
1.1578,0.34439614,0.29000816
1.1579,0.35333908,0.27905038
1.158,0.36193347,0.26781696
1.1581,0.37017086,0.25631902
1.1582,0.37804309,0.24456789
1.1583,0.38554236,0.23257516
1.1584001,0.39266133,0.22035266
1.1585,0.3993929,0.20791246
1.1586,0.40573049,0.19526683
1.1587,0.41166773,0.18242824
1.1588,0.41719887,0.16940936
1.1589,0.42231837,0.15622306
1.159,0.42702118,0.14288232
1.1591001,0.43130267,0.1294003
1.1592,0.43515858,0.11579033
1.1593,0.43858513,0.10206582
1.1594,0.44157889,0.088240318
1.1595,0.44413695,0.074327476
1.1596,0.44625673,0.060341015
1.1597,0.44793615,0.046294741
1.1598001,0.44917357,0.032202516
1.1599,0.44996768,0.018078247
1.16,0.45031777,0.0039358716
1.1601,0.45022345,-0.010210649
1.1602,0.44968483,-0.024347356
1.1603,0.44870239,-0.038460296
1.1604,0.44727713,-0.052535538
1.1605,0.44541043,-0.066559196
1.1605999,0.44310412,-0.080517419
1.1607,0.44036049,-0.094396435
1.1608,0.43718225,-0.10818254
1.1609,0.43357247,-0.12186214
1.161,0.42953476,-0.13542171
1.1611,0.42507309,-0.14884788
1.1612,0.42019182,-0.16212739
1.1612999,0.4148958,-0.17524715
1.1614,0.40919027,-0.18819419
1.1615,0.40308079,-0.20095572
1.1616,0.39657339,-0.21351916
1.1617,0.38967457,-0.2258721
1.1618,0.38239104,-0.23800234
1.1619,0.37472999,-0.24989793
1.1619999,0.36669904,-0.26154709
1.1621,0.35830605,-0.27293834
1.1622,0.34955931,-0.28406042
1.1623,0.34046748,-0.29490238
1.1624,0.33103949,-0.30545348
1.1625,0.32128462,-0.3157033
1.1626,0.31121257,-0.32564175
1.1627001,0.3008332,-0.33525899
1.1628,0.29015678,-0.34454554
1.1629,0.27919385,-0.3534922
1.163,0.26795521,-0.36209017
1.1631,0.25645196,-0.37033096
1.1632,0.24469543,-0.3782064
1.1633,0.23269723,-0.38570872
1.1634001,0.22046921,-0.39283055
1.1635,0.20802341,-0.39956477
1.1636,0.19537213,-0.40590483
1.1637,0.18252786,-0.4118444
1.1638,0.16950324,-0.41737762
1.1639,0.15631115,-0.42249906
1.164,0.1429646,-0.4272036
1.1641001,0.12947677,-0.43148664
1.1641999,0.11586095,-0.43534392
1.1643,0.10213058,-0.43877164
1.1644,0.088299215,-0.44176638
1.1645,0.074380517,-0.44432524
1.1646,0.060388196,-0.44644564
1.1647,0.046336077,-0.44812548
1.1648,0.032238029,-0.44936314
1.1648999,0.018107956,-0.45015734
1.165,0.0039598076,-0.45050731
1.1651,-0.010192451,-0.45041269
1.1652,-0.024334854,-0.4498736
1.1653,-0.038453445,-0.44889054
1.1654,-0.05253429,-0.44746447
1.1655,-0.066563487,-0.44559678
1.1655999,-0.080527194,-0.44328934
1.1657,-0.094411619,-0.44054443
1.1658,-0.10820308,-0.4373647
1.1659,-0.12188794,-0.43375331
1.166,-0.1354527,-0.42971385
1.1661,-0.14888398,-0.42525026
1.1662,-0.1621685,-0.42036694
1.1663001,-0.17529318,-0.41506872
1.1664,-0.18824504,-0.40936083
1.1665,-0.2010113,-0.40324888
1.1666,-0.21357936,-0.39673889
1.1667,-0.22593682,-0.38983732
1.1668,-0.23807147,-0.38255093
1.1669,-0.24997133,-0.37488693
1.1670001,-0.26162466,-0.36685291
1.1671,-0.27301997,-0.35845673
1.1672,-0.28414598,-0.34970668
1.1673,-0.29499173,-0.34061146
1.1674,-0.30554649,-0.33117998
1.1675,-0.31579986,-0.32142153
1.1676,-0.32574171,-0.31134582
1.1677001,-0.33536223,-0.30096272
1.1677999,-0.34465191,-0.29028249
1.1679,-0.35360157,-0.27931565
1.168,-0.36220241,-0.26807305
1.1681,-0.37044591,-0.25656578
1.1682,-0.37832391,-0.24480519
1.1683,-0.38582867,-0.23280287
1.1684,-0.39295277,-0.22057067
1.1684999,-0.3996892,-0.20812067
1.1686,-0.40603122,-0.19546515
1.1687,-0.41197267,-0.18261659
1.1688,-0.41750762,-0.16958767
1.1689,-0.42263061,-0.15639126
1.169,-0.42733657,-0.14304037
1.1691,-0.4316209,-0.12954818
1.1691999,-0.43547934,-0.11592799
1.1693,-0.43890807,-0.10219326
1.1694,-0.44190368,-0.088357531
1.1695,-0.44446328,-0.074434474
1.1696,-0.44658425,-0.06043781
1.1697,-0.44826457,-0.046381358
1.1698,-0.44950253,-0.032278996
1.1698999,-0.45029691,-0.018144634
1.17,-0.45064694,-0.0039922232
1.1701,-0.45055225,0.010164266
1.1702,-0.45001295,0.024310863
1.1703,-0.44902954,0.038433611
1.1704,-0.44760302,0.052518565
1.1705,-0.44573477,0.066551827
1.1706001,-0.44342664,0.08051955
1.1707,-0.44068089,0.094407938
1.1708,-0.43750027,0.1082033
1.1709,-0.43388784,0.12189201
1.171,-0.42984724,0.13546056
1.1711,-0.42538241,0.14889555
1.1712,-0.42049772,0.16218372
1.1713001,-0.41519806,0.17531197
1.1714,-0.40948862,0.18826732
1.1715,-0.40337503,0.201037
1.1716,-0.39686334,0.2136084
1.1717,-0.38995996,0.22596912
1.1718,-0.38267168,0.23810695
1.1719,-0.37500572,0.25000989
1.1720001,-0.36696962,0.26166624
1.1720999,-0.35857132,0.27306446
1.1722,-0.34981912,0.28419331
1.1723,-0.34072164,0.29504177
1.1724,-0.33128783,0.30559918
1.1725,-0.32152706,0.31585509
1.1726,-0.3114489,0.32579941
1.1727,-0.30106333,0.33542228
1.1727999,-0.29038057,0.34471419
1.1729,-0.2794112,0.35366604
1.173,-0.26816598,0.36226895
1.1731,-0.25665608,0.37051439
1.1732,-0.24489281,0.37839428
1.1733,-0.2328878,0.38590083
1.1734,-0.22065288,0.39302659
1.1734999,-0.20820013,0.39976457
1.1736,-0.19554184,0.40610811
1.1737,-0.1826905,0.4120509
1.1738,-0.16965879,0.41758713
1.1739,-0.1564596,0.42271131
1.174,-0.14310589,0.42741838
1.1741,-0.1296109,0.43170369
1.1742001,-0.11598791,0.43556303
1.1743,-0.10225038,0.43899256
1.1744,-0.088411868,0.44198889
1.1745,-0.074486025,0.44454911
1.1746,-0.060486592,0.44667062
1.1747,-0.046427388,0.44835138
1.1748,-0.032322295,0.4495897
1.1749001,-0.018185221,0.45038438
1.175,-0.0040301247,0.45073459
1.1751,0.010129024,0.45064002
1.1752,0.024278253,0.45010075
1.1753,0.0384036,0.4491173
1.1754,0.052491125,0.44769067
1.1755,0.06652692,0.44582224
1.1756001,0.080497131,0.44351384
1.1756999,0.094387978,0.44076777
1.1758,0.10818575,0.43758672
1.1759,0.12187683,0.43397385
1.176,0.1354477,0.42993271
1.1761,0.14888497,0.42546731
1.1762,0.16217537,0.420582
1.1763,0.17530581,0.41528162
1.1763999,0.1882633,0.40957147
1.1765,0.20103507,0.40345708
1.1766,0.2136085,0.39694452
1.1767,0.22597119,0.39004025
1.1768,0.23811094,0.38275102
1.1769,0.25001577,0.3750841
1.177,0.26167393,0.36704698
1.1770999,0.27307391,0.35864764
1.1772,0.28420445,0.34989434
1.1773,0.29505455,0.34079576
1.1774,0.30561358,0.33136082
1.1775,0.315871,0.32159886
1.1776,0.32581678,0.3115195
1.1777,0.33544108,0.30113271
1.1778001,0.34473437,0.29044873
1.1779,0.35368752,0.2794781
1.178,0.36229166,0.26823166
1.1781,0.37053832,0.25672045
1.1782,0.37841937,0.24495591
1.1783,0.38592699,0.2329496
1.1784,0.39305377,0.22071338
1.1785001,0.39979273,0.20825933
1.1786,0.4061372,0.19559975
1.1787,0.41208085,0.1827471
1.1788,0.41761792,0.16971409
1.1789,0.42274287,0.15651359
1.179,0.42745069,0.1431586
1.1791,0.43173668,0.12966231
1.1792001,0.43559664,0.11603805
1.1793,0.43902674,0.10229925
1.1794,0.44202363,0.088459484
1.1795,0.44458434,0.074532397
1.1796,0.44670632,0.060531743
1.1797,0.4483875,0.046471328
1.1798,0.44962621,0.032365043
1.1799001,0.45042124,0.018226793
1.1799999,0.45077175,0.0040705395
1.1801,0.45067748,-0.010089745
1.1802,0.45013845,-0.02424009
1.1803,0.44915524,-0.03836653
1.1804,0.44772878,-0.052455124
1.1805,0.44586051,-0.066491961
1.1806,0.44355226,-0.080463201
1.1806999,0.4408063,-0.094355054
1.1808,0.43762535,-0.1081538
1.1809,0.43401253,-0.12184582
1.181,0.42997146,-0.13541763
1.1811,0.42550606,-0.14885579
1.1812,0.42062077,-0.16214707
1.1813,0.4153204,-0.17527835
1.1813999,0.40961021,-0.18823667
1.1815,0.40349582,-0.20100923
1.1816,0.39698324,-0.21358342
1.1817,0.3900789,-0.22594687
1.1818,0.38278964,-0.23808734
1.1819,0.37512267,-0.24999286
1.182,0.36708552,-0.26165169
1.1821001,0.35868609,-0.2730523
1.1822,0.34993276,-0.28418347
1.1823,0.34083408,-0.29503423
1.1824,0.33139911,-0.30559379
1.1825,0.32163709,-0.31585181
1.1826,0.31155768,-0.32579812
1.1827,0.30117086,-0.33542293
1.1828001,0.29048681,-0.34471676
1.1829,0.27951616,-0.35367039
1.183,0.26826969,-0.362275
1.1831,0.25675848,-0.37052211
1.1832,0.24499393,-0.37840357
1.1833,0.23298763,-0.38591164
1.1834,0.22075142,-0.39303887
1.1835001,0.2082974,-0.39977822
1.1835999,0.19563785,-0.40612307
1.1837,0.18278526,-0.41206715
1.1838,0.16975231,-0.41760457
1.1839,0.15655188,-0.42272991
1.184,0.143197,-0.42743808
1.1841,0.12970082,-0.43172443
1.1842,0.11607668,-0.43558478
1.1842999,0.10233802,-0.43901527
1.1844,0.088498406,-0.44201252
1.1845,0.07457149,-0.44457358
1.1846,0.060571015,-0.44669595
1.1847,0.046510801,-0.44837749
1.1848,0.032404725,-0.44961658
1.1849,0.018266702,-0.45041201
1.1849999,0.0041106883,-0.45076293
1.1851,-0.010049343,-0.45066905
1.1852,-0.024199422,-0.45013043
1.1853,-0.038325585,-0.44914764
1.1854,-0.052413885,-0.44772163
1.1855,-0.066450424,-0.44585383
1.1856,-0.080421351,-0.44354603
1.1857001,-0.094312876,-0.44080058
1.1858,-0.10811129,-0.43762013
1.1859,-0.12180299,-0.43400782
1.186,-0.13537443,-0.42996728
1.1861,-0.14881225,-0.42550248
1.1862,-0.16210318,-0.42061776
1.1863,-0.17523409,-0.41531801
1.1864001,-0.18819204,-0.40960845
1.1865,-0.20096424,-0.40349469
1.1866,-0.21353808,-0.39698279
1.1867,-0.22590116,-0.39007917
1.1868,-0.23804127,-0.38279065
1.1869,-0.24994643,-0.37512439
1.187,-0.26160491,-0.36708802
1.1871001,-0.27300519,-0.35868943
1.1872,-0.284136,-0.3499369
1.1873,-0.2949864,-0.34083912
1.1874,-0.30554566,-0.33140501
1.1875,-0.31580338,-0.32164389
1.1876,-0.3257494,-0.31156546
1.1877,-0.33537394,-0.30117959
1.1878,-0.34466746,-0.29049656
1.1878999,-0.35362086,-0.27952689
1.188,-0.36222523,-0.26828146
1.1881,-0.37047213,-0.25677133
1.1882,-0.37835345,-0.24500789
1.1883,-0.38586134,-0.23300271
1.1884,-0.39298841,-0.22076766
1.1885,-0.39972767,-0.20831482
1.1885999,-0.40607244,-0.19565646
1.1887,-0.41201645,-0.18280511
1.1888,-0.41755384,-0.16977341
1.1889,-0.42267922,-0.15657425
1.189,-0.42738742,-0.14322065
1.1891,-0.43167385,-0.12972577
1.1892,-0.4355343,-0.11610296
1.1892999,-0.43896493,-0.10236565
1.1894,-0.44196239,-0.088527396
1.1895,-0.44452369,-0.074601859
1.1896,-0.44664633,-0.060602769
1.1897,-0.4483282,-0.046543956
1.1898,-0.44956765,-0.032439295
1.1899,-0.45036343,-0.018302694
1.1900001,-0.45071483,-0.0041481131
1.1901,-0.45062143,0.01001048
1.1902,-0.45008337,0.024159117
1.1903,-0.44910115,0.038283832
1.1904,-0.44767579,0.052370686
1.1905,-0.44580865,0.066405781
1.1906,-0.44350159,0.080375262
1.1907001,-0.44075692,0.094265342
1.1908,-0.43757731,0.10806232
1.1909,-0.43396592,0.12175258
1.191,-0.42992631,0.13532262
1.1911,-0.42546245,0.14875902
1.1912,-0.42057881,0.16204855
1.1913,-0.41528013,0.17517808
1.1914001,-0.40957174,0.18813467
1.1914999,-0.40345916,0.20090552
1.1916,-0.39694852,0.21347804
1.1917,-0.39004618,0.22583982
1.1918,-0.382759,0.23797865
1.1919,-0.37509418,0.24988256
1.192,-0.36705926,0.26153982
1.1921,-0.35866216,0.27293891
1.1921999,-0.34991118,0.28406858
1.1923,-0.34081498,0.29491785
1.1924,-0.33138251,0.30547604
1.1925,-0.32162312,0.31573269
1.1926,-0.31154639,0.32567772
1.1927,-0.3011623,0.33530128
1.1928,-0.29048109,0.34459391
1.1928999,-0.27951333,0.35354644
1.193,-0.26826981,0.36214998
1.1931,-0.25676161,0.37039614
1.1932,-0.24500015,0.37827671
1.1933,-0.23299702,0.38578394
1.1934,-0.22076401,0.39291039
1.1935,-0.20831327,0.39964911
1.1936001,-0.19565704,0.40599337
1.1937,-0.18280785,0.41193697
1.1938,-0.16977833,0.417474
1.1939,-0.15658139,0.42259905
1.194,-0.14323002,0.42730701
1.1941,-0.12973742,0.43159327
1.1942,-0.11611689,0.43545362
1.1943001,-0.10238188,0.4388842
1.1944,-0.088545941,0.44188169
1.1945,-0.074622735,0.44444308
1.1946,-0.060625993,0.4465659
1.1947,-0.046569537,0.448248
1.1948,-0.032467239,0.44948775
1.1949,-0.018333007,0.45028394
1.1950001,-0.004180795,0.45063579
1.1950999,0.0099754268,0.45054293
1.1952,0.024121694,0.45000547
1.1953,0.038244046,0.44902396
1.1954,0.052328542,0.44759935
1.1955,0.066361286,0.44573304
1.1956,0.080328435,0.44342691
1.1957,0.094216198,0.44068322
1.1957999,0.10801087,0.43750468
1.1959,0.12169885,0.43389443
1.196,0.13526662,0.42985603
1.1961,0.14870079,0.42539349
1.1962,0.16198811,0.42051119
1.1963,0.17511547,0.41521397
1.1964,0.18806991,0.40950707
1.1964999,0.20083866,0.4033961
1.1966,0.21340911,0.39688709
1.1967,0.22576885,0.38998652
1.1968,0.2379057,0.38270113
1.1969,0.24980769,0.37503818
1.197,0.26146305,0.3670052
1.1971,0.27286029,0.35861009
1.1971999,0.28398818,0.3498612
1.1973,0.29483572,0.34076715
1.1974,0.30539221,0.33133686
1.1975,0.31564727,0.32157972
1.1976,0.32559073,0.31150532
1.1977,0.33521283,0.30112359
1.1978,0.34450403,0.29044482
1.1979001,0.35345519,0.27947953
1.198,0.36205748,0.26823854
1.1981,0.37030241,0.25673294
1.1982,0.37818184,0.24497412
1.1983,0.38568801,0.23297365
1.1984,0.3928135,0.22074337
1.1985,0.39955133,0.20829538
1.1986001,0.40589479,0.19564195
1.1987,0.41183764,0.18279557
1.1988,0.41737401,0.16976893
1.1989,0.42249849,0.15657488
1.199,0.42720598,0.14322643
1.1991,0.43149188,0.12973677
1.1992,0.43535191,0.11611921
1.1993001,0.4387823,0.10238717
1.1993999,0.44177964,0.088554241
1.1995,0.44434103,0.074634045
1.1996,0.44646388,0.060640331
1.1997,0.44814616,0.046586905
1.1998,0.44938618,0.032487638
1.1999,0.45018274,0.018356446
1.2,0.45053503,0.0042072763
1.2,0.45053503,0.0042072763
1.2000999,0.45044276,-0.009945523
1.2002,0.44990596,-0.024088135
1.2003,0.44892523,-0.038207173
1.2004,0.44750151,-0.052288584
1.2005,0.44563633,-0.066318259
1.2006,0.44333157,-0.080282323
1.2007,0.44058946,-0.094166897
1.2007999,0.43741265,-0.10795826
1.2009,0.43380421,-0.12164279
1.201,0.42976791,-0.13520703
1.2011,0.42530757,-0.14863753
1.2012,0.42042756,-0.16192104
1.2013,0.41513285,-0.17504449
1.2014,0.40942854,-0.1879949
1.2015001,0.40332022,-0.20075943
1.2016,0.39681408,-0.21332559
1.2017,0.3899166,-0.22568089
1.2018,0.38263473,-0.23781307
1.2019,0.37497547,-0.24971034
1.202,0.36694652,-0.26136082
1.2021,0.35855588,-0.27275294
1.2022001,0.34981176,-0.28387567
1.2023,0.34072289,-0.29471794
1.2024,0.33129835,-0.30526891
1.2025,0.32154733,-0.31551841
1.2026,0.31147951,-0.32545626
1.2027,0.30110496,-0.33507255
1.2028,0.29043385,-0.34435794
1.2029001,0.27947673,-0.35330328
1.2029999,0.26824453,-0.36189967
1.2031,0.25674838,-0.37013867
1.2032,0.24499954,-0.37801221
1.2033,0.23300977,-0.38551247
1.2034,0.22079088,-0.39263213
1.2035,0.20835495,-0.39936417
1.2036,0.19571428,-0.40570202
1.2036999,0.18288139,-0.41163945
1.2038,0.16986892,-0.41717061
1.2039,0.15668978,-0.42229009
1.204,0.14335696,-0.42699292
1.2041,0.12988366,-0.43127447
1.2042,0.11628319,-0.43513057
1.2043,0.10256901,-0.43855742
1.2043999,0.088754646,-0.44155172
1.2045,0.074853778,-0.44411054
1.2046,0.060880143,-0.4462314
1.2047,0.046847533,-0.44791222
1.2048,0.032769825,-0.44915143
1.2049,0.018660929,-0.44994786
1.205,0.0045347689,-0.45030075
1.2051001,-0.0095947022,-0.45020983
1.2052,-0.023713535,-0.4496752
1.2053,-0.037807785,-0.44869748
1.2054,-0.051863551,-0.44727769
1.2055,-0.065866955,-0.44541728
1.2056,-0.079804175,-0.44311816
1.2057,-0.093661465,-0.4403826
1.2058001,-0.10742516,-0.43721342
1.2059,-0.12108167,-0.43361378
1.206,-0.13461754,-0.4295873
1.2061,-0.1480194,-0.425138
1.2062,-0.16127408,-0.42027032
1.2063,-0.17436847,-0.41498914
1.2064,-0.18728969,-0.40929973
1.2065001,-0.20002499,-0.40320775
1.2066,-0.21256186,-0.39671928
1.2067,-0.22488792,-0.38984081
1.2068,-0.23699105,-0.38257915
1.2069,-0.24885933,-0.37494153
1.207,-0.26048109,-0.36693555
1.2071,-0.27184489,-0.35856918
1.2072001,-0.28293952,-0.34985071
1.2072999,-0.29375413,-0.34078881
1.2074,-0.30427808,-0.3313925
1.2075,-0.31450096,-0.32167107
1.2076,-0.32441282,-0.31163415
1.2077,-0.33400387,-0.30129176
1.2078,-0.34326467,-0.29065412
1.2079,-0.35218623,-0.27973178
1.2079999,-0.36075971,-0.26853558
1.2081,-0.36897674,-0.25707659
1.2082,-0.37682927,-0.24536617
1.2083,-0.38430962,-0.23341593
1.2084,-0.39141047,-0.22123769
1.2085,-0.39812484,-0.20884351
1.2086,-0.40444624,-0.19624569
1.2086999,-0.41036841,-0.18345663
1.2088,-0.41588566,-0.17048904
1.2089,-0.42099258,-0.15735574
1.209,-0.42568421,-0.14406972
1.2091,-0.42995599,-0.13064408
1.2092,-0.4338038,-0.11709215
1.2093,-0.43722388,-0.10342728
1.2094001,-0.44021294,-0.089662991
1.2095,-0.44276816,-0.075812891
1.2096,-0.44488704,-0.061890647
1.2097,-0.44656762,-0.04791002
1.2098,-0.4478083,-0.033884812
1.2099,-0.44860792,-0.019828865
1.21,-0.44896582,-0.0057560597
1.2101001,-0.44888172,0.008319716
1.2102,-0.44835576,0.022384578
1.2103,-0.44738856,0.036424648
1.2104,-0.44598117,0.050426081
1.2105,-0.44413507,0.064375073
1.2106,-0.44185212,0.078257866
1.2107,-0.43913475,0.092060782
1.2108001,-0.43598565,0.10577022
1.2108999,-0.43240803,0.11937267
1.211,-0.42840555,0.13285474
1.2111,-0.4239822,0.14620315
1.2112,-0.41914245,0.15940475
1.2113,-0.41389117,0.17244658
1.2114,-0.40823358,0.18531577
1.2115,-0.4021754,0.19799969
1.2115999,-0.39572269,0.21048583
1.2117,-0.38888186,0.22276196
1.2118,-0.38165975,0.23481597
1.2119,-0.37406358,0.24663605
1.212,-0.36610094,0.2582106
1.2121,-0.35777974,0.26952821
1.2122,-0.34910828,0.28057781
1.2122999,-0.34009519,0.29134855
1.2124,-0.33074942,0.30182984
1.2125,-0.32108027,0.31201145
1.2126,-0.31109735,0.32188338
1.2127,-0.30081058,0.33143595
1.2128,-0.29023018,0.34065986
1.2129,-0.27936667,0.34954602
1.2130001,-0.2682308,0.35808578
1.2131,-0.25683361,0.36627081
1.2132,-0.24518645,0.37409309
1.2133,-0.23330081,0.38154498
1.2134,-0.22118849,0.38861921
1.2135,-0.20886151,0.39530894
1.2136,-0.19633205,0.40160763
1.2137001,-0.18361254,0.40750915
1.2138,-0.17071556,0.4130078
1.2139,-0.15765385,0.41809824
1.214,-0.14444038,0.42277551
1.2141,-0.1310882,0.42703515
1.2142,-0.11761048,0.43087304
1.2143,-0.10402059,0.43428549
1.2144001,-0.090331942,0.43726924
1.2145,-0.076558061,0.43982145
1.2146,-0.062712558,0.44193971
1.2147,-0.0488091,0.44362205
1.2148,-0.034861423,0.4448669
1.2149,-0.020883286,0.44567311
1.215,-0.0068884939,0.44604006
1.2151,0.0071091526,0.44596747
1.2151999,0.021095846,0.44545549
1.2153,0.035057791,0.4445048
1.2154,0.048981223,0.44311637
1.2155,0.06285242,0.44129175
1.2156,0.076657712,0.43903279
1.2157,0.0903835,0.43634188
1.2158,0.10401627,0.43322176
1.2158999,0.11754259,0.42967561
1.216,0.13094915,0.42570704
1.2161,0.14422275,0.42132008
1.2162,0.15735036,0.41651917
1.2163,0.17031904,0.41130915
1.2164,0.18311603,0.40569523
1.2165,0.19572879,0.39968312
1.2165999,0.20814492,0.39327881
1.2167,0.22035219,0.38648871
1.2168,0.23233864,0.37931964
1.2169,0.24409249,0.37177876
1.217,0.25560224,0.36387363
1.2171,0.26685655,0.3556121
1.2172,0.27784446,0.34700248
1.2173001,0.28855512,0.33805326
1.2174,0.29897809,0.32877344
1.2175,0.30910316,0.31917223
1.2176,0.3189204,0.30925918
1.2177,0.32842022,0.29904416
1.2178,0.33759335,0.28853735
1.2179,0.34643081,0.27774915
1.2180001,0.35492399,0.26669031
1.2181,0.36306459,0.25537181
1.2182,0.37084466,0.24380484
1.2183,0.37825665,0.23200093
1.2184,0.38529333,0.21997178
1.2185,0.3919479,0.20772929
1.2186,0.39821383,0.19528563
1.2187001,0.4040851,0.18265311
1.2187999,0.40955603,0.16984425
1.2189,0.41462126,0.15687172
1.219,0.419276,0.14374839
1.2191,0.42351574,0.13048722
1.2192,0.42733636,0.11710134
1.2193,0.43073425,0.103604
1.2194,0.43370616,0.090008527
1.2194999,0.43624932,0.076328374
1.2196,0.43836126,0.062577061
1.2197,0.44004008,0.04876817
1.2198,0.44128421,0.034915339
1.2199,0.44209257,0.021032251
1.22,0.44246444,0.0071326098
1.2201,0.44239962,-0.0067698681
1.2201999,0.44189829,-0.020661464
1.2203,0.44096103,-0.034528475
1.2204,0.4395889,-0.048357226
1.2205,0.43778339,-0.062134087
1.2206,0.43554643,-0.07584548
1.2207,0.43288025,-0.089477882
1.2208,0.4297877,-0.10301788
1.2209001,0.42627192,-0.11645214
1.221,0.42233646,-0.12976743
1.2211,0.41798535,-0.14295064
1.2212,0.413223,-0.15598881
1.2213,0.40805423,-0.16886911
1.2214,0.40248424,-0.18157887
1.2215,0.39651865,-0.19410561
1.2216001,0.39016345,-0.20643701
1.2217,0.38342503,-0.21856095
1.2218,0.37631011,-0.23046555
1.2219,0.36882585,-0.24213909
1.222,0.36097974,-0.25357014
1.2221,0.35277963,-0.2647475
1.2222,0.34423366,-0.27566016
1.2223001,0.33535039,-0.28629747
1.2224,0.32613873,-0.29664901
1.2225,0.31660777,-0.30670461
1.2226,0.30676708,-0.31645444
1.2227,0.29662642,-0.32588902
1.2228,0.2861959,-0.33499905
1.2229,0.27548587,-0.34377566
1.223,0.26450703,-0.35221031
1.2230999,0.25327021,-0.36029473
1.2232,0.24178663,-0.36802104
1.2233,0.23006767,-0.37538174
1.2234,0.21812497,-0.38236967
1.2235,0.20597038,-0.388978
1.2236,0.19361594,-0.39520034
1.2237,0.18107392,-0.40103066
1.2237999,0.16835675,-0.40646333
1.2239,0.155477,-0.41149303
1.224,0.14244746,-0.41611499
1.2241,0.129281,-0.42032471
1.2242,0.11599068,-0.42411816
1.2243,0.10258966,-0.42749172
1.2244,0.089091159,-0.43044218
1.2244999,0.075508565,-0.43296674
1.2246,0.061855283,-0.435063
1.2247,0.048144821,-0.43672904
1.2248,0.034390721,-0.43796334
1.2249,0.020606579,-0.43876478
1.225,0.0068060025,-0.43913269
1.2251,-0.0069973795,-0.4390668
1.2252001,-0.02078994,-0.43856737
1.2253,-0.034558069,-0.43763492
1.2254,-0.048288181,-0.43627056
1.2255,-0.061966736,-0.43447572
1.2256,-0.075580239,-0.43225232
1.2257,-0.089115284,-0.42960262
1.2258,-0.10255852,-0.42652938
1.2259001,-0.11589669,-0.42303577
1.226,-0.12911668,-0.41912532
1.2261,-0.14220546,-0.41480201
1.2262,-0.15515015,-0.41007024
1.2263,-0.16793798,-0.40493476
1.2264,-0.18055642,-0.39940077
1.2265,-0.19299302,-0.39347383
1.2266001,-0.20523556,-0.38715991
1.2266999,-0.21727201,-0.38046536
1.2268,-0.22909056,-0.37339684
1.2269,-0.24067956,-0.36596146
1.227,-0.25202766,-0.35816669
1.2271,-0.26312372,-0.35002026
1.2272,-0.27395684,-0.34153035
1.2273,-0.28451639,-0.33270541
1.2273999,-0.29479203,-0.32355425
1.2275,-0.30477369,-0.31408599
1.2276,-0.31445161,-0.30431005
1.2277,-0.32381627,-0.29423621
1.2278,-0.33285856,-0.28387442
1.2279,-0.34156957,-0.27323505
1.228,-0.34994087,-0.26232865
1.2280999,-0.35796422,-0.25116608
1.2282,-0.36563179,-0.23975839
1.2283,-0.37293616,-0.22811693
1.2284,-0.37987015,-0.21625325
1.2285,-0.38642704,-0.20417914
1.2286,-0.39260045,-0.19190654
1.2287,-0.39838436,-0.17944765
1.2288001,-0.40377319,-0.1668148
1.2289,-0.40876171,-0.15402052
1.229,-0.4133451,-0.14107749
1.2291,-0.41751894,-0.1279985
1.2292,-0.42127922,-0.11479654
1.2293,-0.42462233,-0.10148465
1.2294,-0.42754504,-0.088076003
1.2295001,-0.43004462,-0.074583881
1.2296,-0.43211865,-0.061021607
1.2297,-0.43376526,-0.047402602
1.2298,-0.4349829,-0.03374033
1.2299,-0.43577048,-0.020048287
1.23,-0.43612731,-0.0063400022
1.2301,-0.43605316,0.00737098
1.2302001,-0.43554822,0.021071125
1.2302999,-0.43461308,0.0347469
1.2304,-0.43324879,0.048384815
1.2305,-0.43145677,0.061971404
1.2306,-0.42923892,0.075493269
1.2307,-0.42659754,0.088937066
1.2308,-0.42353532,0.10228954
1.2309,-0.42005542,0.11553753
1.2309999,-0.41616136,0.12866798
1.2311,-0.41185707,0.14166796
1.2312,-0.40714693,0.15452464
1.2313,-0.40203568,0.16722538
1.2314,-0.39652845,0.17975767
1.2315,-0.39063081,0.19210915
1.2316,-0.38434863,0.20426771
1.2316999,-0.37768826,0.21622136
1.2318,-0.37065631,0.22795834
1.2319,-0.36325985,0.23946713
1.232,-0.35550627,0.25073642
1.2321,-0.34740329,0.26175508
1.2322,-0.33895904,0.27251238
1.2323,-0.3301819,0.2829977
1.2323999,-0.32108063,0.29320073
1.2325,-0.31166425,0.30311149
1.2326,-0.30194223,0.3127203
1.2327,-0.29192418,0.32201767
1.2328,-0.28162006,0.33099452
1.2329,-0.27104014,0.33964205
1.233,-0.2601949,0.3479518
1.2331001,-0.24909513,0.35591567
1.2332,-0.23775187,0.36352581
1.2333,-0.22617635,0.37077484
1.2334,-0.21438006,0.37765566
1.2335,-0.20237473,0.38416156
1.2336,-0.19017221,0.39028621
1.2337,-0.17778465,0.3960236
1.2338001,-0.16522431,0.40136823
1.2339,-0.15250362,0.40631485
1.234,-0.13963519,0.41085866
1.2341,-0.12663178,0.41499528
1.2342,-0.11350624,0.41872075
1.2343,-0.10027156,0.4220314
1.2344,-0.086940855,0.42492414
1.2345001,-0.073527299,0.42739612
1.2345999,-0.060044162,0.42944506
1.2347,-0.046504784,0.43106899
1.2348,-0.032922544,0.43226641
1.2349,-0.019310869,0.43303621
1.235,-0.0056832125,0.43337777
1.2351,0.0079469644,0.43329078
1.2352,0.021566197,0.43277547
1.2352999,0.035161033,0.43183243
1.2354,0.04871805,0.43046266
1.2355,0.062223867,0.4286676
1.2356,0.075665146,0.42644918
1.2357,0.089028634,0.42380959
1.2358,0.10230114,0.42075157
1.2359,0.11546957,0.41727823
1.2359999,0.12852094,0.41339305
1.2361,0.14144239,0.40910003
1.2362,0.15422118,0.40440342
1.2363,0.1668447,0.39930797
1.2364,0.17930052,0.39381877
1.2365,0.19157638,0.38794139
1.2366,0.20366018,0.38168165
1.2367001,0.21554002,0.37504581
1.2368,0.22720422,0.36804056
1.2369,0.23864128,0.36067283
1.237,0.24983996,0.35295001
1.2371,0.26078925,0.34487978
1.2372,0.27147835,0.33647016
1.2373,0.2818968,0.32772958
1.2374001,0.29203433,0.3186667
1.2375,0.30188099,0.30929056
1.2376,0.31142709,0.29961044
1.2377,0.32066327,0.28963599
1.2378,0.32958046,0.27937713
1.2379,0.33816993,0.26884407
1.238,0.34642324,0.25804719
1.2381001,0.35433233,0.24699727
1.2381999,0.36188939,0.23570526
1.2383,0.36908707,0.22418234
1.2384,0.37591833,0.21243997
1.2385,0.38237643,0.20048977
1.2386,0.38845512,0.18834358
1.2387,0.39414847,0.17601347
1.2388,0.39945087,0.16351162
1.2388999,0.40435719,0.15085042
1.239,0.40886265,0.13804241
1.2391,0.41296285,0.12510026
1.2392,0.41665384,0.11203679
1.2393,0.41993204,0.098864935
1.2394,0.42279425,0.085597724
1.2395,0.42523777,0.072248273
1.2395999,0.42726022,0.058829788
1.2397,0.42885971,0.045355543
1.2398,0.4300347,0.031838857
1.2399,0.43078411,0.018293092
1.24,0.43110728,0.004731637
1.2401,0.43100396,-0.008832111
1.2402,0.43047431,-0.022384746
1.2403001,0.42951894,-0.035912883
1.2404,0.42813888,-0.049403157
1.2405,0.42633554,-0.06284225
1.2406,0.42411077,-0.076216891
1.2407,0.42146686,-0.089513876
1.2408,0.41840646,-0.10272007
1.2409,0.4149327,-0.11582246
1.2410001,0.41104904,-0.12880811
1.2411,0.40675941,-0.14166419
1.2412,0.40206808,-0.15437806
1.2413,0.39697981,-0.16693713
1.2414,0.39149961,-0.17932905
1.2415,0.38563302,-0.1915416
1.2416,0.37938589,-0.20356272
1.2417001,0.37276441,-0.21538058
1.2418,0.36577523,-0.22698355
1.2419,0.35842526,-0.23836017
1.242,0.35072184,-0.24949923
1.2421,0.34267268,-0.26038978
1.2422,0.33428571,-0.2710211
1.2423,0.3255693,-0.28138271
1.2424001,0.31653211,-0.29146442
1.2424999,0.30718312,-0.3012563
1.2426,0.2975316,-0.31074873
1.2427,0.28758717,-0.31993234
1.2428,0.27735963,-0.32879815
1.2429,0.26685917,-0.33733743
1.243,0.25609621,-0.34554178
1.2431,0.24508139,-0.35340312
1.2431999,0.23382565,-0.36091378
1.2433,0.22234015,-0.36806634
1.2434,0.21063626,-0.37485382
1.2435,0.19872557,-0.38126954
1.2436,0.18661988,-0.38730723
1.2437,0.17433119,-0.39296094
1.2438,0.16187164,-0.39822513
1.2438999,0.14925358,-0.40309471
1.244,0.13648951,-0.40756491
1.2441,0.12359203,-0.41163129
1.2442,0.11057393,-0.41528997
1.2443,0.097448073,-0.41853735
1.2444,0.08422745,-0.42137027
1.2445,0.070925124,-0.42378598
1.2446001,0.057554267,-0.42578214
1.2447,0.044128083,-0.42735687
1.2448,0.030659851,-0.42850864
1.2449,0.017162884,-0.42923635
1.245,0.0036505212,-0.42953935
1.2451,-0.0098638842,-0.4294174
1.2452,-0.023366978,-0.42887065
1.2453001,-0.03684542,-0.42789969
1.2454,-0.050285898,-0.42650554
1.2455,-0.063675128,-0.42468962
1.2456,-0.076999895,-0.42245379
1.2457,-0.090247042,-0.41980028
1.2458,-0.10340348,-0.41673177
1.2459,-0.11645622,-0.41325134
1.2460001,-0.12939239,-0.40936247
1.2460999,-0.14219919,-0.40506908
1.2462,-0.15486401,-0.4003754
1.2463,-0.16737434,-0.39528614
1.2464,-0.17971785,-0.38980636
1.2465,-0.19188234,-0.38394153
1.2466,-0.20385581,-0.37769747
1.2467,-0.21562646,-0.37108043
1.2467999,-0.22718269,-0.36409691
1.2469,-0.23851307,-0.35675392
1.247,-0.24960646,-0.34905872
1.2471,-0.26045191,-0.34101894
1.2472,-0.27103871,-0.33264256
1.2473,-0.28135645,-0.32393792
1.2474,-0.29139498,-0.3149136
1.2474999,-0.30114436,-0.30557859
1.2476,-0.31059501,-0.29594213
1.2477,-0.31973761,-0.28601375
1.2478,-0.32856315,-0.27580333
1.2479,-0.33706295,-0.26532096
1.248,-0.34522867,-0.25457701
1.2481,-0.35305223,-0.24358211
1.2482001,-0.36052594,-0.23234718
1.2483,-0.36764243,-0.22088332
1.2484,-0.37439471,-0.20920189
1.2485,-0.3807762,-0.19731443
1.2486,-0.38678053,-0.18523271
1.2487,-0.39240184,-0.1729687
1.2488,-0.3976346,-0.16053452
1.2489001,-0.40247369,-0.14794247
1.249,-0.40691435,-0.13520499
1.2491,-0.41095224,-0.1223347
1.2492,-0.41458336,-0.10934431
1.2493,-0.41780418,-0.096246667
1.2494,-0.42061153,-0.083054721
1.2495,-0.42300272,-0.069781519
1.2496001,-0.42497537,-0.056440171
1.2497,-0.42652753,-0.04304387
1.2498,-0.42765778,-0.029605856
1.2499,-0.42836499,-0.016139403
1.25,-0.42864847,-0.0026578223
1.2501,-0.42850801,0.010825565
1.2502,-0.42794377,0.02429744
1.2503,-0.4269563,0.037744492
1.2503999,-0.42554662,0.051153436
1.2505,-0.42371619,0.064511031
1.2506,-0.42146677,0.077804074
1.2507,-0.41880068,0.091019452
1.2508,-0.41572052,0.10414409
1.2509,-0.41222942,0.11716504
1.251,-0.40833083,0.13006946
1.2510999,-0.40402859,0.14284457
1.2512,-0.39932698,0.15547779
1.2513,-0.39423072,0.16795664
1.2514,-0.38874483,0.18026878
1.2515,-0.38287476,0.19240208
1.2516,-0.37662631,0.20434454
1.2517,-0.37000573,0.21608439
1.2517999,-0.3630195,0.22761004
1.2519,-0.35567456,0.23891011
1.252,-0.34797823,0.24997345
1.2521,-0.3399381,0.26078913
1.2522,-0.33156216,0.27134648
1.2523,-0.32285863,0.28163511
1.2524,-0.31383619,0.29164481
1.2525001,-0.30450374,0.30136576
1.2526,-0.29487053,0.31078836
1.2527,-0.28494605,0.31990328
1.2528,-0.27474016,0.32870159
1.2529,-0.26426291,0.33717453
1.253,-0.25352472,0.34531382
1.2531,-0.24253617,0.35311139
1.2532001,-0.23130813,0.36055955
1.2533,-0.2198517,0.36765096
1.2534,-0.20817822,0.37437862
1.2535,-0.19629921,0.38073593
1.2536,-0.18422642,0.38671657
1.2537,-0.17197178,0.3923147
1.2538,-0.1595474,0.39752477
1.2539001,-0.14696558,0.40234166
1.2539999,-0.13423872,0.4067606
1.2541,-0.12137943,0.41077727
1.2542,-0.10840038,0.4143877
1.2543,-0.095314428,0.41758829
1.2544,-0.082134493,0.42037597
1.2545,-0.068873584,0.42274797
1.2546,-0.055544816,0.4247019
1.2546999,-0.042161357,0.42623591
1.2548,-0.02873642,0.42734846
1.2549,-0.015283274,0.42803848
1.255,-0.0018152082,0.4283053
1.2551,0.011654477,0.42814863
1.2552,0.025112472,0.42756867
1.2553,0.038545486,0.42656597
1.2553999,0.051940251,0.42514157
1.2555,0.065283537,0.42329684
1.2556,0.078562163,0.42103365
1.2557,0.091763012,0.41835418
1.2558,0.10487305,0.41526115
1.2559,0.11787932,0.41175759
1.256,0.13076898,0.40784699
1.2561001,0.14352933,0.40353316
1.2562,0.15614772,0.39882043
1.2563,0.16861171,0.39371341
1.2564,0.18090898,0.38821718
1.2565,0.19302741,0.38233718
1.2566,0.204955,0.37607917
1.2567,0.21667999,0.36944941
1.2568001,0.22819081,0.36245435
1.2569,0.23947605,0.35510099
1.257,0.25052461,0.34739655
1.2571,0.26132557,0.33934867
1.2572,0.27186823,0.33096528
1.2573,0.28214222,0.32225466
1.2574,0.29213735,0.31322542
1.2575001,0.30184379,0.30388644
1.2575999,0.31125194,0.29424703
1.2577,0.32035246,0.28431663
1.2578,0.32913646,0.27410507
1.2579,0.33759516,0.26362243
1.258,0.34572026,0.25287911
1.2581,0.35350376,0.24188566
1.2582,0.36093789,0.23065296
1.2582999,0.36801538,0.2191921
1.2584,0.37472919,0.20751439
1.2585,0.3810727,0.19563138
1.2586,0.38703966,0.18355478
1.2587,0.39262414,0.17129654
1.2588,0.39782065,0.15886874
1.2589,0.40262404,0.14628367
1.2589999,0.40702957,0.13355376
1.2591,0.41103289,0.12069156
1.2592,0.41463,0.10770978
1.2593,0.41781738,0.094621249
1.2594,0.42059186,0.081438877
1.2595,0.42295071,0.068175681
1.2596,0.42489159,0.054844774
1.2596999,0.42641255,0.041459307
1.2598,0.42751211,0.028032498
1.2599,0.42818916,0.014577613
1.26,0.42844301,0.001107932
1.2601,0.42827344,-0.012363242
1.2602,0.42768058,-0.025822604
1.2603,0.42666501,-0.039256863
1.2604001,0.42522773,-0.05265275
1.2605,0.42337015,-0.065997042
1.2606,0.42109409,-0.079276547
1.2607,0.41840178,-0.092478164
1.2608,0.41529587,-0.10558885
1.2609,0.4117794,-0.11859565
1.261,0.40785587,-0.13148572
1.2611001,0.40352914,-0.14424632
1.2612,0.39880341,-0.15686488
1.2613,0.3936834,-0.16932888
1.2614,0.38817415,-0.18162605
1.2615,0.38228106,-0.19374424
1.2616,0.37600994,-0.20567144
1.2617,0.36936697,-0.21739592
1.2618001,0.36235872,-0.22890605
1.2618999,0.35499209,-0.24019048
1.262,0.3472743,-0.25123805
1.2621,0.33921301,-0.26203784
1.2622,0.33081615,-0.27257922
1.2623,0.322092,-0.2828517
1.2624,0.31304917,-0.29284519
1.2625,0.30369654,-0.30254975
1.2625999,0.29404339,-0.31195584
1.2627,0.28409919,-0.32105413
1.2628,0.27387378,-0.32983565
1.2629,0.26337722,-0.33829167
1.263,0.25261986,-0.34641391
1.2631,0.24161234,-0.35419422
1.2632,0.2303655,-0.36162502
1.2632999,0.21889043,-0.36869887
1.2634,0.20719847,-0.37540883
1.2635,0.19530113,-0.3817482
1.2636,0.18321015,-0.38771075
1.2637,0.17093748,-0.39329058
1.2638,0.1584952,-0.39848211
1.2639,0.14589563,-0.40328026
1.2640001,0.13315114,-0.40768021
1.2641,0.12027436,-0.41167763
1.2642,0.10727798,-0.41526857
1.2643,0.094174817,-0.41844946
1.2644,0.080977805,-0.42121708
1.2645,0.067699976,-0.42356876
1.2646,0.054354433,-0.42550209
1.2647001,0.04095434,-0.42701516
1.2648,0.027512932,-0.42810646
1.2649,0.014043476,-0.42877489
1.265,0.00055926555,-0.42901978
1.2651,-0.012926384,-0.42884085
1.2652,-0.026400158,-0.42823821
1.2653,-0.03984876,-0.42721251
1.2654001,-0.053258903,-0.42576468
1.2654999,-0.066617347,-0.42389616
1.2656,-0.079910912,-0.42160875
1.2657,-0.093126453,-0.41890469
1.2658,-0.10625093,-0.41578662
1.2659,-0.11927138,-0.41225758
1.266,-0.13217492,-0.40832105
1.2661,-0.14494886,-0.40398088
1.2661999,-0.15758051,-0.39924136
1.2663,-0.17005745,-0.3941071
1.2664,-0.18236731,-0.38858315
1.2665,-0.19449794,-0.38267496
1.2666,-0.20643738,-0.37638834
1.2667,-0.2181738,-0.36972943
1.2668,-0.2296956,-0.36270481
1.2668999,-0.24099141,-0.35532141
1.267,-0.25205007,-0.34758648
1.2671,-0.26286063,-0.33950758
1.2672,-0.27341238,-0.33109272
1.2673,-0.28369492,-0.3223502
1.2674,-0.29369807,-0.31328857
1.2675,-0.30341193,-0.30391675
1.2676001,-0.3128269,-0.29424405
1.2677,-0.32193366,-0.28427991
1.2678,-0.3307232,-0.2740342
1.2679,-0.33918682,-0.26351699
1.268,-0.34731615,-0.25273862
1.2681,-0.35510311,-0.24170977
1.2682,-0.36254001,-0.23044126
1.2683001,-0.36961952,-0.21894421
1.2684,-0.37633455,-0.20722994
1.2685,-0.38267848,-0.19531003
1.2686,-0.38864505,-0.18319619
1.2687,-0.39422828,-0.17090039
1.2688,-0.39942271,-0.15843473
1.2689,-0.40422308,-0.14581153
1.2690001,-0.40862471,-0.13304321
1.2691,-0.41262317,-0.12014239
1.2692,-0.41621453,-0.10712177
1.2693,-0.41939515,-0.093994193
1.2694,-0.42216191,-0.080772623
1.2695,-0.424512,-0.067470096
1.2696,-0.42644313,-0.054099731
1.2697001,-0.4279533,-0.040674724
1.2697999,-0.42904103,-0.027208321
1.2699,-0.42970514,-0.013713809
1.27,-0.42994502,-0.00020450666
1.2701,-0.42976037,0.013306253
1.2702,-0.42915133,0.026805136
1.2703,-0.42811847,0.040278818
1.2704,-0.42666277,0.053713996
1.2704999,-0.42478561,0.067097411
1.2706,-0.42248887,0.080415845
1.2707,-0.41977471,0.093656145
1.2708,-0.4166458,0.10680524
1.2709,-0.41310519,0.11985015
1.271,-0.40915635,0.13277797
1.2711,-0.40480313,0.14557597
1.2711999,-0.40004981,0.15823147
1.2713,-0.39490101,0.17073196
1.2714,-0.3893618,0.18306513
1.2715,-0.3834376,0.19521877
1.2716,-0.37713423,0.20718086
1.2717,-0.37045789,0.21893959
1.2718,-0.36341512,0.23048332
1.2719001,-0.35601282,0.24180067
1.272,-0.34825829,0.25288042
1.2721,-0.34015915,0.26371163
1.2722,-0.33172333,0.27428356
1.2723,-0.32295918,0.28458577
1.2724,-0.31387526,0.29460809
1.2725,-0.30448055,0.30434057
1.2726001,-0.29478425,0.3137736
1.2727,-0.28479591,0.32289782
1.2728,-0.2745254,0.33170423
1.2729,-0.2639828,0.34018406
1.273,-0.25317848,0.34832895
1.2731,-0.2421231,0.35613081
1.2732,-0.23082753,0.36358193
1.2733001,-0.21930288,0.37067488
1.2733999,-0.20756052,0.37740266
1.2735,-0.19561203,0.3837586
1.2736,-0.18346915,0.38973635
1.2737,-0.17114386,0.39533004
1.2738,-0.15864831,0.40053406
1.2739,-0.14599481,0.40534323
1.274,-0.13319582,0.40975279
1.2740999,-0.12026398,0.41375834
1.2742,-0.10721201,0.4173559
1.2743,-0.094052806,0.42054185
1.2744,-0.080799326,0.42331305
1.2745,-0.067464635,0.42566666
1.2746,-0.054061893,0.42760035
1.2747,-0.040604319,0.4291122
1.2747999,-0.027105184,0.43020064
1.2749,-0.013577805,0.43086454
1.275,-3.553072e-05,0.43110323
1.2751,0.013508281,0.4309164
1.2752,0.027040264,0.4303042
1.2753,0.040547062,0.42926723
1.2754,0.054015346,0.42780641
1.2755001,0.067431822,0.42592317
1.2756,0.08078324,0.42361933
1.2757,0.094056427,0.42089713
1.2758,0.10723828,0.41775915
1.2759,0.12031577,0.4142085
1.276,0.13327599,0.41024861
1.2761,0.14610612,0.40588334
1.2762001,0.15879352,0.401117
1.2763,0.17132562,0.39595422
1.2764,0.18369007,0.39040005
1.2765,0.19587465,0.38445991
1.2766,0.20786728,0.37813967
1.2767,0.21965614,0.37144548
1.2768,0.23122956,0.36438391
1.2769001,0.24257611,0.35696191
1.277,0.25368455,0.34918675
1.2771,0.26454392,0.34106609
1.2772,0.27514347,0.33260787
1.2773,0.28547269,0.32382038
1.2774,0.29552138,0.31471232
1.2775,0.30527958,0.30529258
1.2776,0.31473765,0.29557046
1.2776999,0.32388619,0.28555551
1.2778,0.3327162,0.27525756
1.2779,0.34121886,0.26468676
1.278,0.3493858,0.25385353
1.2781,0.35720888,0.24276848
1.2782,0.36468038,0.23144254
1.2783,0.37179288,0.21988687
1.2783999,0.37853929,0.20811285
1.2785,0.38491297,0.19613205
1.2786,0.39090756,0.18395627
1.2787,0.39651707,0.17159753
1.2788,0.40173599,0.15906796
1.2789,0.40655905,0.14637993
1.279,0.41098151,0.13354594
1.2790999,0.41499895,0.12057863
1.2792,0.41860732,0.10749079
1.2793,0.42180306,0.094295308
1.2794,0.42458293,0.081005186
1.2795,0.4269442,0.067633539
1.2796,0.42888442,0.054193545
1.2797,0.43040165,0.040698458
1.2798001,0.43149439,0.027161581
1.2799,0.43216145,0.013596273
1.28,0.43240216,1.5908337e-05
1.2801,0.43221626,-0.013566115
1.2802,0.43160382,-0.027136393
1.2803,0.43056542,-0.040681541
1.2804,0.42910203,-0.054188192
1.2805001,0.42721507,-0.067643009
1.2806,0.42490634,-0.081032716
1.2807,0.42217806,-0.094344102
1.2808,0.41903287,-0.10756402
1.2809,0.41547385,-0.1206794
1.281,0.41150445,-0.13367732
1.2811,0.40712851,-0.14654492
1.2812001,0.40235034,-0.1592695
1.2812999,0.3971746,-0.17183849
1.2814,0.39160633,-0.18423948
1.2815,0.38565099,-0.19646019
1.2816,0.37931439,-0.20848855
1.2817,0.37260279,-0.22031268
1.2818,0.36552274,-0.2319209
1.2819,0.35808113,-0.24330172
1.2819999,0.35028535,-0.25444388
1.2821,0.34214297,-0.26533636
1.2822,0.33366203,-0.2759684
1.2823,0.32485086,-0.28632948
1.2824,0.31571808,-0.29640931
1.2825,0.30627269,-0.30619794
1.2826,0.29652393,-0.31568569
1.2826999,0.28648144,-0.32486317
1.2828,0.27615505,-0.33372125
1.2829,0.26555493,-0.34225115
1.283,0.25469151,-0.3504445
1.2831,0.24357547,-0.35829306
1.2832,0.23221774,-0.36578912
1.2833,0.22062951,-0.37292525
1.2834001,0.20882216,-0.37969431
1.2835,0.19680734,-0.38608962
1.2836,0.18459688,-0.39210483
1.2837,0.17220277,-0.39773396
1.2838,0.15963724,-0.40297139
1.2839,0.14691266,-0.40781191
1.284,0.13404158,-0.4122507
1.2841001,0.12103664,-0.41628334
1.2842,0.10791069,-0.41990581
1.2843,0.094676659,-0.42311448
1.2844,0.081347577,-0.42590612
1.2845,0.067936592,-0.42827797
1.2846,0.054456919,-0.43022758
1.2847,0.040921852,-0.43175301
1.2848001,0.027344732,-0.43285269
1.2849,0.01373895,-0.4335255
1.285,0.00011792382,-0.43377075
1.2851,-0.013504909,-0.43358809
1.2852,-0.027116111,-0.43297768
1.2853,-0.040702254,-0.43194005
1.2854,-0.054249931,-0.43047622
1.2855,-0.067745775,-0.42858753
1.2855999,-0.081176467,-0.42627582
1.2857,-0.09452875,-0.42354333
1.2858,-0.10778943,-0.42039269
1.2859,-0.12094544,-0.41682693
1.286,-0.13398376,-0.41284958
1.2861,-0.14689153,-0.40846446
1.2862,-0.15965602,-0.40367585
1.2862999,-0.17226458,-0.39848846
1.2864,-0.18470478,-0.39290735
1.2865,-0.19696432,-0.38693798
1.2866,-0.20903111,-0.38058618
1.2867,-0.22089317,-0.37385815
1.2868,-0.23253882,-0.36676052
1.2869,-0.24395652,-0.35930023
1.2869999,-0.255135,-0.3514846
1.2871,-0.26606318,-0.34332129
1.2872,-0.27673027,-0.33481833
1.2873,-0.28712574,-0.32598406
1.2874,-0.29723924,-0.31682712
1.2875,-0.30706081,-0.30735657
1.2876,-0.31658068,-0.29758167
1.2877001,-0.32578948,-0.287512
1.2878,-0.33467805,-0.27715755
1.2879,-0.34323761,-0.2665284
1.288,-0.35145965,-0.25563505
1.2881,-0.35933605,-0.24448822
1.2882,-0.36685896,-0.23309888
1.2883,-0.37402096,-0.22147821
1.2884001,-0.38081491,-0.20963766
1.2885,-0.38723406,-0.19758888
1.2886,-0.39327207,-0.18534373
1.2887,-0.39892292,-0.17291427
1.2888,-0.40418097,-0.16031274
1.2889,-0.40904102,-0.14755154
1.289,-0.41349819,-0.13464326
1.2891001,-0.41754806,-0.12160058
1.2891999,-0.4211866,-0.10843639
1.2893,-0.42441016,-0.095163643
1.2894,-0.42721549,-0.081795417
1.2895,-0.42959982,-0.068344891
1.2896,-0.4315607,-0.054825317
1.2897,-0.43309617,-0.041250035
1.2898,-0.43420464,-0.027632419
1.2898999,-0.43488503,-0.013985901
1.29,-0.43513653,-0.00032393847
1.2901,-0.43495893,0.013339993
1.2902,-0.43435228,0.026992418
1.2903,-0.43331718,0.040619865
1.2904,-0.43185458,0.05420889
1.2905,-0.42996588,0.067746088
1.2905999,-0.42765287,0.081218094
1.2907,-0.42491782,0.094611607
1.2908,-0.42176333,0.10791342
1.2909,-0.41819251,0.12111039
1.291,-0.41420883,0.13418949
1.2911,-0.40981615,0.14713781
1.2912,-0.40501875,0.15994255
1.2913001,-0.39982131,0.17259108
1.2914,-0.39422897,0.18507089
1.2915,-0.38824713,0.19736966
1.2916,-0.38188168,0.20947523
1.2917,-0.37513885,0.22137564
1.2918,-0.36802524,0.23305912
1.2919,-0.36054784,0.24451415
1.2920001,-0.35271397,0.25572938
1.2921,-0.34453133,0.26669371
1.2922,-0.33600792,0.27739629
1.2923,-0.32715216,0.2878266
1.2924,-0.31797269,0.29797423
1.2925,-0.30847856,0.3078292
1.2926,-0.29867911,0.31738174
1.2927001,-0.28858396,0.32662237
1.2927999,-0.27820301,0.33554196
1.2929,-0.2675465,0.34413168
1.293,-0.25662491,0.35238302
1.2931,-0.24544895,0.36028779
1.2932,-0.23402964,0.36783814
1.2933,-0.22237821,0.37502661
1.2934,-0.21050614,0.38184607
1.2934999,-0.1984251,0.38828975
1.2936,-0.18614699,0.39435124
1.2937,-0.1736839,0.4000245
1.2938,-0.1610481,0.40530393
1.2939,-0.14825203,0.41018426
1.294,-0.1353083,0.41466063
1.2941,-0.12222967,0.41872859
1.2941999,-0.109029,0.42238405
1.2943,-0.095719315,0.42562339
1.2944,-0.082313739,0.42844337
1.2945,-0.068825468,0.43084115
1.2946,-0.055267807,0.4328143
1.2947,-0.041654121,0.43436089
1.2948,-0.027997825,0.43547925
1.2948999,-0.014312392,0.43616834
1.295,-0.00061131828,0.43642735
1.2951,0.013091888,0.43625599
1.2952,0.026783708,0.43565443
1.2953,0.040450633,0.43462318
1.2954,0.054079182,0.4331632
1.2955,0.067655914,0.4312759
1.2956001,0.081167415,0.42896309
1.2957,0.094600365,0.42622703
1.2958,0.1079415,0.42307031
1.2959,0.12117765,0.41949609
1.296,0.13429575,0.41550776
1.2961,0.14728285,0.41110927
1.2962,0.16012612,0.4063049
1.2963001,0.17281288,0.40109932
1.2964,0.1853306,0.39549768
1.2965,0.1976669,0.38950539
1.2966,0.20980962,0.38312837
1.2967,0.22174674,0.37637284
1.2968,0.23346648,0.36924547
1.2969,0.24495724,0.3617532
1.2970001,0.25620767,0.35390341
1.2970999,0.26720664,0.34570378
1.2972,0.27794331,0.33716241
1.2973,0.288407,0.32828763
1.2974,0.29858741,0.31908819
1.2975,0.30847448,0.30957311
1.2976,0.31805837,0.29975179
1.2977,0.32732964,0.28963384
1.2977999,0.33627906,0.27922925
1.2979,0.34489787,0.26854819
1.298,0.35317743,0.25760123
1.2981,0.36110958,0.24639913
1.2982,0.36868647,0.23495288
1.2983,0.3759006,0.22327378
1.2984,0.38274479,0.2113733
1.2984999,0.38921225,0.19926317
1.2986,0.39529657,0.18695532
1.2987,0.40099174,0.17446186
1.2988,0.40629205,0.16179509
1.2989,0.41119227,0.1489675
1.299,0.41568753,0.13599174
1.2991,0.41977331,0.12288055
1.2992001,0.42344558,0.10964688
1.2993,0.42670071,0.096303776
1.2994,0.42953536,0.082864366
1.2995,0.43194675,0.06934192
1.2996,0.43393245,0.055749755
1.2997,0.43549046,0.042101271
1.2998,0.43661919,0.028409928
1.2999001,0.43731749,0.01468923
1.3,0.43758464,0.00095270353
1.3001,0.43742034,-0.012786102
1.3002,0.43682468,-0.026513634
1.3003,0.43579826,-0.040216353
1.3004,0.43434197,-0.05388074
1.3005,0.4324573,-0.067493312
1.3006001,0.43014598,-0.081040636
1.3006999,0.4274103,-0.094509348
1.3008,0.42425293,-0.10788615
1.3009,0.42067689,-0.12115784
1.301,0.4166857,-0.13431132
1.3011,0.4122833,-0.14733359
1.3012,0.40747392,-0.16021182
1.3013,0.4022623,-0.17293328
1.3013999,0.39665356,-0.18548539
1.3015,0.39065316,-0.19785579
1.3016,0.384267,-0.21003222
1.3017,0.37750137,-0.22200269
1.3018,0.37036285,-0.23375534
1.3019,0.3628585,-0.24527858
1.302,0.35499567,-0.25656101
1.3020999,0.34678209,-0.26759151
1.3022,0.33822578,-0.27835912
1.3023,0.32933524,-0.28885323
1.3024,0.32011914,-0.29906347
1.3025,0.31058657,-0.30897975
1.3026,0.30074689,-0.31859225
1.3027,0.29060981,-0.32789144
1.3028001,0.28018525,-0.33686814
1.3029,0.26948354,-0.34551346
1.303,0.25851512,-0.35381889
1.3031,0.24729086,-0.36177614
1.3032,0.23582178,-0.36937734
1.3033,0.22411919,-0.37661502
1.3034,0.21219458,-0.38348195
1.3035001,0.20005971,-0.38997135
1.3036,0.18772654,-0.39607677
1.3037,0.17520721,-0.40179217
1.3038,0.16251406,-0.40711188
1.3039,0.1496596,-0.41203064
1.304,0.13665648,-0.41654348
1.3041,0.12351752,-0.42064601
1.3042001,0.11025568,-0.42433414
1.3043,0.096884012,-0.42760414
1.3044,0.083415709,-0.43045276
1.3045,0.069864042,-0.43287721
1.3046,0.056242377,-0.43487501
1.3047,0.042564142,-0.43644419
1.3048,0.028842825,-0.43758315
1.3049001,0.015091958,-0.43829075
1.3049999,0.0013251003,-0.43856621
1.3051,-0.012444167,-0.43840927
1.3052,-0.026202265,-0.43782005
1.3053,-0.039935622,-0.43679905
1.3054,-0.053630687,-0.43534729
1.3055,-0.067273945,-0.43346617
1.3056,-0.080851942,-0.43115747
1.3056999,-0.094351277,-0.42842346
1.3058,-0.10775863,-0.4252668
1.3059,-0.12106076,-0.42169058
1.306,-0.13424455,-0.41769829
1.3061,-0.14729698,-0.41329387
1.3062,-0.16020516,-0.40848154
1.3063,-0.17295635,-0.4032661
1.3063999,-0.18553796,-0.39765266
1.3065,-0.19793758,-0.39164668
1.3066,-0.21014296,-0.38525409
1.3067,-0.22214203,-0.37848115
1.3068,-0.23392294,-0.37133452
1.3069,-0.24547407,-0.36382124
1.307,-0.25678399,-0.35594869
1.3071001,-0.26784158,-0.34772456
1.3072,-0.27863583,-0.33915699
1.3073,-0.28915614,-0.33025438
1.3074,-0.29939207,-0.32102549
1.3075,-0.30933353,-0.31147942
1.3076,-0.31897068,-0.30162555
1.3077,-0.32829398,-0.2914736
1.3078001,-0.33729425,-0.28103352
1.3079,-0.34596258,-0.27031562
1.308,-0.35429037,-0.25933042
1.3081,-0.36226937,-0.24808878
1.3082,-0.36989176,-0.23660176
1.3083,-0.37714991,-0.22488065
1.3084,-0.38403669,-0.21293701
1.3085001,-0.39054528,-0.20078263
1.3085999,-0.39666918,-0.18842946
1.3087,-0.4024024,-0.17588966
1.3088,-0.40773919,-0.16317561
1.3089,-0.41267434,-0.15029985
1.309,-0.41720286,-0.13727503
1.3091,-0.42132032,-0.12411402
1.3092,-0.42502263,-0.11082979
1.3092999,-0.42830607,-0.097435422
1.3094,-0.43116742,-0.083944134
1.3095,-0.43360382,-0.070369229
1.3096,-0.4356128,-0.056724079
1.3097,-0.43719241,-0.043022152
1.3098,-0.43834105,-0.029276958
1.3099,-0.43905753,-0.01550205
1.3099999,-0.43934113,-0.0017110149
1.3101,-0.43919155,0.012082542
1.3102,-0.43860891,0.02586502
1.3103,-0.43759376,0.039622817
1.3104,-0.43614709,0.053342365
1.3105,-0.43427026,0.067010127
1.3106,-0.43196514,0.080612615
1.3107001,-0.42923394,0.094136409
1.3108,-0.42607936,0.10756816
1.3109,-0.42250448,0.12089463
1.311,-0.41851279,0.13410264
1.3111,-0.41410822,0.14717919
1.3112,-0.40929508,0.16011134
1.3113,-0.4040781,0.17288633
1.3114001,-0.39846238,0.18549156
1.3115,-0.39245349,0.19791459
1.3116,-0.38605729,0.21014315
1.3117,-0.37928009,0.22216517
1.3118,-0.37212852,0.23396876
1.3119,-0.36460966,0.24554229
1.312,-0.35673091,0.25687432
1.3121001,-0.34849995,0.26795366
1.3122,-0.33992499,0.27876937
1.3123,-0.33101436,0.28931075
1.3124,-0.32177693,0.29956743
1.3125,-0.31222171,0.30952924
1.3126,-0.30235818,0.31918633
1.3127,-0.29219601,0.32852918
1.3128,-0.28174523,0.33754858
1.3128999,-0.27101609,0.34623557
1.313,-0.26001924,0.35458156
1.3131,-0.24876545,0.36257836
1.3132,-0.23726584,0.37021804
1.3133,-0.22553174,0.37749299
1.3134,-0.21357469,0.38439611
1.3135,-0.20140651,0.39092049
1.3135999,-0.18903916,0.39705974
1.3137,-0.17648484,0.40280774
1.3138,-0.16375594,0.40815881
1.3139,-0.15086497,0.41310766
1.314,-0.1378247,0.41764942
1.3141,-0.12464795,0.42177954
1.3142,-0.11134771,0.42549396
1.3142999,-0.097937092,0.42878899
1.3144,-0.084429339,0.43166134
1.3145,-0.070837751,0.4341082
1.3146,-0.057175752,0.4361271
1.3147,-0.043456804,0.43771604
1.3148,-0.029694438,0.43887344
1.3149,-0.015902229,0.43959814
1.3150001,-0.0020937857,0.4398894
1.3151,0.011717278,0.43974695
1.3152,0.025517333,0.43917084
1.3153,0.039292768,0.4381617
1.3154,0.053029992,0.43672046
1.3155,0.066715449,0.43484852
1.3156,0.080335647,0.43254775
1.3157001,0.093877137,0.42982039
1.3158,0.10732656,0.42666906
1.3159,0.12067065,0.42309693
1.316,0.13389623,0.41910747
1.3161,0.14699027,0.41470459
1.3162,0.15993983,0.40989265
1.3163,0.17273211,0.40467635
1.3164001,0.18535453,0.39906085
1.3164999,0.19779462,0.39305165
1.3166,0.21004006,0.38665468
1.3167,0.22207883,0.3798762
1.3168,0.233899,0.37272295
1.3169,0.24548891,0.36520195
1.317,0.25683713,0.35732055
1.3171,0.26793244,0.34908658
1.3171999,0.27876392,0.34050816
1.3173,0.28932083,0.33159366
1.3174,0.29959279,0.32235196
1.3175,0.30956963,0.31279209
1.3176,0.31924152,0.3029235
1.3177,0.32859889,0.29275593
1.3178,0.33763251,0.2822994
1.3178999,0.34633344,0.27156419
1.318,0.35469311,0.26056087
1.3181,0.36270326,0.24930035
1.3182,0.37035599,0.23779367
1.3183,0.3776437,0.22605221
1.3184,0.38455924,0.21408755
1.3185,0.39109573,0.20191145
1.3186001,0.39724675,0.18953593
1.3187,0.4030062,0.17697322
1.3188,0.40836838,0.16423568
1.3189,0.41332799,0.15133588
1.319,0.41788018,0.13828653
1.3191,0.42202038,0.12510052
1.3192,0.42574453,0.11179084
1.3193001,0.42904896,0.098370634
1.3194,0.43193036,0.084853113
1.3195,0.43438593,0.071251623
1.3196,0.43641317,0.057579581
1.3197,0.43801013,0.04385047
1.3198,0.43917519,0.030077836
1.3199,0.43990719,0.016275262
1.3200001,0.44020543,0.0024563619
1.3200999,0.44006956,-0.011365229
1.3202,0.43949977,-0.025175877
1.3203,0.43849656,-0.038961958
1.3204,0.43706092,-0.05270987
1.3205,0.43519425,-0.066406049
1.3206,0.43289843,-0.08003699
1.3207,0.43017566,-0.093589231
1.3207999,0.42702866,-0.10704941
1.3209,0.42346048,-0.12040425
1.321,0.41947466,-0.13364057
1.3211,0.41507515,-0.14674531
1.3212,0.41026625,-0.15970553
1.3213,0.40505269,-0.17250846
1.3214,0.39943966,-0.18514146
1.3214999,0.39343262,-0.19759206
1.3216,0.38703755,-0.20984799
1.3217,0.38026071,-0.22189714
1.3218,0.3731088,-0.23372762
1.3219,0.36558884,-0.24532776
1.322,0.35770831,-0.25668609
1.3221,0.34947491,-0.26779145
1.3221999,0.34089682,-0.27863288
1.3223,0.33198243,-0.28919962
1.3224,0.32274058,-0.29948127
1.3225,0.31318036,-0.30946773
1.3226,0.3033112,-0.31914908
1.3227,0.29314286,-0.3285158
1.3228,0.28268534,-0.33755863
1.3229001,0.27194893,-0.34626868
1.323,0.26094431,-0.3546373
1.3231,0.24968222,-0.36265627
1.3232,0.23817384,-0.37031767
1.3233,0.22643051,-0.3776139
1.3234,0.21446379,-0.38453782
1.3235,0.2022855,-0.39108256
1.3236001,0.18990766,-0.39724168
1.3237,0.17734246,-0.40300909
1.3238,0.16460231,-0.40837905
1.3239,0.15169977,-0.41334635
1.324,0.13864757,-0.41790602
1.3241,0.1254586,-0.42205361
1.3242,0.11214585,-0.42578498
1.3243001,0.098722458,-0.42909646
1.3243999,0.085201673,-0.43198475
1.3245,0.071596831,-0.43444708
1.3246,0.057921343,-0.43648097
1.3247,0.044188712,-0.43808439
1.3248,0.030412486,-0.4392558
1.3249,0.016606249,-0.43999401
1.325,0.0027836256,-0.44029829
1.3250999,-0.011041746,-0.44016838
1.3252,-0.02485623,-0.43960437
1.3253,-0.038646199,-0.4386068
1.3254,-0.052398041,-0.4371767
1.3255,-0.066098198,-0.43531546
1.3256,-0.079733141,-0.43302491
1.3257,-0.093289435,-0.4303073
1.3257999,-0.10675369,-0.42716533
1.3259,-0.12011264,-0.4236021
1.326,-0.13335308,-0.41962111
1.3261,-0.14646198,-0.41522631
1.3262,-0.15942638,-0.41042203
1.3263,-0.17223351,-0.405213
1.3264,-0.18487072,-0.39960435
1.3265001,-0.19732554,-0.39360163
1.3266,-0.2095857,-0.38721076
1.3267,-0.2216391,-0.38043806
1.3268,-0.23347384,-0.37329018
1.3269,-0.24507824,-0.36577418
1.327,-0.25644088,-0.35789752
1.3271,-0.26755053,-0.34966794
1.3272001,-0.27839622,-0.34109357
1.3273,-0.28896728,-0.33218285
1.3274,-0.29925326,-0.32294458
1.3275,-0.30924401,-0.3133879
1.3276,-0.3189297,-0.3035222
1.3277,-0.32830077,-0.29335725
1.3278,-0.33734795,-0.28290308
1.3279001,-0.34606236,-0.27216998
1.3279999,-0.35443535,-0.26116857
1.3281,-0.36245871,-0.24990967
1.3282,-0.37012452,-0.23840444
1.3283,-0.37742516,-0.22666419
1.3284,-0.38435352,-0.21470051
1.3285,-0.39090273,-0.20252523
1.3286,-0.39706632,-0.19015034
1.3286999,-0.4028382,-0.17758805
1.3288,-0.40821272,-0.16485079
1.3289,-0.41318458,-0.15195109
1.329,-0.41774884,-0.13890168
1.3291,-0.42190102,-0.12571546
1.3292,-0.42563704,-0.11240544
1.3293,-0.4289532,-0.098984733
1.3293999,-0.43184623,-0.085466594
1.3295,-0.43431333,-0.071864352
1.3296,-0.43635201,-0.058191434
1.3297,-0.4379603,-0.044461336
1.3298,-0.43913659,-0.030687597
1.3299,-0.43987975,-0.016883809
1.33,-0.44018903,-0.0030635933
1.3301001,-0.44006416,0.010759416
1.3302,-0.43950525,0.024571583
1.3303,-0.43851289,0.038359277
1.3304,-0.43708801,0.052108895
1.3305,-0.43523204,0.065806873
1.3306,-0.43294686,0.0794397
1.3307,-0.43023467,0.092993923
1.3308001,-0.42709818,0.10645618
1.3309,-0.42354053,0.11981317
1.331,-0.41956517,0.13305174
1.3311,-0.41517606,0.1461588
1.3312,-0.41037756,0.15912145
1.3313,-0.40517437,0.1719269
1.3314,-0.39957163,0.1845625
1.3315001,-0.39357492,0.19701581
1.3316,-0.38719013,0.20927453
1.3317,-0.38042358,0.22132656
1.3318,-0.37328196,0.23316003
1.3319,-0.36577228,0.24476328
1.332,-0.35790202,0.25612482
1.3321,-0.34967887,0.26723352
1.3322001,-0.34111106,0.27807835
1.3322999,-0.33220696,0.28864866
1.3324,-0.32297537,0.29893401
1.3325,-0.31342548,0.30892426
1.3326,-0.30356663,0.31860954
1.3327,-0.29340857,0.32798034
1.3328,-0.2829614,0.3370274
1.3329,-0.27223536,0.34574181
1.3329999,-0.26124105,0.35411495
1.3331,-0.24998935,0.3621386
1.3332,-0.23849134,0.36980483
1.3333,-0.22675839,0.3771061
1.3334,-0.21480207,0.38403523
1.3335,-0.2026342,0.39058533
1.3336,-0.19026676,0.39675
1.3336999,-0.17771198,0.40252316
1.3338,-0.16498226,0.40789911
1.3339,-0.15209013,0.41287258
1.334,-0.13904834,0.41743866
1.3341,-0.12586977,0.4215928
1.3342,-0.11256739,0.425331
1.3343,-0.099154361,0.42864954
1.3344001,-0.08564391,0.43154517
1.3345,-0.072049364,0.43401501
1.3346,-0.058384147,0.43605667
1.3347,-0.044661742,0.43766814
1.3348,-0.030895686,0.43884784
1.3349,-0.017099567,0.4395946
1.335,-0.0032869962,0.4399077
1.3351001,0.010528398,0.43978688
1.3352,0.024332983,0.43923223
1.3353,0.038113136,0.43824431
1.3354,0.051855266,0.43682414
1.3355,0.065545812,0.43497312
1.3356,0.07917127,0.43269306
1.3357,0.092718199,0.42998624
1.3358001,0.10617322,0.42685536
1.3358999,0.11952309,0.42330351
1.336,0.13275461,0.4193342
1.3361,0.14585474,0.41495138
1.3362,0.15881056,0.41015938
1.3363,0.17160928,0.4049629
1.3364,0.1842383,0.39936712
1.3365,0.19668514,0.39337757
1.3365999,0.20893753,0.38700017
1.3367,0.2209834,0.38024122
1.3368,0.23281085,0.3731074
1.3369,0.24440823,0.36560577
1.337,0.25576413,0.35774371
1.3371,0.26686728,0.34952906
1.3372,0.2777068,0.34096986
1.3372999,0.28827199,0.33207461
1.3374,0.29855242,0.3228521
1.3375,0.30853796,0.31331143
1.3376,0.31821877,0.303462
1.3377,0.32758528,0.29331356
1.3378,0.33662832,0.28287616
1.3379,0.34533891,0.27216005
1.3380001,0.35370851,0.26117587
1.3381,0.36172888,0.24993445
1.3382,0.36939207,0.23844688
1.3383,0.3766906,0.22672451
1.3384,0.38361719,0.2147789
1.3385,0.39016509,0.20262186
1.3386,0.39632785,0.1902654
1.3387001,0.40209937,0.17772171
1.3388,0.40747398,0.16500317
1.3389,0.41244641,0.15212235
1.339,0.41701177,0.13909194
1.3391,0.4211655,0.12592483
1.3392,0.4249036,0.112634
1.3393,0.42822236,0.099232569
1.3394001,0.43111852,0.085733779
1.3395,0.43358925,0.072150946
1.3396,0.43563214,0.05849747
1.3397,0.43724516,0.044786833
1.3398,0.43842673,0.031032562
1.3399,0.43917572,0.017248234
1.34,0.43949142,0.0034474484
1.3401,0.43937349,-0.010356175
1.3401999,0.43882212,-0.024149014
1.3403,0.43783781,-0.037917461
1.3404,0.4364216,-0.051647931
1.3405,0.4345749,-0.065326877
1.3406,0.43229949,-0.078940801
1.3407,0.42959771,-0.092476271
1.3408,0.42647222,-0.10591994
1.3408999,0.42292607,-0.11925855
1.341,0.41896281,-0.13247892
1.3411,0.4145864,-0.14556804
1.3412,0.40980113,-0.15851298
1.3413,0.40461174,-0.17130096
1.3414,0.39902341,-0.18391941
1.3415,0.39304161,-0.19635585
1.3415999,0.38667232,-0.20859802
1.3417,0.37992179,-0.22063386
1.3418,0.37279671,-0.23245148
1.3419,0.36530414,-0.24403927
1.342,0.35745147,-0.25538576
1.3421,0.3492465,-0.26647979
1.3422,0.34069729,-0.2773104
1.3423001,0.33181232,-0.28786692
1.3424,0.32260039,-0.29813898
1.3425,0.31307054,-0.30811641
1.3426,0.30323225,-0.31778938
1.3427,0.29309523,-0.32714841
1.3428,0.28266945,-0.3361842
1.3429,0.27196527,-0.34488791
1.3430001,0.26099324,-0.35325092
1.3431,0.24976419,-0.36126503
1.3432,0.23828921,-0.36892235
1.3433,0.22657965,-0.37621528
1.3434,0.21464707,-0.38313672
1.3435,0.20250323,-0.38967979
1.3436,0.19016017,-0.39583808
1.3437001,0.17763005,-0.40160552
1.3437999,0.16492523,-0.40697643
1.3439,0.15205829,-0.41194555
1.344,0.13904189,-0.41650799
1.3441,0.12588891,-0.42065924
1.3442,0.11261234,-0.42439523
1.3443,0.099225275,-0.42771232
1.3444,0.085740931,-0.43060723
1.3444999,0.072172619,-0.43307713
1.3446,0.058533736,-0.43511957
1.3447,0.044837736,-0.43673259
1.3448,0.031098144,-0.43791464
1.3449,0.017328516,-0.4386645
1.345,0.0035424419,-0.4389815
1.3451,-0.010246469,-0.43886536
1.3451999,-0.024024613,-0.43831617
1.3453,-0.037778396,-0.43733451
1.3454,-0.051494241,-0.43592137
1.3455,-0.06515862,-0.43407819
1.3456,-0.078758053,-0.43180674
1.3457,-0.092279114,-0.42910933
1.3458,-0.10570846,-0.42598867
1.3459001,-0.11903287,-0.4224478
1.346,-0.13223916,-0.41849026
1.3461,-0.14531435,-0.41411996
1.3462,-0.1582455,-0.40934125
1.3463,-0.17101988,-0.40415886
1.3464,-0.18362488,-0.3985779
1.3465,-0.19604807,-0.39260393
1.3466001,-0.20827721,-0.38624284
1.3467,-0.22030023,-0.37950096
1.3468,-0.23210527,-0.37238488
1.3469,-0.2436807,-0.36490175
1.347,-0.25501511,-0.35705888
1.3471,-0.26609734,-0.34886408
1.3472,-0.27691641,-0.34032542
1.3473001,-0.2874617,-0.33145136
1.3474,-0.29772282,-0.32225066
1.3475,-0.30768964,-0.31273246
1.3476,-0.31735235,-0.30290613
1.3477,-0.32670143,-0.29278135
1.3478,-0.33572763,-0.28236818
1.3479,-0.34442213,-0.27167687
1.348,-0.35277629,-0.26071802
1.3480999,-0.36078194,-0.24950244
1.3482,-0.36843115,-0.23804122
1.3483,-0.37571642,-0.22634566
1.3484,-0.38263056,-0.21442732
1.3485,-0.38916677,-0.20229799
1.3486,-0.39531863,-0.18996963
1.3487,-0.40108007,-0.17745443
1.3487999,-0.40644544,-0.16476475
1.3489,-0.41140944,-0.15191309
1.349,-0.41596723,-0.13891219
1.3491,-0.42011428,-0.12577485
1.3492,-0.42384654,-0.11251406
1.3493,-0.42716035,-0.099142894
1.3494,-0.43005246,-0.085674576
1.3494999,-0.43252003,-0.072122388
1.3496,-0.43456066,-0.058499705
1.3497,-0.43617234,-0.044819988
1.3498,-0.43735349,-0.03109673
1.3499,-0.43810299,-0.017343478
1.35,-0.43842012,-0.0035738081
1.3501,-0.43830457,0.010198692
1.3502001,-0.43775648,0.02396043
1.3503,-0.43677643,0.037697826
1.3504,-0.43536541,0.05139732
1.3505,-0.43352479,0.065045401
1.3506,-0.43125644,0.078628592
1.3507,-0.42856261,0.092133507
1.3508,-0.42544597,0.1055468
1.3509001,-0.42190966,0.11885526
1.351,-0.41795713,0.13204575
1.3511,-0.41359234,0.14510526
1.3512,-0.40881962,0.15802088
1.3513,-0.40364367,0.17077993
1.3514,-0.39806962,0.18336977
1.3515,-0.39210302,0.195778
1.3516001,-0.38574979,0.2079924
1.3516999,-0.37901616,0.22000091
1.3518,-0.37190881,0.23179169
1.3519,-0.36443481,0.24335311
1.352,-0.35660154,0.25467378
1.3521,-0.34841672,0.26574254
1.3522,-0.33988845,0.27654848
1.3523,-0.33102521,0.28708091
1.3523999,-0.3218357,0.29732952
1.3525,-0.31232905,0.30728415
1.3526,-0.30251464,0.31693503
1.3527,-0.29240218,0.32627261
1.3528,-0.28200164,0.33528772
1.3529,-0.27132332,0.34397146
1.353,-0.26037776,0.35231531
1.3530999,-0.24917582,0.360311
1.3532,-0.23772851,0.36795068
1.3533,-0.22604714,0.37522686
1.3534,-0.21414331,0.38213232
1.3535,-0.20202871,0.38866028
1.3536,-0.18971534,0.39480436
1.3537,-0.17721537,0.40055844
1.3538001,-0.16454111,0.40591693
1.3539,-0.15170512,0.41087452
1.354,-0.13872004,0.41542634
1.3541,-0.12559871,0.41956794
1.3542,-0.1123541,0.42329523
1.3543,-0.098999262,0.42660457
1.3544,-0.085547395,0.42949268
1.3545001,-0.072011776,0.43195677
1.3546,-0.058405764,0.43399441
1.3547,-0.0447428,0.43560359
1.3548,-0.031036362,0.43678278
1.3549,-0.017299986,0.43753082
1.355,-0.0035472268,0.43784699
1.3551,0.010208341,0.437731
1.3552001,0.02395314,0.43718299
1.3552999,0.037673607,0.43620351
1.3554,0.0513562,0.43479356
1.3555,0.064987421,0.43295455
1.3556,0.078553818,0.43068832
1.3557,0.092041999,0.42799708
1.3558,0.10543866,0.4248836
1.3559,0.11873058,0.4213509
1.3559999,0.13190466,0.41740251
1.3561,0.14494789,0.41304231
1.3562,0.1578474,0.40827471
1.3563,0.17059048,0.40310434
1.3564,0.18316454,0.39753637
1.3565,0.19555719,0.39157632
1.3566,0.20775622,0.38523006
1.3566999,0.21974958,0.37850389
1.3568,0.23152545,0.3714045
1.3569,0.24307223,0.36393884
1.357,0.2543785,0.35611436
1.3571,0.26543316,0.34793878
1.3572,0.27622527,0.33942017
1.3573,0.28674421,0.33056697
1.3573999,0.29697961,0.32138792
1.3575,0.30692139,0.31189212
1.3576,0.31655973,0.30208892
1.3577,0.32588515,0.29198804
1.3578,0.33488846,0.28159946
1.3579,0.34356076,0.27093342
1.358,0.35189354,0.2600005
1.3581001,0.3598786,0.24881148
1.3582,0.36750805,0.23737742
1.3583,0.37477437,0.22570962
1.3584,0.38167042,0.21381958
1.3585,0.38818941,0.20171908
1.3586,0.39432493,0.18942006
1.3587,0.40007094,0.17693467
1.3588001,0.40542176,0.16427523
1.3589,0.41037217,0.15145427
1.359,0.41491729,0.13848442
1.3591,0.41905263,0.1253785
1.3592,0.42277414,0.11214945
1.3593,0.42607817,0.098810345
1.3594,0.42896149,0.08537434
1.3595001,0.43142125,0.071854711
1.3595999,0.43345505,0.058264799
1.3597,0.43506089,0.044618022
1.3598,0.43623722,0.03092785
1.3599,0.43698293,0.017207799
1.36,0.43729722,0.0034714118
1.3601,0.43717989,-0.010267754
1.3602,0.43663102,-0.023996135
1.3602999,0.43565118,-0.037700187
1.3604,0.43424138,-0.051366381
1.3605,0.43240303,-0.06498123
1.3606,0.4301379,-0.078531303
1.3607,0.42744833,-0.092003226
1.3608,0.42433694,-0.10538371
1.3609,0.42080685,-0.11865955
1.3609999,0.41686153,-0.13181764
1.3611,0.41250491,-0.14484501
1.3612,0.40774134,-0.15772879
1.3613,0.40257546,-0.17045629
1.3614,0.3970125,-0.18301496
1.3615,0.39105785,-0.19539239
1.3616,0.38471746,-0.20757638
1.3617001,0.37799764,-0.21955492
1.3618,0.37090498,-0.23131618
1.3619,0.36344653,-0.24284858
1.362,0.35562965,-0.25414073
1.3621,0.34746209,-0.26518151
1.3622,0.33895189,-0.27596003
1.3623,0.33010751,-0.28646567
1.3624001,0.32093766,-0.29668805
1.3625,0.31145144,-0.30661711
1.3626,0.30165818,-0.31624305
1.3627,0.29156762,-0.3255564
1.3628,0.28118965,-0.33454797
1.3629,0.2705346,-0.34320891
1.363,0.25961298,-0.35153067
1.3631001,0.24843556,-0.35950506
1.3631999,0.23701338,-0.3671242
1.3633,0.22535776,-0.37438062
1.3634,0.21348017,-0.38126716
1.3635,0.2013924,-0.38777706
1.3636,0.18910633,-0.39390388
1.3637,0.17663413,-0.39964157
1.3638,0.1639881,-0.40498453
1.3638999,0.15118076,-0.40992749
1.364,0.13822471,-0.41446558
1.3641,0.12513278,-0.41859433
1.3642,0.11191789,-0.42230973
1.3643,0.098593079,-0.42560804
1.3644,0.085171513,-0.42848608
1.3645,0.071666449,-0.43094105
1.3645999,0.058091201,-0.43297049
1.3647,0.044459186,-0.43457246
1.3648,0.03078386,-0.43574536
1.3649,0.017078716,-0.43648806
1.365,0.0033572868,-0.43679985
1.3651,-0.010366882,-0.43668044
1.3652,-0.024080249,-0.43612996
1.3653001,-0.037769273,-0.43514898
1.3654,-0.05142045,-0.4337385
1.3655,-0.0650203,-0.43189988
1.3656,-0.078555413,-0.42963499
1.3657,-0.09201242,-0.42694607
1.3658,-0.10537805,-0.42383581
1.3659,-0.1186391,-0.42030728
1.3660001,-0.13178252,-0.41636395
1.3661,-0.1447953,-0.41200981
1.3662,-0.15766461,-0.40724909
1.3663,-0.17037778,-0.40208656
1.3664,-0.18292224,-0.39652726
1.3665,-0.19528563,-0.39057678
1.3666,-0.20745574,-0.38424098
1.3667001,-0.21942058,-0.3775261
1.3668,-0.23116834,-0.37043881
1.3669,-0.24268743,-0.36298612
1.367,-0.25396651,-0.35517538
1.3671,-0.26499444,-0.34701431
1.3672,-0.27576032,-0.33851099
1.3673,-0.28625357,-0.32967386
1.3674001,-0.29646385,-0.32051161
1.3674999,-0.30638105,-0.31103331
1.3676,-0.31599542,-0.30124831
1.3677,-0.32529747,-0.29116631
1.3678,-0.33427808,-0.28079727
1.3679,-0.34292832,-0.27015141
1.368,-0.35123968,-0.25923929
1.3681,-0.35920402,-0.24807163
1.3681999,-0.36681348,-0.2366595
1.3683,-0.37406051,-0.22501417
1.3684,-0.38093799,-0.21314715
1.3685,-0.38743919,-0.20107014
1.3686,-0.39355767,-0.18879509
1.3687,-0.39928737,-0.17633411
1.3688,-0.40462273,-0.16369952
1.3688999,-0.40955845,-0.15090378
1.369,-0.41408965,-0.13795952
1.3691,-0.41821194,-0.12487955
1.3692,-0.42192119,-0.11167676
1.3693,-0.42521378,-0.098364204
1.3694,-0.42808652,-0.084955014
1.3695,-0.43053651,-0.071462438
1.3696001,-0.43256143,-0.057899781
1.3697,-0.43415922,-0.044280451
1.3698,-0.43532836,-0.030617882
1.3699,-0.43606773,-0.016925562
1.37,-0.43637657,-0.0032170126
1.3701,-0.43625459,0.010494241
1.3702,-0.43570197,0.024194663
1.3703001,-0.43471923,0.037870727
1.3704,-0.43330735,0.051508944
1.3705,-0.43146777,0.065095842
1.3706,-0.42920232,0.07861802
1.3707,-0.4265132,0.092062131
1.3708,-0.42340311,0.10541491
1.3709,-0.41987517,0.11866318
1.3710001,-0.41593283,0.13179386
1.3710999,-0.41158,0.144794
1.3712,-0.40682101,0.15765077
1.3713,-0.40166056,0.17035148
1.3714,-0.39610374,0.18288361
1.3715,-0.39015606,0.19523479
1.3716,-0.38382342,0.20739283
1.3717,-0.37711206,0.21934573
1.3717999,-0.37002861,0.23108172
1.3719,-0.36258012,0.24258922
1.372,-0.35477388,0.25385687
1.3721,-0.34661767,0.26487353
1.3722,-0.33811954,0.27562839
1.3723,-0.32928786,0.28611076
1.3724,-0.32013136,0.2963104
1.3724999,-0.31065914,0.30621719
1.3726,-0.30088049,0.31582138
1.3727,-0.29080513,0.32511348
1.3728,-0.28044295,0.33408433
1.3729,-0.26980424,0.34272513
1.373,-0.25889951,0.35102731
1.3731,-0.24773951,0.35898271
1.3732001,-0.23633525,0.36658347
1.3733,-0.22469801,0.37382209
1.3734,-0.21283931,0.38069147
1.3735,-0.20077081,0.38718483
1.3736,-0.18850446,0.39329576
1.3737,-0.17605236,0.39901826
1.3738,-0.16342683,0.40434664
1.3739001,-0.15064031,0.40927571
1.374,-0.13770545,0.4138006
1.3741,-0.12463498,0.41791683
1.3742,-0.11144185,0.42162037
1.3743,-0.09813907,0.42490759
1.3744,-0.084739767,0.42777523
1.3745,-0.071257174,0.43022048
1.3746001,-0.057704605,0.43224096
1.3747,-0.044095434,0.43383464
1.3748,-0.030443098,0.435
1.3749,-0.016761074,0.43573588
1.375,-0.0030628671,0.43604156
1.3751,0.010638003,0.43591678
1.3752,0.02432801,0.43536162
1.3753,0.037993643,0.43437672
1.3753999,0.051621415,0.43296298
1.3755,0.06519787,0.43112189
1.3756,0.078709617,0.42885518
1.3757,0.09214332,0.42616516
1.3758,0.10548571,0.42305452
1.3759,0.11872363,0.41952628
1.376,0.13184401,0.41558397
1.3760999,0.14483391,0.41123149
1.3762,0.15768051,0.40647313
1.3763,0.17037112,0.40131357
1.3764,0.18289323,0.395758
1.3765,0.19523449,0.38981184
1.3766,0.20738271,0.38348097
1.3767,0.2193259,0.37677169
1.3767999,0.23105229,0.3696906
1.3769,0.24255031,0.3622447
1.377,0.25380862,0.35444137
1.3771,0.26481608,0.34628829
1.3772,0.27556187,0.33779356
1.3773,0.28603536,0.32896551
1.3774,0.29622626,0.31981292
1.3775001,0.30612448,0.31034479
1.3776,0.31572023,0.30057049
1.3777,0.32500413,0.29049969
1.3778,0.33396694,0.28014231
1.3779,0.34259987,0.26950857
1.378,0.35089439,0.25860903
1.3781,0.35884231,0.24745438
1.3782001,0.36643583,0.23605569
1.3783,0.37366742,0.2244242
1.3784,0.38052997,0.21257138
1.3785,0.38701668,0.20050895
1.3786,0.39312121,0.18824884
1.3787,0.39883754,0.17580311
1.3788,0.40415996,0.16318409
1.3789001,0.40908331,0.15040421
1.3789999,0.41360271,0.13747612
1.3791,0.41771367,0.12441254
1.3792,0.4214122,0.1112264
1.3793,0.42469463,0.097930707
1.3794,0.42755771,0.084538586
1.3795,0.42999864,0.071063265
1.3796,0.43201503,0.057518039
1.3796999,0.4336049,0.043916278
1.3798,0.43476665,0.030271415
1.3799,0.43549919,0.016596915
1.38,0.43580174,0.0029062759
1.3801,0.4356741,-0.010786987
1.3802,0.43511635,-0.024469357
1.3803,0.43412903,-0.038127333
1.3803999,0.43271315,-0.05174743
1.3805,0.43087012,-0.065316208
1.3806,0.42860174,-0.078820273
1.3807,0.42591026,-0.092246294
1.3808,0.4227984,-0.10558102
1.3809,0.41926917,-0.1188113
1.381,0.41532609,-0.13192408
1.3811001,0.41097307,-0.1449064
1.3812,0.40621439,-0.15774545
1.3813,0.40105474,-0.17042857
1.3814,0.39549926,-0.18294325
1.3815,0.38955343,-0.19527714
1.3816,0.38322309,-0.20741804
1.3817,0.37651455,-0.219354
1.3818001,0.36943439,-0.23107323
1.3819,0.36198965,-0.24256416
1.382,0.35418764,-0.25381547
1.3821,0.34603605,-0.26481605
1.3822,0.33754301,-0.27555501
1.3823,0.32871684,-0.28602183
1.3824,0.31956628,-0.29620612
1.3825001,0.31010038,-0.30609784
1.3825999,0.30032846,-0.31568724
1.3827,0.2902602,-0.32496485
1.3828,0.2799055,-0.33392155
1.3829,0.26927462,-0.34254849
1.383,0.25837806,-0.35083714
1.3831,0.24722654,-0.35877931
1.3832,0.23583111,-0.36636722
1.3832999,0.22420301,-0.37359333
1.3834,0.21235371,-0.38045055
1.3835,0.20029491,-0.3869321
1.3836,0.18803854,-0.3930316
1.3837,0.17559667,-0.398743
1.3838,0.1629816,-0.40406069
1.3839,0.15020578,-0.40897945
1.3839999,0.13728181,-0.41349441
1.3841,0.12422246,-0.41760111
1.3842,0.11104061,-0.42129549
1.3843,0.0977493,-0.42457393
1.3844,0.084361628,-0.42743319
1.3845,0.070890814,-0.42987049
1.3846,0.057350151,-0.43188336
1.3846999,0.043753009,-0.43346986
1.3848,0.030112816,-0.43462843
1.3849,0.016443023,-0.4353579
1.385,0.0027571328,-0.43565762
1.3851,-0.010931349,-0.43552724
1.3852,-0.024608914,-0.43496686
1.3853,-0.038262058,-0.43397713
1.3854001,-0.051877309,-0.43255901
1.3855,-0.065441228,-0.43071383
1.3856,-0.078940421,-0.42844349
1.3857,-0.092361577,-0.42575023
1.3858,-0.10569143,-0.42263666
1.3859,-0.11891685,-0.41910592
1.386,-0.13202477,-0.41516146
1.3861001,-0.14500223,-0.41080716
1.3862,-0.15783647,-0.40604737
1.3863,-0.17051479,-0.40088677
1.3864,-0.18302467,-0.39533046
1.3865,-0.19535381,-0.38938391
1.3866,-0.20749,-0.38305303
1.3867,-0.21942125,-0.37634403
1.3868001,-0.23113585,-0.36926353
1.3868999,-0.24262217,-0.36181858
1.387,-0.25386891,-0.35401648
1.3871,-0.26486495,-0.34586495
1.3872,-0.27559948,-0.33737206
1.3873,-0.28606185,-0.32854614
1.3874,-0.29624179,-0.31939596
1.3875,-0.30612922,-0.3099305
1.3875999,-0.31571439,-0.30015916
1.3877,-0.32498783,-0.29009154
1.3878,-0.33394042,-0.27973762
1.3879,-0.34256327,-0.26910758
1.388,-0.35084793,-0.25821194
1.3881,-0.3587862,-0.24706146
1.3882,-0.36637026,-0.23566714
1.3882999,-0.37359259,-0.22404021
1.3884,-0.38044611,-0.21219218
1.3885,-0.38692403,-0.20013471
1.3886,-0.39301994,-0.18787973
1.3887,-0.39872789,-0.17543933
1.3888,-0.40404218,-0.16282578
1.3889,-0.4089576,-0.15005153
1.3890001,-0.41346928,-0.1371292
1.3891,-0.4175728,-0.12407155
1.3892,-0.42126408,-0.11089145
1.3893,-0.42453948,-0.097601928
1.3894,-0.42739579,-0.084216088
1.3895,-0.42983019,-0.070747145
1.3896,-0.43184027,-0.0572084
1.3897001,-0.43342406,-0.043613214
1.3898,-0.43457994,-0.029975001
1.3899,-0.43530685,-0.016307224
1.39,-0.43560404,-0.0026233755
1.3901,-0.43547121,0.01106304
1.3902,-0.43490851,0.024738515
1.3903,-0.43391648,0.038389545
1.3904001,-0.4324961,0.052002665
1.3904999,-0.4306488,0.065564439
1.3906,-0.42837638,0.079061471
1.3907,-0.42568108,0.092480443
1.3908,-0.42256555,0.10580812
1.3909,-0.41903293,0.11903134
1.391,-0.41508663,0.13213706
1.3911,-0.41073057,0.14511232
1.3911999,-0.40596908,0.15794435
1.3913,-0.40080684,0.17062046
1.3914,-0.39524892,0.18312813
1.3915,-0.38930085,0.19545504
1.3916,-0.38296846,0.20758902
1.3917,-0.37625805,0.21951808
1.3918,-0.36917618,0.23123045
1.3918999,-0.36172989,0.24271457
1.392,-0.35392651,0.25395912
1.3921,-0.34577376,0.26495299
1.3922,-0.33727965,0.27568531
1.3923,-0.32845259,0.28614551
1.3924,-0.31930131,0.29632327
1.3925,-0.30983481,0.30620855
1.3926001,-0.30006242,0.31579155
1.3927,-0.28999382,0.32506284
1.3928,-0.27963895,0.33401331
1.3929,-0.26900801,0.34263405
1.393,-0.25811151,0.35091659
1.3931,-0.24696016,0.35885274
1.3932,-0.23556502,0.36643469
1.3933001,-0.2239373,0.37365493
1.3934,-0.21208851,0.38050637
1.3935,-0.20003031,0.3869822
1.3936,-0.18777463,0.39307606
1.3937,-0.17533354,0.39878193
1.3938,-0.16271934,0.40409416
1.3939,-0.14994447,0.40900755
1.3940001,-0.13702154,0.41351718
1.3941,-0.1239633,0.41761866
1.3942,-0.11078264,0.42130789
1.3943,-0.097492576,0.42458129
1.3944,-0.084106207,0.42743558
1.3945,-0.070636764,0.42986792
1.3946,-0.057097539,0.43187597
1.3947001,-0.043501884,0.43345773
1.3947999,-0.029863222,0.43461159
1.3949,-0.01619502,0.4353365
1.395,-0.0025107593,0.43563163
1.3951,0.011176049,0.43549678
1.3952,0.024851896,0.43493202
1.3953,0.038503285,0.43393797
1.3954,0.052116744,0.43251553
1.3954999,0.065678835,0.43066618
1.3956,0.079176165,0.4283917
1.3957,0.092595428,0.42569432
1.3958,0.10592337,0.42257673
1.3959,0.11914683,0.41904199
1.396,0.13225277,0.4150936
1.3961,0.14522824,0.41073546
1.3961999,0.15806045,0.40597183
1.3963,0.1707367,0.40080744
1.3964,0.18324453,0.3952474
1.3965,0.19557154,0.38929716
1.3966,0.2077056,0.38296258
1.3967,0.21963473,0.37624997
1.3968,0.23134714,0.36916593
1.3969001,0.24283126,0.3617174
1.397,0.2540758,0.35391179
1.3971,0.2650696,0.3457568
1.3972,0.27580184,0.33726043
1.3973,0.28626195,0.32843107
1.3974,0.29643956,0.3192775
1.3975,0.30632463,0.30980864
1.3976001,0.31590742,0.30003396
1.3977,0.32517847,0.28996301
1.3978,0.33412862,0.27960575
1.3979,0.34274903,0.26897243
1.398,0.35103118,0.25807354
1.3981,0.35896695,0.24691978
1.3982,0.36654842,0.23552221
1.3983001,0.37376815,0.22389206
1.3983999,0.38061902,0.21204081
1.3985,0.38709426,0.19998015
1.3986,0.39318746,0.18772198
1.3987,0.39889261,0.17527841
1.3988,0.4042041,0.16266172
1.3989,0.40911666,0.14988433
1.399,0.41362542,0.13695888
1.3990999,0.41772595,0.12389812
1.3992,0.42141423,0.11071494
1.3993,0.42468655,0.097422339
1.3994,0.42753971,0.084033445
1.3995,0.42997092,0.070561476
1.3996,0.43197775,0.057019714
1.3997,0.4335582,0.043421529
1.3997999,0.43471071,0.029780345
1.3999,0.43543416,0.016109623
1.4,0.4357278,0.0024228531
1.4001,0.4355914,-0.011266454
1.4002,0.43502501,-0.02494479
1.4003,0.43402922,-0.038598653
1.4004,0.43260503,-0.052214567
1.4005001,0.43075383,-0.065779097
1.4006,0.42847741,-0.079278849
1.4007,0.42577806,-0.092700504
1.4008,0.42265841,-0.10603081
1.4009,0.41912153,-0.11925662
1.401,0.41517094,-0.13236487
1.4011,0.4108105,-0.14534262
1.4012001,0.40604451,-0.15817706
1.4013,0.40087771,-0.17085554
1.4014,0.39531514,-0.18336551
1.4015,0.38936234,-0.19569466
1.4016,0.38302511,-0.2078308
1.4017,0.37630978,-0.21976195
1.4018,0.36922294,-0.23147634
1.4019001,0.36177155,-0.24296239
1.402,0.35396302,-0.25420877
1.4021,0.34580499,-0.2652044
1.4022,0.33730555,-0.27593839
1.4023,0.32847309,-0.28640017
1.4024,0.31931627,-0.29657939
1.4025,0.30984417,-0.30646601
1.4026,0.30006614,-0.31605029
1.4026999,0.2899918,-0.32532272
1.4028,0.27963108,-0.33427417
1.4029,0.26899424,-0.34289584
1.403,0.25809175,-0.35117915
1.4031,0.24693437,-0.35911596
1.4032,0.23553312,-0.36669841
1.4033,0.22389925,-0.37391904
1.4033999,0.21204419,-0.38077071
1.4035,0.19997971,-0.38724667
1.4036,0.18771768,-0.39334047
1.4037,0.17527018,-0.39904612
1.4038,0.16264953,-0.404358
1.4039,0.14986815,-0.40927085
1.404,0.13693868,-0.41377982
1.4040999,0.12387386,-0.41788045
1.4042,0.11068659,-0.42156869
1.4043,0.097389884,-0.4248409
1.4044,0.083996855,-0.42769381
1.4045,0.070520736,-0.43012467
1.4046,0.056974806,-0.43213099
1.4047,0.043372449,-0.43371087
1.4048001,0.029727081,-0.43486267
1.4049,0.016052168,-0.43558529
1.405,0.002361208,-0.43587801
1.4051,-0.011332287,-0.4357405
1.4052,-0.025014805,-0.43517295
1.4053,-0.038672838,-0.43417585
1.4054,-0.052292913,-0.43275023
1.4055001,-0.065861583,-0.43089744
1.4056,-0.079365455,-0.42861933
1.4057,-0.0927912,-0.42591816
1.4058,-0.10612557,-0.42279658
1.4059,-0.11935541,-0.41925764
1.406,-0.13246766,-0.41530487
1.4061,-0.14544936,-0.41094214
1.4062001,-0.1582877,-0.40617371
1.4062999,-0.17097004,-0.40100434
1.4064,-0.18348382,-0.39543912
1.4065,-0.19581671,-0.38948351
1.4066,-0.20795654,-0.3831434
1.4067,-0.21989131,-0.37642503
1.4068,-0.23160924,-0.36933503
1.4069,-0.24309878,-0.36188039
1.4069999,-0.25434858,-0.35406846
1.4071,-0.26534751,-0.34590694
1.4072,-0.27608472,-0.33740392
1.4073,-0.28654966,-0.32856771
1.4074,-0.29673192,-0.31940711
1.4075,-0.30662149,-0.3099311
1.4076,-0.31620863,-0.30014902
1.4076999,-0.3254838,-0.29007056
1.4078,-0.33443791,-0.27970564
1.4079,-0.3430621,-0.26906449
1.408,-0.35134783,-0.25815761
1.4081,-0.35928696,-0.24699573
1.4082,-0.3668716,-0.23558991
1.4083,-0.37409428,-0.22395137
1.4084001,-0.38094789,-0.21209161
1.4085,-0.3874256,-0.20002231
1.4086,-0.3935211,-0.18775539
1.4087,-0.39922827,-0.17530297
1.4088,-0.40454155,-0.1626773
1.4089,-0.40945566,-0.14989087
1.409,-0.41396573,-0.13695629
1.4091001,-0.41806734,-0.1238863
1.4092,-0.42175639,-0.11069382
1.4093,-0.42502925,-0.097391859
1.4094,-0.4278827,-0.083993547
1.4095,-0.43031392,-0.070512094
1.4096,-0.43232045,-0.056960817
1.4097,-0.43390036,-0.043353084
1.4098001,-0.43505207,-0.029702323
1.4099,-0.43577442,-0.016022002
1.41,-0.43606672,-0.0023256277
1.4101,-0.43592861,0.011373289
1.4102,-0.43536031,0.025061226
1.4103,-0.43436232,0.038724676
1.4104,-0.4329356,0.052350149
1.4105,-0.43108159,0.065924205
1.4105999,-0.42880213,0.079433449
1.4107,-0.42609939,0.092864536
1.4108,-0.42297608,0.10620421
1.4109,-0.41943529,0.11943933
1.411,-0.41548046,0.1325568
1.4111,-0.4111155,0.14554368
1.4112,-0.40634474,0.15838717
1.4112999,-0.40117285,0.17107457
1.4114,-0.39560494,0.18359338
1.4115,-0.3896465,0.19593121
1.4116,-0.3833034,0.20807591
1.4117,-0.37658191,0.22001548
1.4118,-0.36948863,0.23173814
1.4119,-0.36203054,0.24323231
1.4119999,-0.35421503,0.25448662
1.4121,-0.34604982,0.26549003
1.4122,-0.33754292,0.27623159
1.4123,-0.32870272,0.28670076
1.4124,-0.31953797,0.29688716
1.4125,-0.31005767,0.30678076
1.4126,-0.30027121,0.31637177
1.4127001,-0.29018825,0.32565072
1.4128,-0.27981868,0.33460847
1.4129,-0.26917276,0.34323618
1.413,-0.258261,0.35152528
1.4131,-0.24709415,0.35946766
1.4132,-0.23568323,0.36705539
1.4133,-0.22403951,0.37428102
1.4134001,-0.21217445,0.38113743
1.4135,-0.20009977,0.3876178
1.4136,-0.18782738,0.39371577
1.4137,-0.1753694,0.3994253
1.4138,-0.1627381,0.40474075
1.4139,-0.14994596,0.40965685
1.414,-0.13700558,0.41416878
1.4141001,-0.12392976,0.41827202
1.4141999,-0.11073137,0.42196259
1.4143,-0.097423457,0.42523676
1.4144,-0.084019139,0.42809135
1.4145,-0.070531636,0.43052351
1.4146,-0.056974277,0.43253088
1.4147,-0.043360423,0.43411139
1.4148,-0.029703515,0.43526348
1.4148999,-0.016017031,0.4359861
1.415,-0.002314473,0.43627843
1.4151,0.011390635,0.43614021
1.4152,0.025084766,0.43557158
1.4153,0.038754407,0.43457308
1.4154,0.052386068,0.43314567
1.4155,0.065966293,0.43129081
1.4155999,0.079481684,0.42901024
1.4157,0.092918903,0.42630625
1.4158,0.10626468,0.4231815
1.4159,0.11950585,0.41963908
1.416,0.13262933,0.41568244
1.4161,0.14562219,0.4113155
1.4162,0.15847158,0.40654257
1.4163001,0.17116486,0.40136832
1.4164,0.18368945,0.39579791
1.4165,0.196033,0.38983676
1.4166,0.20818333,0.38349077
1.4167,0.22012846,0.3767662
1.4168,0.23185658,0.36966971
1.4169,0.24335612,0.36220822
1.4170001,0.25461572,0.35438916
1.4171,0.26562428,0.34622023
1.4172,0.27637094,0.33770943
1.4173,0.28684503,0.3288652
1.4174,0.29703629,0.31969628
1.4175,0.3069346,0.31021163
1.4176,0.31653017,0.3004207
1.4177001,0.32581359,0.29033309
1.4177999,0.33477566,0.27995878
1.4179,0.34340751,0.26930797
1.418,0.35170066,0.2583912
1.4181,0.35964689,0.2472192
1.4182,0.36723834,0.23580302
1.4183,0.37446755,0.22415391
1.4184,0.38132736,0.21228336
1.4184999,0.38781098,0.20020309
1.4186,0.39391202,0.18792503
1.4187,0.39962444,0.17546125
1.4188,0.4049426,0.16282406
1.4189,0.40986127,0.15002596
1.419,0.41437554,0.13707955
1.4191,0.41848099,0.12399761
1.4191999,0.42217353,0.11079305
1.4193,0.42544952,0.097478896
1.4194,0.42830575,0.084068276
1.4195,0.43073934,0.07057444
1.4196,0.4327479,0.057010684
1.4197,0.43432948,0.043390401
1.4198,0.43548244,0.029727036
1.4198999,0.43620569,0.016034065
1.42,0.43649849,0.0023250014
1.4201,0.43636054,-0.011386624
1.4202,0.43579197,-0.02508728
1.4203,0.43479332,-0.038763452
1.4204,0.43336558,-0.052401636
1.4205,0.43151018,-0.065988369
1.4206001,0.4292289,-0.079510257
1.4207,0.42652398,-0.092953943
1.4208,0.42339814,-0.10630617
1.4209,0.41985437,-0.11955374
1.421,0.41589624,-0.13268359
1.4211,0.4115276,-0.14568277
1.4212,0.40675277,-0.15853843
1.4213001,0.40157643,-0.17123789
1.4214,0.39600372,-0.18376862
1.4215,0.39004013,-0.19611824
1.4216,0.38369149,-0.20827457
1.4217,0.37696412,-0.2202256
1.4218,0.36986461,-0.23195955
1.4219,0.36239997,-0.24346481
1.4220001,0.35457754,-0.25473005
1.4220999,0.34640509,-0.26574412
1.4222,0.33789062,-0.27649617
1.4223,0.32904255,-0.28697559
1.4224,0.31986961,-0.29717198
1.4225,0.31038082,-0.30707535
1.4226,0.30058557,-0.31667587
1.4227,0.29049352,-0.32596406
1.4227999,0.28011459,-0.33493078
1.4229,0.26945904,-0.34356716
1.423,0.25853738,-0.35186467
1.4231,0.24736041,-0.35981509
1.4232,0.2359391,-0.3674106
1.4233,0.22428475,-0.37464371
1.4234,0.21240884,-0.38150722
1.4234999,0.2003231,-0.38799441
1.4236,0.18803947,-0.39409885
1.4237,0.17557001,-0.39981449
1.4238,0.16292708,-0.40513572
1.4239,0.15012313,-0.41005725
1.424,0.13717079,-0.41457421
1.4241,0.12408284,-0.41868216
1.4242001,0.1108722,-0.42237702
1.4243,0.097551897,-0.42565516
1.4244,0.084135085,-0.42851332
1.4245,0.070634983,-0.43094867
1.4246,0.057064932,-0.43295881
1.4247,0.043438312,-0.43454173
1.4248,0.029768569,-0.43569589
1.4249001,0.016069194,-0.43642011
1.425,0.0023537048,-0.4367137
1.4251,-0.011364363,-0.43657631
1.4252,-0.025071474,-0.43600813
1.4253,-0.038754102,-0.43500969
1.4254,-0.052398738,-0.43358195
1.4255,-0.065991923,-0.43172634
1.4256001,-0.07952024,-0.42944467
1.4256999,-0.092970341,-0.42673916
1.4258,-0.10632894,-0.42361251
1.4259,-0.11958287,-0.42006779
1.426,-0.13271904,-0.41610846
1.4261,-0.14572448,-0.41173846
1.4262,-0.15858637,-0.40696207
1.4263,-0.17129199,-0.40178403
1.4263999,-0.18382882,-0.39620939
1.4265,-0.19618447,-0.39024368
1.4266,-0.20834677,-0.38389277
1.4267,-0.22030368,-0.37716293
1.4268,-0.23204343,-0.37006077
1.4269,-0.2435544,-0.36259332
1.427,-0.25482526,-0.35476792
1.4270999,-0.26584485,-0.34659231
1.4272,-0.2766023,-0.33807454
1.4273,-0.28708702,-0.32922301
1.4274,-0.2972886,-0.32004642
1.4275,-0.30719703,-0.31055388
1.4276,-0.3168025,-0.3007547
1.4277,-0.32609552,-0.29065856
1.4278001,-0.33506691,-0.28027543
1.4279,-0.34370783,-0.26961556
1.428,-0.35200974,-0.25868943
1.4281,-0.35996443,-0.24750784
1.4282,-0.36756408,-0.23608181
1.4283,-0.37480113,-0.22442262
1.4284,-0.38166848,-0.21254177
1.4285001,-0.3881593,-0.20045099
1.4286,-0.39426723,-0.18816218
1.4287,-0.39998621,-0.17568748
1.4288,-0.40531057,-0.16303921
1.4289,-0.41023508,-0.15022981
1.429,-0.41475487,-0.13727197
1.4291,-0.41886547,-0.12417844
1.4292001,-0.42256281,-0.11096214
1.4293,-0.42584324,-0.097636126
1.4294,-0.42870352,-0.084213533
1.4295,-0.43114081,-0.070707604
1.4296,-0.43315271,-0.057131682
1.4297,-0.43473721,-0.043499146
1.4298,-0.43589273,-0.029823454
1.4299001,-0.43661818,-0.0161181
1.4299999,-0.43691278,-0.0023966099
1.4301,-0.43677622,0.011327479
1.4302,-0.4362087,0.025040621
1.4303,-0.43521073,0.038729284
1.4304,-0.43378326,0.052379962
1.4305,-0.43192774,0.065979183
1.4306,-0.42964599,0.07951352
1.4306999,-0.42694023,0.092969619
1.4308,-0.4238131,0.10633421
1.4309,-0.42026776,0.11959409
1.431,-0.41630763,0.13273618
1.4311,-0.41193664,0.1457475
1.4312,-0.40715909,0.15861522
1.4313,-0.40197968,0.17132664
1.4313999,-0.39640355,0.1838692
1.4315,-0.39043614,0.19623053
1.4316,-0.38408339,0.20839842
1.4317,-0.37735152,0.22036088
1.4318,-0.37024719,0.23210607
1.4319,-0.36277738,0.24362242
1.432,-0.3549495,0.25489858
1.4321001,-0.34677124,0.26592335
1.4322,-0.33825067,0.27668592
1.4323,-0.32939616,0.28717566
1.4324,-0.32021651,0.29738215
1.4325,-0.31072071,0.30729538
1.4326,-0.30091816,0.31690553
1.4327,-0.29081854,0.32620311
1.4328001,-0.28043178,0.33517897
1.4329,-0.26976812,0.34382421
1.433,-0.25883812,0.35213032
1.4331,-0.24765255,0.36008909
1.4332,-0.2362224,0.36769268
1.4333,-0.22455901,0.37493354
1.4334,-0.21267384,0.38180456
1.4335001,-0.20057863,0.3882989
1.4335999,-0.18828531,0.39441019
1.4337,-0.17580602,0.40013242
1.4338,-0.16315305,0.40545985
1.4339,-0.1503389,0.41038731
1.434,-0.13737622,0.41490987
1.4341,-0.12427779,0.4190231
1.4342,-0.11105652,0.42272291
1.4342999,-0.097725473,0.42600563
1.4344,-0.084297799,0.42886806
1.4345,-0.070786744,0.43130735
1.4346,-0.057205644,0.43332106
1.4347,-0.043567892,0.43490723
1.4348,-0.02988695,0.43606424
1.4349,-0.016176322,0.43679103
1.4349999,-0.002449532,0.43708679
1.4351,0.011279874,0.43695125
1.4352,0.024998344,0.43638459
1.4353,0.038692344,0.43538725
1.4354,0.05234836,0.43396032
1.4355,0.065952912,0.43210515
1.4356,0.079492584,0.42982358
1.4357001,0.092954002,0.42711785
1.4358,0.10632389,0.42399061
1.4359,0.11958905,0.42044494
1.436,0.13273638,0.41648436
1.4361,0.14575292,0.41211277
1.4362,0.15862581,0.40733445
1.4363,0.17134236,0.40215412
1.4364001,0.18389001,0.39657691
1.4365,0.19625638,0.39060831
1.4366,0.20842926,0.38425416
1.4367,0.22039664,0.3775208
1.4368,0.2321467,0.37041479
1.4369,0.24366784,0.3629432
1.437,0.25494871,0.35511339
1.4371001,0.26597816,0.34693304
1.4372,0.27674529,0.33841026
1.4373,0.28723946,0.32955343
1.4374,0.29745036,0.3203713
1.4375,0.30736789,0.31087294
1.4376,0.31698224,0.30106768
1.4377,0.32628393,0.29096523
1.4378,0.33526379,0.28057554
1.4378999,0.34391296,0.26990888
1.438,0.35222286,0.25897571
1.4381,0.3601853,0.24778688
1.4382,0.36779246,0.23635341
1.4383,0.37503678,0.22468656
1.4384,0.3819111,0.21279787
1.4385,0.38840869,0.20069905
1.4385999,0.39452308,0.18840204
1.4387,0.40024826,0.17591897
1.4388,0.40557855,0.16326216
1.4389,0.41050872,0.15044411
1.439,0.41503388,0.13747743
1.4391,0.41914955,0.12437495
1.4392,0.42285168,0.11114959
1.4392999,0.42613661,0.097814396
1.4394,0.42900109,0.084382519
1.4395,0.43144229,0.070867226
1.4396,0.43345779,0.057281844
1.4397,0.4350456,0.043639779
1.4398,0.43620417,0.029954499
1.4399,0.4369323,0.016239498
1.4400001,0.43722931,0.0025083164
1.4401,0.43709487,-0.011225495
1.4402,0.43652916,-0.024948388
1.4403,0.43553266,-0.038646817
1.4404,0.43410644,-0.052307267
1.4405,0.43225181,-0.065916255
1.4406,0.42997065,-0.079460353
1.4407001,0.4272652,-0.092926189
1.4408,0.4241381,-0.10630048
1.4409,0.42059246,-0.11957003
1.441,0.41663176,-0.13272174
1.4411,0.41225994,-0.14574262
1.4412,0.40748122,-0.15861984
1.4413,0.40230042,-0.17134067
1.4414001,0.39672258,-0.18389258
1.4414999,0.39075321,-0.19626315
1.4416,0.38439819,-0.20844018
1.4417,0.37766385,-0.22041169
1.4418,0.37055674,-0.23216581
1.4419,0.36308393,-0.24369097
1.442,0.35525277,-0.2549758
1.4421,0.34707096,-0.26600912
1.4421999,0.33854663,-0.2767801
1.4423,0.32968816,-0.28727806
1.4424,0.32050425,-0.29749265
1.4425,0.31100401,-0.30741379
1.4426,0.30119681,-0.31703171
1.4427,0.29109228,-0.32633686
1.4428,0.28070045,-0.33532012
1.4428999,0.27003151,-0.34397259
1.443,0.25909606,-0.35228571
1.4431,0.24790479,-0.36025131
1.4432,0.23646884,-0.36786151
1.4433,0.22479942,-0.37510878
1.4434,0.21290809,-0.38198599
1.4435,0.20080656,-0.38848636
1.4436001,0.18850677,-0.3946034
1.4437,0.17602085,-0.40033117
1.4438,0.16336115,-0.40566397
1.4439,0.15054013,-0.41059649
1.444,0.13757044,-0.41512394
1.4441,0.12446491,-0.41924179
1.4442,0.11123644,-0.42294601
1.4443001,0.097898088,-0.4262329
1.4444,0.084463023,-0.42909923
1.4445,0.070944503,-0.43154219
1.4446,0.057355862,-0.43355936
1.4447,0.043710511,-0.43514872
1.4448,0.030021913,-0.43630871
1.4449,0.016303577,-0.43703818
1.4450001,0.0025690421,-0.43733642
1.4450999,-0.011168141,-0.43720311
1.4452,-0.024894416,-0.43663841
1.4453,-0.038596239,-0.43564284
1.4454,-0.052260082,-0.43421742
1.4455,-0.065872468,-0.43236348
1.4456,-0.079419963,-0.43008295
1.4457,-0.092889197,-0.42737797
1.4457999,-0.10626688,-0.42425129
1.4459,-0.1195398,-0.42070594
1.446,-0.13269487,-0.41674542
1.4461,-0.1457191,-0.41237366
1.4462,-0.15859964,-0.40759498
1.4463,-0.17132378,-0.40241405
1.4464,-0.18387896,-0.39683601
1.4464999,-0.19625279,-0.39086634
1.4466,-0.20843306,-0.38451096
1.4467,-0.22040774,-0.37777612
1.4468,-0.23216501,-0.37066844
1.4469,-0.24369329,-0.363195
1.447,-0.25498119,-0.35536307
1.4471,-0.26601756,-0.34718046
1.4471999,-0.27679151,-0.33865523
1.4473,-0.28729239,-0.32979575
1.4474,-0.29750988,-0.32061079
1.4475,-0.30743387,-0.31110942
1.4476,-0.31705457,-0.301301
1.4477,-0.32636246,-0.29119521
1.4478,-0.3353484,-0.28080201
1.4479001,-0.34400347,-0.27013168
1.448,-0.35231915,-0.2591947
1.4481,-0.36028725,-0.24800192
1.4482,-0.36789986,-0.23656434
1.4483,-0.37514949,-0.22489326
1.4484,-0.38202903,-0.21300021
1.4485,-0.3885316,-0.2008969
1.4486001,-0.39465085,-0.18859529
1.4487,-0.4003807,-0.17610751
1.4488,-0.4057155,-0.16344589
1.4489,-0.41065001,-0.1506229
1.449,-0.41517934,-0.13765123
1.4491,-0.41929901,-0.12454366
1.4492,-0.42300496,-0.11131311
1.4493001,-0.42629352,-0.097972669
1.4493999,-0.42916146,-0.084535472
1.4495,-0.43160594,-0.071014784
1.4496,-0.43362457,-0.057423957
1.4497,-0.43521529,-0.043776397
1.4498,-0.43637657,-0.030085566
1.4499,-0.43710729,-0.016364982
1.45,-0.43740669,-0.0026281828
1.4500999,-0.43727449,0.011111279
1.4502,-0.43671077,0.024839843
1.4503,-0.43571615,0.038543962
1.4504,-0.4342916,0.052210111
1.4505,-0.43243846,0.065824807
1.4506,-0.43015864,0.079374611
1.4507,-0.42745432,0.092846155
1.4507999,-0.42432824,0.10622614
1.4509,-0.4207834,0.11950137
1.451,-0.41682336,0.13265873
1.4511,-0.41245198,0.14568526
1.4512,-0.4076736,0.15856807
1.4513,-0.40249291,0.17129448
1.4514,-0.39691505,0.18385191
1.4515001,-0.39094552,0.19622798
1.4516,-0.38459021,0.20841046
1.4517,-0.37785536,0.22038734
1.4518,-0.37074766,0.23214681
1.4519,-0.36327404,0.24367724
1.452,-0.35544196,0.25496727
1.4521,-0.34725913,0.26600575
1.4522001,-0.33873361,0.27678177
1.4523,-0.3298738,0.28728473
1.4524,-0.32068846,0.29750425
1.4525,-0.31118664,0.30743021
1.4526,-0.30137774,0.31705287
1.4527,-0.29127142,0.3263627
1.4528,-0.28087762,0.33535054
1.4529001,-0.27020666,0.34400746
1.4529999,-0.25926903,0.35232499
1.4531,-0.24807554,0.36029488
1.4532,-0.23663722,0.36790925
1.4533,-0.22496536,0.3751606
1.4534,-0.2130715,0.38204181
1.4535,-0.20096733,0.38854602
1.4536,-0.18866484,0.39466688
1.4536999,-0.17617615,0.40039828
1.4538,-0.16351357,0.40573463
1.4539,-0.15068962,0.41067061
1.454,-0.13771693,0.41520137
1.4541,-0.12460833,0.41932243
1.4542,-0.11137674,0.42302975
1.4543,-0.098035216,0.42631966
1.4543999,-0.084596924,0.42918885
1.4545,-0.071075127,0.43163458
1.4546,-0.05748317,0.4336544
1.4547,-0.043834459,0.43524629
1.4548,-0.030142469,0.4364087
1.4549,-0.016420711,0.43714049
1.455,-0.0026827224,0.4374409
1.4551001,0.011057938,0.43730968
1.4552,0.024787707,0.43674695
1.4553,0.038493041,0.43575323
1.4554,0.052160416,0.43432954
1.4555,0.065776341,0.43247727
1.4556,0.079327375,0.43019822
1.4557,0.092800155,0.42749467
1.4558001,0.10618138,0.42436931
1.4559,0.11945785,0.42082515
1.456,0.13261646,0.41686574
1.4561,0.14564422,0.41249502
1.4562,0.15852828,0.4077172
1.4563,0.17125592,0.40253708
1.4564,0.18381459,0.39695975
1.4565001,0.19619188,0.39099067
1.4566,0.20837559,0.38463581
1.4567,0.22035369,0.37790138
1.4568,0.23211436,0.37079406
1.4569,0.243646,0.36332083
1.457,0.25493723,0.35548908
1.4571,0.26597688,0.34730655
1.4572001,0.27675411,0.3387813
1.4572999,0.28725824,0.32992172
1.4574,0.29747891,0.32073662
1.4575,0.30740604,0.31123501
1.4576,0.31702983,0.30142626
1.4577,0.32634079,0.29132009
1.4578,0.33532974,0.28092644
1.4579,0.34398779,0.2702556
1.4579999,0.3523064,0.25931805
1.4581,0.36027735,0.24812461
1.4582,0.3678928,0.23668635
1.4583,0.37514523,0.22501454
1.4584,0.38202748,0.21312067
1.4585,0.38853273,0.2010165
1.4586,0.3946546,0.18871398
1.4586999,0.40038702,0.17622526
1.4588,0.40572438,0.16356263
1.4589,0.41066134,0.15073863
1.459,0.41519308,0.13776585
1.4591,0.4193151,0.12465717
1.4592,0.42302337,0.11142547
1.4593,0.4263142,0.098083831
1.4594001,0.42918435,0.084645413
1.4595,0.431631,0.071123488
1.4596,0.43365172,0.057531379
1.4597,0.4352445,0.043882512
1.4598,0.4364078,0.03019036
1.4599,0.43714046,0.016468426
1.46,0.43744177,0.0027302543
1.4601001,0.43731141,-0.011010595
1.4602,0.43674952,-0.024740566
1.4603,0.43575665,-0.038446106
1.4604,0.4343338,-0.052113693
1.4605,0.43248233,-0.065729834
1.4606,0.43020412,-0.079281099
1.4607,0.42750138,-0.092754118
1.4608001,0.42437682,-0.10613558
1.4608999,0.42083347,-0.1194123
1.461,0.41687486,-0.13257116
1.4611,0.41250488,-0.14559917
1.4612,0.40772787,-0.15848349
1.4613,0.40254852,-0.17121141
1.4614,0.39697197,-0.18377036
1.4615,0.39100367,-0.19614793
1.4615999,0.38464957,-0.20833193
1.4617,0.37791592,-0.22031033
1.4618,0.37080932,-0.2320713
1.4619,0.36333686,-0.24360324
1.462,0.35550588,-0.25489479
1.4621,0.34732407,-0.26593477
1.4622,0.33879957,-0.27671233
1.4622999,0.32994077,-0.28721678
1.4624,0.32075641,-0.29743779
1.4625,0.31125554,-0.30736527
1.4626,0.30144754,-0.31698945
1.4627,0.29134211,-0.32630077
1.4628,0.28094921,-0.33529007
1.4629,0.27027908,-0.34394851
1.4630001,0.25934228,-0.35226753
1.4631,0.2481496,-0.36023891
1.4632,0.23671207,-0.36785477
1.4633,0.22504099,-0.37510762
1.4634,0.21314786,-0.38199031
1.4635,0.20104444,-0.38849604
1.4636,0.18874265,-0.39461836
1.4637001,0.17625466,-0.40035126
1.4638,0.16359277,-0.40568909
1.4639,0.15076949,-0.41062656
1.464,0.13779746,-0.41515881
1.4641,0.1246895,-0.41928139
1.4642,0.11145854,-0.4229902
1.4643,0.098117627,-0.4262816
1.4644001,0.084679931,-0.42915231
1.4645,0.071158722,-0.43159956
1.4646,0.057567332,-0.43362087
1.4647,0.043919187,-0.43521428
1.4648,0.030227741,-0.43637824
1.4649,0.016506514,-0.43711156
1.465,0.0027690462,-0.43741354
1.4651,-0.010971108,-0.43728387
1.4651999,-0.024700386,-0.4367227
1.4653,-0.038405243,-0.43573058
1.4654,-0.052072152,-0.43430847
1.4655,-0.065687627,-0.43245777
1.4656,-0.079238228,-0.43018034
1.4657,-0.092710592,-0.42747843
1.4658,-0.10609141,-0.42435467
1.4658999,-0.1193675,-0.42081219
1.466,-0.13252573,-0.41685447
1.4661,-0.14555314,-0.41248539
1.4662,-0.15843686,-0.40770927
1.4663,-0.1711642,-0.40253088
1.4664,-0.18372257,-0.39695525
1.4665,-0.19609959,-0.39098796
1.4665999,-0.20828305,-0.38463485
1.4667,-0.22026092,-0.37790221
1.4668,-0.23202139,-0.37079665
1.4669,-0.24355285,-0.36332527
1.467,-0.25484392,-0.35549533
1.4671,-0.26588345,-0.34731466
1.4672,-0.27666056,-0.33879128
1.4673001,-0.28716463,-0.32993361
1.4674,-0.29738525,-0.32075039
1.4675,-0.3073124,-0.31125072
1.4676,-0.31693619,-0.3014439
1.4677,-0.32624722,-0.2913397
1.4678,-0.33523625,-0.28094801
1.4679,-0.34389442,-0.27027914
1.4680001,-0.3522132,-0.25934362
1.4681,-0.36018437,-0.24815221
1.4682,-0.36780009,-0.23671599
1.4683,-0.37505278,-0.2250462
1.4684,-0.38193536,-0.21315441
1.4685,-0.388441,-0.20105232
1.4686,-0.39456326,-0.18875189
1.4687001,-0.40029615,-0.17626527
1.4687999,-0.40563402,-0.16360475
1.4689,-0.41057155,-0.15078285
1.469,-0.41510388,-0.13781223
1.4691,-0.41922659,-0.12470567
1.4692,-0.42293555,-0.11147612
1.4693,-0.42622715,-0.098136619
1.4694,-0.4290981,-0.084700353
1.4694999,-0.43154562,-0.071180567
1.4696,-0.43356726,-0.057590611
1.4697,-0.43516102,-0.043943897
1.4698,-0.43632534,-0.030253885
1.4699,-0.4370591,-0.016534092
1.47,-0.43736157,-0.0027980565
1.4701,-0.4372324,0.010940668
1.4701999,-0.43667179,0.024668522
1.4703,-0.43568027,0.038371958
1.4704,-0.43425879,0.052037451
1.4705,-0.43240881,0.065651521
1.4706,-0.43013209,0.07920073
1.4707,-0.42743096,0.0926717
1.4708,-0.424308,0.10605115
1.4709001,-0.42076638,0.11932587
1.471,-0.41680953,0.13248275
1.4711,-0.4124414,0.14550884
1.4712,-0.40766627,0.15839125
1.4713,-0.40248889,0.17111728
1.4714,-0.39691433,0.18367438
1.4715,-0.39094815,0.19605015
1.4716001,-0.38459617,0.20823237
1.4717,-0.37786469,0.22020903
1.4718,-0.37076038,0.23196833
1.4719,-0.36329025,0.24349864
1.472,-0.35546163,0.25478858
1.4721,-0.34728229,0.26582703
1.4722,-0.33876029,0.27660307
1.4723001,-0.32990402,0.2871061
1.4724,-0.32072228,0.29732573
1.4725,-0.31122407,0.3072519
1.4726,-0.30141878,0.3168748
1.4727,-0.29131612,0.32618493
1.4728,-0.28092605,0.3351731
1.4729,-0.27025881,0.34383047
1.473,-0.25932494,0.3521485
1.4730999,-0.24813521,0.36011893
1.4732,-0.23670068,0.36773396
1.4733,-0.22503264,0.37498602
1.4734,-0.21314262,0.381868
1.4735,-0.20104231,0.38837311
1.4736,-0.1887437,0.39449489
1.4737,-0.17625891,0.40022734
1.4737999,-0.16360025,0.40556479
1.4739,-0.15078023,0.41050199
1.474,-0.1378115,0.41503406
1.4741,-0.12470684,0.41915649
1.4742,-0.11147922,0.4228653
1.4743,-0.098141663,0.42615676
1.4744,-0.084707342,0.42902765
1.4744999,-0.071189523,0.43147513
1.4746,-0.057601534,0.43349683
1.4747,-0.043956794,0.43509069
1.4748,-0.030268764,0.43625519
1.4749,-0.016550956,0.43698916
1.475,-0.0028169057,0.43729186
1.4751,0.010919832,0.43716305
1.4752001,0.024645701,0.43660283
1.4753,0.038347155,0.43561172
1.4754,0.052010678,0.43419078
1.4755,0.065622777,0.43234134
1.4756,0.079170026,0.43006527
1.4757,0.092639051,0.4273648
1.4758,0.10601657,0.42424262
1.4759001,0.11928937,0.42070177
1.476,0.13244435,0.41674578
1.4761,0.14546855,0.41237858
1.4762,0.1583491,0.40760443
1.4763,0.17107329,0.40242806
1.4764,0.18362857,0.39685461
1.4765,0.19600254,0.39088956
1.4766001,0.20818301,0.3845388
1.4766999,0.22015795,0.3778086
1.4768,0.23191553,0.3707056
1.4769,0.24344417,0.36323681
1.477,0.25473249,0.35540965
1.4771,0.26576933,0.34723178
1.4772,0.27654383,0.33871129
1.4773,0.28704533,0.3298566
1.4773999,0.2972635,0.32067648
1.4775,0.30718824,0.31117994
1.4776,0.31680974,0.3013764
1.4777,0.32611853,0.2912755
1.4778,0.33510542,0.28088722
1.4779,0.34376156,0.27022183
1.478,0.35207838,0.25928986
1.4780999,0.3600477,0.24810205
1.4782,0.36766163,0.23666951
1.4783,0.37491268,0.22500348
1.4784,0.38179371,0.2131155
1.4785,0.38829789,0.20101728
1.4786,0.39441884,0.18872078
1.4787,0.40015048,0.17623812
1.4788001,0.40548721,0.16358164
1.4789,0.41042376,0.15076381
1.479,0.4149552,0.1377973
1.4791,0.41907713,0.12469489
1.4792,0.42278543,0.11146953
1.4793,0.4260765,0.098134249
1.4794,0.42894706,0.084702231
1.4795001,0.43139428,0.071186721
1.4796,0.43341574,0.057601064
1.4797,0.43500948,0.04395866
1.4798,0.43617392,0.030272977
1.4799,0.43690789,0.01655752
1.48,0.43721071,0.0028258264
1.4801,0.43708202,-0.010908552
1.4802001,0.43652201,-0.024632063
1.4802999,0.43553123,-0.038331162
1.4804,0.43411061,-0.051992331
1.4805,0.43226162,-0.065602086
1.4806,0.42998606,-0.079147004
1.4807,0.42728615,-0.092613705
1.4808,0.42416459,-0.1059889
1.4809,0.42062446,-0.11925941
1.4809999,0.41666928,-0.13241212
1.4811,0.41230291,-0.14543405
1.4812,0.40752968,-0.15831237
1.4813,0.40235433,-0.17103435
1.4814,0.39678192,-0.18358745
1.4815,0.390818,-0.19595927
1.4816,0.38446844,-0.20813762
1.4816999,0.37773949,-0.22011046
1.4818,0.3706378,-0.23186599
1.4819,0.36317042,-0.2433926
1.482,0.35534468,-0.25467893
1.4821,0.3471683,-0.26571384
1.4822,0.33864939,-0.27648643
1.4823,0.32979634,-0.28698608
1.4823999,0.32061788,-0.29720244
1.4825,0.3111231,-0.30712542
1.4826,0.30132136,-0.31674522
1.4827,0.2912223,-0.32605237
1.4828,0.28083593,-0.33503768
1.4829,0.27017248,-0.34369227
1.483,0.2592425,-0.3520076
1.4831001,0.24805675,-0.35997549
1.4832,0.2366263,-0.36758804
1.4833,0.2249624,-0.37483779
1.4834,0.21307658,-0.38171756
1.4835,0.20098059,-0.38822058
1.4836,0.18868633,-0.3943404
1.4837,0.17620595,-0.40007102
1.4838001,0.16355179,-0.40540677
1.4839,0.15073632,-0.41034237
1.484,0.13777217,-0.414873
1.4841,0.12467217,-0.41899416
1.4842,0.11144924,-0.42270178
1.4843,0.098116413,-0.42599222
1.4844,0.084686868,-0.42886221
1.4845001,0.071173847,-0.43130898
1.4845999,0.057590693,-0.43333006
1.4847,0.043950811,-0.43492347
1.4848,0.030267658,-0.43608764
1.4849,0.016554737,-0.43682143
1.485,0.0028255905,-0.43712416
1.4851,-0.010906242,-0.43699548
1.4852,-0.024627203,-0.43643552
1.4852999,-0.038323753,-0.43544486
1.4854,-0.051982377,-0.43402445
1.4855,-0.065589592,-0.43217576
1.4856,-0.079131976,-0.42990056
1.4857,-0.092596158,-0.42720109
1.4858,-0.10596886,-0.42408007
1.4859,-0.11923686,-0.42054054
1.4859999,-0.1323871,-0.41658601
1.4861,-0.14540659,-0.41222039
1.4862,-0.15828246,-0.40744799
1.4863,-0.17100203,-0.40227351
1.4864,-0.18355276,-0.39670208
1.4865,-0.19592223,-0.3907392
1.4866,-0.20809825,-0.38439074
1.4867001,-0.2200688,-0.37766296
1.4868,-0.23182207,-0.37056252
1.4869,-0.24334648,-0.36309648
1.487,-0.25463066,-0.35527211
1.4871,-0.26566342,-0.34709719
1.4872,-0.27643394,-0.3385798
1.4873,-0.28693154,-0.32972834
1.4874001,-0.2971459,-0.32055151
1.4875,-0.30706695,-0.31105843
1.4876,-0.31668487,-0.30125841
1.4877,-0.32599017,-0.29116118
1.4878,-0.33497369,-0.28077668
1.4879,-0.34362656,-0.27011517
1.488,-0.35194021,-0.25918716
1.4881001,-0.35990649,-0.24800344
1.4881999,-0.36751753,-0.23657504
1.4883,-0.37476578,-0.22491325
1.4884,-0.38164416,-0.21302961
1.4885,-0.3881458,-0.20093581
1.4886,-0.39426437,-0.1886438
1.4887,-0.39999378,-0.17616571
1.4888,-0.40532836,-0.16351385
1.4888999,-0.41026291,-0.15070073
1.489,-0.41479254,-0.13773897
1.4891,-0.41891277,-0.12464138
1.4892,-0.42261955,-0.11142088
1.4893,-0.42590919,-0.098090522
1.4894,-0.4287785,-0.084663458
1.4895,-0.43122461,-0.07115294
1.4895999,-0.43324515,-0.057572301
1.4897,-0.43483809,-0.043934952
1.4898,-0.43600187,-0.030254344
1.4899,-0.43673536,-0.016543983
1.49,-0.43703783,-0.0028173972
1.4901,-0.43690899,0.010911866
1.4902,-0.43634894,0.024630254
1.4903001,-0.43535829,0.038324233
1.4904,-0.43393797,0.051980287
1.4905,-0.43208939,0.065584935
1.4906,-0.42981443,0.079124764
1.4907,-0.42711526,0.092586391
1.4908,-0.42399463,0.10595655
1.4909,-0.42045555,0.11922204
1.4910001,-0.41650155,0.13236977
1.4911,-0.41213655,0.14538676
1.4912,-0.40736485,0.15826018
1.4913,-0.40219113,0.17097731
1.4914,-0.39662051,0.18352561
1.4915,-0.39065856,0.19589269
1.4916,-0.38431105,0.20806634
1.4917001,-0.37758434,0.22003457
1.4918,-0.37048504,0.23178557
1.4919,-0.36302012,0.24330771
1.492,-0.35519704,0.25458965
1.4921,-0.34702346,0.26562026
1.4922,-0.33850741,0.27638865
1.4923,-0.32965741,0.28688416
1.4924001,-0.32048211,0.29709649
1.4924999,-0.31099057,0.30701554
1.4926,-0.30119219,0.3166315
1.4927,-0.29109666,0.32593492
1.4928,-0.28071389,0.33491659
1.4929,-0.27005413,0.34356767
1.493,-0.25912797,0.35187963
1.4931,-0.24794614,0.35984424
1.4931999,-0.23651969,0.36745366
1.4933,-0.22485991,0.3747004
1.4934,-0.21297827,0.38157725
1.4935,-0.20088655,0.3880775
1.4936,-0.18859665,0.39419469
1.4937,-0.1761207,0.39992282
1.4938,-0.16347103,0.40525621
1.4938999,-0.15066013,0.4101896
1.494,-0.13770062,0.41471815
1.4941,-0.1246053,0.41883737
1.4942,-0.1113871,0.4225432
1.4943,-0.098059073,0.42583197
1.4944,-0.084634356,0.42870048
1.4945,-0.071126215,0.43114588
1.4946001,-0.057547968,0.43316576
1.4947,-0.043913018,0.43475813
1.4948,-0.03023483,0.4359214
1.4949,-0.016526897,0.43665448
1.495,-0.0028027473,0.43695658
1.4951,0.010924072,0.43682745
1.4952,0.024640014,0.4362672
1.4953001,0.038331546,0.43527642
1.4954,0.051985152,0.43385604
1.4955,0.065587357,0.43200749
1.4956,0.079124741,0.42973262
1.4957,0.092583947,0.42703363
1.4958,0.10595168,0.42391321
1.4959,0.11921477,0.42037445
1.4960001,0.1323601,0.41642085
1.4960999,0.14537472,0.41205633
1.4962,0.15824577,0.40728512
1.4963,0.17096056,0.40211201
1.4964,0.18350655,0.39654207
1.4965,0.19587134,0.39058083
1.4966,0.20804274,0.38423416
1.4967,0.22000875,0.37750831
1.4967999,0.23175754,0.37040994
1.4969,0.24327752,0.36294603
1.497,0.25455734,0.35512403
1.4971,0.26558584,0.34695154
1.4972,0.27635217,0.33843672
1.4973,0.28684568,0.32958794
1.4974,0.29705602,0.32041395
1.4974999,0.30697316,0.31092378
1.4976,0.31658724,0.30112684
1.4977,0.32588881,0.29103276
1.4978,0.33486873,0.28065151
1.4979,0.34351808,0.26999334
1.498,0.35182834,0.25906879
1.4981,0.35979134,0.24788864
1.4982001,0.36739919,0.2364639
1.4983,0.3746444,0.22480588
1.4984,0.38151979,0.21292605
1.4985,0.38801864,0.20083615
1.4986,0.39413449,0.18854813
1.4987,0.39986134,0.1760741
1.4988,0.40519351,0.16342637
1.4989001,0.41012576,0.15061745
1.499,0.41465318,0.13765994
1.4991,0.41877139,0.12456666
1.4992,0.42247626,0.11135053
1.4993,0.42576414,0.098024577
1.4994,0.42863181,0.084601969
1.4995,0.43107644,0.071095951
1.4996001,0.4330956,0.057519838
1.4997,0.43468735,0.043887049
1.4998,0.43585008,0.03021103
1.4999,0.43658262,0.016505279
1.5,0.43688434,0.0027833236
1.5,0.43688434,0.0027833236
