"Time","smpmM.stator.electroMagneticConverter.singlePhaseElectroMagneticConverter[2].Phi.im","smpmM.stator.electroMagneticConverter.singlePhaseElectroMagneticConverter[1].Phi.re"
0,-0,-0.50552762
9.9999997e-05,-6.5704251e-13,-0.50552833
0.00019999999,-9.2992098e-12,-0.50553042
0.00030000001,-4.5671619e-11,-0.50553393
0.00039999999,-1.4462219e-10,-0.50553882
0.00050000002,-3.5130729e-10,-0.50554508
0.00060000003,-7.2631312e-10,-0.50555271
0.00069999998,-1.3402941e-09,-0.50556171
0.00079999998,-2.2757598e-09,-0.50557208
0.00089999998,-3.6305061e-09,-0.50558376
0.001,-5.5173559e-09,-0.50559682
0.0011,-8.0565847e-09,-0.50561118
0.0012000001,-1.1382019e-08,-0.50562686
0.0013,-1.5643996e-08,-0.50564384
0.0014,-2.0999732e-08,-0.50566214
0.0015,-2.7622622e-08,-0.50568169
0.0016,-3.5698861e-08,-0.50570256
0.0017,-4.5426269e-08,-0.50572473
0.0018,-5.7011025e-08,-0.50574815
0.0019,-7.0675512e-08,-0.50577283
0.0020000001,-8.6652648e-08,-0.50579876
0.0020999999,-1.0518632e-07,-0.505826
0.0022,-1.2653358e-07,-0.50585443
0.0023000001,-1.5096214e-07,-0.50588405
0.0024000001,-1.7875145e-07,-0.50591499
0.0024999999,-2.1019329e-07,-0.50594711
0.0026,-2.4558975e-07,-0.50598043
0.0027000001,-2.8525545e-07,-0.506015
0.0027999999,-3.295163e-07,-0.50605071
0.0029,-3.7870868e-07,-0.50608766
0.003,-4.3318119e-07,-0.50612581
0.0031000001,-4.9329327e-07,-0.50616509
0.0031999999,-5.5941564e-07,-0.50620562
0.0033,-6.3193022e-07,-0.50624722
0.0034,-7.112294e-07,-0.50629008
0.0035000001,-7.9771723e-07,-0.50633407
0.0035999999,-8.9180827e-07,-0.50637919
0.0037,-9.9392821e-07,-0.50642544
0.0038000001,-1.1045132e-06,-0.50647283
0.0038999999,-1.2240108e-06,-0.5065214
0.0040000002,-1.3528789e-06,-0.50657105
0.0041,-1.491586e-06,-0.50662184
0.0041999999,-1.640611e-06,-0.50667375
0.0043000001,-1.8004438e-06,-0.5067268
0.0044,-1.9715844e-06,-0.50678092
0.0044999998,-2.1545443e-06,-0.50683612
0.0046000001,-2.349844e-06,-0.50689244
0.0046999999,-2.5580148e-06,-0.50694984
0.0048000002,-2.7795986e-06,-0.50700831
0.0049000001,-3.0151475e-06,-0.50706792
0.0049999999,-3.2652242e-06,-0.50712854
0.0051000002,-3.530401e-06,-0.50719029
0.0052,-3.8112607e-06,-0.50725305
0.0052999998,-4.1083958e-06,-0.50731689
0.0054000001,-4.4224093e-06,-0.50738174
0.0055,-4.7539138e-06,-0.50744772
0.0055999998,-5.1035327e-06,-0.50751466
0.0057000001,-5.4718985e-06,-0.50758272
0.0057999999,-5.8596534e-06,-0.50765175
0.0059000002,-6.2674508e-06,-0.50772184
0.0060000001,-6.6959524e-06,-0.50779295
0.0060999999,-7.1458308e-06,-0.50786507
0.0062000002,-7.617768e-06,-0.50793821
0.0063,-8.1124554e-06,-0.50801235
0.0063999998,-8.6305936e-06,-0.50808758
0.0065000001,-9.1728944e-06,-0.50816369
0.0066,-9.740078e-06,-0.50824088
0.0066999998,-1.0332875e-05,-0.50831908
0.0068000001,-1.0952025e-05,-0.50839823
0.0068999999,-1.1598276e-05,-0.50847834
0.0070000002,-1.2272388e-05,-0.50855947
0.0071,-1.2975128e-05,-0.5086416
0.0071999999,-1.3707274e-05,-0.50872463
0.0073000002,-1.4469612e-05,-0.50880867
0.0074,-1.526294e-05,-0.50889373
0.0074999998,-1.6088063e-05,-0.50897968
0.0076000001,-1.6945793e-05,-0.50906664
0.0077,-1.7836957e-05,-0.5091545
0.0077999998,-1.8762388e-05,-0.50924337
0.0078999996,-1.9722929e-05,-0.50933313
0.0080000004,-2.071943e-05,-0.50942385
0.0081000002,-2.1752752e-05,-0.50951552
0.0082,-2.2823766e-05,-0.50960815
0.0082999999,-2.3933349e-05,-0.50970173
0.0083999997,-2.5082392e-05,-0.5097962
0.0085000005,-2.6271791e-05,-0.50989157
0.0086000003,-2.750245e-05,-0.50998789
0.0087000001,-2.8775288e-05,-0.51008517
0.0088,-3.0091227e-05,-0.51018327
0.0088999998,-3.14512e-05,-0.5102824
0.0089999996,-3.2856147e-05,-0.51038235
0.0091000004,-3.4307024e-05,-0.51048321
0.0092000002,-3.5804787e-05,-0.51058501
0.0093,-3.7350408e-05,-0.51068771
0.0093999999,-3.8944861e-05,-0.5107913
0.0094999997,-4.0589133e-05,-0.51089579
0.0096000005,-4.228422e-05,-0.51100111
0.0097000003,-4.4031127e-05,-0.51110739
0.0098000001,-4.5830864e-05,-0.51121449
0.0098999999,-4.7684458e-05,-0.51132256
0.0099999998,-4.9592931e-05,-0.51143146
0.0101,-5.155733e-05,-0.51154119
0.0102,-5.3578697e-05,-0.51165181
0.0103,-5.5658089e-05,-0.51176333
0.0104,-5.7796573e-05,-0.51187575
0.0105,-5.9995222e-05,-0.51198894
0.0106,-6.2255123e-05,-0.51210308
0.0107,-6.4577354e-05,-0.512218
0.0108,-6.6963032e-05,-0.51233381
0.0109,-6.9413247e-05,-0.51245046
0.011,-7.1929127e-05,-0.512568
0.0111,-7.4511801e-05,-0.51268637
0.0112,-7.7162389e-05,-0.51280552
0.0113,-7.9882047e-05,-0.51292557
0.0114,-8.2671919e-05,-0.51304644
0.0115,-8.553316e-05,-0.51316816
0.0116,-8.8466943e-05,-0.5132907
0.0117,-9.1474445e-05,-0.51341408
0.0118,-9.4556846e-05,-0.5135383
0.0119,-9.7715347e-05,-0.51366335
0.012,-0.00010095114,-0.51378918
0.0121,-0.00010426544,-0.5139159
0.0122,-0.00010765946,-0.51404333
0.0123,-0.00011113444,-0.51417166
0.0124,-0.0001146916,-0.51430076
0.0125,-0.0001183322,-0.5144307
0.0126,-0.00012205748,-0.51456141
0.0127,-0.0001258687,-0.51469296
0.0128,-0.00012976714,-0.51482534
0.0129,-0.00013375406,-0.51495844
0.013,-0.00013783076,-0.51509243
0.0131,-0.00014199852,-0.51522714
0.0132,-0.00014625867,-0.51536268
0.0133,-0.00015061247,-0.515499
0.0134,-0.00015506129,-0.51563615
0.0135,-0.00015960644,-0.51577401
0.0136,-0.00016424924,-0.51591271
0.0137,-0.00016899106,-0.51605219
0.0138,-0.00017383324,-0.51619244
0.0139,-0.00017877713,-0.51633346
0.014,-0.0001838241,-0.51647526
0.0141,-0.00018897555,-0.51661783
0.0142,-0.00019423284,-0.51676112
0.0143,-0.00019959737,-0.51690525
0.0144,-0.00020507055,-0.51705015
0.0145,-0.00021065379,-0.51719582
0.0146,-0.00021634849,-0.51734221
0.0147,-0.0002221561,-0.51748937
0.0148,-0.00022807805,-0.51763731
0.0149,-0.00023411577,-0.51778597
0.015,-0.0002402707,-0.51793545
0.0151,-0.00024654434,-0.5180856
0.0152,-0.00025293813,-0.51823658
0.0153,-0.00025945355,-0.51838827
0.0154,-0.00026609207,-0.51854068
0.0155,-0.00027285522,-0.51869386
0.0156,-0.00027974448,-0.51884782
0.015699999,-0.00028676135,-0.51900244
0.015799999,-0.00029390733,-0.51915789
0.015900001,-0.00030118402,-0.51931399
0.016000001,-0.00030859286,-0.51947087
0.016100001,-0.00031613544,-0.51962852
0.0162,-0.00032381332,-0.51978683
0.0163,-0.00033162802,-0.51994592
0.0164,-0.00033958117,-0.52010572
0.0165,-0.00034767427,-0.52026623
0.0166,-0.00035590894,-0.52042747
0.0167,-0.00036428677,-0.52058947
0.016799999,-0.00037280936,-0.52075213
0.016899999,-0.00038147828,-0.52091551
0.017000001,-0.00039029523,-0.52107966
0.017100001,-0.00039926174,-0.52124447
0.017200001,-0.00040837951,-0.52141005
0.0173,-0.00041765015,-0.52157629
0.0174,-0.00042707531,-0.5217433
0.0175,-0.00043665667,-0.52191097
0.0176,-0.00044639586,-0.52207935
0.0177,-0.00045629457,-0.52224839
0.0178,-0.00046635448,-0.5224182
0.017899999,-0.00047657726,-0.52258867
0.017999999,-0.00048696465,-0.52275985
0.018100001,-0.00049751834,-0.52293175
0.018200001,-0.00050824002,-0.52310431
0.018300001,-0.00051913143,-0.52327758
0.0184,-0.00053019432,-0.52345157
0.0185,-0.00054143037,-0.52362621
0.0186,-0.0005528414,-0.52380157
0.0187,-0.00056442909,-0.52397758
0.0188,-0.00057619531,-0.52415425
0.0189,-0.00058814173,-0.52433169
0.018999999,-0.00060027017,-0.52450973
0.019099999,-0.00061258243,-0.52468848
0.019200001,-0.00062508025,-0.52486789
0.019300001,-0.00063776551,-0.52504802
0.019400001,-0.00065064,-0.5252288
0.0195,-0.00066370552,-0.52541023
0.0196,-0.00067696394,-0.52559239
0.0197,-0.00069041701,-0.52577519
0.0198,-0.00070406665,-0.52595866
0.0199,-0.00071791472,-0.52614278
0.02,-0.00073196308,-0.52632755
0.020099999,-0.0007462136,-0.52651304
0.020199999,-0.00076066807,-0.52669913
0.020300001,-0.00077532849,-0.52688593
0.020400001,-0.0007901967,-0.52707332
0.020500001,-0.00080527464,-0.52726144
0.0206,-0.00082056422,-0.5274502
0.0207,-0.00083606737,-0.52763957
0.0208,-0.00085178594,-0.52782965
0.0209,-0.00086772192,-0.52802032
0.021,-0.00088387728,-0.52821171
0.0211,-0.00090025394,-0.5284037
0.021199999,-0.0009168539,-0.52859634
0.021299999,-0.00093367905,-0.52878964
0.021400001,-0.00095073145,-0.52898353
0.021500001,-0.00096801308,-0.52917814
0.021600001,-0.0009855259,-0.52937335
0.0217,-0.0010032719,-0.52956915
0.0218,-0.0010212532,-0.52976567
0.0219,-0.0010394717,-0.52996278
0.022,-0.0010579295,-0.53016055
0.0221,-0.0010766286,-0.53035891
0.0222,-0.001095571,-0.53055793
0.022299999,-0.0011147589,-0.53075755
0.022399999,-0.0011341942,-0.53095782
0.022500001,-0.0011538791,-0.53115869
0.022600001,-0.0011738156,-0.53136021
0.022700001,-0.0011940058,-0.53156233
0.0228,-0.0012144519,-0.5317651
0.0229,-0.0012351557,-0.53196847
0.023,-0.0012561197,-0.53217244
0.0231,-0.0012773458,-0.53237706
0.0232,-0.0012988363,-0.53258228
0.0233,-0.0013205931,-0.5327881
0.023399999,-0.0013426185,-0.53299457
0.023499999,-0.0013649146,-0.53320163
0.023600001,-0.0013874836,-0.5334093
0.023700001,-0.0014103276,-0.53361756
0.023800001,-0.0014334489,-0.53382641
0.0239,-0.0014568496,-0.53403592
0.024,-0.0014805319,-0.53424597
0.0241,-0.0015044981,-0.53445667
0.0242,-0.0015287503,-0.53466791
0.0243,-0.0015532908,-0.5348798
0.0244,-0.0015781217,-0.53509229
0.024499999,-0.0016032454,-0.53530532
0.024599999,-0.0016286641,-0.535519
0.024700001,-0.00165438,-0.53573328
0.024800001,-0.0016803954,-0.5359481
0.024900001,-0.0017067126,-0.53616351
0.025,-0.001733334,-0.53637952
0.0251,-0.0017602616,-0.53659612
0.0252,-0.001787498,-0.53681332
0.0253,-0.0018150453,-0.53703105
0.0254,-0.0018429058,-0.53724939
0.0255,-0.0018710819,-0.53746831
0.025599999,-0.001899576,-0.53768784
0.025699999,-0.0019283905,-0.5379079
0.025800001,-0.0019575274,-0.53812855
0.025900001,-0.0019869895,-0.53834981
0.026000001,-0.0020167788,-0.5385716
0.0261,-0.002046898,-0.53879392
0.0262,-0.0020773492,-0.53901684
0.0263,-0.0021081348,-0.53924036
0.0264,-0.0021392575,-0.53946441
0.0265,-0.0021707194,-0.53968906
0.0266,-0.0022025232,-0.53991425
0.026699999,-0.0022346713,-0.54013997
0.026799999,-0.0022671658,-0.54036629
0.026900001,-0.0023000094,-0.54059315
0.027000001,-0.0023332043,-0.5408206
0.027100001,-0.0023667535,-0.54104859
0.0272,-0.002400659,-0.54127711
0.0273,-0.0024349233,-0.54150617
0.0274,-0.0024695492,-0.54173577
0.0275,-0.002504539,-0.54196596
0.0276,-0.002539895,-0.54219669
0.0277,-0.0025756201,-0.54242796
0.027799999,-0.0026117167,-0.54265976
0.027899999,-0.0026481871,-0.5428921
0.028000001,-0.0026850342,-0.54312503
0.028100001,-0.0027222603,-0.54335845
0.028200001,-0.002759868,-0.54359239
0.0283,-0.00279786,-0.54382688
0.0284,-0.0028362386,-0.54406196
0.0285,-0.0028750068,-0.54429752
0.0286,-0.0029141665,-0.54453361
0.0287,-0.0029537212,-0.54477024
0.0288,-0.0029936729,-0.54500741
0.028899999,-0.0030340243,-0.54524505
0.028999999,-0.003074778,-0.54548329
0.029100001,-0.0031159369,-0.54572201
0.029200001,-0.0031575034,-0.54596126
0.029300001,-0.0031994802,-0.54620099
0.0294,-0.0032418701,-0.54644132
0.0295,-0.0032846755,-0.54668212
0.0296,-0.0033278994,-0.5469234
0.0297,-0.0033715442,-0.54716527
0.0298,-0.0034156127,-0.54740757
0.029899999,-0.0034601078,-0.54765046
0.029999999,-0.0035050318,-0.54789382
0.030099999,-0.0035503879,-0.54813766
0.030200001,-0.0035961783,-0.54838204
0.030300001,-0.0036424063,-0.5486269
0.030400001,-0.0036890742,-0.54887229
0.0305,-0.0037361849,-0.54911816
0.0306,-0.0037837413,-0.54936451
0.0307,-0.0038317461,-0.54961139
0.0308,-0.0038802018,-0.54985875
0.0309,-0.0039291116,-0.55010664
0.030999999,-0.0039784783,-0.55035496
0.031099999,-0.004028304,-0.55060381
0.031199999,-0.0040785926,-0.55085313
0.031300001,-0.0041293465,-0.55110294
0.031399999,-0.0041805678,-0.55135328
0.031500001,-0.0042322604,-0.55160403
0.031599998,-0.0042844266,-0.55185533
0.0317,-0.0043370696,-0.55210704
0.031800002,-0.0043901918,-0.55235928
0.0319,-0.0044437964,-0.55261195
0.032000002,-0.0044978862,-0.55286515
0.032099999,-0.004552464,-0.55311877
0.032200001,-0.0046075326,-0.55337292
0.032299999,-0.0046630953,-0.55362749
0.032400001,-0.0047191549,-0.55388254
0.032499999,-0.0047757146,-0.55413806
0.032600001,-0.0048327767,-0.55439407
0.032699998,-0.0048903441,-0.55465049
0.0328,-0.0049484205,-0.55490738
0.032900002,-0.0050070086,-0.55516475
0.033,-0.0050661112,-0.5554226
0.033100002,-0.0051257308,-0.55568087
0.033199999,-0.0051858714,-0.55593961
0.033300001,-0.0052465354,-0.55619878
0.033399999,-0.0053077261,-0.55645841
0.033500001,-0.0053694462,-0.55671853
0.033599999,-0.0054316986,-0.55697906
0.0337,-0.005494487,-0.55724001
0.033799998,-0.0055578137,-0.55750144
0.0339,-0.0056216824,-0.55776328
0.034000002,-0.0056860955,-0.5580256
0.0341,-0.0057510566,-0.55828834
0.034200002,-0.0058165682,-0.55855149
0.034299999,-0.0058826343,-0.55881512
0.034400001,-0.0059492569,-0.55907911
0.034499999,-0.0060164402,-0.55934358
0.034600001,-0.0060841865,-0.55960852
0.034699999,-0.006152499,-0.55987382
0.0348,-0.0062213815,-0.5601396
0.034899998,-0.0062908363,-0.56040573
0.035,-0.0063608666,-0.56067234
0.035100002,-0.0064314762,-0.56093931
0.0352,-0.0065026679,-0.56120676
0.035300002,-0.0065744449,-0.56147462
0.035399999,-0.0066468106,-0.56174284
0.035500001,-0.0067197671,-0.56201154
0.035599999,-0.0067933192,-0.5622806
0.035700001,-0.0068674688,-0.56255007
0.035799999,-0.00694222,-0.56281996
0.0359,-0.0070175757,-0.56309026
0.035999998,-0.0070935385,-0.56336099
0.0361,-0.0071701128,-0.56363207
0.036200002,-0.0072473008,-0.56390357
0.0363,-0.0073251068,-0.56417543
0.036400001,-0.007403533,-0.56444776
0.036499999,-0.0074825832,-0.56472039
0.036600001,-0.0075622606,-0.5649935
0.036699999,-0.0076425686,-0.56526691
0.036800001,-0.0077235103,-0.56554079
0.036899999,-0.007805089,-0.56581497
0.037,-0.0078873085,-0.56608957
0.037099998,-0.007970171,-0.56636459
0.0372,-0.0080536818,-0.56663996
0.037300002,-0.0081378417,-0.56691569
0.0374,-0.0082226563,-0.56719178
0.037500001,-0.0083081275,-0.56746829
0.037599999,-0.008394259,-0.56774515
0.037700001,-0.0084810546,-0.56802237
0.037799999,-0.0085685169,-0.56829995
0.037900001,-0.0086566499,-0.56857789
0.037999999,-0.008745457,-0.56885624
0.0381,-0.0088349422,-0.56913489
0.038199998,-0.0089251073,-0.5694139
0.0383,-0.0090159569,-0.56969333
0.038400002,-0.0091074938,-0.56997305
0.0385,-0.0091997217,-0.57025313
0.038600001,-0.0092926444,-0.57053357
0.038699999,-0.0093862647,-0.57081437
0.038800001,-0.0094805872,-0.57109547
0.038899999,-0.0095756138,-0.57137698
0.039000001,-0.0096713491,-0.57165879
0.039099999,-0.0097677959,-0.5719409
0.0392,-0.009864958,-0.57222342
0.039299998,-0.0099628391,-0.57250625
0.0394,-0.010061442,-0.57278937
0.039500002,-0.010160771,-0.57307285
0.0396,-0.010260829,-0.57335669
0.039700001,-0.01036162,-0.57364082
0.039799999,-0.010463147,-0.57392526
0.039900001,-0.010565415,-0.57421005
0.039999999,-0.010668426,-0.57449514
0.040100001,-0.010772184,-0.57478052
0.040199999,-0.010876693,-0.57506627
0.0403,-0.010981956,-0.57535231
0.040399998,-0.011087975,-0.57563865
0.0405,-0.011194757,-0.57592529
0.040600002,-0.011302304,-0.57621223
0.0407,-0.011410619,-0.57649952
0.040800001,-0.011519706,-0.57678705
0.040899999,-0.011629569,-0.57707494
0.041000001,-0.011740211,-0.57736307
0.041099999,-0.011851637,-0.5776515
0.041200001,-0.011963849,-0.57794023
0.041299999,-0.012076851,-0.57822925
0.0414,-0.012190647,-0.57851857
0.041499998,-0.012305241,-0.57880819
0.0416,-0.012420637,-0.57909805
0.041700002,-0.012536837,-0.5793882
0.0418,-0.012653845,-0.5796786
0.041900001,-0.012771666,-0.57996935
0.041999999,-0.012890304,-0.58026028
0.042100001,-0.013009761,-0.58055151
0.042199999,-0.013130041,-0.58084303
0.042300001,-0.013251148,-0.5811348
0.042399999,-0.013373086,-0.58142686
0.0425,-0.013495859,-0.5817191
0.042599998,-0.01361947,-0.5820117
0.0427,-0.013743924,-0.58230448
0.042800002,-0.013869223,-0.58259755
0.0429,-0.013995372,-0.58289081
0.043000001,-0.014122374,-0.58318436
0.043099999,-0.014250234,-0.58347815
0.043200001,-0.014378954,-0.58377218
0.043299999,-0.014508539,-0.58406645
0.043400001,-0.014638992,-0.58436096
0.043499999,-0.014770318,-0.5846557
0.0436,-0.01490252,-0.58495069
0.043699998,-0.015035602,-0.58524591
0.0438,-0.015169567,-0.58554131
0.043900002,-0.015304421,-0.58583695
0.044,-0.015440166,-0.58613282
0.044100001,-0.015576806,-0.58642894
0.044199999,-0.015714345,-0.58672523
0.044300001,-0.015852787,-0.58702177
0.044399999,-0.015992135,-0.58731848
0.044500001,-0.016132396,-0.58761537
0.044599999,-0.016273569,-0.58791256
0.0447,-0.016415661,-0.58820987
0.044799998,-0.016558677,-0.58850741
0.0449,-0.016702617,-0.58880514
0.045000002,-0.016847488,-0.58910304
0.0451,-0.016993294,-0.58940119
0.045200001,-0.017140036,-0.58969951
0.045299999,-0.017287722,-0.58999801
0.045400001,-0.017436352,-0.59029669
0.045499999,-0.017585933,-0.59059548
0.045600001,-0.017736467,-0.59089452
0.045699999,-0.017887957,-0.59119374
0.0458,-0.018040409,-0.59149313
0.045899998,-0.018193828,-0.59179264
0.046,-0.018348215,-0.59209239
0.046100002,-0.018503577,-0.59239227
0.0462,-0.018659916,-0.59269226
0.046300001,-0.018817235,-0.59299248
0.046399999,-0.018975539,-0.59329277
0.046500001,-0.019134833,-0.5935933
0.046599999,-0.019295121,-0.59389395
0.046700001,-0.019456403,-0.59419471
0.046799999,-0.01961869,-0.59449565
0.0469,-0.019781981,-0.59479672
0.046999998,-0.019946281,-0.5950979
0.0471,-0.020111592,-0.59539926
0.047200002,-0.020277923,-0.59570068
0.0473,-0.020445276,-0.59600228
0.047400001,-0.020613652,-0.596304
0.047499999,-0.020783057,-0.59660584
0.047600001,-0.020953497,-0.59690779
0.047699999,-0.021124974,-0.59720987
0.047800001,-0.021297492,-0.59751207
0.047899999,-0.021471055,-0.59781438
0.048,-0.021645669,-0.59811676
0.048099998,-0.021821335,-0.59841925
0.0482,-0.021998059,-0.59872186
0.048300002,-0.022175847,-0.59902453
0.0484,-0.022354698,-0.59932733
0.048500001,-0.02253462,-0.59963018
0.048599999,-0.022715615,-0.59993315
0.048700001,-0.022897689,-0.60023624
0.048799999,-0.023080844,-0.60053933
0.048900001,-0.023265086,-0.60084254
0.048999999,-0.023450419,-0.6011458
0.0491,-0.023636846,-0.60144919
0.049199998,-0.02382437,-0.60175258
0.0493,-0.024012998,-0.60205609
0.049400002,-0.024202732,-0.60235959
0.0495,-0.024393577,-0.60266322
0.049600001,-0.024585538,-0.60296685
0.049699999,-0.024778616,-0.60327059
0.049800001,-0.024972819,-0.60357434
0.049899999,-0.025168147,-0.60387808
0.050000001,-0.025364609,-0.60418195
0.050099999,-0.025562204,-0.60448581
0.0502,-0.025760941,-0.60478973
0.050299998,-0.025960822,-0.60509366
0.0504,-0.026161849,-0.60539764
0.050500002,-0.02636403,-0.60570163
0.0506,-0.026567366,-0.60600561
0.050700001,-0.026771864,-0.60630965
0.050799999,-0.026977524,-0.6066137
0.050900001,-0.027184354,-0.60691774
0.050999999,-0.027392358,-0.60722178
0.051100001,-0.027601538,-0.60752583
0.051199999,-0.0278119,-0.60782987
0.0513,-0.028023446,-0.60813397
0.051399998,-0.028236182,-0.60843801
0.0515,-0.028450113,-0.608742
0.051600002,-0.028665241,-0.60904604
0.0517,-0.02888157,-0.60935003
0.051800001,-0.029099107,-0.60965401
0.051899999,-0.029317854,-0.60995793
0.052000001,-0.029537814,-0.61026186
0.052099999,-0.029758995,-0.61056578
0.052200001,-0.029981397,-0.61086959
0.052299999,-0.030205028,-0.61117339
0.0524,-0.03042989,-0.6114772
0.052499998,-0.030655988,-0.61178088
0.0526,-0.030883323,-0.61208457
0.052700002,-0.031111903,-0.61238819
0.0528,-0.031341732,-0.6126917
0.052900001,-0.031572815,-0.61299521
0.052999999,-0.03180515,-0.61329859
0.053100001,-0.032038748,-0.61360198
0.053199999,-0.032273613,-0.61390525
0.053300001,-0.032509744,-0.6142084
0.053399999,-0.032747149,-0.61451155
0.0535,-0.032985833,-0.61481458
0.053599998,-0.033225797,-0.61511749
0.0537,-0.033467047,-0.61542034
0.053800002,-0.033709589,-0.61572307
0.0539,-0.033953425,-0.61602575
0.054000001,-0.034198556,-0.61632824
0.054099999,-0.034444991,-0.61663067
0.054200001,-0.034692734,-0.61693299
0.054299999,-0.034941789,-0.61723518
0.054400001,-0.035192158,-0.61753726
0.054499999,-0.035443846,-0.61783922
0.0546,-0.035696857,-0.618141
0.054699998,-0.035951197,-0.61844271
0.0548,-0.036206868,-0.61874425
0.054900002,-0.036463875,-0.61904562
0.055,-0.036722224,-0.61934686
0.055100001,-0.036981918,-0.61964798
0.055199999,-0.03724296,-0.61994892
0.055300001,-0.037505355,-0.62024969
0.055399999,-0.037769105,-0.62055033
0.055500001,-0.038034219,-0.6208508
0.055599999,-0.0383007,-0.62115109
0.0557,-0.038568549,-0.6214512
0.055799998,-0.038837768,-0.62175113
0.0559,-0.039108369,-0.62205088
0.056000002,-0.039380353,-0.62235045
0.0561,-0.039653722,-0.62264979
0.056200001,-0.039928481,-0.62294894
0.056299999,-0.040204637,-0.62324792
0.056400001,-0.04048219,-0.62354666
0.056499999,-0.040761147,-0.62384522
0.056600001,-0.041041512,-0.62414354
0.056699999,-0.041323286,-0.62444168
0.0568,-0.041606478,-0.62473959
0.056899998,-0.041891087,-0.62503725
0.057,-0.042177122,-0.62533468
0.057100002,-0.042464584,-0.62563187
0.0572,-0.04275348,-0.62592882
0.057300001,-0.043043811,-0.62622553
0.057399999,-0.043335583,-0.626522
0.057500001,-0.043628801,-0.62681818
0.057599999,-0.043923467,-0.62711412
0.057700001,-0.044219583,-0.62740982
0.057799999,-0.044517159,-0.62770522
0.0579,-0.044816196,-0.62800038
0.057999998,-0.045116697,-0.62829524
0.0581,-0.045418669,-0.62858981
0.058200002,-0.045722112,-0.62888408
0.0583,-0.046027035,-0.62917805
0.058400001,-0.04633344,-0.62947178
0.058499999,-0.046641327,-0.62976515
0.058600001,-0.046950709,-0.63005829
0.058699999,-0.047261581,-0.63035107
0.058800001,-0.047573954,-0.63064355
0.058899999,-0.047887828,-0.63093567
0.059,-0.048203208,-0.63122749
0.059099998,-0.048520099,-0.63151896
0.0592,-0.048838504,-0.63181013
0.059300002,-0.049158428,-0.63210094
0.0594,-0.049479872,-0.63239145
0.059500001,-0.049802843,-0.63268155
0.059599999,-0.050127346,-0.63297135
0.059700001,-0.050453383,-0.63326073
0.059799999,-0.050780959,-0.63354975
0.059900001,-0.051110078,-0.63383847
0.059999999,-0.051440742,-0.63412678
0.0601,-0.05177296,-0.63441467
0.060199998,-0.052106727,-0.63470221
0.0603,-0.052442055,-0.63498938
0.060400002,-0.052778948,-0.63527614
0.0605,-0.053117406,-0.63556248
0.060600001,-0.053457435,-0.63584846
0.060699999,-0.053799037,-0.63613397
0.060800001,-0.054142218,-0.63641912
0.060899999,-0.054486983,-0.63670379
0.061000001,-0.054833334,-0.6369881
0.061099999,-0.055181276,-0.63727194
0.0612,-0.055530809,-0.63755536
0.061299998,-0.055881944,-0.63783836
0.0614,-0.056234676,-0.63812089
0.061500002,-0.056589019,-0.63840294
0.0616,-0.05694497,-0.63868457
0.061700001,-0.057302535,-0.63896573
0.061799999,-0.057661716,-0.6392464
0.061900001,-0.058022518,-0.63952667
0.061999999,-0.058384947,-0.63980639
0.062100001,-0.058749005,-0.64008564
0.062199999,-0.059114698,-0.64036441
0.0623,-0.059482027,-0.6406427
0.062399998,-0.059850994,-0.64092046
0.0625,-0.060221605,-0.64119774
0.062600002,-0.06059387,-0.64147449
0.062700003,-0.060967781,-0.64175075
0.062799998,-0.06134335,-0.64202648
0.062899999,-0.06172058,-0.64230168
0.063000001,-0.062099472,-0.64257634
0.063100003,-0.062480029,-0.64285046
0.063199997,-0.062862262,-0.64312404
0.063299999,-0.063246161,-0.64339709
0.0634,-0.063631743,-0.64366955
0.063500002,-0.064019009,-0.64394146
0.063600004,-0.06440796,-0.64421284
0.063699998,-0.064798601,-0.64448363
0.0638,-0.065190934,-0.64475381
0.063900001,-0.065584965,-0.64502347
0.064000003,-0.065980695,-0.64529246
0.064099997,-0.066378124,-0.64556092
0.064199999,-0.066777267,-0.64582872
0.064300001,-0.067178123,-0.64609599
0.064400002,-0.067580685,-0.6463626
0.064499997,-0.067984976,-0.64662862
0.064599998,-0.06839098,-0.64689398
0.0647,-0.068798713,-0.64715874
0.064800002,-0.069208175,-0.64742285
0.064900003,-0.069619365,-0.6476863
0.064999998,-0.070032299,-0.6479491
0.065099999,-0.070446968,-0.6482113
0.065200001,-0.070863381,-0.64847279
0.065300003,-0.071281537,-0.64873362
0.065399997,-0.071701452,-0.64899379
0.065499999,-0.07212311,-0.64925325
0.0656,-0.072546534,-0.64951211
0.065700002,-0.072971709,-0.6497702
0.065800004,-0.073398657,-0.65002763
0.065899998,-0.073827364,-0.65028435
0.066,-0.074257843,-0.65054035
0.066100001,-0.074690096,-0.65079564
0.066200003,-0.07512413,-0.65105021
0.066299997,-0.075559944,-0.65130407
0.066399999,-0.075997539,-0.65155721
0.066500001,-0.076436922,-0.65180957
0.066600002,-0.076878093,-0.65206116
0.066699997,-0.07732106,-0.65231204
0.066799998,-0.077765822,-0.6525622
0.0669,-0.078212388,-0.65281153
0.067000002,-0.078660756,-0.65306014
0.067100003,-0.079110928,-0.65330791
0.067199998,-0.07956291,-0.65355498
0.067299999,-0.08001671,-0.6538012
0.067400001,-0.08047232,-0.6540466
0.067500003,-0.080929749,-0.65429127
0.067599997,-0.081389003,-0.65453506
0.067699999,-0.081850082,-0.65477806
0.0678,-0.082312986,-0.6550203
0.067900002,-0.082777724,-0.65526164
0.068000004,-0.083244294,-0.65550214
0.068099998,-0.083712704,-0.65574181
0.0682,-0.084182955,-0.65598065
0.068300001,-0.084655046,-0.65621865
0.068400003,-0.085128985,-0.65645576
0.068499997,-0.085604772,-0.65669197
0.068599999,-0.086082414,-0.65692735
0.068700001,-0.086561911,-0.65716183
0.068800002,-0.087043263,-0.65739542
0.068899997,-0.087526478,-0.65762812
0.068999998,-0.088011563,-0.65785992
0.0691,-0.088498503,-0.65809083
0.069200002,-0.088987321,-0.65832078
0.069300003,-0.089478008,-0.65854985
0.069399998,-0.089970566,-0.65877795
0.069499999,-0.090465009,-0.65900517
0.069600001,-0.090961322,-0.65923142
0.069700003,-0.091459528,-0.65945667
0.069799997,-0.091959618,-0.65968102
0.069899999,-0.092461593,-0.65990442
0.07,-0.092965454,-0.66012681
0.070100002,-0.093471222,-0.66034824
0.070200004,-0.093978874,-0.66056865
0.070299998,-0.094488427,-0.66078812
0.0704,-0.094999887,-0.66100657
0.070500001,-0.095513247,-0.66122401
0.070600003,-0.096028514,-0.66144043
0.070699997,-0.096545689,-0.66165578
0.070799999,-0.097064778,-0.66187018
0.070900001,-0.097585775,-0.66208351
0.071000002,-0.098108694,-0.66229582
0.071099997,-0.098633528,-0.66250706
0.071199998,-0.099160284,-0.66271728
0.0713,-0.099688962,-0.66292644
0.071400002,-0.10021956,-0.66313446
0.071500003,-0.10075209,-0.66334146
0.071599998,-0.10128655,-0.66354734
0.071699999,-0.10182295,-0.66375214
0.071800001,-0.10236128,-0.66395587
0.071900003,-0.10290154,-0.66415846
0.071999997,-0.10344374,-0.66435993
0.072099999,-0.10398789,-0.66456032
0.0722,-0.10453397,-0.66475952
0.072300002,-0.10508201,-0.66495764
0.072400004,-0.10563198,-0.66515458
0.072499998,-0.10618391,-0.66535038
0.0726,-0.10673779,-0.66554499
0.072700001,-0.10729361,-0.66573846
0.072800003,-0.1078514,-0.66593075
0.072899997,-0.10841114,-0.6661219
0.072999999,-0.10897285,-0.6663118
0.073100001,-0.10953651,-0.66650057
0.073200002,-0.11010213,-0.66668808
0.073299997,-0.11066972,-0.66687435
0.073399998,-0.11123928,-0.66705948
0.0735,-0.1118108,-0.6672433
0.073600002,-0.11238429,-0.66742593
0.073700003,-0.11295975,-0.66760737
0.073799998,-0.11353718,-0.66778749
0.073899999,-0.11411659,-0.66796637
0.074000001,-0.11469799,-0.66814393
0.074100003,-0.11528134,-0.6683203
0.074199997,-0.11586669,-0.66849536
0.074299999,-0.11645401,-0.6686691
0.0744,-0.11704332,-0.66884154
0.074500002,-0.11763461,-0.66901273
0.074600004,-0.11822788,-0.66918254
0.074699998,-0.11882314,-0.6693511
0.0748,-0.11942039,-0.66951829
0.074900001,-0.12001963,-0.66968411
0.075000003,-0.12062085,-0.66984862
0.075099997,-0.12122408,-0.67001182
0.075199999,-0.12182929,-0.67017359
0.075300001,-0.12243649,-0.67033398
0.075400002,-0.1230457,-0.67049307
0.075499997,-0.12365689,-0.67065072
0.075599998,-0.12427009,-0.670807
0.0757,-0.12488528,-0.67096186
0.075800002,-0.12550248,-0.67111528
0.075900003,-0.12612167,-0.67126733
0.075999998,-0.12674287,-0.67141795
0.076099999,-0.12736607,-0.67156714
0.076200001,-0.12799127,-0.67171484
0.076300003,-0.12861848,-0.67186117
0.076399997,-0.12924768,-0.67200601
0.076499999,-0.12987891,-0.67214936
0.0766,-0.13051213,-0.67229122
0.076700002,-0.13114735,-0.67243165
0.076800004,-0.1317846,-0.67257053
0.076899998,-0.13242385,-0.67270792
0.077,-0.1330651,-0.67284381
0.077100001,-0.13370837,-0.67297822
0.077200003,-0.13435365,-0.67311108
0.077299997,-0.13500094,-0.67324239
0.077399999,-0.13565025,-0.67337215
0.077500001,-0.13630156,-0.67350036
0.077600002,-0.13695487,-0.67362708
0.077699997,-0.13761023,-0.67375213
0.077799998,-0.13826758,-0.67387569
0.0779,-0.13892694,-0.67399764
0.078000002,-0.13958831,-0.67411798
0.078100003,-0.14025171,-0.67423671
0.078199998,-0.14091712,-0.67435384
0.078299999,-0.14158455,-0.67446935
0.078400001,-0.14225398,-0.67458326
0.078500003,-0.14292543,-0.67469549
0.078599997,-0.1435989,-0.67480606
0.078699999,-0.14427437,-0.67491502
0.0788,-0.14495187,-0.6750223
0.078900002,-0.14563137,-0.67512792
0.079000004,-0.14631291,-0.67523187
0.079099998,-0.14699644,-0.6753341
0.0792,-0.147682,-0.67543465
0.079300001,-0.14836957,-0.67553353
0.079400003,-0.14905915,-0.67563063
0.079499997,-0.14975074,-0.67572606
0.079599999,-0.15044434,-0.67581975
0.079700001,-0.15113996,-0.67591166
0.079800002,-0.15183759,-0.67600185
0.079899997,-0.15253723,-0.6760903
0.079999998,-0.15323889,-0.67617691
0.0801,-0.15394256,-0.67626184
0.080200002,-0.15464823,-0.67634493
0.080300003,-0.15535592,-0.67642623
0.080399998,-0.1560656,-0.67650568
0.080499999,-0.15677731,-0.67658341
0.080600001,-0.15749101,-0.67665929
0.080700003,-0.15820672,-0.67673331
0.080799997,-0.15892445,-0.6768055
0.080899999,-0.15964416,-0.67687583
0.081,-0.16036589,-0.67694432
0.081100002,-0.16108961,-0.67701095
0.081200004,-0.16181536,-0.67707568
0.081299998,-0.16254309,-0.67713857
0.0814,-0.16327281,-0.67719954
0.081500001,-0.16400455,-0.67725861
0.081600003,-0.16473828,-0.67731577
0.081699997,-0.165474,-0.67737103
0.081799999,-0.16621172,-0.67742431
0.081900001,-0.16695143,-0.67747569
0.082000002,-0.16769314,-0.6775251
0.082099997,-0.16843683,-0.67757255
0.082199998,-0.16918251,-0.67761803
0.0823,-0.16993017,-0.67766154
0.082400002,-0.17067984,-0.67770308
0.082500003,-0.17143148,-0.67774266
0.082599998,-0.17218511,-0.67778015
0.082699999,-0.1729407,-0.67781568
0.082800001,-0.17369829,-0.67784917
0.082900003,-0.17445785,-0.67788064
0.082999997,-0.17521939,-0.67791009
0.083099999,-0.17598291,-0.67793751
0.0832,-0.17674839,-0.67796278
0.083300002,-0.17751585,-0.67798609
0.083400004,-0.17828527,-0.67800725
0.083499998,-0.17905664,-0.67802632
0.0836,-0.17983,-0.67804331
0.083700001,-0.18060532,-0.67805821
0.083800003,-0.18138258,-0.67807096
0.083899997,-0.18216182,-0.67808163
0.083999999,-0.182943,-0.6780901
0.084100001,-0.18372615,-0.67809647
0.084200002,-0.18451123,-0.67810071
0.084299996,-0.18529826,-0.67810273
0.084399998,-0.18608724,-0.67810261
0.0845,-0.18687816,-0.67810035
0.084600002,-0.18767102,-0.67809582
0.084700003,-0.18846583,-0.67808914
0.084799998,-0.18926257,-0.67808026
0.084899999,-0.19006123,-0.67806911
0.085000001,-0.19086182,-0.67805576
0.085100003,-0.19166435,-0.67804021
0.085199997,-0.19246879,-0.67802233
0.085299999,-0.19327515,-0.67800224
0.0854,-0.19408344,-0.67797989
0.085500002,-0.19489364,-0.67795527
0.085600004,-0.19570574,-0.67792833
0.085699998,-0.19651976,-0.67789912
0.0858,-0.19733569,-0.67786759
0.085900001,-0.19815351,-0.67783374
0.086000003,-0.19897322,-0.67779756
0.086099997,-0.19979484,-0.67775905
0.086199999,-0.20061836,-0.67771822
0.086300001,-0.20144375,-0.67767501
0.086400002,-0.20227103,-0.67762947
0.086499996,-0.20310019,-0.67758155
0.086599998,-0.20393123,-0.67753124
0.0867,-0.20476414,-0.67747855
0.086800002,-0.20559894,-0.67742342
0.086900003,-0.20643558,-0.6773659
0.086999997,-0.20727409,-0.67730594
0.087099999,-0.20811446,-0.67724359
0.087200001,-0.20895669,-0.6771788
0.087300003,-0.20980075,-0.67711151
0.087399997,-0.21064667,-0.67704177
0.087499999,-0.21149445,-0.67696959
0.0876,-0.21234405,-0.67689496
0.087700002,-0.21319547,-0.67681777
0.087800004,-0.21404874,-0.67673814
0.087899998,-0.21490383,-0.67665595
0.088,-0.21576075,-0.67657125
0.088100001,-0.21661948,-0.67648405
0.088200003,-0.21748002,-0.67639434
0.088299997,-0.21834236,-0.67630202
0.088399999,-0.21920651,-0.67620718
0.088500001,-0.22007246,-0.67610973
0.088600002,-0.2209402,-0.67600977
0.088699996,-0.22180973,-0.67590719
0.088799998,-0.22268105,-0.67580199
0.0889,-0.22355415,-0.67569423
0.089000002,-0.22442901,-0.67558384
0.089100003,-0.22530565,-0.67547077
0.089199997,-0.22618406,-0.67535514
0.089299999,-0.22706421,-0.67523682
0.089400001,-0.22794613,-0.67511588
0.089500003,-0.22882979,-0.67499226
0.089599997,-0.2297152,-0.67486596
0.089699998,-0.23060234,-0.67473698
0.0898,-0.23149121,-0.67460531
0.089900002,-0.23238182,-0.67447096
0.090000004,-0.23327415,-0.67433387
0.090099998,-0.23416819,-0.67419404
0.0902,-0.23506394,-0.67405146
0.090300001,-0.23596139,-0.67390621
0.090400003,-0.23686054,-0.67375815
0.090499997,-0.23776139,-0.67360735
0.090599999,-0.23866393,-0.67345381
0.090700001,-0.23956814,-0.67329746
0.090800002,-0.24047403,-0.67313832
0.090899996,-0.2413816,-0.67297637
0.090999998,-0.24229081,-0.67281157
0.0911,-0.2432017,-0.67264402
0.091200002,-0.24411424,-0.67247361
0.091300003,-0.24502841,-0.6723004
0.091399997,-0.24594422,-0.67212427
0.091499999,-0.24686167,-0.67194533
0.091600001,-0.24778074,-0.67176348
0.091700003,-0.24870142,-0.67157882
0.091799997,-0.24962373,-0.67139119
0.091899998,-0.25054765,-0.67120069
0.092,-0.25147316,-0.67100734
0.092100002,-0.25240025,-0.670811
0.092200004,-0.25332892,-0.67061174
0.092299998,-0.2542592,-0.67040956
0.092399999,-0.25519103,-0.67020446
0.092500001,-0.25612441,-0.66999638
0.092600003,-0.25705937,-0.66978532
0.092699997,-0.25799587,-0.66957128
0.092799999,-0.25893393,-0.66935432
0.092900001,-0.25987351,-0.66913432
0.093000002,-0.26081464,-0.66891128
0.093099996,-0.26175725,-0.66868526
0.093199998,-0.26270142,-0.6684562
0.0933,-0.26364708,-0.66822416
0.093400002,-0.26459423,-0.66798902
0.093500003,-0.26554286,-0.66775084
0.093599997,-0.26649299,-0.66750962
0.093699999,-0.26744458,-0.6672653
0.093800001,-0.26839766,-0.66701788
0.093900003,-0.2693522,-0.66676742
0.093999997,-0.27030817,-0.6665138
0.094099998,-0.2712656,-0.66625714
0.0942,-0.27222446,-0.66599733
0.094300002,-0.27318475,-0.66573435
0.094400004,-0.27414647,-0.66546828
0.094499998,-0.27510959,-0.66519904
0.094599999,-0.27607411,-0.66492665
0.094700001,-0.27704003,-0.6646511
0.094800003,-0.27800733,-0.66437238
0.094899997,-0.27897602,-0.66409045
0.094999999,-0.27994606,-0.66380531
0.095100001,-0.2809175,-0.663517
0.095200002,-0.28189024,-0.66322547
0.095299996,-0.28286436,-0.66293073
0.095399998,-0.28383979,-0.6626327
0.0955,-0.28481656,-0.66233146
0.095600002,-0.28579465,-0.662027
0.095700003,-0.28677404,-0.66171926
0.095799997,-0.28775471,-0.66140819
0.095899999,-0.2887367,-0.66109389
0.096000001,-0.28971997,-0.66077632
0.096100003,-0.29070449,-0.66045541
0.096199997,-0.29169029,-0.66013122
0.096299998,-0.29267734,-0.65980375
0.0964,-0.29366562,-0.65947288
0.096500002,-0.29465514,-0.65913868
0.096600004,-0.29564586,-0.6588012
0.096699998,-0.29663783,-0.65846032
0.096799999,-0.297631,-0.65811604
0.096900001,-0.29862535,-0.65776843
0.097000003,-0.2996209,-0.65741748
0.097099997,-0.30061761,-0.65706307
0.097199999,-0.30161548,-0.65670532
0.0973,-0.30261451,-0.65634412
0.097400002,-0.30361471,-0.65597951
0.097499996,-0.304616,-0.65561146
0.097599998,-0.30561844,-0.65524
0.0977,-0.306622,-0.65486509
0.097800002,-0.30762663,-0.65448672
0.097900003,-0.3086324,-0.65410483
0.097999997,-0.30963922,-0.65371954
0.098099999,-0.31064713,-0.65333074
0.098200001,-0.31165609,-0.65293849
0.098300003,-0.31266609,-0.65254271
0.098399997,-0.31367716,-0.65214342
0.098499998,-0.31468925,-0.65174061
0.0986,-0.31570235,-0.65133435
0.098700002,-0.31671643,-0.65092444
0.098800004,-0.31773156,-0.65051109
0.098899998,-0.31874764,-0.65009409
0.098999999,-0.3197647,-0.64967364
0.099100001,-0.32078272,-0.64924955
0.099200003,-0.32180172,-0.64882189
0.099299997,-0.32282162,-0.64839065
0.099399999,-0.32384247,-0.64795583
0.0995,-0.32486424,-0.64751738
0.099600002,-0.32588691,-0.64707536
0.099699996,-0.32691047,-0.64662969
0.099799998,-0.32793492,-0.64618039
0.0999,-0.32896024,-0.64572746
0.1,-0.32998642,-0.64527088
0.1001,-0.33101344,-0.64481068
0.1002,-0.33204132,-0.64434677
0.1003,-0.33307001,-0.64387923
0.1004,-0.3340995,-0.643408
0.1005,-0.3351298,-0.64293307
0.1006,-0.33616087,-0.64245445
0.1007,-0.33719274,-0.64197212
0.1008,-0.33822533,-0.64148611
0.1009,-0.33925873,-0.64099634
0.101,-0.34029281,-0.64050287
0.1011,-0.34132767,-0.64000565
0.1012,-0.34236321,-0.63950467
0.1013,-0.34339944,-0.639
0.1014,-0.34443638,-0.63849151
0.1015,-0.34547397,-0.63797927
0.1016,-0.34651226,-0.63746327
0.1017,-0.34755117,-0.63694352
0.1018,-0.34859073,-0.63641989
0.1019,-0.34963089,-0.63589257
0.102,-0.35067168,-0.63536137
0.1021,-0.35171306,-0.63482636
0.1022,-0.35275504,-0.63428754
0.1023,-0.35379758,-0.6337449
0.1024,-0.35484067,-0.63319838
0.1025,-0.35588431,-0.63264805
0.1026,-0.35692847,-0.63209391
0.1027,-0.35797316,-0.63153583
0.1028,-0.35901833,-0.63097394
0.1029,-0.360064,-0.63040817
0.103,-0.36111015,-0.62983853
0.1031,-0.36215678,-0.62926495
0.1032,-0.36320382,-0.6286875
0.1033,-0.36425132,-0.62810612
0.1034,-0.36529925,-0.62752086
0.1035,-0.36634755,-0.62693173
0.1036,-0.36739627,-0.6263386
0.1037,-0.36844537,-0.62574154
0.1038,-0.3694948,-0.62514061
0.1039,-0.37054461,-0.62453568
0.104,-0.37159473,-0.62392676
0.1041,-0.3726452,-0.62331396
0.1042,-0.37369597,-0.62269717
0.1043,-0.37474701,-0.62207639
0.1044,-0.37579834,-0.62145162
0.1045,-0.37684992,-0.62082285
0.1046,-0.37790176,-0.62019014
0.1047,-0.37895381,-0.61955339
0.1048,-0.3800061,-0.61891264
0.1049,-0.3810586,-0.61826789
0.105,-0.38211128,-0.6176191
0.1051,-0.38316414,-0.61696631
0.1052,-0.38421714,-0.61630946
0.1053,-0.38527027,-0.61564863
0.1054,-0.38632354,-0.61498368
0.1055,-0.38737693,-0.61431468
0.1056,-0.38843042,-0.61364168
0.1057,-0.38948399,-0.61296457
0.1058,-0.39053762,-0.61228341
0.1059,-0.39159128,-0.61159819
0.106,-0.392645,-0.61090887
0.1061,-0.39369875,-0.61021543
0.1062,-0.39475247,-0.60951793
0.1063,-0.39580619,-0.60881633
0.1064,-0.39685988,-0.60811061
0.1065,-0.39791352,-0.60740077
0.1066,-0.39896712,-0.60668683
0.1067,-0.40002063,-0.60596877
0.1068,-0.40107405,-0.6052466
0.1069,-0.40212736,-0.60452026
0.107,-0.40318054,-0.60378981
0.1071,-0.40423357,-0.60305518
0.1072,-0.40528646,-0.60231644
0.1073,-0.40633917,-0.60157353
0.1074,-0.40739167,-0.60082644
0.1075,-0.40844399,-0.60007519
0.1076,-0.40949607,-0.59931976
0.1077,-0.41054791,-0.59856021
0.1078,-0.41159952,-0.59779644
0.1079,-0.41265082,-0.59702843
0.108,-0.41370186,-0.59625632
0.1081,-0.41475257,-0.59547997
0.1082,-0.41580296,-0.59469944
0.1083,-0.41685301,-0.59391469
0.1084,-0.41790271,-0.5931257
0.1085,-0.41895202,-0.59233254
0.1086,-0.42000094,-0.59153515
0.1087,-0.42104945,-0.59073353
0.1088,-0.42209753,-0.58992767
0.1089,-0.42314517,-0.58911759
0.109,-0.42419237,-0.58830327
0.1091,-0.42523906,-0.58748472
0.1092,-0.42628527,-0.58666193
0.1093,-0.42733097,-0.58583492
0.1094,-0.42837614,-0.58500361
0.1095,-0.42942074,-0.58416802
0.1096,-0.43046477,-0.58332819
0.1097,-0.43150824,-0.58248413
0.1098,-0.43255109,-0.58163577
0.1099,-0.43359333,-0.58078313
0.11,-0.43463492,-0.57992625
0.1101,-0.43567586,-0.57906508
0.1102,-0.43671611,-0.57819963
0.1103,-0.43775567,-0.57732987
0.1104,-0.43879455,-0.57645583
0.1105,-0.43983269,-0.5755775
0.1106,-0.44087008,-0.57469487
0.1107,-0.44190669,-0.5738079
0.1108,-0.4429425,-0.57291669
0.1109,-0.44397753,-0.57202113
0.111,-0.44501176,-0.57112128
0.1111,-0.44604513,-0.57021713
0.1112,-0.44707763,-0.5693087
0.1113,-0.44810927,-0.56839585
0.1114,-0.44914001,-0.56747878
0.1115,-0.45016986,-0.56655735
0.1116,-0.45119876,-0.56563157
0.1117,-0.4522267,-0.5647015
0.1118,-0.45325366,-0.56376708
0.1119,-0.45427966,-0.56282836
0.112,-0.45530462,-0.56188524
0.1121,-0.45632857,-0.56093782
0.1122,-0.45735148,-0.55998611
0.1123,-0.45837331,-0.55903
0.1124,-0.45939407,-0.55806959
0.1125,-0.46041372,-0.55710477
0.1126,-0.46143225,-0.55613565
0.1127,-0.46244964,-0.55516219
0.1128,-0.46346587,-0.55418438
0.1129,-0.46448091,-0.55320221
0.113,-0.46549475,-0.5522157
0.1131,-0.46650738,-0.55122477
0.1132,-0.46751875,-0.55022955
0.1133,-0.46852887,-0.54922998
0.1134,-0.46953771,-0.548226
0.1135,-0.47054526,-0.54721773
0.1136,-0.47155148,-0.54620504
0.1137,-0.47255638,-0.54518801
0.1138,-0.47355992,-0.54416662
0.1139,-0.47456208,-0.54314089
0.114,-0.47556284,-0.5421108
0.1141,-0.47656217,-0.5410763
0.1142,-0.47756007,-0.54003745
0.1143,-0.47855651,-0.53899431
0.1144,-0.47955149,-0.5379467
0.1145,-0.48054498,-0.5368948
0.1146,-0.48153692,-0.53583848
0.1147,-0.48252735,-0.53477782
0.1148,-0.48351622,-0.5337128
0.1149,-0.48450348,-0.53264344
0.115,-0.48548916,-0.53156972
0.1151,-0.48647323,-0.53049159
0.1152,-0.48745567,-0.52940911
0.1153,-0.48843643,-0.52832228
0.1154,-0.48941553,-0.5272311
0.1155,-0.49039289,-0.5261355
0.1156,-0.49136856,-0.52503556
0.1157,-0.4923425,-0.52393132
0.1158,-0.49331465,-0.52282268
0.1159,-0.49428505,-0.52170968
0.116,-0.49525362,-0.52059227
0.1161,-0.49622035,-0.51947057
0.1162,-0.49718526,-0.51834452
0.1163,-0.49814829,-0.51721406
0.1164,-0.49910945,-0.51607931
0.1165,-0.50006872,-0.5149402
0.1166,-0.50102603,-0.51379669
0.1167,-0.50198138,-0.51264888
0.1168,-0.50293481,-0.51149672
0.1169,-0.50388622,-0.51034021
0.117,-0.50483561,-0.50917935
0.1171,-0.50578296,-0.50801414
0.1172,-0.50672823,-0.50684464
0.1173,-0.50767148,-0.50567079
0.1174,-0.50861263,-0.50449258
0.1175,-0.50955164,-0.50331002
0.1176,-0.51048851,-0.50212318
0.1177,-0.51142323,-0.50093204
0.1178,-0.5123558,-0.49973652
0.1179,-0.51328611,-0.49853671
0.118,-0.51421422,-0.49733257
0.1181,-0.51514006,-0.49612412
0.1182,-0.51606369,-0.49491134
0.1183,-0.516985,-0.49369428
0.1184,-0.51790398,-0.49247292
0.1185,-0.51882064,-0.49124724
0.1186,-0.51973498,-0.49001727
0.1187,-0.52064693,-0.48878303
0.1188,-0.52155644,-0.48754448
0.1189,-0.52246356,-0.48630163
0.119,-0.52336824,-0.48505452
0.1191,-0.52427047,-0.48380312
0.1192,-0.52517021,-0.48254746
0.1193,-0.5260675,-0.48128754
0.1194,-0.52696216,-0.48002332
0.1195,-0.52785432,-0.47875488
0.1196,-0.52874392,-0.47748217
0.1197,-0.52963096,-0.4762052
0.1198,-0.53051537,-0.47492397
0.1199,-0.5313971,-0.47363853
0.12,-0.53227621,-0.47234884
0.1201,-0.53315264,-0.47105491
0.1202,-0.53402638,-0.46975678
0.1203,-0.53489739,-0.46845442
0.1204,-0.53576565,-0.46714783
0.1205,-0.53663111,-0.46583703
0.1206,-0.53749382,-0.46452203
0.1207,-0.53835374,-0.46320283
0.1208,-0.5392108,-0.46187946
0.1209,-0.54006505,-0.46055189
0.121,-0.54091638,-0.45922011
0.1211,-0.5417648,-0.45788419
0.1212,-0.54261035,-0.4565441
0.1213,-0.54345292,-0.45519984
0.1214,-0.54429251,-0.4538514
0.1215,-0.54512918,-0.45249885
0.1216,-0.54596281,-0.45114213
0.1217,-0.5467934,-0.4497813
0.1218,-0.54762095,-0.44841632
0.1219,-0.5484454,-0.4470472
0.122,-0.54926676,-0.445674
0.1221,-0.55008507,-0.44429669
0.1222,-0.55090016,-0.44291526
0.1223,-0.5517121,-0.44152975
0.1224,-0.55252087,-0.44014016
0.1225,-0.55332643,-0.43874648
0.1226,-0.55412877,-0.43734875
0.1227,-0.55492789,-0.43594694
0.1228,-0.55572367,-0.43454108
0.1229,-0.55651623,-0.43313116
0.123,-0.5573054,-0.43171722
0.1231,-0.55809128,-0.43029925
0.1232,-0.55887377,-0.42887726
0.1233,-0.55965286,-0.42745125
0.1234,-0.56042862,-0.42602125
0.1235,-0.56120092,-0.42458725
0.1236,-0.5619697,-0.42314926
0.1237,-0.56273508,-0.42170727
0.1238,-0.56349695,-0.42026135
0.1239,-0.5642553,-0.41881144
0.124,-0.56501013,-0.41735759
0.1241,-0.56576139,-0.41589981
0.1242,-0.56650901,-0.4144381
0.1243,-0.56725311,-0.41297248
0.1244,-0.56799352,-0.41150293
0.1245,-0.56873029,-0.41002947
0.1246,-0.56946343,-0.40855214
0.1247,-0.57019287,-0.40707093
0.1248,-0.57091856,-0.40558583
0.1249,-0.57164055,-0.4040969
0.125,-0.57235873,-0.4026041
0.1251,-0.57307315,-0.40110746
0.1252,-0.57378376,-0.399607
0.12530001,-0.57449055,-0.3981027
0.12540001,-0.57519352,-0.39659461
0.12549999,-0.57589257,-0.39508274
0.1256,-0.5765878,-0.39356706
0.1257,-0.57727903,-0.39204764
0.1258,-0.57796633,-0.39052442
0.1259,-0.57864976,-0.38899747
0.126,-0.57932913,-0.38746679
0.1261,-0.58000451,-0.38593239
0.12620001,-0.58067584,-0.38439426
0.12630001,-0.58134317,-0.38285244
0.12639999,-0.58200645,-0.38130689
0.1265,-0.58266556,-0.3797577
0.1266,-0.58332062,-0.37820485
0.1267,-0.5839715,-0.37664834
0.1268,-0.58461827,-0.37508819
0.1269,-0.58526087,-0.3735244
0.127,-0.58589923,-0.371957
0.12710001,-0.58653337,-0.370386
0.12720001,-0.58716327,-0.3688114
0.12729999,-0.58778894,-0.36723325
0.1274,-0.58841026,-0.36565152
0.1275,-0.58902735,-0.36406627
0.1276,-0.58964002,-0.36247745
0.1277,-0.59024841,-0.36088514
0.1278,-0.59085238,-0.35928929
0.1279,-0.59145194,-0.35768998
0.12800001,-0.59204715,-0.35608718
0.12809999,-0.5926379,-0.35448092
0.12819999,-0.59322417,-0.35287118
0.1283,-0.59380597,-0.35125804
0.1284,-0.59438324,-0.34964147
0.1285,-0.59495598,-0.34802148
0.1286,-0.59552419,-0.34639812
0.1287,-0.59608787,-0.34477139
0.1288,-0.5966469,-0.34314126
0.12890001,-0.59720135,-0.34150782
0.12899999,-0.5977512,-0.33987102
0.12909999,-0.59829634,-0.33823094
0.1292,-0.59883684,-0.33658752
0.1293,-0.59937263,-0.33494085
0.1294,-0.5999037,-0.3332909
0.1295,-0.60043007,-0.33163768
0.1296,-0.60095161,-0.32998127
0.12970001,-0.60146844,-0.32832161
0.12980001,-0.60198045,-0.32665873
0.12989999,-0.60248762,-0.32499269
0.13,-0.60298991,-0.32332346
0.1301,-0.60348743,-0.3216511
0.1302,-0.60398,-0.31997558
0.1303,-0.60446769,-0.31829697
0.1304,-0.60495043,-0.31661522
0.1305,-0.60542822,-0.31493041
0.13060001,-0.60590106,-0.31324252
0.13070001,-0.60636896,-0.3115516
0.13079999,-0.60683179,-0.30985764
0.1309,-0.60728961,-0.30816063
0.131,-0.60774237,-0.30646065
0.1311,-0.60819006,-0.30475771
0.1312,-0.60863262,-0.30305177
0.1313,-0.60907012,-0.3013429
0.1314,-0.60950249,-0.29963112
0.13150001,-0.60992968,-0.29791644
0.13160001,-0.61035174,-0.29619884
0.13169999,-0.61076862,-0.29447839
0.1318,-0.61118025,-0.2927551
0.1319,-0.61158663,-0.29102895
0.132,-0.61198777,-0.28930002
0.1321,-0.61238366,-0.28756827
0.1322,-0.61277425,-0.28583375
0.1323,-0.61315954,-0.28409648
0.13240001,-0.61353946,-0.2823565
0.13249999,-0.61391407,-0.28061378
0.13259999,-0.61428326,-0.27886838
0.1327,-0.61464709,-0.27712026
0.1328,-0.61500555,-0.27536952
0.1329,-0.61535853,-0.27361616
0.133,-0.61570609,-0.27186018
0.1331,-0.61604816,-0.27010158
0.1332,-0.61638474,-0.26834044
0.13330001,-0.61671585,-0.26657671
0.13339999,-0.61704141,-0.26481047
0.13349999,-0.61736143,-0.26304173
0.1336,-0.61767584,-0.26127049
0.1337,-0.61798471,-0.25949678
0.1338,-0.61828798,-0.25772062
0.1339,-0.61858565,-0.25594202
0.134,-0.61887765,-0.25416103
0.13410001,-0.61916399,-0.25237766
0.13420001,-0.61944467,-0.25059193
0.13429999,-0.61971968,-0.24880387
0.1344,-0.61998892,-0.24701349
0.1345,-0.62025249,-0.24522081
0.1346,-0.62051028,-0.24342586
0.1347,-0.62076229,-0.24162866
0.1348,-0.62100852,-0.23982923
0.1349,-0.62124896,-0.2380276
0.13500001,-0.62148356,-0.23622379
0.13510001,-0.62171239,-0.23441781
0.13519999,-0.62193531,-0.2326097
0.1353,-0.62215233,-0.23079948
0.1354,-0.62236351,-0.22898717
0.1355,-0.62256873,-0.22717281
0.1356,-0.62276804,-0.22535639
0.1357,-0.6229614,-0.22353795
0.1358,-0.6231488,-0.22171752
0.13590001,-0.62333024,-0.21989512
0.13600001,-0.62350565,-0.21807079
0.13609999,-0.62367511,-0.21624452
0.1362,-0.62383848,-0.21441635
0.1363,-0.62399584,-0.21258631
0.1364,-0.62414712,-0.21075442
0.1365,-0.62429231,-0.20892072
0.1366,-0.62443137,-0.20708521
0.1367,-0.62456435,-0.20524792
0.13680001,-0.62469125,-0.20340888
0.13689999,-0.62481195,-0.20156813
0.13699999,-0.62492651,-0.19972566
0.1371,-0.62503487,-0.19788153
0.1372,-0.62513703,-0.19603574
0.1373,-0.62523299,-0.19418834
0.1374,-0.6253227,-0.19233935
0.1375,-0.62540621,-0.19048877
0.1376,-0.62548345,-0.18863665
0.13770001,-0.62555438,-0.186783
0.13779999,-0.62561905,-0.18492788
0.13789999,-0.62567747,-0.18307129
0.138,-0.6257295,-0.18121324
0.1381,-0.62577522,-0.17935379
0.1382,-0.62581456,-0.17749295
0.1383,-0.62584758,-0.17563075
0.1384,-0.62587416,-0.17376722
0.13850001,-0.62589443,-0.17190239
0.13860001,-0.62590826,-0.17003627
0.13869999,-0.62591565,-0.16816889
0.1388,-0.6259166,-0.1663003
0.1389,-0.62591112,-0.1644305
0.139,-0.62589914,-0.16255954
0.1391,-0.62588072,-0.16068745
0.1392,-0.62585574,-0.15881422
0.1393,-0.62582433,-0.15693992
0.13940001,-0.62578636,-0.15506455
0.13950001,-0.62574184,-0.15318817
0.13959999,-0.62569082,-0.15131077
0.1397,-0.62563324,-0.14943241
0.1398,-0.62556905,-0.14755309
0.1399,-0.62549824,-0.14567286
0.14,-0.62542087,-0.14379175
0.1401,-0.62533689,-0.14190976
0.1402,-0.62524629,-0.14002696
0.14030001,-0.62514907,-0.13814336
0.14040001,-0.62504512,-0.13625897
0.14049999,-0.62493455,-0.13437386
0.1406,-0.62481731,-0.13248803
0.1407,-0.62469339,-0.13060151
0.1408,-0.6245628,-0.12871434
0.1409,-0.62442541,-0.12682654
0.141,-0.62428135,-0.12493815
0.1411,-0.62413055,-0.12304919
0.14120001,-0.62397301,-0.1211597
0.14129999,-0.62380868,-0.11926971
0.14139999,-0.62363762,-0.11737923
0.1415,-0.62345976,-0.11548832
0.1416,-0.6232751,-0.113597
0.1417,-0.62308365,-0.11170529
0.1418,-0.62288541,-0.10981322
0.1419,-0.62268031,-0.10792083
0.142,-0.62246835,-0.10602816
0.14210001,-0.6222496,-0.10413522
0.14219999,-0.622024,-0.10224205
0.14229999,-0.62179148,-0.10034869
0.1424,-0.62155211,-0.098455161
0.1425,-0.62130588,-0.096561491
0.1426,-0.62105274,-0.094667718
0.1427,-0.62079269,-0.092773877
0.1428,-0.62052572,-0.090879992
0.1429,-0.62025183,-0.088986091
0.14300001,-0.61997104,-0.087092221
0.14309999,-0.61968327,-0.085198402
0.1432,-0.61938852,-0.083304673
0.1433,-0.61908686,-0.081411064
0.1434,-0.61877829,-0.079517603
0.1435,-0.61846268,-0.077624321
0.1436,-0.6181401,-0.075731255
0.1437,-0.61781049,-0.073838435
0.14380001,-0.61747396,-0.071945898
0.14390001,-0.61713034,-0.070053674
0.14399999,-0.61677974,-0.068161801
0.1441,-0.61642218,-0.066270299
0.1442,-0.61605752,-0.064379208
0.1443,-0.61568582,-0.062488563
0.1444,-0.61530709,-0.060598396
0.1445,-0.61492133,-0.058708739
0.1446,-0.61452854,-0.056819625
0.14470001,-0.61412865,-0.054931089
0.14480001,-0.61372167,-0.053043164
0.14489999,-0.61330765,-0.051155884
0.145,-0.61288655,-0.049269281
0.1451,-0.61245835,-0.04738339
0.1452,-0.61202306,-0.045498241
0.1453,-0.61158073,-0.043613873
0.1454,-0.61113119,-0.041730318
0.1455,-0.61067462,-0.039847609
0.14560001,-0.6102109,-0.037965778
0.14569999,-0.60974008,-0.036084868
0.14579999,-0.60926217,-0.034204904
0.1459,-0.60877705,-0.032325923
0.146,-0.60828489,-0.030447962
0.1461,-0.60778552,-0.028571051
0.1462,-0.60727906,-0.026695229
0.1463,-0.60676545,-0.024820529
0.1464,-0.60624468,-0.022946985
0.14650001,-0.60571676,-0.021074632
0.14659999,-0.60518163,-0.019203505
0.14669999,-0.60463941,-0.01733364
0.1468,-0.60409003,-0.01546507
0.1469,-0.60353351,-0.01359783
0.147,-0.60296977,-0.011731957
0.1471,-0.60239887,-0.0098674837
0.1472,-0.60182083,-0.0080044484
0.1473,-0.60123557,-0.0061428836
0.14740001,-0.60064316,-0.0042828261
0.14749999,-0.60004359,-0.0024243116
0.1476,-0.59943682,-0.00056737527
0.1477,-0.59882289,0.0012879473
0.1478,-0.59820181,0.0031416204
0.1479,-0.59757346,0.0049936087
0.148,-0.59693801,0.0068438756
0.1481,-0.59629536,0.0086923856
0.14820001,-0.59564549,0.010539103
0.14830001,-0.59498847,0.012383992
0.14839999,-0.59432423,0.014227016
0.1485,-0.59365284,0.01606814
0.1486,-0.59297425,0.017907327
0.1487,-0.59228849,0.019744541
0.1488,-0.59159553,0.021579748
0.1489,-0.59089541,0.023412909
0.149,-0.59018809,0.025243988
0.14910001,-0.58947361,0.027072949
0.14920001,-0.58875197,0.028899755
0.14929999,-0.58802313,0.030724371
0.1494,-0.58728707,0.032546759
0.1495,-0.58654392,0.034366883
0.1496,-0.58579355,0.036184706
0.1497,-0.58503604,0.038000192
0.1498,-0.58427131,0.039813302
0.1499,-0.58349949,0.041624006
0.15000001,-0.58272046,0.043432258
0.15009999,-0.58193427,0.045238025
0.15019999,-0.58114094,0.047041271
0.1503,-0.58034045,0.048841961
0.1504,-0.57953286,0.050640058
0.1505,-0.57871807,0.052435517
0.1506,-0.57789618,0.054228313
0.1507,-0.57706714,0.056018397
0.1508,-0.57623094,0.057805743
0.15090001,-0.57538766,0.059590306
0.15099999,-0.57453728,0.061372049
0.15109999,-0.57367975,0.063150942
0.1512,-0.57281506,0.064926937
0.1513,-0.57194334,0.066700004
0.1514,-0.57106453,0.068470106
0.1515,-0.57017857,0.070237204
0.1516,-0.56928557,0.072001263
0.1517,-0.56838548,0.073762238
0.15180001,-0.5674783,0.075520098
0.15189999,-0.56656402,0.077274807
0.152,-0.56564277,0.079026327
0.1521,-0.56471437,0.080774613
0.1522,-0.563779,0.082519636
0.1523,-0.56283659,0.084261358
0.1524,-0.56188709,0.085999742
0.1525,-0.56093061,0.087734737
0.15260001,-0.5599671,0.089466326
0.15270001,-0.55899662,0.091194458
0.15279999,-0.5580191,0.092919096
0.1529,-0.55703461,0.09464021
0.153,-0.55604315,0.096357755
0.1531,-0.55504471,0.098071694
0.1532,-0.5540393,0.09978199
0.1533,-0.55302697,0.10148861
0.1534,-0.55200768,0.10319152
0.15350001,-0.55098146,0.10489067
0.15360001,-0.54994833,0.10658602
0.15369999,-0.54890829,0.10827755
0.1538,-0.54786134,0.10996521
0.1539,-0.54680753,0.11164897
0.154,-0.5457468,0.11332878
0.1541,-0.54467922,0.11500461
0.1542,-0.54360479,0.11667643
0.1543,-0.5425235,0.11834419
0.15440001,-0.54143542,0.12000786
0.15449999,-0.54034048,0.12166739
0.15459999,-0.53923881,0.12332276
0.1547,-0.53813028,0.12497392
0.1548,-0.53701496,0.12662084
0.1549,-0.5358929,0.12826347
0.155,-0.53476411,0.1299018
0.1551,-0.53362858,0.13153575
0.1552,-0.53248626,0.13316533
0.15530001,-0.53133732,0.13479047
0.15539999,-0.53018159,0.13641113
0.15549999,-0.52901924,0.1380273
0.1556,-0.52785021,0.13963892
0.1557,-0.52667451,0.14124595
0.1558,-0.52549219,0.14284837
0.1559,-0.52430326,0.14444613
0.156,-0.52310771,0.1460392
0.1561,-0.52190554,0.14762753
0.15620001,-0.52069682,0.14921111
0.15629999,-0.51948154,0.15078987
0.1564,-0.5182597,0.15236381
0.1565,-0.51703137,0.15393284
0.1566,-0.51579654,0.15549697
0.1567,-0.51455516,0.15705614
0.1568,-0.51330733,0.15861033
0.1569,-0.51205307,0.16015948
0.15700001,-0.51079237,0.16170357
0.15710001,-0.50952524,0.16324255
0.15719999,-0.50825167,0.1647764
0.1573,-0.50697178,0.16630508
0.1574,-0.50568545,0.16782853
0.1575,-0.50439286,0.16934673
0.1576,-0.5030939,0.17085966
0.1577,-0.50178862,0.17236726
0.1578,-0.50047708,0.17386951
0.15790001,-0.49915925,0.17536634
0.15800001,-0.49783516,0.17685775
0.15809999,-0.49650487,0.1783437
0.1582,-0.49516839,0.17982413
0.1583,-0.49382567,0.18129902
0.1584,-0.49247682,0.18276833
0.1585,-0.49112183,0.18423203
0.1586,-0.48976073,0.18569008
0.1587,-0.48839349,0.18714243
0.15880001,-0.48702019,0.18858907
0.15889999,-0.48564085,0.19002995
0.15899999,-0.48425546,0.19146504
0.1591,-0.48286405,0.19289428
0.1592,-0.48146665,0.19431767
0.1593,-0.48006332,0.19573514
0.1594,-0.47865403,0.19714668
0.1595,-0.4772388,0.19855225
0.1596,-0.47581768,0.19995181
0.15970001,-0.47439072,0.20134532
0.15979999,-0.47295788,0.20273276
0.15989999,-0.47151923,0.20411406
0.16,-0.4700748,0.20548923
0.1601,-0.46862459,0.2068582
0.1602,-0.46716863,0.20822096
0.1603,-0.46570694,0.20957747
0.1604,-0.46423954,0.21092768
0.1605,-0.4627665,0.21227156
0.16060001,-0.4612878,0.21360908
0.16069999,-0.45980349,0.21494021
0.1608,-0.45831358,0.21626492
0.1609,-0.4568181,0.21758315
0.161,-0.45531708,0.21889488
0.1611,-0.45381057,0.22020009
0.1612,-0.45229858,0.22149873
0.1613,-0.45078111,0.22279076
0.16140001,-0.44925824,0.22407617
0.16150001,-0.44772995,0.22535489
0.16159999,-0.44619629,0.22662693
0.1617,-0.4446573,0.22789222
0.1618,-0.44311297,0.22915076
0.1619,-0.4415634,0.23040247
0.162,-0.44000852,0.23164737
0.1621,-0.43844846,0.23288539
0.1622,-0.43688318,0.23411651
0.16230001,-0.43531275,0.23534068
0.16240001,-0.43373716,0.2365579
0.16249999,-0.43215647,0.23776811
0.1626,-0.43057072,0.23897129
0.1627,-0.42897993,0.24016741
0.1628,-0.42738411,0.24135643
0.1629,-0.42578331,0.24253832
0.163,-0.42417756,0.24371305
0.1631,-0.42256689,0.24488059
0.16320001,-0.42095134,0.2460409
0.16329999,-0.41933095,0.24719393
0.16339999,-0.41770571,0.2483397
0.1635,-0.41607571,0.24947815
0.1636,-0.41444093,0.25060922
0.1637,-0.41280144,0.25173295
0.1638,-0.41115725,0.25284922
0.1639,-0.40950841,0.25395808
0.164,-0.40785494,0.25505945
0.16410001,-0.40619686,0.25615332
0.16419999,-0.40453425,0.25723964
0.16429999,-0.40286714,0.25831842
0.1644,-0.4011955,0.25938958
0.1645,-0.39951944,0.26045313
0.1646,-0.39783895,0.261509
0.1647,-0.39615408,0.26255721
0.1648,-0.39446485,0.2635977
0.1649,-0.39277133,0.26463044
0.16500001,-0.39107352,0.2656554
0.16509999,-0.38937148,0.26667255
0.1652,-0.38766524,0.2676819
0.1653,-0.38595486,0.26868334
0.1654,-0.3842403,0.26967695
0.1655,-0.38252169,0.27066261
0.1656,-0.380799,0.27164033
0.1657,-0.37907231,0.27261007
0.16580001,-0.37734163,0.27357179
0.16590001,-0.37560701,0.27452552
0.16599999,-0.3738685,0.27547118
0.1661,-0.3721261,0.27640873
0.1662,-0.37037989,0.27733821
0.1663,-0.3686299,0.27825952
0.1664,-0.36687616,0.27917269
0.1665,-0.36511871,0.28007764
0.1666,-0.36335757,0.28097439
0.16670001,-0.3615928,0.28186288
0.16680001,-0.35982445,0.28274313
0.16689999,-0.35805255,0.28361505
0.167,-0.35627714,0.28447866
0.1671,-0.35449827,0.28533393
0.1672,-0.35271594,0.28618082
0.1673,-0.35093024,0.28701931
0.1674,-0.34914118,0.28784937
0.1675,-0.34734884,0.28867099
0.16760001,-0.34555319,0.28948414
0.16769999,-0.34375435,0.29028878
0.16779999,-0.34195232,0.29108492
0.1679,-0.34014714,0.29187247
0.168,-0.33833888,0.2926515
0.1681,-0.33652756,0.29342192
0.1682,-0.33471319,0.2941837
0.1683,-0.3328959,0.29493687
0.1684,-0.33107564,0.29568139
0.16850001,-0.32925254,0.29641721
0.16859999,-0.32742658,0.29714429
0.16869999,-0.32559782,0.29786268
0.1688,-0.32376629,0.2985723
0.1689,-0.32193208,0.29927316
0.169,-0.32009521,0.29996523
0.1691,-0.31825569,0.30064845
0.1692,-0.31641361,0.30132288
0.1693,-0.314569,0.30198839
0.16940001,-0.31272191,0.30264506
0.16949999,-0.31087238,0.30329284
0.1696,-0.30902046,0.30393168
0.1697,-0.30716619,0.30456159
0.1698,-0.30530962,0.30518252
0.1699,-0.30345079,0.30579448
0.17,-0.30158976,0.30639744
0.1701,-0.29972652,0.3069914
0.17020001,-0.29786116,0.3075763
0.17030001,-0.29599369,0.30815217
0.17039999,-0.29412422,0.30871895
0.1705,-0.29225275,0.30927664
0.1706,-0.29037935,0.30982521
0.1707,-0.28850403,0.31036466
0.1708,-0.28662691,0.310895
0.1709,-0.28474799,0.31141612
0.171,-0.28286731,0.31192809
0.17110001,-0.28098494,0.31243089
0.17120001,-0.27910089,0.31292444
0.17129999,-0.27721527,0.31340876
0.1714,-0.27532807,0.31388387
0.1715,-0.27343938,0.31434971
0.1716,-0.27154922,0.31480625
0.1717,-0.26965767,0.31525353
0.1718,-0.26776478,0.3156915
0.1719,-0.26587054,0.31612015
0.17200001,-0.26397505,0.31653944
0.17209999,-0.26207834,0.3169494
0.17219999,-0.26018047,0.31735
0.1723,-0.2582815,0.31774125
0.1724,-0.25638148,0.31812307
0.1725,-0.25448042,0.31849551
0.1726,-0.25257841,0.31885856
0.1727,-0.2506755,0.31921214
0.1728,-0.24877173,0.31955633
0.17290001,-0.24686714,0.31989104
0.17299999,-0.2449618,0.3202163
0.17309999,-0.24305575,0.32053205
0.1732,-0.24114899,0.32083836
0.1733,-0.23924163,0.32113516
0.1734,-0.23733371,0.32142246
0.1735,-0.23542528,0.32170022
0.1736,-0.2335164,0.32196847
0.1737,-0.23160711,0.32222718
0.17380001,-0.22969747,0.32247636
0.17389999,-0.22778752,0.322716
0.17399999,-0.22587733,0.32294604
0.1741,-0.22396694,0.32316652
0.1742,-0.2220564,0.32337743
0.1743,-0.22014579,0.32357877
0.1744,-0.21823512,0.32377049
0.1745,-0.21632448,0.32395265
0.17460001,-0.2144139,0.32412517
0.17470001,-0.21250343,0.32428807
0.17479999,-0.21059315,0.32444134
0.1749,-0.20868309,0.32458502
0.175,-0.2067733,0.32471904
0.1751,-0.20486385,0.32484344
0.1752,-0.20295478,0.32495821
0.1753,-0.20104617,0.32506332
0.1754,-0.19913805,0.32515877
0.17550001,-0.19723046,0.32524458
0.17560001,-0.19532348,0.32532072
0.17569999,-0.19341716,0.32538718
0.1758,-0.19151156,0.32544401
0.1759,-0.18960667,0.32549113
0.176,-0.1877026,0.32552859
0.1761,-0.18579938,0.3255564
0.1762,-0.18389709,0.32557449
0.1763,-0.18199578,0.32558292
0.17640001,-0.18009549,0.32558167
0.17649999,-0.1781963,0.32557073
0.17659999,-0.17629823,0.32555014
0.1767,-0.17440137,0.32551983
0.1768,-0.17250575,0.32547987
0.1769,-0.17061144,0.32543021
0.177,-0.16871849,0.32537088
0.1771,-0.16682695,0.32530186
0.1772,-0.16493689,0.32522315
0.17730001,-0.16304834,0.32513478
0.17739999,-0.16116138,0.32503673
0.17749999,-0.15927604,0.32492903
0.1776,-0.15739241,0.32481164
0.1777,-0.15551051,0.32468459
0.1778,-0.15363042,0.32454789
0.1779,-0.15175219,0.3244015
0.178,-0.14987588,0.32424548
0.1781,-0.14800154,0.32407981
0.17820001,-0.14612921,0.32390448
0.17829999,-0.14425896,0.32371953
0.17839999,-0.14239082,0.32352489
0.1785,-0.14052486,0.32332066
0.1786,-0.13866116,0.32310677
0.1787,-0.13679975,0.32288328
0.1788,-0.1349407,0.32265016
0.1789,-0.13308404,0.32240745
0.17900001,-0.13122988,0.32215515
0.17910001,-0.12937821,0.32189324
0.17919999,-0.12752914,0.32162175
0.1793,-0.1256827,0.32134068
0.1794,-0.12383895,0.32105008
0.1795,-0.12199795,0.32074988
0.1796,-0.12015975,0.32044014
0.1797,-0.11832441,0.3201209
0.1798,-0.11649198,0.31979209
0.17990001,-0.11466252,0.31945381
0.18000001,-0.1128361,0.31910598
0.18009999,-0.11101276,0.31874868
0.1802,-0.10919255,0.31838188
0.1803,-0.10737555,0.31800562
0.1804,-0.10556179,0.31761992
0.1805,-0.10375135,0.31722477
0.1806,-0.10194427,0.31682017
0.1807,-0.10014061,0.31640616
0.18080001,-0.098340414,0.31598273
0.18089999,-0.096543744,0.31554991
0.18099999,-0.094750665,0.3151077
0.1811,-0.092961229,0.31465614
0.1812,-0.091175497,0.31419525
0.1813,-0.089393511,0.31372499
0.1814,-0.087615341,0.31324545
0.1815,-0.085841037,0.31275657
0.1816,-0.08407066,0.31225842
0.18170001,-0.082304262,0.31175101
0.18179999,-0.080541901,0.31123435
0.18189999,-0.078783631,0.31070846
0.182,-0.077029504,0.31017336
0.1821,-0.075279586,0.30962905
0.1822,-0.073533922,0.30907559
0.1823,-0.07179258,0.30851296
0.1824,-0.070055604,0.30794117
0.1825,-0.068323053,0.30736029
0.18260001,-0.066594988,0.30677032
0.18269999,-0.06487146,0.30617127
0.18279999,-0.063152529,0.30556315
0.1829,-0.061438244,0.30494601
0.183,-0.059728667,0.30431986
0.1831,-0.058023848,0.30368471
0.1832,-0.056323841,0.30304059
0.1833,-0.054628689,0.30238751
0.18340001,-0.052938461,0.30172551
0.18350001,-0.051253214,0.30105463
0.18359999,-0.049573001,0.30037484
0.1837,-0.047897872,0.29968622
0.1838,-0.046227891,0.29898876
0.1839,-0.044563107,0.29828253
0.184,-0.042903576,0.29756749
0.1841,-0.041249353,0.29684374
0.1842,-0.039600492,0.29611123
0.18430001,-0.037957046,0.29537004
0.18440001,-0.036319073,0.29462016
0.18449999,-0.034686629,0.29386166
0.1846,-0.033059761,0.29309455
0.1847,-0.031438526,0.29231882
0.1848,-0.029822981,0.29153457
0.1849,-0.028213177,0.29074177
0.185,-0.026609169,0.28994048
0.1851,-0.025011012,0.28913072
0.18520001,-0.023418758,0.28831252
0.18529999,-0.021832461,0.28748593
0.18539999,-0.020252172,0.28665093
0.1855,-0.018677948,0.28580758
0.1856,-0.017109841,0.28495595
0.1857,-0.015547886,0.284096
0.1858,-0.013992146,0.28322777
0.1859,-0.012442677,0.28235134
0.186,-0.010899533,0.28146672
0.18610001,-0.0093627647,0.28057393
0.18619999,-0.0078324256,0.27967304
0.18629999,-0.0063085677,0.27876404
0.1864,-0.0047912421,0.27784699
0.1865,-0.0032805009,0.27692193
0.1866,-0.0017763958,0.27598888
0.1867,-0.00027897817,0.2750479
0.1868,0.0012117006,0.27409899
0.1869,0.0026955893,0.27314219
0.18700001,0.0041726371,0.27217758
0.18709999,0.0056427931,0.27120516
0.18719999,0.0071060066,0.27022496
0.1873,0.0085622268,0.26923704
0.1874,0.010011404,0.26824144
0.1875,0.011453488,0.26723817
0.1876,0.012888427,0.2662273
0.1877,0.014316173,0.26520884
0.18780001,0.015736677,0.26418287
0.18790001,0.017149888,0.26314941
0.18799999,0.018555757,0.2621085
0.1881,0.019954238,0.26106015
0.1882,0.021345291,0.26000443
0.1883,0.022728859,0.25894135
0.1884,0.024104891,0.257871
0.1885,0.025473341,0.25679341
0.1886,0.026834162,0.25570861
0.18870001,0.028187303,0.25461662
0.18880001,0.029532718,0.25351751
0.18889999,0.030870359,0.25241134
0.189,0.03220018,0.25129813
0.1891,0.033522137,0.25017795
0.1892,0.034836177,0.2490508
0.1893,0.036142256,0.24791676
0.1894,0.03744033,0.24677585
0.1895,0.038730349,0.24562815
0.18960001,0.04001227,0.24447368
0.18970001,0.041286051,0.24331249
0.18979999,0.04255164,0.24214464
0.1899,0.043808997,0.24097016
0.19,0.045058072,0.23978911
0.1901,0.046298824,0.23860154
0.1902,0.04753121,0.23740748
0.1903,0.04875518,0.23620698
0.1904,0.049970698,0.23500012
0.19050001,0.051177714,0.23378691
0.19059999,0.052376192,0.2325674
0.19069999,0.053566087,0.23134165
0.1908,0.054747351,0.23010969
0.1909,0.055919949,0.22887161
0.191,0.05708383,0.22762744
0.1911,0.058238961,0.22637723
0.1912,0.059385292,0.22512105
0.1913,0.060522787,0.22385892
0.19140001,0.061651401,0.22259092
0.19149999,0.062771097,0.22131708
0.19159999,0.063881837,0.22003748
0.1917,0.064983569,0.21875215
0.1918,0.066076271,0.21746115
0.1919,0.067159884,0.21616453
0.192,0.068234384,0.21486236
0.1921,0.06929972,0.21355468
0.19220001,0.070355862,0.21224155
0.19230001,0.071402773,0.210923
0.19239999,0.072440401,0.20959912
0.1925,0.073468722,0.20826997
0.1926,0.074487701,0.20693557
0.1927,0.075497285,0.20559601
0.1928,0.07649745,0.20425133
0.1929,0.077488154,0.20290159
0.193,0.078469358,0.20154683
0.19310001,0.079441033,0.20018712
0.19320001,0.080403142,0.1988225
0.19329999,0.081355639,0.19745305
0.1934,0.08229851,0.19607884
0.1935,0.083231702,0.1946999
0.1936,0.084155187,0.1933163
0.1937,0.085068934,0.1919281
0.1938,0.085972905,0.19053538
0.1939,0.086867072,0.18913816
0.19400001,0.087751389,0.18773654
0.19410001,0.088625841,0.18633054
0.19419999,0.089490384,0.18492025
0.1943,0.090344995,0.18350573
0.1944,0.09118963,0.18208703
0.1945,0.092024267,0.18066423
0.1946,0.092848875,0.17923737
0.1947,0.093663424,0.17780651
0.1948,0.094467878,0.17637174
0.19490001,0.095262215,0.17493309
0.19499999,0.096046403,0.17349064
0.19509999,0.096820407,0.17204447
0.1952,0.09758421,0.17059462
0.1953,0.09833777,0.16914116
0.1954,0.099081069,0.16768415
0.1955,0.09981408,0.16622363
0.1956,0.10053677,0.16475968
0.1957,0.10124911,0.16329236
0.19580001,0.10195109,0.16182177
0.19589999,0.10264266,0.16034794
0.19599999,0.10332382,0.15887095
0.1961,0.10399453,0.15739085
0.1962,0.10465476,0.15590774
0.1963,0.1053045,0.15442166
0.1964,0.10594372,0.15293267
0.1965,0.1065724,0.15144086
0.19660001,0.10719051,0.14994627
0.19670001,0.10779803,0.148449
0.19679999,0.10839494,0.1469491
0.1969,0.10898122,0.14544663
0.197,0.10955685,0.14394167
0.1971,0.11012179,0.14243428
0.1972,0.11067605,0.14092454
0.1973,0.11121958,0.13941251
0.1974,0.11175239,0.13789827
0.19750001,0.11227444,0.13638186
0.19760001,0.11278572,0.13486338
0.19769999,0.1132862,0.13334288
0.1978,0.11377589,0.13182044
0.1979,0.11425474,0.13029613
0.198,0.11472273,0.12876998
0.1981,0.11517987,0.12724209
0.1982,0.11562613,0.12571253
0.1983,0.1160615,0.12418139
0.19840001,0.11648596,0.12264871
0.19850001,0.1168995,0.12111458
0.19859999,0.1173021,0.11957907
0.1987,0.11769375,0.11804225
0.1988,0.11807443,0.11650418
0.1989,0.11844414,0.11496494
0.199,0.11880286,0.11342461
0.1991,0.11915058,0.11188325
0.1992,0.11948729,0.11034094
0.19930001,0.11981297,0.10879774
0.19939999,0.12012761,0.10725374
0.19949999,0.12043121,0.105709
0.1996,0.12072376,0.1041636
0.1997,0.12100525,0.10261761
0.1998,0.12127566,0.1010711
0.1999,0.121535,0.099524155
0.2,0.12178324,0.097976841
0.2001,0.12202039,0.096429229
0.20020001,0.12224644,0.094881393
0.20029999,0.12246139,0.093333408
0.20039999,0.1226652,0.091785312
0.2005,0.12285789,0.090237215
0.2006,0.12303946,0.088689178
0.2007,0.12320989,0.08714129
0.2008,0.12336919,0.085593618
0.2009,0.12351736,0.084046237
0.20100001,0.12365438,0.082499221
0.20110001,0.12378026,0.080952644
0.20119999,0.123895,0.079406582
0.2013,0.12399859,0.077861115
0.2014,0.12409103,0.076316312
0.2015,0.12417233,0.074772246
0.2016,0.12424248,0.073229
0.2017,0.12430149,0.07168664
0.2018,0.12434935,0.070145249
0.20190001,0.12438606,0.068604901
0.20200001,0.12441164,0.067065671
0.20209999,0.12442608,0.065527633
0.2022,0.12442939,0.063990869
0.2023,0.12442157,0.062455446
0.2024,0.12440263,0.060921445
0.2025,0.12437256,0.059388943
0.2026,0.12433138,0.057858013
0.2027,0.12427908,0.056328733
0.20280001,0.12421568,0.054801159
0.20290001,0.12414116,0.053275362
0.20299999,0.12405555,0.051751442
0.2031,0.12395886,0.050229471
0.2032,0.12385108,0.048709523
0.2033,0.12373225,0.047191672
0.2034,0.12360235,0.045676
0.2035,0.12346142,0.044162583
0.2036,0.12330944,0.042651493
0.20370001,0.12314644,0.04114281
0.20379999,0.12297242,0.039636608
0.20389999,0.12278741,0.038132962
0.204,0.1225914,0.036631953
0.2041,0.12238442,0.035133652
0.2042,0.12216648,0.033638142
0.2043,0.1219376,0.032145489
0.2044,0.12169778,0.030655781
0.2045,0.12144704,0.029169086
0.20460001,0.12118541,0.027685486
0.20469999,0.12091289,0.026205054
0.20479999,0.1206295,0.024727866
0.2049,0.12033527,0.023254
0.205,0.12003021,0.021783533
0.2051,0.11971434,0.020316539
0.2052,0.11938768,0.018853094
0.2053,0.1190502,0.017393244
0.2054,0.11870198,0.015937092
0.20550001,0.11834302,0.014484712
0.20559999,0.11797334,0.013036181
0.2057,0.11759298,0.011591576
0.2058,0.11720194,0.010150971
0.2059,0.11680026,0.0087144421
0.206,0.11638795,0.0072820652
0.2061,0.11596504,0.0058539151
0.2062,0.11553156,0.0044300677
0.20630001,0.11508753,0.003010598
0.20640001,0.11463298,0.0015955813
0.20649999,0.11416793,0.00018509297
0.2066,0.11369241,-0.0012207919
0.2067,0.11320645,-0.0026219985
0.2068,0.11271008,-0.0040184516
0.2069,0.11220332,-0.0054100766
0.207,0.11168621,-0.0067967987
0.2071,0.11115877,-0.0081785433
0.20720001,0.11062103,-0.0095552355
0.20730001,0.11007303,-0.010926802
0.20739999,0.1095148,-0.012293166
0.2075,0.10894636,-0.013654256
0.2076,0.10836776,-0.015009996
0.2077,0.107779,-0.016360329
0.2078,0.10718012,-0.017705182
0.2079,0.10657116,-0.019044466
0.208,0.10595217,-0.020378113
0.20810001,0.10532317,-0.021706048
0.20819999,0.1046842,-0.023028197
0.20829999,0.1040353,-0.024344489
0.2084,0.1033765,-0.025654851
0.2085,0.10270785,-0.026959211
0.2086,0.10202938,-0.028257495
0.2087,0.10134112,-0.02954963
0.2088,0.10064312,-0.030835548
0.2089,0.09993542,-0.032115176
0.20900001,0.099218063,-0.033388443
0.20909999,0.098491073,-0.034655273
0.20919999,0.097754508,-0.035915602
0.2093,0.097008407,-0.037169352
0.2094,0.096252806,-0.038416456
0.2095,0.095487759,-0.039656844
0.2096,0.094713293,-0.040890448
0.2097,0.09392947,-0.04211719
0.2098,0.093136325,-0.043337006
0.20990001,0.092333905,-0.044549823
0.20999999,0.091522254,-0.045755576
0.2101,0.090701416,-0.046954196
0.2102,0.089871392,-0.048145629
0.2103,0.089032277,-0.049329791
0.2104,0.088184118,-0.050506618
0.2105,0.087326951,-0.051676035
0.2106,0.086460836,-0.052837979
0.21070001,0.085585818,-0.053992383
0.21080001,0.08470194,-0.055139177
0.21089999,0.083809271,-0.056278296
0.211,0.082907841,-0.057409674
0.2111,0.081997715,-0.05853324
0.2112,0.081078939,-0.059648931
0.2113,0.080151573,-0.060756683
0.2114,0.079215661,-0.06185643
0.2115,0.078271255,-0.0629481
0.21160001,0.077318422,-0.064031638
0.21170001,0.076357201,-0.065106981
0.21179999,0.075387664,-0.066174045
0.2119,0.07440985,-0.067232788
0.212,0.073423833,-0.068283133
0.2121,0.07242965,-0.069325022
0.2122,0.071427375,-0.070358396
0.2123,0.070417061,-0.071383186
0.2124,0.069398761,-0.072399326
0.21250001,0.068372548,-0.073406763
0.21259999,0.067338429,-0.074405439
0.21269999,0.066296481,-0.075395294
0.2128,0.065246783,-0.076376252
0.2129,0.064189389,-0.077348262
0.213,0.063124374,-0.078311265
0.2131,0.062051784,-0.0792652
0.2132,0.060971688,-0.08021
0.2133,0.059884153,-0.081145622
0.21340001,0.058789235,-0.08207199
0.21349999,0.057686999,-0.082989052
0.21359999,0.056577511,-0.083896756
0.2137,0.055460837,-0.084795035
0.2138,0.05433704,-0.085683838
0.2139,0.053206183,-0.086563103
0.214,0.052068338,-0.087432779
0.2141,0.050923567,-0.088292815
0.2142,0.049771942,-0.089143142
0.21430001,0.048613526,-0.089983709
0.21439999,0.047448389,-0.090814471
0.2145,0.046276599,-0.091635369
0.2146,0.04509823,-0.092446342
0.2147,0.043913346,-0.093247339
0.2148,0.042722017,-0.094038315
0.2149,0.041524321,-0.09481921
0.215,0.040320311,-0.095589973
0.21510001,0.03911002,-0.096350558
0.21520001,0.037893567,-0.097100906
0.21529999,0.036671016,-0.097840972
0.2154,0.035442445,-0.098570704
0.2155,0.034207925,-0.099290051
0.2156,0.03296753,-0.099998966
0.2157,0.031721331,-0.1006974
0.2158,0.030469405,-0.1013853
0.2159,0.029211827,-0.10206263
0.21600001,0.02794867,-0.10272933
0.21610001,0.026680011,-0.10338535
0.21619999,0.025405927,-0.10403066
0.2163,0.024126492,-0.1046652
0.2164,0.022841787,-0.10528895
0.2165,0.021551887,-0.10590182
0.2166,0.020256869,-0.10650381
0.2167,0.018956814,-0.10709484
0.2168,0.017651798,-0.1076749
0.21690001,0.016341902,-0.10824392
0.21699999,0.015027206,-0.10880187
0.21709999,0.01370779,-0.10934871
0.2172,0.012383734,-0.1098844
0.2173,0.011055119,-0.11040889
0.2174,0.009722027,-0.11092214
0.2175,0.0083844839,-0.11142412
0.2176,0.0070425933,-0.11191478
0.2177,0.0056964587,-0.11239409
0.21780001,0.0043461616,-0.11286201
0.21789999,0.0029917844,-0.1133185
0.21799999,0.0016334098,-0.11376351
0.2181,0.00027112119,-0.11419704
0.2182,-0.0010949979,-0.11461902
0.2183,-0.0024648635,-0.11502943
0.2184,-0.0038383915,-0.11542824
0.2185,-0.0052154968,-0.1158154
0.2186,-0.0065960949,-0.1161909
0.21870001,-0.0079800999,-0.11655468
0.21879999,-0.0093674269,-0.11690672
0.2189,-0.010757988,-0.11724699
0.219,-0.0121517,-0.11757547
0.2191,-0.013548472,-0.11789211
0.2192,-0.014948219,-0.11819689
0.2193,-0.016350854,-0.11848978
0.2194,-0.017756289,-0.11877075
0.21950001,-0.019164434,-0.11903977
0.21960001,-0.020575203,-0.11929683
0.21969999,-0.021988504,-0.11954187
0.2198,-0.023404252,-0.11977489
0.2199,-0.024822362,-0.11999586
0.22,-0.026242774,-0.12020473
0.2201,-0.027665367,-0.12040149
0.2202,-0.029090052,-0.12058613
0.2203,-0.030516742,-0.12075862
0.22040001,-0.03194534,-0.12091892
0.22050001,-0.033375762,-0.12106704
0.22059999,-0.034807913,-0.12120294
0.2207,-0.036241703,-0.1213266
0.2208,-0.037677038,-0.12143801
0.2209,-0.039113831,-0.12153714
0.221,-0.040551983,-0.12162398
0.2211,-0.041991405,-0.1216985
0.2212,-0.043432008,-0.1217607
0.22130001,-0.044873692,-0.12181054
0.22139999,-0.04631637,-0.12184803
0.22149999,-0.047759943,-0.12187314
0.2216,-0.04920432,-0.12188587
0.2217,-0.050649408,-0.12188619
0.2218,-0.052095111,-0.12187409
0.2219,-0.053541336,-0.12184956
0.222,-0.054987986,-0.12181259
0.2221,-0.056434963,-0.12176317
0.22220001,-0.057882182,-0.12170129
0.22229999,-0.059329536,-0.12162694
0.22239999,-0.060776994,-0.12154007
0.2225,-0.062224429,-0.1214407
0.2226,-0.06367173,-0.12132883
0.2227,-0.065118805,-0.12120445
0.2228,-0.066565551,-0.12106756
0.2229,-0.06801188,-0.12091814
0.223,-0.069457687,-0.1207562
0.22310001,-0.070902884,-0.12058173
0.22319999,-0.072347373,-0.12039472
0.2233,-0.073791057,-0.12019518
0.2234,-0.075233839,-0.1199831
0.2235,-0.076675631,-0.11975848
0.2236,-0.07811632,-0.11952131
0.2237,-0.079555817,-0.11927161
0.2238,-0.080994025,-0.11900938
0.22390001,-0.082430854,-0.11873459
0.22400001,-0.083866194,-0.11844728
0.22409999,-0.085299954,-0.11814743
0.2242,-0.086732037,-0.11783506
0.2243,-0.088162348,-0.11751016
0.2244,-0.08959078,-0.11717275
0.2245,-0.091017246,-0.11682282
0.2246,-0.092441641,-0.11646039
0.2247,-0.093863867,-0.11608546
0.22480001,-0.095283844,-0.11569803
0.22490001,-0.096701495,-0.1152981
0.22499999,-0.098116696,-0.11488568
0.2251,-0.099529341,-0.1144608
0.2252,-0.10093934,-0.11402347
0.2253,-0.10234659,-0.11357369
0.2254,-0.103751,-0.11311149
0.2255,-0.10515247,-0.11263686
0.2256,-0.10655089,-0.11214984
0.22570001,-0.10794619,-0.11165043
0.22579999,-0.10933824,-0.11113864
0.22589999,-0.11072696,-0.1106145
0.226,-0.11211225,-0.11007802
0.2261,-0.11349401,-0.10952923
0.2262,-0.11487214,-0.10896812
0.2263,-0.11624654,-0.10839474
0.2264,-0.11761712,-0.1078091
0.2265,-0.11898378,-0.10721122
0.22660001,-0.12034643,-0.10660112
0.22669999,-0.12170495,-0.10597882
0.22679999,-0.12305926,-0.10534436
0.2269,-0.12440926,-0.10469774
0.227,-0.12575485,-0.10403901
0.2271,-0.12709592,-0.10336818
0.2272,-0.12843239,-0.10268528
0.2273,-0.12976421,-0.10199028
0.2274,-0.13109125,-0.10128324
0.22750001,-0.1324134,-0.1005642
0.22759999,-0.13373058,-0.09983319
0.2277,-0.13504267,-0.099090248
0.2278,-0.13634957,-0.098335393
0.2279,-0.13765122,-0.097568668
0.228,-0.13894749,-0.096790098
0.2281,-0.1402383,-0.09599971
0.2282,-0.14152354,-0.095197551
0.22830001,-0.14280313,-0.09438365
0.22840001,-0.14407697,-0.093558036
0.22849999,-0.14534497,-0.092720754
0.2286,-0.14660703,-0.091871835
0.2287,-0.14786303,-0.091011323
0.2288,-0.14911292,-0.090139247
0.2289,-0.15035658,-0.089255653
0.229,-0.15159391,-0.088360585
0.2291,-0.15282483,-0.087454073
0.22920001,-0.15404923,-0.086536169
0.22930001,-0.15526704,-0.08560691
0.22939999,-0.15647815,-0.084666342
0.2295,-0.15768246,-0.0837145
0.2296,-0.15887991,-0.082751445
0.2297,-0.16007036,-0.081777193
0.2298,-0.16125377,-0.080791764
0.2299,-0.16243002,-0.079795241
0.23,-0.16359901,-0.078787677
0.23010001,-0.16476065,-0.077769116
0.23019999,-0.16591486,-0.076739602
0.23029999,-0.16706155,-0.075699188
0.2304,-0.16820063,-0.074647933
0.2305,-0.16933198,-0.073585875
0.2306,-0.17045555,-0.072513074
0.2307,-0.17157121,-0.07142958
0.2308,-0.1726789,-0.070335448
0.2309,-0.17377852,-0.069230735
0.23100001,-0.17486998,-0.068115488
0.23109999,-0.17595319,-0.066989765
0.23119999,-0.17702807,-0.065853633
0.2313,-0.17809454,-0.064707138
0.2314,-0.17915247,-0.063550346
0.2315,-0.1802018,-0.062383305
0.2316,-0.18124245,-0.061206087
0.2317,-0.18227433,-0.060018748
0.2318,-0.18329734,-0.05882135
0.23190001,-0.18431139,-0.057613954
0.23199999,-0.18531641,-0.056396622
0.2321,-0.18631232,-0.055169422
0.2322,-0.18729903,-0.053932324
0.2323,-0.18827647,-0.052685454
0.2324,-0.18924454,-0.051428895
0.2325,-0.19020315,-0.050162703
0.2326,-0.19115222,-0.048886955
0.23270001,-0.19209166,-0.047601707
0.23280001,-0.1930214,-0.046307035
0.23289999,-0.19394137,-0.045003004
0.233,-0.19485146,-0.043689687
0.2331,-0.19575159,-0.042367145
0.2332,-0.19664171,-0.041035458
0.2333,-0.1975217,-0.039694693
0.2334,-0.19839151,-0.038344923
0.2335,-0.19925106,-0.036986217
0.23360001,-0.20010024,-0.035618655
0.23370001,-0.20093901,-0.03424231
0.23379999,-0.20176727,-0.03285725
0.2339,-0.20258494,-0.03146356
0.234,-0.20339195,-0.030061312
0.2341,-0.20418823,-0.028650584
0.2342,-0.2049737,-0.027231451
0.2343,-0.20574826,-0.025803996
0.2344,-0.20651188,-0.024368297
0.23450001,-0.20726445,-0.022924433
0.23459999,-0.20800591,-0.021472458
0.23469999,-0.2087362,-0.020012438
0.2348,-0.20945522,-0.018544488
0.2349,-0.21016291,-0.017068688
0.235,-0.21085921,-0.015585122
0.2351,-0.21154402,-0.014093872
0.2352,-0.2122173,-0.012595024
0.2353,-0.21287896,-0.011088661
0.23540001,-0.21352895,-0.0095748687
0.23549999,-0.21416718,-0.008053733
0.23559999,-0.21479358,-0.0065253419
0.2357,-0.2154081,-0.0049897819
0.2358,-0.21601066,-0.0034471415
0.2359,-0.21660121,-0.0018975091
0.236,-0.21717967,-0.00034097422
0.2361,-0.21774597,0.001222373
0.2362,-0.21830006,0.0027924418
0.23630001,-0.21884187,0.0043691406
0.23639999,-0.21937132,0.0059523773
0.23649999,-0.21988837,0.0075420598
0.2366,-0.22039296,0.0091380933
0.2367,-0.22088502,0.010740385
0.2368,-0.22136448,0.01234888
0.2369,-0.22183128,0.013963518
0.237,-0.22228537,0.015584148
0.23710001,-0.2227267,0.017210674
0.23720001,-0.2231552,0.018843003
0.23729999,-0.22357081,0.020481035
0.2374,-0.22397348,0.022124678
0.2375,-0.22436315,0.023773832
0.2376,-0.22473976,0.025428399
0.2377,-0.22510327,0.027088283
0.2378,-0.22545362,0.028753385
0.2379,-0.22579074,0.030423602
0.23800001,-0.2261146,0.032098837
0.23810001,-0.22642514,0.033778992
0.23819999,-0.22672231,0.035463959
0.2383,-0.22700606,0.037153643
0.2384,-0.22727634,0.038847938
0.2385,-0.2275331,0.040546745
0.2386,-0.2277763,0.042249959
0.2387,-0.22800587,0.043957476
0.2388,-0.2282218,0.045669187
0.23890001,-0.22842401,0.047384996
0.23899999,-0.22861247,0.04910481
0.23909999,-0.22878711,0.050828535
0.2392,-0.22894789,0.052556045
0.2393,-0.2290948,0.054287232
0.2394,-0.22922778,0.056021992
0.2395,-0.2293468,0.05776022
0.2396,-0.22945179,0.059501804
0.2397,-0.22954275,0.061246637
0.23980001,-0.22961961,0.062994614
0.23989999,-0.22968233,0.064745627
0.23999999,-0.2297309,0.066499554
0.2401,-0.22976527,0.068256304
0.2402,-0.2297854,0.070015758
0.2403,-0.22979127,0.071777798
0.2404,-0.22978282,0.073542327
0.2405,-0.22976004,0.075309224
0.2406,-0.22972289,0.07707838
0.24070001,-0.22967133,0.078849681
0.24079999,-0.22960535,0.080623023
0.24089999,-0.2295249,0.082398281
0.241,-0.22942996,0.084175348
0.2411,-0.2293205,0.085954107
0.2412,-0.22919649,0.087734468
0.2413,-0.22905788,0.089516334
0.2414,-0.22890466,0.091299571
0.24150001,-0.22873683,0.093084045
0.24160001,-0.22855434,0.094869658
0.24169999,-0.22835718,0.096656285
0.2418,-0.22814532,0.098443814
0.2419,-0.22791873,0.10023213
0.242,-0.2276774,0.10202112
0.2421,-0.22742133,0.10381066
0.2422,-0.22715047,0.10560064
0.2423,-0.22686481,0.10739093
0.24240001,-0.22656435,0.10918143
0.24250001,-0.22624905,0.11097202
0.24259999,-0.22591892,0.11276258
0.2427,-0.22557394,0.11455298
0.2428,-0.22521408,0.11634312
0.2429,-0.22483933,0.11813286
0.243,-0.22444969,0.1199221
0.2431,-0.22404516,0.12171072
0.2432,-0.2236257,0.12349859
0.24330001,-0.22319132,0.1252856
0.24339999,-0.22274201,0.12707163
0.24349999,-0.22227773,0.12885661
0.2436,-0.22179849,0.13064037
0.2437,-0.22130431,0.13242279
0.2438,-0.22079517,0.13420376
0.2439,-0.22027107,0.13598315
0.244,-0.219732,0.13776086
0.2441,-0.21917798,0.13953675
0.24420001,-0.21860898,0.14131071
0.24429999,-0.21802501,0.1430826
0.24439999,-0.21742608,0.14485233
0.2445,-0.21681219,0.14661974
0.2446,-0.21618335,0.14838475
0.2447,-0.21553954,0.15014721
0.2448,-0.21488079,0.15190701
0.2449,-0.21420711,0.15366402
0.245,-0.21351849,0.15541814
0.24510001,-0.21281494,0.15716924
0.24519999,-0.21209647,0.15891717
0.24529999,-0.21136309,0.16066185
0.2454,-0.21061483,0.16240312
0.2455,-0.20985168,0.1641409
0.2456,-0.20907365,0.16587503
0.2457,-0.20828071,0.16760546
0.2458,-0.20747294,0.16933201
0.24590001,-0.20665033,0.17105456
0.24600001,-0.2058129,0.172773
0.24609999,-0.20496067,0.1744872
0.2462,-0.20409366,0.17619705
0.2463,-0.20321189,0.17790243
0.2464,-0.20231538,0.17960319
0.2465,-0.20140415,0.18129924
0.2466,-0.20047823,0.18299045
0.2467,-0.19953762,0.18467668
0.24680001,-0.19858237,0.18635783
0.24690001,-0.19761249,0.18803377
0.24699999,-0.19662802,0.18970439
0.2471,-0.19562897,0.19136956
0.2472,-0.19461539,0.19302915
0.2473,-0.1935873,0.19468306
0.2474,-0.19254473,0.19633114
0.2475,-0.1914877,0.1979733
0.2476,-0.19041626,0.1996094
0.24770001,-0.18933043,0.20123933
0.24779999,-0.18823025,0.20286296
0.24789999,-0.1871157,0.2044802
0.248,-0.18598688,0.20609091
0.2481,-0.18484379,0.20769496
0.2482,-0.18368651,0.20929225
0.2483,-0.18251504,0.21088265
0.2484,-0.18132944,0.21246603
0.2485,-0.18012975,0.21404229
0.24860001,-0.17891601,0.21561129
0.24869999,-0.17768827,0.21717294
0.24879999,-0.17644656,0.2187271
0.2489,-0.17519093,0.22027364
0.249,-0.17392142,0.22181249
0.2491,-0.17263809,0.22334348
0.2492,-0.17134099,0.22486651
0.2493,-0.17003016,0.22638148
0.2494,-0.16870564,0.22788824
0.24950001,-0.1673675,0.2293867
0.24959999,-0.16601579,0.23087674
0.24969999,-0.16465054,0.23235825
0.2498,-0.16327183,0.23383108
0.2499,-0.1618797,0.23529515
0.25,-0.16047421,0.23675033
0.25009999,-0.15905535,0.23819652
0.2502,-0.15762323,0.2396336
0.25029999,-0.15617791,0.24106146
0.25040001,-0.15471944,0.24247997
0.25049999,-0.15324791,0.24388902
0.25060001,-0.15176333,0.24528851
0.2507,-0.15026581,0.24667831
0.25080001,-0.1487554,0.2480583
0.2509,-0.14723216,0.24942841
0.25099999,-0.14569613,0.25078848
0.2511,-0.14414741,0.25213844
0.25119999,-0.14258607,0.25347814
0.25130001,-0.14101215,0.2548075
0.25139999,-0.13942572,0.25612637
0.25150001,-0.13782686,0.2574347
0.2516,-0.13621566,0.25873235
0.25170001,-0.13459216,0.26001918
0.2518,-0.13295645,0.26129514
0.25189999,-0.13130859,0.2625601
0.252,-0.12964866,0.26381391
0.25209999,-0.12797673,0.26505652
0.25220001,-0.12629288,0.2662878
0.25229999,-0.12459713,0.26750767
0.25240001,-0.12288962,0.26871598
0.2525,-0.12117039,0.26991266
0.25260001,-0.11943956,0.27109757
0.2527,-0.11769719,0.27227062
0.25279999,-0.11594336,0.27343175
0.2529,-0.11417815,0.27458078
0.25299999,-0.11240165,0.27571768
0.25310001,-0.11061394,0.2768423
0.25319999,-0.10881511,0.27795455
0.25330001,-0.10700523,0.27905434
0.2534,-0.10518441,0.28014159
0.25350001,-0.10335271,0.28121614
0.2536,-0.10151024,0.28227794
0.25369999,-0.099657074,0.28332686
0.2538,-0.097793311,0.28436282
0.25389999,-0.095919043,0.28538576
0.25400001,-0.094034351,0.28639549
0.25409999,-0.092139333,0.28739199
0.25420001,-0.090234086,0.28837514
0.2543,-0.088318698,0.28934485
0.25440001,-0.086393259,0.29030102
0.2545,-0.084457822,0.29124355
0.25459999,-0.082512528,0.29217237
0.25470001,-0.080557466,0.29308733
0.25479999,-0.07859274,0.29398841
0.25490001,-0.07661844,0.2948755
0.255,-0.074634679,0.29574847
0.25510001,-0.072641544,0.29660726
0.2552,-0.070639141,0.29745179
0.25529999,-0.068627574,0.29828197
0.2554,-0.066606939,0.29909769
0.25549999,-0.064577349,0.29989886
0.25560001,-0.062538899,0.30068544
0.25569999,-0.060491703,0.30145729
0.25580001,-0.058435861,0.30221435
0.2559,-0.05637148,0.30295652
0.25600001,-0.054298669,0.30368376
0.2561,-0.052217536,0.30439594
0.25619999,-0.050128188,0.30509302
0.2563,-0.048030738,0.30577487
0.25639999,-0.045925297,0.30644146
0.25650001,-0.043811973,0.30709267
0.25659999,-0.041690875,0.30772844
0.25670001,-0.039562102,0.30834869
0.2568,-0.037425786,0.30895332
0.25690001,-0.035282034,0.30954227
0.257,-0.033130959,0.31011549
0.25709999,-0.030972665,0.31067285
0.2572,-0.028807281,0.31121433
0.25729999,-0.026634913,0.31173983
0.25740001,-0.024455683,0.31224927
0.25749999,-0.022269705,0.31274259
0.25760001,-0.020077098,0.31321973
0.2577,-0.017877983,0.31368059
0.25780001,-0.015672477,0.31412512
0.2579,-0.013460702,0.31455323
0.25799999,-0.011242776,0.31496489
0.2581,-0.0090188207,0.31536001
0.25819999,-0.0067889588,0.31573853
0.25830001,-0.0045533115,0.31610036
0.25839999,-0.0023120043,0.31644547
0.25850001,-6.5160057e-05,0.3167738
0.2586,0.0021870965,0.31708527
0.25870001,0.0044446401,0.31737977
0.2588,0.0067073442,0.31765735
0.25889999,0.008975083,0.31791785
0.259,0.011247728,0.31816125
0.25909999,0.013525153,0.31838751
0.25920001,0.015807226,0.31859654
0.25929999,0.018093823,0.31878832
0.25940001,0.020384807,0.31896275
0.2595,0.022680053,0.31911981
0.25960001,0.024979427,0.31925943
0.2597,0.027282797,0.31938156
0.25979999,0.029590053,0.31948617
0.2599,0.03190105,0.31957316
0.25999999,0.034215651,0.31964251
0.26010001,0.036533728,0.31969419
0.26019999,0.038855147,0.31972814
0.26030001,0.041179772,0.31974429
0.2604,0.043507468,0.31974259
0.26050001,0.045838106,0.31972304
0.2606,0.048171543,0.31968558
0.26069999,0.050507654,0.31963012
0.2608,0.05284629,0.31955668
0.26089999,0.055187326,0.31946519
0.26100001,0.057530623,0.31935561
0.26109999,0.05987604,0.3192279
0.26120001,0.06222342,0.31908205
0.2613,0.06457264,0.31891799
0.26140001,0.066923559,0.31873569
0.2615,0.069276042,0.31853512
0.26159999,0.071629949,0.31831622
0.2617,0.073985137,0.31807902
0.26179999,0.076341458,0.31782344
0.26190001,0.078698784,0.31754944
0.26199999,0.081056967,0.31725702
0.26210001,0.083415866,0.31694612
0.2622,0.085775331,0.31661674
0.26230001,0.088135235,0.31626886
0.2624,0.090495422,0.31590244
0.26249999,0.092855759,0.31551743
0.2626,0.095216095,0.31511384
0.26269999,0.09757629,0.31469163
0.26280001,0.099936202,0.3142508
0.26289999,0.10229568,0.31379128
0.26300001,0.10465458,0.31331313
0.2631,0.10701276,0.31281623
0.26320001,0.10937008,0.31230065
0.2633,0.11172637,0.31176633
0.26339999,0.11408151,0.31121328
0.26350001,0.11643535,0.31064147
0.26359999,0.11878773,0.31005087
0.26370001,0.12113851,0.30944148
0.2638,0.12348755,0.3088133
0.26390001,0.12583469,0.30816633
0.264,0.12817979,0.30750054
0.26409999,0.1305227,0.30681592
0.2642,0.13286327,0.30611247
0.26429999,0.13520136,0.30539018
0.26440001,0.13753681,0.30464906
0.26449999,0.13986948,0.3038891
0.26460001,0.14219922,0.30311027
0.2647,0.14452587,0.30231261
0.26480001,0.14684929,0.30149609
0.2649,0.14916933,0.30066076
0.26499999,0.15148585,0.29980654
0.2651,0.15379867,0.29893351
0.26519999,0.15610766,0.29804161
0.26530001,0.15841268,0.29713088
0.26539999,0.16071355,0.29620135
0.26550001,0.16301015,0.29525301
0.2656,0.16530232,0.29428583
0.26570001,0.1675899,0.29329985
0.2658,0.16987275,0.2922951
0.26589999,0.1721507,0.29127157
0.266,0.17442361,0.29022926
0.26609999,0.17669134,0.28916821
0.26620001,0.17895372,0.28808844
0.26629999,0.18121062,0.28698993
0.26640001,0.18346187,0.28587273
0.2665,0.18570733,0.28473687
0.26660001,0.18794683,0.28358233
0.2667,0.19018024,0.28240913
0.26679999,0.1924074,0.28121734
0.2669,0.19462815,0.28000695
0.26699999,0.19684234,0.27877799
0.26710001,0.19904983,0.27753049
0.26719999,0.20125046,0.27626449
0.26730001,0.20344408,0.27497998
0.2674,0.20563054,0.27367702
0.26750001,0.20780969,0.27235562
0.2676,0.20998137,0.27101582
0.26769999,0.21214542,0.26965767
0.2678,0.21430171,0.26828116
0.26789999,0.21645008,0.26688638
0.26800001,0.21859036,0.26547334
0.26809999,0.22072244,0.26404208
0.26820001,0.22284612,0.26259261
0.2683,0.22496128,0.26112503
0.26840001,0.22706777,0.25963932
0.2685,0.22916542,0.25813556
0.26859999,0.23125409,0.25661379
0.2687,0.23333362,0.25507402
0.26879999,0.23540385,0.25351635
0.26890001,0.23746467,0.25194076
0.26899999,0.23951589,0.25034738
0.26910001,0.24155737,0.24873617
0.2692,0.24358897,0.24710724
0.26930001,0.24561052,0.24546063
0.2694,0.24762189,0.24379639
0.26949999,0.24962293,0.24211456
0.2696,0.25161347,0.24041522
0.26969999,0.25359336,0.23869841
0.26980001,0.25556248,0.23696418
0.26989999,0.25752065,0.23521259
0.27000001,0.25946772,0.23344372
0.2701,0.26140356,0.23165762
0.27020001,0.26332805,0.22985435
0.2703,0.26524097,0.22803396
0.27039999,0.26714221,0.22619654
0.2705,0.26903161,0.22434214
0.27059999,0.27090904,0.22247082
0.27070001,0.27277437,0.22058265
0.27079999,0.27462739,0.21867771
0.27090001,0.27646801,0.21675608
0.271,0.27829605,0.21481779
0.27110001,0.28011137,0.21286295
0.2712,0.28191385,0.21089163
0.27129999,0.2837033,0.20890389
0.2714,0.28547961,0.20689982
0.27149999,0.28724262,0.20487948
0.27160001,0.2889922,0.20284297
0.27169999,0.29072818,0.20079035
0.27180001,0.29245043,0.19872171
0.2719,0.29415879,0.19663712
0.27200001,0.29585314,0.19453669
0.2721,0.29753333,0.19242047
0.27219999,0.29919922,0.19028857
0.2723,0.30085063,0.18814108
0.27239999,0.30248746,0.18597807
0.27250001,0.30410957,0.18379964
0.2726,0.30571681,0.18160588
0.27270001,0.30730903,0.17939687
0.2728,0.30888608,0.17717271
0.27289999,0.31044784,0.17493349
0.273,0.31199417,0.17267932
0.27309999,0.3135249,0.17041028
0.27320001,0.31503993,0.16812646
0.27329999,0.31653911,0.16582799
0.27340001,0.31802228,0.16351494
0.2735,0.31948933,0.16118744
0.27360001,0.32094011,0.15884556
0.2737,0.32237449,0.1564894
0.27379999,0.32379234,0.1541191
0.2739,0.32519352,0.15173474
0.27399999,0.32657787,0.14933644
0.27410001,0.32794529,0.1469243
0.27419999,0.32929564,0.14449842
0.27430001,0.33062875,0.14205892
0.2744,0.33194453,0.13960592
0.27450001,0.33324283,0.13713953
0.2746,0.3345235,0.13465984
0.27469999,0.33578646,0.132167
0.2748,0.33703154,0.1296611
0.27489999,0.33825859,0.12714227
0.27500001,0.33946756,0.12461063
0.27509999,0.34065825,0.12206628
0.27520001,0.34183052,0.11950936
0.2753,0.34298432,0.11694
0.27540001,0.34411946,0.1143583
0.2755,0.34523582,0.11176439
0.27559999,0.3463333,0.10915841
0.2757,0.34741172,0.10654048
0.27579999,0.34847105,0.10391071
0.27590001,0.34951109,0.10126926
0.27599999,0.35053173,0.098616242
0.27610001,0.35153285,0.095951788
0.2762,0.35251436,0.093276031
0.27630001,0.35347608,0.090589106
0.2764,0.35441795,0.087891147
0.27649999,0.3553398,0.085182294
0.2766,0.35624155,0.082462676
0.27669999,0.35712308,0.07973244
0.27680001,0.35798422,0.076991729
0.27689999,0.35882491,0.07424067
0.27700001,0.35964504,0.07147941
0.2771,0.36044446,0.068708099
0.27720001,0.36122304,0.06592688
0.2773,0.36198071,0.063135892
0.27739999,0.36271736,0.060335282
0.2775,0.36343282,0.057525199
0.27759999,0.36412707,0.054705795
0.27770001,0.36479992,0.051877216
0.27779999,0.36545131,0.049039617
0.27790001,0.36608109,0.046193145
0.278,0.36668918,0.04333796
0.27810001,0.36727545,0.040474214
0.2782,0.36783984,0.03760206
0.27829999,0.36838219,0.034721658
0.2784,0.36890244,0.031833161
0.27849999,0.36940047,0.028936736
0.27860001,0.36987618,0.026032541
0.27869999,0.37032944,0.023120731
0.27880001,0.3707602,0.020201474
0.2789,0.37116835,0.017274933
0.27900001,0.37155378,0.014341272
0.2791,0.37191635,0.011400659
0.27919999,0.37225604,0.0084532583
0.2793,0.37257272,0.00549924
0.27939999,0.3728663,0.0025387728
0.27950001,0.37313667,-0.00042797261
0.27959999,0.37338376,-0.0034008245
0.27970001,0.37360749,-0.0063796104
0.2798,0.37380773,-0.0093641561
0.27990001,0.3739844,-0.012354289
0.28,0.37413743,-0.015349833
0.28009999,0.37426674,-0.018350611
0.2802,0.37437221,-0.021356441
0.28029999,0.37445381,-0.024367148
0.28040001,0.37451142,-0.027382551
0.28049999,0.37454495,-0.030402465
0.28060001,0.37455431,-0.033426713
0.2807,0.37453946,-0.036455106
0.28080001,0.3745003,-0.039487462
0.2809,0.37443677,-0.042523596
0.28099999,0.37434876,-0.045563318
0.2811,0.37423623,-0.048606444
0.28119999,0.37409908,-0.051652785
0.28130001,0.37393725,-0.054702152
0.2814,0.37375069,-0.057754349
0.28150001,0.37353927,-0.060809188
0.2816,0.37330297,-0.063866474
0.28169999,0.37304172,-0.066926017
0.2818,0.37275544,-0.06998761
0.28189999,0.37244406,-0.073051073
0.28200001,0.37210754,-0.076116197
0.28209999,0.37174577,-0.079182789
0.28220001,0.37135875,-0.08225064
0.2823,0.37094638,-0.085319564
0.28240001,0.37050861,-0.088389352
0.2825,0.37004542,-0.091459811
0.28259999,0.3695567,-0.094530724
0.2827,0.36904243,-0.097601898
0.28279999,0.36850253,-0.10067312
0.28290001,0.36793697,-0.10374418
0.28299999,0.36734572,-0.10681488
0.28310001,0.36672869,-0.10988501
0.2832,0.36608586,-0.11295436
0.28330001,0.36541715,-0.11602273
0.2834,0.36472258,-0.11908989
0.28349999,0.36400205,-0.12215563
0.2836,0.36325553,-0.12521975
0.28369999,0.36248299,-0.12828203
0.28380001,0.36168441,-0.13134225
0.28389999,0.36085975,-0.13440022
0.28400001,0.36000896,-0.13745569
0.2841,0.35913199,-0.14050846
0.28420001,0.35822886,-0.14355829
0.2843,0.35729951,-0.146605
0.28439999,0.3563439,-0.14964834
0.2845,0.355362,-0.1526881
0.28459999,0.35435382,-0.15572405
0.28470001,0.35331932,-0.15875599
0.28479999,0.35225847,-0.16178365
0.28490001,0.35117128,-0.16480686
0.285,0.35005772,-0.16782537
0.28510001,0.34891775,-0.17083895
0.2852,0.34775138,-0.17384738
0.28529999,0.3465586,-0.17685044
0.2854,0.34533939,-0.17984788
0.28549999,0.34409371,-0.18283948
0.28560001,0.34282163,-0.18582503
0.28569999,0.34152308,-0.18880428
0.28580001,0.34019807,-0.19177699
0.2859,0.33884662,-0.19474295
0.28600001,0.33746871,-0.19770192
0.2861,0.33606434,-0.20065366
0.28619999,0.33463353,-0.20359795
0.2863,0.33317629,-0.20653453
0.28639999,0.33169261,-0.20946321
0.28650001,0.33018252,-0.2123837
0.28659999,0.32864603,-0.21529581
0.28670001,0.32708314,-0.21819927
0.2868,0.32549384,-0.22109385
0.28690001,0.32387823,-0.22397932
0.287,0.32223624,-0.22685544
0.28709999,0.32056794,-0.22972196
0.2872,0.31887338,-0.23257865
0.28729999,0.3171525,-0.23542526
0.28740001,0.31540543,-0.23826157
0.28749999,0.31363213,-0.24108732
0.28760001,0.31183264,-0.24390227
0.2877,0.31000704,-0.24670617
0.28780001,0.30815533,-0.24949881
0.2879,0.30627754,-0.25227991
0.28799999,0.30437374,-0.25504923
0.2881,0.30244395,-0.25780657
0.28819999,0.30048823,-0.2605516
0.28830001,0.29850665,-0.26328415
0.28839999,0.29649919,-0.26600397
0.28850001,0.29446599,-0.26871076
0.2886,0.29240704,-0.2714043
0.28870001,0.29032239,-0.27408439
0.2888,0.28821215,-0.27675071
0.28889999,0.28607637,-0.27940306
0.289,0.2839151,-0.28204119
0.28909999,0.28172839,-0.28466484
0.28920001,0.27951634,-0.28727373
0.28929999,0.27727899,-0.2898677
0.28940001,0.27501643,-0.2924464
0.2895,0.27272874,-0.29500964
0.28960001,0.27041602,-0.29755718
0.2897,0.2680783,-0.30008876
0.28979999,0.26571566,-0.30260411
0.2899,0.26332822,-0.305103
0.28999999,0.26091608,-0.30758521
0.29010001,0.2584793,-0.31005043
0.2902,0.25601795,-0.31249842
0.29030001,0.25353217,-0.31492898
0.2904,0.25102207,-0.31734183
0.29049999,0.24848768,-0.31973675
0.2906,0.24592915,-0.32211345
0.29069999,0.24334659,-0.32447168
0.29080001,0.24074008,-0.32681125
0.29089999,0.23810974,-0.32913184
0.29100001,0.23545569,-0.33143327
0.2911,0.23277804,-0.33371523
0.29120001,0.23007691,-0.33597752
0.2913,0.22735241,-0.33821985
0.29139999,0.22460467,-0.34044203
0.2915,0.22183381,-0.34264377
0.29159999,0.21903998,-0.34482482
0.29170001,0.21622327,-0.34698495
0.29179999,0.21338384,-0.34912392
0.29190001,0.21052182,-0.3512415
0.292,0.20763734,-0.35333741
0.29210001,0.20473056,-0.35541141
0.2922,0.2018016,-0.35746324
0.29229999,0.19885062,-0.35949272
0.2924,0.19587776,-0.36149958
0.29249999,0.19288318,-0.36348352
0.29260001,0.18986703,-0.36544439
0.29269999,0.18682948,-0.3673819
0.29280001,0.18377066,-0.36929578
0.2929,0.18069075,-0.37118587
0.29300001,0.17758991,-0.37305185
0.2931,0.17446832,-0.37489352
0.29319999,0.17132613,-0.37671065
0.2933,0.16816352,-0.37850302
0.29339999,0.16498068,-0.38027033
0.29350001,0.16177776,-0.38201243
0.29359999,0.15855497,-0.38372901
0.29370001,0.15531248,-0.38541985
0.2938,0.15205047,-0.38708475
0.29390001,0.14876913,-0.38872349
0.294,0.14546867,-0.3903358
0.29409999,0.14214925,-0.39192146
0.2942,0.13881111,-0.39348024
0.29429999,0.13545443,-0.39501193
0.29440001,0.13207939,-0.39651629
0.29449999,0.12868623,-0.39799312
0.29460001,0.12527515,-0.3994422
0.2947,0.12184635,-0.40086323
0.29480001,0.11840004,-0.40225607
0.2949,0.11493646,-0.40362051
0.29499999,0.11145581,-0.40495625
0.2951,0.10795831,-0.40626317
0.29519999,0.10444419,-0.40754098
0.29530001,0.10091368,-0.40878949
0.29539999,0.097367011,-0.41000852
0.29550001,0.093804412,-0.41119781
0.2956,0.090226114,-0.41235718
0.29570001,0.086632363,-0.41348642
0.2958,0.083023399,-0.41458532
0.29589999,0.079399459,-0.41565365
0.296,0.075760797,-0.41669127
0.29609999,0.07210765,-0.41769791
0.29620001,0.068440281,-0.41867343
0.29629999,0.064758942,-0.41961759
0.29640001,0.061063886,-0.42053023
0.2965,0.057355378,-0.42141113
0.29660001,0.053633679,-0.42226008
0.2967,0.049899049,-0.42307693
0.29679999,0.046151761,-0.42386147
0.2969,0.042392079,-0.42461357
0.29699999,0.038620278,-0.42533293
0.29710001,0.034836635,-0.42601949
0.29719999,0.031041427,-0.426673
0.29730001,0.027234934,-0.4272933
0.2974,0.023417441,-0.4278802
0.29750001,0.019589234,-0.42843357
0.2976,0.0157506,-0.4289532
0.29769999,0.011901829,-0.42943892
0.2978,0.00804321,-0.4298906
0.29789999,0.0041750423,-0.43030804
0.29800001,0.00029762357,-0.43069112
0.29809999,-0.0035887449,-0.43103963
0.29820001,-0.0074837599,-0.43135345
0.2983,-0.011387116,-0.4316324
0.29840001,-0.015298505,-0.43187636
0.2985,-0.019217618,-0.43208516
0.29859999,-0.023144137,-0.43225864
0.2987,-0.027077759,-0.43239668
0.29879999,-0.03101816,-0.43249917
0.29890001,-0.03496502,-0.4325659
0.29899999,-0.038918018,-0.4325968
0.29910001,-0.042876828,-0.43259171
0.2992,-0.046841126,-0.43255049
0.29929999,-0.050810579,-0.432473
0.2994,-0.05478486,-0.43235919
0.29949999,-0.058763634,-0.43220887
0.29960001,-0.06274657,-0.43202192
0.29969999,-0.06673333,-0.43179828
0.29980001,-0.070723571,-0.43153778
0.2999,-0.074716955,-0.43124035
0.30000001,-0.078713134,-0.43090588
0.3001,-0.082711771,-0.43053424
0.30019999,-0.086712502,-0.43012539
0.3003,-0.090714991,-0.42967916
0.30039999,-0.094718888,-0.42919549
0.30050001,-0.098723829,-0.42867431
0.30059999,-0.10272947,-0.42811552
0.30070001,-0.10673545,-0.42751902
0.3008,-0.11074141,-0.42688474
0.30090001,-0.11474698,-0.42621264
0.301,-0.11875181,-0.4255026
0.30109999,-0.12275553,-0.42475456
0.3012,-0.12675777,-0.42396846
0.30129999,-0.13075817,-0.42314425
0.30140001,-0.13475636,-0.42228189
0.30149999,-0.13875197,-0.42138126
0.30160001,-0.14274462,-0.42044237
0.3017,-0.14673394,-0.41946512
0.30180001,-0.15071955,-0.41844952
0.3019,-0.1547011,-0.4173955
0.30199999,-0.15867817,-0.41630304
0.3021,-0.16265041,-0.4151721
0.30219999,-0.16661742,-0.41400263
0.30230001,-0.17057884,-0.41279462
0.30239999,-0.17453426,-0.41154808
0.30250001,-0.17848332,-0.41026294
0.3026,-0.18242562,-0.40893924
0.30270001,-0.18636078,-0.40757692
0.3028,-0.19028839,-0.40617603
0.30289999,-0.1942081,-0.40473652
0.303,-0.19811948,-0.40325841
0.30309999,-0.20202217,-0.40174171
0.30320001,-0.20591575,-0.40018645
0.30329999,-0.20979984,-0.39859259
0.30340001,-0.21367407,-0.3969602
0.3035,-0.217538,-0.3952893
0.30360001,-0.22139128,-0.3935799
0.3037,-0.22523347,-0.39183202
0.30379999,-0.2290642,-0.39004573
0.3039,-0.23288305,-0.38822106
0.30399999,-0.23668966,-0.38635802
0.30410001,-0.2404836,-0.38445672
0.30419999,-0.24426447,-0.38251716
0.30430001,-0.2480319,-0.38053945
0.3044,-0.25178546,-0.37852359
0.30450001,-0.25552475,-0.37646967
0.3046,-0.25924942,-0.37437779
0.30469999,-0.262959,-0.37224796
0.3048,-0.26665312,-0.37008035
0.30489999,-0.27033135,-0.36787495
0.30500001,-0.27399334,-0.36563194
0.30509999,-0.27763867,-0.36335132
0.30520001,-0.28126693,-0.36103326
0.3053,-0.28487775,-0.3586778
0.30540001,-0.28847066,-0.35628513
0.3055,-0.29204533,-0.35385528
0.30559999,-0.29560131,-0.35138839
0.3057,-0.29913822,-0.34888458
0.30579999,-0.30265564,-0.34634399
0.30590001,-0.30615321,-0.34376675
0.30599999,-0.30963051,-0.34115297
0.30610001,-0.31308717,-0.33850276
0.3062,-0.31652272,-0.33581635
0.30630001,-0.31993684,-0.33309379
0.3064,-0.32332909,-0.33033532
0.30649999,-0.32669908,-0.32754102
0.3066,-0.33004642,-0.32471111
0.30669999,-0.33337069,-0.32184571
0.30680001,-0.33667153,-0.31894502
0.30689999,-0.33994856,-0.31600919
0.30700001,-0.34320134,-0.31303844
0.3071,-0.34642953,-0.31003287
0.30720001,-0.34963271,-0.30699277
0.3073,-0.35281047,-0.30391827
0.30739999,-0.35596249,-0.30080956
0.3075,-0.3590883,-0.29766691
0.30759999,-0.36218759,-0.29449046
0.30770001,-0.36525995,-0.29128042
0.30779999,-0.36830497,-0.28803706
0.30790001,-0.3713223,-0.28476053
0.308,-0.37431157,-0.28145111
0.30809999,-0.37727237,-0.27810901
0.3082,-0.38020435,-0.27473444
0.30829999,-0.38310713,-0.27132767
0.30840001,-0.38598034,-0.26788896
0.30849999,-0.3888236,-0.26441851
0.30860001,-0.39163655,-0.26091662
0.3087,-0.39441884,-0.2573835
0.30880001,-0.39717007,-0.25381941
0.3089,-0.39988992,-0.25022465
0.30899999,-0.40257797,-0.24659947
0.3091,-0.40523392,-0.24294415
0.30919999,-0.40785739,-0.23925897
0.30930001,-0.41044801,-0.2355442
0.30939999,-0.4130055,-0.23180015
0.30950001,-0.41552943,-0.22802711
0.3096,-0.41801947,-0.22422534
0.30970001,-0.4204753,-0.22039516
0.3098,-0.42289659,-0.21653689
0.30989999,-0.42528298,-0.21265084
0.31,-0.42763415,-0.20873728
0.31009999,-0.42994973,-0.20479658
0.31020001,-0.43222943,-0.20082903
0.31029999,-0.43447289,-0.19683498
0.31040001,-0.43667981,-0.19281474
0.3105,-0.43884987,-0.18876864
0.31060001,-0.44098276,-0.18469703
0.3107,-0.44307813,-0.18060026
0.31079999,-0.44513571,-0.17647865
0.3109,-0.44715515,-0.17233258
0.31099999,-0.44913617,-0.16816239
0.31110001,-0.45107847,-0.16396843
0.31119999,-0.45298174,-0.15975109
0.31130001,-0.4548457,-0.15551071
0.3114,-0.45667005,-0.15124767
0.31150001,-0.45845449,-0.14696233
0.3116,-0.46019873,-0.14265509
0.31169999,-0.46190253,-0.13832632
0.3118,-0.46356559,-0.1339764
0.31189999,-0.46518764,-0.12960573
0.31200001,-0.46676838,-0.1252147
0.31209999,-0.46830758,-0.1208037
0.31220001,-0.46980497,-0.11637314
0.3123,-0.47126031,-0.11192342
0.31240001,-0.4726733,-0.10745493
0.3125,-0.47404373,-0.10296811
0.31259999,-0.47537133,-0.098463349
0.3127,-0.47665587,-0.093941078
0.31279999,-0.47789711,-0.089401715
0.31290001,-0.47909483,-0.084845677
0.31299999,-0.48024878,-0.080273405
0.31310001,-0.48135874,-0.075685315
0.3132,-0.48242453,-0.071081854
0.31330001,-0.48344585,-0.066463441
0.3134,-0.48442256,-0.061830528
0.31349999,-0.48535442,-0.057183553
0.3136,-0.48624125,-0.052522961
0.31369999,-0.48708284,-0.047849204
0.31380001,-0.48787898,-0.043162733
0.31389999,-0.48862952,-0.038464002
0.31400001,-0.48933426,-0.03375347
0.3141,-0.48999301,-0.029031597
0.31420001,-0.49060559,-0.024298834
0.3143,-0.49117187,-0.019555654
0.31439999,-0.49169162,-0.014802524
0.3145,-0.49216473,-0.010039914
0.31459999,-0.49259105,-0.0052682981
0.31470001,-0.49297041,-0.00048815022
0.31479999,-0.49330267,0.0043000518
0.31490001,-0.4935877,0.0090958271
0.315,-0.49382538,0.013898695
0.31510001,-0.49401551,0.018708179
0.3152,-0.49415803,0.023523789
0.31529999,-0.49425283,0.028345034
0.3154,-0.49429974,0.033171427
0.31549999,-0.4942987,0.038002472
0.31560001,-0.49424958,0.042837679
0.31569999,-0.49415231,0.047676552
0.31580001,-0.49400678,0.052518588
0.3159,-0.49381289,0.057363294
0.31600001,-0.4935706,0.062210172
0.3161,-0.49327978,0.06705872
0.31619999,-0.49294037,0.071908422
0.3163,-0.49255234,0.076758787
0.31639999,-0.49211562,0.081609301
0.31650001,-0.49163014,0.086459465
0.31659999,-0.49109587,0.091308758
0.31670001,-0.49051273,0.096156672
0.3168,-0.48988074,0.10100269
0.31690001,-0.48919982,0.10584632
0.317,-0.48846993,0.11068704
0.31709999,-0.4876911,0.11552433
0.31720001,-0.48686332,0.12035767
0.31729999,-0.48598653,0.12518656
0.31740001,-0.48506075,0.13001047
0.3175,-0.48408601,0.1348289
0.31760001,-0.48306227,0.1396413
0.3177,-0.48198956,0.14444716
0.31779999,-0.48086792,0.14924599
0.3179,-0.47969738,0.15403727
0.31799999,-0.47847793,0.15882044
0.31810001,-0.4772096,0.16359501
0.31819999,-0.47589251,0.16836046
0.31830001,-0.47452664,0.17311625
0.3184,-0.47311208,0.17786188
0.31850001,-0.47164884,0.18259682
0.3186,-0.47013706,0.18732056
0.31869999,-0.46857676,0.19203256
0.3188,-0.46696803,0.19673233
0.31889999,-0.46531096,0.20141932
0.31900001,-0.46360561,0.20609303
0.31909999,-0.46185213,0.21075293
0.31920001,-0.46005058,0.21539852
0.3193,-0.45820108,0.22002926
0.31940001,-0.45630375,0.22464466
0.3195,-0.45435867,0.22924417
0.31959999,-0.45236602,0.23382731
0.3197,-0.45032591,0.23839355
0.31979999,-0.44823843,0.24294236
0.31990001,-0.44610378,0.24747325
0.31999999,-0.4439221,0.2519857
0.32010001,-0.44169354,0.2564792
0.3202,-0.43941826,0.26095325
0.32030001,-0.43709639,0.26540732
0.3204,-0.43472815,0.26984093
0.32049999,-0.43231371,0.27425355
0.3206,-0.42985323,0.27864471
0.32069999,-0.42734689,0.28301388
0.32080001,-0.42479491,0.28736055
0.32089999,-0.42219749,0.29168427
0.32100001,-0.4195548,0.29598451
0.3211,-0.41686711,0.30026075
0.32120001,-0.41413462,0.30451253
0.3213,-0.41135752,0.30873936
0.32139999,-0.40853605,0.31294075
0.3215,-0.40567046,0.3171162
0.32159999,-0.40276098,0.32126522
0.32170001,-0.39980784,0.32538736
0.32179999,-0.39681131,0.32948211
0.32190001,-0.39377165,0.33354902
0.322,-0.39068913,0.33758757
0.32210001,-0.38756397,0.34159732
0.3222,-0.38439652,0.34557781
0.32229999,-0.38118699,0.34952852
0.3224,-0.37793568,0.35344905
0.32249999,-0.37464288,0.35733891
0.32260001,-0.37130889,0.36119762
0.32269999,-0.36793399,0.36502475
0.32280001,-0.36451852,0.36881986
0.3229,-0.36106279,0.37258244
0.32300001,-0.3575671,0.37631211
0.3231,-0.35403174,0.3800084
0.32319999,-0.3504571,0.38367084
0.3233,-0.34684345,0.38729903
0.32339999,-0.34319115,0.39089254
0.32350001,-0.33950055,0.3944509
0.32359999,-0.33577198,0.39797372
0.32370001,-0.3320058,0.40146056
0.3238,-0.32820237,0.40491098
0.32390001,-0.32436207,0.4083246
0.324,-0.3204852,0.41170099
0.32409999,-0.31657222,0.41503975
0.3242,-0.31262341,0.41834047
0.32429999,-0.30863923,0.42160276
0.32440001,-0.30462,0.42482617
0.32449999,-0.30056617,0.42801034
0.32460001,-0.29647809,0.43115494
0.3247,-0.29235616,0.43425947
0.32480001,-0.28820083,0.43732363
0.3249,-0.28401244,0.44034705
0.32499999,-0.27979147,0.44332927
0.3251,-0.2755383,0.44627002
0.32519999,-0.27125332,0.44916889
0.32530001,-0.26693702,0.45202553
0.32539999,-0.26258975,0.45483956
0.32550001,-0.25821203,0.45761067
0.3256,-0.25380427,0.46033847
0.32570001,-0.24936686,0.46302268
0.3258,-0.24490032,0.4656629
0.32589999,-0.24040504,0.46825883
0.32600001,-0.23588151,0.47081012
0.32609999,-0.23133017,0.47331649
0.32620001,-0.22675149,0.47577757
0.3263,-0.22214592,0.4781931
0.32640001,-0.21751395,0.48056272
0.3265,-0.21285604,0.48288617
0.32659999,-0.20817266,0.48516312
0.3267,-0.20346431,0.48739332
0.32679999,-0.19873145,0.48957643
0.32690001,-0.19397458,0.49171221
0.32699999,-0.18919419,0.49380034
0.32710001,-0.18439075,0.49584061
0.3272,-0.1795648,0.49783269
0.32730001,-0.1747168,0.49977636
0.3274,-0.16984726,0.50167137
0.32749999,-0.1649567,0.50351739
0.3276,-0.16004562,0.50531429
0.32769999,-0.15511455,0.50706178
0.32780001,-0.15016396,0.50875956
0.32789999,-0.14519441,0.51040751
0.32800001,-0.1402064,0.51200539
0.3281,-0.13520046,0.5135529
0.32820001,-0.1301771,0.51504987
0.3283,-0.12513685,0.51649618
0.32839999,-0.12008027,0.51789153
0.3285,-0.11500787,0.51923573
0.32859999,-0.10992018,0.52052861
0.32870001,-0.10481776,0.52177
0.32879999,-0.099701114,0.52295971
0.32890001,-0.094570808,0.52409756
0.329,-0.089427389,0.52518344
0.32910001,-0.084271394,0.5262171
0.3292,-0.079103366,0.52719843
0.32929999,-0.073923871,0.52812737
0.3294,-0.068733446,0.52900362
0.32949999,-0.063532658,0.52982712
0.32960001,-0.05832205,0.53059781
0.32969999,-0.05310218,0.53131545
0.32980001,-0.047873609,0.53197992
0.3299,-0.042636897,0.53259122
0.33000001,-0.037392605,0.53314918
0.3301,-0.032141294,0.53365368
0.33019999,-0.026883533,0.5341047
0.3303,-0.021619884,0.53450209
0.33039999,-0.016350914,0.53484577
0.33050001,-0.01107719,0.53513569
0.33059999,-0.0057992763,0.53537172
0.33070001,-0.00051774597,0.53555393
0.3308,0.0047668312,0.53568214
0.33090001,0.010053884,0.53575635
0.331,0.015342841,0.5357765
0.33109999,0.020633129,0.53574258
0.3312,0.025924176,0.53565454
0.33129999,0.031215407,0.53551239
0.33140001,0.036506251,0.53531605
0.33149999,0.041796129,0.53506553
0.33160001,0.047084473,0.53476083
0.3317,0.052370705,0.53440201
0.33180001,0.057654247,0.53398895
0.3319,0.062934533,0.53352177
0.33199999,0.068210974,0.53300047
0.3321,0.073483005,0.53242505
0.33219999,0.078750044,0.53179556
0.33230001,0.084011525,0.53111202
0.33239999,0.089266866,0.53037447
0.33250001,0.094515502,0.52958298
0.3326,0.099756844,0.5287376
0.33270001,0.10499033,0.52783841
0.3328,0.1102154,0.52688545
0.33289999,0.11543144,0.52587885
0.333,0.12063792,0.5248186
0.33309999,0.12583426,0.52370489
0.33320001,0.13101988,0.52253771
0.33329999,0.13619421,0.5213173
0.33340001,0.14135669,0.52004361
0.3335,0.14650676,0.51871687
0.33360001,0.15164383,0.51733714
0.3337,0.15676735,0.51590461
0.33379999,0.16187677,0.51441932
0.3339,0.1669715,0.51288146
0.33399999,0.172051,0.51129121
0.33410001,0.1771147,0.50964862
0.33419999,0.18216205,0.50795394
0.33430001,0.18719248,0.50620729
0.3344,0.19220546,0.5044089
0.33450001,0.1972004,0.50255883
0.3346,0.20217679,0.50065738
0.33469999,0.20713405,0.49870464
0.3348,0.21207166,0.49670085
0.33489999,0.21698904,0.49464622
0.33500001,0.22188568,0.49254093
0.3351,0.22676101,0.4903852
0.33520001,0.23161452,0.48817927
0.3353,0.23644565,0.48592332
0.33539999,0.24125388,0.4836176
0.3355,0.24603866,0.48126236
0.33559999,0.25079948,0.47885782
0.33570001,0.25553581,0.47640422
0.33579999,0.26024711,0.47390184
0.33590001,0.26493287,0.47135091
0.336,0.26959258,0.46875173
0.33610001,0.27422571,0.46610451
0.3362,0.27883175,0.46340957
0.33629999,0.28341016,0.46066716
0.3364,0.2879605,0.45787764
0.33649999,0.2924822,0.4550412
0.33660001,0.29697481,0.45215818
0.33669999,0.3014378,0.44922891
0.33680001,0.30587065,0.44625369
0.3369,0.31027293,0.4432328
0.33700001,0.31464413,0.44016659
0.3371,0.31898373,0.43705535
0.33719999,0.32329127,0.43389943
0.3373,0.3275663,0.4306992
0.33739999,0.3318083,0.42745495
0.33750001,0.33601683,0.42416704
0.33759999,0.34019142,0.42083582
0.33770001,0.34433159,0.41746166
0.3378,0.34843689,0.41404489
0.33790001,0.35250685,0.41058591
0.338,0.35654104,0.40708509
0.33809999,0.36053899,0.40354276
0.3382,0.36450025,0.39995936
0.33829999,0.36842445,0.39633524
0.33840001,0.37231106,0.39267078
0.33849999,0.3761597,0.38896641
0.33860001,0.37996992,0.38522252
0.3387,0.38374132,0.38143951
0.33880001,0.38747346,0.37761778
0.3389,0.39116594,0.37375775
0.33899999,0.39481837,0.36985984
0.3391,0.39843029,0.36592448
0.33919999,0.40200132,0.36195207
0.33930001,0.40553108,0.35794306
0.33939999,0.40901914,0.3538979
0.33950001,0.41246518,0.34981704
0.3396,0.41586876,0.34570089
0.33970001,0.41922954,0.34154987
0.3398,0.4225471,0.33736452
0.33989999,0.4258211,0.33314523
0.34,0.42905119,0.3288925
0.34009999,0.43223697,0.32460675
0.34020001,0.43537813,0.32028851
0.34029999,0.43847433,0.3159382
0.34040001,0.44152516,0.31155631
0.3405,0.44453034,0.30714336
0.34060001,0.44748953,0.30269977
0.3407,0.45040238,0.29822606
0.34079999,0.45326859,0.29372272
0.3409,0.4560878,0.28919023
0.34099999,0.45885977,0.28462914
0.34110001,0.46158412,0.28003988
0.34119999,0.46426061,0.27542302
0.34130001,0.4668889,0.27077901
0.3414,0.46946874,0.26610842
0.34150001,0.47199979,0.26141173
0.3416,0.47448182,0.25668946
0.34169999,0.47691455,0.25194213
0.3418,0.4792977,0.24717025
0.34189999,0.48163098,0.24237439
0.34200001,0.48391417,0.23755506
0.34209999,0.48614702,0.23271278
0.34220001,0.48832926,0.2278481
0.3423,0.49046069,0.22296154
0.34240001,0.49254104,0.21805368
0.3425,0.49457008,0.21312502
0.34259999,0.49654761,0.20817614
0.3427,0.49847341,0.20320755
0.34279999,0.50034726,0.19821984
0.34290001,0.50216895,0.19321354
0.34299999,0.50393832,0.18818922
0.34310001,0.50565511,0.18314743
0.3432,0.50731921,0.17808872
0.34330001,0.50893039,0.17301367
0.3434,0.51048851,0.16792284
0.34349999,0.51199335,0.16281679
0.3436,0.51344478,0.15769608
0.34369999,0.51484263,0.15256131
0.34380001,0.51618677,0.14741302
0.3439,0.51747704,0.14225179
0.34400001,0.51871336,0.13707821
0.3441,0.51989549,0.13189283
0.34419999,0.52102339,0.12669626
0.3443,0.52209693,0.12148904
0.34439999,0.52311593,0.11627179
0.34450001,0.5240804,0.11104506
0.34459999,0.52499014,0.10580945
0.34470001,0.52584511,0.10056555
0.3448,0.52664518,0.095313922
0.34490001,0.5273903,0.090055168
0.345,0.5280804,0.084789872
0.34509999,0.52871537,0.079518631
0.3452,0.52929521,0.074242018
0.34529999,0.52981979,0.068960622
0.34540001,0.53028917,0.063675046
0.34549999,0.53070319,0.058385875
0.34560001,0.53106183,0.053093702
0.3457,0.53136516,0.04779911
0.34580001,0.53161305,0.042502701
0.3459,0.53180552,0.037205067
0.34599999,0.53194255,0.031906791
0.3461,0.5320242,0.026608473
0.34619999,0.53205037,0.021310704
0.34630001,0.53202111,0.016014077
0.34639999,0.53193641,0.010719184
0.34650001,0.53179634,0.0054266183
0.3466,0.53160095,0.00013697354
0.34670001,0.5313502,-0.0051491591
0.3468,0.53104413,-0.010431187
0.34689999,0.53068286,-0.015708519
0.347,0.53026634,-0.020980565
0.34709999,0.52979475,-0.026246734
0.34720001,0.52926809,-0.031506434
0.34729999,0.5286864,-0.036759079
0.34740001,0.52804977,-0.042004079
0.3475,0.52735835,-0.047240846
0.34760001,0.52661222,-0.052468792
0.3477,0.52581137,-0.057687327
0.34779999,0.52495605,-0.062895879
0.3479,0.5240463,-0.068093851
0.34799999,0.5230822,-0.073280662
0.34810001,0.52206391,-0.078455739
0.34819999,0.52099156,-0.083618492
0.34830001,0.51986527,-0.088768348
0.3484,0.51868528,-0.093904726
0.34850001,0.51745158,-0.099027053
0.3486,0.51616442,-0.10413475
0.34869999,0.51482391,-0.10922725
0.3488,0.5134303,-0.11430398
0.34889999,0.51198369,-0.11936437
0.34900001,0.51048422,-0.12440784
0.34909999,0.50893217,-0.12943384
0.34920001,0.50732774,-0.13444181
0.3493,0.50567102,-0.13943118
0.34940001,0.50396234,-0.14440137
0.3495,0.5022018,-0.14935187
0.34959999,0.50038964,-0.15428208
0.3497,0.49852613,-0.15919146
0.34979999,0.49661148,-0.16407947
0.34990001,0.49464589,-0.16894555
0.34999999,0.49262965,-0.17378917
0.35010001,0.49056295,-0.17860977
0.3502,0.48844609,-0.18340681
0.35030001,0.48627931,-0.18817976
0.3504,0.48406285,-0.19292809
0.35049999,0.48179701,-0.19765125
0.3506,0.47948208,-0.20234872
0.35069999,0.47711828,-0.20701997
0.35080001,0.47470596,-0.21166448
0.35089999,0.47224537,-0.21628173
0.35100001,0.46973681,-0.2208712
0.3511,0.46718064,-0.22543238
0.35120001,0.46457711,-0.22996475
0.3513,0.46192652,-0.23446782
0.35139999,0.45922923,-0.23894106
0.3515,0.45648557,-0.24338397
0.35159999,0.45369586,-0.24779609
0.35170001,0.45086044,-0.25217688
0.35179999,0.44797963,-0.25652587
0.35190001,0.44505379,-0.26084259
0.352,0.44208327,-0.26512653
0.35210001,0.43906847,-0.26937723
0.3522,0.43600968,-0.2735942
0.35229999,0.43290731,-0.27777696
0.3524,0.42976174,-0.28192508
0.35249999,0.42657334,-0.28603804
0.35260001,0.4233425,-0.29011545
0.3527,0.42006958,-0.29415679
0.35280001,0.41675502,-0.29816166
0.3529,0.41339919,-0.30212957
0.35299999,0.41000247,-0.30606011
0.3531,0.40656531,-0.30995283
0.35319999,0.40308812,-0.31380728
0.35330001,0.3995713,-0.31762305
0.35339999,0.39601529,-0.32139972
0.35350001,0.3924205,-0.32513684
0.3536,0.38878736,-0.32883403
0.35370001,0.38511634,-0.33249086
0.3538,0.38140783,-0.33610693
0.35389999,0.37766233,-0.33968183
0.354,0.37388024,-0.34321517
0.35409999,0.37006205,-0.34670654
0.35420001,0.36620823,-0.35015559
0.35429999,0.3623192,-0.35356191
0.35440001,0.35839546,-0.3569251
0.3545,0.35443744,-0.36024484
0.35460001,0.35044569,-0.36352074
0.3547,0.34642062,-0.36675245
0.35479999,0.34236273,-0.3699396
0.3549,0.33827254,-0.37308183
0.35499999,0.33415052,-0.3761788
0.35510001,0.32999715,-0.37923017
0.35519999,0.32581294,-0.38223562
0.35530001,0.32159841,-0.38519478
0.3554,0.31735405,-0.38810739
0.35550001,0.31308037,-0.39097306
0.3556,0.3087779,-0.39379153
0.35569999,0.30444711,-0.39656246
0.3558,0.30008858,-0.39928555
0.35589999,0.29570282,-0.40196055
0.35600001,0.29129034,-0.40458709
0.35609999,0.28685167,-0.40716496
0.35620001,0.28238738,-0.40969381
0.3563,0.27789795,-0.41217342
0.35640001,0.27338395,-0.4146035
0.3565,0.26884595,-0.41698381
0.35659999,0.26428443,-0.41931406
0.3567,0.2597,-0.42159399
0.35679999,0.25509319,-0.42382342
0.35690001,0.25046453,-0.42600206
0.35699999,0.24581462,-0.42812967
0.35710001,0.24114399,-0.43020609
0.3572,0.23645322,-0.43223101
0.35730001,0.23174287,-0.43420428
0.3574,0.2270135,-0.43612567
0.35749999,0.22226569,-0.43799499
0.3576,0.2175,-0.439812
0.35769999,0.21271701,-0.44157657
0.35780001,0.2079173,-0.44328851
0.35789999,0.20310146,-0.4449476
0.35800001,0.19827004,-0.44655371
0.3581,0.19342364,-0.44810665
0.35820001,0.18856284,-0.4496063
0.3583,0.18368824,-0.45105246
0.35839999,0.1788004,-0.452445
0.3585,0.17389995,-0.45378381
0.35859999,0.16898744,-0.45506874
0.35870001,0.16406348,-0.45629966
0.35879999,0.15912868,-0.45747647
0.35890001,0.1541836,-0.458599
0.359,0.14922887,-0.45966721
0.35910001,0.14426507,-0.46068099
0.3592,0.13929281,-0.46164021
0.35929999,0.13431267,-0.46254483
0.3594,0.12932529,-0.46339473
0.35949999,0.12433124,-0.46418986
0.35960001,0.11933113,-0.46493015
0.35969999,0.11432556,-0.46561554
0.35980001,0.10931515,-0.46624598
0.3599,0.1043005,-0.46682143
0.36000001,0.099282205,-0.46734181
0.3601,0.094260886,-0.46780714
0.36019999,0.089237146,-0.46821737
0.3603,0.084211595,-0.46857247
0.36039999,0.07918483,-0.46887246
0.36050001,0.074157469,-0.46911728
0.36059999,0.069130123,-0.46930701
0.36070001,0.064103387,-0.46944156
0.3608,0.059077889,-0.46952102
0.36090001,0.054054223,-0.46954536
0.361,0.049033001,-0.46951467
0.36109999,0.04401483,-0.46942893
0.3612,0.039000321,-0.46928817
0.36129999,0.033990081,-0.46909249
0.36140001,0.028984716,-0.46884191
0.36149999,0.023984835,-0.46853653
0.36160001,0.01899104,-0.46817634
0.3617,0.014003939,-0.46776149
0.36179999,0.0090241376,-0.46729201
0.3619,0.004052239,-0.46676803
0.36199999,-0.00091115467,-0.46618962
0.36210001,-0.0058654402,-0.46555689
0.36219999,-0.010810017,-0.46486995
0.36230001,-0.015744284,-0.46412888
0.3624,-0.020667644,-0.46333385
0.36250001,-0.025579497,-0.46248496
0.3626,-0.030479247,-0.46158236
0.36269999,-0.0353663,-0.46062618
0.3628,-0.040240064,-0.4596166
0.36289999,-0.045099944,-0.4585537
0.36300001,-0.049945347,-0.45743772
0.36309999,-0.054775693,-0.45626879
0.36320001,-0.059590388,-0.45504707
0.3633,-0.064388849,-0.45377278
0.36340001,-0.06917049,-0.4524461
0.3635,-0.073934734,-0.45106718
0.36359999,-0.078681,-0.44963628
0.3637,-0.083408706,-0.44815356
0.36379999,-0.088117287,-0.44661927
0.36390001,-0.09280616,-0.44503358
0.36399999,-0.097474761,-0.44339678
0.36410001,-0.10212252,-0.44170907
0.3642,-0.10674888,-0.43997067
0.36430001,-0.11135326,-0.43818185
0.3644,-0.11593511,-0.43634287
0.36449999,-0.12049387,-0.43445396
0.3646,-0.125029,-0.43251541
0.36469999,-0.12953992,-0.43052748
0.36480001,-0.1340261,-0.42849043
0.36489999,-0.13848698,-0.42640457
0.36500001,-0.14292204,-0.42427018
0.3651,-0.14733072,-0.42208758
0.36520001,-0.15171249,-0.419857
0.3653,-0.15606682,-0.41757882
0.36539999,-0.16039316,-0.41525331
0.3655,-0.16469102,-0.41288081
0.36559999,-0.16895984,-0.41046163
0.36570001,-0.17319912,-0.40799612
0.36579999,-0.17740832,-0.40548462
0.36590001,-0.18158697,-0.40292746
0.366,-0.18573453,-0.40032497
0.36610001,-0.18985049,-0.39767754
0.3662,-0.19393438,-0.3949855
0.36629999,-0.19798566,-0.39224926
0.3664,-0.20200388,-0.38946915
0.36649999,-0.20598853,-0.38664553
0.36660001,-0.20993911,-0.38377884
0.36669999,-0.21385516,-0.38086945
0.36680001,-0.2177362,-0.37791774
0.3669,-0.22158174,-0.37492409
0.36700001,-0.22539134,-0.37188894
0.3671,-0.22916451,-0.36881271
0.36719999,-0.23290081,-0.36569577
0.3673,-0.23659979,-0.36253858
0.36739999,-0.24026097,-0.35934153
0.36750001,-0.24388394,-0.35610509
0.36759999,-0.24746823,-0.35282966
0.36770001,-0.25101343,-0.34951571
0.3678,-0.25451908,-0.34616369
0.36790001,-0.25798479,-0.342774
0.368,-0.26141009,-0.33934715
0.36809999,-0.26479462,-0.33588359
0.3682,-0.2681379,-0.33238378
0.36829999,-0.27143961,-0.32884818
0.36840001,-0.2746993,-0.32527727
0.36849999,-0.27791655,-0.32167155
0.36860001,-0.28109103,-0.31803146
0.3687,-0.2842223,-0.31435752
0.36880001,-0.28731003,-0.31065023
0.3689,-0.2903538,-0.3069101
0.36899999,-0.29335329,-0.30313757
0.3691,-0.2963081,-0.29933318
0.36919999,-0.29921788,-0.29549748
0.36930001,-0.3020823,-0.29163095
0.36939999,-0.30490097,-0.28773409
0.36950001,-0.3076736,-0.28380746
0.3696,-0.3103998,-0.27985153
0.36970001,-0.3130793,-0.2758669
0.3698,-0.31571177,-0.27185407
0.36989999,-0.31829685,-0.26781359
0.37,-0.32083425,-0.26374596
0.37009999,-0.3233237,-0.25965181
0.37020001,-0.32576483,-0.25553161
0.37029999,-0.32815742,-0.25138593
0.37040001,-0.33050117,-0.24721536
0.3705,-0.33279577,-0.24302043
0.37059999,-0.33504096,-0.23880172
0.3707,-0.33723649,-0.23455977
0.37079999,-0.33938208,-0.23029518
0.37090001,-0.34147748,-0.2260085
0.37099999,-0.34352243,-0.22170031
0.37110001,-0.34551671,-0.2173712
0.3712,-0.34746009,-0.21302174
0.37130001,-0.3493523,-0.20865253
0.3714,-0.35119319,-0.20426413
0.37149999,-0.35298246,-0.19985715
0.3716,-0.35471997,-0.19543217
0.37169999,-0.3564055,-0.19098981
0.37180001,-0.35803881,-0.18653063
0.37189999,-0.35961977,-0.18205526
0.37200001,-0.36114818,-0.17756428
0.3721,-0.36262387,-0.17305832
0.37220001,-0.36404663,-0.16853796
0.3723,-0.36541638,-0.16400382
0.37239999,-0.3667329,-0.15945651
0.3725,-0.36799604,-0.15489665
0.37259999,-0.36920571,-0.15032484
0.37270001,-0.37036172,-0.1457417
0.37279999,-0.37146398,-0.14114785
0.37290001,-0.3725124,-0.13654391
0.373,-0.37350678,-0.1319305
0.37310001,-0.37444711,-0.12730825
0.3732,-0.37533322,-0.12267777
0.37329999,-0.37616503,-0.1180397
0.3734,-0.37694252,-0.11339465
0.37349999,-0.37766552,-0.10874326
0.37360001,-0.37833402,-0.10408615
0.37369999,-0.37894794,-0.099423945
0.37380001,-0.37950724,-0.094757289
0.3739,-0.38001186,-0.090086803
0.37400001,-0.38046175,-0.085413128
0.3741,-0.38085687,-0.080736898
0.37419999,-0.38119724,-0.07605873
0.3743,-0.38148281,-0.071379274
0.37439999,-0.38171354,-0.066699155
0.37450001,-0.38188946,-0.062019005
0.37459999,-0.38201058,-0.057339467
0.37470001,-0.38207689,-0.052661173
0.3748,-0.38208839,-0.047984753
0.37490001,-0.38204515,-0.043310851
0.375,-0.38194719,-0.038640097
0.37509999,-0.38179454,-0.03397312
0.3752,-0.38158721,-0.029310562
0.37529999,-0.3813253,-0.024653055
0.37540001,-0.38100889,-0.020001231
0.37549999,-0.380638,-0.015355724
0.37560001,-0.38021272,-0.010717168
0.3757,-0.37973315,-0.0060861921
0.37580001,-0.37919936,-0.0014634301
0.3759,-0.37861145,0.0031504894
0.37599999,-0.3779695,0.0077549373
0.3761,-0.37727368,0.012349285
0.37619999,-0.37652409,0.016932905
0.37630001,-0.37572083,0.021505171
0.37639999,-0.37486407,0.026065458
0.37650001,-0.37395394,0.030613143
0.3766,-0.37299055,0.035147604
0.37670001,-0.37197411,0.039668221
0.3768,-0.37090474,0.044174373
0.37689999,-0.36978266,0.048665445
0.377,-0.368608,0.053140823
0.37709999,-0.36738095,0.057599887
0.37720001,-0.36610174,0.062042031
0.37729999,-0.36477053,0.066466644
0.37740001,-0.36338753,0.070873119
0.3775,-0.36195296,0.075260848
0.37760001,-0.36046708,0.079629235
0.3777,-0.35893002,0.083977662
0.37779999,-0.35734209,0.088305555
0.3779,-0.35570353,0.092612296
0.37799999,-0.35401458,0.096897304
0.37810001,-0.35227546,0.10115998
0.37819999,-0.35048649,0.10539975
0.37830001,-0.34864789,0.10961602
0.3784,-0.34675995,0.1138082
0.37850001,-0.34482297,0.11797572
0.3786,-0.34283721,0.122118
0.37869999,-0.340803,0.12623449
0.3788,-0.33872062,0.13032457
0.37889999,-0.33659038,0.13438773
0.37900001,-0.3344126,0.13842337
0.37909999,-0.33218762,0.14243093
0.37920001,-0.32991576,0.14640988
0.3793,-0.32759732,0.15035965
0.37940001,-0.32523268,0.15427969
0.3795,-0.32282221,0.15816946
0.37959999,-0.32036623,0.16202842
0.37970001,-0.3178651,0.16585603
0.37979999,-0.31531924,0.16965176
0.37990001,-0.31272894,0.17341509
0.38,-0.31009465,0.17714548
0.38010001,-0.30741674,0.1808424
0.3802,-0.30469558,0.18450536
0.38029999,-0.30193162,0.18813384
0.3804,-0.29912519,0.19172733
0.38049999,-0.29627681,0.19528531
0.38060001,-0.29338679,0.19880731
0.38069999,-0.29045561,0.20229283
0.38080001,-0.28748369,0.20574136
0.3809,-0.28447148,0.20915245
0.38100001,-0.2814194,0.21252559
0.3811,-0.27832791,0.21586034
0.38119999,-0.27519745,0.21915619
0.3813,-0.27202851,0.22241271
0.38139999,-0.26882151,0.22562942
0.38150001,-0.26557696,0.22880588
0.38159999,-0.26229531,0.23194164
0.38170001,-0.25897706,0.23503625
0.3818,-0.25562268,0.23808929
0.38190001,-0.25223267,0.2411003
0.382,-0.24880753,0.24406888
0.38209999,-0.24534775,0.2469946
0.3822,-0.24185386,0.24987704
0.38229999,-0.23832636,0.2527158
0.38240001,-0.23476575,0.25551048
0.38249999,-0.23117259,0.25826067
0.38260001,-0.22754738,0.26096597
0.3827,-0.22389065,0.26362604
0.38280001,-0.22020294,0.26624045
0.3829,-0.21648481,0.26880887
0.38299999,-0.21273679,0.27133089
0.3831,-0.20895943,0.27380618
0.38319999,-0.2051533,0.27623439
0.38330001,-0.20131893,0.27861515
0.38339999,-0.19745693,0.28094813
0.38350001,-0.19356783,0.28323299
0.3836,-0.1896522,0.28546941
0.38370001,-0.18571064,0.28765705
0.3838,-0.18174371,0.28979564
0.38389999,-0.17775202,0.29188481
0.384,-0.17373614,0.29392433
0.38409999,-0.16969667,0.29591385
0.38420001,-0.1656342,0.29785308
0.38429999,-0.16154931,0.29974174
0.38440001,-0.15744264,0.30157962
0.3845,-0.1533148,0.30336639
0.38460001,-0.14916636,0.30510178
0.3847,-0.14499795,0.30678561
0.38479999,-0.14081021,0.30841756
0.3849,-0.13660374,0.30999741
0.38499999,-0.13237914,0.31152496
0.38510001,-0.12813708,0.31299996
0.38519999,-0.12387817,0.31442219
0.38530001,-0.11960305,0.31579146
0.3854,-0.11531232,0.31710753
0.38550001,-0.11100666,0.31837025
0.3856,-0.1066867,0.31957942
0.38569999,-0.10235307,0.32073486
0.3858,-0.098006412,0.32183638
0.38589999,-0.093647383,0.32288384
0.38600001,-0.089276634,0.32387707
0.38609999,-0.084894814,0.3248159
0.38620001,-0.080502577,0.32570022
0.3863,-0.076100573,0.32652992
0.38640001,-0.071689472,0.32730481
0.3865,-0.067269921,0.3280248
0.38659999,-0.062842585,0.32868981
0.3867,-0.05840813,0.32929969
0.38679999,-0.053967219,0.32985434
0.38690001,-0.049520511,0.33035374
0.38699999,-0.045068685,0.33079773
0.38710001,-0.0406124,0.33118629
0.3872,-0.036152329,0.33151937
0.38730001,-0.031689148,0.33179685
0.3874,-0.027223518,0.33201873
0.38749999,-0.022756115,0.33218497
0.3876,-0.018287616,0.33229551
0.38769999,-0.013818691,0.33235034
0.38780001,-0.0093500186,0.33234948
0.38789999,-0.0048822728,0.33229285
0.38800001,-0.00041612858,0.33218053
0.3881,0.004047737,0.33201247
0.38820001,0.0085086497,0.33178872
0.3883,0.012965932,0.33150926
0.38839999,0.01741891,0.33117419
0.38850001,0.021866903,0.33078349
0.38859999,0.026309235,0.33033723
0.38870001,0.030745232,0.32983547
0.3888,0.035174217,0.32927829
0.38890001,0.039595515,0.32866576
0.389,0.044008452,0.32799792
0.38909999,0.048412353,0.32727492
0.3892,0.052806549,0.32649681
0.38929999,0.057190359,0.32566372
0.38940001,0.061563116,0.32477573
0.38949999,0.065924145,0.32383302
0.38960001,0.070272781,0.32283565
0.3897,0.074608356,0.32178384
0.38980001,0.078930199,0.32067767
0.3899,0.083237648,0.31951731
0.38999999,0.087530039,0.31830293
0.3901,0.091806702,0.31703472
0.39019999,0.096066989,0.31571281
0.39030001,0.10031022,0.31433743
0.39039999,0.10453576,0.31290874
0.39050001,0.10874294,0.31142697
0.3906,0.11293111,0.30989233
0.39070001,0.11709962,0.30830503
0.3908,0.12124781,0.30666527
0.39089999,0.12537506,0.30497333
0.391,0.12948069,0.30322942
0.39109999,0.13356408,0.30143383
0.39120001,0.13762461,0.29958677
0.39129999,0.1416616,0.29768851
0.39140001,0.14567444,0.29573935
0.3915,0.14966249,0.29373959
0.39160001,0.15362515,0.29168946
0.3917,0.15756176,0.28958926
0.39179999,0.16147171,0.28743935
0.3919,0.1653544,0.28523999
0.39199999,0.1692092,0.28299156
0.39210001,0.17303549,0.28069434
0.39219999,0.17683266,0.27834865
0.39230001,0.18060014,0.27595487
0.3924,0.1843373,0.27351335
0.39250001,0.18804355,0.27102441
0.3926,0.1917183,0.26848844
0.39269999,0.19536096,0.26590583
0.3928,0.19897096,0.2632769
0.39289999,0.20254768,0.26060212
0.39300001,0.2060906,0.25788182
0.39309999,0.20959909,0.25511643
0.39320001,0.21307264,0.25230637
0.3933,0.21651064,0.24945199
0.39340001,0.21991257,0.24655379
0.3935,0.22327785,0.24361217
0.39359999,0.22660594,0.24062756
0.3937,0.22989631,0.2376004
0.39379999,0.23314841,0.23453116
0.39390001,0.2363617,0.23142028
0.39399999,0.23953566,0.22826824
0.39410001,0.24266978,0.22507548
0.3942,0.24576353,0.2218425
0.39430001,0.24881639,0.21856979
0.3944,0.25182787,0.21525782
0.39449999,0.25479746,0.21190712
0.3946,0.25772467,0.20851816
0.39469999,0.260609,0.20509146
0.39480001,0.26345,0.20162754
0.39489999,0.26624715,0.19812691
0.39500001,0.26899999,0.19459012
0.3951,0.27170807,0.19101767
0.39520001,0.27437094,0.18741013
0.3953,0.27698809,0.18376805
0.39539999,0.27955917,0.18009196
0.3955,0.28208363,0.17638244
0.39559999,0.28456113,0.17264003
0.39570001,0.28699118,0.16886529
0.39579999,0.2893734,0.16505884
0.39590001,0.29170737,0.16122122
0.396,0.29399264,0.15735304
0.39610001,0.29622886,0.15345488
0.3962,0.29841563,0.14952734
0.39629999,0.30055255,0.14557102
0.3964,0.30263922,0.14158653
0.39649999,0.30467531,0.13757448
0.39660001,0.30666044,0.13353547
0.39669999,0.30859426,0.12947015
0.39680001,0.31047639,0.12537913
0.3969,0.31230652,0.12126305
0.39700001,0.31408432,0.11712254
0.3971,0.31580943,0.11295824
0.39719999,0.31748155,0.1087708
0.3973,0.31910035,0.10456086
0.39739999,0.32066554,0.10032908
0.39750001,0.32217681,0.096076116
0.3976,0.32363388,0.091802627
0.39770001,0.3250365,0.087509289
0.3978,0.32638434,0.083196774
0.39789999,0.32767716,0.078865737
0.398,0.32891473,0.074516878
0.39809999,0.33009675,0.070150852
0.39820001,0.33122301,0.065768369
0.39829999,0.33229327,0.061370097
0.39840001,0.3333073,0.056956742
0.3985,0.33426487,0.052528996
0.39860001,0.33516583,0.048087556
0.3987,0.33600992,0.043633122
0.39879999,0.33679697,0.039166398
0.3989,0.3375268,0.034688093
0.39899999,0.33819923,0.030198913
0.39910001,0.33881411,0.025699573
0.39919999,0.33937126,0.021190789
0.39930001,0.33987054,0.016673278
0.3994,0.34031183,0.012147762
0.39950001,0.34069493,0.0076149628
0.3996,0.34101984,0.0030756057
0.39969999,0.34128633,-0.0014695884
0.3998,0.34149435,-0.0060198875
0.39989999,0.34164378,-0.010574561
0.40000001,0.34173456,-0.015132875
0.40009999,0.34176663,-0.019694097
0.40020001,0.34173986,-0.02425749
0.4003,0.34165424,-0.028822318
0.40040001,0.3415097,-0.03338784
0.4005,0.34130618,-0.037953321
0.40059999,0.34104368,-0.042518023
0.4007,0.34072217,-0.047081199
0.40079999,0.34034163,-0.051642105
0.40090001,0.33990204,-0.056200001
0.40099999,0.33940342,-0.060754143
0.40110001,0.33884579,-0.06530378
0.4012,0.33822918,-0.06984818
0.40130001,0.33755359,-0.074386582
0.4014,0.33681908,-0.078918248
0.40149999,0.33602569,-0.083442435
0.4016,0.33517349,-0.087958395
0.40169999,0.33426255,-0.092465386
0.40180001,0.33329293,-0.096962646
0.40189999,0.33226472,-0.10144945
0.40200001,0.33117807,-0.10592504
0.4021,0.330033,-0.11038867
0.40220001,0.32882968,-0.11483961
0.4023,0.32756823,-0.11927711
0.40239999,0.32624876,-0.12370043
0.4025,0.32487142,-0.12810881
0.40259999,0.32343638,-0.13250154
0.40270001,0.32194382,-0.13687788
0.40279999,0.32039386,-0.14123705
0.40290001,0.31878671,-0.14557837
0.403,0.31712255,-0.14990106
0.40310001,0.31540155,-0.15420443
0.4032,0.31362399,-0.15848771
0.40329999,0.31179005,-0.16275018
0.4034,0.30989993,-0.16699114
0.40349999,0.30795389,-0.17120984
0.40360001,0.30595219,-0.17540556
0.40369999,0.30389509,-0.17957759
0.40380001,0.30178279,-0.18372519
0.4039,0.29961562,-0.18784767
0.40400001,0.29739386,-0.19194432
0.4041,0.29511777,-0.19601442
0.40419999,0.29278767,-0.20005724
0.4043,0.29040387,-0.20407212
0.40439999,0.2879667,-0.20805833
0.40450001,0.28547648,-0.21201518
0.40459999,0.28293353,-0.21594198
0.40470001,0.2803382,-0.21983805
0.4048,0.27769086,-0.22370268
0.40490001,0.27499184,-0.2275352
0.405,0.27224156,-0.23133495
0.40509999,0.26944035,-0.23510122
0.4052,0.26658866,-0.23883337
0.40529999,0.26368684,-0.2425307
0.40540001,0.2607353,-0.24619259
0.40549999,0.25773448,-0.24981834
0.40560001,0.25468478,-0.25340733
0.4057,0.25158665,-0.2569589
0.40580001,0.2484405,-0.26047242
0.4059,0.24524683,-0.26394722
0.40599999,0.24200608,-0.26738268
0.4061,0.2387187,-0.27077818
0.40619999,0.23538519,-0.27413309
0.40630001,0.23200601,-0.27744681
0.4064,0.22858165,-0.28071868
0.40650001,0.22511265,-0.28394815
0.4066,0.22159946,-0.28713459
0.40669999,0.21804264,-0.29027739
0.4068,0.2144427,-0.293376
0.40689999,0.21080019,-0.29642981
0.40700001,0.20711561,-0.29943827
0.40709999,0.20338954,-0.30240074
0.40720001,0.19962251,-0.30531675
0.4073,0.19581512,-0.30818564
0.40740001,0.1919679,-0.31100693
0.4075,0.18808146,-0.31378007
0.40759999,0.18415637,-0.31650451
0.4077,0.18019325,-0.31917971
0.40779999,0.17619266,-0.32180515
0.40790001,0.17215522,-0.32438028
0.40799999,0.16808155,-0.32690465
0.40810001,0.16397227,-0.32937771
0.4082,0.15982802,-0.331799
0.40830001,0.15564942,-0.33416799
0.4084,0.15143713,-0.33648425
0.40849999,0.14719179,-0.33874726
0.4086,0.14291407,-0.34095657
0.40869999,0.13860461,-0.34311172
0.40880001,0.13426408,-0.34521225
0.40889999,0.12989317,-0.34725776
0.40900001,0.12549256,-0.34924775
0.4091,0.12106292,-0.35118186
0.40920001,0.11660498,-0.35305962
0.4093,0.11211941,-0.35488066
0.40939999,0.10760693,-0.35664454
0.4095,0.10306825,-0.3583509
0.40959999,0.098504089,-0.35999933
0.40970001,0.093915164,-0.36158949
0.40979999,0.089302219,-0.36312097
0.40990001,0.084665969,-0.36459345
0.41,0.080007173,-0.36600655
0.41010001,0.075326562,-0.36735997
0.4102,0.070624903,-0.36865336
0.41029999,0.065902933,-0.36988637
0.4104,0.061161421,-0.3710587
0.41049999,0.056401134,-0.37217009
0.41060001,0.051622838,-0.37322021
0.41069999,0.046827309,-0.37420875
0.41080001,0.042015325,-0.37513551
0.4109,0.037187677,-0.37600017
0.41100001,0.03234515,-0.37680247
0.4111,0.027488532,-0.3775422
0.41119999,0.022618612,-0.3782191
0.4113,0.0177362,-0.37883294
0.41139999,0.012842097,-0.37938353
0.41150001,0.0079371119,-0.37987062
0.41159999,0.0030220533,-0.38029408
0.41170001,-0.001902262,-0.38065368
0.4118,-0.006835016,-0.38094926
0.41190001,-0.011775387,-0.38118064
0.412,-0.016722562,-0.38134766
0.41209999,-0.021675706,-0.38145021
0.4122,-0.026633991,-0.38148811
0.41229999,-0.031596582,-0.38146129
0.41240001,-0.036562648,-0.38136959
0.41249999,-0.04153135,-0.38121292
0.41260001,-0.046501845,-0.38099122
0.4127,-0.051473293,-0.38070437
0.41280001,-0.056444857,-0.38035232
0.4129,-0.061415687,-0.379935
0.41299999,-0.066384941,-0.37945235
0.4131,-0.071351759,-0.37890437
0.41319999,-0.076315299,-0.37829098
0.41330001,-0.081274703,-0.37761223
0.41339999,-0.086229123,-0.37686807
0.41350001,-0.091177702,-0.37605849
0.4136,-0.09611959,-0.37518355
0.41370001,-0.10105393,-0.37424326
0.4138,-0.10597987,-0.37323764
0.41389999,-0.11089654,-0.37216678
0.414,-0.11580309,-0.37103069
0.41409999,-0.12069866,-0.36982948
0.41420001,-0.1255824,-0.36856323
0.41429999,-0.13045344,-0.36723202
0.41440001,-0.13531093,-0.36583599
0.4145,-0.14015402,-0.3643752
0.41460001,-0.14498185,-0.3628498
0.4147,-0.14979355,-0.36125994
0.41479999,-0.15458828,-0.35960579
0.4149,-0.15936518,-0.35788748
0.41499999,-0.16412339,-0.35610518
0.41510001,-0.16886207,-0.3542591
0.4152,-0.17358036,-0.3523494
0.41530001,-0.17827743,-0.35037634
0.4154,-0.18295242,-0.34834006
0.41549999,-0.18760447,-0.34624088
0.4156,-0.19223276,-0.34407896
0.41569999,-0.19683643,-0.3418546
0.41580001,-0.20141464,-0.33956808
0.41589999,-0.20596656,-0.33721963
0.41600001,-0.21049137,-0.33480951
0.4161,-0.21498822,-0.33233809
0.41620001,-0.21945629,-0.32980564
0.4163,-0.22389475,-0.32721248
0.41639999,-0.22830276,-0.32455894
0.4165,-0.23267953,-0.32184535
0.41659999,-0.23702423,-0.3190721
0.41670001,-0.24133605,-0.31623954
0.41679999,-0.24561417,-0.31334803
0.41690001,-0.2498578,-0.31039792
0.417,-0.25406614,-0.30738968
0.41710001,-0.25823838,-0.30432364
0.4172,-0.26237375,-0.3012003
0.41729999,-0.26647142,-0.29802004
0.4174,-0.27053064,-0.29478332
0.41749999,-0.27455065,-0.29149058
0.41760001,-0.2785306,-0.28814226
0.41769999,-0.28246981,-0.28473887
0.41780001,-0.28636748,-0.28128088
0.4179,-0.29022282,-0.27776876
0.41800001,-0.29403514,-0.27420306
0.4181,-0.29780367,-0.27058423
0.41819999,-0.30152762,-0.26691288
0.4183,-0.30520633,-0.26318946
0.41839999,-0.30883902,-0.25941458
0.41850001,-0.31242499,-0.25558877
0.41859999,-0.31596351,-0.25171256
0.41870001,-0.3194539,-0.24778658
0.4188,-0.32289541,-0.2438114
0.41890001,-0.32628736,-0.23978761
0.419,-0.32962909,-0.23571582
0.41909999,-0.3329199,-0.23159665
0.4192,-0.33615911,-0.22743072
0.41929999,-0.33934602,-0.22321866
0.41940001,-0.34248003,-0.21896113
0.41949999,-0.34556046,-0.21465877
0.41960001,-0.34858668,-0.21031223
0.4197,-0.35155803,-0.20592222
0.41980001,-0.35447389,-0.2014894
0.4199,-0.35733363,-0.19701447
0.41999999,-0.36013666,-0.19249813
0.4201,-0.36288238,-0.18794109
0.42019999,-0.36557016,-0.18334405
0.42030001,-0.36819941,-0.17870775
0.42039999,-0.37076962,-0.17403293
0.42050001,-0.37328014,-0.16932033
0.4206,-0.37573048,-0.1645707
0.42070001,-0.37812003,-0.15978482
0.4208,-0.38044831,-0.15496345
0.42089999,-0.38271475,-0.15010735
0.421,-0.38491881,-0.14521733
0.42109999,-0.38706002,-0.14029415
0.42120001,-0.38913786,-0.13533865
0.42129999,-0.39115185,-0.13035162
0.42140001,-0.39310148,-0.12533388
0.4215,-0.3949863,-0.12028624
0.42160001,-0.39680585,-0.11520956
0.4217,-0.39855969,-0.11010467
0.42179999,-0.40024734,-0.10497241
0.4219,-0.4018684,-0.099813618
0.42199999,-0.40342245,-0.094629169
0.42210001,-0.40490907,-0.089419931
0.42219999,-0.40632787,-0.08418677
0.42230001,-0.40767848,-0.078930572
0.4224,-0.40896052,-0.073652215
0.42250001,-0.41017359,-0.06835261
0.4226,-0.41131738,-0.063032627
0.42269999,-0.41239154,-0.057693172
0.4228,-0.41339573,-0.052335165
0.42289999,-0.41432965,-0.046959519
0.42300001,-0.41519299,-0.041567154
0.42309999,-0.41598544,-0.036158994
0.42320001,-0.41670674,-0.03073597
0.4233,-0.41735661,-0.02529902
0.42340001,-0.41793481,-0.019849081
0.4235,-0.41844106,-0.014387088
0.42359999,-0.41887516,-0.0089139985
0.4237,-0.41923687,-0.0034307656
0.42379999,-0.41952601,0.002061652
0.42390001,-0.41974235,0.0075622927
0.42399999,-0.41988572,0.013070189
0.42410001,-0.419956,0.018584374
0.4242,-0.41995296,0.024103871
0.42429999,-0.41987649,0.029627718
0.4244,-0.41972643,0.035154928
0.42449999,-0.41950271,0.040684517
0.42460001,-0.41920522,0.046215504
0.42469999,-0.41883382,0.051746894
0.42480001,-0.41838849,0.057277702
0.4249,-0.41786912,0.062806934
0.42500001,-0.4172757,0.068333589
0.4251,-0.41660812,0.073856689
0.42519999,-0.41586643,0.079375222
0.4253,-0.4150506,0.084888197
0.42539999,-0.41416058,0.090394601
0.42550001,-0.41319647,0.095893443
0.42559999,-0.41215825,0.10138371
0.42570001,-0.41104594,0.1068644
0.4258,-0.40985966,0.1123345
0.42590001,-0.40859944,0.11779302
0.426,-0.40726534,0.12323896
0.42609999,-0.4058575,0.12867129
0.4262,-0.404376,0.13408902
0.42629999,-0.402821,0.13949114
0.42640001,-0.40119261,0.14487664
0.42649999,-0.39949098,0.15024452
0.42660001,-0.39771631,0.15559378
0.4267,-0.39586872,0.16092341
0.42680001,-0.39394847,0.16623241
0.4269,-0.3919557,0.17151977
0.42699999,-0.3898907,0.17678452
0.4271,-0.38775364,0.18202563
0.42719999,-0.38554484,0.18724212
0.42730001,-0.38326448,0.192433
0.42739999,-0.38091293,0.19759727
0.42750001,-0.37849039,0.20273395
0.4276,-0.37599722,0.20784205
0.42770001,-0.37343371,0.21292059
0.4278,-0.3708002,0.21796858
0.42789999,-0.36809707,0.22298506
0.428,-0.36532462,0.22796905
0.42809999,-0.36248326,0.23291959
0.42820001,-0.35957336,0.23783569
0.42829999,-0.35659534,0.2427164
0.42840001,-0.3535496,0.24756078
0.4285,-0.35043657,0.25236788
0.42860001,-0.34725666,0.2571367
0.4287,-0.34401038,0.26186636
0.42879999,-0.34069818,0.26655591
0.4289,-0.33732051,0.27120438
0.42899999,-0.33387792,0.2758109
0.42910001,-0.33037087,0.28037447
0.42919999,-0.32679987,0.28489426
0.42930001,-0.32316551,0.28936931
0.4294,-0.31946829,0.29379871
0.42950001,-0.31570879,0.29818159
0.4296,-0.31188759,0.30251706
0.42969999,-0.30800524,0.30680424
0.4298,-0.3040624,0.31104222
0.42989999,-0.30005965,0.31523013
0.43000001,-0.29599762,0.31936717
0.43009999,-0.29187691,0.32345241
0.43020001,-0.28769818,0.32748505
0.4303,-0.28346214,0.33146423
0.43040001,-0.27916944,0.33538914
0.4305,-0.27482074,0.33925894
0.43059999,-0.2704168,0.3430728
0.4307,-0.26595825,0.34682995
0.43079999,-0.26144588,0.35052958
0.43090001,-0.25688037,0.35417089
0.43099999,-0.25226253,0.3577531
0.43110001,-0.24759305,0.36127546
0.4312,-0.24287273,0.36473721
0.43130001,-0.23810238,0.3681376
0.4314,-0.23328274,0.37147585
0.43149999,-0.22841465,0.3747513
0.4316,-0.22349891,0.37796316
0.43169999,-0.21853633,0.38111076
0.43180001,-0.21352777,0.38419339
0.43189999,-0.20847407,0.38721034
0.43200001,-0.20337608,0.39016098
0.4321,-0.19823468,0.39304462
0.43220001,-0.19305073,0.39586061
0.4323,-0.18782514,0.3986083
0.43239999,-0.18255879,0.40128705
0.4325,-0.17725259,0.40389624
0.43259999,-0.17190745,0.40643528
0.43270001,-0.16652431,0.40890357
0.43279999,-0.1611041,0.41130051
0.43290001,-0.15564775,0.41362554
0.433,-0.15015624,0.41587809
0.43309999,-0.14463055,0.41805762
0.4332,-0.13907161,0.4201636
0.43329999,-0.1334804,0.42219549
0.43340001,-0.12785792,0.42415279
0.43349999,-0.12220518,0.42603499
0.43360001,-0.11652317,0.42784166
0.4337,-0.1108129,0.42957228
0.43380001,-0.10507541,0.4312264
0.4339,-0.099311709,0.4328036
0.43399999,-0.093522847,0.43430346
0.4341,-0.087709844,0.43572554
0.43419999,-0.08187376,0.43706942
0.43430001,-0.076015644,0.43833476
0.43439999,-0.070136569,0.43952116
0.43450001,-0.064237602,0.44062829
0.4346,-0.058319822,0.44165576
0.43470001,-0.052384302,0.44260329
0.4348,-0.046432137,0.44347057
0.43489999,-0.040464412,0.44425726
0.435,-0.034482215,0.44496307
0.43509999,-0.028486658,0.44558778
0.43520001,-0.022478851,0.44613111
0.43529999,-0.016459905,0.44659281
0.43540001,-0.010430938,0.4469727
0.4355,-0.0043930723,0.44727051
0.43560001,0.0016525639,0.4474861
0.4357,0.0077048456,0.44761929
0.43579999,0.01376265,0.44766989
0.4359,0.019824831,0.44763774
0.43599999,0.02589025,0.44752276
0.43610001,0.03195776,0.44732481
0.43619999,0.038026217,0.44704381
0.43630001,0.044094477,0.44667965
0.4364,0.050161377,0.44623226
0.43650001,0.056225773,0.44570166
0.4366,0.062286519,0.4450877
0.43669999,0.068342455,0.44439045
0.4368,0.074392416,0.44360986
0.43689999,0.080435239,0.44274598
0.43700001,0.086469777,0.44179884
0.43709999,0.092494853,0.44076848
0.43720001,0.098509319,0.43965495
0.4373,0.10451201,0.43845832
0.43740001,0.11050175,0.43717873
0.4375,0.11647741,0.43581623
0.43759999,0.1224378,0.43437099
0.4377,0.12838177,0.43284318
0.43779999,0.13430814,0.4312329
0.43790001,0.1402158,0.4295404
0.43799999,0.14610353,0.42776579
0.43810001,0.15197022,0.42590937
0.4382,0.1578147,0.4239713
0.43830001,0.16363581,0.42195186
0.4384,0.16943242,0.41985127
0.43849999,0.17520335,0.41766986
0.4386,0.1809475,0.4154079
0.43869999,0.18666369,0.4130657
0.43880001,0.1923508,0.41064358
0.43889999,0.19800769,0.40814191
0.43900001,0.20363322,0.40556103
0.4391,0.20922628,0.40290129
0.43920001,0.21478574,0.40016311
0.4393,0.22031048,0.39734691
0.43939999,0.22579938,0.39445308
0.4395,0.23125133,0.39148208
0.43959999,0.23666523,0.38843441
0.43970001,0.24203999,0.38531047
0.43979999,0.24737452,0.38211077
0.43990001,0.25266773,0.37883583
0.44,0.25791851,0.37548617
0.44010001,0.26312578,0.3720623
0.4402,0.26828852,0.36856478
0.44029999,0.27340567,0.36499423
0.4404,0.27847612,0.36135116
0.44049999,0.28349888,0.35763624
0.44060001,0.28847286,0.35385001
0.44069999,0.29339707,0.34999314
0.44080001,0.29827043,0.34606627
0.4409,0.303092,0.34207004
0.44100001,0.3078607,0.33800516
0.4411,0.31257561,0.33387229
0.44119999,0.31723565,0.32967216
0.4413,0.3218399,0.32540548
0.44139999,0.32638738,0.321073
0.44150001,0.3308771,0.31667542
0.44159999,0.33530813,0.31221351
0.44170001,0.33967951,0.30768809
0.4418,0.34399033,0.30309993
0.44190001,0.34823966,0.29844981
0.442,0.35242659,0.2937386
0.44209999,0.35655019,0.2889671
0.44220001,0.36060962,0.28413618
0.44229999,0.36460397,0.27924666
0.44240001,0.36853236,0.27429944
0.4425,0.37239397,0.26929539
0.44260001,0.37618795,0.26423541
0.4427,0.37991342,0.25912043
0.44279999,0.38356963,0.25395137
0.4429,0.38715574,0.24872914
0.44299999,0.39067096,0.24345474
0.44310001,0.39411449,0.23812908
0.44319999,0.39748558,0.23275316
0.44330001,0.40078348,0.22732794
0.4434,0.40400741,0.22185445
0.44350001,0.40715668,0.21633369
0.4436,0.41023058,0.21076666
0.44369999,0.41322839,0.2051544
0.4438,0.41614944,0.19949798
0.44389999,0.41899303,0.19379842
0.44400001,0.4217585,0.18805678
0.44409999,0.42444524,0.18227415
0.44420001,0.42705262,0.17645158
0.4443,0.42957997,0.17059021
0.44440001,0.43202677,0.16469111
0.4445,0.43439239,0.15875542
0.44459999,0.43667626,0.15278423
0.4447,0.43887788,0.1467787
0.44479999,0.44099662,0.14073995
0.44490001,0.44303203,0.13466911
0.44499999,0.44498357,0.12856737
0.44510001,0.44685078,0.12243588
0.4452,0.44863316,0.1162758
0.44530001,0.45033029,0.11008835
0.4454,0.4519417,0.10387468
0.44549999,0.45346698,0.097636014
0.4456,0.45490569,0.091373518
0.44569999,0.45625749,0.085088417
0.44580001,0.45752198,0.078781925
0.44589999,0.45869881,0.072455272
0.44600001,0.45978764,0.06610968
0.4461,0.46078816,0.059746385
0.44620001,0.46170005,0.053366628
0.4463,0.46252307,0.046971656
0.44639999,0.46325687,0.0405627
0.4465,0.46390125,0.034141023
0.44659999,0.46445596,0.027707888
0.44670001,0.46492082,0.021264555
0.44679999,0.46529558,0.014812293
0.44690001,0.46558014,0.0083523756
0.447,0.46577424,0.0018860769
0.44710001,0.46587783,-0.0045853225
0.4472,0.46589071,-0.011060551
0.44729999,0.4658128,-0.017538326
0.4474,0.46564403,-0.024017356
0.44749999,0.4653843,-0.030496355
0.44760001,0.46503359,-0.036974028
0.44769999,0.46459186,-0.043449085
0.44780001,0.46405911,-0.049920227
0.4479,0.46343532,-0.056386165
0.44800001,0.46272051,-0.062845603
0.4481,0.46191472,-0.069297254
0.44819999,0.46101803,-0.075739808
0.4483,0.4600305,-0.082171977
0.44839999,0.45895225,-0.088592462
0.44850001,0.45778337,-0.094999962
0.44859999,0.45652404,-0.10139319
0.44870001,0.45517439,-0.10777084
0.4488,0.45373458,-0.11413162
0.44890001,0.45220479,-0.12047426
0.449,0.45058528,-0.12679745
0.44909999,0.44887623,-0.13309991
0.4492,0.4470779,-0.13938037
0.44929999,0.44519058,-0.14563751
0.44940001,0.44321454,-0.15187007
0.44949999,0.4411501,-0.15807678
0.44960001,0.43899757,-0.16425636
0.4497,0.43675727,-0.17040755
0.44980001,0.43442959,-0.17652908
0.4499,0.43201485,-0.18261968
0.44999999,0.42951354,-0.18867812
0.4501,0.42692602,-0.1947031
0.45019999,0.42425272,-0.20069343
0.45030001,0.42149413,-0.20664784
0.45039999,0.41865069,-0.21256509
0.45050001,0.41572288,-0.21844397
0.4506,0.4127112,-0.22428325
0.45070001,0.4096162,-0.23008171
0.4508,0.40643844,-0.23583813
0.45089999,0.40317842,-0.24155134
0.45100001,0.39983675,-0.24722011
0.45109999,0.39641407,-0.25284326
0.45120001,0.39291093,-0.25841963
0.4513,0.38932797,-0.26394805
0.45140001,0.38566583,-0.26942733
0.4515,0.38192523,-0.2748563
0.45159999,0.37810677,-0.28023386
0.4517,0.37421122,-0.28555888
0.45179999,0.37023926,-0.29083017
0.45190001,0.36619166,-0.29604667
0.45199999,0.36206913,-0.30120724
0.45210001,0.35787246,-0.30631083
0.4522,0.35360238,-0.31135628
0.45230001,0.34925973,-0.31634256
0.4524,0.34484532,-0.32126859
0.45249999,0.34036002,-0.32613334
0.4526,0.33580461,-0.33093572
0.45269999,0.33118001,-0.33567473
0.45280001,0.32648703,-0.34034938
0.45289999,0.32172665,-0.3449586
0.45300001,0.31689972,-0.3495014
0.4531,0.31200713,-0.35397685
0.45320001,0.30704987,-0.35838395
0.4533,0.30202889,-0.36272174
0.45339999,0.29694515,-0.36698925
0.4535,0.29179966,-0.37118563
0.45359999,0.28659338,-0.37530988
0.45370001,0.28132731,-0.37936115
0.45379999,0.27600247,-0.38333851
0.45390001,0.27061993,-0.38724113
0.454,0.26518071,-0.3910681
0.45410001,0.2596859,-0.3948186
0.4542,0.25413656,-0.39849183
0.45429999,0.24853377,-0.40208694
0.4544,0.24287865,-0.40560314
0.45449999,0.23717232,-0.40903965
0.45460001,0.23141587,-0.41239566
0.45469999,0.22561044,-0.41567048
0.45480001,0.2197572,-0.41886333
0.4549,0.21385731,-0.42197353
0.45500001,0.20791192,-0.42500034
0.4551,0.20192224,-0.42794308
0.45519999,0.19588944,-0.43080109
0.4553,0.18981475,-0.43357372
0.45539999,0.18369935,-0.43626034
0.45550001,0.17754447,-0.4388603
0.45559999,0.17135134,-0.44137302
0.45570001,0.16512123,-0.44379792
0.4558,0.15885535,-0.44613439
0.45590001,0.15255499,-0.44838196
0.456,0.14622143,-0.45054007
0.45609999,0.13985591,-0.45260817
0.4562,0.13345975,-0.45458582
0.45629999,0.1270342,-0.45647249
0.45640001,0.12058058,-0.45826775
0.45649999,0.11410022,-0.45997119
0.45660001,0.10759441,-0.46158233
0.4567,0.10106449,-0.46310085
0.45680001,0.094511777,-0.4645263
0.4569,0.087937608,-0.46585837
0.45699999,0.08134333,-0.46709669
0.4571,0.074730277,-0.46824089
0.45719999,0.068099797,-0.46929073
0.45730001,0.061453257,-0.47024593
0.45739999,0.05479202,-0.4711062
0.45750001,0.048117451,-0.47187132
0.4576,0.04143092,-0.472541
0.45770001,0.034733806,-0.47311515
0.4578,0.028027486,-0.47359347
0.45789999,0.021313325,-0.47397587
0.458,0.014592717,-0.47426215
0.45809999,0.0078670532,-0.4744522
0.45820001,0.0011377215,-0.47454596
0.45829999,-0.0055938843,-0.4745433
0.45840001,-0.01232637,-0.47444415
0.4585,-0.019058339,-0.47424853
0.45860001,-0.025788393,-0.47395638
0.4587,-0.032515146,-0.47356763
0.45879999,-0.039237194,-0.47308239
0.4589,-0.045953132,-0.47250065
0.45899999,-0.052661568,-0.4718225
0.45910001,-0.0593611,-0.47104797
0.45919999,-0.066050328,-0.47017723
0.45930001,-0.072727852,-0.46921036
0.4594,-0.079392277,-0.46814749
0.45950001,-0.08604221,-0.4669888
0.4596,-0.092676267,-0.46573445
0.45969999,-0.099293038,-0.46438468
0.4598,-0.10589115,-0.46293965
0.45989999,-0.11246921,-0.46139964
0.46000001,-0.11902583,-0.45976496
0.4601,-0.12555964,-0.45803583
0.46020001,-0.13206924,-0.45621255
0.4603,-0.13855329,-0.45429552
0.46039999,-0.14501041,-0.45228496
0.4605,-0.15143922,-0.45018134
0.46059999,-0.15783837,-0.44798499
0.46070001,-0.16420652,-0.44569632
0.46079999,-0.1705423,-0.4433158
0.46090001,-0.17684437,-0.44084385
0.461,-0.1831114,-0.43828091
0.46110001,-0.18934205,-0.43562752
0.4612,-0.195535,-0.4328841
0.46129999,-0.20168895,-0.43005124
0.4614,-0.20780255,-0.42712945
0.46149999,-0.21387452,-0.42411929
0.46160001,-0.21990356,-0.4210214
0.46169999,-0.22588839,-0.41783634
0.46180001,-0.23182772,-0.41456473
0.4619,-0.23772028,-0.4112072
0.46200001,-0.24356481,-0.40776441
0.4621,-0.24936005,-0.40423706
0.46219999,-0.25510478,-0.4006258
0.4623,-0.26079774,-0.39693141
0.46239999,-0.26643771,-0.39315459
0.46250001,-0.2720235,-0.38929608
0.46259999,-0.27755389,-0.38535666
0.46270001,-0.28302768,-0.38133717
0.4628,-0.28844368,-0.3772383
0.46290001,-0.29380074,-0.37306094
0.463,-0.29909769,-0.36880594
0.46309999,-0.30433342,-0.36447415
0.4632,-0.30950674,-0.36006644
0.46329999,-0.31461656,-0.3555837
0.46340001,-0.31966177,-0.35102683
0.46349999,-0.32464126,-0.3463968
0.46360001,-0.32955396,-0.3416945
0.4637,-0.33439881,-0.33692089
0.46380001,-0.33917472,-0.33207697
0.4639,-0.34388068,-0.3271637
0.46399999,-0.34851563,-0.32218212
0.4641,-0.3530786,-0.31713325
0.46419999,-0.35756856,-0.31201813
0.46430001,-0.36198455,-0.3068378
0.46439999,-0.36632556,-0.3015933
0.46450001,-0.37059069,-0.29628575
0.4646,-0.37477896,-0.2909162
0.46470001,-0.37888944,-0.2854858
0.4648,-0.38292125,-0.27999568
0.46489999,-0.38687351,-0.27444696
0.465,-0.39074534,-0.26884082
0.46509999,-0.39453587,-0.26317838
0.46520001,-0.39824426,-0.25746083
0.46529999,-0.40186968,-0.25168937
0.46540001,-0.40541136,-0.24586521
0.4655,-0.40886846,-0.23998955
0.46560001,-0.41224027,-0.23406363
0.4657,-0.41552597,-0.22808868
0.46579999,-0.41872489,-0.22206596
0.4659,-0.42183626,-0.21599673
0.46599999,-0.42485943,-0.20988226
0.46610001,-0.42779368,-0.20372382
0.46619999,-0.43063837,-0.19752271
0.46630001,-0.43339285,-0.19128026
0.4664,-0.43605649,-0.18499777
0.46650001,-0.4386287,-0.17867655
0.4666,-0.44110888,-0.17231795
0.46669999,-0.4434965,-0.16592331
0.4668,-0.44579098,-0.159494
0.46689999,-0.44799182,-0.15303135
0.46700001,-0.45009845,-0.14653672
0.46709999,-0.45211047,-0.1400115
0.46720001,-0.45402735,-0.13345709
0.4673,-0.45584869,-0.12687488
0.46740001,-0.45757404,-0.12026624
0.4675,-0.459203,-0.1136326
0.46759999,-0.46073523,-0.10697538
0.4677,-0.4621703,-0.10029597
0.46779999,-0.46350786,-0.093595803
0.46790001,-0.46474764,-0.086876303
0.46799999,-0.46588933,-0.080138914
0.46810001,-0.46693262,-0.073385075
0.4682,-0.4678773,-0.06661623
0.46830001,-0.46872312,-0.059833825
0.4684,-0.46946985,-0.053039316
0.46849999,-0.47011727,-0.046234153
0.4686,-0.47066525,-0.039419789
0.46869999,-0.47111359,-0.032597691
0.46880001,-0.47146225,-0.025769327
0.4689,-0.47171104,-0.018936163
0.46900001,-0.4718599,-0.012099669
0.4691,-0.47190878,-0.0052613188
0.46919999,-0.47185764,0.001577416
0.4693,-0.47170642,0.0084150638
0.46939999,-0.47145516,0.015250159
0.46950001,-0.47110385,0.022081221
0.46959999,-0.47065255,0.02890677
0.46970001,-0.47010136,0.035725337
0.4698,-0.46945032,0.042535443
0.46990001,-0.46869954,0.049335618
0.47,-0.46784922,0.056124389
0.47009999,-0.46689948,0.062900282
0.4702,-0.46585044,0.069661833
0.47029999,-0.46470234,0.076407582
0.47040001,-0.46345541,0.083136059
0.47049999,-0.46210986,0.089845791
0.47060001,-0.460666,0.09653534
0.4707,-0.45912409,0.10320324
0.47080001,-0.45748442,0.10984804
0.4709,-0.45574737,0.11646829
0.47099999,-0.45391324,0.12306256
0.4711,-0.45198241,0.1296294
0.47119999,-0.44995525,0.13616739
0.47130001,-0.44783226,0.14267509
0.47139999,-0.44561377,0.14915109
0.47150001,-0.44330031,0.15559396
0.4716,-0.44089237,0.16200231
0.47170001,-0.43839037,0.16837472
0.4718,-0.43579489,0.17470981
0.47189999,-0.43310645,0.18100618
0.472,-0.43032563,0.18726246
0.47209999,-0.42745295,0.19347727
0.47220001,-0.42448911,0.19964926
0.47229999,-0.42143467,0.20577705
0.47240001,-0.41829029,0.21185932
0.4725,-0.41505668,0.2178947
0.47260001,-0.41173443,0.2238819
0.4727,-0.4083243,0.22981957
0.47279999,-0.404827,0.23570642
0.4729,-0.40124327,0.24154115
0.47299999,-0.39757389,0.24732247
0.47310001,-0.39381966,0.25304911
0.47319999,-0.38998133,0.2587198
0.47330001,-0.38605979,0.26433328
0.4734,-0.38205582,0.26988834
0.47350001,-0.37797028,0.27538371
0.4736,-0.37380406,0.28081819
0.47369999,-0.36955807,0.28619057
0.4738,-0.36523321,0.29149967
0.47389999,-0.36083043,0.29674435
0.47400001,-0.35635063,0.30192336
0.47409999,-0.35179487,0.30703562
0.47420001,-0.34716403,0.31207997
0.4743,-0.34245917,0.31705528
0.47440001,-0.33768129,0.32196045
0.4745,-0.33283144,0.32679439
0.47459999,-0.32791063,0.33155602
0.4747,-0.32291999,0.33624429
0.47479999,-0.31786057,0.34085813
0.47490001,-0.3127335,0.34539655
0.47499999,-0.30753988,0.34985852
0.47510001,-0.30228081,0.35424301
0.4752,-0.29695746,0.35854906
0.47530001,-0.29157099,0.36277571
0.4754,-0.28612259,0.36692202
0.47549999,-0.28061345,0.37098706
0.4756,-0.27504474,0.3749699
0.47569999,-0.26941773,0.37886968
0.47580001,-0.26373363,0.38268551
0.47589999,-0.2579937,0.38641649
0.47600001,-0.25219914,0.39006183
0.4761,-0.24635127,0.3936207
0.47620001,-0.24045138,0.39709225
0.4763,-0.23450077,0.4004758
0.47639999,-0.22850072,0.40377048
0.4765,-0.2224526,0.40697563
0.47659999,-0.21635769,0.41009048
0.47670001,-0.21021737,0.41311431
0.47679999,-0.20403296,0.41604647
0.47690001,-0.19780584,0.41888624
0.477,-0.1915374,0.42163306
0.47710001,-0.18522902,0.42428625
0.4772,-0.17888208,0.42684519
0.47729999,-0.172498,0.42930937
0.4774,-0.16607821,0.43167818
0.47749999,-0.15962411,0.43395108
0.47760001,-0.15313712,0.43612751
0.4777,-0.14661869,0.43820706
0.47780001,-0.14007027,0.44018918
0.4779,-0.13349332,0.44207343
0.47799999,-0.1268893,0.4438594
0.4781,-0.12025967,0.44554669
0.47819999,-0.11360592,0.44713485
0.47830001,-0.10692953,0.4486236
0.47839999,-0.10023197,0.45001248
0.47850001,-0.09351474,0.45130125
0.4786,-0.086779341,0.45248958
0.47870001,-0.080027275,0.45357719
0.4788,-0.073260047,0.45456386
0.47889999,-0.066479184,0.45544931
0.479,-0.059686191,0.45623335
0.47909999,-0.052882597,0.4569158
0.47920001,-0.046069901,0.45749646
0.47929999,-0.03924964,0.45797521
0.47940001,-0.032423347,0.45835194
0.4795,-0.025592551,0.45862654
0.47960001,-0.018758783,0.45879892
0.4797,-0.011923578,0.45886907
0.47979999,-0.0050884723,0.45883694
0.4799,0.0017449978,0.45870256
0.47999999,0.0085753044,0.45846587
0.48010001,0.015400912,0.45812696
0.48019999,0.022220278,0.45768589
0.48030001,0.029031869,0.45714274
0.4804,0.035834152,0.45649761
0.48050001,0.042625587,0.45575067
0.4806,0.049404651,0.45490208
0.48069999,0.056169808,0.45395201
0.4808,0.062919535,0.45290065
0.48089999,0.069652312,0.45174819
0.48100001,0.076366611,0.45049495
0.48109999,0.083060913,0.44914114
0.48120001,0.089733712,0.44768712
0.4813,0.09638349,0.44613317
0.48140001,0.10300874,0.44447961
0.4815,0.10960797,0.44272688
0.48159999,0.11617967,0.44087529
0.4817,0.12272236,0.4389253
0.48179999,0.12923457,0.43687728
0.48190001,0.13571478,0.43473172
0.48199999,0.14216156,0.4324891
0.48210001,0.14857343,0.43014994
0.4822,0.15494893,0.42771474
0.48230001,0.16128661,0.42518404
0.4824,0.16758502,0.42255843
0.48249999,0.17384273,0.41983846
0.4826,0.18005833,0.41702476
0.48269999,0.18623038,0.41411793
0.48280001,0.19235748,0.41111866
0.48289999,0.19843824,0.40802765
0.48300001,0.20447126,0.40484554
0.4831,0.21045518,0.40157306
0.48320001,0.21638861,0.398211
0.4833,0.22227021,0.39476001
0.48339999,0.22809862,0.39122096
0.4835,0.23387252,0.38759461
0.48359999,0.23959057,0.38388181
0.48370001,0.24525148,0.38008335
0.48379999,0.25085393,0.37620017
0.48390001,0.25639665,0.37223309
0.484,0.26187837,0.36818305
0.48410001,0.26729783,0.36405089
0.4842,0.27265376,0.35983765
0.48429999,0.27794495,0.35554421
0.4844,0.28317019,0.35117155
0.48449999,0.28832829,0.34672076
0.48460001,0.29341802,0.34219274
0.48469999,0.29843822,0.33758858
0.48480001,0.30338776,0.33290935
0.4849,0.30826548,0.32815608
0.48500001,0.31307021,0.32332984
0.4851,0.31780091,0.31843176
0.48519999,0.32245648,0.31346294
0.4853,0.32703578,0.30842456
0.48539999,0.33153781,0.30331776
0.48550001,0.33596155,0.29814368
0.48559999,0.34030589,0.29290354
0.48570001,0.34456989,0.28759855
0.4858,0.34875256,0.28222984
0.48590001,0.35285288,0.27679875
0.486,0.35686994,0.27130646
0.48609999,0.36080277,0.26575428
0.4862,0.36465052,0.26014346
0.48629999,0.36841223,0.2544753
0.48640001,0.37208706,0.2487511
0.48649999,0.37567416,0.24297221
0.48660001,0.37917265,0.2371399
0.4867,0.38258174,0.23125555
0.48679999,0.38590065,0.22532052
0.4869,0.38912857,0.21933618
0.48699999,0.39226475,0.21330392
0.48710001,0.39530852,0.20722514
0.48719999,0.3982591,0.20110123
0.48730001,0.40111583,0.19493362
0.4874,0.403878,0.18872371
0.48750001,0.40654498,0.18247296
0.4876,0.40911618,0.17618282
0.48769999,0.41159093,0.16985475
0.4878,0.41396871,0.16349022
0.48789999,0.41624895,0.15709069
0.48800001,0.41843107,0.15065768
0.48809999,0.42051461,0.14419268
0.48820001,0.42249903,0.13769716
0.4883,0.42438385,0.13117266
0.48840001,0.42616865,0.12462068
0.4885,0.42785302,0.11804275
0.48859999,0.42943653,0.11144043
0.4887,0.43091884,0.10481524
0.48879999,0.43229958,0.098168723
0.48890001,0.43357843,0.09150245
0.48899999,0.43475503,0.084817953
0.48910001,0.43582913,0.078116797
0.4892,0.43680048,0.07140056
0.48930001,0.43766883,0.064670809
0.4894,0.438434,0.057929121
0.48949999,0.43909577,0.051177077
0.4896,0.43965399,0.04441626
0.48969999,0.44010851,0.037648257
0.48980001,0.44045925,0.030874649
0.48989999,0.44070604,0.02409702
0.49000001,0.44084892,0.017316969
0.4901,0.44088775,0.01053609
0.49020001,0.44082254,0.0037559767
0.4903,0.44065335,-0.0030217741
0.49039999,0.44038019,-0.009795567
0.4905,0.44000307,-0.016563807
0.49059999,0.43952215,-0.023324898
0.49070001,0.43893743,-0.030077256
0.49079999,0.43824911,-0.036819283
0.49090001,0.43745729,-0.043549389
0.491,0.43656224,-0.050265979
0.49110001,0.43556407,-0.056967471
0.4912,0.43446308,-0.063652277
0.49129999,0.43325949,-0.070318818
0.4914,0.43195358,-0.076965518
0.49149999,0.4305456,-0.083590806
0.49160001,0.42903593,-0.090193108
0.49169999,0.42742491,-0.09677086
0.49180001,0.42571288,-0.1033225
0.4919,0.42390031,-0.10984647
0.49200001,0.42198753,-0.11634123
0.4921,0.41997507,-0.12280524
0.49219999,0.41786337,-0.12923695
0.4923,0.4156529,-0.13563482
0.49239999,0.41334414,-0.14199737
0.49250001,0.4109377,-0.14832304
0.49259999,0.40843412,-0.15461035
0.49270001,0.40583396,-0.1608578
0.4928,0.40313789,-0.16706388
0.49290001,0.40034649,-0.17322713
0.493,0.39746046,-0.17934605
0.49309999,0.39448044,-0.18541922
0.4932,0.3914071,-0.19144516
0.49329999,0.38824123,-0.19742242
0.49340001,0.38498351,-0.20334958
0.49349999,0.3816348,-0.20922522
0.49360001,0.37819579,-0.21504796
0.4937,0.37466741,-0.22081634
0.49380001,0.37105039,-0.22652903
0.4939,0.36734563,-0.23218465
0.49399999,0.36355397,-0.23778181
0.4941,0.35967633,-0.24331918
0.49419999,0.35571367,-0.24879545
0.49430001,0.35166684,-0.25420928
0.49439999,0.34753689,-0.25955936
0.49450001,0.34332478,-0.26484442
0.4946,0.33903149,-0.27006316
0.49470001,0.33465809,-0.27521434
0.4948,0.3302055,-0.28029668
0.49489999,0.32567489,-0.28530902
0.495,0.3210673,-0.29025006
0.49509999,0.31638387,-0.29511869
0.49520001,0.31162566,-0.29991367
0.49529999,0.30679384,-0.30463386
0.49540001,0.30188957,-0.3092781
0.4955,0.29691404,-0.31384531
0.49559999,0.29186836,-0.31833431
0.4957,0.28675377,-0.32274404
0.49579999,0.28157157,-0.32707343
0.49590001,0.2763229,-0.33132139
0.49599999,0.27100909,-0.33548695
0.49610001,0.26563138,-0.33956903
0.4962,0.26019108,-0.34356669
0.49630001,0.25468951,-0.34747893
0.4964,0.24912795,-0.35130474
0.49649999,0.24350774,-0.35504323
0.4966,0.23783027,-0.35869351
0.49669999,0.23209688,-0.36225462
0.49680001,0.22630897,-0.36572573
0.49689999,0.22046793,-0.36910596
0.49700001,0.21457517,-0.3723945
0.4971,0.20863213,-0.37559056
0.49720001,0.20264021,-0.37869328
0.4973,0.19660085,-0.38170195
0.49739999,0.19051555,-0.38461578
0.4975,0.18438576,-0.38743407
0.49759999,0.17821297,-0.39015615
0.49770001,0.17199869,-0.39278129
0.49779999,0.16574442,-0.39530888
0.49790001,0.15945168,-0.39773831
0.498,0.15312199,-0.40006888
0.49810001,0.14675687,-0.40230009
0.4982,0.14035788,-0.40443131
0.49829999,0.13392659,-0.40646207
0.4984,0.12746453,-0.40839183
0.49849999,0.12097333,-0.41022012
0.49860001,0.11445454,-0.41194645
0.49869999,0.10790975,-0.41357037
0.49880001,0.10134056,-0.41509154
0.4989,0.094748564,-0.41650948
0.49900001,0.088135369,-0.41782385
0.4991,0.081502602,-0.41903433
0.49919999,0.074851878,-0.42014059
0.4993,0.068184838,-0.42114237
0.49939999,0.061503109,-0.42203939
0.49950001,0.05480833,-0.42283142
0.49959999,0.04810214,-0.42351821
0.49970001,0.041386168,-0.42409959
0.4998,0.034662079,-0.42457539
0.49990001,0.027931517,-0.4249455
0.5,0.021196142,-0.42520979
0.50010002,0.014457611,-0.42536816
0.50019997,0.0077175824,-0.42542061
0.50029999,0.00097771792,-0.42536706
0.50040001,-0.0057603205,-0.42520753
0.50050002,-0.012494885,-0.42494199
0.50059998,-0.01922431,-0.4245705
0.5007,-0.025946928,-0.42409313
0.50080001,-0.03266108,-0.42351002
0.50089997,-0.039365105,-0.42282125
0.50099999,-0.046057343,-0.42202699
0.5011,-0.052736141,-0.42112741
0.50120002,-0.059399836,-0.42012271
0.50129998,-0.066046789,-0.41901311
0.50139999,-0.072675347,-0.41779885
0.50150001,-0.079283863,-0.41648021
0.50160003,-0.085870698,-0.41505754
0.50169998,-0.092434213,-0.41353112
0.5018,-0.098972775,-0.41190132
0.50190002,-0.10548475,-0.41016853
0.50199997,-0.11196852,-0.40833318
0.50209999,-0.11842247,-0.40639567
0.50220001,-0.124845,-0.40435645
0.50230002,-0.13123448,-0.40221599
0.50239998,-0.13758935,-0.39997485
0.5025,-0.14390799,-0.39763352
0.50260001,-0.15018883,-0.39519259
0.50269997,-0.15643032,-0.39265263
0.50279999,-0.16263086,-0.39001429
0.5029,-0.1687889,-0.38727817
0.50300002,-0.1749029,-0.38444486
0.50309998,-0.18097134,-0.38151515
0.50319999,-0.18699268,-0.37848967
0.50330001,-0.1929654,-0.37536919
0.50340003,-0.198888,-0.3721545
0.50349998,-0.204759,-0.36884633
0.5036,-0.21057691,-0.36544549
0.50370002,-0.21634027,-0.36195284
0.50379997,-0.2220476,-0.35836917
0.50389999,-0.22769748,-0.35469538
0.50400001,-0.23328845,-0.35093236
0.50410002,-0.23881914,-0.34708107
0.50419998,-0.24428812,-0.34314242
0.5043,-0.24969399,-0.33911735
0.50440001,-0.2550354,-0.33500692
0.50449997,-0.26031101,-0.3308121
0.50459999,-0.26551941,-0.32653388
0.50470001,-0.27065936,-0.32217333
0.50480002,-0.27572945,-0.31773156
0.50489998,-0.28072846,-0.31320962
0.505,-0.28565511,-0.30860865
0.50510001,-0.29050809,-0.30392981
0.50520003,-0.29528621,-0.29917422
0.50529999,-0.29998821,-0.29434308
0.5054,-0.3046129,-0.28943756
0.50550002,-0.3091591,-0.28445885
0.50559998,-0.3136256,-0.27940825
0.50569999,-0.31801128,-0.27428696
0.50580001,-0.32231504,-0.26909626
0.50590003,-0.3265357,-0.26383749
0.50599998,-0.3306722,-0.2585119
0.5061,-0.3347235,-0.25312087
0.50620002,-0.33868852,-0.24766569
0.50629997,-0.34256622,-0.24214773
0.50639999,-0.34635559,-0.23656836
0.50650001,-0.35005563,-0.230929
0.50660002,-0.35366544,-0.22523107
0.50669998,-0.35718402,-0.21947595
0.5068,-0.36061046,-0.21366513
0.50690001,-0.36394387,-0.20780005
0.50700003,-0.36718339,-0.20188218
0.50709999,-0.37032813,-0.19591297
0.5072,-0.37337726,-0.18989395
0.50730002,-0.37632999,-0.18382663
0.50739998,-0.37918553,-0.17771253
0.50749999,-0.38194314,-0.17155321
0.50760001,-0.38460207,-0.1653502
0.50770003,-0.38716164,-0.15910509
0.50779998,-0.38962114,-0.15281945
0.5079,-0.39197984,-0.14649484
0.50800002,-0.39423722,-0.14013284
0.50809997,-0.39639258,-0.13373512
0.50819999,-0.3984454,-0.12730327
0.50830001,-0.40039507,-0.12083892
0.50840002,-0.40224111,-0.11434371
0.50849998,-0.40398297,-0.1078193
0.5086,-0.40562019,-0.10126735
0.50870001,-0.40715227,-0.094689481
0.50880003,-0.40857881,-0.088087402
0.50889999,-0.40989941,-0.081462778
0.509,-0.41111368,-0.074817307
0.50910002,-0.41222128,-0.068152688
0.50919998,-0.4132219,-0.061470617
0.50929999,-0.41411522,-0.054772798
0.50940001,-0.41490102,-0.04806095
0.50950003,-0.41557896,-0.041336775
0.50959998,-0.4161489,-0.03460199
0.5097,-0.41661063,-0.027858332
0.50980002,-0.41696396,-0.021107526
0.50989997,-0.41720882,-0.014351307
0.50999999,-0.41734508,-0.007591411
0.51010001,-0.41737264,-0.0008295764
0.51020002,-0.41729149,0.0059324563
0.51029998,-0.41710159,0.012692954
0.5104,-0.41680291,0.019450184
0.51050001,-0.41639549,0.026202394
0.51059997,-0.41587943,0.032947838
0.51069999,-0.4152548,0.03968478
0.5108,-0.41452172,0.046411477
0.51090002,-0.41368034,0.053126182
0.51099998,-0.41273084,0.05982716
0.51109999,-0.4116734,0.066512674
0.51120001,-0.41050822,0.073181003
0.51130003,-0.4092356,0.079830408
0.51139998,-0.40785578,0.08645916
0.5115,-0.40636912,0.093065538
0.51160002,-0.40477598,0.099647813
0.51169997,-0.40307665,0.10620429
0.51179999,-0.40127158,0.11273323
0.51190001,-0.39936122,0.11923295
0.51200002,-0.3973459,0.12570176
0.51209998,-0.39522618,0.13213794
0.5122,-0.39300257,0.13853984
0.51230001,-0.39067557,0.14490575
0.51239997,-0.38824576,0.15123403
0.51249999,-0.3857137,0.15752299
0.5126,-0.38308007,0.163771
0.51270002,-0.38034543,0.16997643
0.51279998,-0.37751049,0.17613761
0.51289999,-0.37457588,0.18225293
0.51300001,-0.37154239,0.18832079
0.51310003,-0.36841071,0.19433957
0.51319999,-0.36518165,0.2003077
0.5133,-0.36185601,0.20622358
0.51340002,-0.35843462,0.21208565
0.51349998,-0.3549183,0.21789236
0.51359999,-0.3513079,0.22364216
0.51370001,-0.34760433,0.22933353
0.51380002,-0.34380853,0.23496495
0.51389998,-0.33992144,0.24053492
0.514,-0.33594403,0.24604197
0.51410002,-0.33187732,0.2514846
0.51419997,-0.32772231,0.25686139
0.51429999,-0.32348007,0.26217088
0.51440001,-0.31915164,0.26741162
0.51450002,-0.31473809,0.27258226
0.51459998,-0.31024054,0.27768135
0.5147,-0.30566016,0.28270757
0.51480001,-0.30099809,0.28765956
0.51490003,-0.29625556,0.29253593
0.51499999,-0.29143369,0.29733545
0.5151,-0.2865338,0.30205673
0.51520002,-0.28155705,0.30669856
0.51529998,-0.27650476,0.31125963
0.51539999,-0.27137816,0.31573874
0.51550001,-0.26617861,0.32013461
0.51560003,-0.26090744,0.32444611
0.51569998,-0.255566,0.32867202
0.5158,-0.25015566,0.33281121
0.51590002,-0.24467781,0.33686253
0.51599997,-0.23913386,0.34082487
0.51609999,-0.2335252,0.34469709
0.51620001,-0.22785328,0.3484782
0.51630002,-0.2221196,0.35216707
0.51639998,-0.21632563,0.35576275
0.5165,-0.21047285,0.35926422
0.51660001,-0.2045628,0.36267051
0.51670003,-0.198597,0.36598065
0.51679999,-0.19257702,0.36919373
0.5169,-0.18650435,0.37230882
0.51700002,-0.18038061,0.37532505
0.51709998,-0.1742074,0.37824157
0.51719999,-0.16798633,0.38105756
0.51730001,-0.16171901,0.38377222
0.51740003,-0.15540709,0.38638476
0.51749998,-0.14905222,0.38889447
0.5176,-0.14265604,0.39130059
0.51770002,-0.13622025,0.39360243
0.51779997,-0.12974648,0.39579928
0.51789999,-0.12323647,0.39789057
0.51800001,-0.11669193,0.39987564
0.51810002,-0.11011457,0.4017539
0.51819998,-0.10350614,0.40352482
0.5183,-0.096868366,0.40518785
0.51840001,-0.090202995,0.40674251
0.51849997,-0.083511785,0.40818828
0.51859999,-0.076796487,0.40952471
0.5187,-0.07005889,0.4107514
0.51880002,-0.063300774,0.41186795
0.51889998,-0.056523938,0.41287401
0.51899999,-0.049730171,0.41376925
0.51910001,-0.042921282,0.41455337
0.51920003,-0.03609908,0.41522607
0.51929998,-0.029265374,0.41578713
0.5194,-0.022421962,0.41623631
0.51950002,-0.015570686,0.41657341
0.51959997,-0.0087133711,0.41679829
0.51969999,-0.001851849,0.41691083
0.51980001,0.0050120461,0.41691095
0.51990002,0.011876477,0.41679853
0.51999998,0.018739605,0.41657361
0.5201,0.02559959,0.41623613
0.52020001,0.032454614,0.41578606
0.52029997,0.039302822,0.41522351
0.52039999,0.046142373,0.41454855
0.5205,0.052971423,0.41376132
0.52060002,0.059788138,0.41286191
0.52069998,0.066590674,0.41185054
0.52079999,0.073377192,0.41072741
0.52090001,0.080145866,0.40949273
0.52100003,0.08689487,0.40814674
0.52109998,0.093622379,0.40668976
0.5212,0.10032657,0.40512207
0.52130002,0.1070056,0.40344408
0.52139997,0.11365768,0.40165615
0.52149999,0.120281,0.3997587
0.52160001,0.12687375,0.39775217
0.52170002,0.13343412,0.39563704
0.52179998,0.13996033,0.39341375
0.5219,0.14645062,0.39108288
0.52200001,0.1529032,0.38864496
0.52209997,0.1593163,0.38610062
0.52219999,0.16568816,0.38345045
0.5223,0.17201704,0.3806951
0.52240002,0.1783012,0.37783524
0.52249998,0.1845389,0.37487164
0.5226,0.19072844,0.37180492
0.52270001,0.19686811,0.36863589
0.52280003,0.2029562,0.36536536
0.52289999,0.20899104,0.36199412
0.523,0.21497096,0.35852304
0.52310002,0.22089431,0.35495296
0.52319998,0.22675942,0.35128486
0.52329999,0.2325647,0.34751961
0.52340001,0.2383085,0.34365815
0.52350003,0.24398923,0.33970147
0.52359998,0.24960531,0.33565056
0.5237,0.25515518,0.33150652
0.52380002,0.26063725,0.32727039
0.52389997,0.26605004,0.32294321
0.52399999,0.27139199,0.31852618
0.52410001,0.2766616,0.3140204
0.52420002,0.28185743,0.30942702
0.52429998,0.28697795,0.30474722
0.5244,0.29202172,0.29998222
0.52450001,0.29698738,0.29513326
0.52460003,0.30187345,0.29020163
0.52469999,0.30667859,0.28518859
0.5248,0.31140143,0.28009549
0.52490002,0.31604058,0.27492362
0.52499998,0.32059479,0.26967439
0.52509999,0.32506266,0.26434907
0.52520001,0.32944298,0.25894916
0.52530003,0.33373445,0.25347602
0.52539998,0.33793586,0.24793117
0.5255,0.34204602,0.24231601
0.52560002,0.3460637,0.23663205
0.52569997,0.34998778,0.23088081
0.52579999,0.35381708,0.22506383
0.52590001,0.35755047,0.2191826
0.52600002,0.36118686,0.21323869
0.52609998,0.36472523,0.2072337
0.5262,0.36816451,0.20116925
0.52630001,0.37150368,0.19504695
0.52640003,0.37474176,0.18886843
0.52649999,0.37787783,0.18263538
0.5266,0.3809109,0.17634945
0.52670002,0.38384005,0.17001231
0.52679998,0.38666445,0.16362566
0.52689999,0.3893832,0.15719122
0.52700001,0.39199549,0.15071075
0.52710003,0.39450052,0.14418599
0.52719998,0.39689758,0.13761871
0.5273,0.39918587,0.13101068
0.52740002,0.40136468,0.1243637
0.52749997,0.40343338,0.11767956
0.52759999,0.40539125,0.11096005
0.52770001,0.40723768,0.10420702
0.52780002,0.40897211,0.097422317
0.52789998,0.41059396,0.090607777
0.528,0.41210273,0.083765268
0.52810001,0.41349787,0.07689666
0.52819997,0.41477895,0.07000383
0.52829999,0.41594553,0.06308867
0.5284,0.41699716,0.056153037
0.52850002,0.41793349,0.049198858
0.52859998,0.41875416,0.042228043
0.52869999,0.41945887,0.035242513
0.52880001,0.42004734,0.028244192
0.52890003,0.42051932,0.021235008
0.52899998,0.4208746,0.014216898
0.5291,0.42111298,0.0071918047
0.52920002,0.42123431,0.00016163617
0.52929997,0.42123842,-0.0068716411
0.52939999,0.42112526,-0.013906076
0.52950001,0.4208948,-0.020939715
0.52960002,0.42054695,-0.027970606
0.52969998,0.42008179,-0.034996789
0.5298,0.41949934,-0.042016309
0.52990001,0.41879967,-0.049027208
0.52999997,0.41798282,-0.056027543
0.53009999,0.41704899,-0.063015357
0.5302,0.41599831,-0.069988698
0.53030002,0.41483104,-0.076945595
0.53039998,0.41354737,-0.083884113
0.53049999,0.41214758,-0.090802297
0.53060001,0.41063198,-0.097698204
0.53070003,0.40900093,-0.10456989
0.53079998,0.40725473,-0.11141543
0.5309,0.40539378,-0.1182329
0.53100002,0.40341854,-0.12502037
0.53109998,0.40132949,-0.1317759
0.53119999,0.39912707,-0.13849761
0.53130001,0.39681187,-0.14518356
0.53140002,0.39438441,-0.1518319
0.53149998,0.39184535,-0.15844069
0.5316,0.3891952,-0.16500808
0.53170002,0.38643464,-0.17153221
0.53179997,0.38356441,-0.17801119
0.53189999,0.38058516,-0.18444319
0.53200001,0.3774977,-0.19082637
0.53210002,0.3743028,-0.1971589
0.53219998,0.37100127,-0.20343895
0.5323,0.36759394,-0.20966475
0.53240001,0.36408171,-0.21583447
0.53250003,0.36046541,-0.22194636
0.53259999,0.35674599,-0.22799866
0.5327,0.35292447,-0.23398961
0.53280002,0.3490018,-0.23991747
0.53289998,0.34497902,-0.24578056
0.53299999,0.34085718,-0.25157714
0.53310001,0.33663738,-0.25730556
0.53320003,0.33232072,-0.26296413
0.53329998,0.32790828,-0.2685512
0.5334,0.32340124,-0.27406514
0.53350002,0.31880084,-0.27950436
0.53359997,0.31410828,-0.28486723
0.53369999,0.3093248,-0.29015222
0.53380001,0.30445173,-0.29535776
0.53390002,0.29949033,-0.3004823
0.53399998,0.29444194,-0.30552438
0.5341,0.28930789,-0.31048244
0.53420001,0.28408954,-0.31535503
0.53430003,0.27878833,-0.32014072
0.53439999,0.2734057,-0.3248381
0.5345,0.26794311,-0.32944575
0.53460002,0.26240203,-0.33396232
0.53469998,0.25678399,-0.33838642
0.53479999,0.2510905,-0.34271675
0.53490001,0.24532306,-0.34695202
0.53500003,0.23948328,-0.35109088
0.53509998,0.23357277,-0.35513216
0.5352,0.22759312,-0.35907459
0.53530002,0.22154601,-0.36291701
0.53539997,0.21543306,-0.36665821
0.53549999,0.20925599,-0.37029707
0.53560001,0.2030165,-0.37383246
0.53570002,0.19671629,-0.37726334
0.53579998,0.19035707,-0.38058856
0.5359,0.18394063,-0.38380712
0.53600001,0.17746875,-0.38691804
0.53609997,0.17094322,-0.38992035
0.53619999,0.16436586,-0.39281309
0.5363,0.15773851,-0.39559537
0.53640002,0.15106301,-0.39826632
0.53649998,0.14434122,-0.40082502
0.53659999,0.13757497,-0.40327069
0.53670001,0.1307662,-0.40560251
0.53680003,0.12391679,-0.40781978
0.53689998,0.11702869,-0.40992174
0.537,0.11010383,-0.41190767
0.53710002,0.10314415,-0.41377696
0.53719997,0.096151628,-0.41552898
0.53729999,0.089128219,-0.4171631
0.53740001,0.082075864,-0.41867873
0.53750002,0.074996591,-0.42007539
0.53759998,0.067892395,-0.42135254
0.5377,0.0607653,-0.42250973
0.53780001,0.053617321,-0.42354655
0.53789997,0.046450492,-0.42446262
0.53799999,0.039266851,-0.42525756
0.5381,0.03206845,-0.42593104
0.53820002,0.024857305,-0.42648274
0.53829998,0.017635485,-0.4269124
0.53839999,0.010405059,-0.42721981
0.53850001,0.0031680968,-0.42740479
0.53860003,-0.0040733288,-0.4274672
0.53869998,-0.01131714,-0.42740688
0.5388,-0.018561257,-0.4272238
0.53890002,-0.025803596,-0.42691788
0.53899997,-0.033042088,-0.42648911
0.53909999,-0.040274657,-0.42593747
0.53920001,-0.047499202,-0.42526305
0.53930002,-0.054713637,-0.42446592
0.53939998,-0.061915878,-0.42354625
0.5395,-0.069103837,-0.42250419
0.53960001,-0.076275438,-0.42133996
0.53969997,-0.083428584,-0.42005375
0.53979999,-0.090561219,-0.41864586
0.5399,-0.09767127,-0.41711655
0.54000002,-0.10475666,-0.41546619
0.54009998,-0.11181533,-0.41369513
0.5402,-0.1188452,-0.41180381
0.54030001,-0.12584424,-0.40979269
0.54040003,-0.13281037,-0.40766224
0.54049999,-0.13974158,-0.40541297
0.5406,-0.14663582,-0.40304548
0.54070002,-0.15349108,-0.4005602
0.54079998,-0.16030534,-0.39795789
0.54089999,-0.16707659,-0.39523917
0.54100001,-0.17380282,-0.39240474
0.54110003,-0.18048206,-0.38945529
0.54119998,-0.18711233,-0.38639164
0.5413,-0.19369169,-0.38321456
0.54140002,-0.20021814,-0.37992489
0.54149997,-0.20668979,-0.37652338
0.54159999,-0.21310468,-0.37301102
0.54170001,-0.21946093,-0.36938873
0.54180002,-0.22575665,-0.36565748
0.54189998,-0.23198992,-0.36181822
0.542,-0.23815891,-0.35787201
0.54210001,-0.24426176,-0.35381994
0.54220003,-0.25029665,-0.34966308
0.54229999,-0.25626177,-0.34540248
0.5424,-0.26215529,-0.34103933
0.54250002,-0.26797545,-0.33657482
0.54259998,-0.27372053,-0.33201018
0.54269999,-0.27938876,-0.32734668
0.54280001,-0.28497845,-0.32258555
0.54290003,-0.29048786,-0.31772813
0.54299998,-0.29591537,-0.31277576
0.5431,-0.30125928,-0.30772978
0.54320002,-0.30651799,-0.30259153
0.54329997,-0.31168985,-0.29736254
0.54339999,-0.31677336,-0.29204416
0.54350001,-0.32176688,-0.28663796
0.54360002,-0.32666892,-0.28114542
0.54369998,-0.33147794,-0.27556807
0.5438,-0.33619249,-0.26990747
0.54390001,-0.3408111,-0.26416522
0.54400003,-0.34533232,-0.25834286
0.54409999,-0.34975475,-0.25244209
0.5442,-0.35407701,-0.24646457
0.54430002,-0.35829777,-0.24041198
0.54439998,-0.36241567,-0.23428604
0.54449999,-0.36642948,-0.2280885
0.54460001,-0.3703379,-0.2218211
0.54470003,-0.3741397,-0.21548565
0.54479998,-0.37783363,-0.20908386
0.5449,-0.38141856,-0.20261762
0.54500002,-0.38489333,-0.19608878
0.54509997,-0.38825685,-0.18949918
0.54519999,-0.39150804,-0.18285076
0.54530001,-0.39464581,-0.17614539
0.54540002,-0.3976692,-0.16938502
0.54549998,-0.40057719,-0.16257158
0.5456,-0.4033688,-0.15570699
0.54570001,-0.40604314,-0.14879325
0.54579997,-0.40859932,-0.14183237
0.54589999,-0.41103649,-0.13482638
0.546,-0.41335386,-0.12777728
0.54610002,-0.41555062,-0.12068713
0.54619998,-0.41762602,-0.113558
0.54629999,-0.41957939,-0.10639196
0.54640001,-0.42140996,-0.099191047
0.54650003,-0.42311713,-0.091957383
0.54659998,-0.42470029,-0.084693089
0.5467,-0.42615891,-0.077400282
0.54680002,-0.42749241,-0.070081107
0.54689997,-0.42870033,-0.062737703
0.54699999,-0.42978218,-0.055372223
0.54710001,-0.43073758,-0.047986843
0.54720002,-0.43156609,-0.040583696
0.54729998,-0.43226731,-0.033164967
0.5474,-0.43284103,-0.025732851
0.54750001,-0.43328691,-0.018289546
0.54759997,-0.43360475,-0.010837249
0.54769999,-0.43379435,-0.0033781675
0.5478,-0.43385553,0.0040854886
0.54790002,-0.43378821,0.011551503
0.54799998,-0.43359226,0.019017676
0.54809999,-0.43326759,0.026481802
0.54820001,-0.43281424,0.033941641
0.54830003,-0.4322322,0.041394979
0.54839998,-0.43152162,0.048839584
0.5485,-0.43068254,0.056273237
0.54860002,-0.42971516,0.06369371
0.54869998,-0.42861962,0.07109879
0.54879999,-0.42739615,0.078486249
0.54890001,-0.42604497,0.085853904
0.54900002,-0.42456642,0.093199514
0.54909998,-0.42296082,0.10052088
0.5492,-0.42122853,0.10781579
0.54930001,-0.41937003,0.11508206
0.54939997,-0.4173857,0.12231747
0.54949999,-0.41527611,0.12951986
0.54960001,-0.41304174,0.13668703
0.54970002,-0.4106831,0.14381684
0.54979998,-0.40820083,0.1509071
0.5499,-0.4055956,0.15795568
0.55000001,-0.40286806,0.16496041
0.55010003,-0.40001896,0.1719192
0.55019999,-0.39704904,0.17882988
0.5503,-0.39395911,0.18569036
0.55040002,-0.39074999,0.19249855
0.55049998,-0.38742247,0.19925238
0.55059999,-0.3839775,0.20594975
0.55070001,-0.38041604,0.21258862
0.55080003,-0.37673905,0.21916696
0.55089998,-0.37294751,0.22568274
0.551,-0.36904255,0.23213394
0.55110002,-0.36502519,0.2385186
0.55119997,-0.36089659,0.24483471
0.55129999,-0.35665783,0.25108033
0.55140001,-0.35231009,0.25725356
0.55150002,-0.34785464,0.26335242
0.55159998,-0.34329271,0.26937506
0.5517,-0.33862561,0.27531961
0.55180001,-0.33385465,0.28118417
0.55190003,-0.32898119,0.28696698
0.55199999,-0.32400665,0.29266617
0.5521,-0.31893238,0.29828
0.55220002,-0.31375983,0.30380666
0.55229998,-0.30849048,0.30924445
0.55239999,-0.30312589,0.31459165
0.55250001,-0.29766759,0.31984654
0.55260003,-0.29211715,0.32500753
0.55269998,-0.28647617,0.33007291
0.5528,-0.28074628,0.33504114
0.55290002,-0.2749292,0.33991063
0.55299997,-0.26902646,0.34467974
0.55309999,-0.26303989,0.34934705
0.55320001,-0.25697124,0.35391101
0.55330002,-0.25082225,0.35837018
0.55339998,-0.24459474,0.36272314
0.5535,-0.23829053,0.36696845
0.55360001,-0.2319115,0.37110481
0.55369997,-0.22545949,0.3751308
0.55379999,-0.21893635,0.3790451
0.5539,-0.21234405,0.38284647
0.55400002,-0.20568453,0.38653371
0.55409998,-0.19895977,0.39010552
0.55419999,-0.19217175,0.3935608
0.55430001,-0.18532251,0.39689839
0.55440003,-0.17841406,0.40011716
0.55449998,-0.1714485,0.40321609
0.5546,-0.1644278,0.40619406
0.55470002,-0.1573541,0.40905011
0.55479997,-0.15022951,0.41178328
0.55489999,-0.14305618,0.41439262
0.55500001,-0.13583626,0.41687727
0.55510002,-0.1285719,0.41923636
0.55519998,-0.12126528,0.42146909
0.5553,-0.11391862,0.42357469
0.55540001,-0.10653409,0.42555237
0.55549997,-0.099113889,0.42740142
0.55559999,-0.091660298,0.4291212
0.5557,-0.084175557,0.43071109
0.55580002,-0.076661937,0.43217051
0.55589998,-0.069121711,0.43349892
0.55599999,-0.061557159,0.43469578
0.55610001,-0.053970594,0.43576068
0.55620003,-0.046364285,0.43669313
0.55629998,-0.038740534,0.43749273
0.5564,-0.031101683,0.43815914
0.55650002,-0.02345006,0.43869209
0.55659997,-0.015788,0.4390913
0.55669999,-0.0081178444,0.43935657
0.55680001,-0.00044194318,0.43948767
0.55690002,0.0072373524,0.43948451
0.55699998,0.014917697,0.43934697
0.5571,0.022596762,0.4390749
0.55720001,0.030272167,0.43866834
0.55729997,0.037941549,0.43812734
0.55739999,0.045602553,0.43745196
0.5575,0.053252805,0.43664229
0.55760002,0.060889956,0.43569848
0.55769998,0.068511635,0.43462074
0.55779999,0.076115489,0.4334093
0.55790001,0.083699197,0.43206432
0.55800003,0.091260381,0.43058622
0.55809999,0.098796703,0.42897531
0.5582,0.10630582,0.427232
0.55830002,0.11378539,0.42535675
0.55839998,0.1212331,0.42335004
0.55849999,0.12864661,0.42121238
0.55860001,0.13602361,0.41894436
0.55870003,0.14336182,0.41654646
0.55879998,0.15065892,0.41401938
0.5589,0.15791264,0.41136384
0.55900002,0.16512071,0.40858057
0.55909997,0.17228085,0.40567029
0.55919999,0.17939083,0.40263385
0.55930001,0.1864484,0.39947209
0.55940002,0.19345133,0.3961859
0.55949998,0.20039743,0.39277616
0.5596,0.20728451,0.38924381
0.55970001,0.21411037,0.38558987
0.55980003,0.22087288,0.38181543
0.55989999,0.22756986,0.37792155
0.56,0.23419923,0.37390935
0.56010002,0.24075885,0.36977997
0.56019998,0.24724665,0.36553469
0.56029999,0.25366056,0.36117461
0.56040001,0.2599985,0.35670102
0.56050003,0.26625851,0.35211527
0.56059998,0.27243853,0.34741867
0.5607,0.27853662,0.34261262
0.56080002,0.28455079,0.33769858
0.56089997,0.29047915,0.33267793
0.56099999,0.29631978,0.3275522
0.56110001,0.30207077,0.32232288
0.56120002,0.30773029,0.31699148
0.56129998,0.31329647,0.31155962
0.5614,0.31876755,0.30602893
0.56150001,0.32414177,0.30040106
0.56160003,0.32941732,0.29467767
0.56169999,0.33459255,0.28886056
0.5618,0.33966577,0.28295141
0.56190002,0.34463528,0.27695203
0.56199998,0.34949946,0.27086413
0.56209999,0.35425672,0.26468959
0.56220001,0.35890549,0.25843033
0.56230003,0.36344427,0.25208822
0.56239998,0.36787152,0.24566516
0.5625,0.37218583,0.23916315
0.56260002,0.37638572,0.23258413
0.56269997,0.38046986,0.22593017
0.56279999,0.38443679,0.21920316
0.56290001,0.38828519,0.21240523
0.56300002,0.39201385,0.20553847
0.56309998,0.39562148,0.19860496
0.5632,0.39910683,0.19160685
0.56330001,0.4024688,0.18454629
0.56339997,0.4057062,0.17742546
0.56349999,0.40881792,0.17024654
0.5636,0.41180289,0.16301171
0.56370002,0.41466004,0.1557232
0.56379998,0.41738844,0.14838329
0.56389999,0.41998714,0.14099425
0.56400001,0.42245525,0.13355836
0.56410003,0.42479187,0.12607795
0.56419998,0.42699617,0.11855532
0.5643,0.42906743,0.11099284
0.56440002,0.43100479,0.10339282
0.56449997,0.43280759,0.095757604
0.56459999,0.43447518,0.088089608
0.56470001,0.43600693,0.080391228
0.56480002,0.43740231,0.072664872
0.56489998,0.43866071,0.064912952
0.565,0.43978173,0.057137907
0.56510001,0.44076484,0.049342178
0.56519997,0.44160971,0.041528199
0.56529999,0.44231585,0.033698387
0.5654,0.44288301,0.025855239
0.56550002,0.44331095,0.018001225
0.56559998,0.44359937,0.010138821
0.56569999,0.44374818,0.0022705107
0.56580001,0.44375718,-0.0056012189
0.56590003,0.44362628,-0.013473875
0.56599998,0.44335544,-0.021344967
0.5661,0.44294456,-0.029212043
0.56620002,0.44239375,-0.037072577
0.56629997,0.44170308,-0.044924077
0.56639999,0.44087267,-0.052764039
0.56650001,0.43990269,-0.060589977
0.56660002,0.43879339,-0.068399392
0.56669998,0.437545,-0.076189786
0.5668,0.43615785,-0.083958685
0.56690001,0.43463221,-0.091703631
0.56699997,0.43296847,-0.09942212
0.56709999,0.43116713,-0.1071117
0.56720001,0.42922863,-0.11476988
0.56730002,0.42715353,-0.12239423
0.56739998,0.42494237,-0.12998229
0.5675,0.42259583,-0.13753162
0.56760001,0.42011452,-0.14503978
0.56770003,0.41749907,-0.15250438
0.56779999,0.41475028,-0.159923
0.5679,0.41186893,-0.16729325
0.56800002,0.40885586,-0.17461275
0.56809998,0.40571195,-0.1818791
0.56819999,0.4024381,-0.18909
0.56830001,0.39903533,-0.19624308
0.56840003,0.39550462,-0.20333602
0.56849998,0.39184695,-0.21036652
0.5686,0.38806337,-0.21733229
0.56870002,0.38415509,-0.22423106
0.56879997,0.38012326,-0.23106061
0.56889999,0.37596908,-0.23781867
0.56900001,0.37169385,-0.24450307
0.56910002,0.36729881,-0.2511116
0.56919998,0.36278531,-0.25764209
0.5693,0.35815471,-0.26409242
0.56940001,0.35340837,-0.27046043
0.56950003,0.34854776,-0.27674407
0.56959999,0.34357435,-0.28294125
0.5697,0.33848971,-0.28904995
0.56980002,0.3332954,-0.29506811
0.56989998,0.32799301,-0.3009938
0.56999999,0.32258415,-0.30682504
0.57010001,0.31707054,-0.3125599
0.57020003,0.31145376,-0.31819642
0.57029998,0.30573562,-0.32373276
0.5704,0.29991791,-0.3291671
0.57050002,0.29400241,-0.3344976
0.57059997,0.28799099,-0.33972251
0.57069999,0.28188553,-0.34484008
0.57080001,0.27568793,-0.34984857
0.57090002,0.26940015,-0.35474634
0.57099998,0.26302403,-0.35953167
0.5711,0.25656164,-0.36420298
0.57120001,0.25001505,-0.36875871
0.57130003,0.24338627,-0.37319729
0.57139999,0.23667742,-0.37751725
0.5715,0.22989061,-0.38171712
0.57160002,0.223028,-0.38579547
0.57169998,0.21609175,-0.3897509
0.57179999,0.20908399,-0.39358205
0.57190001,0.20200697,-0.39728755
0.57200003,0.19486293,-0.40086621
0.57209998,0.18765415,-0.40431675
0.5722,0.18038294,-0.40763801
0.57230002,0.17305161,-0.4108288
0.57239997,0.16566248,-0.41388807
0.57249999,0.15821795,-0.41681468
0.57260001,0.15072033,-0.41960764
0.57270002,0.14317201,-0.42226589
0.57279998,0.13557543,-0.42478853
0.5729,0.12793303,-0.42717469
0.57300001,0.12024724,-0.42942351
0.57309997,0.11252058,-0.43153414
0.57319999,0.10475549,-0.43350586
0.5733,0.096954495,-0.43533793
0.57340002,0.089120083,-0.43702966
0.57349998,0.081254736,-0.43858036
0.57359999,0.073361039,-0.43998951
0.57370001,0.065441526,-0.44125652
0.57380003,0.057498768,-0.44238096
0.57389998,0.049535338,-0.44336233
0.574,0.041553814,-0.44420025
0.57410002,0.033556789,-0.44489437
0.57419997,0.025546854,-0.44544438
0.57429999,0.017526561,-0.44584993
0.57440001,0.0094985524,-0.44611081
0.57450002,0.0014654411,-0.44622695
0.57459998,-0.0065701548,-0.44619817
0.5747,-0.014605615,-0.44602439
0.57480001,-0.022638315,-0.44570562
0.57489997,-0.030665629,-0.44524187
0.57499999,-0.038684927,-0.44463322
0.5751,-0.046693634,-0.44387966
0.57520002,-0.054689098,-0.44298142
0.57529998,-0.062668696,-0.44193876
0.57539999,-0.070629805,-0.44075188
0.57550001,-0.078569822,-0.43942112
0.57560003,-0.086486124,-0.43794686
0.57569999,-0.09437611,-0.43632945
0.5758,-0.10223718,-0.43456939
0.57590002,-0.11006676,-0.43266705
0.57599998,-0.11786226,-0.43062302
0.57609999,-0.12562111,-0.42843795
0.57620001,-0.13334073,-0.42611241
0.57630002,-0.14101858,-0.42364714
0.57639998,-0.14865212,-0.42104283
0.5765,-0.15623881,-0.4183003
0.57660002,-0.16377613,-0.41542038
0.57669997,-0.17126159,-0.41240385
0.57679999,-0.1786927,-0.4092516
0.57690001,-0.18606697,-0.40596467
0.57700002,-0.19338197,-0.40254402
0.57709998,-0.20063525,-0.39899078
0.5772,-0.20782438,-0.39530596
0.57730001,-0.21494699,-0.39149076
0.57740003,-0.22200066,-0.38754636
0.57749999,-0.22898304,-0.38347393
0.5776,-0.2358918,-0.37927473
0.57770002,-0.24272461,-0.37495008
0.57779998,-0.24947919,-0.37050134
0.57789999,-0.25615326,-0.36592996
0.57800001,-0.26274461,-0.36123735
0.57810003,-0.26925096,-0.35642499
0.57819998,-0.27567014,-0.35149443
0.5783,-0.28200001,-0.34644723
0.57840002,-0.28823838,-0.34128487
0.57849997,-0.29438317,-0.33600909
0.57859999,-0.30043229,-0.33062154
0.57870001,-0.30638367,-0.325124
0.57880002,-0.31223536,-0.31951815
0.57889998,-0.31798527,-0.31380588
0.579,-0.32363153,-0.30798894
0.57910001,-0.32917219,-0.30206931
0.57920003,-0.33460531,-0.2960487
0.57929999,-0.33992904,-0.28992915
0.5794,-0.34514159,-0.28371263
0.57950002,-0.35024118,-0.27740115
0.57959998,-0.35522604,-0.27099678
0.57969999,-0.36009443,-0.26450157
0.57980001,-0.36484474,-0.25791767
0.57990003,-0.36947531,-0.2512472
0.57999998,-0.37398446,-0.24449223
0.5801,-0.37837067,-0.23765501
0.58020002,-0.38263246,-0.23073779
0.58029997,-0.38676828,-0.22374283
0.58039999,-0.39077675,-0.21667241
0.58050001,-0.39465645,-0.20952883
0.58060002,-0.398406,-0.20231447
0.58069998,-0.40202415,-0.19503167
0.5808,-0.40550953,-0.18768279
0.58090001,-0.40886095,-0.18027021
0.58099997,-0.41207719,-0.17279641
0.58109999,-0.41515714,-0.16526386
0.5812,-0.41809973,-0.15767503
0.58130002,-0.42090389,-0.15003243
0.58139998,-0.42356861,-0.14233859
0.58149999,-0.42609292,-0.13459605
0.58160001,-0.42847592,-0.12680735
0.58170003,-0.43071666,-0.11897501
0.58179998,-0.43281439,-0.11110169
0.5819,-0.43476829,-0.10318998
0.58200002,-0.43657771,-0.095242523
0.58209997,-0.43824193,-0.087261952
0.58219999,-0.43976033,-0.079250924
0.58230001,-0.44113231,-0.07121212
0.58240002,-0.44235739,-0.063148193
0.58249998,-0.44343492,-0.055061787
0.5826,-0.44436461,-0.046955638
0.58270001,-0.44514602,-0.038832448
0.58279997,-0.44577885,-0.030694935
0.58289999,-0.44626278,-0.022545828
0.583,-0.44659758,-0.014387852
0.58310002,-0.44678313,-0.0062237447
0.58319998,-0.44681925,0.0019437517
0.58329999,-0.44670573,0.010111957
0.58340001,-0.4464426,0.018278087
0.58350003,-0.44602993,0.026439399
0.58359998,-0.44546777,0.034593146
0.5837,-0.44475621,0.042736579
0.58380002,-0.44389546,0.050866958
0.58389997,-0.4428857,0.05898153
0.58399999,-0.44172725,0.067077562
0.58410001,-0.44042027,0.075152345
0.58420002,-0.43896523,0.083203144
0.58429998,-0.43736252,0.091227219
0.5844,-0.43561265,0.099221855
0.58450001,-0.43371609,0.10718435
0.58459997,-0.43167347,0.115112
0.58469999,-0.42948538,0.1230021
0.5848,-0.42715251,0.13085198
0.58490002,-0.42467552,0.13865899
0.58499998,-0.42205513,0.14642045
0.5851,-0.41929221,0.15413372
0.58520001,-0.41638762,0.16179618
0.58530003,-0.41334233,0.16940521
0.58539999,-0.41015723,0.1769582
0.5855,-0.40683338,0.18445259
0.58560002,-0.40337187,0.1918858
0.58569998,-0.39977372,0.1992553
0.58579999,-0.39604002,0.20655854
0.58590001,-0.39217207,0.21379304
0.58600003,-0.38817111,0.2209563
0.58609998,-0.38403839,0.22804587
0.5862,-0.37977532,0.23505929
0.58630002,-0.37538326,0.24199417
0.58639997,-0.37086365,0.24884813
0.58649999,-0.36621794,0.25561875
0.58660001,-0.36144754,0.26230374
0.58670002,-0.35655412,0.26890078
0.58679998,-0.35153925,0.27540758
0.5869,-0.34640461,0.28182188
0.58700001,-0.34115189,0.28814149
0.58710003,-0.33578283,0.29436418
0.58719999,-0.3302992,0.30048782
0.5873,-0.3247028,0.30651027
0.58740002,-0.31899539,0.31242937
0.58749998,-0.31317893,0.31824312
0.58759999,-0.30725536,0.32394949
0.58770001,-0.30122665,0.32954645
0.58780003,-0.29509479,0.33503211
0.58789998,-0.28886187,0.34040448
0.588,-0.28252995,0.3456617
0.58810002,-0.27610114,0.35080194
0.58819997,-0.26957753,0.35582337
0.58829999,-0.2629613,0.36072418
0.58840001,-0.25625473,0.36550269
0.58850002,-0.24946004,0.37015721
0.58859998,-0.24257953,0.37468609
0.5887,-0.23561552,0.37908772
0.58880001,-0.22857036,0.38336053
0.58890003,-0.22144641,0.38750306
0.58899999,-0.21424605,0.39151374
0.5891,-0.20697166,0.39539114
0.58920002,-0.19962576,0.39913392
0.58929998,-0.19221082,0.40274069
0.58939999,-0.18472938,0.40621021
0.58950001,-0.17718394,0.40954122
0.58960003,-0.16957711,0.41273248
0.58969998,-0.16191144,0.4157829
0.5898,-0.15418951,0.41869128
0.58990002,-0.14641391,0.42145658
0.58999997,-0.13858734,0.42407775
0.59009999,-0.13071245,0.42655391
0.59020001,-0.12279193,0.42888412
0.59030002,-0.11482849,0.43106747
0.59039998,-0.10682486,0.43310323
0.5905,-0.098783769,0.43499058
0.59060001,-0.090707958,0.43672884
0.59069997,-0.082600139,0.43831721
0.59079999,-0.074463122,0.43975517
0.5909,-0.066299714,0.44104216
0.59100002,-0.058112707,0.44217768
0.59109998,-0.049904916,0.44316125
0.59119999,-0.04167917,0.44399253
0.59130001,-0.033438303,0.44467109
0.59140003,-0.025185147,0.44519672
0.59149998,-0.016922481,0.44556898
0.5916,-0.0086532021,0.44578782
0.59170002,-0.00038016052,0.44585302
0.59179997,0.0078937858,0.44576457
0.59189999,0.016165776,0.4455224
0.59200001,0.024432948,0.44512656
0.59210002,0.032692436,0.4445771
0.59219998,0.04094138,0.44387415
0.5923,0.049176957,0.44301781
0.59240001,0.057396293,0.44200835
0.59249997,0.065596528,0.44084606
0.59259999,0.073774822,0.43953127
0.5927,0.08192832,0.43806437
0.59280002,0.090054192,0.43644586
0.59289998,0.098149598,0.4346762
0.59299999,0.10621172,0.43275595
0.59310001,0.11423776,0.43068567
0.59320003,0.12222493,0.42846596
0.59329998,0.1301704,0.4260976
0.5934,0.13807145,0.42358133
0.59350002,0.14592525,0.42091802
0.59359998,0.1537291,0.41810846
0.59369999,0.16148025,0.41515362
0.59380001,0.16917597,0.41205448
0.59390002,0.17681357,0.40881202
0.59399998,0.18439038,0.40542719
0.5941,0.19190371,0.40190122
0.59420002,0.19935094,0.39823526
0.59429997,0.20672944,0.39443055
0.59439999,0.21403661,0.39048839
0.59450001,0.22126988,0.38641003
0.59460002,0.22842668,0.3821969
0.59469998,0.23550451,0.37785038
0.5948,0.24250083,0.37337184
0.59490001,0.24941318,0.36876285
0.59500003,0.25623912,0.36402497
0.59509999,0.2629762,0.35915983
0.5952,0.26962209,0.35416904
0.59530002,0.27617437,0.34905434
0.59539998,0.28263074,0.34381744
0.59549999,0.28898892,0.33846018
0.59560001,0.29524657,0.33298418
0.59570003,0.30140153,0.32739145
0.59579998,0.30745155,0.32168385
0.5959,0.31339452,0.31586343
0.59600002,0.31922829,0.30993208
0.59609997,0.32495075,0.3038919
0.59619999,0.33055991,0.29774499
0.59630001,0.33605373,0.29149342
0.59640002,0.34143019,0.28513923
0.59649998,0.34668735,0.27868471
0.5966,0.35182336,0.27213204
0.59670001,0.35683635,0.26548353
0.59680003,0.36172453,0.25874147
0.59689999,0.3664861,0.25190818
0.597,0.37111938,0.24498606
0.59710002,0.37562269,0.2379775
0.59719998,0.37999433,0.23088485
0.59729999,0.3842327,0.22371058
0.59740001,0.3883363,0.21645722
0.59750003,0.39230362,0.20912729
0.59759998,0.39613318,0.20172335
0.5977,0.39982367,0.19424798
0.59780002,0.40337363,0.18670379
0.59789997,0.40678185,0.17909341
0.59799999,0.41004696,0.17141947
0.59810001,0.41316777,0.16368462
0.59820002,0.41614315,0.1558916
0.59829998,0.41897196,0.14804314
0.5984,0.42165318,0.14014199
0.59850001,0.42418581,0.13219094
0.59859997,0.4265689,0.12419277
0.59869999,0.42880154,0.11615031
0.5988,0.43088284,0.10806635
0.59890002,0.43281201,0.099943683
0.59899998,0.43458828,0.091785215
0.59909999,0.43621099,0.083593823
0.59920001,0.43767953,0.07537239
0.59930003,0.4389933,0.067123838
0.59939998,0.44015181,0.05885106
0.5995,0.44115457,0.050557002
0.59960002,0.44200116,0.042244587
0.59969997,0.44269112,0.033916689
0.59979999,0.44322422,0.025576305
0.59990001,0.44360018,0.017226391
0.60000002,0.44381887,0.0088699078
0.60009998,0.44388008,0.0005098253
0.6002,0.44378379,-0.0078508854
0.60030001,0.44352996,-0.016209248
0.60039997,0.44311863,-0.024562288
0.60049999,0.44254979,-0.032907084
0.6006,0.44182357,-0.041240633
0.60070002,0.44094026,-0.049559962
0.60079998,0.43990007,-0.057862107
0.60089999,0.43870336,-0.066144094
0.60100001,0.43735042,-0.074402973
0.60110003,0.43584177,-0.08263579
0.60119998,0.43417785,-0.090839587
0.6013,0.4323591,-0.099011451
0.60140002,0.43038613,-0.10714846
0.60149997,0.42825961,-0.11524769
0.60159999,0.42598024,-0.12330622
0.60170001,0.42354882,-0.13132118
0.60180002,0.42096612,-0.13928966
0.60189998,0.41823301,-0.14720882
0.602,0.41535047,-0.15507579
0.60210001,0.41231936,-0.16288775
0.60219997,0.40914068,-0.1706419
0.60229999,0.40581557,-0.17833541
0.6024,0.40234515,-0.18596554
0.60250002,0.39873067,-0.1935295
0.60259998,0.39497328,-0.20102458
0.6027,0.39107436,-0.20844805
0.60280001,0.38703525,-0.21579723
0.60290003,0.38285729,-0.22306947
0.60299999,0.37854183,-0.2302621
0.6031,0.37409046,-0.23737252
0.60320002,0.36950472,-0.24439816
0.60329998,0.36478621,-0.25133646
0.60339999,0.35993657,-0.25818488
0.60350001,0.35495752,-0.26494098
0.60360003,0.3498508,-0.27160224
0.60369998,0.3446182,-0.27816623
0.6038,0.33926141,-0.28463057
0.60390002,0.3337824,-0.29099289
0.60399997,0.32818311,-0.29725084
0.60409999,0.32246551,-0.30340216
0.60420001,0.31663159,-0.30944458
0.60430002,0.31068346,-0.31537589
0.60439998,0.30462322,-0.32119393
0.6045,0.29845297,-0.32689655
0.60460001,0.29217485,-0.33248159
0.60470003,0.28579107,-0.33794701
0.60479999,0.27930394,-0.34329084
0.6049,0.27271578,-0.34851107
0.60500002,0.26602891,-0.35360578
0.60509998,0.25924572,-0.35857311
0.60519999,0.25236866,-0.36341116
0.60530001,0.24540015,-0.3681182
0.60540003,0.2383426,-0.37269241
0.60549998,0.23119853,-0.37713206
0.6056,0.22397056,-0.38143554
0.60570002,0.21666124,-0.38560128
0.60579997,0.2092732,-0.38962764
0.60589999,0.20180909,-0.39351317
0.60600001,0.19427161,-0.3972564
0.60610002,0.18666345,-0.40085596
0.60619998,0.17898729,-0.40431038
0.6063,0.17124586,-0.40761837
0.60640001,0.16344199,-0.4107787
0.60650003,0.15557849,-0.4137902
0.60659999,0.1476582,-0.41665167
0.6067,0.13968398,-0.41936207
0.60680002,0.13165869,-0.42192033
0.60689998,0.12358526,-0.4243255
0.60699999,0.11546657,-0.42657658
0.60710001,0.1073055,-0.42867267
0.60720003,0.099105038,-0.43061295
0.60729998,0.090868175,-0.43239674
0.6074,0.082597889,-0.43402326
0.60750002,0.074297182,-0.43549192
0.60759997,0.065969065,-0.43680209
0.60769999,0.057616577,-0.43795329
0.60780001,0.049242742,-0.438945
0.60790002,0.040850531,-0.43977666
0.60799998,0.03244305,-0.44044802
0.6081,0.024023367,-0.44095877
0.60820001,0.015594546,-0.44130868
0.60829997,0.0071596634,-0.44149753
0.60839999,-0.0012782,-0.44152525
0.6085,-0.0097159585,-0.44139174
0.60860002,-0.018150523,-0.44109702
0.60869998,-0.026578872,-0.44064099
0.60879999,-0.034997884,-0.44002384
0.60890001,-0.043404479,-0.4392457
0.60900003,-0.051795565,-0.43830687
0.60909998,-0.060168073,-0.43720761
0.6092,-0.068518922,-0.43594825
0.60930002,-0.07684505,-0.43452922
0.60939997,-0.085143395,-0.43295097
0.60949999,-0.093410917,-0.43121395
0.60960001,-0.10164458,-0.42931873
0.60970002,-0.10984135,-0.42726597
0.60979998,-0.1179982,-0.4250564
0.6099,-0.1261121,-0.42269072
0.61000001,-0.1341801,-0.42016983
0.61009997,-0.14219917,-0.41749454
0.61019999,-0.15016639,-0.41466582
0.6103,-0.15807877,-0.41168457
0.61040002,-0.16593343,-0.40855178
0.61049998,-0.17372744,-0.40526861
0.61059999,-0.18145789,-0.40183622
0.61070001,-0.18912195,-0.3982558
0.61080003,-0.19671674,-0.39452866
0.61089998,-0.20423944,-0.39065608
0.611,-0.21168728,-0.38663951
0.61110002,-0.21905747,-0.38248026
0.61119998,-0.22634725,-0.37817976
0.61129999,-0.23355392,-0.3737396
0.61140001,-0.24067478,-0.36916137
0.61150002,-0.24770717,-0.36444673
0.61159998,-0.25464848,-0.35959738
0.6117,-0.26149613,-0.35461506
0.61180001,-0.26824749,-0.34950155
0.61189997,-0.27490011,-0.3442587
0.61199999,-0.2814514,-0.33888826
0.61210001,-0.28789896,-0.33339226
0.61220002,-0.29424036,-0.32777268
0.61229998,-0.30047318,-0.32203159
0.6124,-0.30659512,-0.31617102
0.61250001,-0.31260386,-0.31019315
0.61260003,-0.31849715,-0.30410016
0.61269999,-0.32427275,-0.29789424
0.6128,-0.32992843,-0.29157752
0.61290002,-0.33546206,-0.28515238
0.61299998,-0.34087157,-0.27862117
0.61309999,-0.3461549,-0.27198625
0.61320001,-0.35131001,-0.26525009
0.61330003,-0.35633501,-0.25841516
0.61339998,-0.36122796,-0.25148395
0.6135,-0.365987,-0.24445899
0.61360002,-0.37061024,-0.23734277
0.61369997,-0.3750959,-0.23013793
0.61379999,-0.37944236,-0.22284715
0.61390001,-0.38364786,-0.21547309
0.61400002,-0.38771087,-0.20801848
0.61409998,-0.39162976,-0.20048608
0.6142,-0.39540306,-0.19287865
0.61430001,-0.39902928,-0.18519901
0.61440003,-0.40250704,-0.17744994
0.61449999,-0.40583488,-0.16963425
0.6146,-0.4090116,-0.16175491
0.61470002,-0.41203591,-0.15381482
0.61479998,-0.41490668,-0.14581691
0.61489999,-0.41762275,-0.13776417
0.61500001,-0.42018309,-0.12965956
0.61510003,-0.42258665,-0.12150612
0.61519998,-0.42483246,-0.11330685
0.6153,-0.42691958,-0.10506471
0.61540002,-0.42884716,-0.096782841
0.61549997,-0.4306145,-0.08846432
0.61559999,-0.43222082,-0.080112234
0.61570001,-0.43366551,-0.07172972
0.61580002,-0.43494797,-0.063319884
0.61589998,-0.43606761,-0.054885894
0.616,-0.43702403,-0.046430878
0.61610001,-0.43781662,-0.037957918
0.61619997,-0.43844512,-0.029470244
0.61629999,-0.43890926,-0.020971028
0.6164,-0.43920881,-0.012463459
0.61650002,-0.43934354,-0.0039507225
0.61659998,-0.43931341,0.0045639845
0.61669999,-0.43911836,0.013077462
0.61680001,-0.4387584,0.021586509
0.61690003,-0.43823346,0.030087994
0.61699998,-0.43754375,0.038578682
0.6171,-0.4366895,0.047055371
0.61720002,-0.43567091,0.055514872
0.61729997,-0.43448839,0.063953996
0.61739999,-0.4331423,0.072369553
0.61750001,-0.43163306,0.08075837
0.61760002,-0.42996123,0.089117281
0.61769998,-0.42812723,0.097443141
0.6178,-0.42613173,0.10573281
0.61790001,-0.42397547,0.11398313
0.61799997,-0.42165914,0.12219098
0.61809999,-0.41918364,0.13035326
0.6182,-0.41654983,0.13846685
0.61830002,-0.41375861,0.14652869
0.61839998,-0.41081101,0.1545357
0.61849999,-0.40770802,0.16248485
0.61860001,-0.40445068,0.17037313
0.61870003,-0.40104026,0.17819752
0.61879998,-0.39747795,0.18595502
0.6189,-0.39376509,0.19364271
0.61900002,-0.38990298,0.20125763
0.61909997,-0.38589311,0.20879687
0.61919999,-0.38173687,0.21625759
0.61930001,-0.37743577,0.22363687
0.61940002,-0.37299129,0.23093191
0.61949998,-0.36840516,0.23813993
0.6196,-0.36367902,0.24525814
0.61970001,-0.35881463,0.25228381
0.61979997,-0.35381383,0.25921428
0.61989999,-0.34867841,0.26604685
0.62,-0.34341028,0.2727789
0.62010002,-0.33801144,0.27940783
0.62019998,-0.33248368,0.28593108
0.62029999,-0.3268292,0.29234609
0.62040001,-0.32105005,0.29865044
0.62050003,-0.31514844,0.3048417
0.62059999,-0.30912653,0.31091741
0.6207,-0.30298656,0.31687528
0.62080002,-0.29673088,0.32271296
0.62089998,-0.29036182,0.32842824
0.62099999,-0.28388157,0.33401877
0.62110001,-0.27729267,0.33948243
0.62120003,-0.27059761,0.3448171
0.62129998,-0.26379886,0.35002071
0.6214,-0.25689903,0.35509121
0.62150002,-0.24990067,0.36002666
0.62159997,-0.24280645,0.36482507
0.62169999,-0.23561905,0.36948457
0.62180001,-0.22834104,0.37400329
0.62190002,-0.22097521,0.37837946
0.62199998,-0.21352437,0.38261139
0.6221,-0.20599133,0.38669735
0.62220001,-0.19837895,0.39063579
0.62230003,-0.1906901,0.39442509
0.62239999,-0.18292771,0.39806381
0.6225,-0.17509474,0.40155047
0.62260002,-0.16719405,0.40488362
0.62269998,-0.15922865,0.40806189
0.62279999,-0.15120161,0.41108409
0.62290001,-0.14311597,0.41394895
0.62300003,-0.13497481,0.41665536
0.62309998,-0.12678123,0.41920218
0.6232,-0.11853836,0.42158842
0.62330002,-0.11024937,0.42381307
0.62339997,-0.10191736,0.42587525
0.62349999,-0.093545459,0.42777392
0.62360001,-0.085136928,0.42950842
0.62370002,-0.076694973,0.43107802
0.62379998,-0.068222836,0.43248203
0.6239,-0.059723757,0.4337199
0.62400001,-0.051201001,0.43479106
0.62410003,-0.042657841,0.43569502
0.62419999,-0.034097549,0.43643141
0.6243,-0.025523327,0.43699971
0.62440002,-0.016938534,0.43739972
0.62449998,-0.0083464691,0.43763125
0.62459999,0.00024955935,0.43769413
0.62470001,0.0088462392,0.43758827
0.62480003,0.017440254,0.43731368
0.62489998,0.026028285,0.4368704
0.625,0.034607012,0.43625852
0.62510002,0.043173194,0.43547806
0.62519997,0.051723476,0.43452933
0.62529999,0.060254548,0.43341267
0.62540001,0.068763107,0.43212843
0.62550002,0.077245861,0.43067706
0.62559998,0.085699506,0.42905906
0.6257,0.094120778,0.42727497
0.62580001,0.1025064,0.42532545
0.62589997,0.11085314,0.42321104
0.62599999,0.11915775,0.42093253
0.6261,0.12741697,0.41849077
0.62620002,0.13562761,0.41588667
0.62629998,0.14378648,0.41312116
0.62639999,0.15189035,0.41019523
0.62650001,0.15993612,0.40711001
0.62660003,0.16792059,0.40386662
0.62669998,0.17584066,0.40046611
0.6268,0.18369326,0.39690977
0.62690002,0.19147529,0.39319897
0.62699997,0.19918369,0.38933507
0.62709999,0.20681545,0.38531953
0.62720001,0.2143676,0.38115385
0.62730002,0.22183713,0.37683958
0.62739998,0.22922114,0.37237838
0.6275,0.23651668,0.36777183
0.62760001,0.24372092,0.36302161
0.62769997,0.25083098,0.35812959
0.62779999,0.25784409,0.35309759
0.6279,0.26475745,0.34792754
0.62800002,0.27156836,0.34262139
0.62809998,0.27827409,0.33718118
0.62819999,0.28487206,0.33160898
0.62830001,0.29135954,0.32590687
0.62840003,0.29773402,0.32007691
0.62849998,0.30399293,0.3141214
0.6286,0.31013381,0.30804262
0.62870002,0.31615418,0.30184287
0.62879997,0.3220517,0.29552457
0.62889999,0.327824,0.28909016
0.62900001,0.33346877,0.28254205
0.62910002,0.33898374,0.27588284
0.62919998,0.34436664,0.26911482
0.6293,0.34961537,0.2622408
0.62940001,0.35472777,0.25526336
0.62949997,0.35970187,0.24818522
0.62959999,0.3645356,0.2410091
0.62970001,0.36922705,0.23373778
0.62980002,0.37377432,0.2263741
0.62989998,0.37817559,0.2189209
0.63,0.38242894,0.21138093
0.63010001,0.38653272,0.20375715
0.63020003,0.39048529,0.19605257
0.63029999,0.39428496,0.18827015
0.6304,0.39793026,0.18041293
0.63050002,0.40141967,0.17248398
0.63059998,0.40475175,0.16448638
0.63069999,0.40792516,0.15642326
0.63080001,0.4109385,0.14829767
0.63090003,0.41379049,0.14011276
0.63099998,0.41648,0.13187177
0.6311,0.4190059,0.12357794
0.63120002,0.42136714,0.11523451
0.63129997,0.42356274,0.10684472
0.63139999,0.42559174,0.098411895
0.63150001,0.42745331,0.089939326
0.63160002,0.42914659,0.081430286
0.63169998,0.43067074,0.072888084
0.6318,0.43202519,0.064316101
0.63190001,0.43320936,0.055717729
0.63200003,0.43422267,0.047096338
0.63209999,0.43506464,0.038455326
0.6322,0.43573496,0.029798102
0.63230002,0.43623322,0.021128081
0.63239998,0.43655917,0.012448669
0.63249999,0.43671244,0.0037632221
0.63260001,0.43669304,-0.004924777
0.63270003,0.43650088,-0.013611893
0.63279998,0.43613598,-0.022294691
0.6329,0.4355984,-0.03096973
0.63300002,0.4348883,-0.039633572
0.63309997,0.43400592,-0.048282776
0.63319999,0.43295151,-0.056913912
0.63330001,0.43172523,-0.065523624
0.63340002,0.43032762,-0.074108437
0.63349998,0.42875919,-0.082664937
0.6336,0.42702043,-0.091189735
0.63370001,0.42511204,-0.099679418
0.63380003,0.42303467,-0.10813061
0.63389999,0.42078906,-0.11653994
0.634,0.41837612,-0.12490405
0.63410002,0.41579649,-0.13321961
0.63419998,0.41305122,-0.14148332
0.63429999,0.41014138,-0.14969184
0.63440001,0.40706804,-0.15784188
0.63450003,0.40383235,-0.1659302
0.63459998,0.40043557,-0.17395353
0.6347,0.39687896,-0.18190868
0.63480002,0.39316386,-0.18979244
0.63489997,0.38929161,-0.19760162
0.63499999,0.38526365,-0.2053331
0.63510001,0.38108161,-0.21298377
0.63520002,0.37674704,-0.22055054
0.63529998,0.37226161,-0.22803035
0.6354,0.36762711,-0.2354202
0.63550001,0.3628453,-0.24271709
0.63559997,0.35791802,-0.24991807
0.63569999,0.35284713,-0.25702024
0.6358,0.34763449,-0.26402065
0.63590002,0.34228221,-0.27091652
0.63599998,0.33679238,-0.27770504
0.63609999,0.33116713,-0.28438348
0.63620001,0.32540864,-0.29094908
0.63630003,0.31951922,-0.29739916
0.63639998,0.31350115,-0.30373117
0.6365,0.30735675,-0.30994242
0.63660002,0.30108824,-0.31603041
0.63669997,0.29469827,-0.32199261
0.63679999,0.28818926,-0.32782662
0.63690001,0.28156385,-0.33353007
0.63700002,0.27482462,-0.33910054
0.63709998,0.26797423,-0.34453583
0.6372,0.26101536,-0.34983367
0.63730001,0.2539508,-0.35499188
0.63739997,0.24678314,-0.36000821
0.63749999,0.23951532,-0.36488068
0.6376,0.23215024,-0.36960727
0.63770002,0.22469081,-0.37418601
0.63779998,0.21713999,-0.37861499
0.63789999,0.20950077,-0.38289237
0.63800001,0.20177622,-0.38701642
0.63810003,0.1939694,-0.39098534
0.63819999,0.18608327,-0.39479741
0.6383,0.17812103,-0.39845109
0.63840002,0.17008588,-0.40194479
0.63849998,0.16198103,-0.4052771
0.63859999,0.15380971,-0.40844658
0.63870001,0.1455752,-0.41145188
0.63880002,0.13728078,-0.41429174
0.63889998,0.12892978,-0.41696498
0.639,0.12052547,-0.41947028
0.63910002,0.11207121,-0.4218066
0.63919997,0.10357042,-0.42397299
0.63929999,0.09502653,-0.42596847
0.63940001,0.086442955,-0.42779213
0.63950002,0.077823162,-0.42944324
0.63959998,0.069170624,-0.43092099
0.6397,0.060488828,-0.43222478
0.63980001,0.051781222,-0.4333539
0.63990003,0.043051273,-0.43430775
0.63999999,0.034302559,-0.43508598
0.6401,0.02553861,-0.43568814
0.64020002,0.01676297,-0.43611395
0.64029998,0.0079791918,-0.43636316
0.64039999,-0.00080916827,-0.43643558
0.64050001,-0.0095985429,-0.43633115
0.64060003,-0.018385388,-0.43604979
0.64069998,-0.027166199,-0.43559137
0.6408,-0.035937365,-0.43495613
0.64090002,-0.044695321,-0.43414423
0.64099997,-0.053436503,-0.43315595
0.64109999,-0.062157359,-0.43199161
0.64120001,-0.070854329,-0.43065161
0.64130002,-0.079523869,-0.42913643
0.64139998,-0.088162445,-0.4274466
0.6415,-0.096766584,-0.42558253
0.64160001,-0.10533273,-0.42354503
0.64170003,-0.1138574,-0.42133489
0.64179999,-0.12233708,-0.41895288
0.6419,-0.13076831,-0.41639993
0.64200002,-0.13914765,-0.41367701
0.64209998,-0.14747164,-0.41078517
0.64219999,-0.15573686,-0.40772551
0.64230001,-0.16393997,-0.40449902
0.64240003,-0.17207754,-0.40110701
0.64249998,-0.18014626,-0.39755082
0.6426,-0.18814278,-0.39383188
0.64270002,-0.19606382,-0.38995156
0.64279997,-0.2039061,-0.38591143
0.64289999,-0.21166642,-0.38171309
0.64300001,-0.21934153,-0.37735814
0.64310002,-0.22692826,-0.37284821
0.64319998,-0.23442349,-0.36818501
0.6433,-0.24182409,-0.36337051
0.64340001,-0.249127,-0.35840657
0.64349997,-0.25632921,-0.35329515
0.64359999,-0.26342767,-0.34803832
0.6437,-0.27041951,-0.34263813
0.64380002,-0.27730179,-0.33709678
0.64389998,-0.28407159,-0.3314164
0.64399999,-0.29072613,-0.3255991
0.64410001,-0.29726258,-0.31964737
0.64420003,-0.30367824,-0.31356356
0.64429998,-0.30997044,-0.3073501
0.6444,-0.31613651,-0.30100951
0.64450002,-0.32217392,-0.29454431
0.64459997,-0.32808009,-0.28795716
0.64469999,-0.33385256,-0.28125066
0.64480001,-0.33948877,-0.27442729
0.64490002,-0.34498647,-0.26749003
0.64499998,-0.35034329,-0.26044157
0.6451,-0.35555699,-0.25328487
0.64520001,-0.36062533,-0.24602273
0.64529997,-0.3655462,-0.23865816
0.64539999,-0.37031752,-0.23119414
0.6455,-0.37493721,-0.22363369
0.64560002,-0.37940323,-0.2159797
0.64569998,-0.38371369,-0.20823538
0.64579999,-0.38786682,-0.20040391
0.64590001,-0.39186078,-0.19248848
0.64600003,-0.3956939,-0.1844923
0.64609998,-0.39936447,-0.17641866
0.6462,-0.40287098,-0.16827084
0.64630002,-0.40621188,-0.16005221
0.64639997,-0.40938556,-0.15176594
0.64649999,-0.41239074,-0.14341551
0.64660001,-0.4152261,-0.13500437
0.64670002,-0.41789037,-0.12653595
0.64679998,-0.42038241,-0.11801375
0.6469,-0.42270109,-0.10944124
0.64700001,-0.4248454,-0.10082198
0.64709997,-0.42681438,-0.09215951
0.64719999,-0.42860699,-0.083457306
0.6473,-0.43022245,-0.074718945
0.64740002,-0.43166006,-0.065948077
0.64749998,-0.43291911,-0.057148322
0.6476,-0.43399903,-0.048323311
0.64770001,-0.43489927,-0.039476693
0.64780003,-0.43561938,-0.030612135
0.64789999,-0.43615904,-0.02173331
0.648,-0.43651783,-0.012843844
0.64810002,-0.43669543,-0.0039473884
0.64819998,-0.43669179,0.0049523232
0.64829999,-0.43650681,0.013851596
0.64840001,-0.43614051,0.022746732
0.64850003,-0.43559295,0.031634033
0.64859998,-0.43486428,0.040509798
0.6487,-0.43395475,0.049370322
0.64880002,-0.43286461,0.058211934
0.64889997,-0.43159404,0.067030996
0.64899999,-0.43014365,0.075823791
0.64910001,-0.42851394,0.084586643
0.64920002,-0.42670554,0.093315884
0.64929998,-0.42471907,0.10200787
0.6494,-0.42255533,0.11065895
0.64950001,-0.42021516,0.11926551
0.64960003,-0.4176994,0.12782393
0.64969999,-0.41500884,0.13633068
0.6498,-0.41214466,0.14478213
0.64990002,-0.40910795,0.15317474
0.64999998,-0.40589994,0.16150498
0.65009999,-0.40252191,0.16976936
0.65020001,-0.39897513,0.17796437
0.65030003,-0.39526108,0.18608657
0.65039998,-0.3913812,0.19413252
0.6505,-0.38733685,0.20209883
0.65060002,-0.38312978,0.20998213
0.65069997,-0.37876162,0.21777909
0.65079999,-0.37423417,0.22548638
0.65090001,-0.36954924,0.23310077
0.65100002,-0.36470878,0.240619
0.65109998,-0.35971469,0.2480379
0.6512,-0.35456905,0.25535432
0.65130001,-0.34927374,0.26256511
0.65140003,-0.34383097,0.26966718
0.65149999,-0.33824298,0.27665755
0.6516,-0.33251208,0.28353319
0.65170002,-0.32664058,0.29029119
0.65179998,-0.32063091,0.29692867
0.65189999,-0.31448555,0.30344281
0.65200001,-0.30820701,0.30983075
0.65210003,-0.30179775,0.31608978
0.65219998,-0.29526034,0.32221714
0.6523,-0.28859758,0.32821026
0.65240002,-0.28181222,0.33406654
0.65249997,-0.27490702,0.33978343
0.65259999,-0.26788488,0.34535852
0.65270001,-0.26074868,0.35078937
0.65280002,-0.25350142,0.35607362
0.65289998,-0.24614598,0.36120895
0.653,-0.23868534,0.36619309
0.65310001,-0.23112269,0.37102389
0.65319997,-0.22346117,0.37569925
0.65329999,-0.21570395,0.38021713
0.6534,-0.20785427,0.38457558
0.65350002,-0.19991542,0.38877267
0.65359998,-0.19189072,0.39280656
0.65369999,-0.1837835,0.39667547
0.65380001,-0.17559695,0.40037754
0.65390003,-0.16733466,0.40391123
0.65399998,-0.15900004,0.40727496
0.6541,-0.1505966,0.41046727
0.65420002,-0.14212787,0.41348669
0.65429997,-0.13359742,0.41633186
0.65439999,-0.12500881,0.41900155
0.65450001,-0.11636566,0.42149451
0.65460002,-0.10767146,0.42380947
0.65469998,-0.098929949,0.42594543
0.6548,-0.090144821,0.42790142
0.65490001,-0.081319772,0.42967653
0.65499997,-0.072458528,0.43126994
0.65509999,-0.063564844,0.43268088
0.6552,-0.054642472,0.4339087
0.65530002,-0.045695201,0.43495277
0.65539998,-0.036726713,0.43581241
0.65549999,-0.027740829,0.43648723
0.65560001,-0.018741382,0.43697688
0.65570003,-0.0097321905,0.43728107
0.65579998,-0.00071708095,0.4373996
0.6559,0.0083001154,0.43733233
0.65600002,0.017315561,0.43707919
0.65609998,0.026325414,0.43664026
0.65619999,0.035325885,0.43601549
0.65630001,0.044313166,0.43520501
0.65640002,0.053283386,0.43420917
0.65649998,0.062232714,0.43302831
0.6566,0.071157336,0.43166283
0.65670002,0.080053426,0.43011326
0.65679997,0.088917188,0.42838019
0.65689999,0.097744815,0.42646423
0.65700001,0.10653254,0.42436612
0.65710002,0.11527663,0.42208648
0.65719998,0.12397331,0.4196263
0.6573,0.13261883,0.41698661
0.65740001,0.1412095,0.41416839
0.65750003,0.1497416,0.41117284
0.65759999,0.15821147,0.4080011
0.6577,0.16661546,0.40465447
0.65780002,0.17494993,0.40113431
0.65789998,0.18321131,0.3974418
0.65799999,0.19139603,0.39357859
0.65810001,0.19950053,0.38954625
0.65820003,0.20752132,0.38534644
0.65829998,0.21545492,0.38098091
0.6584,0.22329789,0.3764514
0.65850002,0.23104686,0.37175986
0.65859997,0.23869841,0.36690819
0.65869999,0.24624923,0.36189812
0.65880001,0.25369602,0.35673192
0.65890002,0.26103556,0.35141173
0.65899998,0.26826465,0.34593976
0.6591,0.27538013,0.34031826
0.65920001,0.28237888,0.33454964
0.65930003,0.28925785,0.32863626
0.65939999,0.29601407,0.32258067
0.6595,0.30264449,0.31638515
0.65960002,0.3091462,0.31005239
0.65969998,0.31551638,0.30358508
0.65979999,0.32175222,0.29698595
0.65990001,0.32785097,0.29025778
0.66000003,0.33380997,0.2834034
0.66009998,0.33962655,0.27642572
0.6602,0.3452982,0.2693277
0.66030002,0.35082233,0.26211223
0.66039997,0.35619643,0.25478232
0.66049999,0.36141819,0.24734111
0.66060001,0.36648527,0.23979181
0.66070002,0.37139544,0.23213761
0.66079998,0.37614647,0.22438177
0.6609,0.38073626,0.2165276
0.66100001,0.3851628,0.20857845
0.66109997,0.389424,0.20053767
0.66119999,0.39351788,0.19240852
0.6613,0.39744267,0.18419462
0.66140002,0.4011966,0.17589948
0.66149998,0.40477794,0.16752663
0.66159999,0.40818509,0.15907967
0.66170001,0.41141653,0.15056223
0.66180003,0.4144707,0.14197797
0.66189998,0.41734627,0.13333055
0.662,0.42004171,0.12462353
0.66210002,0.42255586,0.11586077
0.66219997,0.42488757,0.10704603
0.66229999,0.42703575,0.098183125
0.66240001,0.42899939,0.089275867
0.66250002,0.43077755,0.080328099
0.66259998,0.43236938,0.071343698
0.6627,0.43377411,0.062326562
0.66280001,0.43499082,0.053280413
0.66289997,0.43601903,0.044209272
0.66299999,0.43685824,0.035117071
0.6631,0.43750793,0.026007745
0.66320002,0.43796778,0.016885253
0.66329998,0.43823752,0.0077535543
0.66339999,0.43831694,-0.0013833769
0.66350001,0.4382059,-0.010521561
0.66360003,0.43790421,-0.019657115
0.66369998,0.43741196,-0.028786035
0.6638,0.43672928,-0.037904322
0.66390002,0.43585643,-0.047008
0.66399997,0.43479368,-0.056093093
0.66409999,0.43354142,-0.065155633
0.66420001,0.43210012,-0.07419166
0.66430002,0.43047029,-0.083197206
0.66439998,0.4286525,-0.092168383
0.6645,0.42664731,-0.10110126
0.66460001,0.42445567,-0.1099919
0.66469997,0.42207843,-0.1188364
0.66479999,0.41951653,-0.12763087
0.6649,0.41677102,-0.13637148
0.66500002,0.41384304,-0.14505433
0.66509998,0.41073376,-0.15367563
0.6652,0.40744442,-0.16223159
0.66530001,0.4039762,-0.17071843
0.66540003,0.40033063,-0.17913242
0.66549999,0.39650929,-0.18746983
0.6656,0.39251375,-0.19572696
0.66570002,0.38834569,-0.20390017
0.66579998,0.38400683,-0.21198586
0.66589999,0.37949902,-0.21998042
0.66600001,0.37482417,-0.22788031
0.66610003,0.36998397,-0.23568201
0.66619998,0.36498064,-0.24338207
0.6663,0.35981631,-0.25097704
0.66640002,0.35449317,-0.25846356
0.66649997,0.34901348,-0.2658383
0.66659999,0.34337959,-0.27309796
0.66670001,0.33759391,-0.28023931
0.66680002,0.33165896,-0.28725913
0.66689998,0.32557693,-0.29415426
0.667,0.31935063,-0.30092159
0.66710001,0.31298274,-0.30755815
0.66720003,0.306476,-0.31406093
0.66729999,0.29983321,-0.32042697
0.6674,0.29305723,-0.32665348
0.66750002,0.28615102,-0.33273762
0.66759998,0.27911752,-0.33867669
0.66769999,0.2719596,-0.34446785
0.66780001,0.26468045,-0.35010853
0.66790003,0.25728318,-0.35559621
0.66799998,0.24977107,-0.36092839
0.6681,0.24214737,-0.36610267
0.66820002,0.23441538,-0.37111664
0.66829997,0.22657849,-0.3759681
0.66839999,0.2186401,-0.38065478
0.66850001,0.21060356,-0.38517445
0.66860002,0.20247234,-0.38952506
0.66869998,0.19425005,-0.39370459
0.6688,0.1859403,-0.39771119
0.66890001,0.17754669,-0.40154293
0.66900003,0.16907296,-0.40519813
0.66909999,0.16052276,-0.40867501
0.6692,0.1518999,-0.41197202
0.66930002,0.14320809,-0.41508752
0.66939998,0.134451,-0.41801998
0.66949999,0.12563263,-0.42076808
0.66960001,0.11675683,-0.42333052
0.66970003,0.1078275,-0.42570609
0.66979998,0.098848604,-0.42789364
0.6699,0.08982408,-0.42989215
0.67000002,0.080757938,-0.43170062
0.67009997,0.071654156,-0.43331817
0.67019999,0.062516607,-0.43474379
0.67030001,0.053349447,-0.43597686
0.67040002,0.044156726,-0.43701679
0.67049998,0.034942515,-0.43786302
0.6706,0.025710903,-0.4385151
0.67070001,0.01646599,-0.43897259
0.67079997,0.0072118868,-0.4392353
0.67089999,-0.0020472873,-0.43930301
0.671,-0.011307558,-0.43917528
0.67110002,-0.020564713,-0.43885231
0.67119998,-0.029814633,-0.43833411
0.67129999,-0.03905319,-0.43762082
0.67140001,-0.048276272,-0.43671271
0.67150003,-0.057479754,-0.43561009
0.67159998,-0.066659518,-0.43431336
0.6717,-0.075811461,-0.43282303
0.67180002,-0.08493156,-0.43113944
0.67189997,-0.094015703,-0.42926335
0.67199999,-0.10305981,-0.42719552
0.67210001,-0.11205982,-0.4249368
0.67220002,-0.1210117,-0.42248815
0.67229998,-0.12991144,-0.41985053
0.6724,-0.13875501,-0.41702509
0.67250001,-0.14753845,-0.414013
0.67259997,-0.15625782,-0.41081533
0.67269999,-0.16490921,-0.40743342
0.6728,-0.17348869,-0.40386876
0.67290002,-0.1819924,-0.40012291
0.67299998,-0.19041649,-0.39619744
0.67309999,-0.19875716,-0.39209402
0.67320001,-0.20701063,-0.38781443
0.67330003,-0.21517317,-0.38336053
0.67339998,-0.22324108,-0.37873414
0.6735,-0.23121068,-0.37393707
0.67360002,-0.23907836,-0.36897159
0.67369998,-0.24684057,-0.36383978
0.67379999,-0.25449374,-0.35854393
0.67390001,-0.26203442,-0.35308629
0.67400002,-0.26945916,-0.3474693
0.67409998,-0.27676457,-0.34169543
0.6742,-0.28394735,-0.33576709
0.67430001,-0.29100409,-0.3296867
0.67439997,-0.29793167,-0.32345709
0.67449999,-0.30472687,-0.31708094
0.67460001,-0.31138659,-0.31056112
0.67470002,-0.31790778,-0.30390048
0.67479998,-0.32428744,-0.29710194
0.6749,-0.33052266,-0.29016855
0.67500001,-0.33661056,-0.28310332
0.67510003,-0.34254816,-0.27590913
0.67519999,-0.34833285,-0.26858935
0.6753,-0.35396194,-0.26114717
0.67540002,-0.35943285,-0.25358596
0.67549998,-0.36474299,-0.24590902
0.67559999,-0.36988994,-0.2381198
0.67570001,-0.37487128,-0.23022176
0.67580003,-0.37968475,-0.22221844
0.67589998,-0.38432789,-0.21411318
0.676,-0.38879859,-0.20590967
0.67610002,-0.39309484,-0.19761162
0.67619997,-0.39721456,-0.18922272
0.67629999,-0.40115583,-0.18074673
0.67640001,-0.40491676,-0.17218746
0.67650002,-0.40849563,-0.16354875
0.67659998,-0.41189075,-0.15483448
0.6767,-0.41510034,-0.14604841
0.67680001,-0.41812286,-0.13719448
0.67690003,-0.42095691,-0.12827674
0.67699999,-0.42360112,-0.11929919
0.6771,-0.42605424,-0.11026587
0.67720002,-0.42831504,-0.10118087
0.67729998,-0.43038246,-0.092048265
0.67739999,-0.43225545,-0.082872212
0.67750001,-0.43393302,-0.07365676
0.67760003,-0.43541417,-0.064406
0.67769998,-0.43669826,-0.055124205
0.6778,-0.43778461,-0.045815565
0.67790002,-0.43867269,-0.036484297
0.67799997,-0.43936196,-0.027134631
0.67809999,-0.43985203,-0.017770816
0.67820001,-0.44014266,-0.0083971042
0.67830002,-0.4402335,0.00098226825
0.67839998,-0.44012427,0.010363147
0.6785,-0.43981507,0.019741183
0.67860001,-0.43930593,0.029112112
0.67869997,-0.43859702,0.038471662
0.67879999,-0.43768856,0.047815565
0.6789,-0.4365809,0.057139561
0.67900002,-0.43527445,0.066439383
0.67909998,-0.43376976,0.075710781
0.67919999,-0.4320671,0.08494962
0.67930001,-0.43016732,0.094151594
0.67940003,-0.42807123,0.10331251
0.67949998,-0.4257797,0.11242815
0.6796,-0.42329371,0.12149435
0.67970002,-0.42061427,0.13050695
0.67979997,-0.41774258,0.13946179
0.67989999,-0.41467988,0.14835477
0.68000001,-0.41142717,0.15718181
0.68010002,-0.40798599,0.16593887
0.68019998,-0.40435785,0.17462188
0.6803,-0.40054438,0.18322684
0.68040001,-0.39654717,0.1917498
0.68049997,-0.39236802,0.20018679
0.68059999,-0.38800877,0.20853394
0.6807,-0.38347137,0.2167874
0.68080002,-0.3787576,0.2249433
0.68089998,-0.37386951,0.23299786
0.68099999,-0.36880937,0.2409474
0.68110001,-0.36357945,0.24878818
0.68120003,-0.35818204,0.25651658
0.68129998,-0.35261956,0.26412898
0.6814,-0.3468945,0.27162188
0.68150002,-0.34100944,0.27899179
0.68159997,-0.33496687,0.28623518
0.68169999,-0.32876939,0.29334873
0.68180001,-0.32241991,0.30032909
0.68190002,-0.31592125,0.30717298
0.68199998,-0.30927637,0.31387725
0.6821,-0.30248824,0.32043874
0.68220001,-0.29555997,0.32685435
0.68229997,-0.28849465,0.33312109
0.68239999,-0.28129542,0.33923599
0.6825,-0.27396536,0.34519607
0.68260002,-0.26650792,0.35099858
0.68269998,-0.25892648,0.35664079
0.68279999,-0.25122446,0.36212
0.68290001,-0.24340542,0.3674337
0.68300003,-0.23547287,0.37257928
0.68309999,-0.22743045,0.37755436
0.6832,-0.21928182,0.38235655
0.68330002,-0.21103041,0.38698339
0.68339998,-0.20268017,0.39143276
0.68349999,-0.19423491,0.39570254
0.68360001,-0.18569848,0.3997907
0.68370003,-0.1770748,0.40369529
0.68379998,-0.16836782,0.40741438
0.6839,-0.15958153,0.41094619
0.68400002,-0.15071997,0.41428906
0.68409997,-0.14178699,0.41744113
0.68419999,-0.13278681,0.42040092
0.68430001,-0.12372355,0.42316705
0.68440002,-0.11460141,0.42573816
0.68449998,-0.10542458,0.42811292
0.6846,-0.096197277,0.43029022
0.68470001,-0.086923786,0.43226892
0.68480003,-0.077608377,0.43404809
0.68489999,-0.068255223,0.43562657
0.685,-0.058868654,0.43700361
0.68510002,-0.04945305,0.43817851
0.68519998,-0.040012773,0.43915066
0.68529999,-0.03055219,0.43991953
0.68540001,-0.021075688,0.44048467
0.68550003,-0.011587667,0.44084573
0.68559998,-0.0020925384,0.44100249
0.6857,0.0074053556,0.44095466
0.68580002,0.016901655,0.44070208
0.68589997,0.026391884,0.44024485
0.68599999,0.035871629,0.43958312
0.68610001,0.045336474,0.43871716
0.68620002,0.054782007,0.43764722
0.68629998,0.064203821,0.43637377
0.6864,0.073597513,0.4348973
0.68650001,0.082958721,0.43321836
0.68660003,0.092283137,0.43133745
0.68669999,0.10156634,0.42925546
0.6868,0.11080399,0.42697334
0.68690002,0.11999177,0.42449203
0.68699998,0.12912536,0.42181262
0.68709999,0.13820049,0.41893631
0.68720001,0.14721289,0.41586435
0.68730003,0.15615833,0.41259807
0.68739998,0.16503263,0.40913862
0.6875,0.1738316,0.40548772
0.68760002,0.1825511,0.401647
0.68769997,0.19118702,0.39761817
0.68779999,0.19973528,0.39340305
0.68790001,0.20819187,0.38900355
0.68800002,0.21655278,0.38442165
0.68809998,0.22481406,0.37965944
0.6882,0.23297177,0.37471873
0.68830001,0.24102207,0.36960194
0.68839997,0.24896115,0.3643114
0.68849999,0.25678524,0.35884956
0.6886,0.2644906,0.35321882
0.68870002,0.27207363,0.34742185
0.68879998,0.2795307,0.34146127
0.68889999,0.28685823,0.33533981
0.68900001,0.29405272,0.32906008
0.68910003,0.30111071,0.32262492
0.68919998,0.30802888,0.31603745
0.6893,0.3148039,0.3093006
0.68940002,0.32143253,0.30241758
0.68949997,0.32791159,0.29539147
0.68959999,0.33423799,0.28822559
0.68970001,0.34040874,0.28092322
0.68980002,0.34642074,0.27348766
0.68989998,0.35227108,0.26592216
0.69,0.35795701,0.25823042
0.69010001,0.36347577,0.25041598
0.69019997,0.36882469,0.24248245
0.69029999,0.37400118,0.23443355
0.6904,0.37900275,0.22627303
0.69050002,0.383827,0.21800469
0.69059998,0.38847151,0.20963231
0.69069999,0.39293388,0.20115963
0.69080001,0.39721203,0.19259071
0.69090003,0.40130389,0.18392961
0.69099998,0.40520743,0.17518032
0.6911,0.40892076,0.16634697
0.69120002,0.41244203,0.1574337
0.69129997,0.41576955,0.14844468
0.69139999,0.41890159,0.13938414
0.69150001,0.42183644,0.1302561
0.69160002,0.42457274,0.12106499
0.69169998,0.42710912,0.11181513
0.6918,0.42944431,0.10251088
0.69190001,0.43157715,0.093156636
0.69199997,0.43350652,0.08375679
0.69209999,0.43523148,0.074315794
0.69220001,0.43675089,0.064837955
0.69230002,0.43806401,0.055327766
0.69239998,0.43917018,0.045789752
0.6925,0.44006875,0.03622843
0.69260001,0.44075927,0.026648307
0.69270003,0.44124129,0.017053926
0.69279999,0.44151452,0.007449829
0.6929,0.44157866,-0.0021594567
0.69300002,0.44143352,-0.011769426
0.69309998,0.44107911,-0.021375483
0.69319999,0.44051558,-0.030973066
0.69330001,0.43974304,-0.040557615
0.69340003,0.43876183,-0.050124578
0.69349998,0.4375723,-0.059669398
0.6936,0.43617496,-0.069187522
0.69370002,0.43457016,-0.078674473
0.69379997,0.43275869,-0.088125698
0.69389999,0.43074137,-0.097536691
0.69400001,0.42851901,-0.10690294
0.69410002,0.42609265,-0.11621998
0.69419998,0.42346331,-0.12548335
0.6943,0.42063224,-0.13468862
0.69440001,0.41760051,-0.14383139
0.69450003,0.41436949,-0.15290728
0.69459999,0.41094071,-0.16191195
0.6947,0.40731567,-0.17084105
0.69480002,0.40349606,-0.1796903
0.69489998,0.39948362,-0.18845545
0.69499999,0.39528021,-0.19713226
0.69510001,0.39088771,-0.20571658
0.69520003,0.38630795,-0.21420425
0.69529998,0.38154319,-0.22259119
0.6954,0.37659559,-0.23087336
0.69550002,0.3714675,-0.23904674
0.69559997,0.36616123,-0.24710737
0.69569999,0.3606793,-0.2550514
0.69580001,0.35502425,-0.26287493
0.69590002,0.34919855,-0.27057415
0.69599998,0.34320495,-0.27814537
0.6961,0.3370463,-0.28558487
0.69620001,0.33072546,-0.29288906
0.69630003,0.32424542,-0.30005437
0.69639999,0.31760922,-0.30707735
0.6965,0.31081995,-0.31395453
0.69660002,0.30388078,-0.32068259
0.69669998,0.29679483,-0.32725814
0.69679999,0.28956553,-0.33367801
0.69690001,0.28219634,-0.33993909
0.69700003,0.27469069,-0.34603828
0.69709998,0.26705214,-0.35197261
0.6972,0.25928435,-0.35773915
0.69730002,0.25139093,-0.3633351
0.69739997,0.24337548,-0.36875752
0.69749999,0.2352419,-0.37400386
0.69760001,0.22699407,-0.3790715
0.69770002,0.21863589,-0.38395795
0.69779998,0.21017133,-0.38866079
0.6979,0.20160444,-0.39317766
0.69800001,0.19293933,-0.39750633
0.69809997,0.18417996,-0.40164453
0.69819999,0.17533056,-0.40559024
0.6983,0.1663954,-0.40934145
0.69840002,0.1573787,-0.41289631
0.69849998,0.14828484,-0.41625303
0.69859999,0.13911812,-0.41940993
0.69870001,0.12988296,-0.42236537
0.69880003,0.12058377,-0.42511782
0.69889998,0.11122488,-0.4276658
0.699,0.10181089,-0.43000802
0.69910002,0.092346288,-0.4321433
0.69919997,0.082835644,-0.43407053
0.69929999,0.073283531,-0.43578866
0.69940001,0.063694559,-0.43729684
0.69950002,0.054073345,-0.43859422
0.69959998,0.044424411,-0.43967992
0.6997,0.034752477,-0.44055343
0.69980001,0.025062216,-0.44121423
0.69989997,0.015358307,-0.44166192
0.69999999,0.0056454446,-0.44189623
0.7001,-0.0040716715,-0.44191694
0.70020002,-0.013788331,-0.44172397
0.70029998,-0.023499874,-0.4413172
0.70039999,-0.033201609,-0.44069675
0.70050001,-0.042888805,-0.43986285
0.70060003,-0.052556757,-0.43881583
0.70069999,-0.062200766,-0.43755612
0.7008,-0.071816154,-0.43608424
0.70090002,-0.081398226,-0.43440089
0.70099998,-0.090942331,-0.43250668
0.70109999,-0.10044387,-0.43040234
0.70120001,-0.10989817,-0.42808887
0.70130002,-0.11930063,-0.42556736
0.70139998,-0.12864664,-0.42283893
0.7015,-0.13793167,-0.4199048
0.70160002,-0.14715116,-0.41676641
0.70169997,-0.15630059,-0.41342512
0.70179999,-0.1653755,-0.40988234
0.70190001,-0.17437145,-0.40613973
0.70200002,-0.18328403,-0.40219912
0.70209998,-0.19210885,-0.39806232
0.7022,-0.20084159,-0.39373127
0.70230001,-0.20947795,-0.38920802
0.70240003,-0.21801369,-0.38449469
0.70249999,-0.2264446,-0.37959343
0.7026,-0.23476653,-0.37450647
0.70270002,-0.24297537,-0.36923626
0.70279998,-0.25106707,-0.36378536
0.70289999,-0.25903764,-0.35815632
0.70300001,-0.26688316,-0.35235181
0.70310003,-0.27459973,-0.34637466
0.70319998,-0.28218353,-0.34022769
0.7033,-0.28963077,-0.33391362
0.70340002,-0.29693773,-0.32743558
0.70349997,-0.30410087,-0.3207967
0.70359999,-0.31111658,-0.31400013
0.70370001,-0.31798136,-0.30704919
0.70380002,-0.3246918,-0.29994717
0.70389998,-0.33124462,-0.29269755
0.704,-0.33763641,-0.28530365
0.70410001,-0.34386402,-0.27776903
0.70420003,-0.34992433,-0.27009737
0.70429999,-0.35581434,-0.26229241
0.7044,-0.36153105,-0.2543579
0.70450002,-0.36707166,-0.24629769
0.70459998,-0.37243333,-0.23811568
0.70469999,-0.37761337,-0.22981581
0.70480001,-0.38260904,-0.22140197
0.70490003,-0.38741791,-0.21287835
0.70499998,-0.39203754,-0.20424907
0.7051,-0.3964656,-0.19551833
0.70520002,-0.40069982,-0.18669041
0.70529997,-0.40473807,-0.17776957
0.70539999,-0.40857828,-0.16876023
0.70550001,-0.41221836,-0.15966655
0.70560002,-0.41565648,-0.1504931
0.70569998,-0.41889089,-0.14124434
0.7058,-0.42191994,-0.13192482
0.70590001,-0.42474204,-0.12253908
0.70599997,-0.42735574,-0.11309173
0.70609999,-0.42975968,-0.1035874
0.7062,-0.43195251,-0.094030686
0.70630002,-0.43393299,-0.084426224
0.70639998,-0.43570012,-0.074778795
0.70649999,-0.437253,-0.06509313
0.70660001,-0.43859074,-0.055373993
0.70670003,-0.43971261,-0.045626167
0.70679998,-0.44061801,-0.035854463
0.7069,-0.44130632,-0.026063673
0.70700002,-0.44177702,-0.016258532
0.70709997,-0.44202986,-0.006443941
0.70719999,-0.44206464,0.0033752567
0.70730001,-0.44188127,0.013194211
0.70740002,-0.44147974,0.023008067
0.70749998,-0.44086021,0.03281197
0.7076,-0.44002289,0.042601056
0.70770001,-0.43896791,0.052370548
0.70779997,-0.43769577,0.062115584
0.70789999,-0.43620709,0.071831316
0.708,-0.43450248,0.081512928
0.70810002,-0.43258271,0.091155611
0.70819998,-0.43044865,0.10075457
0.70829999,-0.42810133,0.11030503
0.70840001,-0.4255417,0.11980224
0.70850003,-0.42277086,0.12924153
0.70859998,-0.41979018,0.13861813
0.7087,-0.41660109,0.14792739
0.70880002,-0.41320506,0.15716465
0.70889997,-0.40960374,0.16632533
0.70899999,-0.40579882,0.17540482
0.70910001,-0.40179214,0.18439859
0.70920002,-0.39758533,0.19330215
0.70929998,-0.39318061,0.20211102
0.7094,-0.38858002,0.21082081
0.70950001,-0.38378584,0.21942712
0.70959997,-0.37880036,0.22792567
0.70969999,-0.37362596,0.23631217
0.7098,-0.36826524,0.2445824
0.70990002,-0.36272055,0.25273219
0.70999998,-0.35699463,0.26075742
0.7101,-0.35109031,0.26865405
0.71020001,-0.34501046,0.27641815
0.71030003,-0.33875805,0.28404573
0.71039999,-0.33233616,0.29153296
0.7105,-0.32574788,0.29887611
0.71060002,-0.31899643,0.30607137
0.71069998,-0.31208494,0.31311509
0.71079999,-0.30501693,0.32000372
0.71090001,-0.29779586,0.32673377
0.71100003,-0.29042527,0.33330178
0.71109998,-0.2829088,0.33970448
0.7112,-0.27525014,0.34593856
0.71130002,-0.2674531,0.35200089
0.71139997,-0.25952131,0.35788825
0.71149999,-0.25145876,0.36359763
0.71160001,-0.2432695,0.36912617
0.71170002,-0.23495755,0.37447104
0.71179998,-0.22652701,0.37962949
0.7119,-0.21798208,0.38459885
0.71200001,-0.20932701,0.38937658
0.71210003,-0.20056598,0.39396018
0.71219999,-0.1917033,0.39834717
0.7123,-0.18274343,0.40253535
0.71240002,-0.17369084,0.4065226
0.71249998,-0.16455004,0.41030678
0.71259999,-0.15532555,0.41388595
0.71270001,-0.14602201,0.41725826
0.71280003,-0.13664404,0.42042193
0.71289998,-0.12719615,0.42337507
0.713,-0.11768317,0.42611629
0.71310002,-0.10810985,0.42864409
0.71319997,-0.098480985,0.43095714
0.71329999,-0.088801384,0.43305421
0.71340001,-0.07907591,0.43493417
0.71350002,-0.069309443,0.43659601
0.71359998,-0.059506752,0.43803862
0.7137,-0.049672805,0.43926126
0.71380001,-0.03981255,0.44026324
0.71390003,-0.029930942,0.441044
0.71399999,-0.020032952,0.44160306
0.7141,-0.010123563,0.44194007
0.71420002,-0.00020776936,0.44205478
0.71429998,0.0097094737,0.44194695
0.71439999,0.019623214,0.44161648
0.71450001,0.029528411,0.44106352
0.71460003,0.039420065,0.44028828
0.71469998,0.049293175,0.43929109
0.7148,0.059142757,0.43807232
0.71490002,0.068963826,0.43663257
0.71499997,0.078751408,0.43497247
0.71509999,0.088500611,0.43309253
0.71520001,0.098206468,0.43099377
0.71530002,0.10786404,0.42867714
0.71539998,0.11746844,0.42614377
0.7155,0.12701479,0.42339483
0.71560001,0.13649824,0.4204317
0.71569997,0.14591396,0.41725576
0.71579999,0.15525718,0.41386837
0.7159,0.16452314,0.4102712
0.71600002,0.17370713,0.40646601
0.71609998,0.18280445,0.4024547
0.71619999,0.19181046,0.3982392
0.71630001,0.20072056,0.39382157
0.71640003,0.20953023,0.38920403
0.71649998,0.21823493,0.38438874
0.7166,0.2268302,0.37937793
0.71670002,0.23531166,0.37417418
0.71679997,0.24367493,0.36878008
0.71689999,0.25191578,0.36319828
0.71700001,0.26002991,0.35743153
0.71710002,0.26801324,0.35148278
0.71719998,0.27586159,0.34535491
0.7173,0.28357092,0.33905077
0.71740001,0.29113722,0.33257362
0.71749997,0.29855669,0.32592669
0.71759999,0.30582541,0.31911331
0.7177,0.3129397,0.31213689
0.71780002,0.31989583,0.30500093
0.71789998,0.32669026,0.29770899
0.71799999,0.33331937,0.29026464
0.71810001,0.33977973,0.28267154
0.71820003,0.34606799,0.27493361
0.71829998,0.35218093,0.26705468
0.7184,0.35811535,0.25903878
0.71850002,0.36386815,0.2508899
0.71859998,0.36943632,0.24261221
0.71869999,0.37481698,0.23420984
0.71880001,0.38000721,0.22568683
0.71890002,0.38500428,0.21704765
0.71899998,0.38980564,0.20829661
0.7191,0.39440879,0.1994382
0.71920002,0.39881125,0.19047686
0.71929997,0.40301073,0.18141718
0.71939999,0.40700501,0.17226376
0.71950001,0.41079181,0.16302107
0.71960002,0.41436923,0.15369385
0.71969998,0.41773531,0.14428689
0.7198,0.4208883,0.13480495
0.71990001,0.42382649,0.12525287
0.72000003,0.42654833,0.11563553
0.72009999,0.42905232,0.10595783
0.7202,0.43133706,0.096224651
0.72030002,0.43340117,0.086440884
0.72039998,0.43524364,0.076611593
0.72049999,0.43686339,0.066741809
0.72060001,0.43825954,0.056836564
0.72070003,0.43943131,0.046900943
0.72079998,0.44037804,0.036940038
0.7209,0.44109914,0.026958954
0.72100002,0.44159389,0.016962674
0.72109997,0.44186214,0.0069564106
0.72119999,0.44190368,-0.0030547015
0.72130001,0.44171837,-0.01306552
0.72140002,0.44130626,-0.023070896
0.72149998,0.44066748,-0.033065684
0.7216,0.43980229,-0.043044727
0.72170001,0.43871087,-0.053002946
0.72180003,0.43739372,-0.062935218
0.72189999,0.43585148,-0.072836384
0.722,0.43408489,-0.082701348
0.72210002,0.43209478,-0.09252502
0.72219998,0.42988205,-0.10230231
0.72229999,0.42744786,-0.11202816
0.72240001,0.42479324,-0.12169756
0.72250003,0.42191938,-0.13130553
0.72259998,0.41882774,-0.14084707
0.7227,0.41551989,-0.15031722
0.72280002,0.41199741,-0.15971109
0.72289997,0.4082621,-0.1690238
0.72299999,0.40431583,-0.17825051
0.72310001,0.40016052,-0.18738641
0.72320002,0.39579803,-0.19642676
0.72329998,0.39123064,-0.20536685
0.7234,0.38646063,-0.21420203
0.72350001,0.38149047,-0.22292769
0.72359997,0.3763226,-0.23153928
0.72369999,0.37095964,-0.24003232
0.7238,0.36540434,-0.24840234
0.72390002,0.35965937,-0.25664499
0.72399998,0.35372752,-0.2647559
0.72409999,0.34761193,-0.27273086
0.72420001,0.34131569,-0.28056568
0.72430003,0.334842,-0.28825626
0.72439998,0.32819414,-0.29579854
0.7245,0.32137555,-0.30318862
0.72460002,0.31438968,-0.31042254
0.72469997,0.3072398,-0.31749645
0.72479999,0.29992977,-0.32440668
0.72490001,0.29246333,-0.33114955
0.72500002,0.28484428,-0.33772153
0.72509998,0.27707651,-0.34411913
0.7252,0.26916406,-0.350339
0.72530001,0.26111096,-0.35637781
0.72539997,0.25292119,-0.36223227
0.72549999,0.24459897,-0.36789933
0.7256,0.23614866,-0.37337592
0.72570002,0.22757456,-0.37865922
0.72579998,0.21888113,-0.38374636
0.72589999,0.21007285,-0.38863459
0.72600001,0.20115428,-0.39332139
0.72610003,0.19212994,-0.39780414
0.72619998,0.18300439,-0.40208036
0.7263,0.17378244,-0.40614781
0.72640002,0.16446887,-0.41000432
0.72649997,0.1550685,-0.41364777
0.72659999,0.14558621,-0.4170762
0.72670001,0.13602692,-0.42028779
0.72680002,0.1263956,-0.42328078
0.72689998,0.11669704,-0.42605326
0.727,0.10693642,-0.42860392
0.72710001,0.097118802,-0.43093127
0.72719997,0.087249301,-0.43303406
0.72729999,0.077333048,-0.43491113
0.7274,0.067375228,-0.43656138
0.72750002,0.05738103,-0.43798393
0.72759998,0.047355577,-0.43917778
0.7277,0.037304088,-0.44014221
0.72780001,0.027231859,-0.44087672
0.72790003,0.017144151,-0.4413808
0.72799999,0.0070462385,-0.44165415
0.7281,-0.0030565888,-0.44169652
0.72820002,-0.013159036,-0.44150788
0.72829998,-0.023255831,-0.44108811
0.72839999,-0.033341758,-0.44043723
0.72850001,-0.043411471,-0.43955559
0.72860003,-0.053459685,-0.4384436
0.72869998,-0.063481122,-0.43710175
0.7288,-0.073470511,-0.43553066
0.72890002,-0.083422601,-0.43373114
0.72899997,-0.093332149,-0.43170401
0.72909999,-0.10319399,-0.42945001
0.72920001,-0.1130029,-0.42697036
0.72930002,-0.12275372,-0.42426631
0.72939998,-0.1324413,-0.42133918
0.7295,-0.1420605,-0.41819048
0.72960001,-0.15160626,-0.41482177
0.72970003,-0.16107355,-0.4112348
0.72979999,-0.17045733,-0.40743116
0.7299,-0.17975266,-0.40341276
0.73000002,-0.18895461,-0.39918172
0.73009998,-0.19805829,-0.39474019
0.73019999,-0.20705889,-0.39009047
0.73030001,-0.21595164,-0.38523489
0.73040003,-0.22473177,-0.38017598
0.73049998,-0.23339467,-0.37491632
0.7306,-0.24193567,-0.36945835
0.73070002,-0.25035024,-0.36380506
0.73079997,-0.25863388,-0.3579593
0.73089999,-0.26678222,-0.35192415
0.73100001,-0.27479091,-0.34570274
0.73110002,-0.28265563,-0.33929828
0.73119998,-0.29037222,-0.33271411
0.7313,-0.29793647,-0.32595339
0.73140001,-0.30534434,-0.31901973
0.73150003,-0.31259188,-0.31191677
0.73159999,-0.31967524,-0.30464819
0.7317,-0.32659057,-0.29721782
0.73180002,-0.33333415,-0.28962949
0.73189998,-0.3399024,-0.28188717
0.73199999,-0.34629172,-0.27399489
0.73210001,-0.35249862,-0.26595658
0.73220003,-0.35851976,-0.25777659
0.73229998,-0.36435193,-0.24945916
0.7324,-0.36999196,-0.2410087
0.73250002,-0.37543678,-0.23242961
0.73259997,-0.38068345,-0.22372644
0.73269999,-0.38572916,-0.21490376
0.73280001,-0.39057097,-0.20596594
0.73290002,-0.3952063,-0.19691783
0.73299998,-0.39963266,-0.18776423
0.7331,-0.40384763,-0.17850992
0.73320001,-0.40784889,-0.16915981
0.73329997,-0.41163427,-0.15971884
0.73339999,-0.41520166,-0.15019199
0.7335,-0.418549,-0.14058419
0.73360002,-0.42167437,-0.13090046
0.73369998,-0.4245761,-0.12114602
0.73379999,-0.42725262,-0.11132602
0.73390001,-0.42970237,-0.10144566
0.73400003,-0.43192399,-0.091510184
0.73409998,-0.43391624,-0.081524879
0.7342,-0.43567795,-0.071494997
0.73430002,-0.43720791,-0.061425753
0.73439997,-0.43850532,-0.051322579
0.73449999,-0.43956944,-0.041190851
0.73460001,-0.44039962,-0.031035958
0.73470002,-0.44099534,-0.020863308
0.73479998,-0.44135621,-0.010678328
0.7349,-0.44148198,-0.0004864556
0.73500001,-0.44137225,0.0097069936
0.73509997,-0.4410271,0.019896526
0.73519999,-0.44044665,0.03007669
0.7353,-0.4396311,0.040242046
0.73540002,-0.4385809,0.050387159
0.73549998,-0.43729645,0.060506593
0.73559999,-0.43577844,0.070594929
0.73570001,-0.4340274,0.080646798
0.73580003,-0.43204415,0.090656839
0.73589998,-0.42982975,0.10061965
0.736,-0.42738527,0.11052989
0.73610002,-0.424712,0.12038223
0.73619998,-0.42181131,0.13017139
0.73629999,-0.41868463,0.13989209
0.73640001,-0.41533357,0.1495391
0.73650002,-0.41175959,0.15910725
0.73659998,-0.40796465,0.16859138
0.7367,-0.40395075,0.17798635
0.73680001,-0.39971998,0.18728714
0.73689997,-0.39527452,0.19648869
0.73699999,-0.39061666,0.20558605
0.73710001,-0.38574892,0.21457428
0.73720002,-0.38067356,0.22344851
0.73729998,-0.37539324,0.23220396
0.7374,-0.36991087,0.24083586
0.73750001,-0.36422926,0.24933954
0.73760003,-0.35835144,0.2577104
0.73769999,-0.35228047,0.26594388
0.7378,-0.3460196,0.27403551
0.73790002,-0.33957204,0.28198087
0.73799998,-0.332941,0.28977561
0.73809999,-0.32613015,0.29741549
0.73820001,-0.31914306,0.30489638
0.73830003,-0.31198347,0.31221417
0.73839998,-0.30465516,0.31936485
0.7385,-0.29716206,0.32634455
0.73860002,-0.28950813,0.33314943
0.73869997,-0.28169715,0.33977565
0.73879999,-0.27373347,0.34621966
0.73890001,-0.26562133,0.35247791
0.73900002,-0.25736502,0.35854694
0.73909998,-0.248969,0.36442345
0.7392,-0.24043775,0.37010416
0.73930001,-0.23177584,0.375586
0.73940003,-0.22298773,0.38086584
0.73949999,-0.21407811,0.38594067
0.7396,-0.20505182,0.39080778
0.73970002,-0.19591372,0.39546448
0.73979998,-0.18666869,0.39990816
0.73989999,-0.17732172,0.40413633
0.74000001,-0.16787782,0.40814665
0.74010003,-0.15834203,0.41193688
0.74019998,-0.14871934,0.41550469
0.7403,-0.13901502,0.41884822
0.74040002,-0.1292343,0.42196551
0.74049997,-0.11938244,0.42485487
0.74059999,-0.10946479,0.42751464
0.74070001,-0.099486686,0.42994329
0.74080002,-0.089453541,0.43213949
0.74089998,-0.079370596,0.43410167
0.741,-0.069243379,0.43582883
0.74110001,-0.059077378,0.43731996
0.74119997,-0.048878107,0.43857417
0.74129999,-0.03865109,0.43959069
0.7414,-0.028401874,0.44036892
0.74150002,-0.018136028,0.44090837
0.74159998,-0.0078590615,0.44120854
0.74169999,0.0024234983,0.44126907
0.74180001,0.012706008,0.44108996
0.74190003,0.022982877,0.44067124
0.74199998,0.033248518,0.44001302
0.7421,0.043497331,0.43911561
0.74220002,0.053723738,0.43797943
0.74229997,0.063922159,0.43660501
0.74239999,0.074087135,0.43499273
0.74250001,0.084213048,0.43314356
0.74260002,0.094294377,0.43105841
0.74269998,0.10432561,0.42873836
0.7428,0.11430126,0.42618459
0.74290001,0.12421587,0.42339844
0.74299997,0.13406402,0.42038137
0.74309999,0.14384033,0.41713467
0.7432,0.15353945,0.41366011
0.74330002,0.16315603,0.40995952
0.74339998,0.17268482,0.40603492
0.74349999,0.18212056,0.40188834
0.74360001,0.19145809,0.39752197
0.74370003,0.20069227,0.39293817
0.74379998,0.20981801,0.38813925
0.7439,0.21883026,0.38312757
0.74400002,0.22772408,0.37790594
0.74409997,0.23649456,0.37247717
0.74419999,0.24513684,0.36684418
0.74430001,0.25364619,0.36100993
0.74440002,0.26201788,0.35497761
0.74449998,0.27024731,0.34875044
0.7446,0.27832979,0.34233147
0.74470001,0.28626096,0.33572429
0.74479997,0.29403636,0.32893249
0.74489999,0.30165172,0.32195973
0.745,0.3091028,0.31480977
0.74510002,0.31638545,0.3074865
0.74519998,0.32349563,0.29999387
0.74529999,0.33042932,0.29233578
0.74540001,0.33718261,0.2845163
0.74550003,0.34375179,0.2765398
0.74559999,0.35013318,0.26841059
0.7457,0.35632324,0.26013309
0.74580002,0.36231846,0.25171179
0.74589998,0.36811551,0.24315129
0.74599999,0.37371114,0.23445623
0.74610001,0.37910202,0.22563109
0.74620003,0.38428524,0.21668085
0.74629998,0.38925785,0.2076104
0.7464,0.39401704,0.19842467
0.74650002,0.39856017,0.1891287
0.74659997,0.40288463,0.17972757
0.74669999,0.40698802,0.17022645
0.74680001,0.41086775,0.16063032
0.74690002,0.41452169,0.1509445
0.74699998,0.41794783,0.14117435
0.7471,0.42114413,0.1313252
0.74720001,0.4241088,0.12140249
0.74730003,0.42684016,0.11141167
0.74739999,0.42933658,0.10135823
0.7475,0.43159649,0.091247618
0.74760002,0.43361849,0.081085309
0.74769998,0.4354015,0.070876993
0.74779999,0.43694443,0.060628284
0.74790001,0.43824631,0.050344836
0.74800003,0.43930644,0.04003232
0.74809998,0.44012409,0.02969644
0.7482,0.44069874,0.019342899
0.74830002,0.4410297,0.008977266
0.74839997,0.4411169,-0.0013946316
0.74849999,0.44096017,-0.011767058
0.74860001,0.44055957,-0.022134271
0.74870002,0.43991518,-0.032490525
0.74879998,0.43902737,-0.042830076
0.7489,0.43789649,-0.053147186
0.74900001,0.43652287,-0.063436203
0.74910003,0.43490726,-0.073691398
0.74919999,0.43305048,-0.08390706
0.7493,0.4309535,-0.094077513
0.74940002,0.42861742,-0.10419708
0.74949998,0.42604348,-0.11426016
0.74959999,0.423233,-0.12426111
0.74970001,0.42018741,-0.13419439
0.74980003,0.41690809,-0.14405449
0.74989998,0.41339695,-0.15383586
0.75,0.40965587,-0.16353308
0.75010002,0.40568683,-0.17314067
0.75019997,0.401492,-0.18265334
0.75029999,0.39707366,-0.1920657
0.75040001,0.39243415,-0.2013725
0.75050002,0.38757569,-0.21056853
0.75059998,0.38250104,-0.21964863
0.7507,0.37721303,-0.2286077
0.75080001,0.37171447,-0.23744071
0.75089997,0.3660084,-0.24614272
0.75099999,0.36009791,-0.2547088
0.7511,0.35398629,-0.26313418
0.75120002,0.34767663,-0.27141404
0.75129998,0.34117237,-0.27954373
0.75139999,0.33447716,-0.28751865
0.75150001,0.32759467,-0.29533431
0.75160003,0.32052869,-0.30298632
0.75169998,0.31328309,-0.31047034
0.7518,0.30586189,-0.31778216
0.75190002,0.29826912,-0.32491758
0.75199997,0.29050872,-0.33187249
0.75209999,0.28258514,-0.33864298
0.75220001,0.27450272,-0.34522521
0.75230002,0.26626599,-0.35161546
0.75239998,0.25787944,-0.35781008
0.7525,0.24934778,-0.36380556
0.75260001,0.24067572,-0.36959845
0.75269997,0.23186782,-0.37518531
0.75279999,0.22292906,-0.38056302
0.7529,0.21386443,-0.38572848
0.75300002,0.20467897,-0.3906787
0.75309998,0.19537778,-0.39541093
0.75319999,0.18596606,-0.39992237
0.75330001,0.17644905,-0.40421048
0.75340003,0.16683196,-0.40827262
0.75349998,0.15712002,-0.41210642
0.7536,0.14731877,-0.4157097
0.75370002,0.13743366,-0.41908035
0.75379997,0.12747024,-0.42221642
0.75389999,0.11743406,-0.42511609
0.75400001,0.10733076,-0.42777765
0.75410002,0.097165979,-0.4301995
0.75419998,0.086945198,-0.43237996
0.7543,0.076674275,-0.43431789
0.75440001,0.066358969,-0.43601209
0.75449997,0.056005061,-0.43746153
0.75459999,0.04561837,-0.43866536
0.75470001,0.035204735,-0.43962276
0.75480002,0.024770018,-0.44033319
0.75489998,0.014319967,-0.44079593
0.755,0.0038604734,-0.44101062
0.75510001,-0.0066025387,-0.44097716
0.75520003,-0.017063176,-0.44069546
0.75529999,-0.02751554,-0.44016564
0.7554,-0.037953734,-0.43938786
0.75550002,-0.048371859,-0.43836257
0.75559998,-0.058764063,-0.43709013
0.75569999,-0.069124542,-0.43557096
0.75580001,-0.079447381,-0.433806
0.75590003,-0.089726746,-0.43179616
0.75599998,-0.099956818,-0.42954251
0.7561,-0.1101318,-0.42704627
0.75620002,-0.12024593,-0.42430872
0.75629997,-0.13029346,-0.42133141
0.75639999,-0.14026874,-0.41811553
0.75650001,-0.15016608,-0.41466305
0.75660002,-0.15997985,-0.41097581
0.75669998,-0.16970448,-0.40705588
0.7568,-0.17933443,-0.40290534
0.75690001,-0.18886423,-0.39852652
0.75700003,-0.19828844,-0.39392182
0.75709999,-0.20760168,-0.38909358
0.7572,-0.21679865,-0.38404441
0.75730002,-0.22587408,-0.37877715
0.75739998,-0.23482279,-0.37329477
0.75749999,-0.24363969,-0.36760029
0.75760001,-0.25231972,-0.3616969
0.75770003,-0.26085791,-0.35558784
0.75779998,-0.26924938,-0.34927651
0.7579,-0.27748924,-0.34276614
0.75800002,-0.2855728,-0.33606049
0.75809997,-0.29349542,-0.32916337
0.75819999,-0.30125254,-0.32207859
0.75830001,-0.30883971,-0.31481013
0.75840002,-0.31625256,-0.30736208
0.75849998,-0.32348686,-0.29973865
0.7586,-0.33053827,-0.29194379
0.75870001,-0.33740279,-0.28398198
0.75880003,-0.34407645,-0.27585775
0.75889999,-0.35055539,-0.26757565
0.759,-0.35683587,-0.25914037
0.75910002,-0.36291426,-0.25055665
0.75919998,-0.36878705,-0.24182934
0.75929999,-0.37445071,-0.23296326
0.75940001,-0.37990189,-0.22396328
0.75950003,-0.3851375,-0.2148346
0.75959998,-0.39015442,-0.2055824
0.7597,-0.39494979,-0.19621187
0.75980002,-0.39952078,-0.18672837
0.75989997,-0.40386474,-0.17713726
0.75999999,-0.40797907,-0.16744399
0.76010001,-0.41186112,-0.15765376
0.76020002,-0.41550872,-0.14777233
0.76029998,-0.41891977,-0.1378053
0.7604,-0.42209217,-0.12775831
0.76050001,-0.42502409,-0.1176371
0.76059997,-0.42771378,-0.10744744
0.76069999,-0.4301596,-0.097195141
0.7608,-0.4323599,-0.086885884
0.76090002,-0.4343133,-0.076525562
0.76099998,-0.43601874,-0.066120125
0.76109999,-0.43747509,-0.055675529
0.76120001,-0.43868148,-0.045197729
0.76130003,-0.43963712,-0.034692723
0.76139998,-0.44034144,-0.024166528
0.7615,-0.44079384,-0.013625124
0.76160002,-0.44099373,-0.0030744351
0.76169997,-0.44094113,0.0074794083
0.76179999,-0.44063592,0.018030358
0.76190001,-0.44007826,0.028572364
0.76200002,-0.43926835,0.039099369
0.76209998,-0.43820661,0.049605325
0.7622,-0.43689358,0.060084186
0.76230001,-0.43532953,0.07053005
0.76239997,-0.43351552,0.080936834
0.76249999,-0.43145248,0.09129855
0.7626,-0.42914152,0.10160922
0.76270002,-0.42658392,0.11186292
0.76279998,-0.42378104,0.12205373
0.76289999,-0.42073447,0.13217574
0.76300001,-0.41744566,0.14222316
0.76310003,-0.41391632,0.15219019
0.76319999,-0.41014856,0.16207105
0.7633,-0.40614444,0.17186001
0.76340002,-0.40190619,0.18155143
0.76349998,-0.39743623,0.19113967
0.76359999,-0.392737,0.20061918
0.76370001,-0.38781115,0.20998447
0.76380002,-0.3826611,0.21923007
0.76389998,-0.37728995,0.22835062
0.764,-0.3717007,0.23734085
0.76410002,-0.36589658,0.2461955
0.76419997,-0.35988078,0.25490943
0.76429999,-0.3536568,0.26347756
0.76440001,-0.34722811,0.2718949
0.76450002,-0.34059811,0.28015649
0.76459998,-0.3337706,0.28825748
0.7647,-0.32674953,0.29619318
0.76480001,-0.31953892,0.30395895
0.76490003,-0.31214282,0.31155026
0.76499999,-0.30456552,0.31896263
0.7651,-0.29681134,0.32619175
0.76520002,-0.28888455,0.3332333
0.76529998,-0.28078955,0.34008309
0.76539999,-0.27253109,0.34673715
0.76550001,-0.26411393,0.35319155
0.76560003,-0.25554284,0.3594425
0.76569998,-0.24682279,0.36548629
0.7658,-0.23795877,0.37131941
0.76590002,-0.22895589,0.3769384
0.76599997,-0.21981898,0.38233966
0.76609999,-0.2105535,0.38752016
0.76620001,-0.20116477,0.39247683
0.76630002,-0.1916582,0.39720666
0.76639998,-0.18203929,0.40170693
0.7665,-0.17231357,0.40597489
0.76660001,-0.1624867,0.41000801
0.76670003,-0.15256412,0.4138037
0.76679999,-0.1425516,0.41735968
0.7669,-0.13245498,0.42067385
0.76700002,-0.1222801,0.4237442
0.76709998,-0.11203285,0.4265689
0.76719999,-0.10171918,0.4291462
0.76730001,-0.091345072,0.43147457
0.76740003,-0.080916494,0.43355247
0.76749998,-0.070439339,0.4353784
0.7676,-0.059919797,0.43695137
0.76770002,-0.049363989,0.43827039
0.76779997,-0.038778048,0.4393346
0.76789999,-0.028168136,0.44014329
0.76800001,-0.017540436,0.44069594
0.76810002,-0.0069011478,0.44099215
0.76819998,0.0037437088,0.44103131
0.7683,0.014387833,0.44081351
0.76840001,0.02502501,0.44033876
0.76849997,0.035649028,0.43960729
0.76859999,0.046253685,0.43861946
0.7687,0.056832775,0.43737572
0.76880002,0.067380108,0.43587682
0.76889998,0.077889569,0.43412325
0.76899999,0.088355035,0.43211594
0.76910001,0.098770328,0.42985603
0.76920003,0.10912935,0.42734483
0.76929998,0.11942602,0.4245837
0.7694,0.1296543,0.42157415
0.76950002,0.13980818,0.41831794
0.76959997,0.14988171,0.4148168
0.76969999,0.15986897,0.41107237
0.76980001,0.16976407,0.407087
0.76990002,0.17956121,0.40286294
0.76999998,0.1892546,0.39840254
0.7701,0.19883852,0.39370841
0.77020001,0.20830733,0.38878322
0.77029997,0.21765544,0.3836298
0.77039999,0.2268773,0.37825072
0.7705,0.23596746,0.37264922
0.77060002,0.24492055,0.36682853
0.77069998,0.25373128,0.36079204
0.77079999,0.26239443,0.35454315
0.77090001,0.27090487,0.34808555
0.77100003,0.27925754,0.34142295
0.77109998,0.28744745,0.33455905
0.7712,0.2954697,0.32749763
0.77130002,0.30331951,0.32024294
0.77139997,0.3109923,0.31279922
0.77149999,0.31848341,0.30517071
0.77160001,0.32578844,0.29736191
0.77170002,0.332903,0.28937733
0.77179998,0.33982283,0.28122166
0.7719,0.34654367,0.27289924
0.77200001,0.35306156,0.26441512
0.77209997,0.35937262,0.25577429
0.77219999,0.36547303,0.24698175
0.7723,0.37135914,0.23804267
0.77240002,0.37702745,0.22896226
0.77249998,0.38247451,0.21974586
0.7726,0.38769695,0.21039863
0.77270001,0.39269155,0.20092608
0.77280003,0.39745536,0.1913338
0.77289999,0.40198556,0.18162744
0.773,0.40627933,0.1718127
0.77310002,0.41033408,0.16189533
0.77319998,0.41414738,0.1518812
0.77329999,0.41771659,0.14177589
0.77340001,0.42103967,0.13158549
0.77350003,0.42411461,0.121316
0.77359998,0.42693949,0.11097347
0.7737,0.42951253,0.10056398
0.77380002,0.43183216,0.090093672
0.77389997,0.43389687,0.079568677
0.77399999,0.43570518,0.068995118
0.77410001,0.43725607,0.058379304
0.77420002,0.43854848,0.047727492
0.77429998,0.4395816,0.037045974
0.7744,0.4403547,0.026341075
0.77450001,0.4408673,0.01561913
0.77460003,0.44111878,0.0048864186
0.77469999,0.44110894,-0.0058506913
0.7748,0.44083774,-0.016585818
0.77490002,0.44030523,-0.027312592
0.77499998,0.43951169,-0.038024645
0.77509999,0.43845749,-0.048715606
0.77520001,0.43714315,-0.059379123
0.77530003,0.43556914,-0.070008941
0.77539998,0.43373641,-0.080598675
0.7755,0.43164599,-0.091142036
0.77560002,0.42929903,-0.10163272
0.77569997,0.42669684,-0.11206449
0.77579999,0.42384091,-0.1224311
0.77590001,0.42073271,-0.1327264
0.77600002,0.41737393,-0.14294425
0.77609998,0.41376656,-0.15307851
0.7762,0.40991268,-0.16312315
0.77630001,0.40581447,-0.17307214
0.77640003,0.40147433,-0.18291955
0.77649999,0.39689478,-0.19265945
0.7766,0.39207819,-0.20228601
0.77670002,0.38702747,-0.21179344
0.77679998,0.38174558,-0.22117604
0.77689999,0.37623554,-0.2304282
0.77700001,0.37050059,-0.23954433
0.77710003,0.36454412,-0.24851897
0.77719998,0.35836953,-0.25734669
0.7773,0.35198024,-0.26602215
0.77740002,0.34538013,-0.2745401
0.77749997,0.33857301,-0.28289545
0.77759999,0.33156297,-0.29108313
0.77770001,0.32435405,-0.29909819
0.77780002,0.31695056,-0.30693582
0.77789998,0.30935669,-0.3145912
0.778,0.30157691,-0.32205966
0.77810001,0.29361582,-0.32933673
0.77819997,0.28547814,-0.33641794
0.77829999,0.27716872,-0.34329903
0.7784,0.26869243,-0.34997579
0.77850002,0.26005435,-0.35644421
0.77859998,0.25125933,-0.36270013
0.77869999,0.2423127,-0.36873987
0.77880001,0.23321979,-0.37455973
0.77890003,0.223986,-0.3801561
0.77899998,0.21461681,-0.38552558
0.7791,0.20511781,-0.39066491
0.77920002,0.19549459,-0.39557084
0.77929997,0.18575278,-0.40024027
0.77939999,0.17589824,-0.40467039
0.77950001,0.16593686,-0.40885845
0.77960002,0.15587458,-0.41280183
0.77969998,0.14571741,-0.41649812
0.7798,0.13547145,-0.41994503
0.77990001,0.12514269,-0.42314026
0.77999997,0.11473732,-0.42608181
0.78009999,0.10426159,-0.42876783
0.7802,0.093721785,-0.43119663
0.78030002,0.08312422,-0.43336672
0.78039998,0.072475255,-0.43527666
0.78049999,0.061781291,-0.43692523
0.78060001,0.051048595,-0.4383111
0.78070003,0.040283706,-0.43943352
0.78079998,0.02949309,-0.44029167
0.7809,0.018683236,-0.44088501
0.78100002,0.007860655,-0.44121304
0.78109998,-0.0029681299,-0.44127548
0.78119999,-0.013796623,-0.4410722
0.78130001,-0.024618352,-0.44060299
0.78140002,-0.035426747,-0.43986821
0.78149998,-0.046215281,-0.43886822
0.7816,-0.05697744,-0.4376035
0.78170002,-0.067706719,-0.43607476
0.78179997,-0.078396618,-0.43428281
0.78189999,-0.089040712,-0.43222851
0.78200001,-0.099632561,-0.42991298
0.78210002,-0.11016572,-0.42733759
0.78219998,-0.12063383,-0.4245038
0.7823,-0.13103051,-0.42141327
0.78240001,-0.14134946,-0.41806775
0.78250003,-0.15158443,-0.41446921
0.78259999,-0.1617292,-0.4106195
0.7827,-0.17177759,-0.40652093
0.78280002,-0.18172348,-0.40217596
0.78289998,-0.19156082,-0.39758715
0.78299999,-0.20128363,-0.39275715
0.78310001,-0.21088596,-0.38768885
0.78320003,-0.22036196,-0.3823851
0.78329998,-0.22970581,-0.37684897
0.7834,-0.23891182,-0.37108383
0.78350002,-0.24797438,-0.36509305
0.78359997,-0.25688791,-0.35888022
0.78369999,-0.26564699,-0.35244906
0.78380001,-0.27424625,-0.34580338
0.78390002,-0.28268033,-0.33894694
0.78399998,-0.29094407,-0.33188391
0.7841,-0.29903245,-0.32461849
0.78420001,-0.30694044,-0.31715506
0.78430003,-0.3146632,-0.3094981
0.78439999,-0.32219601,-0.30165219
0.7845,-0.32953417,-0.29362202
0.78460002,-0.33667305,-0.28541219
0.78469998,-0.34360835,-0.27702779
0.78479999,-0.35033572,-0.2684738
0.78490001,-0.35685104,-0.25975543
0.78500003,-0.36315027,-0.25087792
0.78509998,-0.3692295,-0.24184661
0.7852,-0.37508488,-0.23266686
0.78530002,-0.38071272,-0.22334415
0.78539997,-0.38610956,-0.21388416
0.78549999,-0.39127204,-0.20429263
0.78560001,-0.39619693,-0.19457535
0.78570002,-0.40088117,-0.18473822
0.78579998,-0.40532181,-0.17478722
0.7859,-0.40951589,-0.16472816
0.78600001,-0.41346085,-0.15456727
0.78609997,-0.41715419,-0.14431068
0.78619999,-0.42059359,-0.13396466
0.7863,-0.42377684,-0.12353548
0.78640002,-0.42670196,-0.11302949
0.78649998,-0.42936701,-0.10245308
0.78659999,-0.43177009,-0.091812529
0.78670001,-0.4339098,-0.081114419
0.78680003,-0.4357847,-0.070365265
0.78689998,-0.43739358,-0.059571639
0.787,-0.43873534,-0.048740119
0.78710002,-0.43980911,-0.037877336
0.78719997,-0.44061401,-0.026989849
0.78729999,-0.44114938,-0.016084297
0.78740001,-0.44141489,-0.0051673879
0.78750002,-0.4414103,0.0057541952
0.78759998,-0.4411355,0.01667376
0.7877,-0.44059059,0.027584612
0.78780001,-0.43977582,0.038480051
0.78789997,-0.43869132,0.049353488
0.78799999,-0.43733782,0.060198188
0.7881,-0.43571606,0.071007498
0.78820002,-0.43382695,0.081774764
0.78829998,-0.43167156,0.09249337
0.78839999,-0.42925113,0.10315672
0.78850001,-0.42656699,0.11375824
0.78860003,-0.42362052,0.12429143
0.78869998,-0.42041358,0.13474979
0.7888,-0.41694805,0.14512685
0.78890002,-0.41322595,0.15541621
0.78899997,-0.40924951,0.16561152
0.78909999,-0.40502113,0.17570646
0.78920001,-0.40054309,0.18569481
0.78930002,-0.39581808,0.19557036
0.78939998,-0.39084899,0.20532702
0.7895,-0.3856388,0.21495873
0.78960001,-0.38019064,0.2244595
0.78969997,-0.37450778,0.23382346
0.78979999,-0.36859366,0.24304479
0.7899,-0.36245158,0.25211769
0.79000002,-0.35608539,0.26103657
0.79009998,-0.34949893,0.26979589
0.7902,-0.34269619,0.27839014
0.79030001,-0.33568135,0.28681403
0.79040003,-0.32845861,0.29506224
0.79049999,-0.32103232,0.30312967
0.7906,-0.31340683,0.31101114
0.79070002,-0.30558687,0.31870183
0.79079998,-0.29757726,0.32619688
0.79089999,-0.28938287,0.33349162
0.79100001,-0.28100869,0.34058148
0.79110003,-0.27245986,0.347462
0.79119998,-0.26374143,0.35412875
0.7913,-0.25485873,0.36057755
0.79140002,-0.2458173,0.36680439
0.79149997,-0.23662263,0.3728053
0.79159999,-0.22728038,0.37857652
0.79170001,-0.21779631,0.38411441
0.79180002,-0.20817621,0.38941544
0.79189998,-0.1984258,0.39447609
0.792,-0.18855119,0.39929321
0.79210001,-0.17855847,0.40386379
0.79220003,-0.16845378,0.40818489
0.79229999,-0.15824337,0.41225374
0.7924,-0.14793354,0.41606772
0.79250002,-0.13753058,0.41962436
0.79259998,-0.12704082,0.42292121
0.79269999,-0.11647081,0.42595625
0.79280001,-0.10582711,0.42872751
0.79290003,-0.095116287,0.43123317
0.79299998,-0.084344983,0.43347162
0.7931,-0.073519878,0.43544134
0.79320002,-0.062647544,0.43714085
0.79329997,-0.051734775,0.43856907
0.79339999,-0.040788352,0.43972501
0.79350001,-0.029815078,0.44060791
0.79360002,-0.018821768,0.44121712
0.79369998,-0.0078152651,0.44155216
0.7938,0.0031976027,0.44161269
0.79390001,0.014210073,0.44139841
0.79400003,0.025215229,0.44090945
0.79409999,0.036206216,0.44014603
0.7942,0.047176179,0.43910855
0.79430002,0.058118273,0.43779761
0.79439998,0.069025658,0.43621385
0.79449999,0.079891577,0.43435812
0.79460001,0.090709232,0.43223137
0.79470003,0.10147186,0.4298349
0.79479998,0.1121727,0.42717019
0.7949,0.12280507,0.42423874
0.79500002,0.13336232,0.42104232
0.79509997,0.14383781,0.4175829
0.79519999,0.15422499,0.41386223
0.79530001,0.16451736,0.40988266
0.79540002,0.17470841,0.40564665
0.79549998,0.18479177,0.40115672
0.7956,0.1947611,0.39641562
0.79570001,0.20461011,0.39142627
0.79579997,0.21433261,0.38619161
0.79589999,0.22392245,0.38071465
0.796,0.23337358,0.37499887
0.79610002,0.24268006,0.36904773
0.79619998,0.251836,0.36286494
0.79629999,0.26083565,0.35645425
0.79640001,0.26967329,0.34981969
0.79650003,0.27834326,0.3429651
0.79659998,0.28684011,0.33589467
0.7967,0.29515848,0.32861289
0.79680002,0.30329302,0.3211242
0.79689997,0.31123865,0.31343329
0.79699999,0.31899029,0.30554488
0.79710001,0.32654303,0.29746386
0.79720002,0.3338919,0.28919503
0.79729998,0.34103233,0.2807436
0.7974,0.34795976,0.27211481
0.79750001,0.35466975,0.2633141
0.79759997,0.36115801,0.25434691
0.79769999,0.36742041,0.2452188
0.7978,0.3734529,0.2359354
0.79790002,0.37925151,0.22650239
0.79799998,0.38481256,0.21692573
0.79809999,0.39013249,0.20721139
0.79820001,0.39520788,0.19736546
0.79830003,0.40003544,0.18739408
0.79839998,0.40461209,0.17730352
0.7985,0.40893471,0.16709994
0.79860002,0.41300049,0.15678971
0.79869998,0.41680682,0.14637937
0.79879999,0.42035121,0.13587542
0.79890001,0.42363137,0.12528448
0.79900002,0.42664516,0.1146132
0.79909998,0.42939055,0.10386827
0.7992,0.43186548,0.093056276
0.79930001,0.4340685,0.082184121
0.79939997,0.43599805,0.071258642
0.79949999,0.43765289,0.060286731
0.79960001,0.43903184,0.049275298
0.79970002,0.44013396,0.038231295
0.79979998,0.44095838,0.02716163
0.7999,0.44150436,0.016073236
0.80000001,0.44177157,0.0049731685
0.80010003,0.44175974,-0.0061315601
0.80019999,0.44146878,-0.017233927
0.8003,0.44089878,-0.028326901
0.80040002,0.4400501,-0.039403453
0.80049998,0.43892285,-0.050456654
0.80059999,0.43751776,-0.061479468
0.80070001,0.43583566,-0.072464891
0.80080003,0.43387756,-0.083405964
0.80089998,0.43164456,-0.094295725
0.801,0.42913803,-0.10512726
0.80110002,0.42635942,-0.11589369
0.80119997,0.42331016,-0.1265882
0.80129999,0.41999227,-0.13720396
0.80140001,0.4164077,-0.14773422
0.80150002,0.41255873,-0.15817226
0.80159998,0.40844765,-0.16851142
0.8017,0.40407705,-0.17874512
0.80180001,0.39944941,-0.18886682
0.80190003,0.39456755,-0.19887005
0.80199999,0.38943458,-0.2087484
0.8021,0.38405368,-0.21849556
0.80220002,0.37842816,-0.22810532
0.80229998,0.37256154,-0.23757149
0.80239999,0.36645752,-0.24688803
0.80250001,0.36011961,-0.25604889
0.80260003,0.35355183,-0.26504824
0.80269998,0.3467584,-0.27388027
0.8028,0.33974349,-0.28253934
0.80290002,0.33251154,-0.29101986
0.80299997,0.3250671,-0.29931635
0.80309999,0.31741476,-0.3074235
0.80320001,0.30955917,-0.31533596
0.80330002,0.30150536,-0.32304868
0.80339998,0.2932584,-0.33055672
0.8035,0.28482351,-0.33785516
0.80360001,0.27620602,-0.34493932
0.80369997,0.26741135,-0.35180461
0.80379999,0.25844494,-0.35844651
0.8039,0.24931239,-0.36486062
0.80400002,0.24001954,-0.37104288
0.80409998,0.23057231,-0.37698925
0.80419999,0.22097668,-0.38269582
0.80430001,0.21123871,-0.38815892
0.80440003,0.20136464,-0.39337495
0.80449998,0.19136043,-0.39834031
0.8046,0.1812326,-0.40305185
0.80470002,0.17098759,-0.4075065
0.80479997,0.16063191,-0.41170129
0.80489999,0.15017217,-0.41563344
0.80500001,0.13961503,-0.41930041
0.80510002,0.12896717,-0.42269969
0.80519998,0.11823522,-0.42582884
0.8053,0.10742617,-0.4286859
0.80540001,0.096546881,-0.43126893
0.80549997,0.085604325,-0.43357623
0.80559999,0.074605487,-0.43560618
0.8057,0.063557424,-0.43735746
0.80580002,0.052467082,-0.43882859
0.80589998,0.041341569,-0.44001862
0.80599999,0.03018805,-0.44092673
0.80610001,0.019013667,-0.44155225
0.80620003,0.0078255963,-0.44189465
0.80629998,-0.0033689789,-0.44195369
0.8064,-0.01456287,-0.44172919
0.80650002,-0.025749004,-0.44122091
0.80659997,-0.036920119,-0.4404293
0.80669999,-0.048069034,-0.43935475
0.80680001,-0.059188567,-0.43799785
0.80690002,-0.070271559,-0.43635938
0.80699998,-0.081310868,-0.43444037
0.8071,-0.092299394,-0.4322418
0.80720001,-0.10323009,-0.42976484
0.80729997,-0.11409587,-0.42701116
0.80739999,-0.1248897,-0.42398241
0.8075,-0.13560463,-0.42068049
0.80760002,-0.14623372,-0.4171074
0.80769998,-0.1567701,-0.41326541
0.80779999,-0.16720694,-0.40915665
0.80790001,-0.17753749,-0.40478373
0.80800003,-0.18775505,-0.40014941
0.80809999,-0.19785298,-0.39525664
0.8082,-0.20782477,-0.39010847
0.80830002,-0.21766388,-0.3847082
0.80839998,-0.22736397,-0.37905914
0.80849999,-0.23691867,-0.37316459
0.80860001,-0.24632178,-0.3670285
0.80870003,-0.25556719,-0.36065471
0.80879998,-0.26464888,-0.35404727
0.8089,-0.27356091,-0.34721038
0.80900002,-0.28229746,-0.34014842
0.80909997,-0.29085281,-0.33286574
0.80919999,-0.29922134,-0.32536685
0.80930001,-0.30739757,-0.31765667
0.80940002,-0.31537619,-0.3097401
0.80949998,-0.32315195,-0.30162218
0.8096,-0.33071977,-0.29330817
0.80970001,-0.33807465,-0.28480339
0.80980003,-0.34521168,-0.27611297
0.80989999,-0.35212618,-0.26724264
0.81,-0.35881364,-0.25819811
0.81010002,-0.36526963,-0.24898516
0.81019998,-0.37148988,-0.23960973
0.81029999,-0.37747031,-0.23007786
0.81040001,-0.38320693,-0.22039565
0.81050003,-0.38869581,-0.21056913
0.81059998,-0.39393336,-0.20060474
0.8107,-0.3989161,-0.19050893
0.81080002,-0.40364078,-0.1802882
0.81089997,-0.40810418,-0.16994916
0.81099999,-0.41230339,-0.1594985
0.81110001,-0.41623542,-0.14894284
0.81120002,-0.41989759,-0.13828899
0.81129998,-0.42328751,-0.1275439
0.8114,-0.4264029,-0.1167145
0.81150001,-0.42924163,-0.10580785
0.81160003,-0.43180177,-0.094831005
0.81169999,-0.43408161,-0.083791122
0.8118,-0.43607926,-0.072695136
0.81190002,-0.43779352,-0.061550386
0.81199998,-0.43922314,-0.050364107
0.81209999,-0.44036713,-0.03914357
0.81220001,-0.44122466,-0.027896086
0.81230003,-0.44179508,-0.016628981
0.81239998,-0.44207785,-0.0053495574
0.8125,-0.44207248,0.005934922
0.81260002,-0.44177908,0.017217033
0.81269997,-0.44119769,0.028489418
0.81279999,-0.44032863,0.039744716
0.81290001,-0.43917236,0.050975572
0.81300002,-0.4377296,0.062174637
0.81309998,-0.43600094,0.073334649
0.8132,-0.43398747,0.084448315
0.81330001,-0.43169042,0.095508322
0.81339997,-0.42911127,0.10650744
0.81349999,-0.42625156,0.11743845
0.8136,-0.42311311,0.12829418
0.81370002,-0.41969791,0.13906753
0.81379998,-0.41600773,0.14975142
0.81389999,-0.41204512,0.16033883
0.81400001,-0.40781257,0.17082281
0.81410003,-0.40331274,0.18119645
0.81419998,-0.39854854,0.19145294
0.8143,-0.39352304,0.2015855
0.81440002,-0.38823929,0.21158746
0.81449997,-0.38270053,0.22145221
0.81459999,-0.37691042,0.23117325
0.81470001,-0.37087268,0.24074414
0.81480002,-0.36459121,0.25015861
0.81489998,-0.35807008,0.25941038
0.815,-0.35131347,0.26849335
0.81510001,-0.34432551,0.27740148
0.81519997,-0.33711073,0.28612885
0.81529999,-0.32967389,0.29466966
0.8154,-0.32201979,0.30301827
0.81550002,-0.3141534,0.31116912
0.81559998,-0.3060798,0.31911683
0.81569999,-0.2978043,0.32685611
0.81580001,-0.28933188,0.33438161
0.81590003,-0.28066829,0.34168845
0.81599998,-0.27181914,0.34877175
0.8161,-0.2627902,0.35562676
0.81620002,-0.25358737,0.3622489
0.81629997,-0.24421668,0.36863378
0.81639999,-0.23468409,0.37477702
0.81650001,-0.22499575,0.38067442
0.81660002,-0.21515806,0.38632208
0.81669998,-0.20517749,0.39171621
0.8168,-0.19506055,0.39685321
0.81690001,-0.18481389,0.40172958
0.81699997,-0.17444424,0.40634203
0.81709999,-0.16395816,0.41068727
0.81720001,-0.15336263,0.41476238
0.81730002,-0.14266463,0.41856462
0.81739998,-0.13187116,0.42209142
0.8175,-0.12098935,0.42534032
0.81760001,-0.11002637,0.42830917
0.81770003,-0.09898939,0.43099585
0.81779999,-0.087885521,0.43339825
0.8179,-0.076722175,0.43551487
0.81800002,-0.065506719,0.43734416
0.81809998,-0.054246549,0.43888491
0.81819999,-0.042949103,0.44013599
0.81830001,-0.031621858,0.44109645
0.81840003,-0.020272201,0.44176546
0.81849998,-0.0089076078,0.44214237
0.8186,0.0024643568,0.44222698
0.81870002,0.013836168,0.44201908
0.81879997,0.025200291,0.44151878
0.81889999,0.036549192,0.44072631
0.81900001,0.047875337,0.43964213
0.81910002,0.059171326,0.43826652
0.81919998,0.070429608,0.43660045
0.8193,0.081642695,0.43464497
0.81940001,0.092803143,0.4324013
0.81950003,0.10390353,0.42987081
0.81959999,0.11493646,0.42705515
0.8197,0.12589462,0.42395598
0.81980002,0.13677073,0.42057505
0.81989998,0.14755751,0.41691467
0.81999999,0.1582478,0.41297719
0.82010001,0.16883443,0.40876517
0.82020003,0.17931037,0.40428129
0.82029998,0.18966858,0.39952847
0.8204,0.19990216,0.39450961
0.82050002,0.21000427,0.3892279
0.82059997,0.21996813,0.38368684
0.82069999,0.22978707,0.37789008
0.82080001,0.23945454,0.37184137
0.82090002,0.24896401,0.36554468
0.82099998,0.25830916,0.35900417
0.8211,0.26748359,0.35222372
0.82120001,0.27648121,0.34520799
0.82130003,0.28529596,0.33796155
0.82139999,0.29392192,0.33048922
0.8215,0.30235323,0.32279587
0.82160002,0.31058431,0.3148866
0.82169998,0.31860948,0.30676651
0.82179999,0.32642329,0.29844078
0.82190001,0.3340205,0.28991503
0.82200003,0.34139597,0.28119487
0.82209998,0.34854475,0.27228609
0.8222,0.35546196,0.26319456
0.82230002,0.36214295,0.25392637
0.82239997,0.36858299,0.24448739
0.82249999,0.37477776,0.23488389
0.82260001,0.38072309,0.22512233
0.82270002,0.38641492,0.21520917
0.82279998,0.39184934,0.20515099
0.8229,0.39702266,0.1949545
0.82300001,0.40193135,0.18462647
0.82309997,0.40657181,0.1741735
0.82319999,0.41094095,0.16360272
0.8233,0.41503581,0.15292116
0.82340002,0.41885352,0.14213592
0.82349998,0.4223915,0.13125423
0.82359999,0.42564726,0.12028336
0.82370001,0.42861843,0.10923053
0.82380003,0.43130279,0.098103032
0.82389998,0.43369859,0.086908393
0.824,0.43580416,0.075654097
0.82410002,0.43761793,0.064347684
0.82419997,0.43913865,0.052996725
0.82429999,0.44036523,0.041608844
0.82440001,0.44129646,0.030191513
0.82450002,0.44193172,0.018752441
0.82459998,0.44227055,0.0072993273
0.8247,0.4423126,-0.0041601397
0.82480001,0.44205776,-0.015618259
0.82489997,0.44150615,-0.02706732
0.82499999,0.44065797,-0.038499638
0.8251,0.43951347,-0.049907621
0.82520002,0.43807349,-0.061283525
0.82529998,0.43633884,-0.072619684
0.82539999,0.43431067,-0.083908461
0.82550001,0.43199027,-0.095142238
0.82560003,0.42937911,-0.10631343
0.82569999,0.42647868,-0.11741453
0.8258,0.42329073,-0.12843804
0.82590002,0.41981745,-0.13937651
0.82599998,0.4160611,-0.15022253
0.82609999,0.41202414,-0.16096875
0.82620001,0.40770918,-0.17160791
0.82630002,0.40311912,-0.18213281
0.82639998,0.39825657,-0.19253629
0.8265,0.39312491,-0.2028113
0.82660002,0.38772753,-0.21295089
0.82669997,0.38206801,-0.22294812
0.82679999,0.3761501,-0.23279625
0.82690001,0.36997771,-0.24248856
0.82700002,0.36355489,-0.25201845
0.82709998,0.35688564,-0.26137939
0.8272,0.34997454,-0.270565
0.82730001,0.34282622,-0.27956906
0.82740003,0.33544543,-0.28838539
0.82749999,0.32783708,-0.29700801
0.8276,0.32000631,-0.30543098
0.82770002,0.31195813,-0.31364852
0.82779998,0.30369785,-0.32165498
0.82789999,0.29523113,-0.32944486
0.82800001,0.28656363,-0.33701286
0.82810003,0.27770114,-0.34435377
0.82819998,0.26864964,-0.3514626
0.8283,0.25941524,-0.35833442
0.82840002,0.25000378,-0.36496431
0.82849997,0.24042176,-0.37134781
0.82859999,0.23067565,-0.37748054
0.82870001,0.22077203,-0.38335824
0.82880002,0.21071754,-0.38897687
0.82889998,0.200519,-0.39433256
0.829,0.19018319,-0.39942148
0.82910001,0.17971694,-0.40423998
0.82920003,0.16912742,-0.40878478
0.82929999,0.15842181,-0.41305277
0.8294,0.14760733,-0.41704091
0.82950002,0.1366913,-0.42074645
0.82959998,0.12568116,-0.4241668
0.82969999,0.11458417,-0.42729932
0.82980001,0.10340787,-0.43014184
0.82990003,0.092159882,-0.43269235
0.82999998,0.080847837,-0.43494904
0.8301,0.069479428,-0.43691033
0.83020002,0.058062386,-0.43857476
0.83029997,0.046604466,-0.43994114
0.83039999,0.035113271,-0.44100812
0.83050001,0.023596732,-0.44177505
0.83060002,0.01206269,-0.44224131
0.83069998,0.00051899976,-0.44240654
0.8308,-0.011026466,-0.44227049
0.83090001,-0.022565827,-0.44183323
0.83099997,-0.034091257,-0.44109479
0.83109999,-0.045594953,-0.44005546
0.8312,-0.057069004,-0.43871596
0.83130002,-0.06850557,-0.43707713
0.83139998,-0.079896823,-0.43514001
0.83149999,-0.091234975,-0.43290585
0.83160001,-0.10251226,-0.43037608
0.83170003,-0.11372101,-0.42755207
0.83179998,-0.12485352,-0.4244357
0.8319,-0.13590215,-0.42102909
0.83200002,-0.14685933,-0.4173345
0.83209997,-0.15771754,-0.41335434
0.83219999,-0.16846931,-0.40909126
0.83230001,-0.17910725,-0.40454811
0.83240002,-0.18962406,-0.39972755
0.83249998,-0.20001249,-0.394633
0.8326,-0.21026538,-0.38926786
0.83270001,-0.2203757,-0.38363573
0.83279997,-0.23033644,-0.37774041
0.83289999,-0.24014077,-0.37158588
0.833,-0.24978188,-0.36517608
0.83310002,-0.25925308,-0.35851523
0.83319998,-0.26854783,-0.35160795
0.83329999,-0.27765974,-0.34445891
0.83340001,-0.2865825,-0.33707291
0.83350003,-0.29530993,-0.32945499
0.83359998,-0.30383599,-0.32161036
0.8337,-0.31215462,-0.31354395
0.83380002,-0.32026011,-0.30526137
0.83389997,-0.32814685,-0.29676831
0.83399999,-0.33580932,-0.28807053
0.83410001,-0.34324226,-0.27917394
0.83420002,-0.35044044,-0.27008462
0.83429998,-0.35739884,-0.26080871
0.8344,-0.36411244,-0.25135225
0.83450001,-0.37057662,-0.24172191
0.83459997,-0.37678692,-0.23192424
0.83469999,-0.38273895,-0.22196592
0.8348,-0.38842854,-0.21185377
0.83490002,-0.39385173,-0.20159476
0.83499998,-0.39900455,-0.1911957
0.8351,-0.40388334,-0.18066366
0.83520001,-0.40848473,-0.17000596
0.83530003,-0.41280541,-0.15922992
0.83539999,-0.4168424,-0.14834291
0.8355,-0.42059278,-0.13735242
0.83560002,-0.42405397,-0.12626605
0.83569998,-0.42722312,-0.1150911
0.83579999,-0.43009812,-0.10383543
0.83590001,-0.43267694,-0.092506774
0.83600003,-0.43495768,-0.081112944
0.83609998,-0.43693873,-0.069661781
0.8362,-0.4386186,-0.058161199
0.83630002,-0.439996,-0.046619073
0.83639997,-0.44106963,-0.03504324
0.83649999,-0.44183883,-0.023441778
0.83660001,-0.44230294,-0.011822704
0.83670002,-0.44246164,-0.00019404761
0.83679998,-0.44231465,0.011436145
0.8369,-0.44186208,0.023059817
0.83700001,-0.44110385,0.034669019
0.83710003,-0.44004038,0.046255715
0.83719999,-0.43867245,0.057811841
0.8373,-0.43700087,0.069329388
0.83740002,-0.43502674,0.080800362
0.83749998,-0.43275136,0.092216797
0.83759999,-0.4301762,0.10357077
0.83770001,-0.4273026,0.11485445
0.83780003,-0.42413265,0.12605998
0.83789998,-0.42066845,0.13717952
0.838,-0.41691238,0.14820538
0.83810002,-0.41286692,0.15912987
0.83819997,-0.40853482,0.16994536
0.83829999,-0.40391886,0.1806443
0.83840001,-0.39902201,0.19121927
0.83850002,-0.39384767,0.20166287
0.83859998,-0.38839942,0.21196778
0.8387,-0.38268092,0.22212684
0.83880001,-0.37669611,0.23213291
0.83890003,-0.3704491,0.24197903
0.83899999,-0.36394385,0.25165823
0.8391,-0.3571848,0.26116374
0.83920002,-0.35017672,0.27048892
0.83929998,-0.34292439,0.27962723
0.83939999,-0.3354328,0.28857222
0.83950001,-0.32770708,0.29731768
0.83960003,-0.31975257,0.30585739
0.83969998,-0.31157437,0.31418523
0.8398,-0.30317831,0.32229546
0.83990002,-0.29457018,0.33018228
0.83999997,-0.2857559,0.3378402
0.84009999,-0.27674162,0.34526378
0.84020001,-0.26753354,0.35244781
0.84030002,-0.25813791,0.3593871
0.84039998,-0.24856105,0.36607668
0.8405,-0.23880976,0.37251186
0.84060001,-0.22889078,0.3786881
0.84069997,-0.21881098,0.384601
0.84079999,-0.20857736,0.39024636
0.8409,-0.19819708,0.3956202
0.84100002,-0.18767704,0.40071839
0.84109998,-0.17702465,0.40553746
0.84119999,-0.16624734,0.41007391
0.84130001,-0.15535264,0.41432452
0.84140003,-0.14434811,0.41828623
0.84149998,-0.13324144,0.42195621
0.8416,-0.12204036,0.42533177
0.84170002,-0.11075243,0.42841017
0.84179997,-0.099385686,0.43118939
0.84189999,-0.087948047,0.43366733
0.84200001,-0.076447509,0.43584222
0.84210002,-0.064892121,0.43771243
0.84219998,-0.053289976,0.43927661
0.8423,-0.041649073,0.44053337
0.84240001,-0.029977521,0.44148165
0.84249997,-0.018283557,0.44212079
0.84259999,-0.006575373,0.44245028
0.8427,0.0051388182,0.44246981
0.84280002,0.016850792,0.44217926
0.84289998,0.028552316,0.44157881
0.84299999,0.040235326,0.44066834
0.84310001,0.051891532,0.43944865
0.84320003,0.063512743,0.43792048
0.84329998,0.075090773,0.43608484
0.8434,0.086617492,0.43394294
0.84350002,0.098084755,0.4314962
0.84359998,0.10948452,0.42874619
0.84369999,0.1208088,0.42569444
0.84380001,0.13204955,0.42234319
0.84390002,0.14319886,0.41869476
0.84399998,0.15424886,0.41475162
0.8441,0.16519174,0.41051644
0.84420002,0.17601976,0.40599221
0.84429997,0.18672526,0.4011817
0.84439999,0.19730067,0.39608818
0.84450001,0.20773849,0.39071533
0.84460002,0.21803135,0.38506678
0.84469998,0.22817193,0.37914649
0.8448,0.23815306,0.37295854
0.84490001,0.24796765,0.36650726
0.84500003,0.25760862,0.35979667
0.84509999,0.26706922,0.35283169
0.8452,0.27634269,0.34561715
0.84530002,0.28542241,0.33815807
0.84539998,0.29430196,0.33045965
0.84549999,0.302975,0.32252732
0.84560001,0.31143531,0.31436646
0.84570003,0.31967673,0.30598253
0.84579998,0.32769349,0.29738158
0.8459,0.33547983,0.2885696
0.84600002,0.34303015,0.27955282
0.84609997,0.35033911,0.27033755
0.84619999,0.35740146,0.26093024
0.84630001,0.36421198,0.25133726
0.84640002,0.37076578,0.24156533
0.84649998,0.37705818,0.23162143
0.8466,0.38308465,0.22151254
0.84670001,0.38884088,0.21124576
0.84680003,0.39432272,0.20082834
0.84689999,0.39952621,0.19026764
0.847,0.40444726,0.17957073
0.84710002,0.4090825,0.1687454
0.84719998,0.41342857,0.15779924
0.84729999,0.41748229,0.14674
0.84740001,0.42124072,0.1355755
0.84750003,0.42470109,0.12431366
0.84759998,0.42786077,0.11296231
0.8477,0.43071729,0.10152937
0.84780002,0.43326864,0.090023056
0.84789997,0.4355129,0.078451499
0.84799999,0.43744844,0.066822916
0.84810001,0.43907377,0.055145551
0.84820002,0.4403877,0.043427713
0.84829998,0.44138888,0.031677529
0.8484,0.44207659,0.019903407
0.84850001,0.44245031,0.0081137363
0.84859997,0.44250968,-0.0036830995
0.84869999,0.44225457,-0.015478706
0.8488,0.44168511,-0.027264679
0.84890002,0.44080156,-0.039032642
0.84899998,0.4396041,-0.050774332
0.84909999,0.43809375,-0.062481299
0.84920001,0.43627143,-0.074145198
0.84930003,0.43413842,-0.08575771
0.84939998,0.43169612,-0.097310536
0.8495,0.42894626,-0.10879542
0.84960002,0.42589042,-0.12020418
0.84969997,0.42253062,-0.13152869
0.84979999,0.41886932,-0.14276081
0.84990001,0.41490901,-0.15389252
0.85000002,0.41065246,-0.16491583
0.85009998,0.40610263,-0.17582284
0.8502,0.40126276,-0.18660574
0.85030001,0.39613572,-0.19725677
0.85039997,0.39072534,-0.20776829
0.85049999,0.38503543,-0.21813276
0.8506,0.37906992,-0.22834274
0.85070002,0.3728331,-0.23839086
0.85079998,0.36632928,-0.24826992
0.85089999,0.35956302,-0.25797275
0.85100001,0.35253876,-0.26749235
0.85110003,0.34526163,-0.27682185
0.85119998,0.33773682,-0.28595456
0.8513,0.32996958,-0.29488385
0.85140002,0.32196546,-0.30360329
0.85149997,0.31373018,-0.31210658
0.85159999,0.30526924,-0.32038748
0.85170001,0.29658869,-0.32843998
0.85180002,0.28769472,-0.33625826
0.85189998,0.27859366,-0.34383667
0.852,0.26929203,-0.35116968
0.85210001,0.25979641,-0.35825202
0.85219997,0.25011361,-0.36507851
0.85229999,0.24025011,-0.37164396
0.8524,0.23021315,-0.37794369
0.85250002,0.22000992,-0.38397315
0.85259998,0.20964767,-0.38972786
0.8527,0.19913381,-0.39520371
0.85280001,0.18847589,-0.40039662
0.85290003,0.17768142,-0.40530273
0.85299999,0.16675791,-0.40991825
0.8531,0.15571335,-0.41423994
0.85320002,0.14455563,-0.41826457
0.85329998,0.13329273,-0.42198914
0.85339999,0.12193277,-0.42541099
0.85350001,0.1104839,-0.4285275
0.85360003,0.098954149,-0.43133616
0.85369998,0.087351806,-0.43383491
0.8538,0.075685278,-0.43602186
0.85390002,0.063962944,-0.43789539
0.85399997,0.052193247,-0.43945408
0.85409999,0.040384673,-0.44069675
0.85420001,0.02854556,-0.44162214
0.85430002,0.016684448,-0.44222951
0.85439998,0.0048099221,-0.44251838
0.8545,-0.0070694648,-0.44248849
0.85460001,-0.018945146,-0.44213974
0.85470003,-0.030808551,-0.44147232
0.85479999,-0.042651176,-0.44048637
0.8549,-0.054464459,-0.43918258
0.85500002,-0.066239864,-0.43756181
0.85509998,-0.077968873,-0.43562514
0.85519999,-0.089643002,-0.43337387
0.85530001,-0.1012538,-0.43080956
0.85540003,-0.11279289,-0.42793375
0.85549998,-0.12425189,-0.42474845
0.8556,-0.13562249,-0.42125598
0.85570002,-0.14689645,-0.41745868
0.85579997,-0.15806559,-0.41335928
0.85589999,-0.16912176,-0.4089607
0.85600001,-0.18005697,-0.4042657
0.85610002,-0.19086325,-0.39927775
0.85619998,-0.20153274,-0.39400035
0.8563,-0.21205766,-0.38843727
0.85640001,-0.22243036,-0.38259247
0.85650003,-0.23264326,-0.37647009
0.85659999,-0.24268888,-0.37007427
0.8567,-0.25255993,-0.36340961
0.85680002,-0.26224917,-0.35648093
0.85689998,-0.27174953,-0.34929314
0.85699999,-0.28105408,-0.34185141
0.85710001,-0.29015601,-0.33416107
0.85720003,-0.29904854,-0.3262274
0.85729998,-0.30772525,-0.31805617
0.8574,-0.31617972,-0.30965322
0.85750002,-0.32440579,-0.30102465
0.85759997,-0.3323974,-0.2921766
0.85769999,-0.34014872,-0.28311551
0.85780001,-0.34765387,-0.27384764
0.85790002,-0.35490739,-0.26437974
0.85799998,-0.36190394,-0.25471869
0.8581,-0.36863837,-0.24487142
0.85820001,-0.37510571,-0.23484507
0.85829997,-0.38130116,-0.2246469
0.85839999,-0.38722003,-0.21428403
0.8585,-0.39285791,-0.20376408
0.85860002,-0.39821067,-0.19309467
0.85869998,-0.40327436,-0.18228351
0.85879999,-0.40804514,-0.17133845
0.85890001,-0.41251951,-0.16026746
0.85900003,-0.41669393,-0.14907832
0.85909998,-0.42056531,-0.1377793
0.8592,-0.42413077,-0.12637857
0.85930002,-0.42738762,-0.11488444
0.85939997,-0.43033344,-0.10330525
0.85949999,-0.43296593,-0.091649473
0.85960001,-0.43528289,-0.079925381
0.85970002,-0.43728265,-0.068141617
0.85979998,-0.43896362,-0.056306768
0.8599,-0.44032452,-0.044429455
0.86000001,-0.44136426,-0.03251835
0.86009997,-0.44208202,-0.020582153
0.86019999,-0.4424769,-0.0086294487
0.8603,-0.44254863,0.003330962
0.86040002,-0.44229707,0.01529034
0.86049998,-0.44172233,0.027239941
0.86059999,-0.44082475,0.039171014
0.86070001,-0.43960488,0.051074829
0.86080003,-0.43806326,0.062942736
0.86089998,-0.43620104,0.074766003
0.861,-0.43401954,0.08653596
0.86110002,-0.43152019,0.098243967
0.86119998,-0.42870483,0.10988144
0.86129999,-0.42557535,0.12143982
0.86140001,-0.42213371,0.13291065
0.86150002,-0.41838253,0.14428549
0.86159998,-0.41432437,0.15555595
0.8617,-0.40996221,0.16671376
0.86180001,-0.4052991,0.17775068
0.86189997,-0.40033844,0.18865858
0.86199999,-0.39508346,0.19942942
0.86210001,-0.38953808,0.21005526
0.86220002,-0.3837063,0.22052824
0.86229998,-0.37759233,0.23084064
0.8624,-0.37120059,0.24098483
0.86250001,-0.36453566,0.25095332
0.86260003,-0.35760212,0.26073864
0.86269999,-0.3504051,0.27033365
0.8628,-0.34294987,0.27973115
0.86290002,-0.33524176,0.28892425
0.86299998,-0.32728645,0.29790607
0.86309999,-0.31908968,0.30666998
0.86320001,-0.31065717,0.31520936
0.86330003,-0.30199516,0.32351789
0.86339998,-0.29311001,0.3315894
0.8635,-0.28400818,0.3394179
0.86360002,-0.27469632,0.34699753
0.86369997,-0.26518121,0.35432264
0.86379999,-0.25546956,0.36138764
0.86390001,-0.24556865,0.36818728
0.86400002,-0.23548567,0.37471649
0.86409998,-0.22522804,0.38097036
0.8642,-0.21480326,0.38694423
0.86430001,-0.20421898,0.39263362
0.86440003,-0.19348274,0.39803404
0.86449999,-0.18260255,0.40314153
0.8646,-0.17158639,0.40795222
0.86470002,-0.16044237,0.4124625
0.86479998,-0.14917868,0.41666895
0.86489999,-0.1378036,0.42056832
0.86500001,-0.12632532,0.4241575
0.86510003,-0.1147524,0.42743382
0.86519998,-0.10309338,0.4303948
0.8653,-0.091356836,0.43303815
0.86540002,-0.079551443,0.4353618
0.86549997,-0.067685902,0.43736395
0.86559999,-0.055768844,0.43904278
0.86570001,-0.043809146,0.44039711
0.86580002,-0.031815652,0.44142583
0.86589998,-0.019797234,0.44212809
0.866,-0.0077627921,0.4425033
0.86610001,0.004278779,0.44255102
0.86619997,0.016318645,0.4422709
0.86629999,0.028347833,0.44166324
0.8664,0.040357418,0.44072831
0.86650002,0.052338492,0.43946677
0.86659998,0.064282157,0.43787944
0.86669999,0.076179549,0.43596742
0.86680001,0.088021874,0.43373173
0.86690003,0.099800304,0.43117413
0.86699998,0.11150607,0.42829639
0.8671,0.12313047,0.42510056
0.86720002,0.13466483,0.42158896
0.86729997,0.14610058,0.41776404
0.86739999,0.15742919,0.41362834
0.86750001,0.16864219,0.40918496
0.86760002,0.17973123,0.40443712
0.86769998,0.19068803,0.39938828
0.8678,0.20150439,0.39404213
0.86790001,0.21217224,0.38840246
0.86799997,0.22268356,0.38247323
0.86809999,0.2330305,0.37625882
0.8682,0.24320529,0.36976385
0.86830002,0.25320035,0.36299303
0.86839998,0.26300815,0.3559514
0.86849999,0.2726213,0.34864396
0.86860001,0.28203258,0.34107599
0.86870003,0.29123491,0.33325312
0.86879998,0.30022138,0.3251811
0.8689,0.30898523,0.31686589
0.86900002,0.31751987,0.3083137
0.86909997,0.32581884,0.29953068
0.86919999,0.33387581,0.29052317
0.86930001,0.3416847,0.28129798
0.86940002,0.34923965,0.27186191
0.86949998,0.35653493,0.26222193
0.8696,0.36356506,0.25238523
0.86970001,0.37032461,0.24235898
0.86979997,0.3768084,0.23215051
0.86989999,0.38301155,0.22176749
0.87,0.38892934,0.21121763
0.87010002,0.39455727,0.20050876
0.87019998,0.39989108,0.18964888
0.87029999,0.4049266,0.17864598
0.87040001,0.40965986,0.16750813
0.87050003,0.41408736,0.15624373
0.87059999,0.41820562,0.14486116
0.8707,0.42201155,0.13336891
0.87080002,0.42550218,0.12177558
0.87089998,0.42867473,0.11008976
0.87099999,0.4315266,0.098320059
0.87110001,0.43405566,0.08647538
0.87120003,0.43625993,0.074564546
0.87129998,0.43813765,0.0625965
0.8714,0.43968734,0.050580192
0.87150002,0.44090766,0.038524568
0.87159997,0.44179747,0.026438601
0.87169999,0.44235605,0.014331403
0.87180001,0.44258296,0.0022120522
0.87190002,0.44247791,-0.0099103516
0.87199998,0.44204089,-0.022026697
0.8721,0.44127205,-0.034127928
0.87220001,0.44017169,-0.046204984
0.87230003,0.4387407,-0.058248751
0.87239999,0.43698004,-0.070250168
0.8725,0.43489093,-0.082200192
0.87260002,0.43247491,-0.094089828
0.87269998,0.42973351,-0.10591013
0.87279999,0.42666861,-0.11765221
0.87290001,0.42328253,-0.12930718
0.87300003,0.41957775,-0.14086626
0.87309998,0.41555694,-0.15232073
0.8732,0.41122305,-0.1636619
0.87330002,0.40657914,-0.1748812
0.87339997,0.40162849,-0.18597017
0.87349999,0.39637488,-0.19692039
0.87360001,0.39082214,-0.20772359
0.87370002,0.38497439,-0.21837157
0.87379998,0.37883598,-0.22885627
0.8739,0.37241128,-0.23916969
0.87400001,0.36570501,-0.249304
0.87410003,0.35872224,-0.25925151
0.87419999,0.35146812,-0.26900467
0.8743,0.34394807,-0.27855605
0.87440002,0.33616772,-0.28789839
0.87449998,0.32813272,-0.29702455
0.87459999,0.31984898,-0.30592749
0.87470001,0.31132281,-0.3146005
0.87480003,0.30256051,-0.32303694
0.87489998,0.29356873,-0.33123034
0.875,0.28435418,-0.33917451
0.87510002,0.27492359,-0.34686324
0.87519997,0.265284,-0.3542906
0.87529999,0.25544274,-0.36145097
0.87540001,0.24540715,-0.36833885
0.87550002,0.23518482,-0.37494895
0.87559998,0.22478345,-0.38127619
0.8757,0.21421069,-0.38731557
0.87580001,0.20347449,-0.39306241
0.87589997,0.19258299,-0.39851236
0.87599999,0.18154441,-0.40366116
0.8761,0.17036706,-0.40850484
0.87620002,0.15905942,-0.41303965
0.87629998,0.14762987,-0.41726196
0.87639999,0.13608703,-0.42116839
0.87650001,0.12443968,-0.42475599
0.87660003,0.11269663,-0.42802191
0.87669998,0.10086676,-0.43096361
0.8768,0.088959046,-0.43357879
0.87690002,0.076982401,-0.43586516
0.87699997,0.064945884,-0.43782091
0.87709999,0.052858666,-0.43944448
0.87720001,0.040729914,-0.4407346
0.87730002,0.028568845,-0.44169015
0.87739998,0.016384704,-0.44231036
0.8775,0.0041866563,-0.44259447
0.87760001,-0.0080160219,-0.44254211
0.87769997,-0.020214023,-0.44215333
0.87779999,-0.032398064,-0.44142833
0.8779,-0.04455886,-0.44036755
0.87800002,-0.056687143,-0.43897176
0.87809998,-0.068773732,-0.43724167
0.87819999,-0.080809392,-0.43517852
0.87830001,-0.092784934,-0.43278384
0.87840003,-0.10469121,-0.4300594
0.87849998,-0.11651914,-0.42700717
0.8786,-0.12825966,-0.42362937
0.87870002,-0.13990383,-0.41992831
0.87879997,-0.15144274,-0.41590667
0.87889999,-0.16286753,-0.41156757
0.87900001,-0.17416947,-0.40691414
0.87910002,-0.18533988,-0.40194991
0.87919998,-0.19637023,-0.39667863
0.8793,-0.20725203,-0.39110389
0.87940001,-0.2179769,-0.38523
0.87949997,-0.22853662,-0.37906137
0.87959999,-0.23892309,-0.37260261
0.87970001,-0.24912833,-0.36585861
0.87980002,-0.25914446,-0.35883451
0.87989998,-0.26896372,-0.35153526
0.88,-0.27857855,-0.34396645
0.88010001,-0.28798157,-0.33613387
0.88020003,-0.29716554,-0.3280434
0.88029999,-0.30612332,-0.31970119
0.8804,-0.31484804,-0.31111357
0.88050002,-0.32333279,-0.3022868
0.88059998,-0.3315711,-0.29322761
0.88069999,-0.33955657,-0.28394297
0.88080001,-0.34728304,-0.27443987
0.88090003,-0.35474446,-0.26472557
0.88099998,-0.36193511,-0.25480744
0.8811,-0.36884922,-0.24469285
0.88120002,-0.37548146,-0.23438953
0.88129997,-0.38182667,-0.22390537
0.88139999,-0.38787991,-0.21324836
0.88150001,-0.39363647,-0.20242664
0.88160002,-0.39909187,-0.19144849
0.88169998,-0.40424159,-0.18032208
0.8818,-0.4090817,-0.16905597
0.88190001,-0.4136084,-0.15765882
0.88200003,-0.41781813,-0.14613931
0.88209999,-0.42170757,-0.13450631
0.8822,-0.42527366,-0.12276874
0.88230002,-0.42851332,-0.11093538
0.88239998,-0.43142408,-0.099015377
0.88249999,-0.43400359,-0.087017901
0.88260001,-0.43624982,-0.074952155
0.88270003,-0.43816093,-0.062827423
0.88279998,-0.43973535,-0.050653026
0.8829,-0.44097155,-0.038438153
0.88300002,-0.44186854,-0.02619228
0.88309997,-0.44242561,-0.013924833
0.88319999,-0.44264218,-0.0016452592
0.88330001,-0.44251806,0.010636979
0.88340002,-0.4420532,0.022912404
0.88349998,-0.44124761,0.035171673
0.8836,-0.44010192,0.047405269
0.88370001,-0.43861696,0.059603747
0.88380003,-0.43679374,0.071757682
0.88389999,-0.43463361,0.083857693
0.884,-0.4321382,0.095894404
0.88410002,-0.42930895,0.10785858
0.88419998,-0.42614812,0.11974093
0.88429999,-0.42265809,0.13153225
0.88440001,-0.41884145,0.14322342
0.88450003,-0.41470107,0.15480535
0.88459998,-0.41024011,0.16626908
0.8847,-0.40546152,0.17760572
0.88480002,-0.40036914,0.18880644
0.88489997,-0.39496678,0.19986257
0.88499999,-0.38925856,0.21076551
0.88510001,-0.38324884,0.22150677
0.88520002,-0.37694216,0.23207802
0.88529998,-0.37034297,0.24247095
0.8854,-0.36345655,0.2526775
0.88550001,-0.35628808,0.26268971
0.88559997,-0.34884304,0.27249977
0.88569999,-0.34112719,0.28210005
0.8858,-0.33314639,0.29148304
0.88590002,-0.32490644,0.3006413
0.88599998,-0.31641385,0.30956769
0.88609999,-0.30767512,0.31825528
0.88620001,-0.29869694,0.32669723
0.88630003,-0.28948626,0.33488691
0.88639998,-0.28005013,0.34281796
0.8865,-0.27039555,0.35048395
0.88660002,-0.26053008,0.35787892
0.88669997,-0.25046134,0.36499712
0.88679999,-0.24019708,0.37183288
0.88690001,-0.22974527,0.37838084
0.88700002,-0.21911393,0.38463584
0.88709998,-0.20831104,0.39059272
0.8872,-0.19734508,0.39624688
0.88730001,-0.18622454,0.40159386
0.88739997,-0.17495802,0.40662938
0.88749999,-0.16355427,0.41134948
0.8876,-0.15202209,0.41575038
0.88770002,-0.14037022,0.41982833
0.88779998,-0.12860782,0.4235802
0.88789999,-0.11674401,0.42700297
0.88800001,-0.10478801,0.43009388
0.88810003,-0.092749111,0.43285045
0.88819999,-0.080636658,0.43527043
0.8883,-0.068459906,0.43735158
0.88840002,-0.056228414,0.43909231
0.88849998,-0.043951716,0.4404912
0.88859999,-0.031639367,0.44154704
0.88870001,-0.019300971,0.44225895
0.88880002,-0.0069461353,0.44262621
0.88889998,0.0054156259,0.4426482
0.889,0.017774593,0.44232497
0.88910002,0.03012112,0.44165665
0.88919997,0.042445555,0.44064367
0.88929999,0.054738268,0.43928677
0.88940001,0.066989653,0.43758687
0.88950002,0.079190195,0.43554488
0.88959998,0.091330305,0.43316251
0.8897,0.10340047,0.43044153
0.88980001,0.11539123,0.42738396
0.88990003,0.1272932,0.42399213
0.88999999,0.13909702,0.42026851
0.8901,0.15079348,0.41621569
0.89020002,0.16237335,0.41183692
0.89029998,0.17382756,0.40713549
0.89039999,0.18514709,0.40211505
0.89050001,0.19632305,0.39677945
0.89060003,0.20734663,0.39113268
0.89069998,0.21820915,0.38517886
0.8908,0.22890203,0.37892273
0.89090002,0.23941687,0.37236908
0.89099997,0.24974535,0.36552301
0.89109999,0.25987935,0.35838979
0.89120001,0.26981083,0.35097492
0.89130002,0.2795319,0.34328383
0.89139998,0.2890349,0.33532268
0.8915,0.29831231,0.32709762
0.89160001,0.30735677,0.31861505
0.89170003,0.31616116,0.3098816
0.89179999,0.32471842,0.30090395
0.8919,0.33302167,0.29168886
0.89200002,0.34106442,0.2822437
0.89209998,0.34884024,0.2725758
0.89219999,0.35634294,0.26269269
0.89230001,0.36356658,0.2526021
0.89240003,0.37050533,0.24231187
0.89249998,0.37715355,0.23182982
0.8926,0.383506,0.22116429
0.89270002,0.38955757,0.2103236
0.89279997,0.39530346,0.19931626
0.89289999,0.40073907,0.18815091
0.89300001,0.40585995,0.17683622
0.89310002,0.41066182,0.1653809
0.89319998,0.41514096,0.15379405
0.8933,0.41929367,0.14208476
0.89340001,0.42311665,0.13026224
0.89349997,0.4266068,0.11833579
0.89359999,0.4297612,0.10631473
0.8937,0.4325771,0.094208367
0.89380002,0.43505228,0.082026348
0.89389998,0.43718472,0.069778249
0.89399999,0.43897262,0.057473723
0.89410001,0.44041452,0.045122489
0.89420003,0.44150904,0.032734226
0.89429998,0.44225511,0.020318622
0.8944,0.44265211,0.0078855446
0.89450002,0.44269967,-0.0045551858
0.89459997,0.44239765,-0.016993737
0.89469999,0.44174623,-0.029420264
0.89480001,0.44074568,-0.041824982
0.89490002,0.43939653,-0.05419812
0.89499998,0.43769991,-0.066529848
0.8951,0.43565702,-0.078810386
0.89520001,0.43326941,-0.091030009
0.89529997,0.43053892,-0.10317902
0.89539999,0.42746747,-0.11524779
0.8955,0.42405719,-0.12722678
0.89560002,0.42031088,-0.13910644
0.89569998,0.41623139,-0.15087734
0.89579999,0.41182187,-0.16253012
0.89590001,0.40708575,-0.1740555
0.89600003,0.40202656,-0.18544433
0.89609998,0.39664805,-0.19668749
0.8962,0.39095452,-0.20777607
0.89630002,0.38495043,-0.2187012
0.89639997,0.37864044,-0.22945419
0.89649999,0.37202954,-0.24002644
0.89660001,0.36512268,-0.25040948
0.89670002,0.35792518,-0.26059499
0.89679998,0.35044277,-0.27057487
0.8969,0.34268132,-0.28034109
0.89700001,0.33464694,-0.28988588
0.89709997,0.32634595,-0.29920158
0.89719999,0.31778473,-0.30828065
0.8973,0.30896989,-0.31711575
0.89740002,0.29990849,-0.32569987
0.89749998,0.29060766,-0.3340261
0.8976,0.28107476,-0.34208772
0.89770001,0.27131733,-0.34987828
0.89780003,0.26134294,-0.35739142
0.89789999,0.25115931,-0.36462098
0.898,0.24077468,-0.37156123
0.89810002,0.23019719,-0.37820655
0.89819998,0.21943527,-0.38455155
0.89829999,0.20849748,-0.39059114
0.89840001,0.19739228,-0.39632028
0.89850003,0.18612847,-0.40173426
0.89859998,0.17471503,-0.40682873
0.8987,0.16316104,-0.41159955
0.89880002,0.15147568,-0.41604283
0.89889997,0.13966829,-0.42015496
0.89899999,0.12774807,-0.42393243
0.89910001,0.1157245,-0.42737204
0.89920002,0.10360721,-0.43047103
0.89929998,0.091405846,-0.43322685
0.8994,0.079130143,-0.43563721
0.89950001,0.06678991,-0.43770009
0.89960003,0.054394867,-0.43941361
0.89969999,0.041954894,-0.4407762
0.8998,0.029479964,-0.44178677
0.89990002,0.01698005,-0.44244444
0.89999998,0.0044651483,-0.44274858
0.90009999,-0.0080547184,-0.44269887
0.90020001,-0.020569621,-0.44229504
0.90030003,-0.033069547,-0.44153729
0.90039998,-0.045544457,-0.4404262
0.9005,-0.057984352,-0.43896258
0.90060002,-0.07037925,-0.4371475
0.90069997,-0.082719207,-0.43498236
0.90079999,-0.094994366,-0.43246853
0.90090001,-0.10719487,-0.42960793
0.90100002,-0.11931091,-0.42640287
0.90109998,-0.13133273,-0.42285576
0.9012,-0.14325067,-0.41896942
0.90130001,-0.15505515,-0.41474691
0.90140003,-0.16673666,-0.41019121
0.90149999,-0.17828579,-0.40530592
0.9016,-0.18969323,-0.40009496
0.90170002,-0.20094979,-0.39456239
0.90179998,-0.21204638,-0.38871261
0.90189999,-0.22297405,-0.38255027
0.90200001,-0.23372392,-0.37607992
0.90210003,-0.24428734,-0.36930674
0.90219998,-0.25465575,-0.36223611
0.9023,-0.26482075,-0.35487369
0.90240002,-0.27477413,-0.34722531
0.90249997,-0.28450784,-0.33929709
0.90259999,-0.29401386,-0.33109501
0.90270001,-0.30328456,-0.32262567
0.90280002,-0.31231236,-0.31389588
0.90289998,-0.32108998,-0.30491257
0.903,-0.32961026,-0.29568297
0.90310001,-0.33786631,-0.28621441
0.90319997,-0.34585121,-0.27651423
0.90329999,-0.35355854,-0.26659021
0.9034,-0.36098197,-0.25645033
0.90350002,-0.36811551,-0.24610274
0.90359998,-0.3749533,-0.23555572
0.90369999,-0.38148975,-0.22481777
0.90380001,-0.38771936,-0.21389721
0.90390003,-0.39363703,-0.20280288
0.90399998,-0.3992379,-0.19154374
0.9041,-0.40451744,-0.18012881
0.90420002,-0.40947124,-0.1685673
0.90429997,-0.41409528,-0.15686853
0.90439999,-0.41838548,-0.14504166
0.90450001,-0.42233834,-0.13309629
0.90460002,-0.42595059,-0.12104209
0.90469998,-0.42921928,-0.10888875
0.9048,-0.4321416,-0.096646085
0.90490001,-0.43471521,-0.084323995
0.90499997,-0.43693757,-0.071932234
0.90509999,-0.43880692,-0.059480865
0.9052,-0.44032168,-0.046979975
0.90530002,-0.44148052,-0.034439672
0.90539998,-0.44228244,-0.021870101
0.90549999,-0.4427267,-0.0092814509
0.90560001,-0.4428125,0.003316242
0.90570003,-0.44253984,0.015912712
0.90579998,-0.44190884,0.028497741
0.9059,-0.44091991,0.041061126
0.90600002,-0.43957379,0.053592667
0.90609998,-0.43787152,0.066082194
0.90619999,-0.43581399,0.07851965
0.90630001,-0.43340293,0.0908949
0.90640002,-0.43064022,0.10319787
0.90649998,-0.42752799,0.11541857
0.9066,-0.42406875,0.12754704
0.90670002,-0.42026523,0.13957341
0.90679997,-0.41611999,0.15148793
0.90689999,-0.4116365,0.16328086
0.90700001,-0.40681833,0.17494258
0.90710002,-0.40166932,0.18646359
0.90719998,-0.39619359,0.19783449
0.9073,-0.39039552,0.20904599
0.90740001,-0.38427931,0.2200889
0.90750003,-0.37785009,0.23095419
0.90759999,-0.371113,0.241633
0.9077,-0.36407343,0.25211656
0.90780002,-0.35673705,0.26239634
0.90789998,-0.34910977,0.27246386
0.90799999,-0.34119734,0.28231081
0.90810001,-0.33300632,0.29192913
0.90820003,-0.32454336,0.30131093
0.90829998,-0.31581521,0.31044853
0.9084,-0.30682895,0.31933439
0.90850002,-0.29759189,0.32796124
0.90859997,-0.28811109,0.33632177
0.90869999,-0.27839443,0.3444092
0.90880001,-0.26844978,0.35221684
0.90890002,-0.25828516,0.35973829
0.90899998,-0.24790886,0.36696729
0.9091,-0.23732927,0.37389791
0.90920001,-0.22655468,0.38052419
0.90930003,-0.21559398,0.3868407
0.90939999,-0.20445609,0.39284226
0.9095,-0.19315006,0.39852387
0.90960002,-0.18168509,0.40388077
0.90969998,-0.17007053,0.40890855
0.90979999,-0.15831554,0.41360274
0.90990001,-0.14642987,0.41795951
0.91000003,-0.13442317,0.42197523
0.91009998,-0.12230525,0.42564654
0.9102,-0.11008602,0.42897037
0.91030002,-0.097775429,0.43194389
0.91039997,-0.085383318,0.43456423
0.91049999,-0.072919935,0.43682939
0.91060001,-0.060395464,0.43873733
0.91070002,-0.047820155,0.44028646
0.91079998,-0.035204303,0.44147542
0.9109,-0.022558231,0.44230315
0.91100001,-0.0098921349,0.44276848
0.91109997,0.0027835157,0.44287115
0.91119999,0.01545833,0.44261098
0.9113,0.028121907,0.44198811
0.91140002,0.040763851,0.44100294
0.91149998,0.053373788,0.4396562
0.91159999,0.06594146,0.4379485
0.91170001,0.078456484,0.43588138
0.91180003,0.090908565,0.43345645
0.91189998,0.10328746,0.43067557
0.912,0.11558297,0.42754096
0.91210002,0.127785,0.42405513
0.91219997,0.1398835,0.4202204
0.91229999,0.15186849,0.41604012
0.91240001,0.1637301,0.41151759
0.91250002,0.17545852,0.40665644
0.91259998,0.18704408,0.40146065
0.9127,0.19847721,0.39593428
0.91280001,0.20974843,0.39008155
0.91289997,0.22084844,0.38390732
0.91299999,0.23176804,0.37741658
0.9131,0.24249822,0.37061465
0.91320002,0.25303006,0.36350703
0.91329998,0.26335487,0.35609946
0.91339999,0.27346396,0.34839764
0.91350001,0.28334901,0.34040806
0.91360003,0.2930018,0.33213717
0.91369998,0.30241433,0.32359177
0.9138,0.31157878,0.31477883
0.91390002,0.32048747,0.30570552
0.91399997,0.32913288,0.29637891
0.91409999,0.33750787,0.28680688
0.91420001,0.34560549,0.27699724
0.91430002,0.35341895,0.266958
0.91439998,0.36094174,0.25669745
0.9145,0.36816755,0.24622391
0.91460001,0.37509012,0.23554575
0.91469997,0.38170379,0.22467189
0.91479999,0.38800302,0.21361126
0.9149,0.39398247,0.20237297
0.91500002,0.39963719,0.19096628
0.91509998,0.40496233,0.17940052
0.9152,0.40995321,0.167685
0.91530001,0.41460571,0.15582952
0.91540003,0.41891593,0.14384383
0.91549999,0.4228802,0.13173784
0.9156,0.42649516,0.11952156
0.91570002,0.42975765,0.10720502
0.91579998,0.43266466,0.094798215
0.91589999,0.4352138,0.082311526
0.91600001,0.43740293,0.069755271
0.91610003,0.43923008,0.057139844
0.91619998,0.44069374,0.044475704
0.9163,0.4417924,0.031773288
0.91640002,0.44252491,0.019043004
0.91649997,0.44289067,0.006295484
0.91659999,0.4428893,-0.0064586974
0.91670001,0.44252074,-0.019208953
0.91680002,0.44178516,-0.031944688
0.91689998,0.44068301,-0.04465536
0.917,0.43921486,-0.057330485
0.91710001,0.43738198,-0.069959462
0.91720003,0.43518582,-0.082531795
0.91729999,0.43262812,-0.095037021
0.9174,0.42971092,-0.10746471
0.91750002,0.42643645,-0.11980454
0.91759998,0.42280707,-0.13204625
0.91769999,0.41882589,-0.14417961
0.91780001,0.41449612,-0.15619449
0.91790003,0.40982133,-0.16808088
0.91799998,0.40480527,-0.17982884
0.9181,0.39945194,-0.19142856
0.91820002,0.39376548,-0.20287031
0.91829997,0.38775069,-0.21414453
0.91839999,0.38141248,-0.2252418
0.91850001,0.37475607,-0.23615283
0.91860002,0.367787,-0.24686846
0.91869998,0.36051077,-0.25737968
0.9188,0.35293323,-0.26767766
0.91890001,0.34506071,-0.27775377
0.91900003,0.33689976,-0.28759953
0.91909999,0.32845709,-0.29720667
0.9192,0.31973973,-0.30656716
0.91930002,0.31075469,-0.31567299
0.91939998,0.30150923,-0.32451651
0.91949999,0.2920112,-0.33309025
0.91960001,0.2822684,-0.341387
0.91970003,0.27228895,-0.34939978
0.91979998,0.26208112,-0.35712183
0.9199,0.25165328,-0.36454651
0.92000002,0.24101391,-0.37166744
0.92009997,0.23017199,-0.37847868
0.92019999,0.21913652,-0.38497445
0.92030001,0.20791669,-0.39114925
0.92040002,0.19652189,-0.39699784
0.92049998,0.18496144,-0.40251511
0.9206,0.17324486,-0.40769625
0.92070001,0.16138203,-0.41253692
0.92079997,0.14938286,-0.41703302
0.92089999,0.13725734,-0.42118064
0.921,0.12501565,-0.42497629
0.92110002,0.11266787,-0.42841652
0.92119998,0.10022423,-0.43149826
0.92129999,0.087695248,-0.43421888
0.92140001,0.075091384,-0.4365761
0.92150003,0.062423207,-0.43856776
0.92159998,0.04970134,-0.44019219
0.9217,0.036936339,-0.44144773
0.92180002,0.024138846,-0.4423331
0.92189997,0.011319661,-0.44284761
0.92199999,-0.0015104606,-0.44299069
0.92210001,-0.014340741,-0.44276214
0.92220002,-0.027160391,-0.44216213
0.92229998,-0.039958715,-0.44119081
0.9224,-0.052724984,-0.43984881
0.92250001,-0.065448418,-0.43813726
0.92259997,-0.078118309,-0.43605754
0.92269999,-0.090723991,-0.4336113
0.9228,-0.10325483,-0.43080053
0.92290002,-0.11570031,-0.42762727
0.92299998,-0.12804995,-0.42409399
0.92309999,-0.14029332,-0.42020372
0.92320001,-0.15242006,-0.4159596
0.92330003,-0.16441996,-0.41136518
0.92339998,-0.17628287,-0.40642422
0.9235,-0.18799874,-0.40114054
0.92360002,-0.19955768,-0.39551848
0.92369998,-0.2109499,-0.38956276
0.92379999,-0.22216576,-0.38327831
0.92390001,-0.23319577,-0.37667039
0.92400002,-0.24403057,-0.36974451
0.92409998,-0.2546609,-0.36250615
0.9242,-0.2650778,-0.35496128
0.92430001,-0.27527237,-0.34711632
0.92439997,-0.28523597,-0.33897778
0.92449999,-0.29496014,-0.33055252
0.92460001,-0.30443665,-0.32184756
0.92470002,-0.31365728,-0.31286994
0.92479998,-0.32261419,-0.30362713
0.9249,-0.33129975,-0.29412699
0.92500001,-0.3397066,-0.28437743
0.92510003,-0.34782752,-0.2743867
0.92519999,-0.35565564,-0.26416317
0.9253,-0.36318406,-0.25371519
0.92540002,-0.37040639,-0.24305153
0.92549998,-0.37731639,-0.23218124
0.92559999,-0.38390824,-0.22111344
0.92570001,-0.39017621,-0.20985748
0.92580003,-0.39611498,-0.19842286
0.92589998,-0.40171918,-0.18681899
0.926,-0.40698406,-0.17505564
0.92610002,-0.41190505,-0.16314282
0.92619997,-0.41647795,-0.15109056
0.92629999,-0.42069879,-0.13890907
0.92640001,-0.42456391,-0.12660867
0.92650002,-0.42806971,-0.11419953
0.92659998,-0.43121311,-0.10169218
0.9267,-0.43399146,-0.089097239
0.92680001,-0.43640226,-0.076425381
0.92690003,-0.43844345,-0.063687347
0.92699999,-0.44011319,-0.050893947
0.9271,-0.44140965,-0.038055852
0.92720002,-0.4423317,-0.025183989
0.92729998,-0.44287854,-0.012289309
0.92739999,-0.44304958,0.0006172359
0.92750001,-0.4428446,0.013524677
0.92760003,-0.44226372,0.026422031
0.92769998,-0.44130701,0.03929846
0.9278,-0.4399752,0.052142978
0.92790002,-0.43826947,0.064944632
0.92799997,-0.43619108,0.077692524
0.92809999,-0.43374181,0.090375796
0.92820001,-0.43092364,0.10298362
0.92830002,-0.42773852,0.11550533
0.92839998,-0.42418912,0.12793019
0.9285,-0.42027846,0.14024763
0.92860001,-0.41600978,0.1524471
0.92869997,-0.41138664,0.16451819
0.92879999,-0.40641293,0.17645058
0.9289,-0.40109238,0.18823406
0.92900002,-0.39542958,0.19985856
0.92909998,-0.3894293,0.2113141
0.92919999,-0.38309658,0.22259089
0.92930001,-0.37643677,0.23367926
0.92940003,-0.36945549,0.24456972
0.92949998,-0.36215821,0.25525284
0.9296,-0.35455123,0.26571947
0.92970002,-0.34664097,0.27596062
0.92979997,-0.33843413,0.28596753
0.92989999,-0.3299377,0.29573157
0.93000001,-0.32115886,0.30524433
0.93010002,-0.31210461,0.3144975
0.93019998,-0.30278283,0.32348314
0.9303,-0.29320142,0.33219352
0.93040001,-0.28336853,0.34062114
0.93049997,-0.27329248,0.3487587
0.93059999,-0.26298189,0.35659921
0.9307,-0.25244513,0.36413565
0.93080002,-0.24169134,0.37136158
0.93089998,-0.23072967,0.37827078
0.93099999,-0.21956944,0.38485721
0.93110001,-0.20822021,0.39111519
0.93120003,-0.19669168,0.39703932
0.93129998,-0.18499327,0.40262407
0.9314,-0.17313516,0.40786478
0.93150002,-0.16112751,0.41275683
0.93159997,-0.14898054,0.41729596
0.93169999,-0.13670467,0.42147824
0.93180001,-0.12431039,0.42529997
0.93190002,-0.11180801,0.4287574
0.93199998,-0.099208385,0.43184769
0.9321,-0.086522304,0.43456811
0.93220001,-0.073760636,0.4369162
0.93229997,-0.060934328,0.43888989
0.93239999,-0.048054393,0.44048741
0.9325,-0.035131637,0.4417069
0.93260002,-0.022177281,0.44254735
0.93269998,-0.0092024459,0.44300804
0.93279999,0.003781721,0.44308841
0.93290001,0.01676405,0.44278839
0.93300003,0.029733375,0.44210809
0.93309999,0.042678699,0.44104758
0.9332,0.055588789,0.43960792
0.93330002,0.068452537,0.43779022
0.93339998,0.081258856,0.43559599
0.93349999,0.093996704,0.43302703
0.93360001,0.1066551,0.43008548
0.93370003,0.11922319,0.42677331
0.93379998,0.1316901,0.42309353
0.9339,0.14404505,0.4190492
0.93400002,0.15627739,0.41464373
0.93409997,0.16837652,0.40988088
0.93419999,0.18033198,0.40476462
0.93430001,0.19213343,0.39929882
0.93440002,0.20377065,0.39348838
0.93449998,0.21523358,0.38733822
0.9346,0.22651225,0.38085353
0.93470001,0.23759693,0.37403992
0.93480003,0.24847795,0.3669031
0.93489999,0.25914583,0.35944873
0.935,0.26959133,0.35168344
0.93510002,0.27980536,0.34361386
0.93519998,0.28977907,0.33524686
0.93529999,0.29950374,0.32658961
0.93540001,0.30897096,0.31764957
0.93550003,0.31817228,0.30843389
0.93559998,0.3270998,0.29895079
0.9357,0.33574569,0.28920835
0.93580002,0.34410244,0.27921495
0.93589997,0.35216272,0.26897919
0.93599999,0.35991952,0.25850984
0.93610001,0.36736578,0.24781555
0.93620002,0.37449515,0.23690572
0.93629998,0.38130131,0.22578977
0.9364,0.38777837,0.21447724
0.93650001,0.3939206,0.20297793
0.93660003,0.39972258,0.1913017
0.93669999,0.4051789,0.17945835
0.9368,0.41028494,0.16745825
0.93690002,0.41503617,0.15531178
0.93699998,0.41942841,0.14302944
0.93709999,0.42345774,0.13062188
0.93720001,0.42712057,0.11809977
0.93730003,0.43041328,0.10547372
0.93739998,0.43333313,0.092754811
0.9375,0.43587747,0.07995405
0.93760002,0.43804404,0.067082547
0.93769997,0.43983087,0.054151464
0.93779999,0.44123623,0.041171998
0.93790001,0.44225851,0.028155224
0.93800002,0.44289693,0.015112562
0.93809998,0.44315079,0.002055337
0.9382,0.44301981,-0.011005097
0.93830001,0.44250405,-0.024057373
0.93839997,0.44160375,-0.037090164
0.93849999,0.4403193,-0.050092246
0.9386,0.43865189,-0.063052215
0.93870002,0.43660292,-0.075958796
0.93879998,0.43417403,-0.088800728
0.93889999,0.43136734,-0.10156681
0.93900001,0.42818505,-0.11424591
0.93910003,0.42462951,-0.12682705
0.93919998,0.42070395,-0.13929915
0.9393,0.41641167,-0.15165137
0.93940002,0.41175637,-0.1638729
0.93949997,0.40674207,-0.17595303
0.93959999,0.40137288,-0.1878812
0.93970001,0.39565307,-0.19964696
0.93980002,0.38958782,-0.21124004
0.93989998,0.38318229,-0.22265023
0.94,0.37644199,-0.23386756
0.94010001,0.36937276,-0.24488218
0.94019997,0.36198059,-0.25568441
0.94029999,0.35427153,-0.26626471
0.9404,0.34625244,-0.2766138
0.94050002,0.33793026,-0.2867226
0.94059998,0.32931221,-0.29658222
0.94069999,0.32040575,-0.30618396
0.94080001,0.31121847,-0.31551936
0.94090003,0.30175808,-0.32458004
0.94099998,0.29203296,-0.33335811
0.9411,0.28205156,-0.34184581
0.94120002,0.27182254,-0.35003564
0.94129997,0.26135486,-0.35792041
0.94139999,0.25065747,-0.36549303
0.94150001,0.23973945,-0.37274662
0.94160002,0.22861046,-0.37967491
0.94169998,0.21728021,-0.38627174
0.9418,0.20575859,-0.39253122
0.94190001,0.19405565,-0.39844784
0.94199997,0.18218151,-0.40401623
0.94209999,0.17014633,-0.40923119
0.94220001,0.15796076,-0.41408825
0.94230002,0.14563547,-0.41858301
0.94239998,0.13318123,-0.42271149
0.9425,0.12060896,-0.42646998
0.94260001,0.10792955,-0.42985496
0.94270003,0.095153965,-0.43286318
0.94279999,0.08229351,-0.43549204
0.9429,0.069359452,-0.43773913
0.94300002,0.056363143,-0.43960243
0.94309998,0.043316007,-0.44108021
0.94319999,0.030229395,-0.44217089
0.94330001,0.017114704,-0.44287327
0.94340003,0.0039835386,-0.44318676
0.94349998,-0.0091525614,-0.44311097
0.9436,-0.022282038,-0.44264594
0.94370002,-0.035393327,-0.44179198
0.94379997,-0.04847496,-0.44054955
0.94389999,-0.061515469,-0.43891948
0.94400001,-0.074503317,-0.43690324
0.94410002,-0.087427057,-0.43450251
0.94419998,-0.10027529,-0.43171936
0.9443,-0.11303668,-0.42855614
0.94440001,-0.12569998,-0.42501536
0.94450003,-0.13825405,-0.42109984
0.94459999,-0.15068777,-0.41681311
0.9447,-0.16299014,-0.41215885
0.94480002,-0.17515029,-0.40714112
0.94489998,-0.18715745,-0.40176427
0.94499999,-0.199001,-0.39603269
0.94510001,-0.21067044,-0.38995126
0.94520003,-0.22215542,-0.38352534
0.94529998,-0.23344578,-0.37676057
0.9454,-0.2445315,-0.36966282
0.94550002,-0.25540274,-0.36223835
0.94559997,-0.26604977,-0.35449338
0.94569999,-0.27646315,-0.3464345
0.94580001,-0.28663364,-0.33806893
0.94590002,-0.29655215,-0.329404
0.94599998,-0.30620992,-0.32044727
0.9461,-0.31559831,-0.31120667
0.94620001,-0.32470888,-0.30169004
0.94630003,-0.33353344,-0.29190561
0.94639999,-0.34206417,-0.28186208
0.9465,-0.35029343,-0.27156833
0.94660002,-0.35821393,-0.26103339
0.94669998,-0.36581856,-0.25026655
0.94679999,-0.37310034,-0.23927708
0.94690001,-0.38005275,-0.22807457
0.94700003,-0.38666955,-0.21666896
0.94709998,-0.39294484,-0.20507036
0.9472,-0.39887297,-0.193289
0.94730002,-0.40444866,-0.1813353
0.94739997,-0.40966663,-0.16921958
0.94749999,-0.41452214,-0.15695253
0.94760001,-0.41901088,-0.14454505
0.94770002,-0.42312878,-0.13200814
0.94779998,-0.4268721,-0.11935288
0.9479,-0.43023747,-0.10659052
0.94800001,-0.43322155,-0.093732171
0.94809997,-0.43582162,-0.080789208
0.94819999,-0.43803531,-0.067773186
0.9483,-0.43986064,-0.054695647
0.94840002,-0.44129589,-0.041568216
0.94849998,-0.4423396,-0.028402502
0.94859999,-0.44299045,-0.015210028
0.94870001,-0.44324794,-0.0020026132
0.94880003,-0.44311178,0.01120801
0.94889998,-0.44258192,0.024410097
0.949,-0.44165882,0.037591904
0.94910002,-0.44034284,0.050741777
0.94919997,-0.4386352,0.063847989
0.94929999,-0.43653733,0.076898865
0.94940001,-0.43405095,0.089882784
0.94950002,-0.43117821,0.10278817
0.94959998,-0.42792144,0.11560351
0.9497,-0.42428333,0.12831739
0.94980001,-0.42026711,0.14091842
0.94989997,-0.41587627,0.15339538
0.94999999,-0.41111463,0.16573709
0.9501,-0.40598634,0.17793252
0.95020002,-0.40049556,0.18997075
0.95029998,-0.3946473,0.20184101
0.95039999,-0.38844666,0.21353266
0.95050001,-0.38189909,0.22503521
0.95060003,-0.3750104,0.23633835
0.95069999,-0.36778635,0.2474319
0.9508,-0.36023337,0.25830594
0.95090002,-0.35235816,0.26895064
0.95099998,-0.34416765,0.27935651
0.95109999,-0.33566916,0.28951418
0.95120001,-0.32687005,0.29941446
0.95130002,-0.31777793,0.30904835
0.95139998,-0.30840102,0.31840727
0.9515,-0.29874757,0.32748273
0.95160002,-0.28882617,0.33626661
0.95169997,-0.27864563,0.34475094
0.95179999,-0.26821473,0.35292789
0.95190001,-0.25754288,0.36079019
0.95200002,-0.24663952,0.36833066
0.95209998,-0.23551439,0.37554252
0.9522,-0.22417741,0.38241923
0.95230001,-0.21263853,0.3889544
0.95240003,-0.20090799,0.39514211
0.95249999,-0.18899632,0.40097672
0.9526,-0.17691413,0.40645289
0.95270002,-0.16467223,0.41156572
0.95279998,-0.15228152,0.41631043
0.95289999,-0.13975291,0.42068249
0.95300001,-0.1270977,0.424678
0.95310003,-0.1143272,0.42829329
0.95319998,-0.10145285,0.43152502
0.9533,-0.088486195,0.43437019
0.95340002,-0.075438686,0.4368259
0.95349997,-0.062322065,0.43888998
0.95359999,-0.049148105,0.44056043
0.95370001,-0.035928633,0.4418357
0.95380002,-0.022675512,0.44271454
0.95389998,-0.0094005931,0.44319591
0.954,0.0038842491,0.44327921
0.95410001,0.017167039,0.44296435
0.95420003,0.030435836,0.44225144
0.95429999,0.043678697,0.44114113
0.9544,0.056883711,0.43963426
0.95450002,0.070039056,0.4377318
0.95459998,0.083132841,0.4354355
0.95469999,0.096153267,0.43274733
0.95480001,0.1090886,0.42966965
0.95490003,0.12192715,0.4262051
0.95499998,0.13465737,0.42235652
0.9551,0.14726776,0.41812724
0.95520002,0.1597469,0.41352105
0.95529997,0.17208354,0.40854201
0.95539999,0.18426651,0.40319452
0.95550001,0.19628477,0.3974832
0.95560002,0.20812745,0.39141297
0.95569998,0.21978381,0.38498929
0.9558,0.23124331,0.37821788
0.95590001,0.24249554,0.37110478
0.95599997,0.25353029,0.36365634
0.95609999,0.26433751,0.35587886
0.9562,0.27490738,0.34777942
0.95630002,0.28523031,0.3393653
0.95639998,0.29529691,0.33064398
0.95649999,0.30509803,0.32162333
0.95660001,0.31462467,0.3123112
0.95670003,0.32386813,0.3027159
0.95679998,0.33282,0.29284611
0.9569,0.34147215,0.28271067
0.95700002,0.34981665,0.27231872
0.95709997,0.35784587,0.26167956
0.95719999,0.36555231,0.25080249
0.95730001,0.37292901,0.23969744
0.95740002,0.37996918,0.22837441
0.95749998,0.38666639,0.21684361
0.9576,0.39301449,0.20511542
0.95770001,0.39900747,0.1932002
0.95779997,0.40463987,0.18110879
0.95789999,0.40990648,0.16885209
0.958,0.41480246,0.15644118
0.95810002,0.41932327,0.14388728
0.95819998,0.42346466,0.13120167
0.95829999,0.42722261,0.11839572
0.95840001,0.43059376,0.10548107
0.95850003,0.43357491,0.092469424
0.95859998,0.43616328,0.07937257
0.9587,0.43835643,0.066202372
0.95880002,0.44015196,0.052970603
0.95889997,0.44154832,0.039689351
0.95899999,0.4425441,0.026370659
0.95910001,0.44313836,0.013026624
0.95920002,0.44333044,-0.00033062787
0.95929998,0.44311982,-0.01368905
0.9594,0.44250664,-0.027036496
0.95950001,0.4414914,-0.040360808
0.95959997,0.44007489,-0.053649869
0.95969999,0.43825835,-0.066891573
0.9598,0.43604326,-0.080073878
0.95990002,0.43343127,-0.093184821
0.95999998,0.43042484,-0.10621242
0.9601,0.4270266,-0.1191448
0.96020001,0.42323953,-0.13197017
0.96030003,0.41906703,-0.1446768
0.96039999,0.41451243,-0.15725313
0.9605,0.40957996,-0.16968764
0.96060002,0.40427405,-0.18196897
0.96069998,0.39859939,-0.19408588
0.96079999,0.39256114,-0.20602731
0.96090001,0.38616449,-0.21778227
0.96100003,0.37941512,-0.22934002
0.96109998,0.37231919,-0.24068996
0.9612,0.3648831,-0.25182167
0.96130002,0.35711354,-0.26272497
0.96139997,0.3490175,-0.27338982
0.96149999,0.34060201,-0.28380635
0.96160001,0.33187482,-0.29396501
0.96170002,0.32284385,-0.30385649
0.96179998,0.31351721,-0.31347167
0.9619,0.30390346,-0.32280174
0.96200001,0.29401103,-0.33183792
0.96210003,0.28384891,-0.34057194
0.96219999,0.27342638,-0.34899577
0.9623,0.26275292,-0.35710159
0.96240002,0.25183827,-0.36488196
0.96249998,0.24069218,-0.37232956
0.96259999,0.22932473,-0.37943745
0.96270001,0.21774632,-0.38619909
0.96280003,0.2059675,-0.39260817
0.96289998,0.19399905,-0.39865878
0.963,0.18185185,-0.4043453
0.96310002,0.16953674,-0.40966216
0.96319997,0.15706511,-0.41460454
0.96329999,0.14444834,-0.41916779
0.96340001,0.13169794,-0.42334768
0.96350002,0.11882561,-0.4271403
0.96359998,0.10584296,-0.43054181
0.9637,0.092761882,-0.43354911
0.96380001,0.079594374,-0.43615928
0.96390003,0.066352502,-0.43836987
0.96399999,0.053048413,-0.44017878
0.9641,0.039694265,-0.44158417
0.96420002,0.026302194,-0.44258446
0.96429998,0.01288456,-0.44317874
0.96439999,-0.00054632494,-0.44336635
0.96450001,-0.01397812,-0.44314703
0.96460003,-0.027398473,-0.44252095
0.96469998,-0.040795159,-0.44148818
0.9648,-0.054155808,-0.44004977
0.96490002,-0.067468122,-0.43820694
0.96499997,-0.080719858,-0.43596125
0.96509999,-0.093898788,-0.43331474
0.96520001,-0.10699282,-0.43026951
0.96530002,-0.11998987,-0.42682824
0.96539998,-0.13287796,-0.42299405
0.9655,-0.14564519,-0.41877037
0.96560001,-0.15827978,-0.41416103
0.96569997,-0.17077005,-0.40917012
0.96579999,-0.18310447,-0.40380186
0.9659,-0.19527163,-0.39806128
0.96600002,-0.20726027,-0.39195353
0.96609998,-0.2190593,-0.38548419
0.96619999,-0.23065782,-0.37865919
0.96630001,-0.242045,-0.3714844
0.96640003,-0.25321034,-0.36396644
0.96649998,-0.26414344,-0.35611218
0.9666,-0.27483419,-0.34792879
0.96670002,-0.28527266,-0.33942378
0.96679997,-0.29544911,-0.33060479
0.96689999,-0.30535403,-0.32147971
0.96700001,-0.31497827,-0.31205702
0.96710002,-0.32431281,-0.30234534
0.96719998,-0.33334899,-0.2923536
0.9673,-0.34207842,-0.28209093
0.96740001,-0.35049275,-0.27156651
0.96749997,-0.35858423,-0.26079008
0.96759999,-0.36634529,-0.2497716
0.9677,-0.37376866,-0.23852117
0.96780002,-0.38084742,-0.22704917
0.96789998,-0.38757482,-0.21536599
0.96799999,-0.3939445,-0.20348236
0.96810001,-0.3999505,-0.19140927
0.96820003,-0.40558723,-0.17915787
0.96829998,-0.41084933,-0.16673946
0.9684,-0.41573185,-0.15416546
0.96850002,-0.42022991,-0.14144731
0.96859998,-0.42433941,-0.12859684
0.96869999,-0.42805645,-0.11562596
0.96880001,-0.43137747,-0.10254664
0.96890002,-0.43429935,-0.089371011
0.96899998,-0.43681896,-0.076111056
0.9691,-0.43893397,-0.062779151
0.96920002,-0.44064236,-0.049387641
0.96929997,-0.44194242,-0.03594894
0.96939999,-0.44283292,-0.022475524
0.96950001,-0.44331273,-0.0089798123
0.96960002,-0.44338119,0.0045257113
0.96969998,-0.44303825,0.018028468
0.9698,-0.44228414,0.031515915
0.96990001,-0.44111946,0.044975515
0.97000003,-0.43954515,0.058394764
0.97009999,-0.43756232,0.07176125
0.9702,-0.4351728,0.085062504
0.97030002,-0.43237877,0.09828613
0.97039998,-0.42918271,0.11141983
0.97049999,-0.42558756,0.12445134
0.97060001,-0.42159623,0.13736856
0.97070003,-0.4172124,0.15015942
0.97079998,-0.41244012,0.16281198
0.9709,-0.40728369,0.17531444
0.97100002,-0.40174791,0.18765512
0.97109997,-0.39583769,0.19982247
0.97119999,-0.38955826,0.21180512
0.97130001,-0.38291547,0.22359183
0.97140002,-0.37591547,0.23517162
0.97149998,-0.3685647,0.24653362
0.9716,-0.36086991,0.25766718
0.97170001,-0.35283786,0.26856178
0.97180003,-0.34447613,0.27920726
0.97189999,-0.33579245,0.28959364
0.972,-0.32679486,0.29971111
0.97210002,-0.31749168,0.30955023
0.97219998,-0.30789128,0.31910163
0.97229999,-0.29800257,0.32835633
0.97240001,-0.28783476,0.33730561
0.97250003,-0.27739727,0.34594107
0.97259998,-0.26669985,0.35425457
0.9727,-0.25575233,0.36223823
0.97280002,-0.24456464,0.36988434
0.97289997,-0.23314734,0.37718576
0.97299999,-0.22151104,0.3841356
0.97310001,-0.20966658,0.39072728
0.97320002,-0.19762503,0.39695457
0.97329998,-0.1853973,0.40281129
0.9734,-0.17299493,0.408292
0.97350001,-0.16042946,0.41339147
0.97359997,-0.14771263,0.4181048
0.97369999,-0.13485634,0.42242756
0.9738,-0.12187249,0.42635548
0.97390002,-0.10877311,0.42988461
0.97399998,-0.095570527,0.43301171
0.97409999,-0.082277082,0.43573374
0.97420001,-0.068905219,0.43804801
0.97430003,-0.055467449,0.43995228
0.97439998,-0.041976195,0.44144437
0.9745,-0.02844418,0.44252291
0.97460002,-0.014884087,0.44318685
0.97469997,-0.0013086352,0.4434354
0.97479999,0.012269428,0.4432683
0.97490001,0.025837461,0.44268531
0.97500002,0.039382707,0.4416869
0.97509998,0.052892424,0.440274
0.9752,0.066353917,0.4384478
0.97530001,0.079754524,0.43620998
0.97539997,0.093081653,0.43356237
0.97549999,0.10632281,0.43050721
0.9756,0.1194655,0.42704737
0.97570002,0.13249734,0.42318603
0.97579998,0.14540605,0.41892675
0.97589999,0.15817946,0.41427341
0.97600001,0.17080553,0.40922993
0.97610003,0.18327233,0.40380117
0.97619998,0.1955681,0.3979921
0.9763,0.20768122,0.39180815
0.97640002,0.21960025,0.3852551
0.97649997,0.23131387,0.37833872
0.97659999,0.24281101,0.37106544
0.97670001,0.2540808,0.36344212
0.97680002,0.26511255,0.35547584
0.97689998,0.2758958,0.34717402
0.977,0.28642035,0.3385444
0.97710001,0.29667607,0.32959473
0.97719997,0.30665332,0.32033354
0.97729999,0.31634262,0.31076947
0.9774,0.32573473,0.30091152
0.97750002,0.33482078,0.29076892
0.97759998,0.3435919,0.28035086
0.9777,0.35203981,0.26966721
0.97780001,0.36015651,0.25872806
0.97790003,0.3679342,0.24754362
0.97799999,0.3753655,0.23612447
0.9781,0.38244319,0.22448118
0.97820002,0.38916042,0.21262459
0.97829998,0.39551079,0.20056595
0.97839999,0.40148827,0.18831661
0.97850001,0.40708712,0.17588814
0.97860003,0.4123019,0.1632922
0.97869998,0.41712734,0.15054044
0.9788,0.42155895,0.13764504
0.97890002,0.42559239,0.12461813
0.97899997,0.42922381,0.11147203
0.97909999,0.43244967,0.098219179
0.97920001,0.43526658,0.084871933
0.97930002,0.43767181,0.071442932
0.97939998,0.43966299,0.057944898
0.9795,0.44123816,0.044390611
0.97960001,0.44239581,0.030792918
0.97970003,0.44313455,0.017164646
0.97979999,0.4434534,0.0035186147
0.9799,0.4433521,-0.010132178
0.98000002,0.44283065,-0.023774788
0.98009998,0.44188946,-0.037396267
0.98019999,0.44052935,-0.050983675
0.98030001,0.4387511,-0.064524218
0.98040003,0.43655652,-0.078004979
0.98049998,0.43394753,-0.09141314
0.9806,0.43092659,-0.10473596
0.98070002,0.42749646,-0.11796076
0.98079997,0.4236601,-0.13107497
0.98089999,0.41942096,-0.1440661
0.98100001,0.41478306,-0.15692179
0.98110002,0.40975076,-0.16962975
0.98119998,0.40432873,-0.18217792
0.9813,0.39852199,-0.19455425
0.98140001,0.39233568,-0.20674698
0.98150003,0.38577577,-0.21874443
0.98159999,0.37884837,-0.23053516
0.9817,0.37156004,-0.24210788
0.98180002,0.36391765,-0.25345156
0.98189998,0.35592806,-0.26455525
0.98199999,0.34759888,-0.27540833
0.98210001,0.338938,-0.2860004
0.98220003,0.32995358,-0.29632133
0.98229998,0.32065418,-0.30636126
0.9824,0.31104842,-0.31611043
0.98250002,0.3011452,-0.32555944
0.98259997,0.29095402,-0.33469927
0.98269999,0.28048456,-0.34352112
0.98280001,0.26974672,-0.35201651
0.98290002,0.25875071,-0.36017725
0.98299998,0.24750663,-0.36799526
0.9831,0.23602532,-0.37546313
0.98320001,0.22431768,-0.38257363
0.98329997,0.21239483,-0.3893199
0.98339999,0.20026816,-0.39569542
0.9835,0.18794897,-0.40169382
0.98360002,0.175449,-0.40730929
0.98369998,0.16278018,-0.41253641
0.98379999,0.14995462,-0.41737014
0.98390001,0.13698453,-0.42180571
0.98400003,0.12388221,-0.42583874
0.98409998,0.11066004,-0.42946512
0.9842,0.097330704,-0.43268132
0.98430002,0.083906949,-0.43548423
0.98439997,0.070401594,-0.43787107
0.98449999,0.056827568,-0.43983948
0.98460001,0.043197647,-0.44138712
0.98470002,0.029524971,-0.44251257
0.98479998,0.015822617,-0.44321468
0.9849,0.0021037122,-0.44349265
0.98500001,-0.011618593,-0.44334614
0.98509997,-0.025331223,-0.44277498
0.98519999,-0.03902106,-0.44177958
0.9853,-0.052674938,-0.44036084
0.98540002,-0.066279761,-0.43852004
0.98549998,-0.079822451,-0.43625888
0.98559999,-0.093290031,-0.43357939
0.98570001,-0.1066696,-0.43048367
0.98580003,-0.11994826,-0.4269748
0.98589998,-0.13311325,-0.42305607
0.986,-0.14615192,-0.41873112
0.98610002,-0.15905169,-0.41400409
0.98619998,-0.17180015,-0.40887901
0.98629999,-0.18438503,-0.40336084
0.98640001,-0.19679418,-0.39745486
0.98650002,-0.20901564,-0.3911666
0.98659998,-0.22103761,-0.38450208
0.9867,-0.23284848,-0.37746745
0.98680001,-0.2444368,-0.37006921
0.98689997,-0.2557914,-0.36231452
0.98699999,-0.26690128,-0.35421079
0.98710001,-0.27775574,-0.34576571
0.98720002,-0.2883442,-0.33698732
0.98729998,-0.29865637,-0.32788366
0.9874,-0.30868226,-0.31846362
0.98750001,-0.31841218,-0.30873615
0.98760003,-0.32783666,-0.29871055
0.98769999,-0.33694658,-0.28839651
0.9878,-0.34573296,-0.27780357
0.98790002,-0.35418722,-0.26694191
0.98799998,-0.3623012,-0.255822
0.98809999,-0.370067,-0.2444545
0.98820001,-0.37747705,-0.23285033
0.98830003,-0.38452408,-0.22102056
0.98839998,-0.39120099,-0.20897634
0.9885,-0.39750141,-0.19672936
0.98860002,-0.40341914,-0.18429141
0.98869997,-0.40894839,-0.17167443
0.98879999,-0.41408378,-0.15889063
0.98890001,-0.41881987,-0.145952
0.98900002,-0.42315224,-0.13287114
0.98909998,-0.42707655,-0.11966066
0.9892,-0.43058893,-0.1063333
0.98930001,-0.43368593,-0.09290193
0.98940003,-0.43636423,-0.079379387
0.98949999,-0.4386211,-0.06577868
0.9896,-0.44045433,-0.052112993
0.98970002,-0.44186208,-0.038395539
0.98979998,-0.44284287,-0.02463958
0.98989999,-0.44339561,-0.010858407
0.99000001,-0.44351938,0.0029347835
0.99010003,-0.44321412,0.016726566
0.99019998,-0.44248,0.03050359
0.9903,-0.44131768,0.0442525
0.99040002,-0.4397282,0.057959963
0.99049997,-0.43771267,0.071612775
0.99059999,-0.43527302,0.085197672
0.99070001,-0.43241155,0.098701462
0.99080002,-0.42913094,0.11211102
0.99089998,-0.42543432,0.12541334
0.991,-0.42132503,0.13859549
0.99110001,-0.41680673,0.15164468
0.99119997,-0.41188386,0.16454819
0.99129999,-0.40656114,0.17729348
0.9914,-0.40084362,0.18986814
0.99150002,-0.39473677,0.20225991
0.99159998,-0.38824603,0.21445671
0.99169999,-0.38137785,0.22644663
0.99180001,-0.37413874,0.23821798
0.99190003,-0.36653575,0.24975929
0.99199998,-0.35857615,0.26105928
0.9921,-0.35026732,0.27210689
0.99220002,-0.34161729,0.28289121
0.99229997,-0.33263442,0.29340181
0.99239999,-0.32332739,0.30362839
0.99250001,-0.31370521,0.3135609
0.99260002,-0.3037771,0.32318959
0.99269998,-0.29355234,0.3325049
0.9928,-0.283041,0.34149778
0.99290001,-0.27225327,0.35015938
0.99299997,-0.26119956,0.3584812
0.99309999,-0.24989066,0.36645511
0.9932,-0.23833713,0.37407294
0.99330002,-0.22655033,0.38132736
0.99339998,-0.2145417,0.38821119
0.99349999,-0.20232293,0.39471766
0.99360001,-0.18990587,0.40084034
0.99370003,-0.17730245,0.40657306
0.99379998,-0.16452482,0.41191
0.9939,-0.1515855,0.41684595
0.99400002,-0.13849707,0.42137605
0.99409997,-0.1252723,0.42549574
0.99419999,-0.11192403,0.42920095
0.99430001,-0.098465055,0.43248761
0.99440002,-0.084908612,0.43535259
0.99449998,-0.07126791,0.43779299
0.9946,-0.057556268,0.43980637
0.99470001,-0.043787085,0.44139063
0.99479997,-0.029973641,0.44254389
0.99489999,-0.016129468,0.44326493
0.995,-0.0022681141,0.44355303
0.99510002,0.011596868,0.44340777
0.99519998,0.025451906,0.44282925
0.99529999,0.039283492,0.44181776
0.99540001,0.053078141,0.44037405
0.99550003,0.066822313,0.43849951
0.99559999,0.080502525,0.43619591
0.9957,0.094105378,0.43346539
0.99580002,0.10761752,0.43031061
0.99589998,0.12102576,0.42673406
0.99599999,0.13431692,0.42273942
0.99610001,0.14747792,0.41833046
0.99620003,0.16049585,0.41351143
0.99629998,0.17335792,0.40828702
0.9964,0.18605147,0.40266195
0.99650002,0.19856401,0.39664161
0.99659997,0.21088322,0.39023194
0.99669999,0.22299698,0.38343909
0.99680001,0.23489335,0.3762697
0.99690002,0.2465606,0.3687306
0.99699998,0.25798717,0.36082888
0.9971,0.26916179,0.35257229
0.99720001,0.28007346,0.34396893
0.99730003,0.29071137,0.33502716
0.99739999,0.30106506,0.32575575
0.9975,0.31112412,0.31616327
0.99760002,0.32087865,0.30625933
0.99769998,0.33031902,0.29605353
0.99779999,0.33943585,0.28555587
0.99790001,0.34822014,0.27477667
0.99800003,0.35666305,0.26372623
0.99809998,0.36475611,0.25241527
0.9982,0.37249139,0.24085496
0.99830002,0.37986115,0.22905663
0.99839997,0.38685808,0.21703185
0.99849999,0.39347517,0.20479241
0.99860001,0.39970562,0.19234999
0.99870002,0.4055433,0.17971697
0.99879998,0.41098234,0.16690576
0.9989,0.41601735,0.15392894
0.99900001,0.42064327,0.14079928
0.99910003,0.4248552,0.12752949
0.99919999,0.42864892,0.11413264
0.9993,0.43202063,0.10062195
0.99940002,0.43496695,0.087010734
0.99949998,0.43748486,0.073312402
0.99959999,0.43957171,0.059540387
0.99970001,0.44122511,0.045708165
0.99980003,0.44244349,0.03182945
0.99989998,0.44322556,0.017917944
1,0.44357046,0.0039873882
1.0001,0.44347757,-0.0099475468
1.0002,0.442947,-0.023872033
1.0003,0.44197932,-0.037773065
1.0003999,0.44057545,-0.051637333
1.0005,0.43873677,-0.065451138
1.0006,0.43646508,-0.079200514
1.0007,0.43376264,-0.092871793
1.0008,0.43063208,-0.10645149
1.0009,0.42707649,-0.11992618
1.001,0.42309931,-0.13328256
1.0010999,0.41870457,-0.14650755
1.0012,0.41389653,-0.1595881
1.0013,0.40867996,-0.17251129
1.0014,0.40305999,-0.18526436
1.0015,0.39704219,-0.19783473
1.0016,0.39063242,-0.21021001
1.0017,0.38383704,-0.22237796
1.0017999,0.37666276,-0.23432659
1.0019,0.36911663,-0.2460441
1.002,0.36120608,-0.25751892
1.0021,0.35293889,-0.26873973
1.0022,0.34432322,-0.27969545
1.0023,0.33536753,-0.29037526
1.0024,0.32608071,-0.30076864
1.0025001,0.31647184,-0.31086534
1.0026,0.30655044,-0.32065544
1.0027,0.29632628,-0.33012921
1.0028,0.2858094,-0.3392773
1.0029,0.2750102,-0.34809068
1.003,0.26393932,-0.35656065
1.0031,0.25260764,-0.36467886
1.0032001,0.24102636,-0.37243727
1.0033,0.22920689,-0.37982821
1.0034,0.21716088,-0.38684443
1.0035,0.20490019,-0.3934789
1.0036,0.1924369,-0.39972511
1.0037,0.17978333,-0.40557691
1.0038,0.16695194,-0.41102844
1.0039001,0.15395534,-0.41607437
1.0039999,0.14080639,-0.4207097
1.0041,0.12751806,-0.42492983
1.0042,0.1141034,-0.42873052
1.0043,0.10057567,-0.43210807
1.0044,0.086948209,-0.43505913
1.0045,0.073234461,-0.43758076
1.0046,0.059447929,-0.43967041
1.0046999,0.045602221,-0.44132602
1.0048,0.031710997,-0.44254598
1.0049,0.017787952,-0.44332901
1.005,0.0038468156,-0.44367433
1.0051,-0.010098654,-0.44358155
1.0052,-0.024034698,-0.44305083
1.0053,-0.037947573,-0.44208255
1.0053999,-0.051823553,-0.44067767
1.0055,-0.065648943,-0.43883762
1.0056,-0.079410106,-0.43656415
1.0057,-0.093093462,-0.43385944
1.0058,-0.1066855,-0.43072614
1.0059,-0.12017281,-0.42716739
1.006,-0.13354208,-0.4231866
1.0061001,-0.14678012,-0.41878769
1.0062,-0.15987384,-0.41397497
1.0063,-0.17281035,-0.40875319
1.0064,-0.18557683,-0.40312743
1.0065,-0.19816071,-0.39710325
1.0066,-0.21054955,-0.39068654
1.0067,-0.22273111,-0.38388363
1.0068001,-0.23469336,-0.37670118
1.0069,-0.24642448,-0.36914626
1.007,-0.2579129,-0.36122632
1.0071,-0.26914725,-0.35294911
1.0072,-0.28011641,-0.3443228
1.0073,-0.29080954,-0.33535585
1.0074,-0.30121613,-0.32605711
1.0075001,-0.31132585,-0.31643572
1.0075999,-0.32112867,-0.30650112
1.0077,-0.33061492,-0.29626313
1.0078,-0.33977526,-0.28573182
1.0079,-0.34860057,-0.27491754
1.008,-0.3570821,-0.26383093
1.0081,-0.36521152,-0.25248295
1.0082,-0.37298077,-0.24088478
1.0082999,-0.38038209,-0.22904778
1.0084,-0.3874082,-0.21698366
1.0085,-0.39405215,-0.2047043
1.0086,-0.40030733,-0.19222178
1.0087,-0.40616751,-0.17954841
1.0088,-0.41162688,-0.16669668
1.0089,-0.4166801,-0.15367928
1.0089999,-0.42132205,-0.14050901
1.0091,-0.42554814,-0.12719885
1.0092,-0.42935419,-0.11376194
1.0093,-0.4327364,-0.10021153
1.0094,-0.43569136,-0.086560965
1.0095,-0.43821615,-0.072823718
1.0096,-0.44030827,-0.059013337
1.0096999,-0.44196555,-0.04514344
1.0098,-0.44318634,-0.031227708
1.0099,-0.4439694,-0.017279873
1.01,-0.44431394,-0.0033136995
1.0101,-0.44421956,0.010657041
1.0102,-0.44368628,0.02461856
1.0103,-0.4427146,0.038557071
1.0104001,-0.44130549,0.052458823
1.0105,-0.43946025,0.066310093
1.0106,-0.43718064,0.080097198
1.0107,-0.43446892,0.093806542
1.0108,-0.4313277,0.10742457
1.0109,-0.42776,0.12093785
1.011,-0.42376938,0.13433301
1.0111001,-0.41935968,0.14759687
1.0112,-0.41453522,0.16071627
1.0113,-0.40930071,0.17367826
1.0114,-0.40366128,0.18647005
1.0115,-0.3976225,0.19907899
1.0116,-0.39119023,0.21149261
1.0117,-0.38437077,0.22369865
1.0118001,-0.37717086,0.23568504
1.0118999,-0.36959755,0.24743991
1.012,-0.36165825,0.25895163
1.0121,-0.3533608,0.27020887
1.0122,-0.3447133,0.28120044
1.0123,-0.33572429,0.29191545
1.0124,-0.32640257,0.30234334
1.0125,-0.31675735,0.31247374
1.0125999,-0.3067981,0.32229668
1.0127,-0.29653457,0.33180237
1.0128,-0.28597692,0.34098142
1.0129,-0.27513549,0.34982473
1.013,-0.26402098,0.35832357
1.0131,-0.2526443,0.36646944
1.0132,-0.24101667,0.37425429
1.0132999,-0.22914955,0.38167045
1.0134,-0.21705462,0.3887105
1.0135,-0.20474376,0.39536741
1.0136,-0.19222914,0.40163466
1.0137,-0.17952308,0.40750599
1.0138,-0.16663808,0.41297552
1.0139,-0.15358683,0.41803783
1.0140001,-0.14038223,0.42268789
1.0141,-0.12703729,0.42692104
1.0142,-0.11356513,0.43073305
1.0143,-0.099979065,0.43412012
1.0144,-0.08629249,0.43707886
1.0145,-0.072518893,0.43960628
1.0146,-0.058671862,0.44169986
1.0147001,-0.044765055,0.44335744
1.0148,-0.030812206,0.4445774
1.0149,-0.016827064,0.44535843
1.015,-0.0028234359,0.44569969
1.0151,0.011184853,0.44560084
1.0152,0.025183974,0.44506189
1.0153,0.039160114,0.44408333
1.0154001,0.053099476,0.44266608
1.0154999,0.066988282,0.44081146
1.0156,0.080812834,0.4385213
1.0157,0.094559461,0.43579772
1.0158,0.10821459,0.43264341
1.0159,0.12176473,0.42906147
1.016,0.13519649,0.4250553
1.0161,0.14849661,0.42062882
1.0161999,0.16165192,0.41578639
1.0163,0.17464945,0.41053271
1.0164,0.18747629,0.40487289
1.0165,0.20011982,0.3988125
1.0166,0.21256751,0.39235747
1.0167,0.22480704,0.38551414
1.0168,0.2368263,0.37828916
1.0168999,0.2486134,0.37068963
1.017,0.26015669,0.36272305
1.0171,0.27144474,0.35439718
1.0172,0.28246635,0.3457202
1.0173,0.29321063,0.33670068
1.0174,0.30366692,0.32734743
1.0175,0.31382486,0.31766966
1.0176001,0.32367438,0.30767685
1.0177,0.33320576,0.29737887
1.0178,0.34240952,0.28678584
1.0179,0.35127649,0.27590814
1.018,0.35979792,0.2647565
1.0181,0.36796537,0.25334188
1.0182,0.37577069,0.24167554
1.0183001,0.3832061,0.22976893
1.0184,0.3902643,0.21763378
1.0185,0.3969382,0.20528208
1.0186,0.40322119,0.19272593
1.0187,0.409107,0.17997772
1.0188,0.41458976,0.16705003
1.0189,0.41966406,0.15395559
1.0190001,0.42432475,0.1407073
1.0191,0.42856723,0.1273182
1.0192,0.43238723,0.11380152
1.0193,0.43578097,0.10017058
1.0194,0.43874496,0.086438805
1.0195,0.44127628,0.072619751
1.0196,0.4433724,0.058727048
1.0197001,0.44503108,0.044774391
1.0197999,0.44625071,0.030775549
1.0199,0.44703001,0.016744344
1.02,0.44736817,0.0026946224
1.0201,0.44726476,-0.01135976
1.0202,0.4467198,-0.025404921
1.0203,0.44573385,-0.03942699
1.0204,0.44430777,-0.053412128
1.0204999,0.44244289,-0.067346521
1.0206,0.44014102,-0.08121641
1.0207,0.43740439,-0.095008083
1.0208,0.43423563,-0.10870792
1.0209,0.43063778,-0.12230239
1.021,0.42661434,-0.13577805
1.0211,0.42216927,-0.14912158
1.0211999,0.41730684,-0.16231979
1.0213,0.41203183,-0.17535965
1.0214,0.40634939,-0.18822823
1.0215,0.40026507,-0.20091283
1.0216,0.39378482,-0.21340089
1.0217,0.38691497,-0.22568005
1.0218,0.37966228,-0.23773818
1.0219001,0.3720338,-0.24956332
1.022,0.36403707,-0.26114377
1.0221,0.35567993,-0.27246809
1.0222,0.34697056,-0.28352505
1.0223,0.33791748,-0.29430366
1.0224,0.32852963,-0.3047933
1.0225,0.31881621,-0.31498355
1.0226001,0.30878681,-0.3248643
1.0227,0.29845122,-0.33442575
1.0228,0.28781959,-0.34365845
1.0229,0.2769025,-0.35255319
1.023,0.26571053,-0.36110121
1.0231,0.25425482,-0.36929396
1.0232,0.24254654,-0.37712333
1.0233001,0.23059732,-0.38458157
1.0233999,0.21841882,-0.3916612
1.0235,0.2060231,-0.39835522
1.0236,0.19342235,-0.40465695
1.0237,0.18062899,-0.41056016
1.0238,0.16765559,-0.41605893
1.0239,0.15451495,-0.42114776
1.024,0.14122005,-0.42582163
1.0240999,0.12778397,-0.43007582
1.0242,0.11421995,-0.43390608
1.0243,0.10054137,-0.43730858
1.0244,0.086761728,-0.44027993
1.0245,0.072894603,-0.44281709
1.0246,0.058953665,-0.4449175
1.0247,0.044952687,-0.44657907
1.0247999,0.030905478,-0.4478001
1.0249,0.016825886,-0.44857925
1.025,0.0027278203,-0.44891575
1.0251,-0.011374804,-0.44880921
1.0252,-0.025468066,-0.44825968
1.0253,-0.039538059,-0.44726762
1.0254,-0.053570878,-0.44583395
1.0255001,-0.067552671,-0.44396004
1.0256,-0.081469625,-0.44164768
1.0257,-0.095307991,-0.4388991
1.0258,-0.1090541,-0.43571693
1.0259,-0.12269437,-0.43210429
1.026,-0.13621531,-0.42806467
1.0261,-0.14960356,-0.42360198
1.0262001,-0.16284589,-0.41872063
1.0263,-0.17592922,-0.41342533
1.0264,-0.18884058,-0.40772125
1.0265,-0.20156723,-0.40161401
1.0266,-0.21409658,-0.39510956
1.0267,-0.2264162,-0.38821429
1.0268,-0.23851393,-0.38093489
1.0269001,-0.25037777,-0.37327859
1.027,-0.26199603,-0.36525288
1.0271,-0.27335718,-0.35686556
1.0272,-0.28444993,-0.34812492
1.0273,-0.29526335,-0.33903956
1.0274,-0.30578673,-0.32961839
1.0275,-0.31600958,-0.31987065
1.0276,-0.32592183,-0.30980593
1.0276999,-0.33551362,-0.29943416
1.0278,-0.34477547,-0.28876549
1.0279,-0.35369816,-0.27781039
1.028,-0.36227286,-0.26657975
1.0281,-0.37049109,-0.25508454
1.0282,-0.3783446,-0.24333607
1.0283,-0.38582563,-0.23134592
1.0283999,-0.39292681,-0.21912593
1.0285,-0.39964104,-0.20668812
1.0286,-0.40596157,-0.19404471
1.0287,-0.41188222,-0.18120819
1.0288,-0.41739705,-0.16819119
1.0289,-0.42250055,-0.15500657
1.029,-0.42718765,-0.14166728
1.0290999,-0.43145365,-0.12818651
1.0292,-0.43529433,-0.11457753
1.0293,-0.4387058,-0.10085376
1.0294,-0.44168463,-0.087028749
1.0295,-0.44422787,-0.073116124
1.0296,-0.44633296,-0.059129618
1.0297,-0.44799769,-0.045083016
1.0298001,-0.44922045,-0.030990185
1.0299,-0.44999993,-0.016865043
1.03,-0.45033532,-0.0027215257
1.0301,-0.45022622,0.011426413
1.0302,-0.44967273,0.025564797
1.0303,-0.4486753,0.039679665
1.0304,-0.44723487,0.053757083
1.0305001,-0.44535279,0.067783147
1.0306,-0.44303089,0.081744008
1.0307,-0.44027144,0.095625862
1.0308,-0.43707705,0.109415
1.0309,-0.43345085,0.1230978
1.031,-0.42939636,0.13666074
1.0311,-0.42491758,0.15009041
1.0312001,-0.42001879,0.16337354
1.0312999,-0.41470486,0.176497
1.0314,-0.40898097,0.18944781
1.0315,-0.40285268,0.20221317
1.0316,-0.39632601,0.21478043
1.0317,-0.3894074,0.22713718
1.0318,-0.38210362,0.23927121
1.0319,-0.37442181,0.25117049
1.0319999,-0.36636949,0.26282325
1.0321,-0.35795462,0.27421796
1.0322,-0.34918547,0.28534335
1.0323,-0.34007061,0.29618838
1.0324,-0.33061904,0.30674231
1.0325,-0.32084003,0.31699473
1.0326,-0.31074321,0.32693544
1.0326999,-0.30033851,0.33655462
1.0328,-0.28963616,0.34584272
1.0329,-0.27864671,0.35479054
1.033,-0.26738095,0.36338916
1.0331,-0.25585002,0.37163013
1.0332,-0.24406521,0.37950522
1.0333,-0.2320382,0.38700667
1.0334001,-0.21978077,0.39412695
1.0335,-0.20730503,0.40085903
1.0336,-0.19462328,0.40719625
1.0337,-0.18174802,0.41313228
1.0338,-0.1686919,0.41866121
1.0339,-0.15546784,0.42377755
1.034,-0.14208888,0.42847621
1.0341001,-0.12856816,0.43275249
1.0342,-0.11491905,0.43660212
1.0343,-0.10115501,0.44002125
1.0344,-0.087289631,0.44300652
1.0345,-0.073336564,0.44555482
1.0346,-0.059309587,0.44766369
1.0347,-0.045222547,0.44933099
1.0348001,-0.031089345,0.45055497
1.0349,-0.016923919,0.45133442
1.035,-0.0027402609,0.4516685
1.0351,0.011447623,0.45155689
1.0352,0.025625736,0.45099956
1.0353,0.039780077,0.4499971
1.0354,0.053896662,0.4485504
1.0355,0.067961551,0.44666091
1.0355999,0.081960857,0.44433033
1.0357,0.095880754,0.44156104
1.0358,0.10970748,0.43835568
1.0359,0.12342738,0.43471739
1.036,0.13702691,0.43064964
1.0361,0.15049259,0.42615649
1.0362,0.16381118,0.42124236
1.0362999,0.17696945,0.41591194
1.0364,0.18995443,0.41017056
1.0365,0.20275326,0.4040238
1.0366,0.21535333,0.39747772
1.0367,0.22774212,0.39053869
1.0368,0.23990741,0.38321355
1.0369,0.25183716,0.37550953
1.0369999,0.26351961,0.36743417
1.0371,0.27494314,0.35899538
1.0372,0.28609645,0.35020152
1.0373,0.29696858,0.3410612
1.0374,0.30754867,0.33158341
1.0375,0.31782633,0.32177746
1.0376,0.32779133,0.31165305
1.0377001,0.33743382,0.30122015
1.0378,0.34674424,0.29048896
1.0379,0.3557134,0.27947009
1.038,0.36433238,0.26817441
1.0381,0.37259269,0.25661305
1.0382,0.38048604,0.24479735
1.0383,0.38800472,0.23273897
1.0384001,0.39514121,0.22044984
1.0385,0.40188843,0.20794204
1.0386,0.40823969,0.19522788
1.0387,0.41418871,0.18231991
1.0388,0.41972959,0.16923089
1.0389,0.42485675,0.15597367
1.039,0.42956516,0.14256136
1.0391001,0.43385011,0.12900718
1.0391999,0.43770736,0.1153245
1.0393,0.44113302,0.10152682
1.0394,0.44412372,0.087627739
1.0395,0.44667643,0.073640995
1.0396,0.44878864,0.059580375
1.0397,0.45045817,0.045459744
1.0398,0.45168334,0.031293053
1.0398999,0.452463,0.017094288
1.04,0.45279622,0.002877451
1.0401,0.4526827,-0.01134342
1.0402,0.45212251,-0.025554281
1.0403,0.4511162,-0.039741099
1.0404,0.44966462,-0.053889878
1.0405,0.44776928,-0.067986637
1.0405999,0.44543198,-0.082017459
1.0407,0.44265497,-0.095968485
1.0408,0.43944097,-0.10982593
1.0409,0.43579313,-0.12357613
1.041,0.43171504,-0.13720547
1.0411,0.42721066,-0.15070049
1.0412,0.42228439,-0.16404788
1.0413001,0.41694111,-0.17723444
1.0414,0.41118604,-0.19024715
1.0415,0.4050248,-0.20307313
1.0416,0.39846349,-0.2156997
1.0417,0.39150852,-0.22811441
1.0418,0.38416681,-0.24030496
1.0419,0.37644544,-0.25225931
1.0420001,0.36835212,-0.26396567
1.0421,0.35989481,-0.27541241
1.0422,0.35108176,-0.28658825
1.0423,0.34192172,-0.29748213
1.0424,0.33242366,-0.3080833
1.0425,0.32259697,-0.31838122
1.0426,0.31245127,-0.32836574
1.0427001,0.30199662,-0.33802697
1.0427999,0.29124328,-0.34735534
1.0429,0.28020188,-0.35634166
1.043,0.26888329,-0.364977
1.0431,0.25729862,-0.37325281
1.0432,0.24545936,-0.38116094
1.0433,0.23337714,-0.38869351
1.0434,0.22106387,-0.39584309
1.0434999,0.20853171,-0.40260258
1.0436,0.195793,-0.40896532
1.0437,0.18286033,-0.41492492
1.0438,0.16974641,-0.42047554
1.0439,0.15646422,-0.42561167
1.044,0.14302684,-0.43032825
1.0441,0.12944752,-0.4346205
1.0441999,0.11573967,-0.43848422
1.0443,0.10191682,-0.44191557
1.0444,0.087992594,-0.44491115
1.0445,0.073980734,-0.44746795
1.0446,0.059895065,-0.44958341
1.0447,0.045749504,-0.45125547
1.0448,0.031557992,-0.4524824
1.0448999,0.017334541,-0.45326298
1.045,0.0030931951,-0.45359644
1.0451,-0.011151984,-0.45348242
1.0452,-0.02538695,-0.45292094
1.0453,-0.039597638,-0.45191261
1.0454,-0.053770024,-0.45045841
1.0455,-0.067890108,-0.4485597
1.0456001,-0.081943959,-0.44621834
1.0457,-0.095917702,-0.44343662
1.0458,-0.10979752,-0.44021732
1.0459,-0.12356973,-0.43656352
1.046,-0.13722073,-0.43247882
1.0461,-0.150737,-0.42796725
1.0462,-0.16410525,-0.42303327
1.0463001,-0.17731224,-0.41768166
1.0464,-0.19034493,-0.41191775
1.0465,-0.20319046,-0.40574718
1.0466,-0.21583612,-0.399176
1.0467,-0.22826944,-0.39221072
1.0468,-0.24047813,-0.38485816
1.0469,-0.25245011,-0.37712562
1.0470001,-0.2641736,-0.36902067
1.0470999,-0.27563694,-0.36055127
1.0472,-0.28682888,-0.35172582
1.0473,-0.29773834,-0.34255299
1.0474,-0.3083545,-0.33304182
1.0475,-0.31866691,-0.32320169
1.0476,-0.32866535,-0.31304228
1.0477,-0.33833998,-0.30257365
1.0477999,-0.34768119,-0.29180607
1.0479,-0.35667977,-0.28075016
1.048,-0.36532682,-0.26941687
1.0481,-0.3736138,-0.25781736
1.0482,-0.38153249,-0.24596304
1.0483,-0.3890751,-0.23386562
1.0484,-0.39623415,-0.22153704
1.0484999,-0.40300256,-0.20898944
1.0486,-0.40937364,-0.19623521
1.0487,-0.41534105,-0.18328694
1.0488,-0.42089897,-0.1701574
1.0489,-0.42604181,-0.15685953
1.049,-0.43076453,-0.14340645
1.0491,-0.43506244,-0.12981147
1.0492001,-0.43893129,-0.11608797
1.0493,-0.44236723,-0.10224949
1.0494,-0.44536689,-0.088309698
1.0495,-0.44792727,-0.074282363
1.0496,-0.45004582,-0.060181301
1.0497,-0.45172045,-0.046020437
1.0498,-0.45294952,-0.031813752
1.0499001,-0.45373178,-0.017575275
1.05,-0.45406643,-0.0033190399
1.0501,-0.45395312,0.010940873
1.0502,-0.453392,0.025190385
1.0503,-0.45238358,0.039415434
1.0504,-0.45092884,0.053601984
1.0505,-0.44902921,0.067736022
1.0506001,-0.44668657,0.081803605
1.0506999,-0.44390318,0.095790841
1.0508,-0.44068182,0.10968392
1.0509,-0.43702564,0.12346914
1.051,-0.43293825,0.13713288
1.0511,-0.42842364,0.15066165
1.0512,-0.42348629,0.1640421
1.0513,-0.41813108,0.17726102
1.0513999,-0.41236326,0.19030537
1.0515,-0.40618849,0.20316224
1.0516,-0.3996129,0.21581896
1.0517,-0.39264297,0.22826304
1.0518,-0.38528556,0.24048217
1.0519,-0.37754789,0.25246429
1.052,-0.36943763,0.26419762
1.0520999,-0.36096284,0.2756705
1.0522,-0.35213172,0.28687164
1.0523,-0.34295312,0.29778999
1.0524,-0.33343604,0.30841473
1.0525,-0.32358989,0.31873542
1.0526,-0.31342432,0.32874185
1.0527,-0.30294943,0.33842412
1.0528001,-0.29217553,0.34777266
1.0529,-0.28111324,0.35677829
1.053,-0.26977348,0.36543208
1.0531,-0.25816745,0.3737255
1.0532,-0.2463066,0.38165036
1.0533,-0.23420261,0.38919881
1.0534,-0.22186743,0.39636341
1.0535001,-0.20931326,0.40313712
1.0536,-0.19655247,0.40951321
1.0537,-0.18359764,0.41548535
1.0538,-0.17046157,0.42104772
1.0539,-0.15715723,0.42619482
1.054,-0.14369774,0.43092149
1.0541,-0.13009636,0.43522313
1.0542001,-0.11636654,0.43909547
1.0543,-0.10252184,0.44253471
1.0544,-0.088575892,0.44553742
1.0545,-0.07454247,0.44810063
1.0546,-0.060435433,0.45022184
1.0547,-0.046268709,0.45189893
1.0548,-0.032056253,0.45313025
1.0549001,-0.017812107,0.45391458
1.0549999,-0.0035503327,0.45425114
1.0551,0.010714998,0.45413965
1.0552,0.024969812,0.45358014
1.0553,0.039200038,0.45257318
1.0554,0.053391624,0.45111981
1.0555,0.067530572,0.44922143
1.0556,0.081602938,0.44687989
1.0556999,0.095594816,0.44409755
1.0558,0.1094924,0.44087717
1.0559,0.12328199,0.43722183
1.056,0.13694996,0.43313521
1.0561,0.15048282,0.42862135
1.0562,0.16386724,0.42368472
1.0563,0.17708997,0.4183301
1.0563999,0.19013801,0.41256285
1.0565,0.20299844,0.4063887
1.0566,0.21565861,0.39981368
1.0567,0.22810599,0.39284426
1.0568,0.24032831,0.38548738
1.0569,0.25231352,0.37775031
1.057,0.26404977,0.36964062
1.0571001,0.27552551,0.36116636
1.0572,0.2867294,0.3523359
1.0573,0.2976504,0.34315795
1.0574,0.3082777,0.33364153
1.0575,0.31860083,0.32379609
1.0576,0.32860962,0.31363136
1.0577,0.33829421,0.30315733
1.0578001,0.34764498,0.29238433
1.0579,0.35665277,0.28132302
1.058,0.36530867,0.26998433
1.0581,0.37360415,0.25837943
1.0582,0.381531,0.24651979
1.0583,0.38908145,0.23441711
1.0584,0.39624804,0.22208335
1.0585001,0.40302366,0.20953064
1.0585999,0.40940166,0.19677141
1.0587,0.41537577,0.18381825
1.0588,0.42094007,0.17068395
1.0589,0.42608905,0.15738145
1.059,0.43081769,0.14392389
1.0591,0.43512136,0.13032459
1.0592,0.43899572,0.1165969
1.0592999,0.44243699,0.10275442
1.0594,0.44544181,0.088810802
1.0595,0.44800723,0.074779809
1.0596,0.45013067,0.060675275
1.0597,0.45181009,0.046511129
1.0598,0.45304382,0.032301351
1.0599,0.45383066,0.018059969
1.0599999,0.45416984,0.0038010231
1.0601,0.454061,-0.010461408
1.0602,0.45350432,-0.024713246
1.0603,0.45250034,-0.038940433
1.0604,0.45105001,-0.053128932
1.0605,0.44915479,-0.067264736
1.0606,0.44681665,-0.081333905
1.0607001,0.44403777,-0.095322549
1.0608,0.44082096,-0.10921688
1.0609,0.43716943,-0.12300317
1.061,0.43308678,-0.13666783
1.0611,0.42857704,-0.15019737
1.0612,0.42364463,-0.16357845
1.0613,0.41829452,-0.17679788
1.0614001,0.41253191,-0.1898426
1.0615,0.40636253,-0.20269974
1.0616,0.39979249,-0.21535663
1.0617,0.39282832,-0.22780079
1.0618,0.3854768,-0.24001993
1.0619,0.37774524,-0.252002
1.062,0.3696413,-0.2637352
1.0621001,0.36117303,-0.27520797
1.0622,0.35234869,-0.28640896
1.0623,0.34317705,-0.29732713
1.0624,0.33366719,-0.30795172
1.0625,0.32382846,-0.31827229
1.0626,0.31367061,-0.3282786
1.0627,0.30320364,-0.33796084
1.0628,0.29243797,-0.34730944
1.0628999,0.28138411,-0.3563152
1.063,0.27005306,-0.36496919
1.0631,0.25845599,-0.37326297
1.0632,0.24660437,-0.38118833
1.0633,0.23450984,-0.38873741
1.0634,0.22218439,-0.39590284
1.0635,0.20964019,-0.40267754
1.0635999,0.19688962,-0.40905485
1.0637,0.18394525,-0.41502845
1.0638,0.17081988,-0.42059249
1.0639,0.15752646,-0.42574152
1.064,0.14407812,-0.43047041
1.0641,0.13048811,-0.43477455
1.0642,0.11676987,-0.43864968
1.0642999,0.10293693,-0.44209206
1.0644,0.089002937,-0.44509822
1.0645,0.07498166,-0.44766524
1.0646,0.060886923,-0.44979063
1.0647,0.046732649,-0.45147228
1.0648,0.032532785,-0.45270854
1.0649,0.018301362,-0.45349824
1.0650001,0.0040524229,-0.45384061
1.0651,-0.010199981,-0.45373529
1.0652,-0.024441786,-0.45318243
1.0653,-0.038658936,-0.45218259
1.0654,-0.052837402,-0.45073679
1.0655,-0.066963203,-0.44884646
1.0656,-0.081022397,-0.44651344
1.0657001,-0.095001116,-0.44374013
1.0658,-0.10888558,-0.44052923
1.0659,-0.12266207,-0.43688393
1.066,-0.13631703,-0.43280783
1.0661,-0.14983696,-0.42830503
1.0662,-0.16320854,-0.42337996
1.0663,-0.17641859,-0.41803744
1.0664001,-0.18945406,-0.41228282
1.0664999,-0.20230213,-0.40612182
1.0666,-0.2149501,-0.39956045
1.0667,-0.22738551,-0.39260525
1.0668,-0.2395961,-0.38526309
1.0669,-0.25156984,-0.37754127
1.067,-0.26329491,-0.36944735
1.0671,-0.27475974,-0.36098939
1.0671999,-0.28595307,-0.35217577
1.0673,-0.29686385,-0.34301513
1.0674,-0.30748132,-0.33351657
1.0675,-0.31779501,-0.32368943
1.0676,-0.32779479,-0.31354353
1.0677,-0.33747074,-0.30308875
1.0678,-0.34681341,-0.29233551
1.0678999,-0.35581353,-0.28129444
1.068,-0.36446232,-0.26997641
1.0681,-0.37275118,-0.25839257
1.0682,-0.38067195,-0.24655443
1.0683,-0.38821688,-0.23447366
1.0684,-0.39537853,-0.22216219
1.0685,-0.40214983,-0.20963214
1.0686001,-0.40852413,-0.19689594
1.0687,-0.41449517,-0.18396613
1.0688,-0.42005709,-0.17085549
1.0689,-0.42520434,-0.15757695
1.069,-0.42993197,-0.14414364
1.0691,-0.4342353,-0.13056882
1.0692,-0.43811005,-0.11686585
1.0693001,-0.44155246,-0.1030483
1.0694,-0.44455919,-0.089129798
1.0695,-0.44712725,-0.075124085
1.0696,-0.4492541,-0.061044961
1.0697,-0.45093772,-0.046906345
1.0698,-0.45217648,-0.032722183
1.0699,-0.45296913,-0.018506467
1.0700001,-0.45331493,-0.0042732246
1.0700999,-0.45321354,0.0099634966
1.0702,-0.45266515,0.024189647
1.0703,-0.45167026,0.038391203
1.0704,-0.45022988,0.052554145
1.0705,-0.44834548,0.066664502
1.0706,-0.44601893,0.080708362
1.0707,-0.44325253,0.09467186
1.0707999,-0.44004908,0.10854124
1.0709,-0.43641171,0.12230281
1.071,-0.43234408,0.135943
1.0711,-0.42785016,0.14944836
1.0712,-0.42293447,0.16280559
1.0713,-0.41760188,0.17600149
1.0714,-0.4118576,0.18902306
1.0714999,-0.40570739,0.20185746
1.0716,-0.39915735,0.21449205
1.0717,-0.39221391,0.22691438
1.0718,-0.38488397,0.23911217
1.0719,-0.37717476,0.25107342
1.072,-0.36909395,0.26278636
1.0721,-0.3606495,0.27423945
1.0721999,-0.35184976,0.28542134
1.0723,-0.34270343,0.29632106
1.0724,-0.33321962,0.30692792
1.0725,-0.32340759,0.31723136
1.0726,-0.3132771,0.3272213
1.0727,-0.30283815,0.33688793
1.0728,-0.29210111,0.34622169
1.0729001,-0.28107649,0.35521334
1.073,-0.26977527,0.36385411
1.0731,-0.25820857,0.37213549
1.0732,-0.24638785,0.38004929
1.0733,-0.23432475,0.38758773
1.0734,-0.22203119,0.39474338
1.0735,-0.20951934,0.40150928
1.0736001,-0.19680153,0.4078787
1.0737,-0.18389033,0.41384536
1.0738,-0.17079848,0.41940346
1.0739,-0.15753894,0.42454755
1.074,-0.14412473,0.4292725
1.0741,-0.13056916,0.43357372
1.0742,-0.1168856,0.43744701
1.0743001,-0.10308754,0.44088855
1.0743999,-0.089188598,0.44389495
1.0745,-0.075202502,0.44646332
1.0746,-0.061143067,0.44859111
1.0747,-0.047024146,0.45027626
1.0748,-0.032859683,0.45151711
1.0749,-0.018663652,0.45231247
1.075,-0.0044500697,0.45266163
1.0750999,0.0097670546,0.45256421
1.0752,0.023973688,0.45202038
1.0753,0.038155813,0.45103067
1.0754,0.052299436,0.44959611
1.0755,0.066390611,0.44771808
1.0756,0.080415443,0.44539851
1.0757,0.094360091,0.44263974
1.0757999,0.1082108,0.43944448
1.0759,0.12195393,0.4358159
1.076,0.13557591,0.43175763
1.0761,0.1490633,0.42727372
1.0762,0.16240282,0.42236853
1.0763,0.17558132,0.41704699
1.0764,0.1885858,0.4113144
1.0765001,0.20140345,0.40517643
1.0766,0.21402162,0.39863908
1.0767,0.22642787,0.39170891
1.0768,0.23861,0.38439274
1.0769,0.25055599,0.37669784
1.077,0.26225403,0.36863181
1.0771,0.27369267,0.36020261
1.0772001,0.28486061,0.35141864
1.0773,0.2957468,0.34228849
1.0774,0.30634058,0.33282128
1.0775,0.3166315,0.32302633
1.0776,0.3266094,0.31291333
1.0777,0.33626449,0.30249226
1.0778,0.34558725,0.29177341
1.0779001,0.35456848,0.28076744
1.0779999,0.36319938,0.26948518
1.0781,0.37147143,0.25793776
1.0782,0.3793765,0.24613661
1.0783,0.38690683,0.23409341
1.0784,0.39405498,0.22182003
1.0785,0.40081394,0.20932856
1.0786,0.40717706,0.1966314
1.0786999,0.41313812,0.18374109
1.0788,0.41869119,0.1706703
1.0789,0.42383087,0.15743196
1.079,0.42855212,0.14403917
1.0791,0.4328503,0.13050513
1.0792,0.43672118,0.1168432
1.0793,0.44016096,0.10306686
1.0793999,0.44316632,0.089189738
1.0795,0.44573426,0.075225502
1.0796,0.44786233,0.061187934
1.0797,0.44954842,0.047090903
1.0798,0.45079094,0.032948323
1.0799,0.4515886,0.018774129
1.08,0.45194072,0.0045823199
1.0801001,0.45184699,-0.0096131004
1.0802,0.45130748,-0.023798129
1.0803,0.45032275,-0.037958775
1.0804,0.44889385,-0.052081071
1.0805,0.44702217,-0.066151075
1.0806,0.4447096,-0.080154926
1.0807,0.44195846,-0.094078794
1.0808001,0.43877146,-0.10790896
1.0809,0.43515182,-0.12163179
1.081,0.43110308,-0.13523374
1.0811,0.4266293,-0.1487014
1.0812,0.42173493,-0.16202149
1.0813,0.41642481,-0.1751809
1.0814,0.41070417,-0.18816662
1.0815001,0.40457872,-0.20096587
1.0816,0.39805454,-0.21356604
1.0817,0.39113805,-0.2259547
1.0818,0.38383612,-0.23811965
1.0819,0.37615597,-0.25004888
1.082,0.36810523,-0.2617307
1.0821,0.35969183,-0.27315351
1.0822001,0.35092407,-0.28430611
1.0822999,0.3418107,-0.29517749
1.0824,0.33236071,-0.30575699
1.0825,0.32258338,-0.31603414
1.0826,0.31248841,-0.32599881
1.0827,0.30208582,-0.33564126
1.0828,0.29138586,-0.34495193
1.0829,0.28039911,-0.35392168
1.0829999,0.2691364,-0.36254168
1.0831,0.25760892,-0.37080345
1.0832,0.24582799,-0.37869886
1.0833,0.23380528,-0.38622013
1.0834,0.22155267,-0.39335987
1.0835,0.20908228,-0.40011108
1.0836,0.19640638,-0.40646708
1.0836999,0.18353751,-0.41242167
1.0838,0.1704884,-0.41796899
1.0839,0.15727191,-0.42310357
1.084,0.14390109,-0.42782038
1.0841,0.13038914,-0.43211481
1.0842,0.11674943,-0.43598264
1.0843,0.10299539,-0.43942007
1.0844001,0.089140601,-0.4424237
1.0845,0.075198747,-0.44499069
1.0846,0.061183594,-0.44711846
1.0847,0.047108952,-0.44880494
1.0848,0.032988723,-0.45004851
1.0849,0.01883685,-0.45084798
1.085,0.0046672877,-0.4512026
1.0851001,-0.009505989,-0.451112
1.0852,-0.02366899,-0.45057631
1.0853,-0.03780774,-0.44959614
1.0854,-0.051908299,-0.44817239
1.0855,-0.065956756,-0.44630656
1.0856,-0.079939246,-0.44400051
1.0857,-0.093841992,-0.44125655
1.0858001,-0.10765127,-0.43807739
1.0858999,-0.12135347,-0.43446615
1.086,-0.13493508,-0.43042654
1.0861,-0.14838269,-0.42596248
1.0862,-0.16168307,-0.42107838
1.0863,-0.17482309,-0.41577914
1.0864,-0.1877898,-0.41007003
1.0865,-0.20057042,-0.40395665
1.0865999,-0.21315233,-0.39744508
1.0867,-0.22552316,-0.39054176
1.0868,-0.23767072,-0.38325357
1.0869,-0.24958301,-0.37558767
1.087,-0.26124829,-0.36755165
1.0871,-0.2726551,-0.35915348
1.0872,-0.28379217,-0.35040146
1.0872999,-0.29464856,-0.34130424
1.0874,-0.30521354,-0.33187082
1.0875,-0.31547672,-0.32211053
1.0876,-0.32542801,-0.31203306
1.0877,-0.33505756,-0.30164826
1.0878,-0.34435594,-0.29096648
1.0879,-0.35331398,-0.2799983
1.0880001,-0.36192289,-0.26875448
1.0881,-0.37017411,-0.25724617
1.0882,-0.37805963,-0.24548474
1.0883,-0.38557163,-0.23348182
1.0884,-0.3927027,-0.22124922
1.0885,-0.39944586,-0.20879906
1.0886,-0.4057945,-0.19614364
1.0887001,-0.41174233,-0.18329546
1.0888,-0.41728354,-0.17026716
1.0889,-0.42241269,-0.15707165
1.089,-0.42712474,-0.14372197
1.0891,-0.43141505,-0.13023125
1.0892,-0.4352794,-0.11661284
1.0893,-0.43871403,-0.10288018
1.0894001,-0.44171557,-0.089046828
1.0895,-0.44428107,-0.075126424
1.0896,-0.44640803,-0.061132718
1.0897,-0.4480944,-0.047079522
1.0898,-0.4493385,-0.032980703
1.0899,-0.45013916,-0.018850164
1.09,-0.4504956,-0.0047018579
1.0901,-0.45040751,0.0094502531
1.0901999,-0.449875,0.023592213
1.0903,-0.44889855,0.037710071
1.0904,-0.44747925,0.051789891
1.0905,-0.44561851,0.065817788
1.0906,-0.44331813,0.07977993
1.0907,-0.44058046,0.093662538
1.0908,-0.43740818,0.10745192
1.0908999,-0.43380451,0.12113449
1.091,-0.42977294,0.13469674
1.0911,-0.42531753,0.14812529
1.0912,-0.4204427,0.16140692
1.0913,-0.41515329,0.17452851
1.0914,-0.40945449,0.18747714
1.0915,-0.40335196,0.20024003
1.0915999,-0.39685184,0.21280463
1.0917,-0.38996041,0.22515851
1.0918,-0.38268459,0.23728952
1.0919,-0.37503156,0.2491857
1.092,-0.36700889,0.26083532
1.0921,-0.35862449,0.2722269
1.0922,-0.34988669,0.28334922
1.0923001,-0.34080413,0.29419133
1.0924,-0.33138576,0.30474252
1.0925,-0.32164088,0.31499243
1.0926,-0.31157917,0.32493091
1.0927,-0.30121055,0.33454823
1.0928,-0.29054528,0.34383491
1.0929,-0.27959386,0.35278174
1.0930001,-0.26836714,0.36138001
1.0931,-0.25687623,0.36962119
1.0932,-0.24513242,0.37749717
1.0933,-0.23314735,0.3850002
1.0934,-0.22093287,0.39212292
1.0935,-0.20850103,0.39885834
1.0936,-0.1958641,0.40519974
1.0937001,-0.18303455,0.41114098
1.0937999,-0.17002508,0.41667619
1.0939,-0.15684852,0.42179993
1.094,-0.14351785,0.42650715
1.0941,-0.13004628,0.43079326
1.0942,-0.11644708,0.43465403
1.0943,-0.10273367,0.43808565
1.0944,-0.088919602,0.44108474
1.0944999,-0.075018503,0.44364846
1.0946,-0.061044101,0.44577426
1.0947,-0.047010168,0.44746
1.0948,-0.032930568,0.44870409
1.0949,-0.018819196,0.44950536
1.095,-0.0046899738,0.44986299
1.0951,0.009443162,0.44977662
1.0951999,0.023566261,0.44924644
1.0953,0.037665386,0.44827297
1.0954,0.051726636,0.44685712
1.0955,0.065736137,0.44500041
1.0956,0.079680063,0.44270462
1.0957,0.093544662,0.4399721
1.0958,0.10731626,0.43680549
1.0959001,0.12098128,0.43320799
1.096,0.13452622,0.42918316
1.0961,0.14793776,0.42473498
1.0962,0.16120264,0.41986787
1.0963,0.17430779,0.41458663
1.0964,0.1872403,0.40889657
1.0965,0.1999874,0.40280321
1.0966001,0.21253651,0.39631262
1.0967,0.2248753,0.38943127
1.0968,0.23699157,0.38216594
1.0969,0.24887338,0.37452379
1.097,0.26050904,0.36651236
1.0971,0.27188703,0.35813966
1.0972,0.28299621,0.3494139
1.0973001,0.29382557,0.34034371
1.0974,0.30436447,0.33093807
1.0975,0.31460249,0.3212063
1.0976,0.32452959,0.31115797
1.0977,0.33413595,0.30080301
1.0978,0.3434121,0.29015169
1.0979,0.35234895,0.2792145
1.098,0.36093765,0.26800224
1.0980999,0.36916977,0.25652602
1.0982,0.3770372,0.24479714
1.0983,0.38453218,0.23282722
1.0984,0.39164734,0.22062802
1.0985,0.39837563,0.20821165
1.0986,0.40471053,0.19559035
1.0987,0.41064572,0.18277656
1.0987999,0.41617537,0.16978294
1.0989,0.42129406,0.15662235
1.099,0.42599681,0.14330776
1.0991,0.43027887,0.12985229
1.0992,0.43413612,0.11626925
1.0993,0.43756479,0.10257206
1.0994,0.44056147,0.088774219
1.0994999,0.44312319,0.07488934
1.0996,0.4452475,0.060931135
1.0997,0.44693235,0.046913385
1.0998,0.448176,0.032849919
1.0999,0.44897729,0.018754611
1.1,0.44933546,0.0046413736
1.1001,0.44925016,-0.0094758589
1.1002001,0.44872147,-0.023583172
1.1003,0.44774997,-0.037666637
1.1004,0.4463366,-0.051712364
1.1005,0.44448283,-0.065706484
1.1006,0.44219041,-0.079635203
1.1007,0.43946171,-0.093484782
1.1008,0.43629938,-0.10724154
1.1009001,0.43270662,-0.12089193
1.101,0.42868689,-0.13442247
1.1011,0.42424425,-0.14781982
1.1012,0.41938314,-0.16107076
1.1013,0.41410825,-0.17416224
1.1014,0.40842488,-0.18708132
1.1015,0.40233865,-0.19981529
1.1016001,0.39585558,-0.21235158
1.1016999,0.38898203,-0.22467779
1.1018,0.38172483,-0.23678182
1.1019,0.37409121,-0.24865171
1.102,0.36608863,-0.26027575
1.1021,0.35772502,-0.27164251
1.1022,0.34900868,-0.28274074
1.1023,0.33994824,-0.29355952
1.1023999,0.33055258,-0.30408821
1.1025,0.320831,-0.31431636
1.1026,0.31079313,-0.32423395
1.1027,0.30044892,-0.33383122
1.1028,0.28980848,-0.34309864
1.1029,0.27888241,-0.35202712
1.103,0.26768151,-0.36060789
1.1030999,0.25621676,-0.36883244
1.1032,0.24449953,-0.37669268
1.1033,0.2325414,-0.38418087
1.1034,0.22035418,-0.39128965
1.1035,0.20794986,-0.39801201
1.1036,0.19534072,-0.40434131
1.1037,0.18253921,-0.41027135
1.1038001,0.16955797,-0.41579625
1.1039,0.15640979,-0.4209106
1.104,0.14310765,-0.42560935
1.1041,0.12966472,-0.42988792
1.1042,0.11609424,-0.43374208
1.1043,0.1024096,-0.43716797
1.1044,0.088624313,-0.4401623
1.1045001,0.074752003,-0.44272214
1.1046,0.060806334,-0.44484493
1.1047,0.046801075,-0.44652858
1.1048,0.032750055,-0.44777149
1.1049,0.018667148,-0.44857243
1.105,0.0045662289,-0.44893059
1.1051,-0.0095387753,-0.44884568
1.1052001,-0.023633944,-0.44831777
1.1052999,-0.037705369,-0.4473474
1.1054,-0.051739175,-0.44593549
1.1055,-0.065721512,-0.44408351
1.1056,-0.079638571,-0.44179332
1.1057,-0.093476638,-0.43906713
1.1058,-0.10722206,-0.43590763
1.1059,-0.12086125,-0.432318
1.1059999,-0.1343808,-0.42830181
1.1061,-0.14776732,-0.42386299
1.1062,-0.16100764,-0.41900593
1.1063,-0.17408869,-0.41373545
1.1064,-0.18699756,-0.40805677
1.1065,-0.19972153,-0.40197545
1.1066,-0.21224803,-0.39549759
1.1066999,-0.22456472,-0.38862953
1.1068,-0.23665945,-0.38137808
1.1069,-0.24852027,-0.37375039
1.107,-0.2601355,-0.36575398
1.1071,-0.2714937,-0.35739681
1.1072,-0.28258365,-0.34868708
1.1073,-0.29339442,-0.33963344
1.1073999,-0.30391532,-0.33024478
1.1075,-0.31413603,-0.32053041
1.1076,-0.3240464,-0.31049988
1.1077,-0.3336367,-0.30016315
1.1078,-0.3428975,-0.2895304
1.1079,-0.35181963,-0.27861214
1.108,-0.36039433,-0.2674191
1.1081001,-0.36861306,-0.2559624
1.1082,-0.37646785,-0.24425334
1.1083,-0.38395086,-0.23230344
1.1084,-0.39105472,-0.22012451
1.1085,-0.39777243,-0.20772861
1.1086,-0.40409744,-0.19512795
1.1087,-0.41002345,-0.18233496
1.1088001,-0.4155446,-0.16936226
1.1089,-0.42065552,-0.1562227
1.109,-0.42535114,-0.14292921
1.1091,-0.42962682,-0.12949492
1.1092,-0.43347836,-0.11593308
1.1093,-0.43690199,-0.1022571
1.1094,-0.43989432,-0.088480465
1.1095001,-0.44245237,-0.07461676
1.1095999,-0.44457367,-0.060679685
1.1097,-0.44625616,-0.046682995
1.1098,-0.44749814,-0.032640483
1.1099,-0.44829839,-0.018566018
1.11,-0.44865614,-0.0044734944
1.1101,-0.44857109,0.009623182
1.1102,-0.44804326,0.023710109
1.1102999,-0.44707319,0.037773382
1.1104,-0.4456619,0.051799115
1.1105,-0.44381076,0.06577348
1.1106,-0.44152156,0.079682685
1.1107,-0.43879661,0.093512997
1.1108,-0.43563864,0.10725079
1.1109,-0.4320507,0.12088248
1.1109999,-0.42803636,0.13439463
1.1111,-0.42359963,0.14777392
1.1112,-0.41874489,0.16100715
1.1113,-0.41347685,0.17408124
1.1114,-0.40780079,0.1869833
1.1115,-0.40172231,0.19970061
1.1116,-0.39524743,0.21222062
1.1117001,-0.38838249,0.22453097
1.1118,-0.38113433,0.23661952
1.1119,-0.37351006,0.24847434
1.112,-0.36551726,0.26008376
1.1121,-0.35716376,0.27143627
1.1122,-0.34845784,0.28252074
1.1123,-0.33940813,0.2933262
1.1124001,-0.33002347,0.30384198
1.1125,-0.32031322,0.31405771
1.1126,-0.31028694,0.32396334
1.1127,-0.29995453,0.33354908
1.1128,-0.28932613,0.34280547
1.1129,-0.27841231,0.35172337
1.113,-0.26722383,0.36029401
1.1131001,-0.25577173,0.36850893
1.1131999,-0.24406727,0.37636
1.1133,-0.23212203,0.38383952
1.1134,-0.21994784,0.3909401
1.1135,-0.20755666,0.39765471
1.1136,-0.19496076,0.40397674
1.1137,-0.18217254,0.40989995
1.1138,-0.16920465,0.41541857
1.1138999,-0.15606986,0.42052701
1.114,-0.14278115,0.42522037
1.1141,-0.12935166,0.42949399
1.1142,-0.1157946,0.43334362
1.1143,-0.10212336,0.43676546
1.1144,-0.088351451,0.43975616
1.1145,-0.074492462,0.44231281
1.1145999,-0.060560048,0.44443282
1.1147,-0.046567973,0.44611415
1.1148,-0.032530051,0.44735512
1.1149,-0.01846013,0.44815454
1.115,-0.0043720882,0.4485116
1.1151,0.0097201644,0.44842592
1.1152,0.023802718,0.44789764
1.1153001,0.037861679,0.44692728
1.1154,0.05188318,0.44551575
1.1155,0.065853372,0.44366449
1.1156,0.07975848,0.44137537
1.1157,0.093584768,0.43865055
1.1158,0.10731861,0.43549278
1.1159,0.12094644,0.43190518
1.1160001,0.13445482,0.42789131
1.1161,0.14783041,0.42345506
1.1162,0.16106002,0.41860086
1.1163,0.17413059,0.41333354
1.1164,0.18702921,0.40765825
1.1165,0.19974318,0.40158057
1.1166,0.21225993,0.39510655
1.1167001,0.22456713,0.3882426
1.1168,0.2366526,0.38099542
1.1169,0.24850444,0.3733722
1.117,0.26011097,0.3653805
1.1171,0.27146071,0.35702816
1.1172,0.28254247,0.3483234
1.1173,0.2933453,0.33927488
1.1174001,0.30385855,0.32989147
1.1174999,0.31407186,0.3201825
1.1176,0.32397515,0.31015751
1.1177,0.33355859,0.29982635
1.1178,0.34281284,0.28919932
1.1179,0.35172865,0.27828681
1.118,0.36029726,0.26709965
1.1181,0.36851025,0.25564882
1.1181999,0.37635949,0.24394572
1.1183,0.38383722,0.2320018
1.1184,0.39093608,0.21982889
1.1185,0.39764908,0.20743902
1.1186,0.40396956,0.19484439
1.1187,0.40989128,0.18205743
1.1188,0.41540843,0.16909076
1.1188999,0.42051554,0.15595719
1.119,0.42520759,0.14266968
1.1191,0.42947993,0.12924132
1.1192,0.43332833,0.11568539
1.1193,0.43674904,0.10201526
1.1194,0.43973863,0.088244408
1.1195,0.44229418,0.074386433
1.1196001,0.44441319,0.060455009
1.1197,0.44609353,0.046463896
1.1198,0.44733351,0.032426883
1.1199,0.44813198,0.018357828
1.12,0.44848812,0.0042706248
1.1201,0.44840157,-0.009820831
1.1202,0.4478724,-0.023902638
1.1203001,0.44690117,-0.037960891
1.1204,0.44548884,-0.051981714
1.1205,0.44363675,-0.06595128
1.1206,0.44134673,-0.0798558
1.1207,0.43862107,-0.093681544
1.1208,0.4354625,-0.10741487
1.1209,0.43187407,-0.12104224
1.1210001,0.42785931,-0.13455017
1.1210999,0.42342222,-0.14792536
1.1212,0.41856718,-0.16115461
1.1213,0.41329893,-0.17422484
1.1214,0.40762272,-0.18712318
1.1215,0.40154415,-0.19983687
1.1216,0.39506918,-0.21235338
1.1217,0.38820422,-0.22466035
1.1217999,0.38095602,-0.23674564
1.1219,0.37333179,-0.24859732
1.122,0.36533895,-0.26020369
1.1221,0.35698548,-0.27155328
1.1222,0.3482796,-0.28263491
1.1223,0.33922988,-0.29343763
1.1224,0.32984525,-0.30395079
1.1224999,0.32013497,-0.31416398
1.1226,0.31010866,-0.32406718
1.1227,0.29977617,-0.33365056
1.1228,0.28914768,-0.34290466
1.1229,0.27823371,-0.35182038
1.123,0.26704505,-0.3603889
1.1231,0.25559267,-0.36860174
1.1232001,0.24388795,-0.37645084
1.1233,0.23194237,-0.38392839
1.1234,0.21976778,-0.39102709
1.1235,0.20737612,-0.39773983
1.1236,0.19477968,-0.40406007
1.1237,0.18199088,-0.40998152
1.1238,0.16902232,-0.41549835
1.1239001,0.15588678,-0.42060509
1.124,0.14259727,-0.42529672
1.1241,0.1291669,-0.42956862
1.1242,0.11560887,-0.43341652
1.1243,0.10193661,-0.43683666
1.1244,0.088163592,-0.43982565
1.1245,0.074303418,-0.44238058
1.1246001,0.060369745,-0.44449881
1.1247,0.046376344,-0.44617832
1.1248,0.032337021,-0.4474175
1.1249,0.018265631,-0.44821501
1.125,0.0041760514,-0.44857013
1.1251,-0.009917804,-0.44848248
1.1252,-0.024002023,-0.44795218
1.1253,-0.038062714,-0.44697967
1.1253999,-0.052085999,-0.44556597
1.1255,-0.066058032,-0.44371247
1.1256,-0.079965025,-0.44142097
1.1257,-0.093793258,-0.43869373
1.1258,-0.10752908,-0.43553343
1.1259,-0.12115893,-0.43194321
1.126,-0.13466935,-0.4279266
1.1260999,-0.14804703,-0.42348751
1.1262,-0.16127872,-0.41863039
1.1263,-0.17435142,-0.41336
1.1264,-0.18725218,-0.40768149
1.1265,-0.19996828,-0.40160054
1.1266,-0.21248716,-0.39512309
1.1267,-0.22479649,-0.38825557
1.1267999,-0.23688407,-0.38100469
1.1269,-0.24873802,-0.37337762
1.127,-0.26034662,-0.36538196
1.1271,-0.27169839,-0.3570255
1.1272,-0.28278214,-0.34831652
1.1273,-0.29358691,-0.33926359
1.1274,-0.30410206,-0.32987571
1.1275001,-0.3143172,-0.32016203
1.1276,-0.32422224,-0.31013221
1.1277,-0.33380741,-0.29979613
1.1278,-0.34306324,-0.28916401
1.1279,-0.35198054,-0.27824625
1.128,-0.36055058,-0.26705372
1.1281,-0.36876488,-0.25559741
1.1282001,-0.37661532,-0.24388866
1.1283,-0.38409409,-0.23193897
1.1284,-0.3911939,-0.21976015
1.1285,-0.39790767,-0.20736425
1.1286,-0.40422881,-0.19476347
1.1287,-0.41015103,-0.18197022
1.1288,-0.41566855,-0.16899717
1.1289001,-0.42077586,-0.15585712
1.1289999,-0.42546788,-0.14256297
1.1291,-0.42974004,-0.1291279
1.1292,-0.43358812,-0.11556517
1.1293,-0.43700829,-0.10188814
1.1294,-0.43999714,-0.088110298
1.1295,-0.44255173,-0.074245252
1.1296,-0.44466957,-0.060306698
1.1296999,-0.44634855,-0.046308376
1.1298,-0.44758695,-0.032264095
1.1299,-0.4483836,-0.01818773
1.13,-0.44873771,-0.0040931697
1.1301,-0.44864887,0.010005686
1.1302,-0.4481172,0.024094915
1.1303,-0.4471432,0.038160611
1.1303999,-0.44572785,0.052188892
1.1305,-0.44387251,0.066165917
1.1306,-0.44157898,0.080077887
1.1307,-0.4388496,0.093911067
1.1308,-0.43568701,0.10765181
1.1309,-0.43209428,0.12128655
1.131,-0.42807499,0.13480182
1.1311001,-0.4236331,0.1481843
1.1312,-0.418773,0.16142076
1.1313,-0.41349941,0.17449814
1.1314,-0.40781763,0.18740353
1.1315,-0.40173322,0.2001242
1.1316,-0.39525211,0.21264757
1.1317,-0.38838077,0.2249613
1.1318001,-0.38112596,0.23705323
1.1319,-0.3734948,0.24891141
1.132,-0.36549485,0.26052412
1.1321,-0.35713395,0.27187991
1.1322,-0.34842044,0.2829676
1.1323,-0.3393628,0.29377618
1.1324,-0.32997003,0.304295
1.1325001,-0.32025138,0.31451371
1.1325999,-0.31021646,0.32442218
1.1327,-0.29987508,0.33401063
1.1328,-0.28923753,0.34326959
1.1329,-0.27831429,0.35218993
1.133,-0.26711613,0.36076283
1.1331,-0.25565404,0.36897978
1.1332,-0.2439394,0.37683275
1.1332999,-0.23198374,0.38431391
1.1334,-0.21979885,0.39141592
1.1335,-0.20739675,0.3981317
1.1336,-0.19478968,0.40445468
1.1337,-0.1819901,0.41037861
1.1338,-0.16901059,0.41589755
1.1339,-0.155864,0.42100611
1.1339999,-0.14256328,0.42569926
1.1341,-0.12912159,0.42997232
1.1342,-0.11555212,0.43382108
1.1343,-0.10186832,0.4372417
1.1344,-0.088083677,0.44023088
1.1345,-0.074211799,0.44278556
1.1346,-0.060266353,0.44490325
1.1346999,-0.046261124,0.44658187
1.1348,-0.032209933,0.44781974
1.1349,-0.018126633,0.44861561
1.135,-0.0040251273,0.44896871
1.1351,0.010080662,0.44887868
1.1352,0.02417681,0.4483456
1.1353,0.038249418,0.44736996
1.1354001,0.052284583,0.44595271
1.1355,0.066268459,0.44409531
1.1356,0.080187246,0.44179952
1.1357,0.094027191,0.4390676
1.1358,0.10777465,0.43590224
1.1359,0.12141605,0.43230659
1.136,0.13493791,0.42828414
1.1361001,0.1483269,0.42383885
1.1362,0.16156979,0.41897514
1.1363,0.17465352,0.41369781
1.1364,0.18756516,0.408012
1.1365,0.20029196,0.40192333
1.1366,0.21282138,0.39543784
1.1367,0.22514102,0.3885619
1.1368001,0.23723872,0.38130224
1.1368999,0.24910256,0.37366608
1.137,0.26072082,0.36566094
1.1371,0.272082,0.35729468
1.1372,0.28317487,0.34857556
1.1373,0.29398856,0.3395122
1.1374,0.30451229,0.33011353
1.1375,0.31473574,0.32038879
1.1375999,0.32464874,0.31034759
1.1377,0.3342416,0.29999986
1.1378,0.34350476,0.28935575
1.1379,0.35242909,0.27842581
1.138,0.36100578,0.26722077
1.1381,0.36922637,0.25575176
1.1382,0.37708274,0.24403
1.1382999,0.38456708,0.23206711
1.1384,0.39167204,0.21987487
1.1385,0.39839062,0.20746534
1.1386,0.4047161,0.19485071
1.1387,0.4106423,0.18204346
1.1388,0.41616333,0.16905624
1.1389,0.42127374,0.15590183
1.1390001,0.42596847,0.14259323
1.1391,0.43024287,0.12914355
1.1392,0.43409276,0.1155661
1.1393,0.43751425,0.10187423
1.1394,0.44050401,0.088081479
1.1395,0.44305906,0.074201457
1.1396,0.4451769,0.060247861
1.1397001,0.44685537,0.046234448
1.1398,0.44809282,0.032175053
1.1399,0.44888806,0.018083556
1.14,0.4492403,0.0039738687
1.1401,0.44914907,-0.010140098
1.1402,0.44861457,-0.024244405
1.1403,0.44763729,-0.038325131
1.1404001,0.44621813,-0.05236838
1.1404999,0.44435853,-0.066360295
1.1406,0.44206029,-0.080287062
1.1407,0.43932572,-0.094134927
1.1408,0.43615746,-0.10789023
1.1409,0.4325586,-0.12153939
1.141,0.42853275,-0.13506894
1.1411,0.42408383,-0.1484655
1.1411999,0.41921622,-0.16171588
1.1413,0.41393471,-0.17480697
1.1414,0.40824455,-0.18772586
1.1415,0.40215132,-0.20045978
1.1416,0.39566097,-0.21299617
1.1417,0.38877994,-0.22532265
1.1418,0.38151506,-0.23742707
1.1418999,0.37387344,-0.24929744
1.142,0.36586258,-0.26092204
1.1421,0.35749042,-0.27228943
1.1422,0.34876525,-0.28338838
1.1423,0.3396956,-0.29420787
1.1424,0.33029044,-0.30473724
1.1425,0.32055908,-0.31496614
1.1426001,0.31051108,-0.32488444
1.1427,0.30015633,-0.33448231
1.1428,0.28950506,-0.3437503
1.1429,0.27856782,-0.35267925
1.143,0.26735535,-0.36126035
1.1431,0.25587869,-0.36948508
1.1432,0.24414922,-0.37734538
1.1433001,0.23217849,-0.38483343
1.1434,0.21997827,-0.39194185
1.1435,0.20756063,-0.39866358
1.1436,0.19493783,-0.40499204
1.1437,0.18212232,-0.41092095
1.1438,0.1691267,-0.41644442
1.1439,0.15596384,-0.42155701
1.1440001,0.14264672,-0.42625368
1.1441,0.12918846,-0.43052977
1.1442,0.11560235,-0.43438101
1.1443,0.10190181,-0.43780366
1.1444,0.088100344,-0.44079429
1.1445,0.074211568,-0.44334993
1.1446,0.060249187,-0.44546804
1.1447001,0.046226997,-0.44714656
1.1447999,0.032158826,-0.44838384
1.1449,0.01805855,-0.44917855
1.145,0.0039400929,-0.44952998
1.1451,-0.010182609,-0.44943774
1.1452,-0.024295619,-0.44890192
1.1453,-0.038385015,-0.447923
1.1454,-0.052436881,-0.446502
1.1454999,-0.066437349,-0.44464031
1.1456,-0.080372602,-0.44233969
1.1457,-0.094228886,-0.43960243
1.1458,-0.10799252,-0.43643123
1.1459,-0.12164992,-0.43282923
1.146,-0.1351876,-0.42879993
1.1461,-0.1485922,-0.42434731
1.1461999,-0.16185048,-0.41947579
1.1463,-0.17494936,-0.41419014
1.1464,-0.1878759,-0.40849552
1.1465,-0.20061734,-0.4023976
1.1466,-0.21316111,-0.39590243
1.1467,-0.22549482,-0.3890163
1.1468,-0.23760626,-0.38174605
1.1469001,-0.24948351,-0.37409887
1.147,-0.26111484,-0.36608228
1.1471,-0.27248874,-0.35770416
1.1472,-0.28359401,-0.3489728
1.1473,-0.29441965,-0.3398968
1.1474,-0.30495501,-0.33048514
1.1475,-0.31518963,-0.32074702
1.1476001,-0.32511342,-0.31069207
1.1477,-0.33471662,-0.30033028
1.1478,-0.34398967,-0.28967181
1.1479,-0.35292348,-0.27872717
1.148,-0.36150917,-0.26750717
1.1481,-0.36973831,-0.25602287
1.1482,-0.37760273,-0.2442856
1.1483001,-0.38509467,-0.23230694
1.1483999,-0.39220673,-0.2200987
1.1485,-0.39893189,-0.20767295
1.1486,-0.40526345,-0.19504189
1.1487,-0.41119522,-0.18221804
1.1488,-0.41672134,-0.16921404
1.1489,-0.42183629,-0.15604271
1.149,-0.42653501,-0.14271703
1.1490999,-0.4308129,-0.12925018
1.1492,-0.43466574,-0.11565545
1.1493,-0.43808964,-0.10194621
1.1494,-0.44108126,-0.088136025
1.1495,-0.44363764,-0.074238516
1.1496,-0.44575623,-0.060267407
1.1497,-0.44743493,-0.046236459
1.1497999,-0.44867209,-0.032159533
1.1499,-0.44946647,-0.018050533
1.15,-0.44981727,-0.0039233696
1.1501,-0.44972414,0.010208015
1.1502,-0.44918716,0.02432967
1.1503,-0.44820684,0.038427651
1.1504,-0.44678414,0.052488055
1.1505001,-0.44492045,0.066496998
1.1506,-0.44261762,0.080440648
1.1507,-0.4398779,0.094305247
1.1508,-0.43670398,0.10807711
1.1509,-0.43309897,0.12174264
1.151,-0.42906645,0.13528834
1.1511,-0.42461038,0.14870086
1.1512001,-0.4197351,0.16196693
1.1513,-0.41444549,0.17507347
1.1514,-0.40874672,0.18800755
1.1515,-0.40264443,0.20075639
1.1516,-0.39614457,0.21330738
1.1517,-0.38925359,0.22564816
1.1518,-0.3819783,0.23776655
1.1519001,-0.37432584,0.24965055
1.152,-0.36630377,0.26128843
1.1521,-0.35791999,0.27266875
1.1522,-0.34918281,0.28378022
1.1523,-0.34010077,0.29461187
1.1524,-0.33068284,0.30515301
1.1525,-0.32093838,0.31539324
1.1526,-0.31087694,0.32532245
1.1526999,-0.30050841,0.33493081
1.1528,-0.28984308,0.34420887
1.1529,-0.2788915,0.35314742
1.153,-0.26766437,0.36173764
1.1531,-0.25617281,0.36997104
1.1532,-0.24442819,0.37783954
1.1533,-0.23244207,0.3853353
1.1533999,-0.22022624,0.39245093
1.1535,-0.2077928,0.3991794
1.1536,-0.19515403,0.40551409
1.1537,-0.18232234,0.41144872
1.1538,-0.16931042,0.41697738
1.1539,-0.15613112,0.42209467
1.154,-0.14279744,0.42679551
1.1540999,-0.12932251,0.43107525
1.1542,-0.11571965,0.43492961
1.1543,-0.10200229,0.43835485
1.1544,-0.088183947,0.44134757
1.1545,-0.074278258,0.44390473
1.1546,-0.060298961,0.44602388
1.1547,-0.046259843,0.44770291
1.1548001,-0.032174759,0.44894013
1.1549,-0.018057603,0.44973427
1.155,-0.0039223176,0.45008463
1.1551,0.010217145,0.44999078
1.1552,0.024346841,0.44945285
1.1553,0.038452819,0.44847131
1.1554,0.052521154,0.44704714
1.1555001,0.066537961,0.44518179
1.1556,0.080489404,0.44287702
1.1557,0.094361722,0.44013512
1.1558,0.10814121,0.43695879
1.1559,0.12181427,0.43335119
1.156,0.13536739,0.42931578
1.1561,0.14878723,0.4248566
1.1562001,0.16206051,0.41997808
1.1562999,0.17517413,0.41468495
1.1564,0.18811515,0.40898243
1.1565,0.20087078,0.4028762
1.1566,0.21342847,0.39637223
1.1567,0.22577576,0.38947693
1.1568,0.23790051,0.38219711
1.1569,0.24979073,0.37453997
1.1569999,0.26143467,0.36651304
1.1571,0.27282086,0.35812423
1.1572,0.28393802,0.34938177
1.1573,0.29477519,0.34029439
1.1574,0.30532169,0.33087096
1.1575,0.31556708,0.3211208
1.1576,0.32550123,0.31105351
1.1576999,0.33511436,0.30067909
1.1578,0.34439695,0.29000768
1.1579,0.35333985,0.27904984
1.158,0.36193424,0.26781639
1.1581,0.37017161,0.25631845
1.1582,0.3780438,0.24456729
1.1583,0.38554308,0.23257452
1.1584001,0.39266202,0.22035202
1.1585,0.39939359,0.2079118
1.1586,0.40573111,0.19526614
1.1587,0.41166836,0.18242754
1.1588,0.41719949,0.16940865
1.1589,0.42231894,0.15622231
1.159,0.42702174,0.14288154
1.1591001,0.4313032,0.12939952
1.1592,0.43515912,0.11578953
1.1593,0.43858561,0.102065
1.1594,0.44157937,0.088239491
1.1595,0.44413739,0.074326634
1.1596,0.44625714,0.060340166
1.1597,0.44793653,0.046293873
1.1598001,0.4491739,0.032201633
1.1599,0.44996801,0.018077359
1.16,0.45031807,0.0039349734
1.1601,0.45022371,-0.01021156
1.1602,0.44968504,-0.024348276
1.1603,0.4487026,-0.03846122
1.1604,0.44727731,-0.052536469
1.1605,0.44541058,-0.066560134
1.1605999,0.44310424,-0.080518357
1.1607,0.44036061,-0.094397373
1.1608,0.43718231,-0.10818349
1.1609,0.4335725,-0.12186308
1.161,0.42953476,-0.13542266
1.1611,0.42507306,-0.14884883
1.1612,0.42019176,-0.16212834
1.1612999,0.41489571,-0.17524809
1.1614,0.40919015,-0.18819512
1.1615,0.40308064,-0.20095666
1.1616,0.39657322,-0.21352009
1.1617,0.38967437,-0.22587304
1.1618,0.3823908,-0.23800328
1.1619,0.37472975,-0.24989885
1.1619999,0.36669874,-0.26154801
1.1621,0.35830575,-0.27293923
1.1622,0.34955898,-0.28406131
1.1623,0.3404671,-0.29490325
1.1624,0.33103907,-0.30545434
1.1625,0.32128423,-0.31570417
1.1626,0.31121212,-0.32564259
1.1627001,0.30083272,-0.33525982
1.1628,0.29015628,-0.34454635
1.1629,0.27919334,-0.35349301
1.163,0.26795465,-0.36209095
1.1631,0.25645137,-0.3703317
1.1632,0.24469483,-0.37820715
1.1633,0.23269662,-0.38570946
1.1634001,0.22046855,-0.39283124
1.1635,0.20802274,-0.39956546
1.1636,0.19537145,-0.40590551
1.1637,0.18252714,-0.41184503
1.1638,0.16950251,-0.41737825
1.1639,0.15631039,-0.42249963
1.164,0.14296384,-0.42720419
1.1641001,0.12947598,-0.43148717
1.1641999,0.11586013,-0.43534443
1.1643,0.10212976,-0.43877211
1.1644,0.088298388,-0.44176686
1.1645,0.07437966,-0.44432569
1.1646,0.060387328,-0.44644603
1.1647,0.046335205,-0.4481259
1.1648,0.032237142,-0.4493635
1.1648999,0.018107055,-0.45015767
1.165,0.0039588972,-0.45050761
1.1651,-0.010193367,-0.45041299
1.1652,-0.024335781,-0.44987383
1.1653,-0.03845438,-0.44889075
1.1654,-0.052535228,-0.44746464
1.1655,-0.066564433,-0.44559696
1.1655999,-0.08052814,-0.44328949
1.1657,-0.09441258,-0.44054452
1.1658,-0.10820404,-0.43736479
1.1659,-0.1218889,-0.43375337
1.166,-0.13545366,-0.42971385
1.1661,-0.14888494,-0.42525023
1.1662,-0.16216947,-0.42036691
1.1663001,-0.17529415,-0.41506866
1.1664,-0.188246,-0.40936071
1.1665,-0.20101225,-0.40324873
1.1666,-0.21358031,-0.39673874
1.1667,-0.22593775,-0.38983712
1.1668,-0.2380724,-0.38255072
1.1669,-0.24997225,-0.37488669
1.1670001,-0.26162559,-0.36685261
1.1671,-0.27302086,-0.3584564
1.1672,-0.28414688,-0.34970635
1.1673,-0.29499263,-0.3406111
1.1674,-0.30554736,-0.33117959
1.1675,-0.3158007,-0.32142112
1.1676,-0.32574254,-0.31134537
1.1677001,-0.33536306,-0.30096224
1.1677999,-0.34465271,-0.29028198
1.1679,-0.35360238,-0.27931511
1.168,-0.36220318,-0.26807252
1.1681,-0.37044668,-0.25656521
1.1682,-0.37832466,-0.24480459
1.1683,-0.38582942,-0.23280224
1.1684,-0.39295352,-0.22057004
1.1684999,-0.39968988,-0.20812002
1.1686,-0.40603191,-0.19546446
1.1687,-0.4119733,-0.18261588
1.1688,-0.41750824,-0.16958696
1.1689,-0.4226312,-0.15639052
1.169,-0.42733717,-0.1430396
1.1691,-0.43162146,-0.12954739
1.1691999,-0.43547988,-0.1159272
1.1693,-0.43890858,-0.10219245
1.1694,-0.44190416,-0.088356704
1.1695,-0.44446373,-0.074433632
1.1696,-0.4465847,-0.060436953
1.1697,-0.44826496,-0.046380486
1.1698,-0.44950289,-0.032278113
1.1698999,-0.45029727,-0.018143745
1.17,-0.45064726,-0.0039913231
1.1701,-0.45055252,0.010165177
1.1702,-0.45001322,0.024311783
1.1703,-0.4490298,0.038434535
1.1704,-0.44760323,0.052519497
1.1705,-0.44573495,0.066552766
1.1706001,-0.44342679,0.080520488
1.1707,-0.44068104,0.094408885
1.1708,-0.43750033,0.10820425
1.1709,-0.4338879,0.12189296
1.171,-0.42984727,0.13546151
1.1711,-0.42538238,0.14889649
1.1712,-0.42049769,0.16218467
1.1713001,-0.415198,0.17531291
1.1714,-0.40948856,0.18826827
1.1715,-0.40337491,0.20103794
1.1716,-0.39686319,0.21360934
1.1717,-0.38995978,0.22597006
1.1718,-0.38267148,0.23810787
1.1719,-0.37500548,0.25001082
1.1720001,-0.36696935,0.26166716
1.1720999,-0.35857105,0.27306536
1.1722,-0.3498188,0.2841942
1.1723,-0.34072128,0.29504266
1.1724,-0.33128747,0.30560005
1.1725,-0.32152665,0.31585595
1.1726,-0.31144845,0.32580024
1.1727,-0.30106285,0.33542308
1.1727999,-0.29038009,0.34471503
1.1729,-0.27941069,0.35366684
1.173,-0.26816544,0.36226973
1.1731,-0.25665551,0.37051517
1.1732,-0.24489224,0.37839505
1.1733,-0.23288719,0.38590157
1.1734,-0.22065225,0.39302731
1.1734999,-0.20819949,0.39976525
1.1736,-0.19554119,0.40610877
1.1737,-0.18268982,0.41205156
1.1738,-0.16965809,0.41758776
1.1739,-0.15645887,0.42271191
1.174,-0.14310515,0.42741898
1.1741,-0.12961014,0.43170425
1.1742001,-0.11598712,0.43556353
1.1743,-0.10224959,0.43899307
1.1744,-0.088411056,0.44198939
1.1745,-0.07448519,0.44454956
1.1746,-0.060485747,0.44667104
1.1747,-0.046426542,0.4483518
1.1748,-0.032321431,0.44959009
1.1749001,-0.018184343,0.45038471
1.175,-0.0040292386,0.45073491
1.1751,0.010129917,0.45064032
1.1752,0.024279159,0.45010102
1.1753,0.038404513,0.44911754
1.1754,0.052492041,0.44769087
1.1755,0.066527843,0.44582242
1.1756001,0.080498062,0.44351399
1.1756999,0.094388917,0.44076788
1.1758,0.10818668,0.43758684
1.1759,0.12187777,0.43397391
1.176,0.13544863,0.42993274
1.1761,0.14888591,0.42546728
1.1762,0.16217633,0.42058197
1.1763,0.17530675,0.41528156
1.1763999,0.18826424,0.40957135
1.1765,0.20103601,0.40345696
1.1766,0.21360943,0.39694437
1.1767,0.22597212,0.39004004
1.1768,0.23811185,0.38275081
1.1769,0.25001669,0.37508386
1.177,0.26167482,0.36704671
1.1770999,0.27307478,0.35864735
1.1772,0.28420532,0.34989402
1.1773,0.29505545,0.3407954
1.1774,0.30561441,0.33136043
1.1775,0.31587186,0.32159844
1.1776,0.32581761,0.31151909
1.1777,0.33544192,0.30113226
1.1778001,0.34473518,0.29044825
1.1779,0.3536883,0.2794776
1.178,0.36229244,0.26823112
1.1781,0.3705391,0.25671992
1.1782,0.37842008,0.24495532
1.1783,0.38592771,0.23294899
1.1784,0.39305449,0.22071277
1.1785001,0.39979342,0.20825869
1.1786,0.40613782,0.19559906
1.1787,0.41208151,0.18274641
1.1788,0.41761854,0.16971339
1.1789,0.42274347,0.15651286
1.179,0.42745122,0.14315784
1.1791,0.43173721,0.12966156
1.1792001,0.43559715,0.11603727
1.1793,0.43902725,0.10229845
1.1794,0.44202411,0.088458665
1.1795,0.44458479,0.074531578
1.1796,0.44670674,0.060530901
1.1797,0.44838789,0.046470474
1.1798,0.44962656,0.032364171
1.1799001,0.45042157,0.018225918
1.1799999,0.45077208,0.0040696524
1.1801,0.45067775,-0.010090644
1.1802,0.45013872,-0.024240995
1.1803,0.44915545,-0.038367443
1.1804,0.44772896,-0.052456044
1.1805,0.44586065,-0.066492893
1.1806,0.4435524,-0.080464132
1.1806999,0.44080639,-0.094355986
1.1808,0.43762541,-0.10815473
1.1809,0.43401256,-0.12184677
1.181,0.42997146,-0.13541856
1.1811,0.42550603,-0.14885673
1.1812,0.42062071,-0.16214801
1.1813,0.41532034,-0.17527929
1.1813999,0.40961012,-0.18823759
1.1815,0.40349567,-0.20101015
1.1816,0.39698306,-0.21358435
1.1817,0.39007872,-0.2259478
1.1818,0.38278943,-0.23808825
1.1819,0.3751224,-0.24999377
1.182,0.36708522,-0.26165259
1.1821001,0.35868579,-0.2730532
1.1822,0.3499324,-0.28418437
1.1823,0.34083372,-0.29503506
1.1824,0.3313987,-0.30559465
1.1825,0.32163668,-0.31585264
1.1826,0.31155723,-0.32579896
1.1827,0.30117038,-0.33542374
1.1828001,0.29048634,-0.34471756
1.1829,0.27951565,-0.35367116
1.183,0.26826912,-0.36227575
1.1831,0.25675792,-0.37052286
1.1832,0.24499333,-0.37840432
1.1833,0.232987,-0.38591236
1.1834,0.22075078,-0.39303955
1.1835001,0.20829673,-0.3997789
1.1835999,0.19563717,-0.40612373
1.1837,0.18278456,-0.41206777
1.1838,0.16975158,-0.41760516
1.1839,0.15655115,-0.42273051
1.184,0.14319624,-0.42743865
1.1841,0.12970003,-0.43172497
1.1842,0.11607588,-0.43558529
1.1842999,0.10233722,-0.43901575
1.1844,0.088497587,-0.44201297
1.1845,0.074570648,-0.44457403
1.1846,0.060570162,-0.44669634
1.1847,0.04650994,-0.44837788
1.1848,0.032403845,-0.44961694
1.1849,0.018265812,-0.4504123
1.1849999,0.0041097947,-0.45076323
1.1851,-0.010050247,-0.45066932
1.1852,-0.024200337,-0.45013067
1.1853,-0.038326506,-0.44914785
1.1854,-0.052414812,-0.44772184
1.1855,-0.066451356,-0.44585398
1.1856,-0.08042229,-0.44354615
1.1857001,-0.094313823,-0.44080067
1.1858,-0.10811224,-0.43762019
1.1859,-0.12180392,-0.43400788
1.186,-0.13537538,-0.42996728
1.1861,-0.1488132,-0.42550245
1.1862,-0.16210411,-0.42061773
1.1863,-0.17523503,-0.41531792
1.1864001,-0.18819298,-0.40960833
1.1865,-0.20096518,-0.40349457
1.1866,-0.21353902,-0.39698261
1.1867,-0.22590208,-0.39007896
1.1868,-0.23804219,-0.38279042
1.1869,-0.24994735,-0.37512416
1.187,-0.2616058,-0.36708772
1.1871001,-0.27300608,-0.3586891
1.1872,-0.28413689,-0.34993657
1.1873,-0.29498729,-0.34083876
1.1874,-0.30554652,-0.3314046
1.1875,-0.31580421,-0.32164347
1.1876,-0.32575023,-0.31156501
1.1877,-0.33537474,-0.30117911
1.1878,-0.34466827,-0.29049605
1.1878999,-0.35362163,-0.27952638
1.188,-0.36222601,-0.26828092
1.1881,-0.37047291,-0.25677076
1.1882,-0.37835416,-0.24500729
1.1883,-0.38586202,-0.2330021
1.1884,-0.3929891,-0.22076704
1.1885,-0.39972833,-0.20831415
1.1885999,-0.40607306,-0.19565578
1.1887,-0.41201708,-0.18280441
1.1888,-0.41755447,-0.1697727
1.1889,-0.42267978,-0.1565735
1.189,-0.42738798,-0.14321989
1.1891,-0.43167439,-0.12972501
1.1892,-0.43553481,-0.11610217
1.1892999,-0.43896541,-0.10236485
1.1894,-0.44196284,-0.088526577
1.1895,-0.44452414,-0.074601024
1.1896,-0.44664672,-0.060601924
1.1897,-0.44832855,-0.046543099
1.1898,-0.449568,-0.032438427
1.1899,-0.45036379,-0.018301817
1.1900001,-0.45071512,-0.0041472241
1.1901,-0.45062169,0.01001138
1.1902,-0.45008361,0.02416002
1.1903,-0.44910139,0.038284741
1.1904,-0.44767597,0.052371606
1.1905,-0.4458088,0.066406704
1.1906,-0.44350174,0.080376185
1.1907001,-0.44075701,0.094266273
1.1908,-0.43757737,0.10806325
1.1909,-0.43396595,0.12175351
1.191,-0.42992631,0.13532354
1.1911,-0.42546245,0.14875995
1.1912,-0.42057875,0.16204947
1.1913,-0.41528007,0.17517902
1.1914001,-0.40957162,0.18813559
1.1914999,-0.40345901,0.20090644
1.1916,-0.39694834,0.21347895
1.1917,-0.390046,0.22584073
1.1918,-0.3827588,0.23797955
1.1919,-0.37509391,0.24988346
1.192,-0.36705896,0.26154071
1.1921,-0.35866186,0.27293977
1.1921999,-0.34991083,0.28406945
1.1923,-0.34081459,0.29491872
1.1924,-0.33138213,0.30547687
1.1925,-0.3216227,0.31573352
1.1926,-0.31154594,0.32567853
1.1927,-0.30116183,0.33530208
1.1928,-0.29048061,0.34459472
1.1928999,-0.27951279,0.35354719
1.193,-0.26826924,0.36215073
1.1931,-0.25676107,0.37039688
1.1932,-0.24499957,0.37827742
1.1933,-0.23299639,0.38578463
1.1934,-0.22076339,0.39291108
1.1935,-0.20831263,0.39964977
1.1936001,-0.19565637,0.40599403
1.1937,-0.18280715,0.41193756
1.1938,-0.16977762,0.4174746
1.1939,-0.15658067,0.42259961
1.194,-0.14322928,0.42730755
1.1941,-0.12973665,0.43159381
1.1942,-0.11611611,0.4354541
1.1943001,-0.10238109,0.43888468
1.1944,-0.088545136,0.44188213
1.1945,-0.074621908,0.44444349
1.1946,-0.060625166,0.44656628
1.1947,-0.046568695,0.44824836
1.1948,-0.032466378,0.44948807
1.1949,-0.018332139,0.45028424
1.1950001,-0.0041799247,0.45063609
1.1950999,0.0099763097,0.4505432
1.1952,0.024122586,0.45000568
1.1953,0.038244944,0.44902414
1.1954,0.052329443,0.44759953
1.1955,0.066362195,0.44573319
1.1956,0.080329344,0.44342703
1.1957,0.094217107,0.44068331
1.1957999,0.10801179,0.43750474
1.1959,0.12169977,0.43389446
1.196,0.13526753,0.42985603
1.1961,0.14870171,0.42539346
1.1962,0.16198903,0.42051113
1.1963,0.17511639,0.41521388
1.1964,0.18807082,0.40950695
1.1964999,0.20083956,0.40339595
1.1966,0.21341,0.39688694
1.1967,0.22576974,0.38998631
1.1968,0.23790659,0.38270092
1.1969,0.24980856,0.37503794
1.197,0.26146391,0.3670049
1.1971,0.27286115,0.35860977
1.1971999,0.28398904,0.34986088
1.1973,0.29483655,0.34076676
1.1974,0.30539304,0.33133647
1.1975,0.31564808,0.32157928
1.1976,0.32559153,0.31150487
1.1977,0.3352136,0.30112314
1.1978,0.3445048,0.29044431
1.1979001,0.35345596,0.27947903
1.198,0.36205822,0.26823801
1.1981,0.37030312,0.25673237
1.1982,0.37818253,0.24497351
1.1983,0.38568869,0.23297304
1.1984,0.39281419,0.22074275
1.1985,0.39955196,0.20829472
1.1986001,0.40589538,0.19564126
1.1987,0.41183823,0.18279488
1.1988,0.41737461,0.16976821
1.1989,0.42249903,0.15657414
1.199,0.42720652,0.14322568
1.1991,0.43149239,0.12973601
1.1992,0.43535239,0.11611842
1.1993001,0.43878272,0.10238638
1.1993999,0.44178009,0.088553436
1.1995,0.44434142,0.074633226
1.1996,0.44646427,0.060639493
1.1997,0.44814649,0.046586055
1.1998,0.44938651,0.032486781
1.1999,0.45018303,0.018355586
1.2,0.45053536,0.0042064171
1.2,0.45053536,0.0042064171
1.2000999,0.45044306,-0.0099463724
1.2002,0.44990629,-0.02408896
1.2003,0.44892555,-0.038207967
1.2004,0.44750184,-0.052289374
1.2005,0.44563657,-0.066319019
1.2006,0.44333166,-0.080282994
1.2007,0.44058931,-0.094167478
1.2007999,0.43741223,-0.10795877
1.2009,0.43380359,-0.12164325
1.201,0.42976698,-0.13520741
1.2011,0.42530635,-0.14863786
1.2012,0.42042607,-0.16192132
1.2013,0.41513106,-0.1750447
1.2014,0.40942654,-0.18799502
1.2015001,0.40331826,-0.20075947
1.2016,0.39681214,-0.21332549
1.2017,0.38991475,-0.22568062
1.2018,0.38263288,-0.23781273
1.2019,0.37497374,-0.24970978
1.202,0.36694491,-0.26136008
1.2021,0.35855436,-0.27275211
1.2022001,0.34981042,-0.28387463
1.2023,0.3407217,-0.29471672
1.2024,0.33129722,-0.3052676
1.2025,0.32154635,-0.31551692
1.2026,0.3114787,-0.32545453
1.2027,0.30110425,-0.3350707
1.2028,0.29043329,-0.34435594
1.2029001,0.27947634,-0.35330108
1.2029999,0.2682443,-0.36189732
1.2031,0.25674823,-0.3701362
1.2032,0.24499954,-0.37800965
1.2033,0.23300983,-0.38550988
1.2034,0.22079098,-0.39262953
1.2035,0.20835507,-0.39936161
1.2036,0.1957144,-0.40569949
1.2036999,0.18288146,-0.41163695
1.2038,0.16986896,-0.41716814
1.2039,0.15668973,-0.4222877
1.204,0.14335684,-0.42699054
1.2041,0.12988345,-0.43127206
1.2042,0.11628292,-0.43512812
1.2043,0.10256867,-0.43855491
1.2043999,0.088754296,-0.44154915
1.2045,0.074853413,-0.44410786
1.2046,0.06087973,-0.44622859
1.2047,0.046847083,-0.4479093
1.2048,0.032769337,-0.44914842
1.2049,0.018660398,-0.44994476
1.205,0.004534191,-0.45029753
1.2051001,-0.0095953252,-0.45020643
1.2052,-0.023714196,-0.44967169
1.2053,-0.037808478,-0.4486939
1.2054,-0.051864259,-0.44727406
1.2055,-0.065867685,-0.4454135
1.2056,-0.079804927,-0.44311422
1.2057,-0.093662232,-0.44037858
1.2058001,-0.10742593,-0.43720937
1.2059,-0.12108244,-0.4336096
1.206,-0.1346183,-0.42958298
1.2061,-0.14802016,-0.42513356
1.2062,-0.16127482,-0.42026582
1.2063,-0.1743692,-0.41498458
1.2064,-0.1872904,-0.40929505
1.2065001,-0.20002569,-0.40320295
1.2066,-0.21256253,-0.39671439
1.2067,-0.22488858,-0.38983586
1.2068,-0.23699167,-0.38257411
1.2069,-0.24885991,-0.37493637
1.207,-0.26048163,-0.36693028
1.2071,-0.27184537,-0.35856381
1.2072001,-0.28294,-0.34984532
1.2072999,-0.29375455,-0.3407833
1.2074,-0.3042784,-0.33138686
1.2075,-0.31450126,-0.32166532
1.2076,-0.32441303,-0.3116284
1.2077,-0.33400404,-0.30128595
1.2078,-0.34326479,-0.29064819
1.2079,-0.35218623,-0.27972576
1.2079999,-0.36075965,-0.26852947
1.2081,-0.36897665,-0.25707048
1.2082,-0.37682909,-0.24535997
1.2083,-0.38430932,-0.23340964
1.2084,-0.39141005,-0.22123133
1.2085,-0.3981244,-0.20883712
1.2086,-0.40444571,-0.19623926
1.2086999,-0.41036779,-0.18345015
1.2088,-0.41588491,-0.1704825
1.2089,-0.42099175,-0.15734914
1.209,-0.42568332,-0.1440631
1.2091,-0.42995498,-0.13063744
1.2092,-0.43380263,-0.11708544
1.2093,-0.4372226,-0.10342053
1.2094001,-0.44021159,-0.089656226
1.2095,-0.44276676,-0.075806133
1.2096,-0.44488549,-0.061883856
1.2097,-0.44656593,-0.047903195
1.2098,-0.44780648,-0.033877969
1.2099,-0.44860607,-0.019822031
1.21,-0.44896385,-0.0057492284
1.2101001,-0.4488796,0.0083265584
1.2102,-0.4483535,0.022391424
1.2103,-0.44738621,0.036431488
1.2104,-0.44597876,0.050432898
1.2105,-0.44413251,0.064381875
1.2106,-0.44184944,0.078264654
1.2107,-0.43913192,0.092067555
1.2108001,-0.43598273,0.10577697
1.2108999,-0.43240505,0.11937939
1.211,-0.42840242,0.13286142
1.2111,-0.42397892,0.14620979
1.2112,-0.41913906,0.15941137
1.2113,-0.41388774,0.17245315
1.2114,-0.40823001,0.18532228
1.2115,-0.4021717,0.19800614
1.2115999,-0.39571884,0.21049222
1.2117,-0.38887793,0.22276829
1.2118,-0.38165575,0.23482227
1.2119,-0.37405947,0.24664228
1.212,-0.36609668,0.25821674
1.2121,-0.35777536,0.26953426
1.2122,-0.34910387,0.2805838
1.2122999,-0.34009066,0.29135448
1.2124,-0.33074477,0.30183566
1.2125,-0.3210755,0.31201717
1.2126,-0.3110925,0.32188904
1.2127,-0.30080572,0.33144155
1.2128,-0.29022521,0.34066534
1.2129,-0.27936155,0.34955138
1.2130001,-0.26822558,0.35809106
1.2131,-0.25682837,0.366276
1.2132,-0.24518113,0.37409815
1.2133,-0.23329538,0.38154992
1.2134,-0.22118299,0.38862404
1.2135,-0.20885593,0.39531365
1.2136,-0.19632646,0.40161228
1.2137001,-0.18360686,0.40751368
1.2138,-0.17070979,0.41301218
1.2139,-0.15764803,0.41810247
1.214,-0.14443451,0.42277965
1.2141,-0.1310823,0.42703921
1.2142,-0.11760452,0.43087694
1.2143,-0.10401457,0.43428922
1.2144001,-0.09032587,0.43727285
1.2145,-0.076551981,0.439825
1.2146,-0.062706441,0.44194311
1.2147,-0.048802938,0.44362524
1.2148,-0.034855224,0.44486994
1.2149,-0.020877074,0.44567606
1.215,-0.0068822773,0.44604293
1.2151,0.0071153939,0.44597015
1.2151999,0.021102106,0.44545799
1.2153,0.035064064,0.44450715
1.2154,0.048987493,0.44311863
1.2155,0.062858686,0.44129387
1.2156,0.076663978,0.43903476
1.2157,0.090389766,0.43634367
1.2158,0.10402253,0.4332234
1.2158999,0.11754883,0.42967719
1.216,0.13095537,0.42570844
1.2161,0.14422895,0.42132133
1.2162,0.15735653,0.41652027
1.2163,0.17032517,0.41131014
1.2164,0.18312216,0.40569612
1.2165,0.19573487,0.39968383
1.2165999,0.20815094,0.39327934
1.2167,0.22035816,0.38648912
1.2168,0.2323446,0.37932
1.2169,0.2440984,0.37177896
1.217,0.25560805,0.36387366
1.2171,0.26686233,0.35561198
1.2172,0.27785018,0.34700224
1.2173001,0.28856081,0.33805296
1.2174,0.29898366,0.32877299
1.2175,0.30910864,0.31917161
1.2176,0.31892583,0.30925846
1.2177,0.32842562,0.29904339
1.2178,0.33759865,0.28853643
1.2179,0.34643599,0.27774808
1.2180001,0.35492906,0.26668912
1.2181,0.36306956,0.2553705
1.2182,0.37084961,0.24380349
1.2183,0.37826148,0.23199946
1.2184,0.38529804,0.21997017
1.2185,0.39195248,0.20772758
1.2186,0.39821836,0.19528386
1.2187001,0.40408954,0.18265125
1.2187999,0.40956032,0.16984227
1.2189,0.41462544,0.15686965
1.219,0.41928005,0.14374624
1.2191,0.42351973,0.13048503
1.2192,0.42734021,0.11709906
1.2193,0.43073794,0.10360163
1.2194,0.43370974,0.090006076
1.2194999,0.4362528,0.076325879
1.2196,0.43836465,0.062574513
1.2197,0.4400433,0.048765551
1.2198,0.44128728,0.034912657
1.2199,0.44209552,0.021029517
1.22,0.44246733,0.0071298485
1.2201,0.44240236,-0.0067726774
1.2201999,0.44190085,-0.020664321
1.2203,0.44096345,-0.034531374
1.2204,0.4395912,-0.048360154
1.2205,0.43778563,-0.062137034
1.2206,0.43554845,-0.075848453
1.2207,0.43288213,-0.089480884
1.2208,0.42978945,-0.1030209
1.2209001,0.42627358,-0.11645517
1.221,0.42233798,-0.12977046
1.2211,0.41798672,-0.14295368
1.2212,0.41322422,-0.15599184
1.2213,0.40805531,-0.16887215
1.2214,0.40248525,-0.18158191
1.2215,0.39651951,-0.19410862
1.2216001,0.39016414,-0.20644
1.2217,0.38342556,-0.21856393
1.2218,0.37631056,-0.23046851
1.2219,0.36882621,-0.24214204
1.222,0.36097991,-0.25357303
1.2221,0.35277963,-0.26475033
1.2222,0.34423357,-0.27566299
1.2223001,0.33535025,-0.28630027
1.2224,0.32613841,-0.29665175
1.2225,0.31660733,-0.30670729
1.2226,0.30676648,-0.31645709
1.2227,0.29662576,-0.32589161
1.2228,0.28619516,-0.33500159
1.2229,0.27548498,-0.34377813
1.223,0.26450598,-0.3522127
1.2230999,0.25326908,-0.36029702
1.2232,0.24178542,-0.36802334
1.2233,0.23006636,-0.37538394
1.2234,0.21812354,-0.38237175
1.2235,0.20596883,-0.38898
1.2236,0.19361432,-0.39520228
1.2237,0.18107224,-0.40103257
1.2237999,0.16835494,-0.40646508
1.2239,0.15547509,-0.4114947
1.224,0.14244546,-0.41611657
1.2241,0.12927896,-0.42032623
1.2242,0.11598857,-0.42411959
1.2243,0.10258745,-0.42749304
1.2244,0.08908888,-0.43044335
1.2244999,0.075506218,-0.43296781
1.2246,0.061852902,-0.43506405
1.2247,0.04814237,-0.43672994
1.2248,0.034388203,-0.43796408
1.2249,0.020604001,-0.43876541
1.225,0.0068033887,-0.43913323
1.2251,-0.0070000286,-0.43906727
1.2252001,-0.020792637,-0.43856767
1.2253,-0.034560811,-0.43763509
1.2254,-0.048290957,-0.43627062
1.2255,-0.06196953,-0.43447575
1.2256,-0.075583063,-0.43225217
1.2257,-0.089118123,-0.42960232
1.2258,-0.10256138,-0.42652896
1.2259001,-0.11589957,-0.42303526
1.226,-0.12911956,-0.41912472
1.2261,-0.14220835,-0.41480127
1.2262,-0.15515302,-0.41006935
1.2263,-0.16794087,-0.40493375
1.2264,-0.18055931,-0.3993997
1.2265,-0.19299589,-0.39347264
1.2266001,-0.20523842,-0.38715857
1.2266999,-0.21727484,-0.38046387
1.2268,-0.22909337,-0.37339526
1.2269,-0.24068238,-0.36595985
1.227,-0.25203043,-0.35816491
1.2271,-0.26312643,-0.35001832
1.2272,-0.27395952,-0.3415283
1.2273,-0.28451908,-0.33270329
1.2273999,-0.29479468,-0.32355204
1.2275,-0.30477628,-0.31408364
1.2276,-0.31445411,-0.30430758
1.2277,-0.32381874,-0.29423362
1.2278,-0.33286101,-0.28387183
1.2279,-0.34157196,-0.27323231
1.228,-0.34994313,-0.26232579
1.2280999,-0.35796642,-0.2511631
1.2282,-0.36563396,-0.23975535
1.2283,-0.37293825,-0.22811382
1.2284,-0.37987214,-0.21625003
1.2285,-0.38642892,-0.2041758
1.2286,-0.39260226,-0.19190313
1.2287,-0.39838615,-0.17944419
1.2288001,-0.40377489,-0.16681126
1.2289,-0.40876329,-0.15401688
1.229,-0.41334659,-0.14107376
1.2291,-0.41752034,-0.12799473
1.2292,-0.42128056,-0.11479273
1.2293,-0.42462352,-0.10148076
1.2294,-0.42754611,-0.088072039
1.2295001,-0.43004557,-0.07457985
1.2296,-0.43211958,-0.061017554
1.2297,-0.4337661,-0.0473985
1.2298,-0.43498358,-0.033736169
1.2299,-0.43577102,-0.020044073
1.23,-0.43612775,-0.0063357553
1.2301,-0.43605354,0.0073752459
1.2302001,-0.43554845,0.021075428
1.2302999,-0.43461317,0.03475124
1.2304,-0.43324876,0.048389178
1.2305,-0.43145666,0.061975785
1.2306,-0.42923874,0.075497657
1.2307,-0.42659721,0.08894147
1.2308,-0.42353484,0.10229396
1.2309,-0.42005482,0.11554196
1.2309999,-0.41616073,0.12867242
1.2311,-0.41185629,0.14167239
1.2312,-0.40714601,0.15452905
1.2313,-0.40203461,0.16722979
1.2314,-0.39652729,0.17976207
1.2315,-0.39062956,0.19211355
1.2316,-0.38434726,0.20427206
1.2316999,-0.37768671,0.21622568
1.2318,-0.37065464,0.22796264
1.2319,-0.36325815,0.23947142
1.232,-0.35550445,0.25074065
1.2321,-0.34740132,0.26175928
1.2322,-0.33895692,0.27251652
1.2323,-0.33017969,0.28300178
1.2323999,-0.32107836,0.29320481
1.2325,-0.31166187,0.30311552
1.2326,-0.3019397,0.31272423
1.2327,-0.29192153,0.32202154
1.2328,-0.28161737,0.33099836
1.2329,-0.27103734,0.33964583
1.233,-0.26019198,0.3479555
1.2331001,-0.2490921,0.35591927
1.2332,-0.23774874,0.36352935
1.2333,-0.22617319,0.37077835
1.2334,-0.21437679,0.37765905
1.2335,-0.20237134,0.38416484
1.2336,-0.19016874,0.3902894
1.2337,-0.17778112,0.39602673
1.2338001,-0.16522072,0.40137127
1.2339,-0.15249993,0.40631777
1.234,-0.13963142,0.41086146
1.2341,-0.12662794,0.41499802
1.2342,-0.11350236,0.41872343
1.2343,-0.10026761,0.42203397
1.2344,-0.086936824,0.42492655
1.2345001,-0.073523201,0.42739841
1.2345999,-0.060040023,0.42944726
1.2347,-0.046500612,0.43107113
1.2348,-0.032918312,0.43226841
1.2349,-0.019306583,0.43303809
1.235,-0.0056788833,0.4333795
1.2351,0.0079513146,0.43329248
1.2352,0.021570582,0.43277705
1.2352999,0.035165455,0.43183383
1.2354,0.048722506,0.43046391
1.2355,0.062228341,0.42866877
1.2356,0.075669639,0.42645025
1.2357,0.089033142,0.42381051
1.2358,0.10230566,0.42075235
1.2359,0.1154741,0.41727886
1.2359999,0.12852548,0.41339365
1.2361,0.14144692,0.40910047
1.2362,0.15422571,0.40440372
1.2363,0.16684921,0.39930812
1.2364,0.17930503,0.39381883
1.2365,0.19158089,0.38794136
1.2366,0.20366466,0.38168147
1.2367001,0.21554448,0.37504551
1.2368,0.22720864,0.36804008
1.2369,0.23864569,0.3606723
1.237,0.24984436,0.35294938
1.2371,0.2607936,0.34487897
1.2372,0.27148265,0.33646923
1.2373,0.28190103,0.32772854
1.2374001,0.29203856,0.31866562
1.2375,0.30188516,0.30928931
1.2376,0.31143117,0.29960907
1.2377,0.3206673,0.2896345
1.2378,0.32958445,0.27937555
1.2379,0.3381739,0.2688424
1.238,0.34642711,0.25804541
1.2381001,0.35433611,0.24699536
1.2381999,0.36189312,0.23570323
1.2383,0.36909077,0.22418027
1.2384,0.37592191,0.21243779
1.2385,0.38237992,0.20048748
1.2386,0.38845852,0.1883412
1.2387,0.39415178,0.176011
1.2388,0.39945415,0.16350909
1.2388999,0.40436032,0.15084778
1.239,0.40886566,0.13803966
1.2391,0.41296577,0.12509744
1.2392,0.4166567,0.11203393
1.2393,0.41993481,0.098862007
1.2394,0.42279691,0.085594714
1.2395,0.42524028,0.072245181
1.2395999,0.42726263,0.05882664
1.2397,0.42886209,0.045352366
1.2398,0.43003693,0.031835612
1.2399,0.43078619,0.018289784
1.24,0.43110922,0.0047282716
1.2401,0.43100584,-0.0088355122
1.2402,0.4304761,-0.022388181
1.2403001,0.42952058,-0.035916362
1.2404,0.42814037,-0.049406677
1.2405,0.42633691,-0.062845804
1.2406,0.42411208,-0.07622046
1.2407,0.42146805,-0.089517467
1.2408,0.4184075,-0.10272369
1.2409,0.41493356,-0.11582609
1.2410001,0.41104981,-0.12881176
1.2411,0.40676013,-0.14166786
1.2412,0.40206864,-0.15438171
1.2413,0.3969802,-0.16694079
1.2414,0.39149988,-0.1793327
1.2415,0.38563323,-0.19154525
1.2416,0.37938598,-0.20356637
1.2417001,0.37276435,-0.21538422
1.2418,0.36577499,-0.22698715
1.2419,0.35842493,-0.23836374
1.242,0.35072148,-0.24950282
1.2421,0.34267214,-0.26039332
1.2422,0.33428502,-0.27102458
1.2423,0.32556847,-0.28138617
1.2424001,0.31653121,-0.29146785
1.2424999,0.30718213,-0.3012597
1.2426,0.29753047,-0.31075206
1.2427,0.28758588,-0.31993562
1.2428,0.27735826,-0.32880139
1.2429,0.26685777,-0.33734065
1.243,0.25609466,-0.3455449
1.2431,0.24507973,-0.35340619
1.2431999,0.23382387,-0.36091676
1.2433,0.22233829,-0.36806929
1.2434,0.21063434,-0.37485671
1.2435,0.19872352,-0.38127232
1.2436,0.18661772,-0.38730991
1.2437,0.17432892,-0.39296353
1.2438,0.16186933,-0.39822772
1.2438999,0.14925119,-0.40309721
1.244,0.13648701,-0.40756726
1.2441,0.12358945,-0.41163355
1.2442,0.11057127,-0.41529214
1.2443,0.097445376,-0.41853946
1.2444,0.084224664,-0.42137226
1.2445,0.070922263,-0.42378783
1.2446001,0.057551332,-0.4257839
1.2447,0.04412511,-0.4273586
1.2448,0.030656826,-0.42851025
1.2449,0.017159795,-0.42923784
1.245,0.0036473745,-0.42954069
1.2451,-0.0098670758,-0.42941865
1.2452,-0.023370197,-0.42887184
1.2453001,-0.036848687,-0.42790076
1.2454,-0.050289202,-0.42650646
1.2455,-0.063678473,-0.4246904
1.2456,-0.077003263,-0.42245448
1.2457,-0.090250425,-0.41980091
1.2458,-0.10340688,-0.41673225
1.2459,-0.11645965,-0.41325167
1.2460001,-0.12939583,-0.40936267
1.2460999,-0.14220265,-0.40506923
1.2462,-0.15486747,-0.4003754
1.2463,-0.16737781,-0.39528599
1.2464,-0.17972131,-0.38980609
1.2465,-0.1918858,-0.38394117
1.2466,-0.20385927,-0.37769705
1.2467,-0.21562991,-0.37107983
1.2467999,-0.2271861,-0.36409619
1.2469,-0.23851646,-0.35675305
1.247,-0.24960984,-0.34905779
1.2471,-0.26045525,-0.3410179
1.2472,-0.27104202,-0.33264139
1.2473,-0.28135973,-0.32393658
1.2474,-0.29139823,-0.3149122
1.2474999,-0.30114758,-0.30557713
1.2476,-0.31059816,-0.29594052
1.2477,-0.31974071,-0.28601202
1.2478,-0.32856619,-0.27580148
1.2479,-0.33706599,-0.26531902
1.248,-0.34523165,-0.25457498
1.2481,-0.35305512,-0.24357998
1.2482001,-0.36052874,-0.23234493
1.2483,-0.36764517,-0.22088099
1.2484,-0.37439746,-0.2091995
1.2485,-0.38077882,-0.19731194
1.2486,-0.38678306,-0.18523011
1.2487,-0.39240429,-0.172966
1.2488,-0.39763701,-0.16053176
1.2489001,-0.40247604,-0.14793964
1.249,-0.40691659,-0.13520207
1.2491,-0.41095433,-0.12233169
1.2492,-0.41458535,-0.10934122
1.2493,-0.41780615,-0.096243545
1.2494,-0.42061341,-0.083051525
1.2495,-0.42300445,-0.069778241
1.2496001,-0.42497697,-0.056436829
1.2497,-0.42652908,-0.043040477
1.2498,-0.42765927,-0.029602427
1.2499,-0.42836633,-0.016135914
1.25,-0.42864969,-0.0026542775
1.2501,-0.42850912,0.010829158
1.2502,-0.42794481,0.024301061
1.2503,-0.42695722,0.037748147
1.2503999,-0.42554742,0.051157132
1.2505,-0.42371681,0.064514756
1.2506,-0.42146733,0.077807829
1.2507,-0.41880119,0.091023214
1.2508,-0.41572088,0.10414788
1.2509,-0.41222963,0.11716885
1.251,-0.40833089,0.13007328
1.2510999,-0.40402859,0.1428484
1.2512,-0.39932692,0.15548162
1.2513,-0.39423048,0.16796046
1.2514,-0.38874444,0.18027261
1.2515,-0.38287428,0.19240589
1.2516,-0.37662581,0.20434837
1.2517,-0.37000504,0.21608819
1.2517999,-0.36301866,0.22761381
1.2519,-0.35567361,0.23891385
1.252,-0.34797719,0.24997717
1.2521,-0.339937,0.26079285
1.2522,-0.33156088,0.27135015
1.2523,-0.32285723,0.28163871
1.2524,-0.31383467,0.29164839
1.2525001,-0.30450219,0.30136934
1.2526,-0.29486883,0.31079188
1.2527,-0.28494424,0.31990674
1.2528,-0.27473822,0.32870495
1.2529,-0.26426092,0.33717787
1.253,-0.25352266,0.34531713
1.2531,-0.24253398,0.3531146
1.2532001,-0.23130582,0.36056268
1.2533,-0.21984929,0.36765403
1.2534,-0.20817575,0.37438166
1.2535,-0.19629665,0.38073888
1.2536,-0.18422376,0.38671944
1.2537,-0.17196901,0.39231747
1.2538,-0.15954456,0.39752749
1.2539001,-0.14696269,0.40234432
1.2539999,-0.13423574,0.40676317
1.2541,-0.12137635,0.41077971
1.2542,-0.10839723,0.41439003
1.2543,-0.095311224,0.41759059
1.2544,-0.082131237,0.42037818
1.2545,-0.068870254,0.42275003
1.2546,-0.055541415,0.42470384
1.2546999,-0.042157896,0.42623776
1.2548,-0.028732935,0.42735028
1.2549,-0.015279732,0.42804018
1.255,-0.001811608,0.42830685
1.2551,0.011658126,0.42815006
1.2552,0.025116155,0.42756999
1.2553,0.038549196,0.42656726
1.2553999,0.051943999,0.42514268
1.2555,0.065287314,0.42329782
1.2556,0.07856597,0.42103449
1.2557,0.091766834,0.41835499
1.2558,0.10487689,0.41526183
1.2559,0.11788318,0.41175812
1.256,0.13077286,0.40784737
1.2561001,0.1435332,0.40353346
1.2562,0.15615161,0.39882067
1.2563,0.16861559,0.3937135
1.2564,0.18091285,0.38821712
1.2565,0.19303127,0.38233697
1.2566,0.20495887,0.3760789
1.2567,0.21668385,0.36944902
1.2568001,0.22819464,0.36245385
1.2569,0.23947985,0.35510033
1.257,0.2505284,0.34739581
1.2571,0.26132935,0.33934787
1.2572,0.27187195,0.33096433
1.2573,0.28214589,0.32225356
1.2574,0.29214099,0.3132242
1.2575001,0.3018474,0.30388516
1.2575999,0.31125551,0.29424563
1.2577,0.32035598,0.28431511
1.2578,0.32913989,0.27410343
1.2579,0.33759856,0.2636207
1.258,0.34572366,0.25287732
1.2581,0.35350704,0.24188375
1.2582,0.36094111,0.23065093
1.2582999,0.36801851,0.21918996
1.2584,0.37473226,0.20751217
1.2585,0.38107574,0.1956291
1.2586,0.38704258,0.1835524
1.2587,0.39262697,0.17129405
1.2588,0.39782339,0.15886617
1.2589,0.40262675,0.14628105
1.2589999,0.40703219,0.13355105
1.2591,0.41103536,0.12068876
1.2592,0.41463238,0.1077069
1.2593,0.41781968,0.094618298
1.2594,0.42059413,0.081435889
1.2595,0.42295286,0.068172619
1.2596,0.42489359,0.054841638
1.2596999,0.42641443,0.041456107
1.2598,0.42751393,0.028029259
1.2599,0.42819089,0.014574329
1.26,0.42844462,0.0011045903
1.2601,0.4282749,-0.012366636
1.2602,0.42768195,-0.025826039
1.2603,0.42666635,-0.03926032
1.2604001,0.42522892,-0.052656248
1.2605,0.4233712,-0.066000573
1.2606,0.42109498,-0.079280108
1.2607,0.41840258,-0.092481747
1.2608,0.41529661,-0.10559245
1.2609,0.41178,-0.11859927
1.261,0.40785632,-0.13148935
1.2611001,0.40352947,-0.14424998
1.2612,0.39880371,-0.15686853
1.2613,0.39368355,-0.16933253
1.2614,0.38817415,-0.1816297
1.2615,0.38228092,-0.19374786
1.2616,0.3760097,-0.20567508
1.2617,0.36936668,-0.21739955
1.2618001,0.36235827,-0.22890966
1.2618999,0.3549915,-0.24019405
1.262,0.34727359,-0.25124159
1.2621,0.33921224,-0.26204139
1.2622,0.33081529,-0.27258271
1.2623,0.32209098,-0.28285515
1.2624,0.31304801,-0.29284859
1.2625,0.30369529,-0.30255312
1.2625999,0.29404208,-0.31195921
1.2627,0.28409773,-0.32105744
1.2628,0.2738722,-0.32983887
1.2629,0.26337552,-0.33829486
1.263,0.2526181,-0.34641704
1.2631,0.2416105,-0.35419732
1.2632,0.23036352,-0.36162803
1.2632999,0.21888834,-0.36870179
1.2634,0.20719628,-0.37541166
1.2635,0.19529891,-0.38175103
1.2636,0.18320782,-0.38771349
1.2637,0.17093503,-0.3932932
1.2638,0.15849267,-0.39848465
1.2639,0.14589302,-0.40328273
1.2640001,0.13314849,-0.40768263
1.2641,0.12027162,-0.41167995
1.2642,0.10727514,-0.41527078
1.2643,0.094171904,-0.41845155
1.2644,0.080974862,-0.42121914
1.2645,0.067696966,-0.42357069
1.2646,0.054351341,-0.42550391
1.2647001,0.040951181,-0.42701685
1.2648,0.027509725,-0.42810807
1.2649,0.014040237,-0.42877647
1.265,0.00055597135,-0.42902121
1.2651,-0.012929731,-0.4288421
1.2652,-0.026403552,-0.42823938
1.2653,-0.03985218,-0.42721361
1.2654001,-0.053262353,-0.42576569
1.2654999,-0.066620834,-0.423897
1.2656,-0.079914428,-0.42160946
1.2657,-0.093129992,-0.41890529
1.2658,-0.10625448,-0.41578716
1.2659,-0.11927494,-0.412258
1.266,-0.13217852,-0.40832132
1.2661,-0.14495245,-0.40398103
1.2661999,-0.15758412,-0.39924139
1.2663,-0.17006105,-0.39410707
1.2664,-0.1823709,-0.38858297
1.2665,-0.19450153,-0.38267463
1.2666,-0.20644096,-0.37638789
1.2667,-0.21817738,-0.36972895
1.2668,-0.22969916,-0.36270419
1.2668999,-0.24099495,-0.35532063
1.267,-0.25205356,-0.34758556
1.2671,-0.26286408,-0.3395066
1.2672,-0.27341583,-0.33109167
1.2673,-0.28369832,-0.32234898
1.2674,-0.29370141,-0.3132872
1.2675,-0.30341524,-0.30391529
1.2676001,-0.31283021,-0.29424253
1.2677,-0.32193691,-0.2842783
1.2678,-0.33072639,-0.27403244
1.2679,-0.33918992,-0.26351511
1.268,-0.34731919,-0.25273666
1.2681,-0.35510615,-0.24170776
1.2682,-0.36254299,-0.23043913
1.2683001,-0.36962238,-0.21894196
1.2684,-0.37633732,-0.20722759
1.2685,-0.38268122,-0.19530761
1.2686,-0.38864774,-0.1831937
1.2687,-0.39423087,-0.1708978
1.2688,-0.39942518,-0.15843204
1.2689,-0.40422547,-0.14580876
1.2690001,-0.40862706,-0.13304041
1.2691,-0.41262543,-0.12013949
1.2692,-0.41621664,-0.10711878
1.2693,-0.41939718,-0.093991131
1.2694,-0.42216384,-0.080769509
1.2695,-0.42451391,-0.06746693
1.2696,-0.42644489,-0.054096498
1.2697001,-0.42795494,-0.040671419
1.2697999,-0.42904255,-0.027204962
1.2699,-0.42970663,-0.013710424
1.27,-0.42994639,-0.00020107372
1.2701,-0.42976159,0.013309739
1.2702,-0.42915243,0.026808666
1.2703,-0.42811948,0.04028238
1.2704,-0.42666373,0.05371758
1.2704999,-0.42478642,0.067101024
1.2706,-0.42248952,0.080419488
1.2707,-0.41977522,0.093659818
1.2708,-0.41664627,0.10680893
1.2709,-0.41310555,0.11985385
1.271,-0.40915656,0.13278168
1.2711,-0.40480322,0.14557968
1.2711999,-0.40004978,0.15823518
1.2713,-0.39490092,0.1707357
1.2714,-0.38936156,0.18306884
1.2715,-0.38343722,0.19522247
1.2716,-0.37713373,0.20718455
1.2717,-0.37045732,0.21894327
1.2718,-0.36341444,0.230487
1.2719001,-0.35601202,0.2418043
1.272,-0.34825733,0.25288403
1.2721,-0.34015808,0.26371521
1.2722,-0.33172223,0.27428713
1.2723,-0.32295793,0.28458932
1.2724,-0.31387389,0.29461157
1.2725,-0.30447903,0.304344
1.2726001,-0.29478264,0.313777
1.2727,-0.28479427,0.32290119
1.2728,-0.27452362,0.33170751
1.2729,-0.2639809,0.34018728
1.273,-0.25317645,0.34833211
1.2731,-0.24212103,0.35613394
1.2732,-0.23082535,0.363585
1.2733001,-0.21930058,0.37067786
1.2733999,-0.20755813,0.37740555
1.2735,-0.19560955,0.38376141
1.2736,-0.18346663,0.38973916
1.2737,-0.17114124,0.39533272
1.2738,-0.15864559,0.4005366
1.2739,-0.145992,0.40534571
1.274,-0.13319297,0.4097552
1.2740999,-0.12026106,0.41376069
1.2742,-0.107209,0.41735813
1.2743,-0.094049715,0.42054397
1.2744,-0.080796167,0.42331505
1.2745,-0.067461453,0.42566866
1.2746,-0.054058641,0.42760223
1.2747,-0.040600996,0.42911392
1.2747999,-0.027101802,0.43020222
1.2749,-0.013574387,0.43086606
1.275,-3.2078129e-05,0.43110466
1.2751,0.013511783,0.43091771
1.2752,0.027043812,0.43030539
1.2753,0.040550645,0.4292683
1.2754,0.054018948,0.42780745
1.2755001,0.067435451,0.42592406
1.2756,0.080786899,0.42362007
1.2757,0.094060116,0.42089772
1.2758,0.10724197,0.41775966
1.2759,0.12031948,0.41420895
1.276,0.1332797,0.41024891
1.2761,0.14610985,0.40588349
1.2762001,0.15879725,0.40111703
1.2763,0.17132936,0.39595419
1.2764,0.18369381,0.3903999
1.2765,0.19587836,0.38445961
1.2766,0.20787098,0.37813923
1.2767,0.21965982,0.37144494
1.2768,0.23123324,0.36438331
1.2769001,0.24257976,0.35696116
1.277,0.25368816,0.34918588
1.2771,0.2645475,0.34106508
1.2772,0.27514702,0.33260676
1.2773,0.28547621,0.32381922
1.2774,0.29552484,0.314711
1.2775,0.30528298,0.30529115
1.2776,0.31474102,0.29556891
1.2776999,0.32388955,0.28555393
1.2778,0.33271948,0.27525586
1.2779,0.34122208,0.26468492
1.278,0.34938893,0.25385156
1.2781,0.35721198,0.24276644
1.2782,0.36468345,0.23144045
1.2783,0.37179583,0.21988466
1.2783999,0.37854218,0.20811051
1.2785,0.38491577,0.19612962
1.2786,0.39091033,0.18395381
1.2787,0.39651975,0.17159496
1.2788,0.40173852,0.15906529
1.2789,0.40656152,0.14637718
1.279,0.41098389,0.13354312
1.2790999,0.41500127,0.12057577
1.2792,0.41860953,0.10748784
1.2793,0.42180514,0.094292268
1.2794,0.42458493,0.081002086
1.2795,0.42694613,0.067630403
1.2796,0.42888626,0.054190353
1.2797,0.43040338,0.040695194
1.2798001,0.43149596,0.027158258
1.2799,0.43216294,0.013592904
1.28,0.43240362,1.2515997e-05
1.2801,0.43221754,-0.013569556
1.2802,0.43160495,-0.027139882
1.2803,0.43056643,-0.040685069
1.2804,0.42910299,-0.054191742
1.2805001,0.42721593,-0.067646585
1.2806,0.42490706,-0.081036322
1.2807,0.42217863,-0.094347723
1.2808,0.41903335,-0.10756765
1.2809,0.41547427,-0.12068306
1.281,0.41150472,-0.13368098
1.2811,0.40712863,-0.14654858
1.2812001,0.40235034,-0.15927318
1.2812999,0.39717448,-0.17184216
1.2814,0.39160615,-0.18424314
1.2815,0.38565066,-0.19646384
1.2816,0.37931392,-0.20849219
1.2817,0.37260219,-0.22031631
1.2818,0.36552209,-0.23192452
1.2819,0.35808036,-0.2433053
1.2819999,0.35028443,-0.25444743
1.2821,0.34214193,-0.26533988
1.2822,0.3336609,-0.27597189
1.2823,0.32484964,-0.28633294
1.2824,0.31571671,-0.29641271
1.2825,0.3062712,-0.30620131
1.2826,0.29652232,-0.315689
1.2826999,0.28647977,-0.32486641
1.2828,0.2761533,-0.33372447
1.2829,0.26555303,-0.34225431
1.283,0.25468948,-0.35044754
1.2831,0.24357337,-0.35829607
1.2832,0.2322156,-0.36579213
1.2833,0.22062723,-0.37292814
1.2834001,0.20881978,-0.37969711
1.2835,0.19680487,-0.38609233
1.2836,0.18459433,-0.39210749
1.2837,0.17220016,-0.39773655
1.2838,0.15963453,-0.40297386
1.2839,0.14690986,-0.40781429
1.284,0.13403869,-0.41225299
1.2841001,0.12103373,-0.4162856
1.2842,0.1079077,-0.41990796
1.2843,0.094673574,-0.42311648
1.2844,0.081344418,-0.42590803
1.2845,0.067933381,-0.42827976
1.2846,0.054453678,-0.43022934
1.2847,0.04091854,-0.43175462
1.2848001,0.027341357,-0.43285418
1.2849,0.013735524,-0.43352687
1.285,0.00011447244,-0.43377206
1.2851,-0.0135084,-0.43358928
1.2852,-0.027119648,-0.43297872
1.2853,-0.04070583,-0.43194097
1.2854,-0.054253537,-0.43047702
1.2855,-0.067749396,-0.4285883
1.2855999,-0.081180111,-0.42627645
1.2857,-0.094532415,-0.42354381
1.2858,-0.10779312,-0.42039302
1.2859,-0.12094913,-0.4168272
1.286,-0.13398747,-0.41284972
1.2861,-0.14689524,-0.40846446
1.2862,-0.15965971,-0.40367573
1.2862999,-0.17226829,-0.39848822
1.2864,-0.18470849,-0.39290708
1.2865,-0.19696802,-0.38693753
1.2866,-0.20903477,-0.38058558
1.2867,-0.22089681,-0.37385744
1.2868,-0.23254246,-0.36675972
1.2869,-0.24396014,-0.35929936
1.2869999,-0.25513858,-0.35148358
1.2871,-0.26606673,-0.34332013
1.2872,-0.27673379,-0.33481705
1.2873,-0.28712922,-0.32598272
1.2874,-0.29724267,-0.31682569
1.2875,-0.30706418,-0.30735496
1.2876,-0.31658399,-0.29757994
1.2877001,-0.32579276,-0.28751022
1.2878,-0.3346813,-0.27715567
1.2879,-0.34324077,-0.2665264
1.288,-0.35146275,-0.25563294
1.2881,-0.35933906,-0.244486
1.2882,-0.36686194,-0.2330966
1.2883,-0.37402385,-0.22147584
1.2884001,-0.38081771,-0.20963517
1.2885,-0.38723677,-0.19758628
1.2886,-0.39327469,-0.18534106
1.2887,-0.39892551,-0.17291155
1.2888,-0.40418345,-0.16030993
1.2889,-0.40904337,-0.14754863
1.289,-0.41350046,-0.13464026
1.2891001,-0.41755027,-0.12159754
1.2891999,-0.42118874,-0.1084333
1.2893,-0.42441216,-0.095160462
1.2894,-0.42721736,-0.081792161
1.2895,-0.42960158,-0.068341576
1.2896,-0.43156245,-0.054821983
1.2897,-0.43309778,-0.04124663
1.2898,-0.43420613,-0.027628954
1.2898999,-0.43488637,-0.013982383
1.29,-0.43513781,-0.00032038521
1.2901,-0.43496013,0.013343573
1.2902,-0.43435335,0.026996041
1.2903,-0.43331808,0.040623527
1.2904,-0.43185538,0.054212585
1.2905,-0.4299666,0.067749791
1.2905999,-0.42765349,0.081221819
1.2907,-0.42491826,0.094615355
1.2908,-0.42176366,0.10791718
1.2909,-0.41819274,0.12111416
1.291,-0.41420898,0.13419327
1.2911,-0.40981615,0.14714159
1.2912,-0.4050186,0.15994634
1.2913001,-0.39982104,0.17259485
1.2914,-0.39422861,0.18507466
1.2915,-0.38824669,0.19737342
1.2916,-0.38188109,0.20947896
1.2917,-0.3751381,0.22137935
1.2918,-0.36802441,0.23306282
1.2919,-0.36054695,0.24451783
1.2920001,-0.35271293,0.25573301
1.2921,-0.34453014,0.26669729
1.2922,-0.33600661,0.27739987
1.2923,-0.32715076,0.28783011
1.2924,-0.31797123,0.29797772
1.2925,-0.30847695,0.30783263
1.2926,-0.29867738,0.31738508
1.2927001,-0.28858212,0.32662567
1.2927999,-0.27820113,0.33554524
1.2929,-0.26754451,0.3441349
1.293,-0.25662276,0.35238615
1.2931,-0.24544671,0.36029083
1.2932,-0.23402733,0.36784115
1.2933,-0.22237585,0.37502959
1.2934,-0.21050365,0.38184893
1.2934999,-0.19842251,0.38829249
1.2936,-0.18614431,0.3943539
1.2937,-0.17368117,0.40002713
1.2938,-0.1610453,0.40530646
1.2939,-0.14824912,0.41018668
1.294,-0.1353053,0.41466293
1.2941,-0.1222266,0.4187308
1.2941999,-0.10902591,0.42238623
1.2943,-0.095716141,0.42562544
1.2944,-0.082310483,0.42844528
1.2945,-0.068822153,0.43084297
1.2946,-0.055264451,0.43281606
1.2947,-0.041650724,0.43436253
1.2948,-0.027994366,0.43548077
1.2948999,-0.01430888,0.43616971
1.295,-0.00060776342,0.43642864
1.2951,0.013095459,0.43625724
1.2952,0.02678732,0.43565553
1.2953,0.040454283,0.43462411
1.2954,0.054082867,0.433164
1.2955,0.067659616,0.43127662
1.2956001,0.081171133,0.42896375
1.2957,0.094604097,0.42622751
1.2958,0.10794525,0.42307067
1.2959,0.12118141,0.4194963
1.296,0.13429952,0.41550794
1.2961,0.14728661,0.41110933
1.2962,0.16012987,0.40630481
1.2963001,0.17281663,0.40109909
1.2964,0.18533434,0.39549732
1.2965,0.19767065,0.389505
1.2966,0.20981334,0.38312781
1.2967,0.22175044,0.37637216
1.2968,0.23347014,0.36924464
1.2969,0.24496089,0.3617523
1.2970001,0.25621131,0.3539024
1.2970999,0.26721022,0.34570265
1.2972,0.27794683,0.33716109
1.2973,0.28841051,0.32828623
1.2974,0.2985909,0.31908676
1.2975,0.30847788,0.30957156
1.2976,0.31806171,0.29975009
1.2977,0.32733291,0.28963202
1.2977999,0.33628231,0.27922735
1.2979,0.34490106,0.26854622
1.298,0.35318053,0.25759915
1.2981,0.36111259,0.24639691
1.2982,0.36868942,0.23495057
1.2983,0.37590352,0.22327143
1.2984,0.38274762,0.21137084
1.2984999,0.38921496,0.19926061
1.2986,0.3952992,0.18695265
1.2987,0.4009943,0.17445913
1.2988,0.40629455,0.16179231
1.2989,0.41119465,0.14896463
1.299,0.4156898,0.13598876
1.2991,0.41977549,0.12287749
1.2992001,0.42344773,0.10964379
1.2993,0.42670271,0.096300617
1.2994,0.42953724,0.082861133
1.2995,0.43194851,0.069338612
1.2996,0.43393412,0.055746399
1.2997,0.43549207,0.042097893
1.2998,0.43662065,0.02840649
1.2999001,0.43731883,0.014685734
1.3,0.43758586,0.00094916212
1.3001,0.4374215,-0.012789669
1.3002,0.43682572,-0.026517231
1.3003,0.43579915,-0.040219989
1.3004,0.43434274,-0.053884406
1.3005,0.43245792,-0.067497
1.3006001,0.43014657,-0.081044339
1.3006999,0.42741075,-0.094513066
1.3008,0.4242532,-0.10788988
1.3009,0.42067704,-0.12116158
1.301,0.41668579,-0.13431506
1.3011,0.41228327,-0.14733735
1.3012,0.40747374,-0.16021557
1.3013,0.402262,-0.17293701
1.3013999,0.39665312,-0.18548912
1.3015,0.39065269,-0.19785951
1.3016,0.38426638,-0.21003592
1.3017,0.37750059,-0.22200635
1.3018,0.37036195,-0.23375897
1.3019,0.36285749,-0.2452822
1.302,0.3549946,-0.25656462
1.3020999,0.34678087,-0.26759505
1.3022,0.33822444,-0.27836263
1.3023,0.32933375,-0.28885669
1.3024,0.32011762,-0.29906693
1.3025,0.31058493,-0.30898315
1.3026,0.30074513,-0.31859556
1.3027,0.2906079,-0.32789469
1.3028001,0.28018326,-0.33687133
1.3029,0.26948148,-0.34551665
1.303,0.25851294,-0.35382196
1.3031,0.24728855,-0.36177912
1.3032,0.23581937,-0.36938027
1.3033,0.22411671,-0.37661788
1.3034,0.21219203,-0.38348475
1.3035001,0.20005706,-0.38997403
1.3036,0.18772379,-0.39607933
1.3037,0.17520438,-0.40179467
1.3038,0.1625112,-0.40711436
1.3039,0.14965664,-0.41203296
1.304,0.13665342,-0.41654572
1.3041,0.12351438,-0.42064813
1.3042001,0.11025249,-0.42433617
1.3043,0.096880779,-0.42760611
1.3044,0.083412394,-0.43045461
1.3045,0.06986066,-0.43287891
1.3046,0.056238938,-0.43487662
1.3047,0.042560682,-0.43644574
1.3048,0.028839311,-0.43758458
1.3049001,0.015088388,-0.43829203
1.3049999,0.0013214819,-0.43856734
1.3051,-0.012447818,-0.43841031
1.3052,-0.026205935,-0.43782103
1.3053,-0.039939329,-0.43679988
1.3054,-0.053634424,-0.43534797
1.3055,-0.067277707,-0.4334667
1.3056,-0.08085572,-0.43115795
1.3056999,-0.094355069,-0.42842385
1.3058,-0.10776243,-0.42526704
1.3059,-0.12106457,-0.42169067
1.306,-0.13424836,-0.41769826
1.3061,-0.14730079,-0.41329378
1.3062,-0.16020897,-0.40848133
1.3063,-0.17296015,-0.40326571
1.3063999,-0.18554175,-0.39765212
1.3065,-0.19794136,-0.39164609
1.3066,-0.21014671,-0.3852534
1.3067,-0.22214575,-0.37848032
1.3068,-0.23392664,-0.37133354
1.3069,-0.24547774,-0.36382014
1.307,-0.25678766,-0.35594752
1.3071001,-0.26784518,-0.34772328
1.3072,-0.27863938,-0.33915555
1.3073,-0.28915963,-0.3302528
1.3074,-0.29939553,-0.32102385
1.3075,-0.30933696,-0.31147772
1.3076,-0.31897402,-0.3016237
1.3077,-0.32829729,-0.2914716
1.3078001,-0.33729747,-0.28103143
1.3079,-0.34596577,-0.27031347
1.308,-0.35429347,-0.25932819
1.3081,-0.36227241,-0.24808641
1.3082,-0.36989468,-0.23659927
1.3083,-0.37715277,-0.22487809
1.3084,-0.38403952,-0.2129344
1.3085001,-0.39054799,-0.2007799
1.3085999,-0.3966718,-0.18842661
1.3087,-0.4024049,-0.17588674
1.3088,-0.40774167,-0.16317265
1.3089,-0.41267669,-0.15029681
1.309,-0.41720513,-0.1372719
1.3091,-0.42132246,-0.1241108
1.3092,-0.42502466,-0.11082651
1.3092999,-0.42830807,-0.097432122
1.3094,-0.4311693,-0.083940759
1.3095,-0.43360555,-0.070365772
1.3096,-0.43561441,-0.056720566
1.3097,-0.43719396,-0.043018606
1.3098,-0.43834248,-0.029273378
1.3099,-0.43905881,-0.015498415
1.3099999,-0.43934229,-0.001707331
1.3101,-0.43919259,0.012086264
1.3102,-0.43860993,0.025868753
1.3103,-0.43759462,0.039626583
1.3104,-0.43614778,0.053346161
1.3105,-0.43427083,0.067013949
1.3106,-0.43196562,0.080616452
1.3107001,-0.42923436,0.094140254
1.3108,-0.4260796,0.10757202
1.3109,-0.42250457,0.12089849
1.311,-0.41851276,0.13410652
1.3111,-0.41410813,0.14718305
1.3112,-0.40929487,0.1601152
1.3113,-0.40407774,0.17289017
1.3114001,-0.39846188,0.18549539
1.3115,-0.39245287,0.19791842
1.3116,-0.38605663,0.21014696
1.3117,-0.37927926,0.22216894
1.3118,-0.37212756,0.2339725
1.3119,-0.36460856,0.245546
1.312,-0.35672972,0.25687802
1.3121001,-0.3484987,0.26795733
1.3122,-0.33992356,0.27877298
1.3123,-0.33101282,0.2893143
1.3124,-0.32177526,0.29957092
1.3125,-0.31222004,0.3095327
1.3126,-0.30235633,0.31918973
1.3127,-0.29219404,0.32853252
1.3128,-0.28174314,0.33755183
1.3128999,-0.27101395,0.34623876
1.313,-0.26001701,0.35458475
1.3131,-0.24876311,0.36258143
1.3132,-0.23726338,0.37022099
1.3133,-0.22552918,0.37749591
1.3134,-0.2135721,0.38439897
1.3135,-0.20140381,0.39092326
1.3135999,-0.18903635,0.39706239
1.3137,-0.17648195,0.40281028
1.3138,-0.16375297,0.40816128
1.3139,-0.15086198,0.41311011
1.314,-0.13782161,0.41765171
1.3141,-0.12464476,0.42178172
1.3142,-0.11134445,0.42549601
1.3142999,-0.097933806,0.42879099
1.3144,-0.084425993,0.43166324
1.3145,-0.070834339,0.43410996
1.3146,-0.057172272,0.43612874
1.3147,-0.043453276,0.43771756
1.3148,-0.029690892,0.43887493
1.3149,-0.015898632,0.43959948
1.3150001,-0.0020901365,0.43989059
1.3151,0.011720966,0.43974802
1.3152,0.025521044,0.43917185
1.3153,0.0392965,0.4381626
1.3154,0.053033754,0.43672121
1.3155,0.066719241,0.43484914
1.3156,0.080339454,0.43254822
1.3157001,0.093880951,0.42982084
1.3158,0.10733038,0.42666936
1.3159,0.12067448,0.42309707
1.316,0.13390006,0.41910747
1.3161,0.1469941,0.4147045
1.3162,0.15994364,0.40989247
1.3163,0.17273593,0.40467602
1.3164001,0.18535833,0.39906037
1.3164999,0.19779839,0.39305103
1.3166,0.21004385,0.38665402
1.3167,0.22208257,0.37987542
1.3168,0.23390269,0.37272203
1.3169,0.24549258,0.36520085
1.317,0.25684077,0.35731938
1.3171,0.26793608,0.34908536
1.3171999,0.27876747,0.34050676
1.3173,0.28932434,0.33159214
1.3174,0.29959625,0.32235032
1.3175,0.30957305,0.31279039
1.3176,0.31924489,0.30292171
1.3177,0.32860219,0.29275399
1.3178,0.33763573,0.28229734
1.3178999,0.3463366,0.27156204
1.318,0.35469624,0.26055869
1.3181,0.3627063,0.24929804
1.3182,0.37035891,0.23779124
1.3183,0.37764657,0.22604968
1.3184,0.38456202,0.21408494
1.3185,0.39109847,0.20190878
1.3186001,0.39724934,0.18953317
1.3187,0.4030087,0.17697035
1.3188,0.40837079,0.16423273
1.3189,0.41333038,0.1513329
1.319,0.41788244,0.13828348
1.3191,0.42202252,0.12509736
1.3192,0.42574656,0.11178761
1.3193001,0.42905089,0.098367348
1.3194,0.43193224,0.084849797
1.3195,0.43438765,0.071248233
1.3196,0.43641478,0.057576124
1.3197,0.43801159,0.043846961
1.3198,0.43917662,0.030074302
1.3199,0.4399085,0.016271684
1.3200001,0.44020659,0.0024527358
1.3200999,0.4400706,-0.011368898
1.3202,0.43950069,-0.025179574
1.3203,0.43849742,-0.038965669
1.3204,0.43706161,-0.05271361
1.3205,0.43519482,-0.066409819
1.3206,0.43289885,-0.080040775
1.3207,0.43017602,-0.093593031
1.3207999,0.42702889,-0.10705322
1.3209,0.42346057,-0.12040806
1.321,0.4194746,-0.13364439
1.3211,0.41507497,-0.14674912
1.3212,0.41026604,-0.15970935
1.3213,0.40505233,-0.17251226
1.3214,0.39943913,-0.18514524
1.3214999,0.39343196,-0.19759582
1.3216,0.3870368,-0.20985173
1.3217,0.38025987,-0.22190087
1.3218,0.37310779,-0.2337313
1.3219,0.36558771,-0.24533139
1.322,0.35770705,-0.25668973
1.3221,0.34947363,-0.26779506
1.3221999,0.34089538,-0.27863643
1.3223,0.33198085,-0.28920311
1.3224,0.32273886,-0.2994847
1.3225,0.31317857,-0.3094711
1.3226,0.30330935,-0.31915244
1.3227,0.29314086,-0.32851908
1.3228,0.28268322,-0.33756182
1.3229001,0.27194673,-0.34627178
1.323,0.26094201,-0.35464039
1.3231,0.24967985,-0.36265928
1.3232,0.23817134,-0.37032056
1.3233,0.22642788,-0.37761673
1.3234,0.21446109,-0.38454056
1.3235,0.20228277,-0.39108527
1.3236001,0.18990481,-0.39724427
1.3237,0.17733952,-0.40301156
1.3238,0.16459928,-0.40838143
1.3239,0.1516967,-0.41334867
1.324,0.13864444,-0.41790825
1.3241,0.12545538,-0.42205569
1.3242,0.11214255,-0.42578694
1.3243001,0.098719098,-0.42909834
1.3243999,0.085198283,-0.4319866
1.3245,0.071593367,-0.43444878
1.3246,0.057917818,-0.43648252
1.3247,0.044185128,-0.43808582
1.3248,0.030408867,-0.43925714
1.3249,0.016602604,-0.43999529
1.325,0.0027799318,-0.44029942
1.3250999,-0.011045486,-0.44016936
1.3252,-0.024860002,-0.43960521
1.3253,-0.038649984,-0.4386076
1.3254,-0.052401852,-0.43717739
1.3255,-0.066102028,-0.43531597
1.3256,-0.079737,-0.43302527
1.3257,-0.093293302,-0.43030757
1.3257999,-0.10675757,-0.42716554
1.3259,-0.12011652,-0.42360216
1.326,-0.13335696,-0.41962102
1.3261,-0.14646585,-0.41522607
1.3262,-0.15943025,-0.41042173
1.3263,-0.17223737,-0.40521258
1.3264,-0.18487455,-0.39960375
1.3265001,-0.19732936,-0.39360091
1.3266,-0.2095895,-0.38720992
1.3267,-0.22164288,-0.38043717
1.3268,-0.23347759,-0.37328914
1.3269,-0.24508195,-0.36577302
1.327,-0.25644454,-0.35789621
1.3271,-0.26755416,-0.34966657
1.3272001,-0.27839983,-0.34109208
1.3273,-0.28897083,-0.33218122
1.3274,-0.29925674,-0.32294282
1.3275,-0.30924743,-0.31338602
1.3276,-0.31893313,-0.30352029
1.3277,-0.32830411,-0.29335523
1.3278,-0.3373512,-0.2829009
1.3279001,-0.34606552,-0.27216771
1.3279999,-0.35443845,-0.26116621
1.3281,-0.36246178,-0.24990726
1.3282,-0.37012747,-0.23840189
1.3283,-0.37742805,-0.22666152
1.3284,-0.38435632,-0.21469776
1.3285,-0.39090547,-0.20252243
1.3286,-0.39706898,-0.19014746
1.3286999,-0.40284073,-0.17758508
1.3288,-0.40821514,-0.1648477
1.3289,-0.41318691,-0.15194795
1.329,-0.41775113,-0.13889851
1.3291,-0.42190319,-0.1257122
1.3292,-0.42563906,-0.11240209
1.3293,-0.42895511,-0.098981313
1.3293999,-0.43184811,-0.085463136
1.3295,-0.43431509,-0.07186085
1.3296,-0.43635362,-0.058187868
1.3297,-0.43796176,-0.044457708
1.3298,-0.43913797,-0.030683925
1.3299,-0.43988109,-0.016880123
1.33,-0.44019023,-0.0030598592
1.3301001,-0.44006521,0.010763194
1.3302,-0.43950617,0.024575396
1.3303,-0.4385137,0.03836311
1.3304,-0.43708873,0.052112743
1.3305,-0.43523264,0.065810747
1.3306,-0.43294728,0.079443596
1.3307,-0.43023497,0.092997834
1.3308001,-0.42709845,0.10646009
1.3309,-0.42354065,0.11981709
1.331,-0.41956514,0.13305564
1.3311,-0.41517588,0.14616272
1.3312,-0.41037726,0.15912536
1.3313,-0.40517402,0.1719308
1.3314,-0.39957115,0.18456639
1.3315001,-0.39357427,0.19701967
1.3316,-0.38718936,0.20927836
1.3317,-0.38042274,0.22133039
1.3318,-0.373281,0.23316383
1.3319,-0.36577117,0.24476703
1.332,-0.35790074,0.25612855
1.3321,-0.34967753,0.26723719
1.3322001,-0.34110963,0.27808201
1.3322999,-0.33220541,0.28865224
1.3324,-0.3229737,0.29893753
1.3325,-0.31342366,0.30892771
1.3326,-0.30356473,0.31861296
1.3327,-0.29340664,0.32798371
1.3328,-0.28295928,0.33703068
1.3329,-0.27223313,0.345745
1.3329999,-0.26123872,0.35411808
1.3331,-0.24998699,0.3621417
1.3332,-0.23848887,0.36980784
1.3333,-0.2267558,0.37710902
1.3334,-0.21479939,0.38403803
1.3335,-0.20263144,0.39058807
1.3336,-0.19026396,0.39675272
1.3336999,-0.17770907,0.40252575
1.3338,-0.16497923,0.40790159
1.3339,-0.15208703,0.41287494
1.334,-0.13904522,0.41744098
1.3341,-0.12586656,0.42159504
1.3342,-0.11256411,0.42533308
1.3343,-0.099151,0.42865151
1.3344001,-0.085640498,0.43154705
1.3345,-0.07204593,0.43401682
1.3346,-0.058380645,0.43605834
1.3347,-0.044658177,0.43766966
1.3348,-0.03089207,0.43884924
1.3349,-0.017095927,0.43959594
1.335,-0.0032833221,0.43990895
1.3351001,0.010532116,0.43978795
1.3352,0.024336739,0.43923318
1.3353,0.038116921,0.43824515
1.3354,0.051859062,0.43682495
1.3355,0.065549634,0.43497375
1.3356,0.079175107,0.43269354
1.3357,0.092722051,0.4299866
1.3358001,0.10617708,0.42685562
1.3358999,0.11952695,0.42330369
1.336,0.13275847,0.41933423
1.3361,0.1458586,0.41495124
1.3362,0.15881442,0.41015911
1.3363,0.17161313,0.4049626
1.3364,0.18424213,0.39936668
1.3365,0.19668895,0.39337698
1.3365999,0.20894131,0.38699943
1.3367,0.22098716,0.38024038
1.3368,0.23281461,0.37310648
1.3369,0.24441195,0.3656047
1.337,0.25576776,0.35774252
1.3371,0.26687092,0.34952775
1.3372,0.27771041,0.34096849
1.3372999,0.28827554,0.33207312
1.3374,0.29855591,0.32285047
1.3375,0.30854136,0.31330964
1.3376,0.31822214,0.30346015
1.3377,0.32758862,0.29331166
1.3378,0.33663157,0.28287411
1.3379,0.34534207,0.27215791
1.3380001,0.35371161,0.26117361
1.3381,0.36173192,0.24993213
1.3382,0.36939508,0.23844446
1.3383,0.37669346,0.22672197
1.3384,0.38361996,0.21477626
1.3385,0.3901678,0.20261914
1.3386,0.39633054,0.19026265
1.3387001,0.40210193,0.17771885
1.3388,0.40747643,0.1650002
1.3389,0.41244873,0.15211929
1.339,0.417014,0.13908884
1.3391,0.4211677,0.12592167
1.3392,0.42490566,0.11263076
1.3393,0.4282243,0.099229254
1.3394001,0.43112034,0.085730404
1.3395,0.43359104,0.072147541
1.3396,0.43563378,0.058494009
1.3397,0.43724665,0.044783305
1.3398,0.4384281,0.031028982
1.3399,0.43917701,0.017244618
1.34,0.43949261,0.0034438106
1.3401,0.43937457,-0.010359856
1.3401999,0.43882304,-0.024152735
1.3403,0.43783861,-0.037921213
1.3404,0.43642235,-0.051651698
1.3405,0.4345755,-0.065330662
1.3406,0.43229997,-0.078944609
1.3407,0.42959803,-0.092480093
1.3408,0.4264724,-0.10592378
1.3408999,0.42292622,-0.11926238
1.341,0.41896281,-0.13248277
1.3411,0.41458622,-0.14557187
1.3412,0.40980083,-0.15851679
1.3413,0.40461138,-0.17130479
1.3414,0.39902294,-0.18392321
1.3415,0.39304098,-0.19635963
1.3415999,0.38667154,-0.20860179
1.3417,0.3799209,-0.22063759
1.3418,0.37279576,-0.23245522
1.3419,0.36530307,-0.24404295
1.342,0.35745025,-0.25538939
1.3421,0.34924513,-0.26648337
1.3422,0.34069583,-0.27731395
1.3423001,0.3318108,-0.28787047
1.3424,0.3225987,-0.29814243
1.3425,0.31306875,-0.3081198
1.3426,0.30323035,-0.31779271
1.3427,0.29309326,-0.32715172
1.3428,0.2826674,-0.33618745
1.3429,0.27196306,-0.34489107
1.3430001,0.26099092,-0.35325399
1.3431,0.24976178,-0.36126804
1.3432,0.23828675,-0.3689253
1.3433,0.22657707,-0.37621817
1.3434,0.21464437,-0.38313946
1.3435,0.20250045,-0.38968244
1.3436,0.19015734,-0.3958407
1.3437001,0.17762713,-0.40160805
1.3437999,0.16492222,-0.40697885
1.3439,0.15205517,-0.41194785
1.344,0.13903873,-0.41651019
1.3441,0.12588571,-0.42066142
1.3442,0.11260906,-0.42439729
1.3443,0.099221908,-0.42771423
1.3444,0.085737497,-0.43060902
1.3444999,0.072169147,-0.43307883
1.3446,0.058530219,-0.43512121
1.3447,0.044834156,-0.43673408
1.3448,0.031094506,-0.43791598
1.3449,0.017324835,-0.43866575
1.345,0.0035387476,-0.4389827
1.3451,-0.010250207,-0.43886641
1.3451999,-0.024028393,-0.43831706
1.3453,-0.037782207,-0.43733528
1.3454,-0.051498074,-0.43592206
1.3455,-0.065162465,-0.43407878
1.3456,-0.078761913,-0.43180719
1.3457,-0.092282996,-0.42910963
1.3458,-0.10571236,-0.42598882
1.3459001,-0.11903676,-0.42244789
1.346,-0.13224307,-0.41849023
1.3461,-0.14531824,-0.41411978
1.3462,-0.15824938,-0.40934092
1.3463,-0.17102376,-0.40415841
1.3464,-0.18362875,-0.39857742
1.3465,-0.19605193,-0.39260328
1.3466001,-0.20828103,-0.38624203
1.3467,-0.22030401,-0.3795
1.3468,-0.23210905,-0.37238389
1.3469,-0.24368446,-0.36490065
1.347,-0.2550188,-0.35705763
1.3471,-0.26610097,-0.34886268
1.3472,-0.27692002,-0.34032393
1.3473001,-0.2874653,-0.33144981
1.3474,-0.29772636,-0.322249
1.3475,-0.30769312,-0.31273064
1.3476,-0.31735575,-0.30290416
1.3477,-0.32670477,-0.29277933
1.3478,-0.33573097,-0.28236607
1.3479,-0.34442535,-0.27167466
1.348,-0.35277942,-0.26071566
1.3480999,-0.36078501,-0.24949999
1.3482,-0.36843419,-0.23803872
1.3483,-0.37571937,-0.22634307
1.3484,-0.38263339,-0.21442461
1.3485,-0.38916951,-0.20229517
1.3486,-0.39532131,-0.18996675
1.3487,-0.40108269,-0.17745151
1.3487999,-0.40644795,-0.16476171
1.3489,-0.41141182,-0.15190996
1.349,-0.41596949,-0.13890898
1.3491,-0.42011648,-0.12577161
1.3492,-0.42384866,-0.11251075
1.3493,-0.42716232,-0.099139504
1.3494,-0.43005431,-0.085671112
1.3494999,-0.43252179,-0.072118871
1.3496,-0.43456236,-0.05849617
1.3497,-0.43617389,-0.04481639
1.3498,-0.43735492,-0.031093072
1.3499,-0.4381043,-0.017339772
1.35,-0.43842134,-0.0035700742
1.3501,-0.43830571,0.010202453
1.3502001,-0.43775746,0.023964232
1.3503,-0.43677726,0.037701663
1.3504,-0.43536612,0.051401183
1.3505,-0.43352547,0.065049268
1.3506,-0.43125695,0.078632489
1.3507,-0.42856297,0.092137411
1.3508,-0.42544621,0.10555072
1.3509001,-0.42190978,0.11885919
1.351,-0.41795719,0.13204968
1.3511,-0.41359225,0.14510918
1.3512,-0.40881935,0.1580248
1.3513,-0.40364328,0.17078382
1.3514,-0.3980692,0.18337366
1.3515,-0.39210248,0.19578189
1.3516001,-0.38574907,0.20799625
1.3516999,-0.3790153,0.22000472
1.3518,-0.37190786,0.23179549
1.3519,-0.3644338,0.2433569
1.352,-0.35660037,0.25467753
1.3521,-0.3484154,0.26574624
1.3522,-0.33988702,0.27655211
1.3523,-0.33102369,0.28708455
1.3523999,-0.32183412,0.29733309
1.3525,-0.3123273,0.30728766
1.3526,-0.30251276,0.31693846
1.3527,-0.29240021,0.32627597
1.3528,-0.28199962,0.33529106
1.3529,-0.27132118,0.34397474
1.353,-0.2603755,0.35231847
1.3530999,-0.24917343,0.3603141
1.3532,-0.23772606,0.36795372
1.3533,-0.22604464,0.37522984
1.3534,-0.21414067,0.38213518
1.3535,-0.20202596,0.38866305
1.3536,-0.18971252,0.39480704
1.3537,-0.17721251,0.40056112
1.3538001,-0.16453816,0.40591946
1.3539,-0.15170208,0.41087693
1.354,-0.13871691,0.41542867
1.3541,-0.12559554,0.41957018
1.3542,-0.11235087,0.42329741
1.3543,-0.098995954,0.4266066
1.3544,-0.085544012,0.42949459
1.3545001,-0.072008334,0.43195856
1.3546,-0.058402296,0.43399614
1.3547,-0.044739276,0.43560523
1.3548,-0.031032782,0.43678427
1.3549,-0.017296353,0.43753216
1.355,-0.0035435581,0.43784824
1.3551,0.010212028,0.43773219
1.3552001,0.023956867,0.43718404
1.3552999,0.03767737,0.4362044
1.3554,0.051359992,0.43479434
1.3555,0.064991228,0.43295524
1.3556,0.07855764,0.43068889
1.3557,0.092045836,0.42799753
1.3558,0.10544251,0.42488387
1.3559,0.11873444,0.42135108
1.3559999,0.13190852,0.41740263
1.3561,0.14495175,0.41304231
1.3562,0.15785125,0.4082745
1.3563,0.17059432,0.40310401
1.3564,0.18316837,0.39753598
1.3565,0.19556102,0.39157581
1.3566,0.20776002,0.38522941
1.3566999,0.21975334,0.37850311
1.3568,0.23152919,0.37140357
1.3569,0.24307595,0.36393788
1.357,0.25438219,0.35611328
1.3571,0.2654368,0.34793752
1.3572,0.27622885,0.3394188
1.3573,0.28674775,0.33056551
1.3573999,0.29698315,0.3213864
1.3575,0.30692485,0.31189045
1.3576,0.31656313,0.30208713
1.3577,0.32588848,0.29198614
1.3578,0.33489174,0.2815975
1.3579,0.343564,0.27093136
1.358,0.3518967,0.25999829
1.3581001,0.35988164,0.24880916
1.3582,0.36751103,0.23737502
1.3583,0.37477732,0.22570716
1.3584,0.38167328,0.21381702
1.3585,0.38819215,0.20171641
1.3586,0.39432758,0.18941729
1.3587,0.40007353,0.17693184
1.3588001,0.4054243,0.16427235
1.3589,0.41037458,0.15145127
1.359,0.41491956,0.13848135
1.3591,0.41905481,0.12537536
1.3592,0.42277628,0.11214629
1.3593,0.4260802,0.098807096
1.3594,0.42896336,0.085371017
1.3595001,0.43142301,0.071851321
1.3595999,0.43345672,0.058261361
1.3597,0.4350625,0.04461455
1.3598,0.43623871,0.030924318
1.3599,0.43698424,0.017204214
1.36,0.43729845,0.0034677836
1.3601,0.43718106,-0.010271401
1.3602,0.43663207,-0.02399982
1.3602999,0.43565208,-0.037703909
1.3604,0.43424213,-0.051370133
1.3605,0.43240365,-0.064985007
1.3606,0.4301385,-0.078535087
1.3607,0.42744875,-0.092007026
1.3608,0.42433721,-0.10538752
1.3609,0.42080697,-0.11866337
1.3609999,0.41686159,-0.13182147
1.3611,0.41250488,-0.14484884
1.3612,0.40774113,-0.15773262
1.3613,0.40257514,-0.1704601
1.3614,0.39701203,-0.18301876
1.3615,0.39105734,-0.19539618
1.3616,0.38471681,-0.20758015
1.3617001,0.37799683,-0.21955866
1.3618,0.37090403,-0.23131989
1.3619,0.36344552,-0.24285227
1.362,0.35562855,-0.2541444
1.3621,0.34746081,-0.26518512
1.3622,0.33895048,-0.2759636
1.3623,0.33010599,-0.28646919
1.3624001,0.32093611,-0.29669157
1.3625,0.31144974,-0.30662054
1.3626,0.30165637,-0.31624642
1.3627,0.29156566,-0.32555971
1.3628,0.28118762,-0.33455122
1.3629,0.27053252,-0.34321213
1.363,0.25961074,-0.3515338
1.3631001,0.2484332,-0.35950807
1.3631999,0.23701093,-0.36712715
1.3633,0.22535525,-0.37438357
1.3634,0.21347758,-0.38127002
1.3635,0.20138969,-0.3877798
1.3636,0.18910351,-0.3939065
1.3637,0.17663124,-0.39964414
1.3638,0.16398518,-0.40498707
1.3638999,0.15117773,-0.40992987
1.364,0.13822159,-0.41446784
1.3641,0.12512958,-0.41859651
1.3642,0.11191465,-0.42231181
1.3643,0.098589785,-0.42561004
1.3644,0.085168146,-0.42848796
1.3645,0.071663007,-0.43094277
1.3645999,0.058087707,-0.43297213
1.3647,0.04445567,-0.43457404
1.3648,0.030780282,-0.43574679
1.3649,0.017075082,-0.43648937
1.365,0.0033536067,-0.43680102
1.3651,-0.010370592,-0.43668154
1.3652,-0.024083981,-0.43613097
1.3653001,-0.037773043,-0.43514985
1.3654,-0.051424254,-0.43373919
1.3655,-0.06502413,-0.43190047
1.3656,-0.07855925,-0.42963555
1.3657,-0.092016272,-0.42694649
1.3658,-0.10538191,-0.42383605
1.3659,-0.11864298,-0.42030737
1.3660001,-0.13178639,-0.41636398
1.3661,-0.14479917,-0.41200975
1.3662,-0.15766849,-0.40724888
1.3663,-0.17038164,-0.40208617
1.3664,-0.18292609,-0.39652678
1.3665,-0.19528948,-0.39057624
1.3666,-0.20745957,-0.3842403
1.3667001,-0.21942438,-0.37752527
1.3668,-0.23117211,-0.37043783
1.3669,-0.24269117,-0.36298504
1.367,-0.25397024,-0.35517424
1.3671,-0.26499811,-0.34701303
1.3672,-0.27576396,-0.33850959
1.3673,-0.28625715,-0.32967231
1.3674001,-0.29646739,-0.32051
1.3674999,-0.30638456,-0.31103161
1.3676,-0.31599885,-0.30124646
1.3677,-0.32530084,-0.29116434
1.3678,-0.33428136,-0.28079519
1.3679,-0.3429316,-0.27014929
1.368,-0.3512429,-0.25923702
1.3681,-0.35920712,-0.24806926
1.3681999,-0.36681646,-0.23665702
1.3683,-0.37406346,-0.22501162
1.3684,-0.38094091,-0.21314454
1.3685,-0.38744199,-0.20106742
1.3686,-0.39356035,-0.18879226
1.3687,-0.39928997,-0.17633119
1.3688,-0.4046253,-0.16369656
1.3688999,-0.40956089,-0.15090074
1.369,-0.41409197,-0.1379564
1.3691,-0.41821414,-0.12487633
1.3692,-0.42192331,-0.11167349
1.3693,-0.42521587,-0.098360896
1.3694,-0.42808846,-0.084951624
1.3695,-0.43053833,-0.071458973
1.3696001,-0.43256313,-0.057896264
1.3697,-0.43416086,-0.044276901
1.3698,-0.43532991,-0.030614287
1.3699,-0.4360691,-0.016921911
1.37,-0.43637779,-0.0032133106
1.3701,-0.43625572,0.010497978
1.3702,-0.43570304,0.024198417
1.3703001,-0.43472016,0.03787452
1.3704,-0.43330815,0.051512767
1.3705,-0.43146843,0.065099694
1.3706,-0.42920288,0.078621887
1.3707,-0.4265137,0.092066012
1.3708,-0.42340347,0.1054188
1.3709,-0.41987535,0.11866707
1.3710001,-0.41593289,0.13179776
1.3710999,-0.41158003,0.14479791
1.3712,-0.40682089,0.15765466
1.3713,-0.40166026,0.17035536
1.3714,-0.39610332,0.18288748
1.3715,-0.39015555,0.19523865
1.3716,-0.38382283,0.20739669
1.3717,-0.37711132,0.21934956
1.3717999,-0.37002772,0.23108552
1.3719,-0.36257911,0.24259298
1.372,-0.35477284,0.25386059
1.3721,-0.34661648,0.26487723
1.3722,-0.3381182,0.27563202
1.3723,-0.3292864,0.28611436
1.3724,-0.32012981,0.29631397
1.3724999,-0.3106575,0.30622074
1.3726,-0.30087873,0.31582484
1.3727,-0.29080322,0.32511687
1.3728,-0.28044096,0.33408767
1.3729,-0.26980218,0.34272841
1.373,-0.25889736,0.35103053
1.3731,-0.24773721,0.35898584
1.3732001,-0.23633285,0.36658651
1.3733,-0.22469553,0.37382507
1.3734,-0.21283677,0.38069442
1.3735,-0.20076817,0.38718766
1.3736,-0.18850172,0.39329848
1.3737,-0.17604953,0.39902088
1.3738,-0.16342393,0.40434921
1.3739001,-0.15063736,0.40927821
1.374,-0.13770239,0.41380298
1.3741,-0.12463184,0.4179191
1.3742,-0.11143865,0.42162254
1.3743,-0.098135836,0.42490971
1.3744,-0.084736459,0.42777723
1.3745,-0.071253799,0.43022236
1.3746001,-0.057701159,0.43224269
1.3747,-0.044091947,0.43383628
1.3748,-0.030439582,0.43500158
1.3749,-0.016757501,0.43573731
1.375,-0.0030592424,0.43604288
1.3751,0.010641668,0.43591794
1.3752,0.024331696,0.43536276
1.3753,0.037997361,0.43437773
1.3753999,0.051625162,0.43296385
1.3755,0.065201648,0.43112257
1.3756,0.078713417,0.42885581
1.3757,0.092147119,0.42616573
1.3758,0.10548953,0.4230549
1.3759,0.11872746,0.41952652
1.376,0.13184784,0.41558409
1.3760999,0.14483775,0.41123152
1.3762,0.15768434,0.40647304
1.3763,0.17037494,0.40131336
1.3764,0.18289705,0.39575762
1.3765,0.19523829,0.38981134
1.3766,0.20738651,0.38348046
1.3767,0.21932967,0.376771
1.3767999,0.23105603,0.36968976
1.3769,0.24255402,0.36224374
1.377,0.25381228,0.35444033
1.3771,0.26481974,0.34628719
1.3772,0.27556548,0.33779228
1.3773,0.28603891,0.32896411
1.3774,0.29622975,0.3198114
1.3775001,0.30612797,0.31034321
1.3776,0.31572366,0.30056879
1.3777,0.32500747,0.29049784
1.3778,0.33397022,0.28014034
1.3779,0.34260312,0.26950654
1.378,0.35089758,0.25860691
1.3781,0.35884541,0.24745215
1.3782001,0.36643884,0.23605335
1.3783,0.37367034,0.22442175
1.3784,0.38053286,0.21256889
1.3785,0.38701952,0.20050639
1.3786,0.39312392,0.18824615
1.3787,0.39884013,0.17580034
1.3788,0.4041625,0.16318123
1.3789001,0.40908578,0.15040132
1.3789999,0.41360506,0.13747312
1.3791,0.41771591,0.12440946
1.3792,0.42141432,0.11122324
1.3793,0.42469668,0.097927503
1.3794,0.42755967,0.084535338
1.3795,0.43000048,0.071059942
1.3796,0.43201673,0.057514641
1.3796999,0.43360651,0.043912832
1.3798,0.43476823,0.030267946
1.3799,0.43550059,0.016593391
1.38,0.43580303,0.0029026994
1.3801,0.43567523,-0.010790608
1.3802,0.43511739,-0.02447301
1.3803,0.43413001,-0.038131006
1.3803999,0.43271399,-0.051751137
1.3805,0.43087077,-0.06531994
1.3806,0.42860228,-0.078824028
1.3807,0.42591077,-0.092250064
1.3808,0.42279878,-0.10558481
1.3809,0.41926938,-0.11881509
1.381,0.41532618,-0.13192788
1.3811001,0.41097304,-0.1449102
1.3812,0.4062143,-0.15774927
1.3813,0.4010545,-0.17043237
1.3814,0.39549887,-0.18294704
1.3815,0.38955289,-0.19528089
1.3816,0.38322249,-0.20742181
1.3817,0.37651384,-0.21935774
1.3818001,0.36943355,-0.23107694
1.3819,0.36198863,-0.24256784
1.382,0.35418651,-0.25381911
1.3821,0.34603491,-0.26481968
1.3822,0.3375417,-0.27555859
1.3823,0.32871538,-0.28602535
1.3824,0.31956473,-0.29620957
1.3825001,0.31009874,-0.30610126
1.3825999,0.30032673,-0.31569064
1.3827,0.29025832,-0.32496819
1.3828,0.2799035,-0.3339248
1.3829,0.26927254,-0.34255168
1.383,0.25837591,-0.3508403
1.3831,0.24722429,-0.35878241
1.3832,0.23582873,-0.3663702
1.3832999,0.22420052,-0.37359622
1.3834,0.21235114,-0.38045338
1.3835,0.2002923,-0.38693488
1.3836,0.18803582,-0.39303428
1.3837,0.17559384,-0.39874557
1.3838,0.16297868,-0.40406317
1.3839,0.15020281,-0.40898189
1.3839999,0.13727877,-0.41349673
1.3841,0.12421933,-0.41760331
1.3842,0.11103741,-0.42129758
1.3843,0.097746029,-0.42457592
1.3844,0.084358327,-0.42743516
1.3845,0.070887439,-0.4298723
1.3846,0.057346705,-0.43188503
1.3846999,0.043749508,-0.43347141
1.3848,0.030109279,-0.43462992
1.3849,0.016439449,-0.43535933
1.385,0.0027535057,-0.43565887
1.3851,-0.010935024,-0.43552834
1.3852,-0.024612624,-0.43496788
1.3853,-0.038265783,-0.43397811
1.3854001,-0.051881067,-0.43255982
1.3855,-0.065445013,-0.43071449
1.3856,-0.078944236,-0.42844403
1.3857,-0.092365399,-0.42575064
1.3858,-0.10569527,-0.42263702
1.3859,-0.11892069,-0.4191061
1.386,-0.13202861,-0.41516149
1.3861001,-0.14500609,-0.4108071
1.3862,-0.15784033,-0.40604725
1.3863,-0.17051864,-0.40088651
1.3864,-0.18302852,-0.39533004
1.3865,-0.19535762,-0.38938335
1.3866,-0.2074938,-0.38305235
1.3867,-0.21942505,-0.37634331
1.3868001,-0.2311396,-0.36926267
1.3868999,-0.24262589,-0.36181757
1.387,-0.2538726,-0.35401535
1.3871,-0.26486865,-0.34586376
1.3872,-0.27560312,-0.33737072
1.3873,-0.28606543,-0.32854468
1.3874,-0.29624531,-0.31939435
1.3875,-0.3061327,-0.3099288
1.3875999,-0.31571785,-0.3001574
1.3877,-0.3249912,-0.29008967
1.3878,-0.33394369,-0.27973559
1.3879,-0.34256652,-0.26910546
1.388,-0.35085112,-0.25820974
1.3881,-0.35878935,-0.24705918
1.3882,-0.3663733,-0.23566474
1.3882999,-0.37359554,-0.22403769
1.3884,-0.380449,-0.21218957
1.3885,-0.38692689,-0.20013207
1.3886,-0.39302269,-0.18787698
1.3887,-0.39873052,-0.17543647
1.3888,-0.40404469,-0.16282283
1.3889,-0.40896004,-0.15004852
1.3890001,-0.41347167,-0.13712615
1.3891,-0.41757506,-0.1240684
1.3892,-0.42126623,-0.11088822
1.3893,-0.42454153,-0.09759862
1.3894,-0.42739779,-0.08421275
1.3895,-0.42983207,-0.070743747
1.3896,-0.431842,-0.057204932
1.3897001,-0.43342566,-0.043609682
1.3898,-0.43458146,-0.029971424
1.3899,-0.43530834,-0.016303623
1.39,-0.43560538,-0.0026197224
1.3901,-0.4354724,0.011066741
1.3902,-0.43490955,0.024742253
1.3903,-0.43391746,0.038393307
1.3904001,-0.43249699,0.05200645
1.3904999,-0.43064952,0.065568246
1.3906,-0.42837694,0.079065308
1.3907,-0.42568153,0.092484303
1.3908,-0.422566,0.10581198
1.3909,-0.4190332,0.11903521
1.391,-0.41508675,0.13214093
1.3911,-0.41073054,0.14511621
1.3911999,-0.40596896,0.15794823
1.3913,-0.40080664,0.17062433
1.3914,-0.39524856,0.18313199
1.3915,-0.38930035,0.19545889
1.3916,-0.38296786,0.20759284
1.3917,-0.37625739,0.2195219
1.3918,-0.36917537,0.23123424
1.3918999,-0.36172894,0.24271832
1.392,-0.35392544,0.25396284
1.3921,-0.34577256,0.26495668
1.3922,-0.3372784,0.27568898
1.3923,-0.32845122,0.28614914
1.3924,-0.31929976,0.29632682
1.3925,-0.30983314,0.30621204
1.3926001,-0.30006072,0.31579503
1.3927,-0.28999203,0.32506627
1.3928,-0.27963701,0.33401665
1.3929,-0.26900595,0.3426373
1.393,-0.25810933,0.35091978
1.3931,-0.24695796,0.35885593
1.3932,-0.2355627,0.36643776
1.3933001,-0.22393486,0.37365794
1.3934,-0.21208596,0.38050926
1.3935,-0.20002772,0.38698506
1.3936,-0.18777196,0.39307886
1.3937,-0.17533077,0.39878461
1.3938,-0.16271646,0.40409672
1.3939,-0.14994152,0.40901002
1.3940001,-0.13701855,0.41351962
1.3941,-0.12396023,0.41762096
1.3942,-0.11077948,0.4213101
1.3943,-0.097489335,0.42458335
1.3944,-0.084102921,0.42743757
1.3945,-0.070633441,0.42986986
1.3946,-0.057094142,0.43187776
1.3947001,-0.043498423,0.43345937
1.3947999,-0.02985971,0.43461314
1.3949,-0.016191483,0.43533799
1.395,-0.0025071769,0.435633
1.3951,0.011179679,0.435498
1.3952,0.024855567,0.43493313
1.3953,0.038506985,0.43393895
1.3954,0.052120462,0.43251649
1.3954999,0.065682583,0.43066695
1.3956,0.079179943,0.42839232
1.3957,0.092599221,0.42569482
1.3958,0.10592717,0.42257717
1.3959,0.11915064,0.41904232
1.396,0.13225658,0.41509378
1.3961,0.14523205,0.41073546
1.3961999,0.15806426,0.40597174
1.3963,0.17074053,0.40080732
1.3964,0.18324833,0.3952471
1.3965,0.19557533,0.38929671
1.3966,0.20770937,0.38296202
1.3967,0.21963848,0.37624931
1.3968,0.23135087,0.36916518
1.3969001,0.24283497,0.36171651
1.397,0.25407946,0.35391074
1.3971,0.26507324,0.34575564
1.3972,0.27580547,0.33725923
1.3973,0.28626549,0.32842976
1.3974,0.29644305,0.31927601
1.3975,0.30632809,0.30980706
1.3976001,0.31591085,0.30003226
1.3977,0.32518184,0.28996125
1.3978,0.33413193,0.27960387
1.3979,0.34275225,0.26897043
1.398,0.35103434,0.25807139
1.3981,0.35897005,0.24691762
1.3982,0.36655146,0.23551995
1.3983001,0.3737711,0.22388966
1.3983999,0.38062188,0.21203831
1.3985,0.38709703,0.19997758
1.3986,0.39319021,0.18771936
1.3987,0.39889523,0.17527568
1.3988,0.4042066,0.16265889
1.3989,0.40911907,0.14988142
1.399,0.41362777,0.13695592
1.3990999,0.41772825,0.1238951
1.3992,0.42141637,0.11071183
1.3993,0.42468858,0.09741915
1.3994,0.42754167,0.084030196
1.3995,0.42997283,0.07055819
1.3996,0.43197951,0.057016362
1.3997,0.43355981,0.043418113
1.3997999,0.4347122,0.029776871
1.3999,0.43543556,0.016106114
1.4,0.43572915,0.0024193127
1.4001,0.43559256,-0.011270043
1.4002,0.43502605,-0.024948422
1.4003,0.43403018,-0.038602319
1.4004,0.43260592,-0.052218251
1.4005001,0.43075457,-0.065782808
1.4006,0.428478,-0.079282582
1.4007,0.42577851,-0.092704259
1.4008,0.42265877,-0.10603458
1.4009,0.41912183,-0.11926039
1.401,0.41517106,-0.13236864
1.4011,0.41081047,-0.1453464
1.4012001,0.40604436,-0.15818085
1.4013,0.40087751,-0.17085932
1.4014,0.39531481,-0.18336929
1.4015,0.38936186,-0.19569841
1.4016,0.38302451,-0.20783453
1.4017,0.37630907,-0.21976566
1.4018,0.36922216,-0.23148005
1.4019001,0.36177063,-0.24296606
1.402,0.35396191,-0.25421241
1.4021,0.3458038,-0.26520798
1.4022,0.33730426,-0.27594197
1.4023,0.32847169,-0.28640369
1.4024,0.31931475,-0.29658285
1.4025,0.30984253,-0.30646941
1.4026,0.30006438,-0.31605363
1.4026999,0.28998998,-0.32532606
1.4028,0.27962914,-0.33427745
1.4029,0.26899219,-0.34289902
1.403,0.25808957,-0.35118225
1.4031,0.24693212,-0.35911903
1.4032,0.23553081,-0.36670142
1.4033,0.2238968,-0.37392196
1.4033999,0.21204165,-0.38077354
1.4035,0.19997707,-0.38724938
1.4036,0.18771499,-0.39334318
1.4037,0.1752674,-0.39904872
1.4038,0.16264664,-0.4043605
1.4039,0.14986518,-0.40927324
1.404,0.13693564,-0.41378212
1.4040999,0.12387078,-0.41788271
1.4042,0.11068342,-0.42157081
1.4043,0.097386628,-0.42484289
1.4044,0.083993539,-0.42769572
1.4045,0.070517376,-0.43012649
1.4046,0.056971401,-0.43213272
1.4047,0.043368973,-0.43371245
1.4048001,0.029723546,-0.43486413
1.4049,0.01604859,-0.43558663
1.405,0.0023576091,-0.43587932
1.4051,-0.011335935,-0.43574166
1.4052,-0.025018495,-0.43517393
1.4053,-0.038676567,-0.43417671
1.4054,-0.052296661,-0.43275103
1.4055001,-0.065865345,-0.43089816
1.4056,-0.079369247,-0.42861989
1.4057,-0.092795014,-0.42591858
1.4058,-0.1061294,-0.42279688
1.4059,-0.11935925,-0.41925791
1.406,-0.13247149,-0.41530496
1.4061,-0.1454532,-0.41094208
1.4062001,-0.15829155,-0.40617353
1.4062999,-0.17097387,-0.40100408
1.4064,-0.18348765,-0.39543876
1.4065,-0.19582053,-0.389483
1.4066,-0.20796032,-0.38314274
1.4067,-0.21989508,-0.37642422
1.4068,-0.231613,-0.36933419
1.4069,-0.24310251,-0.36187941
1.4069999,-0.25435224,-0.35406733
1.4071,-0.26535115,-0.34590569
1.4072,-0.27608833,-0.33740255
1.4073,-0.28655323,-0.32856631
1.4074,-0.29673544,-0.31940556
1.4075,-0.30662498,-0.3099294
1.4076,-0.31621203,-0.30014721
1.4076999,-0.3254872,-0.29006869
1.4078,-0.33444124,-0.27970368
1.4079,-0.34306535,-0.2690624
1.408,-0.35135099,-0.25815538
1.4081,-0.35929003,-0.24699342
1.4082,-0.36687467,-0.23558755
1.4083,-0.37409726,-0.2239489
1.4084001,-0.38095075,-0.21208902
1.4085,-0.3874284,-0.20001961
1.4086,-0.39352381,-0.18775265
1.4087,-0.39923096,-0.17530015
1.4088,-0.40454409,-0.1626744
1.4089,-0.4094581,-0.14988786
1.409,-0.41396809,-0.13695319
1.4091001,-0.41806963,-0.12388318
1.4092,-0.42175856,-0.11069062
1.4093,-0.4250313,-0.097388573
1.4094,-0.42788464,-0.083990186
1.4095,-0.43031576,-0.070508689
1.4096,-0.43232223,-0.056957375
1.4097,-0.433902,-0.043349575
1.4098001,-0.43505356,-0.029698754
1.4099,-0.43577582,-0.016018385
1.41,-0.43606803,-0.0023219851
1.4101,-0.43592983,0.01137697
1.4102,-0.43536139,0.025064949
1.4103,-0.43436325,0.038728435
1.4104,-0.43293643,0.052353937
1.4105,-0.43108237,0.065928005
1.4105999,-0.42880273,0.079437271
1.4107,-0.42609987,0.09286838
1.4108,-0.4229764,0.10620807
1.4109,-0.41943553,0.11944319
1.411,-0.41548061,0.13256067
1.4111,-0.4111155,0.14554755
1.4112,-0.40634459,0.15839104
1.4112999,-0.40117261,0.17107844
1.4114,-0.39560464,0.18359724
1.4115,-0.38964605,0.19593506
1.4116,-0.38330281,0.20807974
1.4117,-0.37658116,0.22001928
1.4118,-0.36948779,0.23174192
1.4119,-0.36202964,0.24323606
1.4119999,-0.35421398,0.25449035
1.4121,-0.34604862,0.26549369
1.4122,-0.33754158,0.27623522
1.4123,-0.32870135,0.28670436
1.4124,-0.31953648,0.29689071
1.4125,-0.31005606,0.30678424
1.4126,-0.30026945,0.3163752
1.4127001,-0.29018641,0.32565412
1.4128,-0.27981678,0.33461183
1.4129,-0.26917073,0.34323946
1.413,-0.25825885,0.3515285
1.4131,-0.24709189,0.35947075
1.4132,-0.23568092,0.36705846
1.4133,-0.2240371,0.37428403
1.4134001,-0.21217193,0.38114032
1.4135,-0.20009714,0.38762063
1.4136,-0.18782467,0.39371851
1.4137,-0.17536665,0.39942801
1.4138,-0.16273525,0.40474334
1.4139,-0.14994301,0.40965933
1.414,-0.13700256,0.41417113
1.4141001,-0.12392668,0.41827434
1.4141999,-0.11072824,0.42196479
1.4143,-0.097420238,0.42523885
1.4144,-0.084015839,0.42809331
1.4145,-0.070528284,0.43052539
1.4146,-0.056970898,0.4325327
1.4147,-0.043356981,0.43411306
1.4148,-0.029700011,0.43526503
1.4148999,-0.016013471,0.4359875
1.415,-0.0023108807,0.43627977
1.4151,0.011394252,0.43614149
1.4152,0.025088428,0.43557268
1.4153,0.038758107,0.43457404
1.4154,0.052389797,0.43314654
1.4155,0.065970041,0.43129158
1.4155999,0.079485454,0.4290109
1.4157,0.092922688,0.42630678
1.4158,0.10626848,0.42318189
1.4159,0.11950966,0.41963935
1.416,0.13263315,0.41568267
1.4161,0.14562601,0.41131556
1.4162,0.1584754,0.40654248
1.4163001,0.17116866,0.40136811
1.4164,0.18369325,0.39579761
1.4165,0.19603679,0.38983634
1.4166,0.2081871,0.3834902
1.4167,0.2201322,0.37676549
1.4168,0.23186031,0.36966887
1.4169,0.24335983,0.36220735
1.4170001,0.25461939,0.35438815
1.4171,0.26562792,0.34621906
1.4172,0.27637452,0.33770815
1.4173,0.2868486,0.32886386
1.4174,0.29703981,0.31969482
1.4175,0.30693802,0.31021005
1.4176,0.31653357,0.30041897
1.4177001,0.32581693,0.29033127
1.4177999,0.33477896,0.27995691
1.4179,0.34341076,0.26930597
1.418,0.35170382,0.25838909
1.4181,0.35964996,0.24721697
1.4182,0.36724135,0.23580071
1.4183,0.37447053,0.22415155
1.4184,0.38133022,0.21228088
1.4184999,0.38781375,0.2002005
1.4186,0.3939147,0.18792233
1.4187,0.39962706,0.17545852
1.4188,0.40494514,0.16282126
1.4189,0.40986368,0.15002306
1.419,0.41437784,0.13707656
1.4191,0.4184832,0.12399455
1.4191999,0.42217571,0.11078995
1.4193,0.42545158,0.097475715
1.4194,0.42830765,0.08406502
1.4195,0.43074113,0.07057111
1.4196,0.43274966,0.05700732
1.4197,0.43433112,0.043386996
1.4198,0.43548396,0.029723568
1.4198999,0.43620706,0.016030541
1.42,0.43649974,0.0023214372
1.4201,0.43636176,-0.011390207
1.4202,0.43579304,-0.025090907
1.4203,0.43479425,-0.038767114
1.4204,0.43336639,-0.052405331
1.4205,0.4315109,-0.065992087
1.4206001,0.42922953,-0.079513989
1.4207,0.42652446,-0.092957698
1.4208,0.42339844,-0.10630993
1.4209,0.41985458,-0.11955751
1.421,0.41589639,-0.13268737
1.4211,0.4115276,-0.14568655
1.4212,0.40675262,-0.1585422
1.4213001,0.40157616,-0.17124166
1.4214,0.39600334,-0.18377239
1.4215,0.39003968,-0.19612201
1.4216,0.38369089,-0.2082783
1.4217,0.37696335,-0.22022931
1.4218,0.36986372,-0.23196323
1.4219,0.36239901,-0.24346849
1.4220001,0.3545765,-0.25473368
1.4220999,0.34640387,-0.26574773
1.4222,0.33788928,-0.27649972
1.4223,0.32904109,-0.28697908
1.4224,0.31986812,-0.2971755
1.4225,0.31037918,-0.30707878
1.4226,0.30058381,-0.31667921
1.4227,0.29049161,-0.32596737
1.4227999,0.28011262,-0.33493406
1.4229,0.26945701,-0.34357035
1.423,0.25853524,-0.35186777
1.4231,0.24735811,-0.35981813
1.4232,0.23593672,-0.36741358
1.4233,0.22428232,-0.37464663
1.4234,0.21240631,-0.38151008
1.4234999,0.20032045,-0.38799715
1.4236,0.18803671,-0.39410147
1.4237,0.17556719,-0.39981708
1.4238,0.16292422,-0.40513822
1.4239,0.15012015,-0.41005963
1.424,0.13716772,-0.41457647
1.4241,0.1240797,-0.41868433
1.4242001,0.11086904,-0.42237917
1.4243,0.097548656,-0.42565718
1.4244,0.084131762,-0.4285152
1.4245,0.070631593,-0.43095043
1.4246,0.057061493,-0.43296048
1.4247,0.043434843,-0.43454334
1.4248,0.02976504,-0.43569735
1.4249001,0.016065607,-0.43642142
1.425,0.0023500726,-0.43671489
1.4251,-0.01136802,-0.43657747
1.4252,-0.025075162,-0.43600917
1.4253,-0.038757827,-0.43501058
1.4254,-0.0524025,-0.43358269
1.4255,-0.065995708,-0.43172696
1.4256001,-0.07952404,-0.42944524
1.4256999,-0.092974156,-0.4267396
1.4258,-0.10633277,-0.4236128
1.4259,-0.11958671,-0.42006794
1.426,-0.13272288,-0.41610852
1.4261,-0.14572833,-0.41173843
1.4262,-0.1585902,-0.40696189
1.4263,-0.17129582,-0.40178367
1.4263999,-0.18383265,-0.39620894
1.4265,-0.1961883,-0.39024317
1.4266,-0.20835057,-0.38389212
1.4267,-0.22030745,-0.37716213
1.4268,-0.23204717,-0.37005982
1.4269,-0.24355812,-0.36259228
1.427,-0.25482896,-0.35476682
1.4270999,-0.26584849,-0.34659106
1.4272,-0.2766059,-0.33807313
1.4273,-0.28709057,-0.32922149
1.4274,-0.29729214,-0.32004488
1.4275,-0.30720052,-0.31055218
1.4276,-0.3168059,-0.30075288
1.4277,-0.32609886,-0.29065663
1.4278001,-0.33507019,-0.28027341
1.4279,-0.34371111,-0.26961347
1.428,-0.3520129,-0.25868723
1.4281,-0.35996753,-0.2475055
1.4282,-0.36756706,-0.23607937
1.4283,-0.37480408,-0.22442012
1.4284,-0.38167137,-0.2125392
1.4285001,-0.38816208,-0.20044829
1.4286,-0.39426991,-0.18815938
1.4287,-0.3999888,-0.1756846
1.4288,-0.40531313,-0.16303629
1.4289,-0.41023752,-0.15022682
1.429,-0.41475719,-0.13726887
1.4291,-0.41886768,-0.12417525
1.4292001,-0.42256495,-0.1109589
1.4293,-0.42584532,-0.09763284
1.4294,-0.42870545,-0.084210172
1.4295,-0.4311426,-0.070704177
1.4296,-0.4331544,-0.057128195
1.4297,-0.43473884,-0.043495633
1.4298,-0.43589425,-0.029819887
1.4299001,-0.43661955,-0.016114477
1.4299999,-0.436914,-0.0023929367
1.4301,-0.43677738,0.011331184
1.4302,-0.4362098,0.025044346
1.4303,-0.43521166,0.038733047
1.4304,-0.43378407,0.052383758
1.4305,-0.43192843,0.065983005
1.4306,-0.42964658,0.079517357
1.4306999,-0.42694071,0.092973471
1.4308,-0.42381343,0.10633807
1.4309,-0.42026794,0.11959796
1.431,-0.41630772,0.13274005
1.4311,-0.41193667,0.14575139
1.4312,-0.40715897,0.15861909
1.4313,-0.40197939,0.1713305
1.4313999,-0.39640313,0.18387304
1.4315,-0.39043567,0.19623438
1.4316,-0.38408279,0.20840225
1.4317,-0.37735078,0.22036467
1.4318,-0.37024629,0.23210984
1.4319,-0.3627764,0.24362616
1.432,-0.35494846,0.2549023
1.4321001,-0.34677005,0.26592705
1.4322,-0.33824933,0.27668956
1.4323,-0.3293947,0.28717923
1.4324,-0.32021496,0.29738569
1.4325,-0.3107191,0.3072989
1.4326,-0.3009164,0.31690899
1.4327,-0.29081663,0.32620648
1.4328001,-0.28042978,0.33518228
1.4329,-0.26976609,0.34382752
1.433,-0.25883597,0.35213354
1.4331,-0.24765027,0.36009222
1.4332,-0.23622002,0.36769569
1.4333,-0.22455654,0.37493649
1.4334,-0.21267132,0.38180748
1.4335001,-0.20057599,0.38830173
1.4335999,-0.18828258,0.3944129
1.4337,-0.17580318,0.40013501
1.4338,-0.16315018,0.40546244
1.4339,-0.15033597,0.41038981
1.434,-0.13737318,0.41491225
1.4341,-0.12427466,0.41902533
1.4342,-0.11105333,0.42272505
1.4342999,-0.097722255,0.42600775
1.4344,-0.084294505,0.42887005
1.4345,-0.070783377,0.43130919
1.4346,-0.057202209,0.43332279
1.4347,-0.04356442,0.43490887
1.4348,-0.029883446,0.43606582
1.4349,-0.016172759,0.43679243
1.4349999,-0.0024459192,0.43708807
1.4351,0.011283524,0.43695244
1.4352,0.02500201,0.43638572
1.4353,0.038696047,0.43538827
1.4354,0.052352097,0.43396115
1.4355,0.065956682,0.43210587
1.4356,0.079496361,0.4298242
1.4357001,0.092957795,0.42711839
1.4358,0.10632769,0.42399099
1.4359,0.11959286,0.42044517
1.436,0.1327402,0.41648448
1.4361,0.14575674,0.4121128
1.4362,0.15862964,0.40733436
1.4363,0.17134617,0.40215388
1.4364001,0.18389381,0.39657652
1.4365,0.19626017,0.3906078
1.4366,0.20843305,0.38425362
1.4367,0.22040039,0.37752008
1.4368,0.23215042,0.37041396
1.4369,0.24367152,0.36294222
1.437,0.25495237,0.35511234
1.4371001,0.26598179,0.3469319
1.4372,0.27674887,0.33840898
1.4373,0.28724301,0.32955202
1.4374,0.29745385,0.32036978
1.4375,0.30737135,0.31087136
1.4376,0.31698564,0.30106598
1.4377,0.32628727,0.29096341
1.4378,0.33526704,0.28057358
1.4378999,0.34391615,0.26990682
1.438,0.35222602,0.2589736
1.4381,0.36018836,0.24778466
1.4382,0.36779544,0.23635106
1.4383,0.37503967,0.22468412
1.4384,0.38191399,0.21279539
1.4385,0.38841146,0.20069647
1.4385999,0.39452574,0.18839934
1.4387,0.40025082,0.17591618
1.4388,0.40558106,0.1632593
1.4389,0.41051117,0.1504412
1.439,0.4150362,0.13747443
1.4391,0.41915175,0.12437186
1.4392,0.42285377,0.11114643
1.4392999,0.42613867,0.0978112
1.4394,0.42900303,0.084379263
1.4395,0.43144408,0.070863895
1.4396,0.43345946,0.057278447
1.4397,0.43504718,0.043636333
1.4398,0.43620569,0.029951027
1.4399,0.43693367,0.016235972
1.4400001,0.43723053,0.0025047383
1.4401,0.437096,-0.011229117
1.4402,0.4365302,-0.024952035
1.4403,0.43553361,-0.03865049
1.4404,0.43410721,-0.05231097
1.4405,0.43225247,-0.065919988
1.4406,0.42997119,-0.079464108
1.4407001,0.42726567,-0.092929952
1.4408,0.42413846,-0.10630426
1.4409,0.42059264,-0.11957382
1.441,0.41663182,-0.13272552
1.4411,0.41225988,-0.14574641
1.4412,0.4074811,-0.15862362
1.4413,0.40230015,-0.17134444
1.4414001,0.39672214,-0.18389633
1.4414999,0.39075264,-0.1962669
1.4416,0.3843976,-0.20844394
1.4417,0.37766311,-0.22041541
1.4418,0.37055585,-0.23216951
1.4419,0.36308289,-0.24369463
1.442,0.35525164,-0.25497943
1.4421,0.34706977,-0.26601273
1.4421999,0.33854529,-0.27678365
1.4423,0.32968667,-0.28728154
1.4424,0.32050264,-0.29749611
1.4425,0.31100234,-0.30741721
1.4426,0.30119506,-0.31703508
1.4427,0.2910904,-0.32634017
1.4428,0.28069842,-0.33532333
1.4428999,0.2700294,-0.34397575
1.443,0.25909388,-0.35228884
1.4431,0.24790251,-0.36025435
1.4432,0.23646642,-0.36786446
1.4433,0.22479691,-0.37511164
1.4434,0.21290551,-0.38198879
1.4435,0.20080391,-0.3884891
1.4436001,0.18850401,-0.39460605
1.4437,0.176018,-0.4003337
1.4438,0.16335821,-0.40566641
1.4439,0.15053716,-0.4105989
1.444,0.13756739,-0.41512623
1.4441,0.12446176,-0.41924396
1.4442,0.1112332,-0.42294803
1.4443001,0.09789481,-0.42623487
1.4444,0.084459707,-0.42910114
1.4445,0.070941113,-0.43154398
1.4446,0.057352398,-0.43356097
1.4447,0.043706995,-0.43515024
1.4448,0.030018371,-0.43631017
1.4449,0.016299989,-0.43703952
1.4450001,0.0025654007,-0.43733761
1.4450999,-0.011171828,-0.43720418
1.4452,-0.024898134,-0.43663937
1.4453,-0.038599972,-0.43564376
1.4454,-0.052263848,-0.43421817
1.4455,-0.065876268,-0.43236411
1.4456,-0.079423778,-0.43008339
1.4457,-0.092893027,-0.42737839
1.4457999,-0.10627072,-0.42425159
1.4459,-0.11954364,-0.42070606
1.446,-0.13269871,-0.41674542
1.4461,-0.14572296,-0.41237354
1.4462,-0.15860349,-0.4075948
1.4463,-0.17132762,-0.40241373
1.4464,-0.18388279,-0.39683554
1.4464999,-0.19625659,-0.39086574
1.4466,-0.20843685,-0.38451028
1.4467,-0.22041152,-0.37777534
1.4468,-0.23216876,-0.37066752
1.4469,-0.243697,-0.3631939
1.447,-0.25498486,-0.35536188
1.4471,-0.26602122,-0.34717923
1.4471999,-0.27679512,-0.33865386
1.4473,-0.28729597,-0.32979423
1.4474,-0.2975134,-0.32060915
1.4475,-0.30743733,-0.3111077
1.4476,-0.317058,-0.30129921
1.4477,-0.32636583,-0.29119328
1.4478,-0.33535165,-0.28079996
1.4479001,-0.34400666,-0.2701295
1.448,-0.35232231,-0.25919247
1.4481,-0.36029035,-0.24799959
1.4482,-0.36790287,-0.23656189
1.4483,-0.37515241,-0.22489071
1.4484,-0.38203186,-0.21299757
1.4485,-0.3885344,-0.20089422
1.4486001,-0.39465353,-0.18859249
1.4487,-0.40038326,-0.17610462
1.4488,-0.405718,-0.16344289
1.4489,-0.41065243,-0.15061988
1.449,-0.41518167,-0.13764814
1.4491,-0.41930121,-0.12454047
1.4492,-0.42300704,-0.11130985
1.4493001,-0.42629552,-0.097969331
1.4493999,-0.42916343,-0.084532112
1.4495,-0.43160778,-0.071011357
1.4496,-0.43362623,-0.057420455
1.4497,-0.43521684,-0.043772835
1.4498,-0.43637806,-0.030081971
1.4499,-0.4371087,-0.016361356
1.45,-0.43740794,-0.0026245052
1.4500999,-0.43727559,0.011115002
1.4502,-0.43671179,0.024843602
1.4503,-0.43571711,0.038547736
1.4504,-0.43429241,0.052213911
1.4505,-0.43243912,0.065828636
1.4506,-0.43015915,0.079378463
1.4507,-0.42745477,0.092850022
1.4507999,-0.4243286,0.10623001
1.4509,-0.42078361,0.11950525
1.451,-0.41682339,0.13266261
1.4511,-0.41245189,0.14568914
1.4512,-0.40767345,0.15857196
1.4513,-0.40249267,0.17129835
1.4514,-0.39691466,0.18385577
1.4515001,-0.39094496,0.19623181
1.4516,-0.38458952,0.20841429
1.4517,-0.37785465,0.22039117
1.4518,-0.37074676,0.23215058
1.4519,-0.36327302,0.24368098
1.452,-0.35544083,0.25497097
1.4521,-0.34725791,0.26600942
1.4522001,-0.3387323,0.27678543
1.4523,-0.32987234,0.28728831
1.4524,-0.32068685,0.29750776
1.4525,-0.31118494,0.30743369
1.4526,-0.30137599,0.31705636
1.4527,-0.29126954,0.3263661
1.4528,-0.28087562,0.33535385
1.4529001,-0.27020454,0.34401071
1.4529999,-0.25926682,0.35232818
1.4531,-0.24807328,0.36029801
1.4532,-0.23663484,0.36791229
1.4533,-0.22496286,0.37516356
1.4534,-0.21306889,0.38204467
1.4535,-0.20096469,0.38854885
1.4536,-0.18866211,0.39466959
1.4536999,-0.1761733,0.40040091
1.4538,-0.16351064,0.40573713
1.4539,-0.15068662,0.41067305
1.454,-0.13771391,0.41520375
1.4541,-0.12460521,0.4193247
1.4542,-0.11137353,0.4230319
1.4543,-0.098031938,0.42632166
1.4543999,-0.084593609,0.42919084
1.4545,-0.071071759,0.43163645
1.4546,-0.057479732,0.43365613
1.4547,-0.043830961,0.43524787
1.4548,-0.030138927,0.43641019
1.4549,-0.016417146,0.43714193
1.455,-0.0026791086,0.43744221
1.4551001,0.011061598,0.43731084
1.4552,0.024791406,0.43674797
1.4553,0.038496766,0.43575418
1.4554,0.052164156,0.4343304
1.4555,0.065780111,0.43247798
1.4556,0.079331167,0.43019879
1.4557,0.092803963,0.42749512
1.4558001,0.1061852,0.42436969
1.4559,0.11946167,0.42082542
1.456,0.13262029,0.41686586
1.4561,0.14564805,0.41249496
1.4562,0.1585321,0.40771705
1.4563,0.17125975,0.40253687
1.4564,0.18381839,0.39695936
1.4565001,0.19619566,0.39099017
1.4566,0.20837936,0.38463518
1.4567,0.22035745,0.37790069
1.4568,0.2321181,0.37079322
1.4569,0.24364969,0.36331984
1.457,0.25494087,0.35548797
1.4571,0.26598051,0.34730533
1.4572001,0.27675772,0.33878002
1.4572999,0.28726178,0.32992032
1.4574,0.29748237,0.32073507
1.4575,0.30740947,0.31123334
1.4576,0.31703323,0.30142453
1.4577,0.32634413,0.29131827
1.4578,0.33533299,0.2809245
1.4579,0.34399095,0.27025351
1.4579999,0.35230953,0.25931588
1.4581,0.36028045,0.24812241
1.4582,0.36789581,0.23668402
1.4583,0.37514812,0.22501208
1.4584,0.38203028,0.21311811
1.4585,0.3885355,0.20101388
1.4586,0.39465728,0.1887113
1.4586999,0.40038961,0.17622247
1.4588,0.40572682,0.16355975
1.4589,0.41066372,0.15073565
1.459,0.41519541,0.13776286
1.4591,0.41931733,0.12465409
1.4592,0.42302546,0.11142231
1.4593,0.42631617,0.09808059
1.4594001,0.42918625,0.08464212
1.4595,0.43163285,0.071120158
1.4596,0.43365341,0.057527982
1.4597,0.43524605,0.043879054
1.4598,0.43640924,0.030186845
1.4599,0.43714184,0.016464885
1.46,0.43744305,0.0027266766
1.4601001,0.43731251,-0.01101422
1.4602,0.4367505,-0.024744231
1.4603,0.43575752,-0.038449802
1.4604,0.43433461,-0.0521174
1.4605,0.43248302,-0.065733574
1.4606,0.43020463,-0.079284862
1.4607,0.42750177,-0.092757888
1.4608001,0.42437711,-0.10613937
1.4608999,0.42083368,-0.11941609
1.461,0.41687492,-0.13257495
1.4611,0.41250479,-0.14560297
1.4612,0.40772766,-0.15848729
1.4613,0.40254828,-0.17121521
1.4614,0.39697155,-0.18377413
1.4615,0.39100313,-0.19615169
1.4615999,0.38464886,-0.20833567
1.4617,0.37791511,-0.22031404
1.4618,0.37080848,-0.23207501
1.4619,0.36333585,-0.24360691
1.462,0.35550472,-0.2548984
1.4621,0.34732279,-0.26593837
1.4622,0.33879825,-0.27671587
1.4622999,0.32993934,-0.2872203
1.4624,0.3207548,-0.29744124
1.4625,0.31125382,-0.30736867
1.4626,0.30144572,-0.31699279
1.4627,0.29134023,-0.32630411
1.4628,0.28094721,-0.33529332
1.4629,0.27027696,-0.34395167
1.4630001,0.25934005,-0.3522706
1.4631,0.24814729,-0.36024195
1.4632,0.23670968,-0.36785775
1.4633,0.22503848,-0.37511051
1.4634,0.21314524,-0.38199309
1.4635,0.20104173,-0.38849872
1.4636,0.18873993,-0.39462101
1.4637001,0.17625181,-0.40035382
1.4638,0.16358984,-0.40569153
1.4639,0.15076646,-0.41062889
1.464,0.13779438,-0.4151611
1.4641,0.12468637,-0.4192836
1.4642,0.11145531,-0.42299226
1.4643,0.098114319,-0.42628354
1.4644001,0.084676564,-0.42915416
1.4645,0.071155332,-0.43160135
1.4646,0.057563879,-0.43362254
1.4647,0.043915663,-0.4352158
1.4648,0.030224163,-0.43637964
1.4649,0.0165029,-0.43711287
1.465,0.0027654064,-0.43741477
1.4651,-0.010974794,-0.43728498
1.4651999,-0.024704114,-0.43672365
1.4653,-0.038409002,-0.43573138
1.4654,-0.052075926,-0.43430921
1.4655,-0.065691426,-0.43245843
1.4656,-0.079242051,-0.43018085
1.4657,-0.092714429,-0.42747876
1.4658,-0.10609526,-0.42435491
1.4658999,-0.11937135,-0.42081237
1.466,-0.13252959,-0.41685447
1.4661,-0.145557,-0.41248524
1.4662,-0.15844072,-0.40770903
1.4663,-0.17116804,-0.40253055
1.4664,-0.1837264,-0.39695483
1.4665,-0.19610341,-0.39098737
1.4665999,-0.20828684,-0.38463411
1.4667,-0.22026469,-0.37790135
1.4668,-0.23202516,-0.37079576
1.4669,-0.24355657,-0.3633242
1.467,-0.25484759,-0.35549414
1.4671,-0.26588708,-0.34731331
1.4672,-0.27666417,-0.33878985
1.4673001,-0.2871682,-0.32993212
1.4674,-0.29738876,-0.32074878
1.4675,-0.30731583,-0.31124893
1.4676,-0.31693959,-0.30144203
1.4677,-0.32625061,-0.29133776
1.4678,-0.33523956,-0.28094599
1.4679,-0.34389764,-0.27027696
1.4680001,-0.35221633,-0.25934133
1.4681,-0.36018747,-0.24814984
1.4682,-0.36780313,-0.23671356
1.4683,-0.37505573,-0.22504367
1.4684,-0.38193819,-0.21315175
1.4685,-0.38844374,-0.20104957
1.4686,-0.39456597,-0.1887491
1.4687001,-0.40029877,-0.17626239
1.4687999,-0.40563652,-0.16360177
1.4689,-0.41057393,-0.15077978
1.469,-0.41510618,-0.13780908
1.4691,-0.41922885,-0.1247025
1.4692,-0.42293769,-0.11147286
1.4693,-0.42622915,-0.098133281
1.4694,-0.42909998,-0.084696941
1.4694999,-0.43154743,-0.071177125
1.4696,-0.43356898,-0.057587124
1.4697,-0.4351626,-0.043940343
1.4698,-0.4363268,-0.030250272
1.4699,-0.43706045,-0.016530436
1.47,-0.43736288,-0.0027943826
1.4701,-0.43723357,0.010944386
1.4701999,-0.43667281,0.024672281
1.4703,-0.43568113,0.03837575
1.4704,-0.43425956,0.05204127
1.4705,-0.4324095,0.065655351
1.4706,-0.43013266,0.079204582
1.4707,-0.42743134,0.092675567
1.4708,-0.4243083,0.10605503
1.4709001,-0.42076659,0.11932976
1.471,-0.41680962,0.13248664
1.4711,-0.41244131,0.14551273
1.4712,-0.40766606,0.15839513
1.4713,-0.40248856,0.17112117
1.4714,-0.39691395,0.18367825
1.4715,-0.39094761,0.196054
1.4716001,-0.38459548,0.2082362
1.4717,-0.37786388,0.22021285
1.4718,-0.37075952,0.23197211
1.4719,-0.36328927,0.24350239
1.472,-0.35546049,0.2547923
1.4721,-0.34728101,0.2658307
1.4722,-0.33875892,0.27660671
1.4723001,-0.32990262,0.2871097
1.4724,-0.3207207,0.29732928
1.4725,-0.31122237,0.30725539
1.4726,-0.30141696,0.3168782
1.4727,-0.29131424,0.3261883
1.4728,-0.28092408,0.33517644
1.4729,-0.2702567,0.34383374
1.473,-0.2593227,0.35215166
1.4730999,-0.24813288,0.36012203
1.4732,-0.23669831,0.36773703
1.4733,-0.22503017,0.374989
1.4734,-0.21314003,0.3818709
1.4735,-0.20103963,0.38837588
1.4736,-0.18874094,0.3944976
1.4737,-0.17625611,0.40023002
1.4737999,-0.16359735,0.40556735
1.4739,-0.15077722,0.4105044
1.474,-0.13780841,0.41503638
1.4741,-0.12470373,0.41915879
1.4742,-0.11147603,0.42286748
1.4743,-0.098138392,0.42615882
1.4744,-0.084703997,0.42902955
1.4744999,-0.071186125,0.43147698
1.4746,-0.05759811,0.43349859
1.4747,-0.043953307,0.43509233
1.4748,-0.030265218,0.43625668
1.4749,-0.01654736,0.43699053
1.475,-0.0028132829,0.43729317
1.4751,0.010923485,0.43716425
1.4752001,0.024649397,0.43660387
1.4753,0.038350888,0.43561265
1.4754,0.052014433,0.43419158
1.4755,0.065626547,0.43234211
1.4756,0.079173818,0.43006587
1.4757,0.092642859,0.42736524
1.4758,0.10602038,0.42424291
1.4759001,0.1192932,0.42070201
1.476,0.13244818,0.41674593
1.4761,0.14547238,0.41237855
1.4762,0.15835293,0.40760428
1.4763,0.1710771,0.40242779
1.4764,0.18363239,0.39685428
1.4765,0.19600634,0.39088908
1.4766001,0.20818679,0.38453817
1.4766999,0.22016169,0.37780783
1.4768,0.23191926,0.37070474
1.4769,0.24344788,0.36323589
1.477,0.25473616,0.35540855
1.4771,0.26577294,0.34723055
1.4772,0.2765474,0.33870995
1.4773,0.28704888,0.3298552
1.4773999,0.29726702,0.32067499
1.4775,0.30719167,0.3111783
1.4776,0.31681311,0.30137461
1.4777,0.32612187,0.29127362
1.4778,0.33510873,0.28088531
1.4779,0.34376478,0.2702198
1.478,0.35208151,0.25928769
1.4780999,0.36005074,0.24809977
1.4782,0.36766464,0.23666717
1.4783,0.37491563,0.22500107
1.4784,0.38179654,0.21311297
1.4785,0.38830063,0.20101464
1.4786,0.39442149,0.18871805
1.4787,0.40015313,0.17623536
1.4788001,0.40548971,0.16357878
1.4789,0.41042614,0.15076086
1.479,0.41495746,0.13779426
1.4791,0.41907933,0.12469179
1.4792,0.42278758,0.11146639
1.4793,0.4260785,0.098131023
1.4794,0.42894894,0.08469893
1.4795001,0.43139604,0.071183361
1.4796,0.43341747,0.057597674
1.4797,0.43501109,0.043955214
1.4798,0.43617538,0.03026947
1.4799,0.43690923,0.016553961
1.48,0.43721193,0.0028222308
1.4801,0.43708321,-0.01091217
1.4802001,0.43652305,-0.024635723
1.4802999,0.43553209,-0.038334858
1.4804,0.43411136,-0.051996056
1.4805,0.4322623,-0.065605827
1.4806,0.42998663,-0.079150759
1.4807,0.42728657,-0.092617482
1.4808,0.42416486,-0.1059927
1.4809,0.42062464,-0.11926321
1.4809999,0.4166694,-0.13241592
1.4811,0.41230288,-0.14543787
1.4812,0.4075295,-0.15831617
1.4813,0.402354,-0.17103814
1.4814,0.3967815,-0.18359123
1.4815,0.39081749,-0.19596304
1.4816,0.38446775,-0.20814136
1.4816999,0.37773868,-0.22011417
1.4818,0.37063688,-0.23186968
1.4819,0.36316943,-0.24339628
1.482,0.35534355,-0.25468257
1.4821,0.34716704,-0.26571745
1.4822,0.33864799,-0.27648997
1.4823,0.32979485,-0.2869896
1.4823999,0.32061636,-0.29720592
1.4825,0.31112143,-0.30712885
1.4826,0.30131954,-0.31674859
1.4827,0.29122037,-0.32605568
1.4828,0.28083393,-0.33504093
1.4829,0.27017039,-0.34369546
1.483,0.25924027,-0.3520107
1.4831001,0.24805441,-0.3599785
1.4832,0.23662387,-0.36759099
1.4833,0.22495992,-0.37484071
1.4834,0.213074,-0.38172036
1.4835,0.20097788,-0.38822329
1.4836,0.18868354,-0.39434302
1.4837,0.17620312,-0.40007359
1.4838001,0.16354887,-0.40540925
1.4839,0.15073331,-0.41034475
1.484,0.13776907,-0.41487524
1.4841,0.124669,-0.4189963
1.4842,0.11144604,-0.42270389
1.4843,0.098113135,-0.42599422
1.4844,0.084683508,-0.42886406
1.4845001,0.071170427,-0.43131071
1.4845999,0.057587229,-0.4333317
1.4847,0.043947306,-0.43492505
1.4848,0.030264093,-0.43608907
1.4849,0.01655112,-0.43682274
1.485,0.0028219281,-0.43712533
1.4851,-0.010909921,-0.43699661
1.4852,-0.024630921,-0.4364365
1.4852999,-0.038327508,-0.4354457
1.4854,-0.051986162,-0.43402517
1.4855,-0.065593399,-0.43217635
1.4856,-0.07913579,-0.42990109
1.4857,-0.092599995,-0.42720148
1.4858,-0.1059727,-0.42408031
1.4859,-0.11924072,-0.42054063
1.4859999,-0.13239096,-0.41658604
1.4861,-0.14541045,-0.41222033
1.4862,-0.15828632,-0.40744776
1.4863,-0.17100587,-0.40227315
1.4864,-0.18355659,-0.3967016
1.4865,-0.19592606,-0.39073867
1.4866,-0.20810205,-0.38439003
1.4867001,-0.22007257,-0.37766212
1.4868,-0.23182583,-0.37056157
1.4869,-0.24335021,-0.3630954
1.487,-0.25463435,-0.35527095
1.4871,-0.26566708,-0.34709591
1.4872,-0.27643752,-0.33857837
1.4873,-0.28693512,-0.32972679
1.4874001,-0.29714945,-0.32054994
1.4875,-0.30707043,-0.3110567
1.4876,-0.31668827,-0.30125657
1.4877,-0.32599351,-0.29115921
1.4878,-0.33497697,-0.28077462
1.4879,-0.34362981,-0.27011305
1.488,-0.35194337,-0.2591849
1.4881001,-0.35990956,-0.24800105
1.4881999,-0.36752051,-0.23657256
1.4883,-0.37476876,-0.22491075
1.4884,-0.38164702,-0.21302699
1.4885,-0.38814858,-0.20093308
1.4886,-0.39426702,-0.18864097
1.4887,-0.39999637,-0.17616281
1.4888,-0.40533093,-0.16351092
1.4888999,-0.41026536,-0.15069769
1.489,-0.41479483,-0.13773584
1.4891,-0.41891497,-0.12463817
1.4892,-0.4226217,-0.11141763
1.4893,-0.42591125,-0.098087206
1.4894,-0.42878041,-0.084660068
1.4895,-0.4312264,-0.071149476
1.4895999,-0.43324685,-0.057568792
1.4897,-0.43483973,-0.043931417
1.4898,-0.43600339,-0.03025075
1.4899,-0.43673673,-0.016540332
1.49,-0.43703905,-0.0028137008
1.4901,-0.43691012,0.010915589
1.4902,-0.43635002,0.024634004
1.4903001,-0.43535918,0.038328018
1.4904,-0.43393871,0.051984102
1.4905,-0.43209004,0.06558878
1.4906,-0.42981502,0.079128608
1.4907,-0.42711574,0.092590258
1.4908,-0.42399493,0.10596043
1.4909,-0.42045572,0.11922593
1.4910001,-0.41650164,0.13237366
1.4911,-0.41213655,0.14539066
1.4912,-0.40736467,0.15826406
1.4913,-0.4021908,0.17098118
1.4914,-0.39662009,0.18352947
1.4915,-0.39065805,0.19589655
1.4916,-0.38431042,0.20807019
1.4917001,-0.37758356,0.22003838
1.4918,-0.37048411,0.23178934
1.4919,-0.36301911,0.24331146
1.492,-0.35519597,0.2545934
1.4921,-0.34702221,0.26562396
1.4922,-0.33850607,0.27639228
1.4923,-0.32965592,0.28688774
1.4924001,-0.32048053,0.29710004
1.4924999,-0.31098893,0.30701905
1.4926,-0.30119041,0.31663495
1.4927,-0.29109472,0.32593828
1.4928,-0.28071186,0.3349199
1.4929,-0.27005208,0.34357098
1.493,-0.2591258,0.35188282
1.4931,-0.24794383,0.35984734
1.4931999,-0.23651728,0.36745667
1.4933,-0.22485742,0.37470335
1.4934,-0.21297573,0.38158017
1.4935,-0.20088388,0.3880803
1.4936,-0.18859388,0.3941974
1.4937,-0.17611785,0.39992544
1.4938,-0.16346815,0.40525877
1.4938999,-0.15065715,0.41019207
1.494,-0.13769755,0.41472048
1.4941,-0.12460215,0.41883957
1.4942,-0.1113839,0.42254534
1.4943,-0.098055832,0.42583409
1.4944,-0.084631041,0.42870244
1.4945,-0.071122825,0.43114772
1.4946001,-0.057544515,0.43316749
1.4947,-0.043909539,0.4347598
1.4948,-0.030231304,0.43592295
1.4949,-0.016523315,0.43665588
1.495,-0.002799117,0.43695784
1.4951,0.010927738,0.43682861
1.4952,0.024643699,0.43626833
1.4953001,0.038335264,0.43527737
1.4954,0.051988903,0.43385684
1.4955,0.065591134,0.43200818
1.4956,0.079128534,0.42973322
1.4957,0.092587754,0.42703414
1.4958,0.1059555,0.42391357
1.4959,0.11921859,0.42037466
1.4960001,0.13236393,0.41642097
1.4960999,0.14537856,0.41205636
1.4962,0.1582496,0.40728503
1.4963,0.17096439,0.40211174
1.4964,0.18351035,0.39654168
1.4965,0.19587514,0.39058036
1.4966,0.20804653,0.38423359
1.4967,0.2200125,0.3775076
1.4967999,0.23176125,0.37040907
1.4969,0.2432812,0.36294508
1.497,0.25456101,0.35512298
1.4971,0.26558948,0.34695038
1.4972,0.27635574,0.33843541
1.4973,0.2868492,0.32958651
1.4974,0.29705954,0.3204124
1.4974999,0.30697662,0.31092221
1.4976,0.31659064,0.30112511
1.4977,0.32589215,0.29103088
1.4978,0.33487198,0.28064954
1.4979,0.3435213,0.26999131
1.498,0.3518315,0.25906667
1.4981,0.35979441,0.24788639
1.4982001,0.36740217,0.23646154
1.4983,0.37464729,0.22480342
1.4984,0.38152269,0.21292356
1.4985,0.38802141,0.20083354
1.4986,0.39413717,0.18854542
1.4987,0.3998639,0.17607129
1.4988,0.40519601,0.16342351
1.4989001,0.41012818,0.15061453
1.499,0.41465551,0.13765693
1.4991,0.41877356,0.12456356
1.4992,0.42247835,0.11134735
1.4993,0.4257662,0.098021381
1.4994,0.42863375,0.084598698
1.4995,0.43107823,0.071092598
1.4996001,0.4330973,0.05751643
1.4997,0.43468893,0.043883596
1.4998,0.4358516,0.030207554
1.4999,0.43658414,0.016501786
1.5,0.43688589,0.00277985
1.5,0.43688589,0.00277985
