"Time","loadInertia.w","loadInertiaQS.w"
0,0,0
9.9999997e-05,1.0717275e-17,4.0968493e-14
0.00019999999,6.2616878e-17,8.1936987e-14
0.00030000001,1.9050458e-16,1.2290548e-13
0.00039999999,4.3549932e-16,1.6387397e-13
0.00050000002,8.6274011e-16,2.0484246e-13
0.00060000003,1.5251577e-15,2.4581097e-13
0.00069999998,2.4030405e-15,2.8677944e-13
0.00079999998,3.6014469e-15,3.2774795e-13
0.00089999998,5.120207e-15,3.6871645e-13
0.001,6.932481e-15,4.0968495e-13
0.0011,9.2082646e-15,4.5065346e-13
0.0012000001,1.1909928e-14,4.9162193e-13
0.0013,1.5013515e-14,5.3259046e-13
0.0014,1.8711759e-14,5.7355894e-13
0.0015,2.2928457e-14,6.1452742e-13
0.0016,2.7657511e-14,6.5549595e-13
0.0017,3.3036779e-14,6.9646442e-13
0.0018,3.9050201e-14,7.374329e-13
0.0019,4.5729571e-14,7.7840143e-13
0.0020000001,5.3106669e-14,8.1936991e-13
0.0020999999,6.1213275e-14,8.6033838e-13
0.0022,7.0085139e-14,9.0130692e-13
0.0023000001,7.9769111e-14,9.4227534e-13
0.0024000001,9.0289308e-14,9.8324387e-13
0.0024999999,1.0167939e-13,1.0242124e-12
0.0026,1.1397301e-13,1.0651808e-12
0.0027000001,1.2720382e-13,1.1061494e-12
0.0027999999,1.413819e-13,1.1471179e-12
0.0029,1.5651364e-13,1.1880863e-12
0.003,1.7265208e-13,1.2290548e-12
0.0031000001,1.8982653e-13,1.2700234e-12
0.0031999999,2.0806628e-13,1.3109918e-12
0.0033,2.2740067e-13,1.3519603e-12
0.0034,2.4780652e-13,1.3929287e-12
0.0035000001,2.6930118e-13,1.4338973e-12
0.0035999999,2.9193133e-13,1.4748658e-12
0.0037,3.1571997e-13,1.5158342e-12
0.0038000001,3.4069004e-13,1.5568028e-12
0.0038999999,3.6686458e-13,1.5977713e-12
0.0040000002,3.9418894e-13,1.6387397e-12
0.0041,4.2270625e-13,1.6797082e-12
0.0041999999,4.5244502e-13,1.7206768e-12
0.0043000001,4.8342146e-13,1.7616452e-12
0.0044,5.1565176e-13,1.8026137e-12
0.0044999998,5.4915041e-13,1.8435821e-12
0.0046000001,5.8385865e-13,1.8845507e-12
0.0046999999,6.198219e-13,1.9255192e-12
0.0048000002,6.570443e-13,1.9664877e-12
0.0049000001,6.9552892e-13,2.0074563e-12
0.0049999999,7.3527762e-13,2.0484248e-12
0.0051000002,7.7629092e-13,2.0893931e-12
0.0052,8.1856847e-13,2.1303616e-12
0.0052999998,8.6210856e-13,2.1713302e-12
0.0054000001,9.0690828e-13,2.2122987e-12
0.0055,9.5296362e-13,2.2532672e-12
0.0055999998,1.0002694e-12,2.2942358e-12
0.0057000001,1.0488132e-12,2.3352043e-12
0.0057999999,1.0985813e-12,2.3761726e-12
0.0059000002,1.1495709e-12,2.4171411e-12
0.0060000001,1.2017711e-12,2.4581097e-12
0.0060999999,1.2551697e-12,2.4990782e-12
0.0062000002,1.3097534e-12,2.5400467e-12
0.0063,1.3655076e-12,2.5810153e-12
0.0063999998,1.4224163e-12,2.6219838e-12
0.0065000001,1.4804626e-12,2.6629521e-12
0.0066,1.5396278e-12,2.7039206e-12
0.0066999998,1.5998926e-12,2.7448892e-12
0.0068000001,1.6612559e-12,2.7858577e-12
0.0068999999,1.7236828e-12,2.8268262e-12
0.0070000002,1.7871513e-12,2.8677948e-12
0.0071,1.8516375e-12,2.9087631e-12
0.0071999999,1.9171169e-12,2.9497316e-12
0.0073000002,1.9835639e-12,2.9907001e-12
0.0074,2.0509512e-12,3.0316687e-12
0.0074999998,2.1192512e-12,3.0726372e-12
0.0076000001,2.1884339e-12,3.1136055e-12
0.0077,2.258469e-12,3.154574e-12
0.0077999998,2.3293492e-12,3.1955426e-12
0.0078999996,2.4010498e-12,3.2365111e-12
0.0080000004,2.473522e-12,3.2774796e-12
0.0081000002,2.5467332e-12,3.3184482e-12
0.0082,2.6206494e-12,3.3594165e-12
0.0082999999,2.6952357e-12,3.400385e-12
0.0083999997,2.7704566e-12,3.4413535e-12
0.0085000005,2.8462751e-12,3.4823221e-12
0.0086000003,2.922653e-12,3.5232906e-12
0.0087000001,2.9995516e-12,3.5642589e-12
0.0088,3.076938e-12,3.6052274e-12
0.0088999998,3.154849e-12,3.6461962e-12
0.0089999996,3.2331887e-12,3.6871643e-12
0.0091000004,3.3119184e-12,3.7281328e-12
0.0092000002,3.3909991e-12,3.7691014e-12
0.0093,3.4703904e-12,3.8100699e-12
0.0093999999,3.5500515e-12,3.8510384e-12
0.0094999997,3.6299407e-12,3.8920069e-12
0.0096000005,3.7100158e-12,3.9329755e-12
0.0097000003,3.7902333e-12,3.973944e-12
0.0098000001,3.8705493e-12,4.0149125e-12
0.0098999999,3.9509919e-12,4.0558811e-12
0.0099999998,4.031513e-12,4.0968496e-12
0.0101,4.1120406e-12,4.1378177e-12
0.0102,4.1925339e-12,4.1787862e-12
0.0103,4.2729514e-12,4.2197548e-12
0.0104,4.3532508e-12,4.2607233e-12
0.0105,4.4333907e-12,4.3016918e-12
0.0106,4.5133285e-12,4.3426603e-12
0.0107,4.5930204e-12,4.3836289e-12
0.0108,4.6724243e-12,4.4245974e-12
0.0109,4.7515195e-12,4.4655659e-12
0.011,4.8303544e-12,4.5065345e-12
0.0111,4.9088147e-12,4.547503e-12
0.0112,4.9868621e-12,4.5884715e-12
0.0113,5.064458e-12,4.6294396e-12
0.0114,5.1415638e-12,4.6704082e-12
0.0115,5.2181419e-12,4.7113767e-12
0.0116,5.2941527e-12,4.7523452e-12
0.0117,5.3695585e-12,4.7933137e-12
0.0118,5.4443203e-12,4.8342823e-12
0.0119,5.5184e-12,4.8752508e-12
0.012,5.5918269e-12,4.9162193e-12
0.0121,5.6645465e-12,4.9571879e-12
0.0122,5.7365107e-12,4.9981564e-12
0.0123,5.8076881e-12,5.0391249e-12
0.0124,5.8780489e-12,5.0800935e-12
0.0125,5.9475628e-12,5.1210616e-12
0.0126,6.0162019e-12,5.1620301e-12
0.0127,6.0839385e-12,5.2029986e-12
0.0128,6.1507448e-12,5.2439672e-12
0.0129,6.2165949e-12,5.2849357e-12
0.013,6.2814723e-12,5.3259042e-12
0.0131,6.3453678e-12,5.3668727e-12
0.0132,6.4082463e-12,5.4078413e-12
0.0133,6.4700884e-12,5.4488098e-12
0.0134,6.5308748e-12,5.4897783e-12
0.0135,6.5905883e-12,5.5307469e-12
0.0136,6.6492133e-12,5.5717154e-12
0.0137,6.7067346e-12,5.6126839e-12
0.0138,6.7631395e-12,5.653652e-12
0.0139,6.8184161e-12,5.6946206e-12
0.014,6.8725537e-12,5.7355891e-12
0.0141,6.9255031e-12,5.7765576e-12
0.0142,6.9772747e-12,5.8175261e-12
0.0143,7.027864e-12,5.8584947e-12
0.0144,7.0772637e-12,5.8994632e-12
0.0145,7.1254673e-12,5.9404317e-12
0.0146,7.1724701e-12,5.9814003e-12
0.0147,7.2182677e-12,6.0223688e-12
0.0148,7.2628583e-12,6.0633373e-12
0.0149,7.3062407e-12,6.1043059e-12
0.015,7.348417e-12,6.145274e-12
0.0151,7.3893738e-12,6.1862425e-12
0.0152,7.4291016e-12,6.227211e-12
0.0153,7.4676177e-12,6.2681796e-12
0.0154,7.5049255e-12,6.3091481e-12
0.0155,7.541032e-12,6.3501166e-12
0.0156,7.5759425e-12,6.3910851e-12
0.015699999,7.6096646e-12,6.4320537e-12
0.015799999,7.6422072e-12,6.4730222e-12
0.015900001,7.6735823e-12,6.5139907e-12
0.016000001,7.7038003e-12,6.5549593e-12
0.016100001,7.732876e-12,6.5959278e-12
0.0162,7.7607937e-12,6.6368963e-12
0.0163,7.7875874e-12,6.6778644e-12
0.0164,7.8132726e-12,6.718833e-12
0.0165,7.8378649e-12,6.7598015e-12
0.0166,7.8613834e-12,6.80077e-12
0.0167,7.8838455e-12,6.8417385e-12
0.016799999,7.9052719e-12,6.8827071e-12
0.016899999,7.9256844e-12,6.9236756e-12
0.017000001,7.9451046e-12,6.9646441e-12
0.017100001,7.963556e-12,7.0056127e-12
0.017200001,7.981049e-12,7.0465812e-12
0.0173,7.9976026e-12,7.0875497e-12
0.0174,8.0132515e-12,7.1285183e-12
0.0175,8.0280236e-12,7.1694868e-12
0.0176,8.0419447e-12,7.2104549e-12
0.0177,8.0550427e-12,7.2514234e-12
0.0178,8.067348e-12,7.2923924e-12
0.017899999,8.0788883e-12,7.3333605e-12
0.017999999,8.0896956e-12,7.3743294e-12
0.018100001,8.0998021e-12,7.4152975e-12
0.018200001,8.1092364e-12,7.4562665e-12
0.018300001,8.118008e-12,7.4972346e-12
0.0184,8.1261673e-12,7.5382027e-12
0.0185,8.1337463e-12,7.5791717e-12
0.0186,8.1407806e-12,7.6201398e-12
0.0187,8.1473023e-12,7.6611087e-12
0.0188,8.1533478e-12,7.7020768e-12
0.0189,8.1589535e-12,7.7430458e-12
0.018999999,8.1641534e-12,7.7840139e-12
0.019099999,8.1689863e-12,7.8249828e-12
0.019200001,8.1734879e-12,7.8659509e-12
0.019300001,8.1776816e-12,7.9069199e-12
0.019400001,8.1816056e-12,7.947888e-12
0.0195,8.1853023e-12,7.9888561e-12
0.0196,8.1888099e-12,8.0298251e-12
0.0197,8.1921657e-12,8.0707932e-12
0.0198,8.1954079e-12,8.1117621e-12
0.0199,8.1985729e-12,8.1527302e-12
0.02,8.2017006e-12,8.1936992e-12
0.020099999,8.2048283e-12,8.2346673e-12
0.020199999,8.2079942e-12,8.2756363e-12
0.020300001,8.2112338e-12,8.3166043e-12
0.020400001,8.2145714e-12,8.3575733e-12
0.020500001,8.2180556e-12,8.3985414e-12
0.0206,8.2217228e-12,8.4395104e-12
0.0207,8.2256094e-12,8.4804785e-12
0.0208,8.2297537e-12,8.5214466e-12
0.0209,8.2341911e-12,8.5624155e-12
0.021,8.2389573e-12,8.6033836e-12
0.0211,8.2440894e-12,8.6443526e-12
0.021199999,8.2496223e-12,8.6853207e-12
0.021299999,8.2555907e-12,8.7262897e-12
0.021400001,8.262023e-12,8.7672578e-12
0.021500001,8.2689567e-12,8.8082267e-12
0.021600001,8.2764238e-12,8.8491948e-12
0.0217,8.2844591e-12,8.8901638e-12
0.0218,8.2930936e-12,8.9311319e-12
0.0219,8.3023588e-12,8.9721e-12
0.022,8.3122858e-12,9.0130689e-12
0.0221,8.322904e-12,9.054037e-12
0.0222,8.3342422e-12,9.095006e-12
0.022299999,8.3463297e-12,9.1359741e-12
0.022399999,8.3591953e-12,9.1769431e-12
0.022500001,8.3728675e-12,9.2179112e-12
0.022600001,8.3873715e-12,9.2588801e-12
0.022700001,8.4027316e-12,9.2998482e-12
0.0228,8.4189721e-12,9.3408172e-12
0.0229,8.4361173e-12,9.3817853e-12
0.023,8.4541879e-12,9.4227542e-12
0.0231,8.4732065e-12,9.4637223e-12
0.0232,8.4931931e-12,9.5046904e-12
0.0233,8.5141668e-12,9.5456594e-12
0.023399999,8.5361449e-12,9.5866275e-12
0.023499999,8.5591586e-12,9.6275965e-12
0.023600001,8.5832183e-12,9.6685646e-12
0.023700001,8.6083371e-12,9.7095335e-12
0.023800001,8.6345306e-12,9.7505016e-12
0.0239,8.66181e-12,9.7914706e-12
0.024,8.6901892e-12,9.8324387e-12
0.0241,8.7196778e-12,9.8734076e-12
0.0242,8.7502861e-12,9.9143757e-12
0.0243,8.782022e-12,9.9553447e-12
0.0244,8.8148924e-12,9.9963128e-12
0.024499999,8.8489129e-12,1.0037281e-11
0.024599999,8.8840957e-12,1.007825e-11
0.024700001,8.9204373e-12,1.0119218e-11
0.024800001,8.9579386e-12,1.0160187e-11
0.024900001,8.9966038e-12,1.0201155e-11
0.025,9.0364322e-12,1.0242124e-11
0.0251,9.0774237e-12,1.0283092e-11
0.0252,9.1195766e-12,1.0324061e-11
0.0253,9.1628866e-12,1.0365029e-11
0.0254,9.2073502e-12,1.0405997e-11
0.0255,9.2529612e-12,1.0446966e-11
0.025599999,9.2997407e-12,1.0487934e-11
0.025699999,9.3476624e-12,1.0528903e-11
0.025800001,9.3967186e-12,1.0569871e-11
0.025900001,9.4468999e-12,1.061084e-11
0.026000001,9.4981948e-12,1.0651808e-11
0.0261,9.550593e-12,1.0692777e-11
0.0262,9.6040797e-12,1.0733745e-11
0.0263,9.6586411e-12,1.0774714e-11
0.0264,9.7142624e-12,1.0815683e-11
0.0265,9.7709245e-12,1.0856651e-11
0.0266,9.8286284e-12,1.089762e-11
0.026699999,9.8873574e-12,1.0938588e-11
0.026799999,9.9470848e-12,1.0979557e-11
0.026900001,1.0007789e-11,1.1020525e-11
0.027000001,1.006945e-11,1.1061494e-11
0.027100001,1.0132046e-11,1.1102462e-11
0.0272,1.0195554e-11,1.1143431e-11
0.0273,1.0259948e-11,1.1184399e-11
0.0274,1.0325206e-11,1.1225368e-11
0.0275,1.0391299e-11,1.1266336e-11
0.0276,1.0458205e-11,1.1307304e-11
0.0277,1.0525921e-11,1.1348273e-11
0.027799999,1.0594401e-11,1.1389241e-11
0.027899999,1.0663618e-11,1.143021e-11
0.028000001,1.0733541e-11,1.1471178e-11
0.028100001,1.0804141e-11,1.1512147e-11
0.028200001,1.0875388e-11,1.1553115e-11
0.0283,1.094725e-11,1.1594084e-11
0.0284,1.1019696e-11,1.1635052e-11
0.0285,1.1092692e-11,1.1676021e-11
0.0286,1.1166204e-11,1.1716989e-11
0.0287,1.1240218e-11,1.1757957e-11
0.0288,1.1314697e-11,1.1798926e-11
0.028899999,1.1389599e-11,1.1839895e-11
0.028999999,1.1464892e-11,1.1880863e-11
0.029100001,1.1540541e-11,1.1921832e-11
0.029200001,1.1616511e-11,1.1962801e-11
0.029300001,1.1692766e-11,1.2003769e-11
0.0294,1.176927e-11,1.2044738e-11
0.0295,1.1845988e-11,1.2085706e-11
0.0296,1.1922882e-11,1.2126675e-11
0.0297,1.1999921e-11,1.2167643e-11
0.0298,1.2077081e-11,1.2208612e-11
0.029899999,1.2154315e-11,1.224958e-11
0.029999999,1.2231587e-11,1.2290548e-11
0.030099999,1.2308862e-11,1.2331517e-11
0.030200001,1.2386103e-11,1.2372485e-11
0.030300001,1.2463273e-11,1.2413454e-11
0.030400001,1.2540338e-11,1.2454422e-11
0.0305,1.261726e-11,1.2495391e-11
0.0306,1.2694004e-11,1.2536359e-11
0.0307,1.2770535e-11,1.2577328e-11
0.0308,1.2846824e-11,1.2618296e-11
0.0309,1.2922836e-11,1.2659265e-11
0.030999999,1.2998532e-11,1.2700233e-11
0.031099999,1.307388e-11,1.2741201e-11
0.031199999,1.3148845e-11,1.278217e-11
0.031300001,1.3223395e-11,1.2823138e-11
0.031399999,1.3297495e-11,1.2864107e-11
0.031500001,1.3371114e-11,1.2905075e-11
0.031599998,1.3444221e-11,1.2946044e-11
0.0317,1.3516782e-11,1.2987013e-11
0.031800002,1.358877e-11,1.3027981e-11
0.0319,1.3660153e-11,1.306895e-11
0.032000002,1.3730902e-11,1.3109918e-11
0.032099999,1.3800988e-11,1.3150887e-11
0.032200001,1.3870382e-11,1.3191855e-11
0.032299999,1.3939058e-11,1.3232824e-11
0.032400001,1.400699e-11,1.3273792e-11
0.032499999,1.407415e-11,1.3314761e-11
0.032600001,1.4140515e-11,1.3355729e-11
0.032699998,1.420606e-11,1.3396698e-11
0.0328,1.4270763e-11,1.3437666e-11
0.032900002,1.4334593e-11,1.3478635e-11
0.033,1.4397533e-11,1.3519603e-11
0.033100002,1.4459562e-11,1.3560571e-11
0.033199999,1.4520662e-11,1.360154e-11
0.033300001,1.4580812e-11,1.3642508e-11
0.033399999,1.4639998e-11,1.3683477e-11
0.033500001,1.4698198e-11,1.3724445e-11
0.033599999,1.4755402e-11,1.3765414e-11
0.0337,1.4811591e-11,1.3806382e-11
0.033799998,1.4866754e-11,1.3847351e-11
0.0339,1.4920872e-11,1.3888319e-11
0.034000002,1.4973925e-11,1.3929288e-11
0.0341,1.5025913e-11,1.3970256e-11
0.034200002,1.5076825e-11,1.4011224e-11
0.034299999,1.5126652e-11,1.4052193e-11
0.034400001,1.5175387e-11,1.4093162e-11
0.034499999,1.5223024e-11,1.413413e-11
0.034600001,1.5269558e-11,1.4175099e-11
0.034699999,1.5314985e-11,1.4216068e-11
0.0348,1.5359304e-11,1.4257036e-11
0.034899998,1.5402513e-11,1.4298005e-11
0.035,1.5444587e-11,1.4338973e-11
0.035100002,1.5485542e-11,1.4379942e-11
0.0352,1.5525381e-11,1.442091e-11
0.035300002,1.5564107e-11,1.4461879e-11
0.035399999,1.5601723e-11,1.4502847e-11
0.035500001,1.5638234e-11,1.4543815e-11
0.035599999,1.5673646e-11,1.4584783e-11
0.035700001,1.5707966e-11,1.4625752e-11
0.035799999,1.5741203e-11,1.4666721e-11
0.0359,1.5773369e-11,1.470769e-11
0.035999998,1.5804457e-11,1.4748657e-11
0.0361,1.5834474e-11,1.4789626e-11
0.036200002,1.5863446e-11,1.4830595e-11
0.0363,1.5891384e-11,1.4871564e-11
0.036400001,1.59183e-11,1.4912531e-11
0.036499999,1.5944213e-11,1.49535e-11
0.036600001,1.5969137e-11,1.4994469e-11
0.036699999,1.5993091e-11,1.5035436e-11
0.036800001,1.6016093e-11,1.5076405e-11
0.036899999,1.6038166e-11,1.5117374e-11
0.037,1.6059324e-11,1.5158343e-11
0.037099998,1.6079565e-11,1.5199311e-11
0.0372,1.6098928e-11,1.524028e-11
0.037300002,1.6117437e-11,1.5281248e-11
0.0374,1.6135116e-11,1.5322217e-11
0.037500001,1.6151988e-11,1.5363185e-11
0.037599999,1.6168077e-11,1.5404154e-11
0.037700001,1.6183412e-11,1.5445123e-11
0.037799999,1.6198019e-11,1.548609e-11
0.037900001,1.6211924e-11,1.5527059e-11
0.037999999,1.6225158e-11,1.5568028e-11
0.0381,1.623773e-11,1.5608997e-11
0.038199998,1.6249673e-11,1.5649964e-11
0.0383,1.6261026e-11,1.5690933e-11
0.038400002,1.6271814e-11,1.5731902e-11
0.0385,1.6282069e-11,1.5772871e-11
0.038600001,1.6291826e-11,1.5813838e-11
0.038699999,1.6301112e-11,1.5854807e-11
0.038800001,1.6309962e-11,1.5895776e-11
0.038899999,1.631841e-11,1.5936743e-11
0.039000001,1.6326489e-11,1.5977712e-11
0.039099999,1.6334227e-11,1.6018681e-11
0.0392,1.6341642e-11,1.605965e-11
0.039299998,1.6348783e-11,1.6100617e-11
0.0394,1.6355681e-11,1.6141586e-11
0.039500002,1.6362373e-11,1.6182555e-11
0.0396,1.6368891e-11,1.6223524e-11
0.039700001,1.6375271e-11,1.6264491e-11
0.039799999,1.6381547e-11,1.630546e-11
0.039900001,1.6387754e-11,1.6346429e-11
0.039999999,1.6393928e-11,1.6387397e-11
0.040100001,1.6400103e-11,1.6428366e-11
0.040199999,1.6406303e-11,1.6469335e-11
0.0403,1.6412567e-11,1.6510304e-11
0.040399998,1.6418932e-11,1.6551271e-11
0.0405,1.642543e-11,1.659224e-11
0.040600002,1.6432099e-11,1.6633209e-11
0.0407,1.6438968e-11,1.6674178e-11
0.040800001,1.6446075e-11,1.6715145e-11
0.040899999,1.6453453e-11,1.6756114e-11
0.041000001,1.6461133e-11,1.6797083e-11
0.041099999,1.6469149e-11,1.683805e-11
0.041200001,1.6477533e-11,1.6879019e-11
0.041299999,1.6486311e-11,1.6919988e-11
0.0414,1.6495518e-11,1.6960957e-11
0.041499998,1.6505188e-11,1.7001924e-11
0.0416,1.651535e-11,1.7042893e-11
0.041700002,1.6526032e-11,1.7083862e-11
0.0418,1.6537265e-11,1.7124831e-11
0.041900001,1.6549078e-11,1.7165798e-11
0.041999999,1.65615e-11,1.7206767e-11
0.042100001,1.6574558e-11,1.7247736e-11
0.042199999,1.6588278e-11,1.7288703e-11
0.042300001,1.6602688e-11,1.7329672e-11
0.042399999,1.6617813e-11,1.7370641e-11
0.0425,1.6633679e-11,1.741161e-11
0.042599998,1.665031e-11,1.7452578e-11
0.0427,1.6667726e-11,1.7493547e-11
0.042800002,1.6685951e-11,1.7534516e-11
0.0429,1.6705009e-11,1.7575484e-11
0.043000001,1.6724917e-11,1.7616452e-11
0.043099999,1.6745697e-11,1.7657421e-11
0.043200001,1.6767365e-11,1.769839e-11
0.043299999,1.6789946e-11,1.7739359e-11
0.043400001,1.681346e-11,1.7780326e-11
0.043499999,1.6837918e-11,1.7821295e-11
0.0436,1.6863337e-11,1.7862264e-11
0.043699998,1.6889729e-11,1.7903231e-11
0.0438,1.6917108e-11,1.79442e-11
0.043900002,1.6945485e-11,1.7985169e-11
0.044,1.6974873e-11,1.8026138e-11
0.044100001,1.7005281e-11,1.8067105e-11
0.044199999,1.7036718e-11,1.8108074e-11
0.044300001,1.7069188e-11,1.8149043e-11
0.044399999,1.7102724e-11,1.8190012e-11
0.044500001,1.7137312e-11,1.8230979e-11
0.044599999,1.7172963e-11,1.8271948e-11
0.0447,1.7209676e-11,1.8312917e-11
0.044799998,1.7247457e-11,1.8353884e-11
0.0449,1.7286306e-11,1.8394853e-11
0.045000002,1.7326226e-11,1.8435822e-11
0.0451,1.7367212e-11,1.8476791e-11
0.045200001,1.7409265e-11,1.8517759e-11
0.045299999,1.745238e-11,1.8558727e-11
0.045400001,1.7496568e-11,1.8599696e-11
0.045499999,1.7541827e-11,1.8640664e-11
0.045600001,1.7588143e-11,1.8681633e-11
0.045699999,1.7635508e-11,1.8722602e-11
0.0458,1.7683915e-11,1.8763571e-11
0.045899998,1.7733356e-11,1.8804538e-11
0.046,1.7783821e-11,1.8845507e-11
0.046100002,1.7835297e-11,1.8886476e-11
0.0462,1.7887775e-11,1.8927445e-11
0.046300001,1.7941237e-11,1.8968412e-11
0.046399999,1.7995674e-11,1.9009381e-11
0.046500001,1.8051095e-11,1.905035e-11
0.046599999,1.8107467e-11,1.9091317e-11
0.046700001,1.8164772e-11,1.9132286e-11
0.046799999,1.8222993e-11,1.9173255e-11
0.0469,1.8282112e-11,1.9214224e-11
0.046999998,1.8342109e-11,1.9255191e-11
0.0471,1.8402965e-11,1.929616e-11
0.047200002,1.8464657e-11,1.9337129e-11
0.0473,1.8527164e-11,1.9378098e-11
0.047400001,1.8590461e-11,1.9419065e-11
0.047499999,1.8654543e-11,1.9460034e-11
0.047600001,1.8719385e-11,1.9501003e-11
0.047699999,1.8784954e-11,1.954197e-11
0.047800001,1.8851224e-11,1.9582939e-11
0.047899999,1.8918173e-11,1.9623908e-11
0.048,1.8985768e-11,1.9664877e-11
0.048099998,1.9053986e-11,1.9705845e-11
0.0482,1.9122797e-11,1.9746814e-11
0.048300002,1.9192172e-11,1.9787783e-11
0.0484,1.9262082e-11,1.9828751e-11
0.048500001,1.9332501e-11,1.9869719e-11
0.048599999,1.9403416e-11,1.9910688e-11
0.048700001,1.9474783e-11,1.9951657e-11
0.048799999,1.9546571e-11,1.9992624e-11
0.048900001,1.9618748e-11,2.0033593e-11
0.048999999,1.9691283e-11,2.0074562e-11
0.0491,1.9764145e-11,2.0115531e-11
0.049199998,1.9837302e-11,2.0156498e-11
0.0493,1.9910719e-11,2.0197467e-11
0.049400002,1.9984363e-11,2.0238436e-11
0.0495,2.0058202e-11,2.0279405e-11
0.049600001,2.0132217e-11,2.0320372e-11
0.049699999,2.020637e-11,2.0361341e-11
0.049800001,2.0280624e-11,2.040231e-11
0.049899999,2.0354945e-11,2.0443279e-11
0.050000001,2.0429302e-11,2.0484246e-11
0.050099999,2.0503661e-11,2.0525215e-11
0.0502,2.0577987e-11,2.0566184e-11
0.050299998,2.0652247e-11,2.0607151e-11
0.0504,2.072641e-11,2.064812e-11
0.050500002,2.0800441e-11,2.0689089e-11
0.0506,2.0874309e-11,2.0730058e-11
0.050700001,2.0947992e-11,2.0771026e-11
0.050799999,2.1021447e-11,2.0811994e-11
0.050900001,2.1094643e-11,2.0852963e-11
0.050999999,2.116755e-11,2.0893932e-11
0.051100001,2.1240136e-11,2.09349e-11
0.051199999,2.1312372e-11,2.0975869e-11
0.0513,2.1384223e-11,2.1016838e-11
0.051399998,2.1455662e-11,2.1057805e-11
0.0515,2.1526657e-11,2.1098774e-11
0.051600002,2.1597181e-11,2.1139743e-11
0.0517,2.1667206e-11,2.1180712e-11
0.051800001,2.1736703e-11,2.1221679e-11
0.051899999,2.1805642e-11,2.1262648e-11
0.052000001,2.1873999e-11,2.1303617e-11
0.052099999,2.1941747e-11,2.1344586e-11
0.052200001,2.2008858e-11,2.1385553e-11
0.052299999,2.2075309e-11,2.1426522e-11
0.0524,2.2141075e-11,2.1467491e-11
0.052499998,2.2206133e-11,2.1508458e-11
0.0526,2.227046e-11,2.1549427e-11
0.052700002,2.2334029e-11,2.1590396e-11
0.0528,2.2396819e-11,2.1631365e-11
0.052900001,2.2458813e-11,2.1672332e-11
0.052999999,2.2519988e-11,2.1713301e-11
0.053100001,2.2580325e-11,2.175427e-11
0.053199999,2.2639808e-11,2.1795237e-11
0.053300001,2.269842e-11,2.1836206e-11
0.053399999,2.2756142e-11,2.1877175e-11
0.0535,2.2812962e-11,2.1918144e-11
0.053599998,2.2868865e-11,2.1959112e-11
0.0537,2.2923836e-11,2.2000081e-11
0.053800002,2.2977849e-11,2.204105e-11
0.0539,2.3030904e-11,2.2082019e-11
0.054000001,2.3082985e-11,2.2122986e-11
0.054099999,2.3134088e-11,2.2163955e-11
0.054200001,2.3184203e-11,2.2204924e-11
0.054299999,2.323332e-11,2.2245891e-11
0.054400001,2.3281432e-11,2.228686e-11
0.054499999,2.3328537e-11,2.2327829e-11
0.0546,2.3374629e-11,2.2368798e-11
0.054699998,2.3419705e-11,2.2409765e-11
0.0548,2.346375e-11,2.2450734e-11
0.054900002,2.3506763e-11,2.2491703e-11
0.055,2.3548746e-11,2.2532672e-11
0.055100001,2.3589705e-11,2.2573639e-11
0.055199999,2.3629635e-11,2.2614608e-11
0.055300001,2.3668543e-11,2.2655577e-11
0.055399999,2.3706431e-11,2.2696544e-11
0.055500001,2.3743302e-11,2.2737513e-11
0.055599999,2.3779166e-11,2.2778482e-11
0.0557,2.3814029e-11,2.2819451e-11
0.055799998,2.3847892e-11,2.2860418e-11
0.0559,2.3880748e-11,2.2901387e-11
0.056000002,2.391262e-11,2.2942356e-11
0.0561,2.3943519e-11,2.2983325e-11
0.056200001,2.3973453e-11,2.3024293e-11
0.056299999,2.4002439e-11,2.3065262e-11
0.056400001,2.4030486e-11,2.310623e-11
0.056499999,2.4057612e-11,2.3147198e-11
0.056600001,2.408383e-11,2.3188167e-11
0.056699999,2.4109159e-11,2.3229136e-11
0.0568,2.4133615e-11,2.3270105e-11
0.056899998,2.4157197e-11,2.3311072e-11
0.057,2.4179927e-11,2.3352041e-11
0.057100002,2.4201833e-11,2.339301e-11
0.0572,2.4222933e-11,2.3433979e-11
0.057300001,2.4243246e-11,2.3474946e-11
0.057399999,2.4262798e-11,2.3515915e-11
0.057500001,2.4281608e-11,2.3556884e-11
0.057599999,2.4299701e-11,2.3597851e-11
0.057700001,2.43171e-11,2.363882e-11
0.057799999,2.4333832e-11,2.3679789e-11
0.0579,2.4349916e-11,2.3720758e-11
0.057999998,2.4365362e-11,2.3761725e-11
0.0581,2.4380208e-11,2.3802694e-11
0.058200002,2.4394483e-11,2.3843663e-11
0.0583,2.4408213e-11,2.3884632e-11
0.058400001,2.4421428e-11,2.3925599e-11
0.058499999,2.4434153e-11,2.3966568e-11
0.058600001,2.4446419e-11,2.4007537e-11
0.058699999,2.4458257e-11,2.4048505e-11
0.058800001,2.4469694e-11,2.4089473e-11
0.058899999,2.4480763e-11,2.4130442e-11
0.059,2.4491475e-11,2.4171411e-11
0.059099998,2.4501869e-11,2.4212379e-11
0.0592,2.4511981e-11,2.4253348e-11
0.059300002,2.4521838e-11,2.4294317e-11
0.0594,2.4531474e-11,2.4335286e-11
0.059500001,2.4540921e-11,2.4376253e-11
0.059599999,2.4550209e-11,2.4417222e-11
0.059700001,2.455937e-11,2.4458191e-11
0.059799999,2.4568438e-11,2.4499158e-11
0.059900001,2.4577444e-11,2.4540127e-11
0.059999999,2.4586415e-11,2.4581096e-11
0.0601,2.4595376e-11,2.4622065e-11
0.060199998,2.4604367e-11,2.4663032e-11
0.0603,2.4613419e-11,2.4704001e-11
0.060400002,2.4622563e-11,2.474497e-11
0.0605,2.4631831e-11,2.4785939e-11
0.060600001,2.4641256e-11,2.4826906e-11
0.060699999,2.4650868e-11,2.4867875e-11
0.060800001,2.4660697e-11,2.4908844e-11
0.060899999,2.4670776e-11,2.4949811e-11
0.061000001,2.4681134e-11,2.499078e-11
0.061099999,2.4691795e-11,2.5031749e-11
0.0612,2.4702794e-11,2.5072718e-11
0.061299998,2.4714158e-11,2.5113685e-11
0.0614,2.4725919e-11,2.5154654e-11
0.061500002,2.4738102e-11,2.5195623e-11
0.0616,2.475074e-11,2.5236592e-11
0.061700001,2.4763856e-11,2.527756e-11
0.061799999,2.4777479e-11,2.5318529e-11
0.061900001,2.4791636e-11,2.5359497e-11
0.061999999,2.4806351e-11,2.5400465e-11
0.062100001,2.4821652e-11,2.5441434e-11
0.062199999,2.4837563e-11,2.5482403e-11
0.0623,2.4854108e-11,2.5523372e-11
0.062399998,2.4871312e-11,2.5564339e-11
0.0625,2.4889193e-11,2.5605308e-11
0.062600002,2.4907779e-11,2.5646277e-11
0.062700003,2.4927088e-11,2.5687246e-11
0.062799998,2.494714e-11,2.5728213e-11
0.062899999,2.4967957e-11,2.5769182e-11
0.063000001,2.4989556e-11,2.5810151e-11
0.063100003,2.5011956e-11,2.5851118e-11
0.063199997,2.5035182e-11,2.5892087e-11
0.063299999,2.5059246e-11,2.5933056e-11
0.0634,2.5084164e-11,2.5974025e-11
0.063500002,2.5109949e-11,2.6014992e-11
0.063600004,2.5136617e-11,2.6055961e-11
0.063699998,2.516418e-11,2.609693e-11
0.0638,2.5192648e-11,2.6137899e-11
0.063900001,2.5222036e-11,2.6178866e-11
0.064000003,2.5252352e-11,2.6219835e-11
0.064099997,2.5283603e-11,2.6260804e-11
0.064199999,2.5315808e-11,2.6301773e-11
0.064300001,2.5348978e-11,2.634274e-11
0.064400002,2.5383112e-11,2.6383709e-11
0.064499997,2.5418214e-11,2.6424678e-11
0.064599998,2.5454291e-11,2.6465646e-11
0.0647,2.5491347e-11,2.6506615e-11
0.064800002,2.5529384e-11,2.6547584e-11
0.064900003,2.5568402e-11,2.6588553e-11
0.064999998,2.5608401e-11,2.662952e-11
0.065099999,2.564938e-11,2.6670489e-11
0.065200001,2.5691341e-11,2.6711458e-11
0.065300003,2.57343e-11,2.6752427e-11
0.065399997,2.5778239e-11,2.6793394e-11
0.065499999,2.5823154e-11,2.6834363e-11
0.0656,2.5869041e-11,2.6875332e-11
0.065700002,2.5915893e-11,2.6916299e-11
0.065800004,2.5963702e-11,2.6957268e-11
0.065899998,2.601246e-11,2.6998237e-11
0.066,2.6062158e-11,2.7039206e-11
0.066100001,2.6112786e-11,2.7080173e-11
0.066200003,2.6164329e-11,2.7121142e-11
0.066299997,2.6216798e-11,2.7162111e-11
0.066399999,2.6270172e-11,2.720308e-11
0.066500001,2.6324434e-11,2.7244047e-11
0.066600002,2.6379569e-11,2.7285016e-11
0.066699997,2.643556e-11,2.7325985e-11
0.066799998,2.6492395e-11,2.7366952e-11
0.0669,2.6550056e-11,2.7407921e-11
0.067000002,2.6608521e-11,2.744889e-11
0.067100003,2.6667774e-11,2.7489859e-11
0.067199998,2.6727794e-11,2.7530827e-11
0.067299999,2.6788568e-11,2.7571796e-11
0.067400001,2.685009e-11,2.7612765e-11
0.067500003,2.6912323e-11,2.7653732e-11
0.067599997,2.6975248e-11,2.7694701e-11
0.067699999,2.7038843e-11,2.773567e-11
0.0678,2.7103082e-11,2.7776639e-11
0.067900002,2.716794e-11,2.7817606e-11
0.068000004,2.7233394e-11,2.7858575e-11
0.068099998,2.729942e-11,2.7899544e-11
0.0682,2.7365988e-11,2.7940513e-11
0.068300001,2.7433075e-11,2.798148e-11
0.068400003,2.7500668e-11,2.8022449e-11
0.068499997,2.7568737e-11,2.8063418e-11
0.068599999,2.7637247e-11,2.8104387e-11
0.068700001,2.7706172e-11,2.8145354e-11
0.068800002,2.7775485e-11,2.8186323e-11
0.068899997,2.7845155e-11,2.8227292e-11
0.068999998,2.7915153e-11,2.8268259e-11
0.0691,2.7985451e-11,2.8309228e-11
0.069200002,2.8056018e-11,2.8350197e-11
0.069300003,2.8126822e-11,2.8391166e-11
0.069399998,2.8197842e-11,2.8432133e-11
0.069499999,2.8269052e-11,2.8473102e-11
0.069600001,2.8340417e-11,2.8514071e-11
0.069700003,2.8411905e-11,2.855504e-11
0.069799997,2.8483486e-11,2.8596008e-11
0.069899999,2.8555129e-11,2.8636976e-11
0.07,2.8626802e-11,2.8677945e-11
0.070100002,2.8698478e-11,2.8718913e-11
0.070200004,2.8770122e-11,2.8759882e-11
0.070299998,2.8841705e-11,2.8800851e-11
0.0704,2.8913196e-11,2.884182e-11
0.070500001,2.8984577e-11,2.8882787e-11
0.070600003,2.905581e-11,2.8923756e-11
0.070699997,2.9126864e-11,2.8964725e-11
0.070799999,2.919771e-11,2.9005694e-11
0.070900001,2.9268317e-11,2.9046661e-11
0.071000002,2.933866e-11,2.908763e-11
0.071099997,2.9408708e-11,2.9128599e-11
0.071199998,2.947843e-11,2.9169566e-11
0.0713,2.9547798e-11,2.9210537e-11
0.071400002,2.9616788e-11,2.9251504e-11
0.071500003,2.9685372e-11,2.9292471e-11
0.071599998,2.9753523e-11,2.9333442e-11
0.071699999,2.9821215e-11,2.9374409e-11
0.071800001,2.9888418e-11,2.9415376e-11
0.071900003,2.9955111e-11,2.9456347e-11
0.071999997,3.002127e-11,2.9497314e-11
0.072099999,3.0086867e-11,2.9538282e-11
0.0722,3.0151881e-11,2.9579252e-11
0.072300002,3.0216284e-11,2.9620219e-11
0.072400004,3.028006e-11,2.966119e-11
0.072499998,3.0343183e-11,2.9702157e-11
0.0726,3.0405629e-11,2.9743125e-11
0.072700001,3.0467382e-11,2.9784095e-11
0.072800003,3.052842e-11,2.9825063e-11
0.072899997,3.0588723e-11,2.986603e-11
0.072999999,3.0648276e-11,2.9907e-11
0.073100001,3.0707058e-11,2.9947968e-11
0.073200002,3.0765057e-11,2.9988935e-11
0.073299997,3.0822251e-11,3.0029906e-11
0.073399998,3.0878633e-11,3.0070873e-11
0.0735,3.0934182e-11,3.0111844e-11
0.073600002,3.0988882e-11,3.0152811e-11
0.073700003,3.1042717e-11,3.0193778e-11
0.073799998,3.1095685e-11,3.0234749e-11
0.073899999,3.1147765e-11,3.0275716e-11
0.074000001,3.1198957e-11,3.0316683e-11
0.074100003,3.1249246e-11,3.0357654e-11
0.074199997,3.1298627e-11,3.0398621e-11
0.074299999,3.1347092e-11,3.0439588e-11
0.0744,3.1394637e-11,3.0480559e-11
0.074500002,3.1441252e-11,3.0521526e-11
0.074600004,3.1486938e-11,3.0562497e-11
0.074699998,3.153167e-11,3.0603464e-11
0.0748,3.1575461e-11,3.0644431e-11
0.074900001,3.1618309e-11,3.0685402e-11
0.075000003,3.1660213e-11,3.0726369e-11
0.075099997,3.1701173e-11,3.0767337e-11
0.075199999,3.174119e-11,3.0808307e-11
0.075300001,3.1780262e-11,3.0849275e-11
0.075400002,3.1818402e-11,3.0890242e-11
0.075499997,3.1855612e-11,3.0931212e-11
0.075599998,3.1891892e-11,3.097218e-11
0.0757,3.1927239e-11,3.101315e-11
0.075800002,3.1961656e-11,3.1054118e-11
0.075900003,3.1995163e-11,3.1095085e-11
0.075999998,3.2027766e-11,3.1136056e-11
0.076099999,3.2059473e-11,3.1177023e-11
0.076200001,3.2090296e-11,3.121799e-11
0.076300003,3.2120247e-11,3.1258961e-11
0.076399997,3.2149339e-11,3.1299928e-11
0.076499999,3.217758e-11,3.1340895e-11
0.0766,3.2204992e-11,3.1381866e-11
0.076700002,3.2231579e-11,3.1422833e-11
0.076800004,3.2257346e-11,3.1463804e-11
0.076899998,3.2282316e-11,3.1504771e-11
0.077,3.2306512e-11,3.1545738e-11
0.077100001,3.2329951e-11,3.1586709e-11
0.077200003,3.2352645e-11,3.1627676e-11
0.077299997,3.237462e-11,3.1668643e-11
0.077399999,3.2395895e-11,3.1709614e-11
0.077500001,3.2416493e-11,3.1750581e-11
0.077600002,3.2436429e-11,3.1791549e-11
0.077699997,3.2455733e-11,3.1832519e-11
0.077799998,3.2474402e-11,3.1873486e-11
0.0779,3.2492471e-11,3.1914457e-11
0.078000002,3.2509963e-11,3.1955424e-11
0.078100003,3.2526908e-11,3.1996392e-11
0.078199998,3.2543329e-11,3.2037362e-11
0.078299999,3.255925e-11,3.207833e-11
0.078400001,3.2574696e-11,3.2119297e-11
0.078500003,3.2589695e-11,3.2160268e-11
0.078599997,3.260427e-11,3.2201235e-11
0.078699999,3.2618457e-11,3.2242202e-11
0.0788,3.2632265e-11,3.2283173e-11
0.078900002,3.2645723e-11,3.232414e-11
0.079000004,3.2658862e-11,3.2365111e-11
0.079099998,3.2671713e-11,3.2406078e-11
0.0792,3.2684303e-11,3.2447045e-11
0.079300001,3.2696661e-11,3.2488016e-11
0.079400003,3.2708818e-11,3.2528983e-11
0.079499997,3.2720798e-11,3.256995e-11
0.079599999,3.2732636e-11,3.2610921e-11
0.079700001,3.2744356e-11,3.2651888e-11
0.079800002,3.2755992e-11,3.2692855e-11
0.079899997,3.2767559e-11,3.2733826e-11
0.079999998,3.2779092e-11,3.2774793e-11
0.0801,3.2790628e-11,3.2815764e-11
0.080200002,3.2802185e-11,3.2856731e-11
0.080300003,3.2813804e-11,3.2897698e-11
0.080399998,3.2825503e-11,3.2938669e-11
0.080499999,3.283732e-11,3.2979636e-11
0.080600001,3.2849282e-11,3.3020604e-11
0.080700003,3.2861415e-11,3.3061574e-11
0.080799997,3.2873749e-11,3.3102542e-11
0.080899999,3.2886312e-11,3.3143512e-11
0.081,3.2899124e-11,3.3184479e-11
0.081100002,3.2912218e-11,3.3225447e-11
0.081200004,3.2925624e-11,3.3266417e-11
0.081299998,3.293937e-11,3.3307385e-11
0.0814,3.2953477e-11,3.3348352e-11
0.081500001,3.2967972e-11,3.3389323e-11
0.081600003,3.2982887e-11,3.343029e-11
0.081699997,3.2998243e-11,3.3471257e-11
0.081799999,3.3014064e-11,3.3512228e-11
0.081900001,3.3030374e-11,3.3553195e-11
0.082000002,3.30472e-11,3.3594166e-11
0.082099997,3.3064565e-11,3.3635133e-11
0.082199998,3.3082488e-11,3.36761e-11
0.0823,3.3100998e-11,3.3717071e-11
0.082400002,3.3120111e-11,3.3758038e-11
0.082500003,3.3139849e-11,3.3799005e-11
0.082599998,3.3160232e-11,3.3839976e-11
0.082699999,3.3181281e-11,3.3880943e-11
0.082800001,3.320301e-11,3.392191e-11
0.082900003,3.3225447e-11,3.3962881e-11
0.082999997,3.3248602e-11,3.4003848e-11
0.083099999,3.3272503e-11,3.4044819e-11
0.0832,3.3297157e-11,3.4085786e-11
0.083300002,3.3322577e-11,3.4126754e-11
0.083400004,3.3348786e-11,3.4167724e-11
0.083499998,3.3375792e-11,3.4208691e-11
0.0836,3.3403606e-11,3.4249659e-11
0.083700001,3.3432247e-11,3.4290629e-11
0.083800003,3.3461716e-11,3.4331597e-11
0.083899997,3.3492032e-11,3.4372564e-11
0.083999999,3.3523202e-11,3.4413535e-11
0.084100001,3.3555245e-11,3.4454502e-11
0.084200002,3.358816e-11,3.4495472e-11
0.084299996,3.3621956e-11,3.453644e-11
0.084399998,3.365664e-11,3.4577407e-11
0.0845,3.3692216e-11,3.4618378e-11
0.084600002,3.3728683e-11,3.4659345e-11
0.084700003,3.3766052e-11,3.4700312e-11
0.084799998,3.380432e-11,3.4741283e-11
0.084899999,3.3843491e-11,3.478225e-11
0.085000001,3.3883563e-11,3.4823217e-11
0.085100003,3.3924551e-11,3.4864188e-11
0.085199997,3.3966448e-11,3.4905155e-11
0.085299999,3.4009247e-11,3.4946126e-11
0.0854,3.4052948e-11,3.4987093e-11
0.085500002,3.4097548e-11,3.502806e-11
0.085600004,3.4143039e-11,3.5069031e-11
0.085699998,3.4189415e-11,3.5109998e-11
0.0858,3.4236673e-11,3.5150965e-11
0.085900001,3.4284801e-11,3.5191936e-11
0.086000003,3.4333793e-11,3.5232903e-11
0.086099997,3.4383642e-11,3.5273871e-11
0.086199999,3.4434355e-11,3.5314841e-11
0.086300001,3.4485904e-11,3.5355809e-11
0.086400002,3.4538285e-11,3.5396779e-11
0.086499996,3.4591479e-11,3.5437746e-11
0.086599998,3.4645474e-11,3.5478714e-11
0.0867,3.470026e-11,3.5519684e-11
0.086800002,3.475582e-11,3.5560652e-11
0.086900003,3.4812132e-11,3.5601619e-11
0.086999997,3.4869187e-11,3.564259e-11
0.087099999,3.4926964e-11,3.5683557e-11
0.087200001,3.4985466e-11,3.5724524e-11
0.087300003,3.5044662e-11,3.5765495e-11
0.087399997,3.5104534e-11,3.5806462e-11
0.087499999,3.5165062e-11,3.5847433e-11
0.0876,3.5226225e-11,3.58884e-11
0.087700002,3.5287998e-11,3.5929367e-11
0.087800004,3.5350368e-11,3.5970338e-11
0.087899998,3.5413304e-11,3.6011305e-11
0.088,3.5476788e-11,3.6052272e-11
0.088100001,3.5540793e-11,3.6093243e-11
0.088200003,3.5605307e-11,3.613421e-11
0.088299997,3.567031e-11,3.6175177e-11
0.088399999,3.5735769e-11,3.6216148e-11
0.088500001,3.5801664e-11,3.6257115e-11
0.088600002,3.5867961e-11,3.6298086e-11
0.088699996,3.5934641e-11,3.6339053e-11
0.088799998,3.6001674e-11,3.6380021e-11
0.0889,3.6069037e-11,3.6420991e-11
0.089000002,3.6136701e-11,3.6461958e-11
0.089100003,3.6204637e-11,3.6502926e-11
0.089199997,3.6272822e-11,3.6543896e-11
0.089299999,3.6341239e-11,3.6584864e-11
0.089400001,3.6409854e-11,3.6625831e-11
0.089500003,3.6478636e-11,3.6666802e-11
0.089599997,3.654756e-11,3.6707769e-11
0.089699998,3.6616599e-11,3.6748739e-11
0.0898,3.6685717e-11,3.6789707e-11
0.089900002,3.6754898e-11,3.6830674e-11
0.090000004,3.6824103e-11,3.6871645e-11
0.090099998,3.6893308e-11,3.6912612e-11
0.0902,3.6962485e-11,3.6953579e-11
0.090300001,3.703161e-11,3.699455e-11
0.090400003,3.7100656e-11,3.7035517e-11
0.090499997,3.7169597e-11,3.7076484e-11
0.090599999,3.7238396e-11,3.7117455e-11
0.090700001,3.7307036e-11,3.7158422e-11
0.090800002,3.7375481e-11,3.7199389e-11
0.090899996,3.7443708e-11,3.724036e-11
0.090999998,3.7511692e-11,3.7281327e-11
0.0911,3.7579401e-11,3.7322298e-11
0.091200002,3.7646813e-11,3.7363265e-11
0.091300003,3.7713898e-11,3.7404232e-11
0.091399997,3.778064e-11,3.7445203e-11
0.091499999,3.7847007e-11,3.748617e-11
0.091600001,3.7912975e-11,3.7527138e-11
0.091700003,3.797852e-11,3.7568108e-11
0.091799997,3.8043617e-11,3.7609076e-11
0.091899998,3.8108246e-11,3.7650046e-11
0.092,3.8172382e-11,3.7691014e-11
0.092100002,3.8236001e-11,3.7731981e-11
0.092200004,3.8299083e-11,3.7772951e-11
0.092299998,3.8361606e-11,3.7813919e-11
0.092399999,3.8423546e-11,3.7854886e-11
0.092500001,3.8484889e-11,3.7895857e-11
0.092600003,3.8545608e-11,3.7936824e-11
0.092699997,3.8605692e-11,3.7977791e-11
0.092799999,3.8665116e-11,3.8018762e-11
0.092900001,3.8723868e-11,3.8059729e-11
0.093000002,3.8781929e-11,3.81007e-11
0.093099996,3.8839282e-11,3.8141667e-11
0.093199998,3.8895914e-11,3.8182634e-11
0.0933,3.8951811e-11,3.8223605e-11
0.093400002,3.9006954e-11,3.8264572e-11
0.093500003,3.9061327e-11,3.8305539e-11
0.093599997,3.911492e-11,3.834651e-11
0.093699999,3.9167721e-11,3.8387477e-11
0.093800001,3.9219721e-11,3.8428444e-11
0.093900003,3.9270913e-11,3.8469415e-11
0.093999997,3.9321286e-11,3.8510382e-11
0.094099998,3.9370826e-11,3.8551353e-11
0.0942,3.9419537e-11,3.859232e-11
0.094300002,3.9467402e-11,3.8633288e-11
0.094400004,3.9514423e-11,3.8674258e-11
0.094499998,3.9560581e-11,3.8715225e-11
0.094599999,3.9605874e-11,3.8756193e-11
0.094700001,3.9650307e-11,3.8797163e-11
0.094800003,3.969387e-11,3.8838131e-11
0.094899997,3.9736568e-11,3.8879098e-11
0.094999999,3.9778396e-11,3.8920069e-11
0.095100001,3.981936e-11,3.8961036e-11
0.095200002,3.9859456e-11,3.9002006e-11
0.095299996,3.9898689e-11,3.9042974e-11
0.095399998,3.9937061e-11,3.9083941e-11
0.0955,3.9974572e-11,3.9124912e-11
0.095600002,4.0011217e-11,3.9165879e-11
0.095700003,4.0047007e-11,3.9206846e-11
0.095799997,4.0081952e-11,3.9247817e-11
0.095899999,4.011606e-11,3.9288784e-11
0.096000001,4.0149335e-11,3.9329751e-11
0.096100003,4.0181788e-11,3.9370722e-11
0.096199997,4.021343e-11,3.9411689e-11
0.096299998,4.024427e-11,3.945266e-11
0.0964,4.0274319e-11,3.9493627e-11
0.096500002,4.0303594e-11,3.9534594e-11
0.096600004,4.0332085e-11,3.9575565e-11
0.096699998,4.0359813e-11,3.9616532e-11
0.096799999,4.0386798e-11,3.96575e-11
0.096900001,4.0413055e-11,3.969847e-11
0.097000003,4.04386e-11,3.9739437e-11
0.097099997,4.0463445e-11,3.9780405e-11
0.097199999,4.0487613e-11,3.9821375e-11
0.0973,4.0511119e-11,3.9862343e-11
0.097400002,4.0533982e-11,3.9903313e-11
0.097499996,4.0556222e-11,3.9944281e-11
0.097599998,4.0577847e-11,3.9985248e-11
0.0977,4.0598875e-11,4.0026218e-11
0.097800002,4.0619331e-11,4.0067186e-11
0.097900003,4.0639239e-11,4.0108153e-11
0.097999997,4.0658622e-11,4.0149124e-11
0.098099999,4.0677496e-11,4.0190091e-11
0.098200001,4.0695891e-11,4.0231058e-11
0.098300003,4.0713828e-11,4.0272029e-11
0.098399997,4.0731328e-11,4.0312996e-11
0.098499998,4.0748419e-11,4.0353967e-11
0.0986,4.0765124e-11,4.0394934e-11
0.098700002,4.0781448e-11,4.0435901e-11
0.098800004,4.0797431e-11,4.0476872e-11
0.098899998,4.0813096e-11,4.0517839e-11
0.098999999,4.0828473e-11,4.0558806e-11
0.099100001,4.0843582e-11,4.0599777e-11
0.099200003,4.0858452e-11,4.0640744e-11
0.099299997,4.0873114e-11,4.0681711e-11
0.099399999,4.0887585e-11,4.0722682e-11
0.0995,4.09019e-11,4.0763649e-11
0.099600002,4.0916083e-11,4.080462e-11
0.099699996,4.0930159e-11,4.0845587e-11
0.099799998,4.0944158e-11,4.0886555e-11
0.0999,4.0958108e-11,4.0927525e-11
0.1,4.0972038e-11,4.0968492e-11
0.1,4.0972038e-11,4.0968492e-11
0.1001,2.985529e-10,0.0082041845
0.1002,5.569778e-09,0.016408749
0.1003,3.8252821e-08,0.024613695
0.1004,1.5466416e-07,0.032819021
0.1005,4.6182583e-07,0.041024726
0.1006,1.1346124e-06,0.04923081
0.1007,2.4287847e-06,0.057437275
0.1008,4.6974988e-06,0.065644115
0.1009,8.4054254e-06,0.07385134
0.101,1.4143535e-05,0.082058944
0.1011,2.2653023e-05,0.090266921
0.1012,3.4813213e-05,0.098475285
0.1013,5.166246e-05,0.10668402
0.1014,7.4378324e-05,0.11489314
0.1015,0.00010439266,0.12310264
0.1016,0.00014325262,0.13131252
0.1017,0.000192778,0.13952276
0.1018,0.00025493564,0.14773341
0.1019,0.00033196429,0.15594441
0.102,0.00042627897,0.1641558
0.1021,0.00054056209,0.17236757
0.1022,0.00067769643,0.18057971
0.1023,0.00084083085,0.18879223
0.1024,0.001033332,0.19700514
0.1025,0.0012588215,0.2052184
0.1026,0.0015211628,0.21343207
0.1027,0.0018244671,0.2216461
0.1028,0.002173099,0.22986051
0.1029,0.0025716654,0.2380753
0.103,0.003025037,0.24629046
0.1031,0.0035383417,0.25450599
0.1032,0.004116945,0.26272193
0.1033,0.0047663706,0.27093822
0.1034,0.0054924977,0.2791549
0.1035,0.0063014133,0.28737193
0.1036,0.0071993754,0.29558936
0.1037,0.0081928689,0.30380714
0.1038,0.0092886584,0.31202534
0.1039,0.010493702,0.32024387
0.104,0.011815054,0.32846281
0.1041,0.013260084,0.33668211
0.1042,0.014836323,0.3449018
0.1043,0.016551454,0.35312185
0.1044,0.018413279,0.36134228
0.1045,0.020429848,0.36956307
0.1046,0.022609334,0.37778425
0.1047,0.024959983,0.38600582
0.1048,0.027490199,0.39422774
0.1049,0.030208528,0.40245005
0.105,0.033123605,0.41067272
0.1051,0.03624405,0.41889578
0.1052,0.03957868,0.42711923
0.1053,0.043136332,0.43534303
0.1054,0.046925861,0.44356719
0.1055,0.050956134,0.45179173
0.1056,0.055236086,0.46001667
0.1057,0.059774645,0.46824196
0.1058,0.064580671,0.47646764
0.1059,0.06966304,0.48469368
0.106,0.07503058,0.4929201
0.1061,0.080692053,0.50114691
0.1062,0.086656131,0.50937408
0.1063,0.09293139,0.51760161
0.1064,0.099526346,0.52582955
0.1065,0.10644933,0.5340578
0.1066,0.11370857,0.54228646
0.1067,0.12131215,0.55051553
0.1068,0.12926796,0.55874491
0.1069,0.13758373,0.5669747
0.107,0.14626698,0.57520485
0.1071,0.155325,0.58343536
0.1072,0.16476487,0.59166628
0.1073,0.1745934,0.5998975
0.1074,0.18481721,0.60812914
0.1075,0.19544257,0.6163612
0.1076,0.2064755,0.62459356
0.1077,0.21792172,0.63282633
0.1078,0.2297866,0.64105946
0.1079,0.24207525,0.64929295
0.108,0.25479236,0.65752679
0.1081,0.26794231,0.66576105
0.1082,0.28152919,0.67399567
0.1083,0.2955566,0.68223065
0.1084,0.31002778,0.69046599
0.1085,0.3249456,0.69870168
0.1086,0.34031254,0.70693779
0.1087,0.35613063,0.71517426
0.1088,0.37240145,0.72341108
0.1089,0.38912621,0.73164833
0.109,0.4063057,0.73988587
0.1091,0.42394015,0.74812382
0.1092,0.44202936,0.75636214
0.1093,0.46057278,0.76460081
0.1094,0.47956932,0.77283984
0.1095,0.49901739,0.78107929
0.1096,0.51891494,0.7893191
0.1097,0.53925937,0.79755926
0.1098,0.56004786,0.80579978
0.1099,0.58127677,0.81404066
0.11,0.60294217,0.82228196
0.1101,0.62503958,0.83052361
0.1102,0.64756405,0.83876562
0.1103,0.67051011,0.84700799
0.1104,0.69387186,0.85525072
0.1105,0.71764272,0.86349386
0.1106,0.74181604,0.8717373
0.1107,0.76638424,0.87998116
0.1108,0.7913394,0.88822538
0.1109,0.81667322,0.89646995
0.111,0.84237683,0.90471494
0.1111,0.86844093,0.91296023
0.1112,0.89485592,0.92120594
0.1113,0.92161149,0.929452
0.1114,0.94869703,0.93769842
0.1115,0.9761014,0.9459452
0.1116,1.0038131,0.95419234
0.1117,1.0318203,0.96243989
0.1118,1.0601104,0.97068775
0.1119,1.0886707,0.97893602
0.112,1.1174881,0.98718464
0.1121,1.1465492,0.99543363
0.1122,1.1758399,1.003683
0.1123,1.2053459,1.0119327
0.1124,1.2350527,1.0201828
0.1125,1.2649455,1.0284333
0.1126,1.2950088,1.0366842
0.1127,1.3252273,1.0449353
0.1128,1.3555849,1.0531869
0.1129,1.3860655,1.0614388
0.113,1.4166529,1.0696911
0.1131,1.4473305,1.0779437
0.1132,1.4780812,1.0861968
0.1133,1.5088882,1.0944501
0.1134,1.5397341,1.1027038
0.1135,1.5706016,1.110958
0.1136,1.6014731,1.1192124
0.1137,1.6323307,1.1274673
0.1138,1.6631567,1.1357225
0.1139,1.6939332,1.143978
0.114,1.7246423,1.152234
0.1141,1.7552655,1.1604903
0.1142,1.7857848,1.1687469
0.1143,1.8161823,1.177004
0.1144,1.8464394,1.1852614
0.1145,1.876538,1.1935191
0.1146,1.9064603,1.2017772
0.1147,1.9361876,1.2100357
0.1148,1.9657024,1.2182946
0.1149,1.9949864,1.2265538
0.115,2.0240216,1.2348133
0.1151,2.0527909,1.2430733
0.1152,2.0812759,1.2513336
0.1153,2.1094596,1.2595942
0.1154,2.1373246,1.2678553
0.1155,2.1648538,1.2761166
0.1156,2.1920304,1.2843784
0.1157,2.2188377,1.2926406
0.1158,2.2452595,1.300903
0.1159,2.2712796,1.3091658
0.116,2.2968819,1.3174291
0.1161,2.3220513,1.3256925
0.1162,2.3467722,1.3339565
0.1163,2.3710301,1.3422208
0.1164,2.3948102,1.3504854
0.1165,2.4180984,1.3587505
0.1166,2.440881,1.3670158
0.1167,2.4631448,1.3752816
0.1168,2.4848766,1.3835477
0.1169,2.5060639,1.3918141
0.117,2.5266948,1.4000809
0.1171,2.5467575,1.4083481
0.1172,2.566241,1.4166156
0.1173,2.5851347,1.4248835
0.1174,2.6034281,1.4331517
0.1175,2.6211121,1.4414203
0.1176,2.6381772,1.4496894
0.1177,2.6546147,1.4579587
0.1178,2.6704168,1.4662284
0.1179,2.685576,1.4744984
0.118,2.7000852,1.4827688
0.1181,2.713938,1.4910396
0.1182,2.727129,1.4993107
0.1183,2.7396526,1.5075822
0.1184,2.7515044,1.5158541
0.1185,2.7626801,1.5241263
0.1186,2.7731767,1.5323988
0.1187,2.7829912,1.5406718
0.1188,2.7921214,1.5489451
0.1189,2.800566,1.5572187
0.119,2.8083236,1.5654927
0.1191,2.8153946,1.5737671
0.1192,2.8217788,1.5820419
0.1193,2.8274772,1.5903169
0.1194,2.8324914,1.5985923
0.1195,2.8368239,1.6068681
0.1196,2.8404777,1.6151443
0.1197,2.8434558,1.6234208
0.1198,2.8457627,1.6316977
0.1199,2.8474028,1.639975
0.12,2.848382,1.6482525
0.1201,2.8487062,1.6565304
0.1202,2.8483818,1.6648088
0.1203,2.8474162,1.6730874
0.1204,2.8458173,1.6813664
0.1205,2.8435936,1.6896458
0.1206,2.840754,1.6979254
0.1207,2.8373086,1.7062056
0.1208,2.8332672,1.714486
0.1209,2.8286409,1.7227668
0.121,2.823441,1.731048
0.1211,2.8176794,1.7393295
0.1212,2.8113689,1.7476113
0.1213,2.8045223,1.7558936
0.1214,2.7971532,1.7641761
0.1215,2.7892759,1.772459
0.1216,2.7809048,1.7807423
0.1217,2.7720551,1.789026
0.1218,2.7627423,1.79731
0.1219,2.7529826,1.8055943
0.122,2.7427924,1.813879
0.1221,2.7321885,1.8221641
0.1222,2.7211883,1.8304495
0.1223,2.7098098,1.8387353
0.1224,2.698071,1.8470215
0.1225,2.6859903,1.8553079
0.1226,2.6735866,1.8635948
0.1227,2.6608794,1.871882
0.1228,2.6478879,1.8801695
0.1229,2.6346323,1.8884574
0.123,2.6211324,1.8967456
0.1231,2.6074085,1.9050342
0.1232,2.5934818,1.9133232
0.1233,2.5793726,1.9216125
0.1234,2.5651023,1.9299022
0.1235,2.5506918,1.9381921
0.1236,2.5361631,1.9464825
0.1237,2.5215375,1.9547733
0.1238,2.5068367,1.9630643
0.1239,2.4920824,1.9713558
0.124,2.4772966,1.9796475
0.1241,2.4625013,1.9879397
0.1242,2.4477186,1.9962322
0.1243,2.4329703,2.0045249
0.1244,2.4182785,2.0128183
0.1245,2.4036653,2.0211117
0.1246,2.3891525,2.0294056
0.1247,2.3747623,2.0376999
0.1248,2.3605161,2.0459945
0.1249,2.346436,2.0542896
0.125,2.3325434,2.0625849
0.1251,2.3188596,2.0708804
0.1252,2.3054059,2.0791764
0.12530001,2.2922034,2.0874729
0.12540001,2.279273,2.0957694
0.12549999,2.2666352,2.1040666
0.1256,2.2543106,2.1123641
0.1257,2.2423189,2.1206617
0.1258,2.2306798,2.1289599
0.1259,2.2194133,2.1372583
0.126,2.2085378,2.1455572
0.1261,2.1980727,2.1538563
0.12620001,2.188036,2.1621559
0.12630001,2.1784458,2.1704557
0.12639999,2.1693196,2.178756
0.1265,2.1606746,2.1870565
0.1266,2.1525273,2.1953573
0.1267,2.1448944,2.2036586
0.1268,2.1377909,2.2119603
0.1269,2.1312325,2.2202623
0.127,2.1252339,2.2285645
0.12710001,2.1198092,2.2368672
0.12720001,2.1149721,2.2451701
0.12729999,2.1107354,2.2534735
0.1274,2.1071119,2.2617772
0.1275,2.1041133,2.2700813
0.1276,2.1017511,2.2783856
0.1277,2.1000357,2.2866905
0.1278,2.0989773,2.2949955
0.1279,2.0985854,2.3033011
0.12800001,2.0988688,2.3116069
0.12809999,2.0998354,2.3199129
0.12819999,2.1014929,2.3282194
0.1283,2.103848,2.3365262
0.1284,2.1069069,2.3448334
0.1285,2.1106746,2.3531411
0.1286,2.1151564,2.3614488
0.1287,2.1203558,2.3697572
0.1288,2.1262765,2.3780656
0.12890001,2.132921,2.3863747
0.12899999,2.1402912,2.3946838
0.12909999,2.1483881,2.4029934
0.1292,2.1572127,2.4113035
0.1293,2.1667643,2.4196138
0.1294,2.1770418,2.4279244
0.1295,2.1880441,2.4362354
0.1296,2.1997683,2.4445467
0.12970001,2.2122116,2.4528584
0.12980001,2.2253702,2.4611704
0.12989999,2.2392392,2.4694829
0.13,2.253814,2.4777956
0.1301,2.2690883,2.4861088
0.1302,2.2850556,2.4944222
0.1303,2.3017087,2.5027359
0.1304,2.3190393,2.51105
0.1305,2.3370392,2.5193644
0.13060001,2.3556991,2.5276792
0.13070001,2.3750086,2.5359943
0.13079999,2.3949575,2.5443099
0.1309,2.4155347,2.5526257
0.131,2.436728,2.5609419
0.1311,2.4585252,2.5692585
0.1312,2.4809132,2.5775752
0.1313,2.5038786,2.5858924
0.1314,2.5274067,2.5942101
0.13150001,2.5514834,2.6025279
0.13160001,2.576093,2.6108463
0.13169999,2.6012197,2.6191647
0.1318,2.6268473,2.6274836
0.1319,2.6529591,2.635803
0.132,2.6795375,2.6441226
0.1321,2.7065651,2.6524425
0.1322,2.7340238,2.6607628
0.1323,2.7618947,2.6690836
0.13240001,2.790159,2.6774044
0.13249999,2.8187971,2.6857259
0.13259999,2.8477895,2.6940475
0.1327,2.877116,2.7023695
0.1328,2.9067559,2.7106919
0.1329,2.9366891,2.7190146
0.133,2.9668939,2.7273376
0.1331,2.9973497,2.735661
0.1332,3.0280344,2.7439847
0.13330001,3.0589268,2.7523088
0.13339999,3.0900044,2.7606332
0.13349999,3.1212456,2.7689581
0.1336,3.1526279,2.7772832
0.1337,3.184129,2.7856085
0.1338,3.2157261,2.7939343
0.1339,3.2473967,2.8022604
0.134,3.2791185,2.8105869
0.13410001,3.3108683,2.8189137
0.13420001,3.3426237,2.8272407
0.13429999,3.3743618,2.8355682
0.1344,3.40606,2.8438962
0.1345,3.4376953,2.8522243
0.1346,3.4692454,2.8605528
0.1347,3.5006876,2.8688817
0.1348,3.5319996,2.8772109
0.1349,3.5631592,2.8855402
0.13500001,3.5941439,2.8938701
0.13510001,3.6249323,2.9022005
0.13519999,3.6555018,2.9105308
0.1353,3.6858318,2.9188619
0.1354,3.7159002,2.9271929
0.1355,3.7456865,2.9355245
0.1356,3.7751694,2.9438565
0.1357,3.8043289,2.9521887
0.1358,3.8331444,2.9605212
0.13590001,3.8615961,2.9688542
0.13600001,3.8896649,2.9771874
0.13609999,3.9173312,2.9855211
0.1362,3.9445765,2.993855
0.1363,3.9713824,3.0021892
0.1364,3.997731,3.0105238
0.1365,4.0236049,3.0188587
0.1366,4.0489869,3.027194
0.1367,4.0738606,3.0355296
0.13680001,4.0982099,3.0438657
0.13689999,4.1220193,3.052202
0.13699999,4.1452737,3.0605385
0.1371,4.1679587,3.0688756
0.1372,4.1900601,3.0772128
0.1373,4.2115645,3.0855503
0.1374,4.2324595,3.0938883
0.1375,4.2527323,3.1022267
0.1376,4.2723718,3.1105654
0.13770001,4.2913666,3.1189044
0.13779999,4.3097057,3.1272438
0.13789999,4.3273802,3.1355834
0.138,4.3443804,3.1439233
0.1381,4.3606982,3.1522636
0.1382,4.3763247,3.1606042
0.1383,4.3912539,3.1689453
0.1384,4.405478,3.1772866
0.13850001,4.418992,3.1856284
0.13860001,4.4317899,3.1939704
0.13869999,4.4438677,3.2023127
0.1388,4.4552212,3.2106555
0.1389,4.4658475,3.2189984
0.139,4.4757433,3.2273417
0.1391,4.4849076,3.2356853
0.1392,4.4933386,3.2440295
0.1393,4.5010362,3.2523737
0.13940001,4.5080004,3.2607183
0.13950001,4.5142322,3.2690635
0.13959999,4.519733,3.2774088
0.1397,4.5245056,3.2857544
0.1398,4.5285525,3.2941005
0.1399,4.5318775,3.3024468
0.14,4.5344849,3.3107936
0.1401,4.5363798,3.3191407
0.1402,4.5375681,3.3274879
0.14030001,4.5380554,3.3358357
0.14040001,4.5378494,3.3441837
0.14049999,4.5369573,3.3525321
0.1406,4.5353875,3.3608809
0.1407,4.5331492,3.3692298
0.1408,4.5302515,3.3775792
0.1409,4.5267053,3.3859289
0.141,4.5225205,3.3942788
0.1411,4.5177093,3.4026291
0.14120001,4.5122828,3.41098
0.14129999,4.5062547,3.4193308
0.14139999,4.4996371,3.4276822
0.1415,4.4924445,3.436034
0.1416,4.4846902,3.444386
0.1417,4.4763899,3.4527383
0.1418,4.4675584,3.461091
0.1419,4.4582114,3.469444
0.142,4.4483652,3.4777973
0.14210001,4.4380369,3.486151
0.14219999,4.4272432,3.4945049
0.14229999,4.4160023,3.5028594
0.1424,4.4043317,3.511214
0.1425,4.3922501,3.5195689
0.1426,4.379776,3.5279243
0.1427,4.3669291,3.5362799
0.1428,4.3537288,3.544636
0.1429,4.3401952,3.5529923
0.14300001,4.3263478,3.5613489
0.14309999,4.3122082,3.569706
0.1432,4.2977967,3.5780632
0.1433,4.283134,3.5864208
0.1434,4.2682419,3.5947788
0.1435,4.2531419,3.603137
0.1436,4.2378554,3.6114957
0.1437,4.2224045,3.6198547
0.14380001,4.206811,3.6282139
0.14390001,4.1910977,3.6365736
0.14399999,4.1752863,3.6449335
0.1441,4.1594,3.6532936
0.1442,4.1434603,3.6616542
0.1443,4.12749,3.6700153
0.1444,4.1115117,3.6783764
0.1445,4.0955486,3.686738
0.1446,4.0796227,3.6951001
0.14470001,4.063756,3.7034621
0.14480001,4.0479722,3.7118249
0.14489999,4.0322928,3.7201877
0.145,4.0167403,3.7285509
0.1451,4.0013366,3.7369144
0.1452,3.9861042,3.7452784
0.1453,3.9710648,3.7536426
0.1454,3.9562399,3.762007
0.1455,3.9416513,3.7703719
0.14560001,3.92732,3.7787371
0.14569999,3.9132669,3.7871027
0.14579999,3.899513,3.7954686
0.1459,3.8860784,3.8038347
0.146,3.8729837,3.812201
0.1461,3.8602483,3.8205678
0.1462,3.8478918,3.8289351
0.1463,3.8359334,3.8373024
0.1464,3.8243916,3.8456702
0.14650001,3.8132849,3.8540385
0.14659999,3.8026309,3.862407
0.14669999,3.7924476,3.8707757
0.1468,3.7827513,3.8791447
0.1469,3.7735589,3.8875141
0.147,3.7648861,3.895884
0.1471,3.7567492,3.904254
0.1472,3.7491622,3.9126244
0.1473,3.7421403,3.9209952
0.14740001,3.735697,3.9293661
0.14749999,3.7298458,3.9377375
0.1476,3.7245996,3.9461093
0.1477,3.7199705,3.9544814
0.1478,3.7159698,3.9628537
0.1479,3.7126088,3.9712262
0.148,3.709898,3.9795992
0.1481,3.7078466,3.9879725
0.14820001,3.7064641,3.9963462
0.14830001,3.7057588,4.0047202
0.14839999,3.7057383,4.0130944
0.1485,3.7064099,4.0214691
0.1486,3.7077799,4.0298443
0.1487,3.7098541,4.0382195
0.1488,3.7126377,4.0465951
0.1489,3.7161348,4.0549707
0.149,3.7203491,4.0633469
0.14910001,3.7252836,4.0717235
0.14920001,3.7309406,4.0801005
0.14929999,3.7373216,4.0884776
0.1494,3.7444274,4.0968552
0.1495,3.7522585,4.1052332
0.1496,3.760814,4.1136112
0.1497,3.7700925,4.1219897
0.1498,3.7800922,4.1303682
0.1499,3.7908108,4.1387477
0.15000001,3.8022444,4.1471272
0.15009999,3.814389,4.1555066
0.15019999,3.82724,4.163887
0.1503,3.8407922,4.1722674
0.1504,3.8550389,4.1806479
0.1505,3.8699737,4.1890292
0.1506,3.8855891,4.1974106
0.1507,3.9018769,4.205792
0.1508,3.9188285,4.2141743
0.15090001,3.9364343,4.2225566
0.15099999,3.9546843,4.2309394
0.15109999,3.973568,4.2393222
0.1512,3.9930739,4.2477055
0.1513,4.0131903,4.2560892
0.1514,4.0339046,4.264473
0.1515,4.0552039,4.2728572
0.1516,4.0770745,4.2812419
0.1517,4.0995026,4.2896266
0.15180001,4.1224732,4.2980118
0.15189999,4.1459713,4.3063974
0.152,4.169981,4.3147836
0.1521,4.1944861,4.3231697
0.1522,4.2194705,4.3315558
0.1523,4.2449169,4.3399429
0.1524,4.2708077,4.34833
0.1525,4.2971244,4.3567176
0.15260001,4.3238497,4.3651052
0.15270001,4.3509641,4.3734932
0.15279999,4.378449,4.3818817
0.1529,4.4062848,4.3902702
0.153,4.4344516,4.3986592
0.1531,4.4629297,4.4070487
0.1532,4.4916987,4.4154387
0.1533,4.5207376,4.4238286
0.1534,4.5500259,4.4322186
0.15350001,4.5795431,4.4406095
0.15360001,4.6092668,4.4490004
0.15369999,4.6391759,4.4573917
0.1538,4.6692495,4.4657831
0.1539,4.6994653,4.474175
0.154,4.7298012,4.4825673
0.1541,4.7602358,4.4909596
0.1542,4.7907467,4.4993525
0.1543,4.821312,4.5077457
0.15440001,4.8519096,4.5161395
0.15449999,4.8825173,4.5245333
0.15459999,4.9131126,4.532927
0.1547,4.9436741,4.5413218
0.1548,4.9741797,4.5497165
0.1549,5.0046067,4.5581112
0.155,5.034934,4.5665069
0.1551,5.0651393,4.5749025
0.1552,5.0952015,4.5832987
0.15530001,5.1250987,4.5916948
0.15539999,5.15481,4.6000915
0.15549999,5.1843143,4.6084886
0.1556,5.2135901,4.6168857
0.1557,5.2426171,4.6252832
0.1558,5.2713752,4.6336813
0.1559,5.2998443,4.6420794
0.156,5.3280039,4.6504779
0.1561,5.3558354,4.6588769
0.15620001,5.3833189,4.6672759
0.15629999,5.4104362,4.6756754
0.1564,5.4371681,4.6840749
0.1565,5.4634972,4.6924753
0.1566,5.4894052,4.7008758
0.1567,5.5148754,4.7092762
0.1568,5.5398908,4.7176771
0.1569,5.5644345,4.7260785
0.15700001,5.588491,4.7344804
0.15710001,5.6120448,4.7428823
0.15719999,5.6350813,4.7512846
0.1573,5.6575851,4.7596869
0.1574,5.6795425,4.7680902
0.1575,5.7009411,4.7764931
0.1576,5.7217665,4.7848969
0.1577,5.7420073,4.7933006
0.1578,5.761651,4.8017049
0.15790001,5.7806873,4.8101091
0.15800001,5.7991052,4.8185139
0.15809999,5.8168941,4.8269191
0.1582,5.8340449,4.8353243
0.1583,5.8505487,4.8437304
0.1584,5.8663974,4.8521361
0.1585,5.8815837,4.8605428
0.1586,5.8961,4.8689494
0.1587,5.9099402,4.8773561
0.15880001,5.9230986,4.8857636
0.15889999,5.9355702,4.8941712
0.15899999,5.9473505,4.9025788
0.1591,5.9584355,4.9109874
0.1592,5.9688225,4.9193954
0.1593,5.9785089,4.9278045
0.1594,5.987493,4.9362135
0.1595,5.9957733,4.944623
0.1596,6.0033498,4.953033
0.15970001,6.010222,4.9614429
0.15979999,6.0163913,4.9698534
0.15989999,6.0218596,4.9782639
0.16,6.026628,4.9866748
0.1601,6.0307002,4.9950862
0.1602,6.0340791,5.0034976
0.1603,6.0367689,5.0119095
0.1604,6.0387745,5.0203218
0.1605,6.0401015,5.0287347
0.16060001,6.0407557,5.0371475
0.16069999,6.0407438,5.0455604
0.1608,6.0400729,5.0539742
0.1609,6.0387511,5.0623875
0.161,6.036787,5.0708017
0.1611,6.0341892,5.079216
0.1612,6.0309677,5.0876307
0.1613,6.027133,5.096046
0.16140001,6.0226955,5.1044612
0.16150001,6.0176668,5.1128769
0.16159999,6.0120587,5.1212926
0.1617,6.0058842,5.1297088
0.1618,5.9991555,5.1381254
0.1619,5.9918871,5.1465421
0.162,5.9840922,5.1549597
0.1621,5.9757857,5.1633768
0.1622,5.9669828,5.1717949
0.16230001,5.9576988,5.1802125
0.16240001,5.9479489,5.1886311
0.16249999,5.9377508,5.1970496
0.1626,5.9271202,5.2054687
0.1627,5.9160748,5.2138882
0.1628,5.9046321,5.2223077
0.1629,5.8928094,5.2307277
0.163,5.8806262,5.2391477
0.1631,5.8680997,5.2475681
0.16320001,5.8552499,5.2559891
0.16329999,5.8420959,5.26441
0.16339999,5.8286567,5.2728319
0.1635,5.8149524,5.2812533
0.1636,5.801003,5.2896752
0.1637,5.786829,5.2980976
0.1638,5.7724504,5.3065205
0.1639,5.7578883,5.3149433
0.164,5.7431631,5.3233666
0.16410001,5.7282963,5.3317904
0.16419999,5.7133088,5.3402143
0.16429999,5.6982212,5.3486381
0.1644,5.6830559,5.3570628
0.1645,5.6678333,5.3654876
0.1646,5.6525755,5.3739128
0.1647,5.6373038,5.382338
0.1648,5.6220393,5.3907638
0.1649,5.6068044,5.3991895
0.16500001,5.5916195,5.4076161
0.16509999,5.5765061,5.4160428
0.1652,5.5614862,5.4244695
0.1653,5.5465808,5.4328966
0.1654,5.5318103,5.4413242
0.1655,5.5171967,5.4497519
0.1656,5.5027599,5.45818
0.1657,5.4885216,5.4666085
0.16580001,5.4745011,5.4750371
0.16590001,5.4607196,5.4834661
0.16599999,5.4471965,5.4918957
0.1661,5.4339514,5.5003252
0.1662,5.4210048,5.5087552
0.1663,5.4083748,5.5171852
0.1664,5.396081,5.5256157
0.1665,5.3841419,5.5340466
0.1666,5.3725758,5.5424781
0.16670001,5.3614001,5.5509095
0.16680001,5.3506322,5.559341
0.16689999,5.3402901,5.5677729
0.167,5.33039,5.5762053
0.1671,5.3209481,5.5846381
0.1672,5.3119798,5.593071
0.1673,5.3035016,5.6015043
0.1674,5.2955275,5.6099377
0.1675,5.2880716,5.6183715
0.16760001,5.2811489,5.6268058
0.16769999,5.2747722,5.6352401
0.16779999,5.2689543,5.6436749
0.1679,5.2637072,5.6521101
0.168,5.2590432,5.6605453
0.1681,5.2549739,5.6689811
0.1682,5.2515087,5.6774168
0.1683,5.2486587,5.685853
0.1684,5.2464323,5.6942897
0.16850001,5.2448397,5.7027264
0.16859999,5.2438879,5.7111635
0.16869999,5.2435851,5.7196012
0.1688,5.2439384,5.7280388
0.1689,5.2449536,5.7364769
0.169,5.2466369,5.744915
0.1691,5.2489934,5.7533536
0.1692,5.252027,5.7617927
0.1693,5.2557416,5.7702317
0.16940001,5.2601404,5.7786713
0.16949999,5.2652264,5.7871113
0.1696,5.2710004,5.7955513
0.1697,5.2774634,5.8039918
0.1698,5.2846169,5.8124323
0.1699,5.2924604,5.8208733
0.17,5.300992,5.8293147
0.1701,5.3102112,5.8377562
0.17020001,5.3201156,5.8461981
0.17030001,5.3307018,5.8546405
0.17039999,5.3419671,5.8630829
0.1705,5.3539066,5.8715258
0.1706,5.3665156,5.8799686
0.1707,5.3797884,5.888412
0.1708,5.3937197,5.8968558
0.1709,5.4083018,5.9052997
0.171,5.4235282,5.913744
0.17110001,5.4393902,5.9221883
0.17120001,5.4558797,5.9306335
0.17129999,5.4729872,5.9390783
0.1714,5.4907031,5.9475241
0.1715,5.5090165,5.9559698
0.1716,5.5279174,5.9644156
0.1717,5.5473938,5.9728618
0.1718,5.5674338,5.9813085
0.1719,5.5880246,5.9897556
0.17200001,5.6091537,5.9982028
0.17209999,5.6308064,6.0066504
0.17219999,5.6529698,6.0150981
0.1723,5.6756287,6.0235462
0.1724,5.6987681,6.0319943
0.1725,5.722373,6.0404434
0.1726,5.7464271,6.048892
0.1727,5.7709141,6.0573416
0.1728,5.7958169,6.0657911
0.17290001,5.8211193,6.0742407
0.17299999,5.8468032,6.0826912
0.17309999,5.8728509,6.0911412
0.1732,5.8992438,6.0995922
0.1733,5.9259644,6.1080432
0.1734,5.9529929,6.1164947
0.1735,5.9803109,6.1249461
0.1736,6.0078993,6.1333981
0.1737,6.035738,6.14185
0.17380001,6.063807,6.1503029
0.17389999,6.0920873,6.1587553
0.17399999,6.1205578,6.1672087
0.1741,6.1491985,6.175662
0.1742,6.1779895,6.1841154
0.1743,6.2069092,6.1925697
0.1744,6.2359381,6.2010236
0.1745,6.2650542,6.2094784
0.17460001,6.2942371,6.2179332
0.17470001,6.3234668,6.226388
0.17479999,6.3527212,6.2348437
0.1749,6.3819799,6.2432995
0.175,6.411222,6.2517552
0.1751,6.4404268,6.2602115
0.1752,6.4695735,6.2686682
0.1753,6.498641,6.2771249
0.1754,6.5276089,6.2855821
0.17550001,6.5564566,6.2940397
0.17560001,6.5851641,6.3024974
0.17569999,6.6137109,6.3109555
0.1758,6.6420765,6.3194137
0.1759,6.6702423,6.3278723
0.176,6.6981874,6.3363309
0.1761,6.725893,6.3447905
0.1762,6.7533393,6.3532495
0.1763,6.7805085,6.3617096
0.17640001,6.8073812,6.3701696
0.17649999,6.8339391,6.3786297
0.17659999,6.8601642,6.3870907
0.1767,6.8860388,6.3955512
0.1768,6.9115462,6.4040127
0.1769,6.9366684,6.4124742
0.177,6.9613891,6.4209356
0.1771,6.9856925,6.4293981
0.1772,7.0095625,6.43786
0.17730001,7.0329838,6.4463229
0.17739999,7.0559416,6.4547858
0.17749999,7.0784211,6.4632492
0.1776,7.1004081,6.4717126
0.1777,7.1218896,6.4801764
0.1778,7.1428518,6.4886403
0.1779,7.1632829,6.4971046
0.178,7.1831703,6.5055695
0.1781,7.2025032,6.5140343
0.17820001,7.2212696,6.5224996
0.17829999,7.239459,6.5309649
0.17839999,7.2570624,6.5394306
0.1785,7.2740698,6.5478969
0.1786,7.2904725,6.5563631
0.1787,7.306262,6.5648298
0.1788,7.3214312,6.573297
0.1789,7.3359723,6.5817642
0.17900001,7.3498793,6.5902314
0.17910001,7.3631463,6.5986996
0.17919999,7.3757677,6.6071672
0.1793,7.3877392,6.6156359
0.1794,7.3990564,6.6241045
0.1795,7.4097161,6.6325736
0.1796,7.4197154,6.6410427
0.1797,7.4290519,6.6495123
0.1798,7.4377241,6.6579819
0.17990001,7.4457307,6.6664519
0.18000001,7.4530716,6.6749225
0.18009999,7.4597473,6.683393
0.1802,7.4657583,6.691864
0.1803,7.4711065,6.700335
0.1804,7.4757934,6.7088065
0.1805,7.4798217,6.7172785
0.1806,7.4831953,6.7257504
0.1807,7.485918,6.7342229
0.18080001,7.4879937,6.7426953
0.18089999,7.4894285,6.7511683
0.18099999,7.4902272,6.7596416
0.1811,7.490397,6.768115
0.1812,7.4899445,6.7765889
0.1813,7.4888763,6.7850628
0.1814,7.4872017,6.7935371
0.1815,7.4849286,6.8020115
0.1816,7.4820666,6.8104868
0.18170001,7.4786253,6.8189616
0.18179999,7.4746141,6.8274374
0.18189999,7.4700451,6.8359132
0.182,7.4649286,6.844389
0.1821,7.4592772,6.8528652
0.1822,7.4531021,6.861342
0.1823,7.4464169,6.8698187
0.1824,7.4392347,6.8782959
0.1825,7.4315686,6.8867731
0.18260001,7.4234338,6.8952508
0.18269999,7.414844,6.903729
0.18279999,7.4058146,6.9122071
0.1829,7.3963609,6.9206858
0.183,7.3864989,6.9291649
0.1831,7.3762441,6.937644
0.1832,7.3656139,6.9461231
0.1833,7.3546243,6.9546027
0.18340001,7.3432932,6.9630828
0.18350001,7.3316379,6.9715629
0.18359999,7.3196759,6.9800434
0.1837,7.307426,6.9885244
0.1838,7.2949061,6.9970055
0.1839,7.2821345,7.005487
0.184,7.2691307,7.0139685
0.1841,7.2559133,7.0224504
0.1842,7.2425017,7.0309324
0.18430001,7.2289152,7.0394149
0.18440001,7.2151742,7.0478978
0.18449999,7.2012973,7.0563807
0.1846,7.1873045,7.0648642
0.1847,7.1732163,7.0733476
0.1848,7.1590528,7.0818315
0.1849,7.1448336,7.0903158
0.185,7.130579,7.0988002
0.1851,7.1163096,7.1072845
0.18520001,7.1020451,7.1157699
0.18529999,7.0878057,7.1242547
0.18539999,7.0736117,7.1327405
0.1855,7.0594835,7.1412263
0.1856,7.0454407,7.1497126
0.1857,7.0315037,7.1581988
0.1858,7.0176916,7.1666851
0.1859,7.004025,7.1751723
0.186,6.9905233,7.1836596
0.18610001,6.9772053,7.1921468
0.18619999,6.9640913,7.2006345
0.18629999,6.9511995,7.2091227
0.1864,6.938549,7.2176108
0.1865,6.9261584,7.2260995
0.1866,6.9140463,7.2345886
0.1867,6.9022307,7.2430773
0.1868,6.890729,7.2515669
0.1869,6.8795595,7.2600565
0.18700001,6.8687387,7.2685466
0.18709999,6.8582835,7.2770367
0.18719999,6.8482108,7.2855272
0.1873,6.8385363,7.2940183
0.1874,6.8292761,7.3025093
0.1875,6.8204455,7.3110003
0.1876,6.8120594,7.3194919
0.1877,6.8041325,7.3279839
0.18780001,6.7966781,7.3364758
0.18790001,6.789711,7.3449683
0.18799999,6.7832432,7.3534613
0.1881,6.777288,7.3619542
0.1882,6.7718577,7.3704476
0.1883,6.766964,7.3789411
0.1884,6.7626171,7.387435
0.1885,6.7588291,7.3959289
0.1886,6.755609,7.4044232
0.18870001,6.7529669,7.4129176
0.18880001,6.7509112,7.4214125
0.18889999,6.7494512,7.4299078
0.189,6.7485943,7.4384031
0.1891,6.7483478,7.4468989
0.1892,6.7487178,7.4553947
0.1893,6.7497115,7.463891
0.1894,6.7513342,7.4723878
0.1895,6.7535901,7.4808846
0.18960001,6.756484,7.4893818
0.18970001,6.7600198,7.497879
0.18979999,6.7642002,7.5063767
0.1899,6.7690272,7.5148745
0.19,6.7745037,7.5233727
0.1901,6.7806301,7.5318708
0.1902,6.7874074,7.5403695
0.1903,6.7948356,7.5488687
0.1904,6.8029137,7.5573678
0.19050001,6.8116407,7.5658674
0.19059999,6.8210149,7.574367
0.19069999,6.8310332,7.5828671
0.1908,6.8416929,7.5913677
0.1909,6.8529902,7.5998683
0.191,6.8649206,7.6083689
0.1911,6.8774791,7.6168704
0.1912,6.8906608,7.6253715
0.1913,6.9044585,7.6338735
0.19140001,6.9188666,7.6423755
0.19149999,6.9338775,7.6508775
0.19159999,6.9494824,7.65938
0.1917,6.9656744,7.6678829
0.1918,6.9824433,7.6763859
0.1919,6.9997802,7.6848888
0.192,7.0176744,7.6933928
0.1921,7.0361166,7.7018967
0.19220001,7.0550942,7.7104006
0.19230001,7.0745969,7.718905
0.19239999,7.0946116,7.7274098
0.1925,7.1151261,7.7359147
0.1926,7.1361275,7.7444196
0.1927,7.1576023,7.7529249
0.1928,7.1795368,7.7614307
0.1929,7.2019162,7.769937
0.193,7.2247257,7.7784429
0.19310001,7.2479506,7.7869496
0.19320001,7.271575,7.7954564
0.19329999,7.2955832,7.8039637
0.1934,7.3199592,7.8124709
0.1935,7.3446856,7.8209782
0.1936,7.3697462,7.8294864
0.1937,7.3951235,7.8379946
0.1938,7.4208002,7.8465028
0.1939,7.4467583,7.8550115
0.19400001,7.47298,7.8635201
0.19410001,7.4994473,7.8720293
0.19419999,7.5261412,7.8805389
0.1943,7.5530434,7.8890486
0.1944,7.5801349,7.8975587
0.1945,7.6073966,7.9060688
0.1946,7.63481,7.9145794
0.1947,7.6623549,7.9230905
0.1948,7.6900129,7.9316015
0.19490001,7.7177639,7.9401126
0.19499999,7.7455888,7.9486241
0.19509999,7.7734675,7.9571362
0.1952,7.8013811,7.9656482
0.1953,7.8293095,7.9741607
0.1954,7.857233,7.9826732
0.1955,7.8851323,7.9911861
0.1956,7.9129882,7.9996991
0.1957,7.9407806,8.008213
0.19580001,7.9684906,8.0167265
0.19589999,7.9960985,8.0252399
0.19599999,8.0235853,8.0337543
0.1961,8.0509319,8.0422688
0.1962,8.0781193,8.0507841
0.1963,8.1051292,8.0592985
0.1964,8.1319418,8.0678139
0.1965,8.1585407,8.0763302
0.19660001,8.184907,8.0848455
0.19670001,8.2110224,8.0933619
0.19679999,8.2368689,8.1018782
0.1969,8.2624302,8.1103945
0.197,8.2876892,8.1189117
0.1971,8.3126287,8.127429
0.1972,8.3372316,8.1359463
0.1973,8.3614826,8.1444635
0.1974,8.3853655,8.1529818
0.19750001,8.408865,8.1615
0.19760001,8.4319668,8.1700182
0.19769999,8.4546556,8.1785364
0.1978,8.4769163,8.1870556
0.1979,8.4987364,8.1955748
0.198,8.5201015,8.2040949
0.1981,8.5409994,8.2126141
0.1982,8.5614166,8.2211342
0.1983,8.5813427,8.2296543
0.19840001,8.6007633,8.2381754
0.19850001,8.6196699,8.2466955
0.19859999,8.638051,8.2552166
0.1987,8.6558952,8.2637386
0.1988,8.6731949,8.2722597
0.1989,8.6899395,8.2807817
0.199,8.7061205,8.2893038
0.1991,8.7217312,8.2978258
0.1992,8.736762,8.3063488
0.19930001,8.7512074,8.3148718
0.19939999,8.7650595,8.3233948
0.19949999,8.7783146,8.3319178
0.1996,8.7909651,8.3404417
0.1997,8.8030071,8.3489656
0.1998,8.8144369,8.3574896
0.1999,8.8252506,8.3660145
0.2,8.8354445,8.3745394
0.2001,8.8450165,8.3830643
0.20020001,8.8539648,8.3915892
0.20029999,8.8622875,8.4001141
0.20039999,8.8699846,8.4086399
0.2005,8.8770552,8.4171667
0.2006,8.8835011,8.4256926
0.2007,8.8893213,8.4342194
0.2008,8.8945179,8.4427462
0.2009,8.8990946,8.451273
0.20100001,8.9030523,8.4597998
0.20110001,8.906395,8.4683275
0.20119999,8.9091253,8.4768553
0.2013,8.9112501,8.485383
0.2014,8.9127722,8.4939117
0.2015,8.9136982,8.5024405
0.2016,8.9140339,8.5109692
0.2017,8.913785,8.5194979
0.2018,8.9129601,8.5280275
0.20190001,8.9115658,8.5365572
0.20200001,8.9096107,8.5450869
0.20209999,8.9071035,8.5536165
0.2022,8.9040527,8.5621471
0.2023,8.9004688,8.5706778
0.2024,8.8963623,8.5792084
0.2025,8.8917437,8.5877399
0.2026,8.8866234,8.5962715
0.2027,8.8810129,8.6048031
0.20280001,8.8749256,8.6133347
0.20290001,8.8683729,8.6218672
0.20299999,8.8613672,8.6303997
0.2031,8.8539228,8.6389322
0.2032,8.8460541,8.6474648
0.2033,8.8377733,8.6559982
0.2034,8.8290958,8.6645317
0.2035,8.8200369,8.6730652
0.2036,8.8106117,8.6815987
0.20370001,8.8008356,8.6901331
0.20379999,8.7907238,8.6986675
0.20389999,8.7802925,8.707202
0.204,8.7695589,8.7157373
0.2041,8.7585392,8.7242727
0.2042,8.7472515,8.7328081
0.2043,8.7357111,8.7413435
0.2044,8.723937,8.7498798
0.2045,8.7119465,8.7584162
0.20460001,8.6997566,8.7669525
0.20469999,8.6873865,8.7754889
0.20479999,8.6748543,8.7840261
0.2049,8.6621771,8.7925634
0.205,8.649375,8.8011007
0.2051,8.6364651,8.809638
0.2052,8.6234674,8.8181763
0.2053,8.6104002,8.8267145
0.2054,8.5972824,8.8352528
0.20550001,8.5841322,8.843792
0.20559999,8.5709696,8.8523312
0.2057,8.5578127,8.8608704
0.2058,8.5446806,8.8694096
0.2059,8.5315924,8.8779497
0.206,8.5185661,8.8864889
0.2061,8.5056219,8.89503
0.2062,8.4927769,8.9035702
0.20630001,8.4800501,8.9121103
0.20640001,8.4674616,8.9206514
0.20649999,8.4550276,8.9291935
0.2066,8.4427662,8.9377346
0.2067,8.4306974,8.9462767
0.2068,8.4188375,8.9548187
0.2069,8.4072046,8.9633608
0.207,8.3958158,8.9719028
0.2071,8.3846893,8.9804459
0.20720001,8.3738403,8.9889889
0.20730001,8.363287,8.9975319
0.20739999,8.3530445,9.0060759
0.2075,8.3431301,9.0146189
0.2076,8.3335581,9.0231628
0.2077,8.3243456,9.0317078
0.2078,8.3155069,9.0402517
0.2079,8.3070564,9.0487967
0.208,8.2990084,9.0573416
0.20810001,8.291378,9.0658865
0.20819999,8.2841778,9.0744324
0.20829999,8.277421,9.0829782
0.2084,8.271121,9.0915241
0.2085,8.2652903,9.10007
0.2086,8.2599392,9.1086168
0.2087,8.2550802,9.1171637
0.2088,8.2507238,9.1257105
0.2089,8.2468815,9.1342583
0.20900001,8.2435617,9.1428051
0.20909999,8.2407751,9.1513529
0.20919999,8.2385302,9.1599007
0.2093,8.2368355,9.1684494
0.2094,8.2356997,9.1769972
0.2095,8.2351284,9.1855459
0.2096,8.2351294,9.1940956
0.2097,8.2357101,9.2026443
0.2098,8.2368746,9.211194
0.20990001,8.2386293,9.2197437
0.20999999,8.2409773,9.2282934
0.2101,8.2439241,9.2368441
0.2102,8.2474737,9.2453938
0.2103,8.251627,9.2539444
0.2104,8.2563887,9.262496
0.2105,8.2617579,9.2710466
0.2106,8.2677383,9.2795982
0.21070001,8.2743292,9.2881498
0.21080001,8.2815313,9.2967014
0.21089999,8.2893438,9.305254
0.211,8.2977648,9.3138065
0.2111,8.3067942,9.3223591
0.2112,8.3164282,9.3309116
0.2113,8.3266659,9.3394651
0.2114,8.3375015,9.3480186
0.2115,8.3489323,9.3565722
0.21160001,8.3609543,9.3651257
0.21170001,8.3735619,9.3736801
0.21179999,8.3867493,9.3822346
0.2119,8.4005108,9.390789
0.212,8.4148388,9.3993435
0.2121,8.4297266,9.4078989
0.2122,8.4451675,9.4164543
0.2123,8.4611511,9.4250097
0.2124,8.4776697,9.4335651
0.21250001,8.4947147,9.4421215
0.21259999,8.5122757,9.4506779
0.21269999,8.5303421,9.4592342
0.2128,8.5489035,9.4677916
0.2129,8.5679483,9.4763479
0.213,8.5874653,9.4849052
0.2131,8.6074429,9.4934626
0.2132,8.6278677,9.5020208
0.2133,8.6487274,9.5105791
0.21340001,8.6700087,9.5191364
0.21349999,8.6916981,9.5276957
0.21359999,8.7137804,9.5362539
0.2137,8.7362423,9.5448132
0.2138,8.7590685,9.5533724
0.2139,8.7822447,9.5619316
0.214,8.8057547,9.5704918
0.2141,8.8295832,9.579051
0.2142,8.853714,9.5876112
0.21430001,8.8781309,9.5961714
0.21439999,8.9028168,9.6047325
0.2145,8.9277563,9.6132936
0.2146,8.9529314,9.6218548
0.2147,8.9783249,9.6304159
0.2148,9.0039206,9.6389771
0.2149,9.0297003,9.6475391
0.215,9.055645,9.6561012
0.21510001,9.0817394,9.6646633
0.21520001,9.1079636,9.6732264
0.21529999,9.1343002,9.6817894
0.2154,9.1607313,9.6903524
0.2155,9.1872377,9.6989155
0.2156,9.2138023,9.7074785
0.2157,9.240407,9.7160425
0.2158,9.2670326,9.7246065
0.2159,9.2936611,9.7331705
0.21600001,9.3202744,9.7417355
0.21610001,9.3468542,9.7502995
0.21619999,9.3733816,9.7588644
0.2163,9.3998394,9.7674303
0.2164,9.4262094,9.7759953
0.2165,9.4524736,9.7845612
0.2166,9.4786139,9.7931271
0.2167,9.504612,9.801693
0.2168,9.5304518,9.8102598
0.21690001,9.5561152,9.8188257
0.21699999,9.5815849,9.8273926
0.21709999,9.6068449,9.8359604
0.2172,9.6318769,9.8445272
0.2173,9.6566648,9.8530951
0.2174,9.6811924,9.8616629
0.2175,9.7054434,9.8702307
0.2176,9.7294035,9.8787985
0.2177,9.7530556,9.8873672
0.21780001,9.7763844,9.895936
0.21789999,9.7993765,9.9045048
0.21799999,9.8220158,9.9130745
0.2181,9.8442888,9.9216442
0.2182,9.8661814,9.9302139
0.2183,9.887681,9.9387836
0.2184,9.9087725,9.9473534
0.2185,9.9294453,9.955924
0.2186,9.9496861,9.9644947
0.21870001,9.9694834,9.9730654
0.21879999,9.9888248,9.981636
0.2189,10.007701,9.9902077
0.219,10.026099,9.9987793
0.2191,10.04401,10.007351
0.2192,10.061425,10.015924
0.2193,10.078333,10.024495
0.2194,10.094727,10.033068
0.21950001,10.110597,10.04164
0.21960001,10.125937,10.050214
0.21969999,10.140738,10.058786
0.2198,10.154993,10.06736
0.2199,10.168698,10.075933
0.22,10.181846,10.084508
0.2201,10.19443,10.093081
0.2202,10.206449,10.101656
0.2203,10.217896,10.11023
0.22040001,10.228766,10.118806
0.22050001,10.239059,10.12738
0.22059999,10.248772,10.135956
0.2207,10.257901,10.144531
0.2208,10.266446,10.153108
0.2209,10.274405,10.161683
0.221,10.281779,10.170259
0.2211,10.288567,10.178836
0.2212,10.294768,10.187412
0.22130001,10.300386,10.19599
0.22139999,10.305422,10.204567
0.22149999,10.309876,10.213144
0.2216,10.313754,10.221722
0.2217,10.317057,10.230299
0.2218,10.319789,10.238877
0.2219,10.321956,10.247456
0.222,10.32356,10.256034
0.2221,10.324609,10.264613
0.22220001,10.325107,10.273192
0.22229999,10.325061,10.281772
0.22239999,10.324479,10.290351
0.2225,10.323366,10.29893
0.2226,10.321732,10.30751
0.2227,10.319584,10.316091
0.2228,10.316931,10.324671
0.2229,10.313783,10.333251
0.223,10.310148,10.341832
0.22310001,10.306038,10.350413
0.22319999,10.301462,10.358994
0.2233,10.296432,10.367576
0.2234,10.290958,10.376158
0.2235,10.285053,10.38474
0.2236,10.278729,10.393322
0.2237,10.271999,10.401904
0.2238,10.264875,10.410487
0.22390001,10.257371,10.41907
0.22400001,10.249499,10.427653
0.22409999,10.241276,10.436236
0.2242,10.232713,10.444819
0.2243,10.223826,10.453403
0.2244,10.21463,10.461987
0.2245,10.20514,10.470572
0.2246,10.195372,10.479156
0.2247,10.18534,10.487741
0.22480001,10.175061,10.496326
0.22490001,10.164552,10.504911
0.22499999,10.153828,10.513496
0.2251,10.142905,10.522082
0.2252,10.131801,10.530668
0.2253,10.120532,10.539254
0.2254,10.109117,10.54784
0.2255,10.097569,10.556427
0.2256,10.08591,10.565014
0.22570001,10.074154,10.573601
0.22579999,10.06232,10.582188
0.22589999,10.050425,10.590775
0.226,10.038486,10.599363
0.2261,10.026521,10.607951
0.2262,10.014548,10.616539
0.2263,10.002584,10.625127
0.2264,9.9906483,10.633716
0.2265,9.978756,10.642304
0.22660001,9.9669256,10.650893
0.22669999,9.9551754,10.659483
0.22679999,9.9435215,10.668072
0.2269,9.9319811,10.676661
0.227,9.9205723,10.685251
0.2271,9.9093122,10.693842
0.2272,9.8982162,10.702432
0.2273,9.8873034,10.711022
0.2274,9.8765879,10.719613
0.22750001,9.866087,10.728205
0.22759999,9.8558178,10.736795
0.2277,9.8457956,10.745387
0.2278,9.8360348,10.753979
0.2279,9.8265533,10.76257
0.228,9.8173637,10.771163
0.2281,9.8084831,10.779755
0.2282,9.7999249,10.788347
0.22830001,9.7917042,10.796941
0.22840001,9.7838345,10.805533
0.22849999,9.776329,10.814127
0.2286,9.7692013,10.822721
0.2287,9.7624655,10.831314
0.2288,9.7561321,10.839908
0.2289,9.7502155,10.848502
0.229,9.7447252,10.857096
0.2291,9.7396755,10.86569
0.22920001,9.735074,10.874286
0.22930001,9.7309341,10.88288
0.22939999,9.7272644,10.891476
0.2295,9.7240753,10.900071
0.2296,9.7213755,10.908667
0.2297,9.7191744,10.917263
0.2298,9.7174797,10.925858
0.2299,9.7162991,10.934455
0.23,9.7156401,10.943051
0.23010001,9.7155094,10.951649
0.23019999,9.7159147,10.960245
0.23029999,9.7168598,10.968843
0.2304,9.7183514,10.97744
0.2305,9.7203941,10.986037
0.2306,9.722991,10.994636
0.2307,9.7261477,11.003234
0.2308,9.729866,11.011832
0.2309,9.7341499,11.020431
0.23100001,9.7390003,11.029029
0.23109999,9.7444191,11.037628
0.23119999,9.7504082,11.046227
0.2313,9.7569675,11.054827
0.2314,9.7640972,11.063426
0.2315,9.7717972,11.072026
0.2316,9.7800655,11.080626
0.2317,9.7889023,11.089227
0.2318,9.7983036,11.097827
0.23190001,9.8082676,11.106427
0.23199999,9.8187904,11.115028
0.2321,9.8298702,11.12363
0.2322,9.8415003,11.132231
0.2323,9.8536787,11.140833
0.2324,9.8663979,11.149434
0.2325,9.8796539,11.158036
0.2326,9.8934393,11.166638
0.23270001,9.9077473,11.175241
0.23280001,9.9225712,11.183844
0.23289999,9.9379044,11.192447
0.233,9.9537373,11.20105
0.2331,9.9700613,11.209653
0.2332,9.9868679,11.218256
0.2333,10.004148,11.22686
0.2334,10.02189,11.235464
0.2335,10.040086,11.244068
0.23360001,10.058722,11.252672
0.23370001,10.07779,11.261277
0.23379999,10.097278,11.269882
0.2339,10.117172,11.278487
0.234,10.137462,11.287092
0.2341,10.158134,11.295698
0.2342,10.179174,11.304303
0.2343,10.200571,11.312909
0.2344,10.22231,11.321515
0.23450001,10.244378,11.330122
0.23459999,10.266759,11.338728
0.23469999,10.28944,11.347335
0.2348,10.312406,11.355942
0.2349,10.335641,11.364549
0.235,10.35913,11.373157
0.2351,10.382858,11.381764
0.2352,10.40681,11.390372
0.2353,10.430968,11.39898
0.23540001,10.455317,11.407588
0.23549999,10.479842,11.416197
0.23559999,10.504525,11.424806
0.2357,10.529349,11.433414
0.2358,10.554299,11.442023
0.2359,10.579358,11.450632
0.236,10.604508,11.459242
0.2361,10.629734,11.467852
0.2362,10.655017,11.476461
0.23630001,10.680341,11.485072
0.23639999,10.705688,11.493682
0.23649999,10.731044,11.502293
0.2366,10.756389,11.510903
0.2367,10.781707,11.519514
0.2368,10.806981,11.528126
0.2369,10.832194,11.536737
0.237,10.85733,11.545349
0.23710001,10.882372,11.553961
0.23720001,10.907303,11.562572
0.23729999,10.932106,11.571185
0.2374,10.956766,11.579798
0.2375,10.981267,11.58841
0.2376,11.005591,11.597023
0.2377,11.029725,11.605636
0.2378,11.053651,11.614249
0.2379,11.077354,11.622863
0.23800001,11.100821,11.631476
0.23810001,11.124033,11.64009
0.23819999,11.146978,11.648705
0.2383,11.169642,11.657319
0.2384,11.19201,11.665934
0.2385,11.214067,11.674548
0.2386,11.235801,11.683164
0.2387,11.257197,11.691778
0.2388,11.278245,11.700394
0.23890001,11.298929,11.709009
0.23899999,11.319239,11.717626
0.23909999,11.339162,11.726241
0.2392,11.358687,11.734858
0.2393,11.377803,11.743474
0.2394,11.396498,11.75209
0.2395,11.414762,11.760707
0.2396,11.432587,11.769324
0.2397,11.449961,11.777942
0.23980001,11.466875,11.786559
0.23989999,11.483322,11.795177
0.23999999,11.499292,11.803795
0.2401,11.514778,11.812413
0.2402,11.529773,11.821032
0.2403,11.544269,11.82965
0.2404,11.558259,11.838268
0.2405,11.571739,11.846888
0.2406,11.584702,11.855506
0.24070001,11.597144,11.864125
0.24079999,11.609059,11.872746
0.24089999,11.620444,11.881365
0.241,11.631296,11.889985
0.2411,11.64161,11.898605
0.2412,11.651384,11.907226
0.2413,11.660617,11.915846
0.2414,11.669306,11.924467
0.24150001,11.67745,11.933087
0.24160001,11.68505,11.941709
0.24169999,11.692103,11.950331
0.2418,11.698612,11.958952
0.2419,11.704576,11.967574
0.242,11.709999,11.976195
0.2421,11.714879,11.984818
0.2422,11.719221,11.993441
0.2423,11.723027,12.002063
0.24240001,11.7263,12.010686
0.24250001,11.729045,12.019309
0.24259999,11.731265,12.027932
0.2427,11.732965,12.036555
0.2428,11.734151,12.045179
0.2429,11.734828,12.053802
0.243,11.735002,12.062427
0.2431,11.734679,12.071051
0.2432,11.733868,12.079676
0.24330001,11.732574,12.0883
0.24339999,11.730807,12.096925
0.24349999,11.728575,12.10555
0.2436,11.725885,12.114175
0.2437,11.722749,12.122801
0.2438,11.719173,12.131427
0.2439,11.715171,12.140052
0.244,11.710751,12.148678
0.2441,11.705923,12.157305
0.24420001,11.7007,12.165931
0.24429999,11.695092,12.174558
0.24439999,11.689112,12.183185
0.2445,11.682771,12.191812
0.2446,11.676082,12.200438
0.2447,11.669058,12.209066
0.2448,11.661711,12.217694
0.2449,11.654056,12.226322
0.245,11.646105,12.23495
0.24510001,11.637873,12.243578
0.24519999,11.629374,12.252207
0.24529999,11.620622,12.260836
0.2454,11.611631,12.269464
0.2455,11.602417,12.278093
0.2456,11.592995,12.286722
0.2457,11.58338,12.295352
0.2458,11.573586,12.303982
0.24590001,11.56363,12.312612
0.24600001,11.553527,12.321241
0.24609999,11.543294,12.329872
0.2462,11.532945,12.338502
0.2463,11.522497,12.347133
0.2464,11.511967,12.355763
0.2465,11.501369,12.364395
0.2466,11.490722,12.373026
0.2467,11.48004,12.381658
0.24680001,11.469339,12.390289
0.24690001,11.458637,12.398921
0.24699999,11.447949,12.407553
0.2471,11.437293,12.416185
0.2472,11.426683,12.424818
0.2473,11.416137,12.433451
0.2474,11.40567,12.442083
0.2475,11.395298,12.450716
0.2476,11.385037,12.45935
0.24770001,11.374905,12.467983
0.24779999,11.364914,12.476617
0.24789999,11.355082,12.48525
0.248,11.345424,12.493884
0.2481,11.335955,12.502519
0.2482,11.32669,12.511153
0.2483,11.317644,12.519788
0.2484,11.308831,12.528422
0.2485,11.300267,12.537057
0.24860001,11.291966,12.545692
0.24869999,11.28394,12.554328
0.24879999,11.276205,12.562963
0.2489,11.268774,12.571599
0.249,11.261659,12.580235
0.2491,11.254873,12.588871
0.2492,11.248429,12.597507
0.2493,11.24234,12.606144
0.2494,11.236616,12.614781
0.24950001,11.231271,12.623418
0.24959999,11.226314,12.632055
0.24969999,11.221757,12.640693
0.2498,11.217609,12.64933
0.2499,11.213882,12.657968
0.25,11.210586,12.666606
0.25009999,11.207726,12.675243
0.2502,11.205317,12.683882
0.25029999,11.203362,12.69252
0.25040001,11.201873,12.701159
0.25049999,11.200854,12.709798
0.25060001,11.200315,12.718437
0.2507,11.200262,12.727077
0.25080001,11.200701,12.735716
0.2509,11.201637,12.744355
0.25099999,11.203076,12.752995
0.2511,11.205023,12.761635
0.25119999,11.207482,12.770275
0.25130001,11.210457,12.778916
0.25139999,11.213951,12.787557
0.25150001,11.217967,12.796197
0.2516,11.222508,12.804838
0.25170001,11.227575,12.813479
0.2518,11.233171,12.822121
0.25189999,11.239296,12.830763
0.252,11.24595,12.839404
0.25209999,11.253133,12.848046
0.25220001,11.260845,12.856688
0.25229999,11.269085,12.865331
0.25240001,11.277851,12.873973
0.2525,11.287141,12.882616
0.25260001,11.296953,12.891259
0.2527,11.307284,12.899901
0.25279999,11.31813,12.908545
0.2529,11.329488,12.917189
0.25299999,11.341352,12.925832
0.25310001,11.35372,12.934476
0.25319999,11.366584,12.94312
0.25330001,11.379938,12.951764
0.2534,11.393778,12.960409
0.25350001,11.408095,12.969053
0.2536,11.422885,12.977698
0.25369999,11.438137,12.986343
0.2538,11.453845,12.994988
0.25389999,11.469999,13.003633
0.25400001,11.486592,13.01228
0.25409999,11.503615,13.020925
0.25420001,11.521057,13.029571
0.2543,11.538909,13.038217
0.25440001,11.557159,13.046864
0.2545,11.575799,13.05551
0.25459999,11.594815,13.064157
0.25470001,11.614199,13.072803
0.25479999,11.633936,13.08145
0.25490001,11.654016,13.090097
0.255,11.674426,13.098745
0.25510001,11.695153,13.107392
0.2552,11.716186,13.11604
0.25529999,11.73751,13.124688
0.2554,11.75911,13.133337
0.25549999,11.780977,13.141985
0.25560001,11.803093,13.150634
0.25569999,11.825446,13.159283
0.25580001,11.848021,13.167932
0.2559,11.870803,13.17658
0.25600001,11.893778,13.185229
0.2561,11.91693,13.193879
0.25619999,11.940247,13.202529
0.2563,11.963711,13.211179
0.25639999,11.987308,13.219829
0.25650001,12.011021,13.228478
0.25659999,12.034837,13.237129
0.25670001,12.058739,13.24578
0.2568,12.082712,13.254431
0.25690001,12.10674,13.263082
0.257,12.130808,13.271732
0.25709999,12.154899,13.280384
0.2572,12.178999,13.289036
0.25729999,12.203091,13.297688
0.25740001,12.22716,13.306339
0.25749999,12.25119,13.314991
0.25760001,12.275166,13.323644
0.2577,12.299072,13.332295
0.25780001,12.322893,13.340948
0.2579,12.346614,13.349601
0.25799999,12.370219,13.358254
0.2581,12.393693,13.366907
0.25819999,12.417022,13.375561
0.25830001,12.44019,13.384214
0.25839999,12.463183,13.392868
0.25850001,12.485988,13.401522
0.2586,12.508588,13.410176
0.25870001,12.53097,13.41883
0.2588,12.553121,13.427485
0.25889999,12.575027,13.436139
0.259,12.596673,13.444794
0.25909999,12.618049,13.453449
0.25920001,12.639139,13.462104
0.25929999,12.659933,13.470759
0.25940001,12.680417,13.479415
0.2595,12.70058,13.48807
0.25960001,12.72041,13.496727
0.2597,12.739896,13.505383
0.25979999,12.759026,13.514039
0.2599,12.777789,13.522696
0.25999999,12.796176,13.531352
0.26010001,12.814177,13.540009
0.26019999,12.831781,13.548666
0.26030001,12.84898,13.557323
0.2604,12.865764,13.56598
0.26050001,12.882126,13.574637
0.2606,12.898056,13.583296
0.26069999,12.913548,13.591953
0.2608,12.928593,13.600612
0.26089999,12.943185,13.609269
0.26100001,12.957317,13.617928
0.26109999,12.970985,13.626587
0.26120001,12.984181,13.635245
0.2613,12.996901,13.643905
0.26140001,13.009139,13.652563
0.2615,13.020892,13.661222
0.26159999,13.032156,13.669882
0.2617,13.042926,13.678542
0.26179999,13.053201,13.687201
0.26190001,13.062978,13.695862
0.26199999,13.072253,13.704522
0.26210001,13.081027,13.713182
0.2622,13.089298,13.721843
0.26230001,13.097065,13.730503
0.2624,13.104327,13.739164
0.26249999,13.111086,13.747826
0.2626,13.11734,13.756487
0.26269999,13.123094,13.765148
0.26280001,13.128345,13.773809
0.26289999,13.133099,13.782472
0.26300001,13.137356,13.791134
0.2631,13.141119,13.799795
0.26320001,13.144393,13.808458
0.2633,13.147181,13.817121
0.26339999,13.149487,13.825783
0.26350001,13.151315,13.834446
0.26359999,13.152671,13.843109
0.26370001,13.153561,13.851772
0.2638,13.153989,13.860435
0.26390001,13.153963,13.869099
0.264,13.15349,13.877763
0.26409999,13.152575,13.886427
0.2642,13.151229,13.895091
0.26429999,13.149457,13.903755
0.26440001,13.147268,13.912419
0.26449999,13.144671,13.921084
0.26460001,13.141676,13.929749
0.2647,13.13829,13.938414
0.26480001,13.134525,13.947079
0.2649,13.13039,13.955744
0.26499999,13.125896,13.96441
0.2651,13.121054,13.973075
0.26519999,13.115872,13.981741
0.26530001,13.110366,13.990407
0.26539999,13.104545,13.999073
0.26550001,13.098421,14.007739
0.2656,13.092007,14.016406
0.26570001,13.085314,14.025073
0.2658,13.078356,14.033739
0.26589999,13.071145,14.042406
0.266,13.063696,14.051074
0.26609999,13.05602,14.059741
0.26620001,13.048131,14.068409
0.26629999,13.040045,14.077076
0.26640001,13.031773,14.085744
0.2665,13.02333,14.094412
0.26660001,13.01473,14.103081
0.2667,13.005989,14.111749
0.26679999,12.997121,14.120418
0.2669,12.988138,14.129086
0.26699999,12.979057,14.137755
0.26710001,12.969893,14.146424
0.26719999,12.96066,14.155093
0.26730001,12.951373,14.163763
0.2674,12.942046,14.172433
0.26750001,12.932695,14.181102
0.2676,12.923336,14.189773
0.26769999,12.913982,14.198442
0.2678,12.90465,14.207112
0.26789999,12.895352,14.215783
0.26800001,12.886106,14.224454
0.26809999,12.876925,14.233125
0.26820001,12.867823,14.241796
0.2683,12.858817,14.250466
0.26840001,12.84992,14.259138
0.2685,12.841147,14.267809
0.26859999,12.832514,14.276481
0.2687,12.824032,14.285152
0.26879999,12.815717,14.293824
0.26890001,12.807583,14.302497
0.26899999,12.799643,14.311169
0.26910001,12.79191,14.319841
0.2692,12.7844,14.328514
0.26930001,12.777123,14.337187
0.2694,12.770095,14.34586
0.26949999,12.763327,14.354533
0.2696,12.756831,14.363206
0.26969999,12.750621,14.37188
0.26980001,12.744706,14.380553
0.26989999,12.739101,14.389227
0.27000001,12.733815,14.397902
0.2701,12.728861,14.406575
0.27020001,12.724248,14.41525
0.2703,12.719988,14.423924
0.27039999,12.716089,14.432599
0.2705,12.712563,14.441274
0.27059999,12.709418,14.449948
0.27070001,12.706664,14.458624
0.27079999,12.704309,14.467299
0.27090001,12.702363,14.475975
0.271,12.700831,14.484651
0.27110001,12.699723,14.493326
0.2712,12.699046,14.502002
0.27129999,12.698806,14.510678
0.2714,12.699009,14.519355
0.27149999,12.699661,14.528031
0.27160001,12.700769,14.536708
0.27169999,12.702337,14.545384
0.27180001,12.70437,14.554061
0.2719,12.706873,14.562738
0.27200001,12.709848,14.571416
0.2721,12.713301,14.580093
0.27219999,12.717232,14.588771
0.2723,12.721645,14.597448
0.27239999,12.726542,14.606127
0.27250001,12.731926,14.614805
0.2726,12.737796,14.623483
0.27270001,12.744153,14.632161
0.2728,12.750998,14.640841
0.27289999,12.758331,14.649519
0.273,12.76615,14.658197
0.27309999,12.774457,14.666877
0.27320001,12.783247,14.675556
0.27329999,12.79252,14.684236
0.27340001,12.802273,14.692915
0.2735,12.812503,14.701595
0.27360001,12.823207,14.710275
0.2737,12.834381,14.718955
0.27379999,12.846021,14.727635
0.2739,12.858123,14.736316
0.27399999,12.870682,14.744996
0.27410001,12.883691,14.753676
0.27419999,12.897146,14.762358
0.27430001,12.91104,14.771039
0.2744,12.925367,14.77972
0.27450001,12.940119,14.788402
0.2746,12.95529,14.797083
0.27469999,12.97087,14.805764
0.2748,12.986853,14.814446
0.27489999,13.00323,14.823129
0.27500001,13.019991,14.831811
0.27509999,13.037128,14.840493
0.27520001,13.054632,14.849175
0.2753,13.072492,14.857858
0.27540001,13.090697,14.866541
0.2755,13.109239,14.875224
0.27559999,13.128105,14.883907
0.2757,13.147285,14.892591
0.27579999,13.166769,14.901274
0.27590001,13.186543,14.909957
0.27599999,13.206595,14.918641
0.27610001,13.226914,14.927325
0.2762,13.247489,14.936009
0.27630001,13.268306,14.944694
0.2764,13.289351,14.953378
0.27649999,13.310614,14.962062
0.2766,13.332079,14.970747
0.27669999,13.353734,14.979432
0.27680001,13.375566,14.988117
0.27689999,13.397561,14.996802
0.27700001,13.419704,15.005487
0.2771,13.441984,15.014173
0.27720001,13.464385,15.022859
0.2773,13.486893,15.031545
0.27739999,13.509494,15.040231
0.2775,13.532173,15.048917
0.27759999,13.554917,15.057603
0.27770001,13.577713,15.066289
0.27779999,13.600544,15.074976
0.27790001,13.623396,15.083663
0.278,13.646256,15.092349
0.27810001,13.669109,15.101036
0.2782,13.69194,15.109724
0.27829999,13.714737,15.118411
0.2784,13.737483,15.127099
0.27849999,13.760164,15.135786
0.27860001,13.782769,15.144474
0.27869999,13.805281,15.153162
0.27880001,13.827686,15.16185
0.2789,13.849973,15.170539
0.27900001,13.872126,15.179227
0.2791,13.894132,15.187916
0.27919999,13.915977,15.196605
0.2793,13.937649,15.205294
0.27939999,13.959134,15.213983
0.27950001,13.98042,15.222672
0.27959999,14.001493,15.231361
0.27970001,14.022343,15.240051
0.2798,14.042955,15.24874
0.27990001,14.063318,15.25743
0.28,14.083422,15.266121
0.28009999,14.103252,15.274811
0.2802,14.122801,15.283501
0.28029999,14.142054,15.292192
0.28040001,14.161002,15.300882
0.28049999,14.179635,15.309573
0.28060001,14.197943,15.318264
0.2807,14.215914,15.326955
0.28080001,14.233541,15.335646
0.2809,14.250814,15.344337
0.28099999,14.267724,15.353029
0.2811,14.284264,15.361721
0.28119999,14.300423,15.370413
0.28130001,14.316195,15.379105
0.2814,14.331571,15.387796
0.28150001,14.346546,15.396489
0.2816,14.361113,15.405182
0.28169999,14.375263,15.413875
0.2818,14.388993,15.422567
0.28189999,14.402297,15.43126
0.28200001,14.415169,15.439953
0.28209999,14.427605,15.448647
0.28220001,14.439599,15.457339
0.2823,14.451148,15.466033
0.28240001,14.462249,15.474727
0.2825,14.472898,15.48342
0.28259999,14.483092,15.492114
0.2827,14.492829,15.500809
0.28279999,14.502109,15.509503
0.28290001,14.510926,15.518197
0.28299999,14.519283,15.526892
0.28310001,14.527178,15.535586
0.2832,14.53461,15.544281
0.28330001,14.541579,15.552977
0.2834,14.548086,15.561671
0.28349999,14.554132,15.570367
0.2836,14.55972,15.579062
0.28369999,14.564849,15.587758
0.28380001,14.569522,15.596454
0.28389999,14.573743,15.605149
0.28400001,14.577513,15.613846
0.2841,14.580837,15.622542
0.28420001,14.583717,15.631238
0.2843,14.58616,15.639935
0.28439999,14.588168,15.648631
0.2845,14.589746,15.657329
0.28459999,14.590901,15.666025
0.28470001,14.591639,15.674723
0.28479999,14.591964,15.683419
0.28490001,14.591884,15.692117
0.285,14.591404,15.700814
0.28510001,14.590533,15.709512
0.2852,14.589279,15.71821
0.28529999,14.587648,15.726908
0.2854,14.585649,15.735606
0.28549999,14.583291,15.744305
0.28560001,14.580582,15.753003
0.28569999,14.577532,15.761702
0.28580001,14.574149,15.7704
0.2859,14.570444,15.779099
0.28600001,14.566427,15.787798
0.2861,14.562108,15.796497
0.28619999,14.557497,15.805197
0.2863,14.552606,15.813896
0.28639999,14.547445,15.822596
0.28650001,14.542026,15.831295
0.28659999,14.53636,15.839995
0.28670001,14.530458,15.848695
0.2868,14.524334,15.857395
0.28690001,14.517999,15.866096
0.287,14.511465,15.874796
0.28709999,14.504745,15.883496
0.2872,14.49785,15.892198
0.28729999,14.490796,15.900898
0.28740001,14.483593,15.909599
0.28749999,14.476255,15.918301
0.28760001,14.468797,15.927002
0.2877,14.461229,15.935703
0.28780001,14.453567,15.944405
0.2879,14.445823,15.953107
0.28799999,14.43801,15.961808
0.2881,14.430143,15.97051
0.28819999,14.422236,15.979213
0.28830001,14.414301,15.987915
0.28839999,14.406353,15.996617
0.28850001,14.398404,16.00532
0.2886,14.390469,16.014023
0.28870001,14.382561,16.022726
0.2888,14.374694,16.031429
0.28889999,14.366881,16.040133
0.289,14.359138,16.048836
0.28909999,14.351474,16.057539
0.28920001,14.343905,16.066242
0.28929999,14.336444,16.074945
0.28940001,14.329104,16.083651
0.2895,14.321898,16.092354
0.28960001,14.31484,16.101057
0.2897,14.307941,16.109762
0.28979999,14.301214,16.118467
0.2899,14.294672,16.127171
0.28999999,14.288327,16.135876
0.29010001,14.282191,16.144581
0.2902,14.276277,16.153286
0.29030001,14.270594,16.161991
0.2904,14.265156,16.170696
0.29049999,14.259973,16.179401
0.2906,14.255056,16.188107
0.29069999,14.250417,16.196814
0.29080001,14.246065,16.205519
0.29089999,14.242011,16.214224
0.29100001,14.238265,16.222931
0.2911,14.234836,16.231638
0.29120001,14.231733,16.240343
0.2913,14.228967,16.24905
0.29139999,14.226544,16.257757
0.2915,14.224476,16.266464
0.29159999,14.222767,16.275171
0.29170001,14.221428,16.283878
0.29179999,14.220465,16.292585
0.29190001,14.219885,16.301292
0.292,14.219696,16.309999
0.29210001,14.219902,16.318707
0.2922,14.220511,16.327415
0.29229999,14.221528,16.336123
0.2924,14.222959,16.344831
0.29249999,14.224808,16.353539
0.29260001,14.227078,16.362247
0.29269999,14.229776,16.370956
0.29280001,14.232904,16.379665
0.2929,14.236466,16.388372
0.29300001,14.240465,16.397081
0.2931,14.244904,16.40579
0.29319999,14.249783,16.414501
0.2933,14.255104,16.42321
0.29339999,14.260871,16.431919
0.29350001,14.267082,16.440628
0.29359999,14.27374,16.449339
0.29370001,14.280843,16.458048
0.2938,14.288391,16.466759
0.29390001,14.296384,16.475468
0.294,14.304821,16.484179
0.29409999,14.313699,16.492889
0.2942,14.323018,16.501598
0.29429999,14.332774,16.510309
0.29440001,14.342966,16.51902
0.29449999,14.35359,16.527731
0.29460001,14.364641,16.536442
0.2947,14.376118,16.545155
0.29480001,14.388014,16.553865
0.2949,14.400326,16.562576
0.29499999,14.413049,16.571287
0.2951,14.426176,16.58
0.29519999,14.439703,16.588711
0.29530001,14.453623,16.597424
0.29539999,14.46793,16.606136
0.29550001,14.482616,16.614847
0.2956,14.497676,16.62356
0.29570001,14.513101,16.632273
0.2958,14.528882,16.640985
0.29589999,14.545013,16.649698
0.296,14.561485,16.658411
0.29609999,14.578289,16.667124
0.29620001,14.595416,16.675837
0.29629999,14.612857,16.684551
0.29640001,14.630602,16.693264
0.2965,14.648642,16.701977
0.29660001,14.666965,16.710691
0.2967,14.685561,16.719404
0.29679999,14.704422,16.728119
0.2969,14.723535,16.736834
0.29699999,14.742888,16.745546
0.29710001,14.762472,16.754261
0.29719999,14.782275,16.762976
0.29730001,14.802285,16.77169
0.2974,14.82249,16.780405
0.29750001,14.842878,16.78912
0.2976,14.863438,16.797834
0.29769999,14.884155,16.806551
0.2978,14.905021,16.815266
0.29789999,14.92602,16.82398
0.29800001,14.94714,16.832697
0.29809999,14.968369,16.841412
0.29820001,14.989694,16.850128
0.2983,15.011102,16.858845
0.29840001,15.032579,16.867559
0.2985,15.054115,16.876276
0.29859999,15.075695,16.884993
0.2987,15.097305,16.893709
0.29879999,15.118935,16.902426
0.29890001,15.140569,16.911142
0.29899999,15.162196,16.919859
0.29910001,15.183802,16.928576
0.2992,15.205374,16.937292
0.29929999,15.226898,16.946011
0.2994,15.248364,16.954727
0.29949999,15.269758,16.963444
0.29960001,15.291066,16.972162
0.29969999,15.312278,16.980881
0.29980001,15.333378,16.989597
0.2999,15.354357,16.998316
0.30000001,15.3752,17.007034
0.3001,15.395897,17.015753
0.30019999,15.416435,17.024471
0.3003,15.436803,17.03319
0.30039999,15.456988,17.041908
0.30050001,15.476979,17.050627
0.30059999,15.496766,17.059345
0.30070001,15.516336,17.068064
0.3008,15.53568,17.076782
0.30090001,15.554786,17.085503
0.301,15.573644,17.094221
0.30109999,15.592243,17.102942
0.3012,15.610575,17.11166
0.30129999,15.628629,17.12038
0.30140001,15.646396,17.129101
0.30149999,15.663865,17.137819
0.30160001,15.68103,17.14654
0.3017,15.697881,17.15526
0.30180001,15.71441,17.16398
0.3019,15.730608,17.172701
0.30199999,15.746469,17.181421
0.3021,15.761984,17.190144
0.30219999,15.777146,17.198864
0.30230001,15.791949,17.207584
0.30239999,15.806388,17.216305
0.30250001,15.820454,17.225027
0.3026,15.834143,17.233747
0.30270001,15.847448,17.24247
0.3028,15.860367,17.25119
0.30289999,15.872892,17.259912
0.303,15.885021,17.268635
0.30309999,15.896749,17.277357
0.30320001,15.908072,17.286079
0.30329999,15.918987,17.294802
0.30340001,15.929491,17.303524
0.3035,15.939583,17.312246
0.30360001,15.949259,17.320969
0.3037,15.958517,17.329691
0.30379999,15.967358,17.338413
0.3039,15.975778,17.347137
0.30399999,15.983778,17.35586
0.30410001,15.991358,17.364582
0.30419999,15.998516,17.373306
0.30430001,16.005255,17.38203
0.3044,16.011576,17.390753
0.30450001,16.017477,17.399477
0.3046,16.022963,17.408201
0.30469999,16.028034,17.416924
0.3048,16.032694,17.425648
0.30489999,16.036943,17.434372
0.30500001,16.040787,17.443096
0.30509999,16.044226,17.45182
0.30520001,16.047268,17.460546
0.3053,16.049913,17.469271
0.30540001,16.05217,17.477995
0.3055,16.054039,17.486719
0.30559999,16.055529,17.495445
0.3057,16.056643,17.504169
0.30579999,16.057386,17.512896
0.30590001,16.057768,17.52162
0.30599999,16.057793,17.530346
0.30610001,16.057467,17.539072
0.3062,16.056797,17.547798
0.30630001,16.055794,17.556522
0.3064,16.054462,17.565248
0.30649999,16.052811,17.573975
0.3066,16.050846,17.582701
0.30669999,16.04858,17.591427
0.30680001,16.046019,17.600155
0.30689999,16.043171,17.608881
0.30700001,16.040049,17.617607
0.3071,16.036659,17.626333
0.30720001,16.033012,17.635061
0.3073,16.029119,17.643787
0.30739999,16.02499,17.652515
0.3075,16.020634,17.661242
0.30759999,16.01606,17.66997
0.30770001,16.011284,17.678698
0.30779999,16.006311,17.687424
0.30790001,16.001158,17.696152
0.308,15.995831,17.70488
0.30809999,15.990345,17.713608
0.3082,15.984709,17.722336
0.30829999,15.978936,17.731064
0.30840001,15.973039,17.739792
0.30849999,15.967027,17.74852
0.30860001,15.960914,17.75725
0.3087,15.954712,17.765978
0.30880001,15.948432,17.774706
0.3089,15.942086,17.783436
0.30899999,15.935689,17.792164
0.3091,15.92925,17.800894
0.30919999,15.922783,17.809622
0.30930001,15.9163,17.818352
0.30939999,15.909813,17.827082
0.30950001,15.903335,17.835812
0.3096,15.896878,17.84454
0.30970001,15.890454,17.85327
0.3098,15.884075,17.862
0.30989999,15.877755,17.870729
0.31,15.871504,17.879459
0.31009999,15.865335,17.888191
0.31020001,15.85926,17.896921
0.31029999,15.85329,17.905651
0.31040001,15.847438,17.914381
0.3105,15.841715,17.923113
0.31060001,15.836133,17.931843
0.3107,15.830704,17.940575
0.31079999,15.825437,17.949305
0.3109,15.820345,17.958036
0.31099999,15.815439,17.966768
0.31110001,15.810729,17.975498
0.31119999,15.806226,17.98423
0.31130001,15.801941,17.992962
0.3114,15.797882,18.001694
0.31150001,15.794062,18.010426
0.3116,15.790488,18.019157
0.31169999,15.787171,18.027889
0.3118,15.784122,18.036621
0.31189999,15.781346,18.045353
0.31200001,15.778854,18.054087
0.31209999,15.776656,18.062819
0.31220001,15.774757,18.07155
0.3123,15.773169,18.080284
0.31240001,15.771895,18.089016
0.3125,15.770947,18.09775
0.31259999,15.770329,18.106482
0.3127,15.770049,18.115215
0.31279999,15.770114,18.123949
0.31290001,15.770529,18.132683
0.31299999,15.771299,18.141415
0.31310001,15.772433,18.150148
0.3132,15.773933,18.158882
0.31330001,15.775805,18.167616
0.3134,15.778055,18.17635
0.31349999,15.780684,18.185083
0.3136,15.783699,18.193819
0.31369999,15.787102,18.202553
0.31380001,15.790895,18.211287
0.31389999,15.795083,18.220022
0.31400001,15.799667,18.228756
0.3141,15.80465,18.23749
0.31420001,15.810034,18.246225
0.3143,15.815818,18.254961
0.31439999,15.822005,18.263695
0.3145,15.828596,18.27243
0.31459999,15.83559,18.281166
0.31470001,15.842987,18.2899
0.31479999,15.850788,18.298635
0.31490001,15.85899,18.307371
0.315,15.867593,18.316107
0.31510001,15.876595,18.324842
0.3152,15.885995,18.333578
0.31529999,15.89579,18.342314
0.3154,15.905977,18.351051
0.31549999,15.916554,18.359787
0.31560001,15.927518,18.368523
0.31569999,15.938863,18.37726
0.31580001,15.950587,18.385996
0.3159,15.962686,18.394733
0.31600001,15.975153,18.403469
0.3161,15.987986,18.412207
0.31619999,16.001177,18.420942
0.3163,16.014721,18.42968
0.31639999,16.028614,18.438417
0.31650001,16.042847,18.447155
0.31659999,16.057415,18.455891
0.31670001,16.072311,18.464628
0.3168,16.087528,18.473366
0.31690001,16.103058,18.482103
0.317,16.118893,18.490841
0.31709999,16.135027,18.49958
0.31720001,16.151449,18.508318
0.31729999,16.168152,18.517056
0.31740001,16.185127,18.525793
0.3175,16.202366,18.534533
0.31760001,16.219858,18.54327
0.3177,16.237595,18.552008
0.31779999,16.255568,18.560747
0.3179,16.273766,18.569487
0.31799999,16.292177,18.578224
0.31810001,16.310795,18.586964
0.31819999,16.329609,18.595703
0.31830001,16.348604,18.604441
0.3184,16.367775,18.61318
0.31850001,16.387108,18.62192
0.3186,16.406593,18.630659
0.31869999,16.426218,18.639399
0.3188,16.445974,18.648138
0.31889999,16.465847,18.656878
0.31900001,16.485828,18.665617
0.31909999,16.505905,18.674358
0.31920001,16.526066,18.683098
0.3193,16.546297,18.691837
0.31940001,16.566591,18.700579
0.3195,16.586935,18.709318
0.31959999,16.607315,18.718058
0.3197,16.627722,18.726799
0.31979999,16.648142,18.73554
0.31990001,16.668566,18.74428
0.31999999,16.68898,18.753021
0.32010001,16.709373,18.761763
0.3202,16.729733,18.770502
0.32030001,16.75005,18.779243
0.3204,16.770309,18.787985
0.32049999,16.790504,18.796726
0.3206,16.810619,18.805468
0.32069999,16.830645,18.814209
0.32080001,16.850569,18.82295
0.32089999,16.870382,18.831692
0.32100001,16.890072,18.840435
0.3211,16.909626,18.849176
0.32120001,16.929037,18.857918
0.3213,16.948294,18.866661
0.32139999,16.967382,18.875402
0.3215,16.986298,18.884144
0.32159999,17.005026,18.892887
0.32170001,17.023558,18.90163
0.32179999,17.041883,18.910372
0.32190001,17.059996,18.919115
0.322,17.077883,18.927858
0.32210001,17.095535,18.9366
0.3222,17.112947,18.945343
0.32229999,17.130106,18.954086
0.3224,17.147007,18.96283
0.32249999,17.163639,18.971573
0.32260001,17.179995,18.980316
0.32269999,17.196068,18.989059
0.32280001,17.211851,18.997803
0.3229,17.227335,19.006546
0.32300001,17.242514,19.015291
0.3231,17.257381,19.024035
0.32319999,17.271933,19.032778
0.3233,17.286158,19.041523
0.32339999,17.300055,19.050266
0.32350001,17.313616,19.05901
0.32359999,17.326838,19.067755
0.32370001,17.339714,19.0765
0.3238,17.352242,19.085243
0.32390001,17.364414,19.093988
0.324,17.37623,19.102734
0.32409999,17.387686,19.111477
0.3242,17.398775,19.120222
0.32429999,17.409498,19.128967
0.32440001,17.419853,19.137712
0.32449999,17.429834,19.146458
0.32460001,17.439442,19.155203
0.3247,17.448673,19.163948
0.32480001,17.457529,19.172693
0.3249,17.466005,19.181438
0.32499999,17.474104,19.190186
0.3251,17.481825,19.198931
0.32519999,17.489168,19.207676
0.32530001,17.496132,19.216423
0.32539999,17.502718,19.225168
0.32550001,17.50893,19.233915
0.3256,17.514767,19.242661
0.32570001,17.520229,19.251408
0.3258,17.525322,19.260153
0.32589999,17.530045,19.2689
0.32600001,17.534403,19.277647
0.32609999,17.538399,19.286392
0.32620001,17.542034,19.295139
0.3263,17.545315,19.303886
0.32640001,17.548244,19.312634
0.3265,17.550825,19.321381
0.32659999,17.553064,19.330128
0.3267,17.554966,19.338875
0.32679999,17.556534,19.347622
0.32690001,17.557775,19.356369
0.32699999,17.558695,19.365116
0.32710001,17.559299,19.373865
0.3272,17.559595,19.382612
0.32730001,17.559589,19.391359
0.3274,17.559288,19.400108
0.32749999,17.558697,19.408855
0.3276,17.557825,19.417603
0.32769999,17.556681,19.426352
0.32780001,17.555269,19.435101
0.32789999,17.5536,19.443848
0.32800001,17.551683,19.452597
0.3281,17.549524,19.461346
0.32820001,17.547134,19.470093
0.3283,17.544519,19.478842
0.32839999,17.541693,19.487591
0.3285,17.53866,19.49634
0.32859999,17.535431,19.505089
0.32870001,17.532017,19.513838
0.32879999,17.528427,19.522587
0.32890001,17.524672,19.531336
0.329,17.52076,19.540085
0.32910001,17.516701,19.548834
0.3292,17.512508,19.557583
0.32929999,17.508188,19.566334
0.3294,17.503756,19.575083
0.32949999,17.499218,19.583832
0.32960001,17.494587,19.592583
0.32969999,17.489874,19.601332
0.32980001,17.485088,19.610083
0.3299,17.480244,19.618832
0.33000001,17.475348,19.627583
0.3301,17.470413,19.636332
0.33019999,17.46545,19.645082
0.3303,17.46047,19.653833
0.33039999,17.455486,19.662584
0.33050001,17.450506,19.671333
0.33059999,17.445541,19.680084
0.33070001,17.440605,19.688835
0.3308,17.435705,19.697586
0.33090001,17.430855,19.706337
0.331,17.426065,19.715088
0.33109999,17.421345,19.723839
0.3312,17.416708,19.73259
0.33129999,17.412161,19.741343
0.33140001,17.407717,19.750093
0.33149999,17.403387,19.758844
0.33160001,17.399179,19.767595
0.3317,17.395105,19.776348
0.33180001,17.391174,19.785099
0.3319,17.387398,19.79385
0.33199999,17.383785,19.802603
0.3321,17.380344,19.811354
0.33219999,17.377087,19.820107
0.33230001,17.374022,19.828859
0.33239999,17.371157,19.83761
0.33250001,17.368502,19.846363
0.3326,17.366066,19.855116
0.33270001,17.363857,19.863869
0.3328,17.361885,19.87262
0.33289999,17.360155,19.881372
0.333,17.358679,19.890125
0.33309999,17.357462,19.898878
0.33320001,17.35651,19.907631
0.33329999,17.355835,19.916384
0.33340001,17.35544,19.925137
0.3335,17.355331,19.933889
0.33360001,17.355518,19.942644
0.3337,17.356007,19.951397
0.33379999,17.3568,19.96015
0.3339,17.357904,19.968903
0.33399999,17.359327,19.977657
0.33410001,17.361073,19.98641
0.33419999,17.363144,19.995165
0.33430001,17.365547,20.003918
0.3344,17.368288,20.012672
0.33450001,17.371367,20.021425
0.3346,17.374788,20.03018
0.33469999,17.378555,20.038933
0.3348,17.382673,20.047688
0.33489999,17.387142,20.056442
0.33500001,17.391966,20.065197
0.3351,17.397144,20.07395
0.33520001,17.402683,20.082705
0.3353,17.408579,20.091459
0.33539999,17.414835,20.100214
0.3355,17.421452,20.108969
0.33559999,17.428431,20.117723
0.33570001,17.43577,20.126478
0.33579999,17.44347,20.135233
0.33590001,17.45153,20.143988
0.336,17.459951,20.152744
0.33610001,17.468729,20.161499
0.3362,17.477865,20.170254
0.33629999,17.487354,20.179008
0.3364,17.497196,20.187765
0.33649999,17.507389,20.19652
0.33660001,17.517929,20.205275
0.33669999,17.528812,20.214031
0.33680001,17.540035,20.222786
0.3369,17.551598,20.231543
0.33700001,17.563492,20.240299
0.3371,17.575714,20.249054
0.33719999,17.588261,20.257811
0.3373,17.601126,20.266567
0.33739999,17.614305,20.275322
0.33750001,17.627794,20.284079
0.33759999,17.641586,20.292835
0.33770001,17.655674,20.301592
0.3378,17.670053,20.310349
0.33790001,17.684715,20.319105
0.338,17.699656,20.327862
0.33809999,17.714867,20.336618
0.3382,17.730341,20.345375
0.33829999,17.746071,20.354132
0.33840001,17.762049,20.362888
0.33849999,17.778269,20.371645
0.33860001,17.79472,20.380404
0.3387,17.811394,20.38916
0.33880001,17.828285,20.397917
0.3389,17.845383,20.406675
0.33899999,17.86268,20.415432
0.3391,17.880165,20.424189
0.33919999,17.897831,20.432947
0.33930001,17.915668,20.441704
0.33939999,17.933668,20.450462
0.33950001,17.951818,20.459221
0.3396,17.970112,20.467978
0.33970001,17.988537,20.476736
0.3398,18.007086,20.485493
0.33989999,18.025747,20.494251
0.34,18.044512,20.50301
0.34009999,18.06337,20.511768
0.34020001,18.08231,20.520527
0.34029999,18.101322,20.529285
0.34040001,18.120396,20.538044
0.3405,18.139521,20.546801
0.34060001,18.158688,20.555561
0.3407,18.177887,20.56432
0.34079999,18.197105,20.573078
0.3409,18.216333,20.581837
0.34099999,18.235563,20.590595
0.34110001,18.25478,20.599354
0.34119999,18.273977,20.608112
0.34130001,18.293144,20.616873
0.3414,18.312267,20.625631
0.34150001,18.331341,20.63439
0.3416,18.350351,20.64315
0.34169999,18.369289,20.651909
0.3418,18.388145,20.660669
0.34189999,18.40691,20.669428
0.34200001,18.425571,20.678188
0.34209999,18.444122,20.686947
0.34220001,18.462553,20.695707
0.3423,18.480852,20.704466
0.34240001,18.499012,20.713226
0.3425,18.517021,20.721987
0.34259999,18.534874,20.730747
0.3427,18.552559,20.739506
0.34279999,18.570066,20.748266
0.34290001,18.587391,20.757027
0.34299999,18.604521,20.765787
0.34310001,18.62145,20.774548
0.3432,18.638172,20.783308
0.34330001,18.654675,20.792068
0.3434,18.670954,20.800829
0.34349999,18.687,20.809589
0.3436,18.702806,20.81835
0.34369999,18.718367,20.82711
0.34380001,18.733675,20.835873
0.3439,18.748722,20.844633
0.34400001,18.763502,20.853394
0.3441,18.778011,20.862154
0.34419999,18.792242,20.870916
0.3443,18.80619,20.879677
0.34439999,18.819849,20.888437
0.34450001,18.833214,20.8972
0.34459999,18.846279,20.90596
0.34470001,18.859043,20.914722
0.3448,18.871498,20.923483
0.34490001,18.883642,20.932245
0.345,18.895472,20.941008
0.34509999,18.906982,20.949768
0.3452,18.918171,20.95853
0.34529999,18.929035,20.967293
0.34540001,18.939573,20.976053
0.34549999,18.949781,20.984816
0.34560001,18.95966,20.993578
0.3457,18.969204,21.00234
0.34580001,18.978415,21.011103
0.3459,18.987289,21.019865
0.34599999,18.995829,21.028627
0.3461,19.00403,21.03739
0.34619999,19.011896,21.046152
0.34630001,19.019424,21.054914
0.34639999,19.026619,21.063677
0.34650001,19.033476,21.072439
0.3466,19.039999,21.081202
0.34670001,19.046188,21.089964
0.3468,19.052046,21.098728
0.34689999,19.057573,21.107491
0.347,19.062775,21.116253
0.34709999,19.06765,21.125015
0.34720001,19.072203,21.13378
0.34729999,19.076435,21.142542
0.34740001,19.080353,21.151306
0.3475,19.083958,21.160069
0.34760001,19.087252,21.168833
0.3477,19.090242,21.177595
0.34779999,19.092934,21.186359
0.3479,19.095327,21.195122
0.34799999,19.097431,21.203886
0.34810001,19.099249,21.21265
0.34819999,19.100786,21.221413
0.34830001,19.102047,21.230177
0.3484,19.103041,21.238941
0.34850001,19.103771,21.247705
0.3486,19.104244,21.256468
0.34869999,19.104467,21.265232
0.3488,19.104446,21.273996
0.34889999,19.104191,21.282761
0.34900001,19.103704,21.291525
0.34909999,19.102995,21.300289
0.34920001,19.102072,21.309053
0.3493,19.100943,21.317818
0.34940001,19.099613,21.326582
0.3495,19.098093,21.335346
0.34959999,19.09639,21.34411
0.3497,19.094513,21.352877
0.34979999,19.092468,21.361641
0.34990001,19.090267,21.370405
0.34999999,19.087917,21.379169
0.35010001,19.085428,21.387936
0.3502,19.082808,21.3967
0.35030001,19.080067,21.405464
0.3504,19.077211,21.41423
0.35049999,19.074255,21.422995
0.3506,19.071203,21.431761
0.35069999,19.068068,21.440525
0.35080001,19.064857,21.449291
0.35089999,19.061581,21.458055
0.35100001,19.058249,21.466822
0.3511,19.054871,21.475588
0.35120001,19.051458,21.484352
0.3513,19.048018,21.493118
0.35139999,19.044559,21.501884
0.3515,19.041094,21.510649
0.35159999,19.037632,21.519415
0.35170001,19.034182,21.528181
0.35179999,19.030754,21.536947
0.35190001,19.027357,21.545713
0.352,19.024002,21.554478
0.35210001,19.020697,21.563244
0.3522,19.017454,21.57201
0.35229999,19.014278,21.580776
0.3524,19.011185,21.589542
0.35249999,19.008177,21.598309
0.35260001,19.00527,21.607075
0.3527,19.002468,21.615843
0.35280001,18.999783,21.624609
0.3529,18.997221,21.633375
0.35299999,18.994793,21.642141
0.3531,18.99251,21.650908
0.35319999,18.990376,21.659674
0.35330001,18.988401,21.668442
0.35339999,18.986595,21.677208
0.35350001,18.984962,21.685974
0.3536,18.983517,21.694742
0.35370001,18.98226,21.703508
0.3538,18.981203,21.712276
0.35389999,18.980352,21.721043
0.354,18.979717,21.729809
0.35409999,18.979301,21.738577
0.35420001,18.979113,21.747345
0.35429999,18.979158,21.756111
0.35440001,18.979445,21.764879
0.3545,18.979979,21.773645
0.35460001,18.980764,21.782413
0.3547,18.98181,21.791182
0.35479999,18.983118,21.799948
0.3549,18.984695,21.808716
0.35499999,18.986547,21.817484
0.35510001,18.988678,21.826252
0.35519999,18.991093,21.835018
0.35530001,18.993795,21.843786
0.3554,18.99679,21.852554
0.35550001,19.00008,21.861322
0.3556,19.00367,21.87009
0.35569999,19.007561,21.878859
0.3558,19.011757,21.887627
0.35589999,19.016262,21.896395
0.35600001,19.021076,21.905163
0.35609999,19.026203,21.913931
0.35620001,19.031645,21.922699
0.3563,19.037401,21.931467
0.35640001,19.043476,21.940235
0.3565,19.049868,21.949005
0.35659999,19.05658,21.957773
0.3567,19.06361,21.966541
0.35679999,19.070959,21.975309
0.35690001,19.078629,21.984079
0.35699999,19.086617,21.992847
0.35710001,19.094923,22.001616
0.3572,19.103546,22.010386
0.35730001,19.112486,22.019154
0.3574,19.121738,22.027922
0.35749999,19.131306,22.036692
0.3576,19.141182,22.04546
0.35769999,19.151367,22.05423
0.35780001,19.161858,22.062998
0.35789999,19.172649,22.071768
0.35800001,19.183743,22.080536
0.3581,19.195131,22.089306
0.35820001,19.206812,22.098076
0.3583,19.218781,22.106844
0.35839999,19.231035,22.115614
0.3585,19.243568,22.124384
0.35859999,19.256378,22.133152
0.35870001,19.269457,22.141922
0.35879999,19.282801,22.150692
0.35890001,19.296406,22.159462
0.359,19.310265,22.16823
0.35910001,19.324371,22.177
0.3592,19.338722,22.18577
0.35929999,19.353308,22.19454
0.3594,19.368124,22.20331
0.35949999,19.383163,22.21208
0.35960001,19.398418,22.22085
0.35969999,19.413885,22.22962
0.35980001,19.429552,22.23839
0.3599,19.445415,22.24716
0.36000001,19.461466,22.25593
0.3601,19.477695,22.2647
0.36019999,19.494099,22.27347
0.3603,19.510666,22.28224
0.36039999,19.52739,22.291012
0.36050001,19.54426,22.299782
0.36059999,19.561272,22.308552
0.36070001,19.578415,22.317322
0.3608,19.59568,22.326094
0.36090001,19.61306,22.334864
0.361,19.630547,22.343634
0.36109999,19.648129,22.352404
0.3612,19.665798,22.361176
0.36129999,19.683548,22.369946
0.36140001,19.701368,22.378717
0.36149999,19.71925,22.387487
0.36160001,19.737183,22.396259
0.3617,19.755159,22.405029
0.36179999,19.773169,22.413799
0.3619,19.791204,22.422571
0.36199999,19.809256,22.431343
0.36210001,19.827312,22.440113
0.36219999,19.845367,22.448885
0.36230001,19.863411,22.457655
0.3624,19.881435,22.466427
0.36250001,19.899427,22.475199
0.3626,19.917383,22.483969
0.36269999,19.935289,22.492741
0.3628,19.95314,22.501513
0.36289999,19.970924,22.510284
0.36300001,19.988636,22.519054
0.36309999,20.006264,22.527826
0.36320001,20.023802,22.536598
0.3633,20.041239,22.54537
0.36340001,20.058567,22.554142
0.3635,20.075779,22.562914
0.36359999,20.092867,22.571684
0.3637,20.109823,22.580456
0.36379999,20.126637,22.589228
0.36390001,20.143303,22.598
0.36399999,20.159813,22.606771
0.36410001,20.176159,22.615543
0.3642,20.192333,22.624315
0.36430001,20.20833,22.633087
0.3644,20.224142,22.641859
0.36449999,20.239761,22.650633
0.3646,20.255184,22.659405
0.36469999,20.270399,22.668177
0.36480001,20.285404,22.676949
0.36489999,20.300192,22.68572
0.36500001,20.314756,22.694492
0.3651,20.32909,22.703266
0.36520001,20.343191,22.712038
0.3653,20.357052,22.72081
0.36539999,20.370667,22.729582
0.3655,20.384033,22.738356
0.36559999,20.397144,22.747128
0.36570001,20.409998,22.755899
0.36579999,20.422588,22.764673
0.36590001,20.434912,22.773445
0.366,20.446964,22.782219
0.36610001,20.458742,22.790991
0.3662,20.470245,22.799765
0.36629999,20.481466,22.808537
0.3664,20.492407,22.81731
0.36649999,20.503061,22.826082
0.36660001,20.513428,22.834856
0.36669999,20.523506,22.843628
0.36680001,20.533293,22.852402
0.3669,20.542788,22.861174
0.36700001,20.551989,22.869947
0.3671,20.560896,22.878721
0.36719999,20.569508,22.887493
0.3673,20.577824,22.896267
0.36739999,20.585844,22.905041
0.36750001,20.593569,22.913813
0.36759999,20.600998,22.922586
0.36770001,20.608133,22.93136
0.3678,20.614977,22.940134
0.36790001,20.621525,22.948906
0.368,20.627785,22.95768
0.36809999,20.633753,22.966454
0.3682,20.639435,22.975227
0.36829999,20.644831,22.984001
0.36840001,20.649944,22.992775
0.36849999,20.654776,23.001549
0.36860001,20.659332,23.010321
0.3687,20.663612,23.019094
0.36880001,20.667624,23.027868
0.3689,20.671366,23.036642
0.36899999,20.674845,23.045416
0.3691,20.678064,23.05419
0.36919999,20.681028,23.062963
0.36930001,20.683741,23.071737
0.36939999,20.686207,23.080511
0.36950001,20.688433,23.089287
0.3696,20.690422,23.098061
0.36970001,20.692181,23.106834
0.3698,20.693714,23.115608
0.36989999,20.695026,23.124382
0.37,20.696127,23.133156
0.37009999,20.697018,23.14193
0.37020001,20.697708,23.150705
0.37029999,20.698202,23.159479
0.37040001,20.698507,23.168253
0.3705,20.698631,23.177027
0.37059999,20.69858,23.185802
0.3707,20.69836,23.194576
0.37079999,20.697981,23.20335
0.37090001,20.697447,23.212126
0.37099999,20.696766,23.2209
0.37110001,20.695946,23.229673
0.3712,20.694996,23.238449
0.37130001,20.69392,23.247223
0.3714,20.692732,23.255999
0.37149999,20.691433,23.264772
0.3716,20.690037,23.273546
0.37169999,20.688547,23.282322
0.37180001,20.686975,23.291096
0.37189999,20.685328,23.299871
0.37200001,20.683613,23.308645
0.3721,20.681839,23.317421
0.37220001,20.680016,23.326195
0.3723,20.67815,23.33497
0.37239999,20.676252,23.343746
0.3725,20.674328,23.35252
0.37259999,20.672388,23.361296
0.37270001,20.670439,23.37007
0.37279999,20.668491,23.378845
0.37290001,20.666552,23.387621
0.373,20.664631,23.396395
0.37310001,20.662735,23.40517
0.3732,20.660873,23.413946
0.37329999,20.659054,23.42272
0.3734,20.657286,23.431496
0.37349999,20.655577,23.440271
0.37360001,20.653934,23.449047
0.37369999,20.652367,23.457821
0.37380001,20.650885,23.466597
0.3739,20.649492,23.475372
0.37400001,20.648199,23.484148
0.3741,20.647015,23.492924
0.37419999,20.645943,23.501699
0.3743,20.644995,23.510473
0.37439999,20.644176,23.519249
0.37450001,20.643494,23.528025
0.37459999,20.642958,23.5368
0.37470001,20.64257,23.545576
0.3748,20.642344,23.554352
0.37490001,20.642282,23.563128
0.375,20.642391,23.571903
0.37509999,20.642679,23.580679
0.3752,20.643152,23.589455
0.37529999,20.643814,23.59823
0.37540001,20.644674,23.607006
0.37549999,20.645737,23.615782
0.37560001,20.647007,23.624557
0.3757,20.648491,23.633333
0.37580001,20.650194,23.642109
0.3759,20.652122,23.650885
0.37599999,20.654278,23.65966
0.3761,20.656666,23.668436
0.37619999,20.659292,23.677214
0.37630001,20.662161,23.685989
0.37639999,20.665276,23.694765
0.37650001,20.66864,23.703541
0.3766,20.672258,23.712317
0.37670001,20.676132,23.721092
0.3768,20.680265,23.72987
0.37689999,20.684662,23.738646
0.377,20.689323,23.747421
0.37709999,20.694254,23.756197
0.37720001,20.699453,23.764975
0.37729999,20.704924,23.77375
0.37740001,20.710669,23.782526
0.3775,20.716686,23.791302
0.37760001,20.722982,23.800079
0.3777,20.729553,23.808855
0.37779999,20.736403,23.817631
0.3779,20.743532,23.826408
0.37799999,20.750938,23.835184
0.37810001,20.758623,23.84396
0.37819999,20.766584,23.852737
0.37830001,20.774826,23.861513
0.3784,20.783342,23.870291
0.37850001,20.792135,23.879066
0.3786,20.801205,23.887842
0.37869999,20.810545,23.89662
0.3788,20.820158,23.905396
0.37889999,20.83004,23.914173
0.37900001,20.840189,23.922949
0.37909999,20.850603,23.931726
0.37920001,20.86128,23.940502
0.3793,20.872217,23.94928
0.37940001,20.88341,23.958055
0.3795,20.894857,23.966833
0.37959999,20.906553,23.975609
0.37970001,20.918493,23.984386
0.37979999,20.930677,23.993162
0.37990001,20.9431,24.00194
0.38,20.955755,24.010717
0.38010001,20.968639,24.019493
0.3802,20.981747,24.028271
0.38029999,20.995075,24.037046
0.3804,21.008617,24.045824
0.38049999,21.022369,24.054602
0.38060001,21.036324,24.063377
0.38069999,21.050476,24.072155
0.38080001,21.064821,24.080933
0.3809,21.079351,24.089708
0.38100001,21.094063,24.098486
0.3811,21.108948,24.107264
0.38119999,21.123999,24.116039
0.3813,21.139212,24.124817
0.38139999,21.154579,24.133595
0.38150001,21.170095,24.142372
0.38159999,21.185751,24.151148
0.38170001,21.20154,24.159925
0.3818,21.217455,24.168703
0.38190001,21.23349,24.177481
0.382,21.249638,24.186256
0.38209999,21.265888,24.195034
0.3822,21.282238,24.203812
0.38229999,21.298676,24.212589
0.38240001,21.315197,24.221367
0.38249999,21.331791,24.230143
0.38260001,21.348454,24.23892
0.3827,21.365173,24.247698
0.38280001,21.381945,24.256475
0.3829,21.39876,24.265253
0.38299999,21.415609,24.274031
0.3831,21.432487,24.282808
0.38319999,21.449385,24.291584
0.38330001,21.466293,24.300362
0.38339999,21.483208,24.309139
0.38350001,21.500116,24.317917
0.3836,21.517014,24.326694
0.38370001,21.533892,24.335472
0.3838,21.550741,24.34425
0.38389999,21.567556,24.353027
0.384,21.58433,24.361805
0.38409999,21.601051,24.370583
0.38420001,21.617714,24.37936
0.38429999,21.634312,24.388138
0.38440001,21.650837,24.396915
0.3845,21.667282,24.405693
0.38460001,21.683638,24.414471
0.3847,21.6999,24.423248
0.38479999,21.716057,24.432026
0.3849,21.732107,24.440804
0.38499999,21.748041,24.449581
0.38510001,21.763851,24.458359
0.38519999,21.779531,24.467136
0.38530001,21.795076,24.475914
0.3854,21.810478,24.484692
0.38550001,21.825731,24.493469
0.3856,21.840828,24.502247
0.38569999,21.855764,24.511024
0.3858,21.870535,24.519802
0.38589999,21.88513,24.52858
0.38600001,21.899549,24.537357
0.38609999,21.913784,24.546137
0.38620001,21.92783,24.554914
0.3863,21.941681,24.563692
0.38640001,21.955334,24.57247
0.3865,21.968782,24.581247
0.38659999,21.982023,24.590025
0.3867,21.995052,24.598803
0.38679999,22.007864,24.60758
0.38690001,22.020454,24.61636
0.38699999,22.032822,24.625137
0.38710001,22.044962,24.633915
0.3872,22.05687,24.642693
0.38730001,22.068544,24.65147
0.3874,22.079981,24.660248
0.38749999,22.091179,24.669027
0.3876,22.102133,24.677805
0.38769999,22.112843,24.686583
0.38780001,22.123306,24.69536
0.38789999,22.13352,24.704138
0.38800001,22.143484,24.712917
0.3881,22.153196,24.721695
0.38820001,22.162657,24.730473
0.3883,22.171862,24.73925
0.38839999,22.180813,24.74803
0.38850001,22.189508,24.756807
0.38859999,22.197948,24.765585
0.38870001,22.206135,24.774363
0.3888,22.214064,24.783142
0.38890001,22.221737,24.79192
0.389,22.229156,24.800697
0.38909999,22.236322,24.809475
0.3892,22.243235,24.818254
0.38929999,22.249895,24.827032
0.38940001,22.256308,24.83581
0.38949999,22.26247,24.844587
0.38960001,22.268385,24.853367
0.3897,22.274055,24.862144
0.38980001,22.279484,24.870922
0.3899,22.284674,24.879702
0.38999999,22.289625,24.888479
0.3901,22.294342,24.897257
0.39019999,22.298828,24.906036
0.39030001,22.303087,24.914814
0.39039999,22.307119,24.923592
0.39050001,22.310932,24.932369
0.3906,22.314529,24.941149
0.39070001,22.317911,24.949926
0.3908,22.321085,24.958704
0.39089999,22.324055,24.967484
0.391,22.326824,24.976261
0.39109999,22.329399,24.985039
0.39120001,22.331783,24.993818
0.39129999,22.333982,25.002596
0.39140001,22.336002,25.011375
0.3915,22.337847,25.020153
0.39160001,22.339521,25.028931
0.3917,22.341034,25.03771
0.39179999,22.342388,25.046488
0.3919,22.34359,25.055265
0.39199999,22.344645,25.064045
0.39210001,22.345562,25.072823
0.39219999,22.346344,25.0816
0.39230001,22.346998,25.09038
0.3924,22.347532,25.099157
0.39250001,22.347954,25.107937
0.3926,22.348265,25.116714
0.39269999,22.348476,25.125492
0.3928,22.348595,25.134272
0.39289999,22.348625,25.143049
0.39300001,22.348574,25.151827
0.39309999,22.34845,25.160606
0.39320001,22.348261,25.169384
0.3933,22.348011,25.178164
0.39340001,22.34771,25.186941
0.3935,22.347364,25.195719
0.39359999,22.346981,25.204498
0.3937,22.346567,25.213276
0.39379999,22.346128,25.222055
0.39390001,22.345676,25.230833
0.39399999,22.345213,25.239611
0.39410001,22.344749,25.24839
0.3942,22.344292,25.257168
0.39430001,22.343847,25.265947
0.3944,22.343424,25.274725
0.39449999,22.343027,25.283503
0.3946,22.342665,25.292282
0.39469999,22.342344,25.30106
0.39480001,22.342073,25.309839
0.39489999,22.341858,25.318617
0.39500001,22.341705,25.327394
0.3951,22.341623,25.336174
0.39520001,22.341616,25.344952
0.3953,22.341694,25.353731
0.39539999,22.34186,25.362509
0.3955,22.342125,25.371286
0.39559999,22.342491,25.380066
0.39570001,22.342968,25.388844
0.39579999,22.343561,25.397623
0.39590001,22.344275,25.406401
0.396,22.345118,25.415178
0.39610001,22.346094,25.423958
0.3962,22.347212,25.432735
0.39629999,22.348475,25.441515
0.3964,22.349888,25.450293
0.39649999,22.351458,25.45907
0.39660001,22.353191,25.46785
0.39669999,22.355091,25.476627
0.39680001,22.357162,25.485407
0.3969,22.359411,25.494184
0.39700001,22.361843,25.502962
0.3971,22.36446,25.511742
0.39719999,22.367268,25.520519
0.3973,22.37027,25.529299
0.39739999,22.37347,25.538076
0.39750001,22.376875,25.546854
0.3976,22.380486,25.555634
0.39770001,22.384306,25.564411
0.3978,22.388338,25.573191
0.39789999,22.392588,25.581968
0.398,22.397057,25.590746
0.39809999,22.401747,25.599525
0.39820001,22.406662,25.608303
0.39829999,22.411802,25.617081
0.39840001,22.417173,25.62586
0.3985,22.422773,25.634638
0.39860001,22.428606,25.643417
0.3987,22.434673,25.652195
0.39879999,22.440977,25.660973
0.3989,22.447515,25.669752
0.39899999,22.454292,25.67853
0.39910001,22.461306,25.687307
0.39919999,22.468559,25.696087
0.39930001,22.476049,25.704865
0.3994,22.48378,25.713642
0.39950001,22.491749,25.722422
0.3996,22.499956,25.731199
0.39969999,22.508402,25.739979
0.3998,22.517084,25.748756
0.39989999,22.526003,25.757534
0.40000001,22.535156,25.766314
0.40009999,22.544542,25.775091
0.40020001,22.554161,25.783869
0.4003,22.564011,25.792648
0.40040001,22.574089,25.801426
0.4005,22.584393,25.810204
0.40059999,22.594921,25.818983
0.4007,22.605669,25.827761
0.40079999,22.616638,25.836538
0.40090001,22.627821,25.845316
0.40099999,22.639217,25.854095
0.40110001,22.650824,25.862873
0.4012,22.662636,25.871651
0.40130001,22.674648,25.88043
0.4014,22.686861,25.889208
0.40149999,22.69927,25.897985
0.4016,22.711868,25.906763
0.40169999,22.724651,25.915543
0.40180001,22.737617,25.92432
0.40189999,22.750761,25.933098
0.40200001,22.764078,25.941877
0.4021,22.777563,25.950655
0.40220001,22.79121,25.959433
0.4023,22.805014,25.96821
0.40239999,22.818972,25.97699
0.4025,22.833076,25.985767
0.40259999,22.847322,25.994545
0.40270001,22.861704,26.003323
0.40279999,22.876215,26.0121
0.40290001,22.890852,26.02088
0.403,22.905609,26.029657
0.40310001,22.920477,26.038435
0.4032,22.935452,26.047213
0.40329999,22.950527,26.05599
0.4034,22.965696,26.06477
0.40349999,22.980953,26.073547
0.40360001,22.996292,26.082325
0.40369999,23.011705,26.091103
0.40380001,23.027187,26.09988
0.4039,23.042732,26.10866
0.40400001,23.058332,26.117437
0.4041,23.07398,26.126215
0.40419999,23.089672,26.134993
0.4043,23.105398,26.14377
0.40439999,23.121155,26.152548
0.40450001,23.136932,26.161325
0.40459999,23.152725,26.170105
0.40470001,23.168528,26.178883
0.4048,23.184332,26.18766
0.40490001,23.200132,26.196438
0.405,23.215921,26.205215
0.40509999,23.231691,26.213993
0.4052,23.247438,26.222771
0.40529999,23.263153,26.231548
0.40540001,23.278831,26.240326
0.40549999,23.294464,26.249104
0.40560001,23.310049,26.257881
0.4057,23.325575,26.266659
0.40580001,23.341038,26.275438
0.4059,23.35643,26.284216
0.40599999,23.371748,26.292994
0.4061,23.386984,26.301771
0.40619999,23.402132,26.310549
0.40630001,23.417187,26.319326
0.4064,23.43214,26.328104
0.40650001,23.446989,26.336882
0.4066,23.461727,26.345659
0.40669999,23.476349,26.354437
0.4068,23.490849,26.363214
0.40689999,23.50522,26.371992
0.40700001,23.519459,26.380768
0.40709999,23.53356,26.389545
0.40720001,23.54752,26.398323
0.4073,23.561331,26.407101
0.40740001,23.574989,26.415878
0.4075,23.588491,26.424656
0.40759999,23.601831,26.433434
0.4077,23.615007,26.442211
0.40779999,23.628014,26.450989
0.40790001,23.640846,26.459766
0.40799999,23.653502,26.468544
0.40810001,23.665976,26.47732
0.4082,23.678265,26.486097
0.40830001,23.690367,26.494875
0.4084,23.702278,26.503653
0.40849999,23.713995,26.51243
0.4086,23.725513,26.521208
0.40869999,23.736835,26.529984
0.40880001,23.747953,26.538761
0.40889999,23.758869,26.547539
0.40900001,23.769577,26.556316
0.4091,23.780077,26.565094
0.40920001,23.790369,26.57387
0.4093,23.800447,26.582647
0.40939999,23.810314,26.591425
0.4095,23.819965,26.600203
0.40959999,23.829403,26.608978
0.40970001,23.838623,26.617756
0.40979999,23.847628,26.626534
0.40990001,23.856415,26.635309
0.41,23.864986,26.644087
0.41010001,23.873339,26.652864
0.4102,23.881475,26.66164
0.41029999,23.889393,26.670418
0.4104,23.897097,26.679195
0.41049999,23.904583,26.687971
0.41060001,23.911854,26.696749
0.41069999,23.918911,26.705526
0.41080001,23.925756,26.714302
0.4109,23.93239,26.72308
0.41100001,23.938814,26.731855
0.4111,23.94503,26.740633
0.41119999,23.951038,26.749411
0.4113,23.956844,26.758186
0.41139999,23.962448,26.766964
0.41150001,23.967854,26.77574
0.41159999,23.973061,26.784517
0.41170001,23.978075,26.793293
0.4118,23.982899,26.802071
0.41190001,23.987534,26.810846
0.412,23.991983,26.819624
0.41209999,23.996252,26.8284
0.4122,24.000343,26.837177
0.41229999,24.004259,26.845953
0.41240001,24.008007,26.854731
0.41249999,24.011587,26.863506
0.41260001,24.015005,26.872282
0.4127,24.018267,26.88106
0.41280001,24.021374,26.889835
0.4129,24.02433,26.898613
0.41299999,24.027143,26.907389
0.4131,24.029818,26.916164
0.41319999,24.032356,26.924942
0.41330001,24.034765,26.933718
0.41339999,24.037048,26.942493
0.41350001,24.039213,26.951271
0.4136,24.041264,26.960047
0.41370001,24.043203,26.968822
0.4138,24.04504,26.977598
0.41389999,24.04678,26.986376
0.414,24.048426,26.995152
0.41409999,24.049984,27.003927
0.41420001,24.051462,27.012703
0.41429999,24.052864,27.021481
0.41440001,24.054197,27.030256
0.4145,24.055468,27.039032
0.41460001,24.056679,27.047808
0.4147,24.057838,27.056583
0.41479999,24.058952,27.065359
0.4149,24.060026,27.074135
0.41499999,24.061066,27.082912
0.41510001,24.062078,27.091688
0.4152,24.063068,27.100464
0.41530001,24.064045,27.10924
0.4154,24.065012,27.118015
0.41549999,24.065975,27.126791
0.4156,24.06694,27.135567
0.41569999,24.067917,27.144342
0.41580001,24.068907,27.153118
0.41589999,24.06992,27.161894
0.41600001,24.070957,27.17067
0.4161,24.072029,27.179445
0.41620001,24.073141,27.188221
0.4163,24.074297,27.196997
0.41639999,24.075504,27.205772
0.4165,24.076769,27.214548
0.41659999,24.078096,27.223324
0.41670001,24.079493,27.232098
0.41679999,24.080961,27.240873
0.41690001,24.08251,27.249649
0.417,24.084145,27.258425
0.41710001,24.085869,27.2672
0.4172,24.087688,27.275976
0.41729999,24.089609,27.28475
0.4174,24.091637,27.293526
0.41749999,24.093775,27.302301
0.41760001,24.096031,27.311077
0.41769999,24.098406,27.319851
0.41780001,24.100908,27.328627
0.4179,24.103539,27.337402
0.41800001,24.106306,27.346176
0.4181,24.109211,27.354952
0.41819999,24.112261,27.363728
0.4183,24.115458,27.372501
0.41839999,24.118807,27.381277
0.41850001,24.122311,27.390053
0.41859999,24.125973,27.398827
0.41870001,24.129799,27.407602
0.4188,24.133791,27.416376
0.41890001,24.137953,27.425152
0.419,24.142286,27.433926
0.41909999,24.146795,27.442701
0.4192,24.151484,27.451475
0.41929999,24.156353,27.460251
0.41940001,24.161406,27.469025
0.41949999,24.166643,27.4778
0.41960001,24.17207,27.486574
0.4197,24.177685,27.49535
0.41980001,24.183495,27.504124
0.4199,24.189495,27.512897
0.41999999,24.195692,27.521673
0.4201,24.202087,27.530447
0.42019999,24.208677,27.539223
0.42030001,24.215467,27.547997
0.42039999,24.222458,27.55677
0.42050001,24.229647,27.565544
0.4206,24.237038,27.57432
0.42070001,24.244629,27.583094
0.4208,24.252422,27.591867
0.42089999,24.260416,27.600641
0.421,24.26861,27.609417
0.42109999,24.277006,27.618191
0.42120001,24.285601,27.626965
0.42129999,24.294395,27.635738
0.42140001,24.303389,27.644512
0.4215,24.31258,27.653286
0.42160001,24.321966,27.66206
0.4217,24.331547,27.670834
0.42179999,24.341322,27.679609
0.4219,24.35129,27.688383
0.42199999,24.361444,27.697157
0.42210001,24.37179,27.705931
0.42219999,24.382318,27.714705
0.42230001,24.393032,27.723478
0.4224,24.403925,27.73225
0.42250001,24.414997,27.741024
0.4226,24.426243,27.749798
0.42269999,24.437662,27.758572
0.4228,24.449251,27.767345
0.42289999,24.461006,27.776119
0.42300001,24.472923,27.784893
0.42309999,24.484999,27.793667
0.42320001,24.497231,27.802439
0.4233,24.509615,27.811213
0.42340001,24.522148,27.819986
0.4235,24.534824,27.82876
0.42359999,24.54764,27.837532
0.4237,24.560593,27.846306
0.42379999,24.573677,27.85508
0.42390001,24.586887,27.863852
0.42399999,24.60022,27.872625
0.42410001,24.613672,27.881399
0.4242,24.627235,27.890171
0.42429999,24.640909,27.898945
0.4244,24.654686,27.907719
0.42449999,24.668562,27.916491
0.42460001,24.682529,27.925264
0.42469999,24.696587,27.934036
0.42480001,24.710728,27.94281
0.4249,24.724947,27.951582
0.42500001,24.739239,27.960356
0.4251,24.753599,27.969128
0.42519999,24.768021,27.9779
0.4253,24.782497,27.986673
0.42539999,24.797028,27.995445
0.42550001,24.811604,28.004219
0.42559999,24.826218,28.012991
0.42570001,24.840868,28.021763
0.4258,24.855549,28.030535
0.42590001,24.870251,28.039309
0.426,24.884974,28.04808
0.42609999,24.899706,28.056852
0.4262,24.914446,28.065624
0.42629999,24.929188,28.074398
0.42640001,24.943926,28.08317
0.42649999,24.958652,28.091942
0.42660001,24.973366,28.100714
0.4267,24.988056,28.109486
0.42680001,25.002722,28.118258
0.4269,25.017355,28.127029
0.42699999,25.03195,28.135801
0.4271,25.046503,28.144573
0.42719999,25.061008,28.153345
0.42730001,25.07546,28.162117
0.42739999,25.089855,28.170889
0.42750001,25.104185,28.179661
0.4276,25.118446,28.188433
0.42770001,25.132633,28.197205
0.4278,25.146744,28.205976
0.42789999,25.160769,28.214748
0.428,25.174706,28.22352
0.42809999,25.188549,28.23229
0.42820001,25.202297,28.241062
0.42829999,25.21594,28.249834
0.42840001,25.229479,28.258606
0.4285,25.242907,28.267376
0.42860001,25.256218,28.276148
0.4287,25.269411,28.28492
0.42879999,25.28248,28.29369
0.4289,25.295424,28.302462
0.42899999,25.308233,28.311234
0.42910001,25.320911,28.320004
0.42919999,25.33345,28.328775
0.42930001,25.345846,28.337545
0.4294,25.358099,28.346317
0.42950001,25.370203,28.355087
0.4296,25.382156,28.363859
0.42969999,25.393955,28.372629
0.4298,25.405598,28.381401
0.42989999,25.417082,28.390171
0.43000001,25.428404,28.398941
0.43009999,25.43956,28.407713
0.43020001,25.450552,28.416483
0.4303,25.461374,28.425253
0.43040001,25.472027,28.434025
0.4305,25.482508,28.442795
0.43059999,25.492813,28.451565
0.4307,25.502945,28.460335
0.43079999,25.512901,28.469105
0.43090001,25.522678,28.477877
0.43099999,25.532278,28.486647
0.43110001,25.541698,28.495417
0.4312,25.550938,28.504187
0.43130001,25.559996,28.512957
0.4314,25.568874,28.521727
0.43149999,25.577572,28.530497
0.4316,25.586088,28.539267
0.43169999,25.594421,28.548037
0.43180001,25.602575,28.556807
0.43189999,25.610548,28.565577
0.43200001,25.618341,28.574347
0.4321,25.625956,28.583117
0.43220001,25.63339,28.591887
0.4323,25.640648,28.600655
0.43239999,25.647728,28.609425
0.4325,25.654634,28.618195
0.43259999,25.661367,28.626965
0.43270001,25.667927,28.635733
0.43279999,25.674316,28.644503
0.43290001,25.680538,28.653273
0.433,25.686594,28.662041
0.43309999,25.692484,28.670811
0.4332,25.698212,28.679581
0.43329999,25.703781,28.688349
0.43340001,25.709192,28.697119
0.43349999,25.714449,28.705887
0.43360001,25.719555,28.714657
0.4337,25.724512,28.723425
0.43380001,25.729322,28.732195
0.4339,25.733992,28.740963
0.43399999,25.73852,28.749731
0.4341,25.742912,28.758501
0.43419999,25.747173,28.767269
0.43430001,25.751305,28.776037
0.43439999,25.755312,28.784807
0.43450001,25.759197,28.793575
0.4346,25.762966,28.802343
0.43470001,25.766621,28.811111
0.4348,25.770166,28.819881
0.43489999,25.773605,28.82865
0.435,25.776945,28.837418
0.43509999,25.780188,28.846186
0.43520001,25.783337,28.854954
0.43529999,25.7864,28.863722
0.43540001,25.789379,28.87249
0.4355,25.79228,28.881258
0.43560001,25.795107,28.890026
0.4357,25.797865,28.898794
0.43579999,25.800558,28.907562
0.4359,25.803192,28.91633
0.43599999,25.805771,28.925098
0.43610001,25.8083,28.933865
0.43619999,25.810783,28.942633
0.43630001,25.813229,28.951401
0.4364,25.815638,28.960169
0.43650001,25.818016,28.968937
0.4366,25.82037,28.977703
0.43669999,25.822704,28.986471
0.4368,25.825024,28.995239
0.43689999,25.827333,29.004005
0.43700001,25.829639,29.012774
0.43709999,25.831944,29.02154
0.43720001,25.834253,29.030308
0.4373,25.836575,29.039074
0.43740001,25.838911,29.047842
0.4375,25.841269,29.056608
0.43759999,25.843649,29.065376
0.4377,25.846062,29.074142
0.43779999,25.848509,29.082909
0.43790001,25.850996,29.091677
0.43799999,25.853529,29.100443
0.43810001,25.85611,29.109209
0.4382,25.858746,29.117975
0.43830001,25.861441,29.126743
0.4384,25.864199,29.135509
0.43849999,25.867027,29.144276
0.4386,25.869926,29.153042
0.43869999,25.872902,29.161808
0.43880001,25.875961,29.170574
0.43889999,25.879105,29.17934
0.43900001,25.882338,29.188107
0.4391,25.885666,29.196873
0.43920001,25.889091,29.205639
0.4393,25.892618,29.214405
0.43939999,25.896252,29.223171
0.4395,25.899996,29.231937
0.43959999,25.903852,29.240704
0.43970001,25.907825,29.24947
0.43979999,25.911917,29.258234
0.43990001,25.916134,29.267
0.44,25.920477,29.275766
0.44010001,25.924952,29.284533
0.4402,25.929558,29.293297
0.44029999,25.934299,29.302063
0.4404,25.939178,29.310827
0.44049999,25.944201,29.319593
0.44060001,25.949366,29.32836
0.44069999,25.954676,29.337124
0.44080001,25.960136,29.345888
0.4409,25.965746,29.354654
0.44100001,25.971508,29.363419
0.4411,25.977423,29.372185
0.44119999,25.983496,29.380949
0.4413,25.989725,29.389713
0.44139999,25.996115,29.398479
0.44150001,26.002665,29.407244
0.44159999,26.009375,29.416008
0.44170001,26.016249,29.424772
0.4418,26.023285,29.433538
0.44190001,26.030487,29.442303
0.442,26.037853,29.451067
0.44209999,26.045383,29.459831
0.44220001,26.053082,29.468596
0.44229999,26.060946,29.47736
0.44240001,26.068974,29.486124
0.4425,26.077169,29.494888
0.44260001,26.085531,29.503653
0.4427,26.094057,29.512417
0.44279999,26.102747,29.521179
0.4429,26.111603,29.529943
0.44299999,26.120623,29.538708
0.44310001,26.129805,29.547472
0.44319999,26.139147,29.556236
0.44330001,26.148649,29.564999
0.4434,26.158312,29.573763
0.44350001,26.168133,29.582527
0.4436,26.178108,29.59129
0.44369999,26.188238,29.600054
0.4438,26.198523,29.608816
0.44389999,26.208956,29.61758
0.44400001,26.219538,29.626343
0.44409999,26.230265,29.635107
0.44420001,26.241137,29.643869
0.4443,26.252151,29.652632
0.44440001,26.263304,29.661396
0.4445,26.274593,29.670158
0.44459999,26.286015,29.678921
0.4447,26.297569,29.687685
0.44479999,26.30925,29.696447
0.44490001,26.321054,29.70521
0.44499999,26.332981,29.713972
0.44510001,26.345026,29.722734
0.4452,26.357187,29.731497
0.44530001,26.369457,29.740259
0.4454,26.381836,29.749022
0.44549999,26.39432,29.757784
0.4456,26.406902,29.766546
0.44569999,26.419582,29.775309
0.44580001,26.432356,29.784071
0.44589999,26.445217,29.792833
0.44600001,26.458164,29.801596
0.4461,26.471191,29.810356
0.44620001,26.484295,29.819118
0.4463,26.497473,29.827881
0.44639999,26.510717,29.836641
0.4465,26.524025,29.845404
0.44659999,26.537394,29.854166
0.44670001,26.550817,29.862926
0.44679999,26.564293,29.871689
0.44690001,26.577814,29.880449
0.447,26.591377,29.889212
0.44710001,26.604977,29.897972
0.4472,26.61861,29.906734
0.44729999,26.632273,29.915495
0.4474,26.645958,29.924255
0.44749999,26.659664,29.933018
0.44760001,26.673384,29.941778
0.44769999,26.687115,29.950539
0.44780001,26.70085,29.959299
0.4479,26.714586,29.96806
0.44800001,26.728321,29.97682
0.4481,26.742046,29.985582
0.44819999,26.75576,29.994343
0.4483,26.769455,30.003103
0.44839999,26.783131,30.011864
0.44850001,26.79678,30.020622
0.44859999,26.810398,30.029383
0.44870001,26.823982,30.038143
0.4488,26.837526,30.046904
0.44890001,26.851028,30.055664
0.449,26.864483,30.064425
0.44909999,26.877884,30.073183
0.4492,26.891232,30.081944
0.44929999,26.904516,30.090704
0.44940001,26.91774,30.099463
0.44949999,26.930893,30.108223
0.44960001,26.943975,30.116982
0.4497,26.956982,30.125742
0.44980001,26.969908,30.134501
0.4499,26.982752,30.143261
0.44999999,26.99551,30.15202
0.4501,27.008175,30.16078
0.45019999,27.020748,30.169538
0.45030001,27.033224,30.178297
0.45039999,27.045599,30.187056
0.45050001,27.057871,30.195816
0.4506,27.070036,30.204575
0.45070001,27.08209,30.213333
0.4508,27.094032,30.222092
0.45089999,27.10586,30.23085
0.45100001,27.117569,30.239609
0.45109999,27.129158,30.248367
0.45120001,27.140623,30.257126
0.4513,27.151962,30.265884
0.45140001,27.163174,30.274643
0.4515,27.174257,30.283401
0.45159999,27.185207,30.29216
0.4517,27.196024,30.300917
0.45179999,27.206705,30.309675
0.45190001,27.217249,30.318434
0.45199999,27.227654,30.32719
0.45210001,27.237917,30.335949
0.4522,27.248041,30.344707
0.45230001,27.25802,30.353464
0.4524,27.267857,30.362223
0.45249999,27.27755,30.370979
0.4526,27.287094,30.379738
0.45269999,27.296494,30.388494
0.45280001,27.305746,30.397251
0.45289999,27.314852,30.40601
0.45300001,27.323809,30.414766
0.4531,27.332619,30.423523
0.45320001,27.34128,30.43228
0.4533,27.349794,30.441036
0.45339999,27.35816,30.449795
0.4535,27.366379,30.458551
0.45359999,27.374449,30.467308
0.45370001,27.382374,30.476065
0.45379999,27.390152,30.484821
0.45390001,27.397787,30.493578
0.454,27.405275,30.502335
0.45410001,27.412622,30.511089
0.4542,27.419827,30.519846
0.45429999,27.426889,30.528603
0.4544,27.433813,30.537359
0.45449999,27.440599,30.546114
0.45460001,27.44725,30.554871
0.45469999,27.453764,30.563627
0.45480001,27.460148,30.572382
0.4549,27.466398,30.581139
0.45500001,27.472521,30.589893
0.4551,27.478518,30.59865
0.45519999,27.484388,30.607405
0.4553,27.490139,30.616159
0.45539999,27.495768,30.624916
0.45550001,27.50128,30.633671
0.45559999,27.506678,30.642426
0.45570001,27.511965,30.651182
0.4558,27.517141,30.659937
0.45590001,27.522213,30.668692
0.456,27.52718,30.677446
0.45609999,27.532049,30.686201
0.4562,27.536819,30.694956
0.45629999,27.541496,30.703711
0.45640001,27.546083,30.712465
0.45649999,27.550583,30.72122
0.45660001,27.554998,30.729975
0.4567,27.559334,30.738728
0.45680001,27.563593,30.747482
0.4569,27.56778,30.756237
0.45699999,27.571896,30.764992
0.4571,27.575947,30.773745
0.45719999,27.579937,30.782499
0.45730001,27.583868,30.791252
0.45739999,27.587744,30.800007
0.45750001,27.59157,30.80876
0.4576,27.59535,30.817514
0.45770001,27.599087,30.826267
0.4578,27.602785,30.835022
0.45789999,27.606449,30.843775
0.458,27.610083,30.852528
0.45809999,27.613689,30.861282
0.45820001,27.617275,30.870035
0.45829999,27.62084,30.878788
0.45840001,27.624393,30.887541
0.4585,27.627934,30.896294
0.45860001,27.63147,30.905046
0.4587,27.635002,30.913799
0.45879999,27.638538,30.922552
0.4589,27.64208,30.931305
0.45899999,27.645632,30.940058
0.45910001,27.649197,30.948811
0.45919999,27.652781,30.957561
0.45930001,27.656387,30.966314
0.4594,27.660019,30.975067
0.45950001,27.663681,30.983818
0.4596,27.667377,30.992571
0.45969999,27.671112,31.001324
0.4598,27.674887,31.010075
0.45989999,27.678709,31.018826
0.46000001,27.682579,31.027578
0.4601,27.686502,31.036329
0.46020001,27.690481,31.045082
0.4603,27.694521,31.053833
0.46039999,27.698626,31.062584
0.4605,27.702795,31.071335
0.46059999,27.707037,31.080088
0.46070001,27.711351,31.088839
0.46079999,27.715744,31.097589
0.46090001,27.720217,31.10634
0.461,27.724773,31.115091
0.46110001,27.729416,31.123842
0.4612,27.734148,31.132593
0.46129999,27.738972,31.141344
0.4614,27.743893,31.150093
0.46149999,27.748909,31.158844
0.46160001,27.754028,31.167595
0.46169999,27.759251,31.176346
0.46180001,27.764578,31.185095
0.4619,27.770012,31.193846
0.46200001,27.775558,31.202595
0.4621,27.781218,31.211346
0.46219999,27.786989,31.220095
0.4623,27.792879,31.228846
0.46239999,27.798887,31.237595
0.46250001,27.805014,31.246346
0.46259999,27.811264,31.255095
0.46270001,27.817636,31.263844
0.4628,27.824135,31.272593
0.46290001,27.830759,31.281342
0.463,27.837511,31.290092
0.46309999,27.844391,31.298841
0.4632,27.851402,31.30759
0.46329999,27.858541,31.316339
0.46340001,27.865814,31.325089
0.46349999,27.873219,31.333836
0.46360001,27.880754,31.342585
0.4637,27.888424,31.351334
0.46380001,27.896229,31.360083
0.4639,27.904165,31.36883
0.46399999,27.912235,31.377579
0.4641,27.920441,31.386328
0.46419999,27.92878,31.395075
0.46430001,27.93725,31.403824
0.46439999,27.945856,31.412571
0.46450001,27.954594,31.42132
0.4646,27.963465,31.430067
0.46470001,27.972467,31.438816
0.4648,27.9816,31.447563
0.46489999,27.990864,31.45631
0.465,28.000256,31.465057
0.46509999,28.009775,31.473804
0.46520001,28.019423,31.482553
0.46529999,28.029196,31.491301
0.46540001,28.039091,31.500048
0.4655,28.04911,31.508795
0.46560001,28.059252,31.51754
0.4657,28.069511,31.526287
0.46579999,28.079889,31.535034
0.4659,28.090382,31.543781
0.46599999,28.10099,31.552528
0.46610001,28.111708,31.561274
0.46619999,28.122536,31.570021
0.46630001,28.133472,31.578768
0.4664,28.144514,31.587513
0.46650001,28.155657,31.59626
0.4666,28.166901,31.605005
0.46669999,28.178242,31.613752
0.4668,28.189678,31.622498
0.46689999,28.201206,31.631243
0.46700001,28.212824,31.63999
0.46709999,28.224529,31.648735
0.46720001,28.236319,31.65748
0.4673,28.248188,31.666225
0.46740001,28.260134,31.674971
0.4675,28.272156,31.683716
0.46759999,28.28425,31.692461
0.4677,28.296412,31.701206
0.46779999,28.308638,31.709951
0.46790001,28.320927,31.718697
0.46799999,28.333273,31.727442
0.46810001,28.345675,31.736185
0.4682,28.358128,31.74493
0.46830001,28.37063,31.753675
0.4684,28.383177,31.762419
0.46849999,28.395763,31.771164
0.4686,28.408388,31.779907
0.46869999,28.421047,31.788652
0.46880001,28.433739,31.797396
0.4689,28.446455,31.806139
0.46900001,28.459194,31.814884
0.4691,28.471954,31.823627
0.46919999,28.48473,31.832371
0.4693,28.497517,31.841114
0.46939999,28.510313,31.849859
0.46950001,28.523115,31.858603
0.46959999,28.535919,31.867346
0.46970001,28.548719,31.876089
0.4698,28.561514,31.88483
0.46990001,28.574301,31.893574
0.47,28.587072,31.902317
0.47009999,28.599829,31.91106
0.4702,28.612566,31.919804
0.47029999,28.625278,31.928545
0.47040001,28.637964,31.937288
0.47049999,28.650618,31.94603
0.47060001,28.663239,31.954773
0.4707,28.675823,31.963514
0.47080001,28.688366,31.972258
0.4709,28.700865,31.980999
0.47099999,28.713316,31.989742
0.4711,28.725716,31.998484
0.47119999,28.738064,32.007225
0.47130001,28.750355,32.015968
0.47139999,28.762585,32.024708
0.47150001,28.774752,32.033451
0.4716,28.786854,32.042191
0.47170001,28.798887,32.050934
0.4718,28.810848,32.059673
0.47189999,28.822737,32.068417
0.472,28.834547,32.077156
0.47209999,28.846277,32.085896
0.47220001,28.857925,32.094639
0.47229999,28.86949,32.103378
0.47240001,28.880966,32.112118
0.4725,28.892355,32.120861
0.47260001,28.90365,32.129601
0.4727,28.914854,32.13834
0.47279999,28.925961,32.147079
0.4729,28.93697,32.155823
0.47299999,28.94788,32.164562
0.47310001,28.958689,32.173302
0.47319999,28.969393,32.182041
0.47330001,28.979994,32.190781
0.4734,28.990488,32.19952
0.47350001,29.000874,32.20826
0.4736,29.01115,32.216999
0.47369999,29.021318,32.225739
0.4738,29.031374,32.234478
0.47389999,29.041315,32.243217
0.47400001,29.051146,32.251957
0.47409999,29.06086,32.260696
0.47420001,29.070459,32.269436
0.4743,29.079943,32.278172
0.47440001,29.08931,32.286911
0.4745,29.098558,32.29565
0.47459999,29.107691,32.30439
0.4747,29.116707,32.313126
0.47479999,29.125603,32.321865
0.47490001,29.134382,32.330605
0.47499999,29.143044,32.33934
0.47510001,29.151587,32.34808
0.4752,29.160013,32.356819
0.47530001,29.168322,32.365555
0.4754,29.176512,32.374294
0.47549999,29.184587,32.38303
0.4756,29.192547,32.391769
0.47569999,29.20039,32.400505
0.47580001,29.20812,32.409241
0.47589999,29.215736,32.41798
0.47600001,29.223238,32.426716
0.4761,29.230631,32.435455
0.47620001,29.237911,32.444191
0.4763,29.245085,32.452927
0.47639999,29.25215,32.461662
0.4765,29.259108,32.470402
0.47659999,29.265961,32.479137
0.47670001,29.272711,32.487873
0.47679999,29.279358,32.496609
0.47690001,29.285906,32.505344
0.477,29.292356,32.51408
0.47710001,29.29871,32.52282
0.4772,29.30497,32.531555
0.47729999,29.311136,32.540291
0.4774,29.317215,32.549026
0.47749999,29.323204,32.557762
0.47760001,29.329107,32.566498
0.4777,29.334929,32.57523
0.47780001,29.340668,32.583965
0.4779,29.346329,32.592701
0.47799999,29.351913,32.601437
0.4781,29.357426,32.610172
0.47819999,29.362867,32.618908
0.47830001,29.368238,32.62764
0.47839999,29.373547,32.636375
0.47850001,29.378792,32.645111
0.4786,29.383978,32.653843
0.47870001,29.389105,32.662579
0.4788,29.39418,32.671314
0.47889999,29.399202,32.680046
0.479,29.404179,32.688782
0.47909999,29.409109,32.697514
0.47920001,29.413996,32.706249
0.47929999,29.418846,32.714981
0.47940001,29.423658,32.723717
0.4795,29.42844,32.732449
0.47960001,29.433191,32.741184
0.4797,29.437916,32.749916
0.47979999,29.442617,32.758648
0.4799,29.4473,32.767384
0.47999999,29.451963,32.776115
0.48010001,29.456615,32.784847
0.48019999,29.461256,32.793579
0.48030001,29.465889,32.802315
0.4804,29.470518,32.811047
0.48050001,29.475147,32.819778
0.4806,29.479778,32.82851
0.48069999,29.484415,32.837242
0.4808,29.489061,32.845974
0.48089999,29.493719,32.854706
0.48100001,29.498392,32.863438
0.48109999,29.503084,32.872169
0.48120001,29.507795,32.880901
0.4813,29.512533,32.889633
0.48140001,29.517298,32.898365
0.4815,29.522093,32.907097
0.48159999,29.52692,32.915829
0.4817,29.531786,32.924557
0.48179999,29.536692,32.933289
0.48190001,29.541637,32.94202
0.48199999,29.546631,32.950752
0.48210001,29.55167,32.95948
0.4822,29.556761,32.968212
0.48230001,29.561907,32.976944
0.4824,29.567106,32.985672
0.48249999,29.572367,32.994404
0.4826,29.577686,33.003132
0.48269999,29.583071,33.011864
0.48280001,29.588522,33.020592
0.48289999,29.594042,33.029324
0.48300001,29.599632,33.038052
0.4831,29.605295,33.046783
0.48320001,29.611034,33.055511
0.4833,29.616852,33.06424
0.48339999,29.622747,33.072971
0.4835,29.628725,33.081699
0.48359999,29.634787,33.090427
0.48370001,29.640932,33.099159
0.48379999,29.647165,33.107887
0.48390001,29.653488,33.116615
0.484,29.659901,33.125343
0.48410001,29.666405,33.134071
0.4842,29.673004,33.142799
0.48429999,29.679697,33.151527
0.4844,29.686485,33.160255
0.48449999,29.693371,33.168983
0.48460001,29.700356,33.177711
0.48469999,29.707439,33.18644
0.48480001,29.714622,33.195168
0.4849,29.721909,33.203896
0.48500001,29.729296,33.212624
0.4851,29.736786,33.221352
0.48519999,29.744379,33.23008
0.4853,29.752077,33.238804
0.48539999,29.759878,33.247532
0.48550001,29.767784,33.25626
0.48559999,29.775795,33.264984
0.48570001,29.783913,33.273712
0.4858,29.792133,33.28244
0.48590001,29.800461,33.291164
0.486,29.808891,33.299892
0.48609999,29.817429,33.308617
0.4862,29.826071,33.317345
0.48629999,29.834816,33.326069
0.48640001,29.843666,33.334797
0.48649999,29.852619,33.343521
0.48660001,29.861675,33.352245
0.4867,29.870832,33.360973
0.48679999,29.880093,33.369698
0.4869,29.889452,33.378422
0.48699999,29.898912,33.38715
0.48710001,29.90847,33.395874
0.48719999,29.918125,33.404598
0.48730001,29.927877,33.413322
0.4874,29.937725,33.422047
0.48750001,29.947666,33.430775
0.4876,29.957699,33.439499
0.48769999,29.967823,33.448223
0.4878,29.978037,33.456947
0.48789999,29.988338,33.465672
0.48800001,29.998726,33.474396
0.48809999,30.009197,33.48312
0.48820001,30.019753,33.49184
0.4883,30.030388,33.500565
0.48840001,30.041101,33.509289
0.4885,30.051891,33.518013
0.48859999,30.062757,33.526737
0.4887,30.073696,33.535458
0.48879999,30.084703,33.544182
0.48890001,30.095781,33.552906
0.48899999,30.106924,33.56163
0.48910001,30.11813,33.570351
0.4892,30.129398,33.579075
0.48930001,30.140724,33.587795
0.4894,30.152107,33.596519
0.48949999,30.163546,33.60524
0.4896,30.175034,33.613964
0.48969999,30.186571,33.622684
0.48980001,30.198154,33.631409
0.48989999,30.209782,33.640129
0.49000001,30.221451,33.648849
0.4901,30.233156,33.657574
0.49020001,30.2449,33.666294
0.4903,30.256674,33.675014
0.49039999,30.268478,33.683735
0.4905,30.280312,33.692459
0.49059999,30.29217,33.70118
0.49070001,30.304049,33.7099
0.49079999,30.315945,33.71862
0.49090001,30.32786,33.727341
0.491,30.339787,33.736061
0.49110001,30.351725,33.744781
0.4912,30.36367,33.753502
0.49129999,30.37562,33.762222
0.4914,30.387571,33.770943
0.49149999,30.399523,33.779663
0.49160001,30.41147,33.788383
0.49169999,30.423412,33.7971
0.49180001,30.435345,33.80582
0.4919,30.447264,33.814541
0.49200001,30.459169,33.823261
0.4921,30.471058,33.831978
0.49219999,30.482925,33.840698
0.4923,30.49477,33.849419
0.49239999,30.50659,33.858135
0.49250001,30.518381,33.866856
0.49259999,30.53014,33.875572
0.49270001,30.541866,33.884293
0.4928,30.553558,33.893009
0.49290001,30.56521,33.90173
0.493,30.576822,33.910446
0.49309999,30.58839,33.919163
0.4932,30.599913,33.927883
0.49329999,30.611387,33.9366
0.49340001,30.62281,33.945316
0.49349999,30.634182,33.954037
0.49360001,30.6455,33.962753
0.4937,30.656759,33.97147
0.49380001,30.667959,33.980186
0.4939,30.6791,33.988903
0.49399999,30.690176,33.99762
0.4941,30.701187,34.006336
0.49419999,30.712133,34.015053
0.49430001,30.723009,34.023769
0.49439999,30.733814,34.032486
0.49450001,30.744549,34.041203
0.4946,30.755209,34.049919
0.49470001,30.765793,34.058636
0.4948,30.7763,34.067352
0.49489999,30.78673,34.076069
0.495,30.797081,34.084782
0.49509999,30.80735,34.093498
0.49520001,30.817537,34.102215
0.49529999,30.827641,34.110928
0.49540001,30.83766,34.119644
0.4955,30.847595,34.128361
0.49559999,30.857443,34.137074
0.4957,30.867205,34.14579
0.49579999,30.876877,34.154503
0.49590001,30.886463,34.163219
0.49599999,30.895958,34.171932
0.49610001,30.905363,34.180649
0.4962,30.91468,34.189362
0.49630001,30.923904,34.198074
0.4964,30.933039,34.206791
0.49649999,30.942081,34.215504
0.4966,30.951033,34.224216
0.49669999,30.959892,34.232929
0.49680001,30.96866,34.241642
0.49689999,30.977337,34.250359
0.49700001,30.985924,34.259071
0.4971,30.994417,34.267784
0.49720001,31.002821,34.276497
0.4973,31.011133,34.28521
0.49739999,31.019356,34.293922
0.4975,31.027489,34.302635
0.49759999,31.035532,34.311348
0.49770001,31.043488,34.320057
0.49779999,31.051355,34.32877
0.49790001,31.059137,34.337482
0.498,31.066832,34.346195
0.49810001,31.07444,34.354908
0.4982,31.081966,34.363617
0.49829999,31.089407,34.37233
0.4984,31.096767,34.381042
0.49849999,31.104046,34.389751
0.49860001,31.111246,34.398464
0.49869999,31.118368,34.407173
0.49880001,31.125412,34.415886
0.4989,31.13238,34.424595
0.49900001,31.139275,34.433308
0.4991,31.146097,34.442017
0.49919999,31.152847,34.450726
0.4993,31.159531,34.459438
0.49939999,31.166145,34.468147
0.49950001,31.172693,34.476856
0.49959999,31.179178,34.485565
0.49970001,31.1856,34.494278
0.4998,31.191963,34.502987
0.49990001,31.198267,34.511696
0.5,31.204515,34.520405
0.50010002,31.210709,34.529114
0.50019997,31.21685,34.537823
0.50029999,31.222942,34.546532
0.50040001,31.228987,34.555241
0.50050002,31.234983,34.56395
0.50059998,31.240938,34.572659
0.5007,31.246851,34.581367
0.50080001,31.252726,34.590076
0.50089997,31.258564,34.598782
0.50099999,31.264366,34.607491
0.5011,31.270138,34.616199
0.50120002,31.275879,34.624908
0.50129998,31.281593,34.633614
0.50139999,31.287283,34.642323
0.50150001,31.29295,34.651028
0.50160003,31.298597,34.659737
0.50169998,31.304226,34.668442
0.5018,31.309839,34.677151
0.50190002,31.315441,34.685856
0.50199997,31.321033,34.694565
0.50209999,31.326616,34.70327
0.50220001,31.332195,34.711975
0.50230002,31.33777,34.720684
0.50239998,31.343346,34.729389
0.5025,31.348923,34.738094
0.50260001,31.354504,34.746799
0.50269997,31.360092,34.755508
0.50279999,31.36569,34.764214
0.5029,31.3713,34.772919
0.50300002,31.376925,34.781624
0.50309998,31.382565,34.790329
0.50319999,31.388226,34.799034
0.50330001,31.393906,34.807739
0.50340003,31.399611,34.816444
0.50349998,31.40534,34.82515
0.5036,31.411098,34.833851
0.50370002,31.416887,34.842556
0.50379997,31.422709,34.851261
0.50389999,31.428564,34.859966
0.50400001,31.434458,34.868671
0.50410002,31.44039,34.877373
0.50419998,31.446363,34.886078
0.5043,31.452379,34.894779
0.50440001,31.458439,34.903484
0.50449997,31.464548,34.912189
0.50459999,31.470705,34.920891
0.50470001,31.476913,34.929592
0.50480002,31.483173,34.938297
0.50489998,31.489487,34.946999
0.505,31.495859,34.955704
0.50510001,31.502287,34.964405
0.50520003,31.508774,34.973106
0.50529999,31.515324,34.981808
0.5054,31.521935,34.990513
0.50550002,31.528608,34.999214
0.50559998,31.535349,35.007915
0.50569999,31.542156,35.016617
0.50580001,31.54903,35.025318
0.50590003,31.555975,35.034019
0.50599998,31.562988,35.042721
0.5061,31.570074,35.051422
0.50620002,31.57723,35.060123
0.50629997,31.584461,35.068825
0.50639999,31.591766,35.077526
0.50650001,31.599148,35.086227
0.50660002,31.606604,35.094925
0.50669998,31.614138,35.103626
0.5068,31.621748,35.112328
0.50690001,31.629436,35.121029
0.50700003,31.637203,35.129726
0.50709999,31.645048,35.138428
0.5072,31.652973,35.147125
0.50730002,31.660978,35.155827
0.50739998,31.669062,35.164524
0.50749999,31.677227,35.173225
0.50760001,31.685472,35.181923
0.50770003,31.693796,35.190624
0.50779998,31.702202,35.199322
0.5079,31.710688,35.208019
0.50800002,31.719254,35.216721
0.50809997,31.7279,35.225418
0.50819999,31.736626,35.234116
0.50830001,31.74543,35.242813
0.50840002,31.754314,35.251511
0.50849998,31.763277,35.260208
0.5086,31.772318,35.268906
0.50870001,31.781435,35.277603
0.50880003,31.79063,35.286301
0.50889999,31.799902,35.294998
0.509,31.809248,35.303696
0.50910002,31.818668,35.312393
0.50919998,31.828163,35.321091
0.50929999,31.83773,35.329788
0.50940001,31.847368,35.338486
0.50950003,31.857079,35.347179
0.50959998,31.866858,35.355877
0.5097,31.876705,35.364574
0.50980002,31.88662,35.373268
0.50989997,31.896601,35.381966
0.50999999,31.906645,35.390659
0.51010001,31.916754,35.399357
0.51020002,31.926924,35.408051
0.51029998,31.937155,35.416748
0.5104,31.947445,35.425442
0.51050001,31.957792,35.434135
0.51059997,31.968195,35.442833
0.51069999,31.978653,35.451527
0.5108,31.989162,35.46022
0.51090002,31.999722,35.468914
0.51099998,32.01033,35.477612
0.51109999,32.020988,35.486305
0.51120001,32.031689,35.494999
0.51130003,32.042435,35.503693
0.51139998,32.053223,35.512386
0.5115,32.064049,35.52108
0.51160002,32.074913,35.529774
0.51169997,32.085815,35.538467
0.51179999,32.096752,35.547161
0.51190001,32.107716,35.555851
0.51200002,32.118713,35.564545
0.51209998,32.129738,35.573238
0.5122,32.140789,35.581932
0.51230001,32.151863,35.590622
0.51239997,32.162956,35.599316
0.51249999,32.174072,35.608009
0.5126,32.185207,35.616699
0.51270002,32.196354,35.625393
0.51279998,32.207516,35.634083
0.51289999,32.218689,35.642776
0.51300001,32.22987,35.651466
0.51310003,32.241055,35.660156
0.51319999,32.252247,35.66885
0.5133,32.263443,35.67754
0.51340002,32.274639,35.68623
0.51349998,32.285831,35.694923
0.51359999,32.297024,35.703613
0.51370001,32.308205,35.712303
0.51380002,32.319382,35.720993
0.51389998,32.330547,35.729683
0.514,32.341702,35.738373
0.51410002,32.35284,35.747063
0.51419997,32.363964,35.755753
0.51429999,32.375069,35.764442
0.51440001,32.38615,35.773132
0.51450002,32.397213,35.781822
0.51459998,32.408249,35.790508
0.5147,32.419262,35.799198
0.51480001,32.430244,35.807888
0.51490003,32.4412,35.816578
0.51499999,32.452122,35.825264
0.5151,32.463009,35.833954
0.51520002,32.473862,35.84264
0.51529998,32.484676,35.85133
0.51539999,32.495453,35.860016
0.51550001,32.506191,35.868706
0.51560003,32.516884,35.877392
0.51569998,32.527534,35.886082
0.5158,32.538139,35.894768
0.51590002,32.548698,35.903454
0.51599997,32.559208,35.912144
0.51609999,32.569672,35.92083
0.51620001,32.580078,35.929516
0.51630002,32.590435,35.938202
0.51639998,32.600739,35.946888
0.5165,32.610989,35.955574
0.51660001,32.621181,35.96426
0.51670003,32.631317,35.972946
0.51679999,32.641392,35.981632
0.5169,32.651409,35.990318
0.51700002,32.661369,35.999004
0.51709998,32.671265,36.00769
0.51719999,32.681099,36.016376
0.51730001,32.690868,36.025059
0.51740003,32.700573,36.033745
0.51749998,32.710217,36.042431
0.5176,32.719791,36.051113
0.51770002,32.729305,36.059799
0.51779997,32.738747,36.068485
0.51789999,32.748127,36.077168
0.51800001,32.757435,36.085854
0.51810002,32.766678,36.094536
0.51819998,32.775852,36.103218
0.5183,32.784958,36.111904
0.51840001,32.793995,36.120586
0.51849997,32.802963,36.129269
0.51859999,32.811863,36.137955
0.5187,32.820694,36.146637
0.51880002,32.829456,36.155319
0.51889998,32.83815,36.164001
0.51899999,32.846771,36.172684
0.51910001,32.855328,36.181366
0.51920003,32.863815,36.190048
0.51929998,32.872234,36.19873
0.5194,32.880585,36.207413
0.51950002,32.88887,36.216095
0.51959997,32.897083,36.224777
0.51969999,32.905235,36.233459
0.51980001,32.913319,36.242138
0.51990002,32.921337,36.25082
0.51999998,32.929295,36.259502
0.5201,32.937183,36.268181
0.52020001,32.945011,36.276863
0.52029997,32.952774,36.285542
0.52039999,32.96048,36.294224
0.5205,32.968121,36.302902
0.52060002,32.975704,36.311584
0.52069998,32.983227,36.320263
0.52079999,32.990692,36.328945
0.52090001,32.998104,36.337624
0.52100003,33.005459,36.346302
0.52109998,33.012756,36.35498
0.5212,33.020004,36.363663
0.52130002,33.027199,36.372341
0.52139997,33.034344,36.38102
0.52149999,33.041439,36.389698
0.52160001,33.048485,36.398376
0.52170002,33.055489,36.407055
0.52179998,33.062443,36.415733
0.5219,33.069355,36.424412
0.52200001,33.076225,36.43309
0.52209997,33.083054,36.441769
0.52219999,33.089844,36.450443
0.5223,33.096596,36.459122
0.52240002,33.103313,36.4678
0.52249998,33.109997,36.476479
0.5226,33.116646,36.485153
0.52270001,33.123264,36.493832
0.52280003,33.129856,36.502506
0.52289999,33.136417,36.511185
0.523,33.142956,36.519859
0.52310002,33.149467,36.528538
0.52319998,33.155956,36.537212
0.52329999,33.162426,36.545887
0.52340001,33.16888,36.554565
0.52350003,33.175312,36.56324
0.52359998,33.181732,36.571915
0.5237,33.188137,36.580589
0.52380002,33.194534,36.589268
0.52389997,33.20092,36.597942
0.52399999,33.207294,36.606617
0.52410001,33.213669,36.615292
0.52420002,33.220036,36.623966
0.52429998,33.226398,36.632641
0.5244,33.232765,36.641312
0.52450001,33.239128,36.649986
0.52460003,33.245499,36.658661
0.52469999,33.251873,36.667336
0.5248,33.258251,36.67601
0.52490002,33.264641,36.684681
0.52499998,33.271042,36.693356
0.52509999,33.277454,36.702026
0.52520001,33.283878,36.710701
0.52530003,33.290321,36.719376
0.52539998,33.29678,36.728046
0.5255,33.303257,36.736717
0.52560002,33.309753,36.745392
0.52569997,33.316273,36.754063
0.52579999,33.322819,36.762737
0.52590001,33.329388,36.771408
0.52600002,33.335983,36.780079
0.52609998,33.342609,36.78875
0.5262,33.349266,36.797421
0.52630001,33.355953,36.806091
0.52640003,33.362675,36.814762
0.52649999,33.369431,36.823433
0.5266,33.376221,36.832104
0.52670002,33.383053,36.840775
0.52679998,33.389919,36.849445
0.52689999,33.396828,36.858116
0.52700001,33.403774,36.866787
0.52710003,33.410767,36.875458
0.52719998,33.417805,36.884125
0.5273,33.424885,36.892796
0.52740002,33.432011,36.901466
0.52749997,33.439182,36.910133
0.52759999,33.446404,36.918804
0.52770001,33.453678,36.927471
0.52780002,33.460999,36.936142
0.52789998,33.468369,36.944809
0.528,33.475792,36.95348
0.52810001,33.483269,36.962147
0.52819997,33.490799,36.970814
0.52829999,33.498383,36.979481
0.5284,33.506023,36.988152
0.52850002,33.513718,36.996819
0.52859998,33.521469,37.005486
0.52869999,33.529274,37.014153
0.52880001,33.53714,37.02282
0.52890003,33.545059,37.031487
0.52899998,33.55304,37.040154
0.5291,33.561077,37.04882
0.52920002,33.569176,37.057487
0.52929997,33.577332,37.066154
0.52939999,33.585545,37.074818
0.52950001,33.593819,37.083485
0.52960002,33.602154,37.092152
0.52969998,33.610546,37.100819
0.5298,33.618999,37.109482
0.52990001,33.62751,37.118149
0.52999997,33.636082,37.126812
0.53009999,33.644711,37.135479
0.5302,33.6534,37.144142
0.53030002,33.662148,37.152809
0.53039998,33.670952,37.161472
0.53049999,33.679817,37.170135
0.53060001,33.68874,37.178799
0.53070003,33.69772,37.187466
0.53079998,33.706753,37.196129
0.5309,33.715847,37.204792
0.53100002,33.724995,37.213455
0.53109998,33.7342,37.222118
0.53119999,33.743458,37.230782
0.53130001,33.752769,37.239445
0.53140002,33.762135,37.248108
0.53149998,33.771553,37.256771
0.5316,33.781025,37.265434
0.53170002,33.790543,37.274097
0.53179997,33.800114,37.282757
0.53189999,33.809734,37.29142
0.53200001,33.819401,37.300083
0.53210002,33.829117,37.308743
0.53219998,33.838879,37.317406
0.5323,33.848682,37.326065
0.53240001,33.858532,37.334728
0.53250003,33.868427,37.343388
0.53259999,33.878361,37.352051
0.5327,33.888336,37.36071
0.53280002,33.89835,37.36937
0.53289998,33.908401,37.378033
0.53299999,33.918491,37.386692
0.53310001,33.928616,37.395351
0.53320003,33.938774,37.404011
0.53329998,33.948967,37.41267
0.5334,33.959187,37.421329
0.53350002,33.96944,37.429989
0.53359997,33.979721,37.438648
0.53369999,33.990032,37.447308
0.53380001,34.000366,37.455967
0.53390002,34.010723,37.464626
0.53399998,34.021107,37.473286
0.5341,34.031509,37.481941
0.53420001,34.041931,37.490601
0.53430003,34.052372,37.49926
0.53439999,34.062828,37.507915
0.5345,34.073303,37.516575
0.53460002,34.08379,37.52523
0.53469998,34.094288,37.53389
0.53479999,34.104797,37.542545
0.53490001,34.115318,37.551205
0.53500003,34.125843,37.55986
0.53509998,34.136375,37.568516
0.5352,34.146912,37.577175
0.53530002,34.157452,37.585831
0.53539997,34.167992,37.594486
0.53549999,34.178532,37.603142
0.53560001,34.189068,37.611797
0.53570002,34.199604,37.620453
0.53579998,34.210133,37.629108
0.5359,34.220657,37.637764
0.53600001,34.231174,37.64642
0.53609997,34.24168,37.655075
0.53619999,34.252174,37.663731
0.5363,34.262657,37.672382
0.53640002,34.273125,37.681038
0.53649998,34.283581,37.689693
0.53659999,34.294018,37.698345
0.53670001,34.304436,37.707001
0.53680003,34.314835,37.715652
0.53689998,34.325211,37.724308
0.537,34.335567,37.73296
0.53710002,34.345901,37.741615
0.53719997,34.356205,37.750267
0.53729999,34.366489,37.758919
0.53740001,34.37674,37.767574
0.53750002,34.386967,37.776226
0.53759998,34.39716,37.784878
0.5377,34.407322,37.79353
0.53780001,34.417454,37.802181
0.53789997,34.427551,37.810833
0.53799999,34.437614,37.819485
0.5381,34.447643,37.828136
0.53820002,34.457634,37.836788
0.53829998,34.46759,37.84544
0.53839999,34.477505,37.854092
0.53850001,34.487381,37.862743
0.53860003,34.497215,37.871391
0.53869998,34.507008,37.880043
0.5388,34.516762,37.888695
0.53890002,34.52647,37.897343
0.53899997,34.536137,37.905994
0.53909999,34.545757,37.914642
0.53920001,34.555336,37.923294
0.53930002,34.564865,37.931942
0.53939998,34.574352,37.94059
0.5395,34.58379,37.949242
0.53960001,34.593182,37.95789
0.53969997,34.602524,37.966537
0.53979999,34.61182,37.975185
0.5399,34.621067,37.983837
0.54000002,34.630264,37.992485
0.54009998,34.639412,38.001133
0.5402,34.64851,38.009781
0.54030001,34.657558,38.018429
0.54040003,34.666557,38.027073
0.54049999,34.675507,38.035721
0.5406,34.684406,38.044369
0.54070002,34.693256,38.053017
0.54079998,34.702053,38.061665
0.54089999,34.710804,38.070309
0.54100001,34.719501,38.078957
0.54110003,34.728149,38.087601
0.54119998,34.736748,38.096249
0.5413,34.745296,38.104893
0.54140002,34.753792,38.113541
0.54149997,34.762241,38.122185
0.54159999,34.770641,38.130833
0.54170001,34.778996,38.139477
0.54180002,34.787296,38.148121
0.54189998,34.795551,38.156765
0.542,34.803761,38.165409
0.54210001,34.81192,38.174057
0.54220003,34.820034,38.182701
0.54229999,34.828102,38.191345
0.5424,34.836124,38.199989
0.54250002,34.844101,38.208633
0.54259998,34.852036,38.217274
0.54269999,34.859924,38.225918
0.54280001,34.867771,38.234562
0.54290003,34.875576,38.243206
0.54299998,34.883339,38.251846
0.5431,34.891064,38.26049
0.54320002,34.898746,38.269135
0.54329997,34.906391,38.277775
0.54339999,34.914001,38.286419
0.54350001,34.92157,38.295059
0.54360002,34.929104,38.303703
0.54369998,34.936607,38.312344
0.5438,34.944073,38.320984
0.54390001,34.951504,38.329628
0.54400003,34.958904,38.338268
0.54409999,34.966278,38.346909
0.5442,34.973618,38.355549
0.54430002,34.98093,38.364189
0.54439998,34.988216,38.372829
0.54449999,34.995476,38.38147
0.54460001,35.002708,38.39011
0.54470003,35.009918,38.39875
0.54479998,35.017105,38.407391
0.5449,35.024273,38.416031
0.54500002,35.031418,38.424667
0.54509997,35.038544,38.433308
0.54519999,35.045654,38.441948
0.54530001,35.052746,38.450584
0.54540002,35.059826,38.459225
0.54549998,35.066887,38.467861
0.5456,35.07394,38.476501
0.54570001,35.080978,38.485138
0.54579997,35.088009,38.493778
0.54589999,35.095032,38.502415
0.546,35.102047,38.511051
0.54610002,35.109055,38.519688
0.54619998,35.116058,38.528328
0.54629999,35.123058,38.536964
0.54640001,35.130054,38.545601
0.54650003,35.137054,38.554237
0.54659998,35.144051,38.562874
0.5467,35.151051,38.57151
0.54680002,35.158054,38.580147
0.54689997,35.165062,38.588783
0.54699999,35.172073,38.597416
0.54710001,35.179096,38.606052
0.54720002,35.186123,38.614689
0.54729998,35.193161,38.623322
0.5474,35.200211,38.631958
0.54750001,35.207272,38.640594
0.54759997,35.214344,38.649227
0.54769999,35.221436,38.657864
0.5478,35.228539,38.666496
0.54790002,35.235661,38.675129
0.54799998,35.242798,38.683765
0.54809999,35.249954,38.692398
0.54820001,35.257133,38.701031
0.54830003,35.264332,38.709663
0.54839998,35.271553,38.718296
0.5485,35.278801,38.726929
0.54860002,35.286068,38.735565
0.54869998,35.293365,38.744194
0.54879999,35.300686,38.752827
0.54890001,35.308037,38.761459
0.54900002,35.315411,38.770092
0.54909998,35.322819,38.778725
0.5492,35.330257,38.787357
0.54930001,35.337723,38.795986
0.54939997,35.345222,38.804619
0.54949999,35.352757,38.813251
0.54960001,35.360321,38.82188
0.54970002,35.36792,38.830513
0.54979998,35.375557,38.839142
0.5499,35.383224,38.847771
0.55000001,35.390934,38.856403
0.55010003,35.398674,38.865032
0.55019999,35.406456,38.873661
0.5503,35.414276,38.882294
0.55040002,35.422134,38.890923
0.55049998,35.430027,38.899551
0.55059999,35.437965,38.90818
0.55070001,35.445942,38.916809
0.55080003,35.453957,38.925438
0.55089998,35.462013,38.934067
0.551,35.470112,38.942696
0.55110002,35.478249,38.951321
0.55119997,35.486431,38.959949
0.55129999,35.494652,38.968578
0.55140001,35.502914,38.977203
0.55150002,35.511223,38.985832
0.55159998,35.519569,38.994461
0.5517,35.527962,39.003086
0.55180001,35.536396,39.011715
0.55190003,35.544872,39.02034
0.55199999,35.553391,39.028965
0.5521,35.561951,39.037594
0.55220002,35.570553,39.046219
0.55229998,35.579197,39.054844
0.55239999,35.587883,39.063469
0.55250001,35.596611,39.072094
0.55260003,35.605381,39.080723
0.55269998,35.614193,39.089348
0.5528,35.623047,39.097973
0.55290002,35.631939,39.106594
0.55299997,35.640873,39.115219
0.55309999,35.649845,39.123844
0.55320001,35.658859,39.132469
0.55330002,35.667912,39.141094
0.55339998,35.677002,39.149715
0.5535,35.686131,39.15834
0.55360001,35.695301,39.166962
0.55369997,35.704502,39.175587
0.55379999,35.713745,39.184208
0.5539,35.723022,39.192833
0.55400002,35.732334,39.201454
0.55409998,35.74168,39.210079
0.55419999,35.75106,39.2187
0.55430001,35.760475,39.227322
0.55440003,35.76992,39.235943
0.55449998,35.7794,39.244564
0.5546,35.788906,39.253185
0.55470002,35.798447,39.261806
0.55479997,35.808014,39.270428
0.55489999,35.817612,39.279049
0.55500001,35.827236,39.28767
0.55510002,35.836887,39.296291
0.55519998,35.846565,39.304913
0.5553,35.856266,39.313534
0.55540001,35.865993,39.322151
0.55549997,35.87574,39.330772
0.55559999,35.885513,39.33939
0.5557,35.895306,39.348011
0.55580002,35.905117,39.356628
0.55589998,35.914948,39.36525
0.55599999,35.924797,39.373867
0.55610001,35.934662,39.382488
0.55620003,35.944542,39.391106
0.55629998,35.954437,39.399723
0.5564,35.964348,39.40834
0.55650002,35.974274,39.416958
0.55659997,35.984207,39.425575
0.55669999,35.994152,39.434193
0.55680001,36.004105,39.44281
0.55690002,36.014069,39.451427
0.55699998,36.02404,39.460045
0.5571,36.034016,39.468662
0.55720001,36.043995,39.47728
0.55729997,36.053982,39.485893
0.55739999,36.063969,39.494511
0.5575,36.073959,39.503128
0.55760002,36.08395,39.511742
0.55769998,36.093941,39.520359
0.55779999,36.103928,39.528973
0.55790001,36.113914,39.53759
0.55800003,36.123898,39.546204
0.55809999,36.133873,39.554817
0.5582,36.143845,39.563435
0.55830002,36.153809,39.572048
0.55839998,36.163765,39.580662
0.55849999,36.173714,39.589275
0.55860001,36.183651,39.597889
0.55870003,36.193577,39.606503
0.55879998,36.203491,39.615116
0.5589,36.213394,39.62373
0.55900002,36.223282,39.632343
0.55909997,36.233154,39.640957
0.55919999,36.243011,39.649567
0.55930001,36.252853,39.65818
0.55940002,36.262672,39.666794
0.55949998,36.272476,39.675404
0.5596,36.282261,39.684017
0.55970001,36.292027,39.692627
0.55980003,36.301765,39.701241
0.55989999,36.311489,39.70985
0.56,36.321186,39.71846
0.56010002,36.33086,39.727074
0.56019998,36.340508,39.735683
0.56029999,36.350132,39.744293
0.56040001,36.35973,39.752903
0.56050003,36.369301,39.761513
0.56059998,36.378845,39.770123
0.5607,36.388363,39.778732
0.56080002,36.39785,39.787342
0.56089997,36.40731,39.795952
0.56099999,36.41674,39.804562
0.56110001,36.42614,39.813171
0.56120002,36.435509,39.821777
0.56129998,36.444843,39.830387
0.5614,36.454151,39.838997
0.56150001,36.463425,39.847603
0.56160003,36.472664,39.856213
0.56169999,36.481873,39.864819
0.5618,36.491047,39.873425
0.56190002,36.500191,39.882034
0.56199998,36.509296,39.89064
0.56209999,36.518372,39.899246
0.56220001,36.527409,39.907852
0.56230003,36.536411,39.916462
0.56239998,36.545383,39.925068
0.5625,36.554317,39.933674
0.56260002,36.563213,39.94228
0.56269997,36.572079,39.950886
0.56279999,36.580906,39.959492
0.56290001,36.589699,39.968094
0.56300002,36.598457,39.9767
0.56309998,36.607182,39.985306
0.5632,36.615868,39.993912
0.56330001,36.624519,40.002514
0.56339997,36.633137,40.01112
0.56349999,36.64172,40.019722
0.5636,36.650265,40.028328
0.56370002,36.658775,40.03693
0.56379998,36.667255,40.045532
0.56389999,36.675697,40.054138
0.56400001,36.684109,40.06274
0.56410003,36.692482,40.071342
0.56419998,36.700825,40.079945
0.5643,36.709133,40.088547
0.56440002,36.717411,40.097149
0.56449997,36.725655,40.105751
0.56459999,36.733864,40.114353
0.56470001,36.742046,40.122955
0.56480002,36.750195,40.131557
0.56489998,36.758312,40.14016
0.565,36.766403,40.148762
0.56510001,36.77446,40.15736
0.56519997,36.78249,40.165962
0.56529999,36.790493,40.174561
0.5654,36.798466,40.183163
0.56550002,36.806412,40.191761
0.56559998,36.814331,40.200363
0.56569999,36.822224,40.208961
0.56580001,36.830093,40.21756
0.56590003,36.837936,40.226162
0.56599998,36.845757,40.23476
0.5661,36.853554,40.243359
0.56620002,36.861328,40.251957
0.56629997,36.86908,40.260555
0.56639999,36.876812,40.269154
0.56650001,36.884521,40.277752
0.56660002,36.892212,40.28635
0.56669998,36.899887,40.294949
0.5668,36.907543,40.303543
0.56690001,36.91518,40.312141
0.56699997,36.922802,40.32074
0.56709999,36.930408,40.329334
0.56720001,36.938,40.337933
0.56730002,36.94558,40.346527
0.56739998,36.953148,40.355125
0.5675,36.960701,40.36372
0.56760001,36.968243,40.372318
0.56770003,36.975777,40.380913
0.56779999,36.983303,40.389507
0.5679,36.990818,40.398102
0.56800002,36.998325,40.406696
0.56809998,37.005829,40.415291
0.56819999,37.013325,40.423885
0.56830001,37.020817,40.43248
0.56840003,37.028305,40.441074
0.56849998,37.035789,40.449669
0.5686,37.043274,40.458263
0.56870002,37.050758,40.466858
0.56879997,37.058239,40.475449
0.56889999,37.065723,40.484043
0.56900001,37.073208,40.492638
0.56910002,37.080696,40.501228
0.56919998,37.088188,40.509823
0.5693,37.095684,40.518414
0.56940001,37.103184,40.527004
0.56950003,37.110691,40.535599
0.56959999,37.118206,40.544189
0.5697,37.125725,40.55278
0.56980002,37.133255,40.561371
0.56989998,37.140797,40.569962
0.56999999,37.148346,40.578552
0.57010001,37.15591,40.587143
0.57020003,37.163483,40.595734
0.57029998,37.17107,40.604324
0.5704,37.178669,40.612915
0.57050002,37.186283,40.621506
0.57059997,37.193913,40.630093
0.57069999,37.201557,40.638683
0.57080001,37.209217,40.647274
0.57090002,37.216896,40.655861
0.57099998,37.22459,40.664452
0.5711,37.232307,40.673038
0.57120001,37.24004,40.681629
0.57130003,37.247795,40.690216
0.57139999,37.255569,40.698803
0.5715,37.263363,40.70739
0.57160002,37.271179,40.715981
0.57169998,37.279018,40.724567
0.57179999,37.28688,40.733154
0.57190001,37.294765,40.741741
0.57200003,37.302673,40.750328
0.57209998,37.310608,40.758915
0.5722,37.318565,40.767498
0.57230002,37.326546,40.776085
0.57239997,37.334557,40.784672
0.57249999,37.34259,40.793259
0.57260001,37.350651,40.801842
0.57270002,37.358738,40.810429
0.57279998,37.366852,40.819012
0.5729,37.374992,40.827599
0.57300001,37.38316,40.836182
0.57309997,37.391357,40.844765
0.57319999,37.399582,40.853352
0.5733,37.407833,40.861935
0.57340002,37.416115,40.870518
0.57349998,37.424423,40.879101
0.57359999,37.432762,40.887684
0.57370001,37.441128,40.896267
0.57380003,37.449524,40.90485
0.57389998,37.457951,40.913433
0.574,37.466404,40.922016
0.57410002,37.474888,40.930599
0.57419997,37.483398,40.939182
0.57429999,37.49194,40.947762
0.57440001,37.500511,40.956345
0.57450002,37.509109,40.964924
0.57459998,37.517738,40.973507
0.5747,37.526394,40.982086
0.57480001,37.53508,40.990669
0.57489997,37.543797,40.999249
0.57499999,37.552536,41.007828
0.5751,37.561306,41.016411
0.57520002,37.570107,41.02499
0.57529998,37.57893,41.033569
0.57539999,37.587784,41.042149
0.57550001,37.596664,41.050728
0.57560003,37.605572,41.059307
0.57569999,37.614506,41.067886
0.5758,37.623463,41.076466
0.57590002,37.63245,41.085045
0.57599998,37.64146,41.09362
0.57609999,37.650494,41.1022
0.57620001,37.659554,41.110779
0.57630002,37.668636,41.119354
0.57639998,37.677746,41.127934
0.5765,37.686874,41.136509
0.57660002,37.696026,41.145088
0.57669997,37.705204,41.153664
0.57679999,37.714397,41.162239
0.57690001,37.723618,41.170815
0.57700002,37.732853,41.179394
0.57709998,37.742111,41.187969
0.5772,37.751389,41.196545
0.57730001,37.760685,41.20512
0.57740003,37.77,41.213696
0.57749999,37.779331,41.222271
0.5776,37.788677,41.230843
0.57770002,37.798042,41.239418
0.57779998,37.807423,41.247993
0.57789999,37.816818,41.256569
0.57800001,37.826229,41.265141
0.57810003,37.835651,41.273716
0.57819998,37.845085,41.282288
0.5783,37.854534,41.290863
0.57840002,37.863995,41.299435
0.57849997,37.873463,41.308006
0.57859999,37.882942,41.316582
0.57870001,37.892433,41.325153
0.57880002,37.901928,41.333725
0.57889998,37.911434,41.342297
0.579,37.920948,41.350868
0.57910001,37.930466,41.35944
0.57920003,37.939991,41.368011
0.57929999,37.94952,41.376583
0.5794,37.959053,41.385155
0.57950002,37.96859,41.393726
0.57959998,37.97813,41.402294
0.57969999,37.987671,41.410866
0.57980001,37.997211,41.419434
0.57990003,38.006756,41.428005
0.57999998,38.016296,41.436573
0.5801,38.025837,41.445145
0.58020002,38.035378,41.453712
0.58029997,38.044914,41.462284
0.58039999,38.054447,41.470852
0.58050001,38.063976,41.47942
0.58060002,38.073502,41.487988
0.58069998,38.083019,41.496555
0.5808,38.092533,41.505123
0.58090001,38.102039,41.513691
0.58099997,38.111538,41.522259
0.58109999,38.121029,41.530827
0.5812,38.130508,41.539394
0.58130002,38.13998,41.547958
0.58139998,38.149445,41.556526
0.58149999,38.158894,41.565094
0.58160001,38.168335,41.573658
0.58170003,38.177761,41.582226
0.58179998,38.187176,41.59079
0.5819,38.196575,41.599358
0.58200002,38.205963,41.607922
0.58209997,38.215336,41.616486
0.58219999,38.224697,41.62505
0.58230001,38.234039,41.633617
0.58240002,38.243366,41.642181
0.58249998,38.252674,41.650745
0.5826,38.261967,41.659309
0.58270001,38.271244,41.667873
0.58279997,38.280502,41.676437
0.58289999,38.289742,41.684998
0.583,38.298962,41.693562
0.58310002,38.308163,41.702126
0.58319998,38.317341,41.710686
0.58329999,38.326504,41.71925
0.58340001,38.335644,41.727814
0.58350003,38.344765,41.736374
0.58359998,38.353863,41.744934
0.5837,38.362942,41.753498
0.58380002,38.371994,41.762058
0.58389997,38.381031,41.770618
0.58399999,38.390041,41.779182
0.58410001,38.399029,41.787743
0.58420002,38.407993,41.796303
0.58429998,38.416939,41.804863
0.5844,38.425858,41.813423
0.58450001,38.434753,41.821983
0.58459997,38.443626,41.83054
0.58469999,38.452477,41.8391
0.5848,38.461304,41.84766
0.58490002,38.470104,41.856216
0.58499998,38.478886,41.864777
0.5851,38.48764,41.873337
0.58520001,38.496368,41.881893
0.58530003,38.505077,41.89045
0.58539999,38.51376,41.89901
0.5855,38.522419,41.907566
0.58560002,38.531052,41.916122
0.58569998,38.539665,41.924683
0.58579999,38.548252,41.933239
0.58590001,38.556816,41.941795
0.58600003,38.565353,41.950352
0.58609998,38.573872,41.958908
0.5862,38.582367,41.967464
0.58630002,38.590836,41.976017
0.58639997,38.599285,41.984573
0.58649999,38.607708,41.99313
0.58660001,38.616112,42.001686
0.58670002,38.624493,42.010239
0.58679998,38.632851,42.018795
0.5869,38.64119,42.027348
0.58700001,38.649506,42.035904
0.58710003,38.657799,42.044456
0.58719999,38.666073,42.053009
0.5873,38.674324,42.061565
0.58740002,38.68256,42.070118
0.58749998,38.690773,42.078671
0.58759999,38.698967,42.087223
0.58770001,38.707142,42.095776
0.58780003,38.715298,42.104328
0.58789998,38.723438,42.112881
0.588,38.731556,42.121433
0.58810002,38.739662,42.129982
0.58819997,38.747749,42.138535
0.58829999,38.755817,42.147087
0.58840001,38.763874,42.155636
0.58850002,38.771912,42.164188
0.58859998,38.779938,42.172737
0.5887,38.787945,42.18129
0.58880001,38.79594,42.189838
0.58890003,38.803925,42.198387
0.58899999,38.811893,42.20694
0.5891,38.819851,42.215488
0.58920002,38.827797,42.224037
0.58929998,38.835732,42.232586
0.58939999,38.843658,42.241135
0.58950001,38.85157,42.249683
0.58960003,38.859474,42.258232
0.58969998,38.867371,42.266781
0.5898,38.875259,42.27533
0.58990002,38.883141,42.283875
0.58999997,38.89101,42.292423
0.59009999,38.89888,42.300968
0.59020001,38.906738,42.309517
0.59030002,38.914593,42.318062
0.59039998,38.922443,42.326611
0.5905,38.93029,42.335155
0.59060001,38.938133,42.343704
0.59069997,38.945972,42.352249
0.59079999,38.953812,42.360794
0.5909,38.961647,42.369339
0.59100002,38.969479,42.377884
0.59109998,38.977314,42.386429
0.59119999,38.985149,42.394974
0.59130001,38.992985,42.403519
0.59140003,39.00082,42.412064
0.59149998,39.008659,42.420605
0.5916,39.016499,42.42915
0.59170002,39.024342,42.437695
0.59179997,39.032188,42.446236
0.59189999,39.040043,42.454781
0.59200001,39.047897,42.463322
0.59210002,39.055759,42.471867
0.59219998,39.063629,42.480408
0.5923,39.071503,42.488949
0.59240001,39.079384,42.49749
0.59249997,39.087273,42.506035
0.59259999,39.095169,42.514576
0.5927,39.103073,42.523117
0.59280002,39.110989,42.531658
0.59289998,39.118912,42.540199
0.59299999,39.126846,42.548737
0.59310001,39.134789,42.557278
0.59320003,39.142742,42.565819
0.59329998,39.150711,42.57436
0.5934,39.158688,42.582897
0.59350002,39.166679,42.591438
0.59359998,39.174683,42.599976
0.59369999,39.182701,42.608517
0.59380001,39.190731,42.617054
0.59390002,39.198776,42.625591
0.59399998,39.206833,42.634132
0.5941,39.214909,42.64267
0.59420002,39.222996,42.651207
0.59429997,39.231102,42.659744
0.59439999,39.23922,42.668282
0.59450001,39.247356,42.676819
0.59460002,39.255508,42.685356
0.59469998,39.263676,42.693893
0.5948,39.271862,42.702427
0.59490001,39.280064,42.710964
0.59500003,39.288284,42.719501
0.59509999,39.29652,42.728035
0.5952,39.304775,42.736572
0.59530002,39.313049,42.745106
0.59539998,39.321339,42.753643
0.59549999,39.329647,42.762177
0.59560001,39.337975,42.77071
0.59570003,39.346321,42.779243
0.59579998,39.354687,42.787781
0.5959,39.363071,42.796314
0.59600002,39.371475,42.804848
0.59609997,39.379894,42.813381
0.59619999,39.388336,42.821915
0.59630001,39.396797,42.830444
0.59640002,39.405273,42.838978
0.59649998,39.413773,42.847511
0.5966,39.422291,42.856045
0.59670001,39.430828,42.864574
0.59680003,39.439381,42.873108
0.59689999,39.447956,42.881638
0.597,39.456547,42.890171
0.59710002,39.46516,42.898701
0.59719998,39.473789,42.90723
0.59729999,39.482441,42.91576
0.59740001,39.491108,42.924294
0.59750003,39.499794,42.932823
0.59759998,39.508499,42.941353
0.5977,39.51722,42.949883
0.59780002,39.525959,42.958412
0.59789997,39.534718,42.966942
0.59799999,39.543491,42.975468
0.59810001,39.552284,42.983997
0.59820002,39.561096,42.992527
0.59829998,39.56992,43.001053
0.5984,39.578766,43.009583
0.59850001,39.587624,43.018108
0.59859997,39.596497,43.026638
0.59869999,39.605389,43.035164
0.5988,39.614296,43.04369
0.59890002,39.623215,43.052219
0.59899998,39.632153,43.060745
0.59909999,39.641102,43.069271
0.59920001,39.650066,43.077797
0.59930003,39.659042,43.086323
0.59939998,39.668034,43.094849
0.5995,39.67704,43.103374
0.59960002,39.686054,43.1119
0.59969997,39.695084,43.120422
0.59979999,39.704124,43.128948
0.59990001,39.713177,43.137474
0.60000002,39.72224,43.145996
0.60009998,39.731316,43.154522
0.6002,39.740398,43.163044
0.60030001,39.749493,43.17157
0.60039997,39.758595,43.180092
0.60049999,39.767704,43.188614
0.6006,39.776825,43.197136
0.60070002,39.785954,43.205658
0.60079998,39.795086,43.21418
0.60089999,39.80423,43.222702
0.60100001,39.813377,43.231224
0.60110003,39.822533,43.239746
0.60119998,39.831692,43.248268
0.6013,39.840855,43.25679
0.60140002,39.850025,43.265312
0.60149997,39.8592,43.27383
0.60159999,39.868378,43.282352
0.60170001,39.877556,43.290871
0.60180002,39.886738,43.299393
0.60189998,39.895924,43.307911
0.602,39.905109,43.316429
0.60210001,39.914299,43.324951
0.60219997,39.923489,43.333469
0.60229999,39.932674,43.341988
0.6024,39.941864,43.350506
0.60250002,39.951054,43.359024
0.60259998,39.960239,43.367542
0.6027,39.969425,43.37606
0.60280001,39.978607,43.384579
0.60290003,39.987785,43.393093
0.60299999,39.996964,43.401611
0.6031,40.006138,43.41013
0.60320002,40.015305,43.418644
0.60329998,40.024471,43.427162
0.60339999,40.03363,43.435677
0.60350001,40.042786,43.444191
0.60360003,40.051933,43.452709
0.60369998,40.061077,43.461224
0.6038,40.070213,43.469738
0.60390002,40.079342,43.478252
0.60399997,40.088463,43.486767
0.60409999,40.097576,43.495281
0.60420001,40.106682,43.503796
0.60430002,40.11578,43.51231
0.60439998,40.124866,43.520824
0.6045,40.133945,43.529339
0.60460001,40.143013,43.537849
0.60470003,40.152073,43.546364
0.60479999,40.161121,43.554874
0.6049,40.170158,43.563389
0.60500002,40.179184,43.571899
0.60509998,40.188198,43.580414
0.60519999,40.197201,43.588924
0.60530001,40.206196,43.597435
0.60540003,40.215172,43.605946
0.60549998,40.22414,43.61446
0.6056,40.233093,43.622971
0.60570002,40.242035,43.631481
0.60579997,40.250961,43.639988
0.60589999,40.259876,43.648499
0.60600001,40.268776,43.657009
0.60610002,40.277664,43.66552
0.60619998,40.286537,43.674026
0.6063,40.295395,43.682537
0.60640001,40.304237,43.691048
0.60650003,40.313068,43.699554
0.60659999,40.32188,43.708061
0.6067,40.330681,43.716572
0.60680002,40.339466,43.725079
0.60689998,40.348236,43.733585
0.60699999,40.356987,43.742092
0.60710001,40.365726,43.750599
0.60720003,40.374451,43.759109
0.60729998,40.38316,43.767612
0.6074,40.391853,43.776119
0.60750002,40.400528,43.784626
0.60759997,40.409191,43.793133
0.60769999,40.417839,43.80164
0.60780001,40.426468,43.810143
0.60790002,40.435081,43.818649
0.60799998,40.443684,43.827152
0.6081,40.452267,43.835659
0.60820001,40.460835,43.844162
0.60829997,40.469391,43.852665
0.60839999,40.477928,43.861172
0.6085,40.48645,43.869675
0.60860002,40.494957,43.878178
0.60869998,40.503452,43.886681
0.60879999,40.511929,43.895184
0.60890001,40.520393,43.903687
0.60900003,40.528843,43.912189
0.60909998,40.537277,43.920692
0.6092,40.545696,43.929192
0.60930002,40.554104,43.937695
0.60939997,40.562496,43.946198
0.60949999,40.570873,43.954697
0.60960001,40.579239,43.9632
0.60970002,40.587589,43.971699
0.60979998,40.595928,43.980198
0.6099,40.604252,43.988701
0.61000001,40.612564,43.9972
0.61009997,40.620865,44.005699
0.61019999,40.629154,44.014198
0.6103,40.637432,44.022697
0.61040002,40.645695,44.031197
0.61049998,40.65395,44.039696
0.61059999,40.662193,44.048195
0.61070001,40.670425,44.056694
0.61080003,40.678646,44.065189
0.61089998,40.686855,44.073689
0.611,40.695057,44.082188
0.61110002,40.703251,44.090683
0.61119998,40.711433,44.099178
0.61129999,40.719608,44.107677
0.61140001,40.727772,44.116173
0.61150002,40.735928,44.124668
0.61159998,40.74408,44.133167
0.6117,40.75222,44.141663
0.61180001,40.760357,44.150158
0.61189997,40.768486,44.158653
0.61199999,40.776608,44.167149
0.61210001,40.784721,44.17564
0.61220002,40.792831,44.184135
0.61229998,40.800938,44.192631
0.6124,40.809036,44.201126
0.61250001,40.817135,44.209618
0.61260003,40.825226,44.218113
0.61269999,40.833313,44.226604
0.6128,40.841396,44.2351
0.61290002,40.84948,44.243591
0.61299998,40.857559,44.252083
0.61309999,40.865635,44.260574
0.61320001,40.873711,44.26907
0.61330003,40.881783,44.277561
0.61339998,40.889854,44.286053
0.6135,40.897926,44.294544
0.61360002,40.905998,44.303032
0.61369997,40.91407,44.311523
0.61379999,40.922142,44.320015
0.61390001,40.930214,44.328506
0.61400002,40.93829,44.336994
0.61409998,40.946365,44.345486
0.6142,40.954441,44.353973
0.61430001,40.962521,44.362465
0.61440003,40.970604,44.370953
0.61449999,40.978687,44.37944
0.6146,40.986778,44.387932
0.61470002,40.994869,44.39642
0.61479998,41.002968,44.404907
0.61489999,41.01107,44.413395
0.61500001,41.019173,44.421883
0.61510003,41.027287,44.43037
0.61519998,41.0354,44.438854
0.6153,41.043526,44.447342
0.61540002,41.051651,44.45583
0.61549997,41.059788,44.464314
0.61559999,41.067928,44.472801
0.61570001,41.076077,44.481289
0.61580002,41.084232,44.489773
0.61589998,41.092392,44.498257
0.616,41.100563,44.506744
0.61610001,41.108742,44.515228
0.61619997,41.116928,44.523712
0.61629999,41.125126,44.532196
0.6164,41.133327,44.54068
0.61650002,41.141541,44.549164
0.61659998,41.149765,44.557648
0.61669999,41.157997,44.566132
0.61680001,41.166237,44.574615
0.61690003,41.174488,44.583096
0.61699998,41.182751,44.591579
0.6171,41.191021,44.60006
0.61720002,41.199303,44.608543
0.61729997,41.207596,44.617023
0.61739999,41.2159,44.625507
0.61750001,41.224213,44.633987
0.61760002,41.232536,44.642467
0.61769998,41.240875,44.650948
0.6178,41.249222,44.659431
0.61790001,41.25758,44.667912
0.61799997,41.265949,44.676388
0.61809999,41.274334,44.684868
0.6182,41.282726,44.693348
0.61830002,41.29113,44.701828
0.61839998,41.299549,44.710308
0.61849999,41.307976,44.718784
0.61860001,41.316418,44.727264
0.61870003,41.324871,44.735741
0.61879998,41.333332,44.744221
0.6189,41.341808,44.752697
0.61900002,41.350296,44.761173
0.61909997,41.358799,44.769653
0.61919999,41.36731,44.77813
0.61930001,41.375832,44.786606
0.61940002,41.384369,44.795082
0.61949998,41.392914,44.803558
0.6196,41.401474,44.812035
0.61970001,41.410046,44.820511
0.61979997,41.418629,44.828983
0.61989999,41.427223,44.83746
0.62,41.435825,44.845936
0.62010002,41.444443,44.854408
0.62019998,41.453072,44.862885
0.62029999,41.461708,44.871357
0.62040001,41.47036,44.879833
0.62050003,41.479019,44.888306
0.62059999,41.48769,44.896778
0.6207,41.496372,44.905251
0.62080002,41.505066,44.913723
0.62089998,41.513767,44.922195
0.62099999,41.52248,44.930668
0.62110001,41.531204,44.93914
0.62120003,41.539936,44.947613
0.62129998,41.548679,44.956085
0.6214,41.55743,44.964554
0.62150002,41.566189,44.973026
0.62159997,41.574959,44.981499
0.62169999,41.583736,44.989967
0.62180001,41.592525,44.998436
0.62190002,41.601318,45.006908
0.62199998,41.610123,45.015377
0.6221,41.618931,45.023846
0.62220001,41.62775,45.032314
0.62230003,41.636574,45.040787
0.62239999,41.645409,45.049255
0.6225,41.654247,45.05772
0.62260002,41.663094,45.066189
0.62269998,41.671944,45.074657
0.62279999,41.680801,45.083126
0.62290001,41.689667,45.091595
0.62300003,41.698532,45.10006
0.62309998,41.707409,45.108528
0.6232,41.716286,45.116993
0.62330002,41.72517,45.125462
0.62339997,41.734058,45.133926
0.62349999,41.74295,45.142391
0.62360001,41.751846,45.150856
0.62370002,41.760742,45.159321
0.62379998,41.769646,45.167789
0.6239,41.778549,45.17625
0.62400001,41.787457,45.184715
0.62410003,41.796368,45.19318
0.62419999,41.805279,45.201645
0.6243,41.81419,45.21011
0.62440002,41.823105,45.218571
0.62449998,41.83202,45.227036
0.62459999,41.840935,45.2355
0.62470001,41.84985,45.243961
0.62480003,41.858768,45.252422
0.62489998,41.867683,45.260887
0.625,41.876598,45.269348
0.62510002,41.885513,45.277809
0.62519997,41.894428,45.28627
0.62529999,41.903339,45.294731
0.62540001,41.912251,45.303192
0.62550002,41.921158,45.311653
0.62559998,41.930065,45.320114
0.6257,41.938969,45.328575
0.62580001,41.947872,45.337032
0.62589997,41.956768,45.345493
0.62599999,41.965664,45.353951
0.6261,41.974556,45.362411
0.62620002,41.98344,45.370869
0.62629998,41.992325,45.37933
0.62639999,42.001202,45.387787
0.62650001,42.010078,45.396244
0.62660003,42.018948,45.404701
0.62669998,42.027809,45.413158
0.6268,42.036671,45.421616
0.62690002,42.045521,45.430073
0.62699997,42.054371,45.43853
0.62709999,42.06321,45.446987
0.62720001,42.072044,45.455444
0.62730002,42.080875,45.463898
0.62739998,42.089695,45.472355
0.6275,42.098511,45.480812
0.62760001,42.107319,45.489265
0.62769997,42.116119,45.497719
0.62779999,42.124912,45.506176
0.6279,42.133698,45.514629
0.62800002,42.142475,45.523083
0.62809998,42.151245,45.531536
0.62819999,42.160007,45.539989
0.62830001,42.168762,45.548443
0.62840003,42.177505,45.556896
0.62849998,42.186241,45.56535
0.6286,42.194969,45.573803
0.62870002,42.20369,45.582253
0.62879997,42.212402,45.590706
0.62889999,42.221104,45.599159
0.62900001,42.229794,45.607609
0.62910002,42.23848,45.616062
0.62919998,42.24715,45.624512
0.6293,42.255817,45.632961
0.62940001,42.264473,45.641411
0.62949997,42.273117,45.64986
0.62959999,42.281754,45.658314
0.62970001,42.290382,45.666763
0.62980002,42.299,45.675209
0.62989998,42.307606,45.683659
0.63,42.316204,45.692108
0.63010001,42.324795,45.700558
0.63020003,42.333374,45.709007
0.63029999,42.341942,45.717453
0.6304,42.350502,45.725903
0.63050002,42.359051,45.734348
0.63059998,42.367592,45.742794
0.63069999,42.376125,45.751244
0.63080001,42.384647,45.759689
0.63090003,42.393158,45.768135
0.63099998,42.401661,45.776581
0.6311,42.410152,45.785027
0.63120002,42.418636,45.793472
0.63129997,42.427113,45.801918
0.63139999,42.435577,45.810364
0.63150001,42.444035,45.81881
0.63160002,42.45248,45.827251
0.63169998,42.460918,45.835697
0.6318,42.469349,45.844139
0.63190001,42.477768,45.852585
0.63200003,42.486183,45.861027
0.63209999,42.494587,45.869473
0.6322,42.502979,45.877914
0.63230002,42.511368,45.886356
0.63239998,42.519749,45.894798
0.63249999,42.528118,45.90324
0.63260001,42.536484,45.911682
0.63270003,42.544838,45.920124
0.63279998,42.553188,45.928566
0.6329,42.561527,45.937008
0.63300002,42.569862,45.945446
0.63309997,42.57819,45.953888
0.63319999,42.58651,45.96233
0.63330001,42.594826,45.970768
0.63340002,42.60313,45.97921
0.63349998,42.611435,45.987648
0.6336,42.619728,45.996086
0.63370001,42.628017,46.004524
0.63380003,42.636303,46.012962
0.63389999,42.644581,46.021404
0.634,42.652855,46.029842
0.63410002,42.661121,46.038277
0.63419998,42.669384,46.046715
0.63429999,42.677643,46.055153
0.63440001,42.685898,46.063591
0.63450003,42.694149,46.072025
0.63459998,42.702396,46.080463
0.6347,42.71064,46.088902
0.63480002,42.71888,46.097336
0.63489997,42.727116,46.10577
0.63499999,42.735348,46.114208
0.63510001,42.743576,46.122643
0.63520002,42.751804,46.131077
0.63529998,42.760033,46.139511
0.6354,42.768253,46.147945
0.63550001,42.776474,46.15638
0.63559997,42.784695,46.164814
0.63569999,42.792915,46.173248
0.6358,42.801132,46.181679
0.63590002,42.809349,46.190113
0.63599998,42.817566,46.198547
0.63609999,42.825779,46.206978
0.63620001,42.833996,46.215408
0.63630003,42.842209,46.223843
0.63639998,42.850426,46.232273
0.6365,42.858643,46.240704
0.63660002,42.866856,46.249138
0.63669997,42.875076,46.257568
0.63679999,42.883293,46.265999
0.63690001,42.891514,46.274429
0.63700002,42.899734,46.282856
0.63709998,42.907959,46.291286
0.6372,42.916183,46.299717
0.63730001,42.924412,46.308147
0.63739997,42.93264,46.316574
0.63749999,42.940872,46.325005
0.6376,42.949108,46.333431
0.63770002,42.957344,46.341862
0.63779998,42.965588,46.350288
0.63789999,42.973831,46.358715
0.63800001,42.982079,46.367142
0.63810003,42.99033,46.375568
0.63819999,42.998589,46.383995
0.6383,43.006847,46.392422
0.63840002,43.01511,46.400848
0.63849998,43.02338,46.409275
0.63859999,43.031654,46.417702
0.63870001,43.039932,46.426125
0.63880002,43.048214,46.434551
0.63889998,43.056503,46.442974
0.639,43.064796,46.451401
0.63910002,43.073093,46.459824
0.63919997,43.081398,46.468246
0.63929999,43.089706,46.476673
0.63940001,43.098022,46.485096
0.63950002,43.106342,46.493519
0.63959998,43.11467,46.501942
0.6397,43.123001,46.510365
0.63980001,43.13134,46.518787
0.63990003,43.139687,46.52721
0.63999999,43.148037,46.535629
0.6401,43.156395,46.544052
0.64020002,43.164761,46.552471
0.64029998,43.17313,46.560894
0.64039999,43.181507,46.569313
0.64050001,43.189892,46.577736
0.64060003,43.198284,46.586155
0.64069998,43.20668,46.594574
0.6408,43.215088,46.602993
0.64090002,43.223499,46.611416
0.64099997,43.231918,46.619835
0.64109999,43.240341,46.62825
0.64120001,43.248775,46.636669
0.64130002,43.257214,46.645088
0.64139998,43.265659,46.653507
0.6415,43.274113,46.661922
0.64160001,43.282574,46.670341
0.64170003,43.291042,46.678761
0.64179999,43.299515,46.687176
0.6419,43.307999,46.695591
0.64200002,43.316486,46.70401
0.64209998,43.324982,46.712425
0.64219999,43.333485,46.72084
0.64230001,43.341991,46.729256
0.64240003,43.35051,46.737671
0.64249998,43.359032,46.746086
0.6426,43.367561,46.754501
0.64270002,43.376095,46.762913
0.64279997,43.38464,46.771328
0.64289999,43.393188,46.779743
0.64300001,43.401745,46.788155
0.64310002,43.410305,46.79657
0.64319998,43.418873,46.804981
0.6433,43.427448,46.813396
0.64340001,43.436028,46.821808
0.64349997,43.444614,46.830219
0.64359999,43.453205,46.838631
0.6437,43.461803,46.847042
0.64380002,43.470409,46.855453
0.64389998,43.479015,46.863865
0.64399999,43.487633,46.872276
0.64410001,43.49625,46.880688
0.64420003,43.504875,46.889095
0.64429998,43.513508,46.897507
0.6444,43.522141,46.905918
0.64450002,43.530781,46.914326
0.64459997,43.539429,46.922733
0.64469999,43.548077,46.931145
0.64480001,43.556728,46.939552
0.64490002,43.565388,46.94796
0.64499998,43.574051,46.956367
0.6451,43.582714,46.964775
0.64520001,43.591385,46.973183
0.64529997,43.600056,46.98159
0.64539999,43.608734,46.989998
0.6455,43.617413,46.998405
0.64560002,43.626095,47.006809
0.64569998,43.634781,47.015217
0.64579999,43.643471,47.023621
0.64590001,43.652161,47.032028
0.64600003,43.660854,47.040432
0.64609998,43.669552,47.04884
0.6462,43.678249,47.057243
0.64630002,43.686951,47.065647
0.64639997,43.695652,47.074051
0.64649999,43.704357,47.082455
0.64660001,43.713058,47.090858
0.64670002,43.721767,47.099262
0.64679998,43.730473,47.107666
0.6469,43.739182,47.116066
0.64700001,43.74789,47.12447
0.64709997,43.756599,47.13287
0.64719999,43.765308,47.141273
0.6473,43.774017,47.149673
0.64740002,43.782726,47.158077
0.64749998,43.791435,47.166477
0.6476,43.800144,47.174877
0.64770001,43.808853,47.183277
0.64780003,43.817562,47.191677
0.64789999,43.826267,47.200077
0.648,43.834972,47.208477
0.64810002,43.843678,47.216877
0.64819998,43.852379,47.225277
0.64829999,43.861084,47.233673
0.64840001,43.869781,47.242073
0.64850003,43.878479,47.250473
0.64859998,43.887177,47.258869
0.6487,43.89587,47.267265
0.64880002,43.90456,47.275665
0.64889997,43.91325,47.284061
0.64899999,43.921936,47.292458
0.64910001,43.930618,47.300854
0.64920002,43.939301,47.30925
0.64929998,43.947979,47.317646
0.6494,43.95665,47.326042
0.64950001,43.965321,47.334438
0.64960003,43.973991,47.342834
0.64969999,43.982655,47.351227
0.6498,43.991314,47.359623
0.64990002,43.999969,47.368015
0.64999998,44.008621,47.376411
0.65009999,44.017269,47.384804
0.65020001,44.025913,47.393196
0.65030003,44.034554,47.401588
0.65039998,44.04319,47.409985
0.6505,44.051819,47.418377
0.65060002,44.060444,47.426769
0.65069997,44.069065,47.435162
0.65079999,44.077682,47.44355
0.65090001,44.086292,47.451942
0.65100002,44.094902,47.460335
0.65109998,44.1035,47.468723
0.6512,44.112099,47.477116
0.65130001,44.120689,47.485504
0.65140003,44.129276,47.493896
0.65149999,44.137856,47.502285
0.6516,44.146431,47.510674
0.65170002,44.154999,47.519062
0.65179998,44.163567,47.527454
0.65189999,44.172123,47.535843
0.65200001,44.180676,47.544231
0.65210003,44.189224,47.552616
0.65219998,44.197765,47.561005
0.6523,44.206303,47.569393
0.65240002,44.214832,47.577778
0.65249997,44.223358,47.586166
0.65259999,44.231876,47.594555
0.65270001,44.240391,47.60294
0.65280002,44.248898,47.611324
0.65289998,44.257401,47.619713
0.653,44.265896,47.628098
0.65310001,44.274387,47.636482
0.65319997,44.282871,47.644867
0.65329999,44.291351,47.653252
0.6534,44.299824,47.661636
0.65350002,44.308292,47.670021
0.65359998,44.316757,47.678402
0.65369999,44.325211,47.686787
0.65380001,44.333664,47.695171
0.65390003,44.34211,47.703552
0.65399998,44.350548,47.711937
0.6541,44.358982,47.720318
0.65420002,44.367413,47.728699
0.65429997,44.375835,47.73708
0.65439999,44.384254,47.745464
0.65450001,44.39267,47.753845
0.65460002,44.401077,47.762226
0.65469998,44.409481,47.770603
0.6548,44.417881,47.778984
0.65490001,44.426273,47.787365
0.65499997,44.434662,47.795746
0.65509999,44.443047,47.804123
0.6552,44.451424,47.812504
0.65530002,44.459801,47.820881
0.65539998,44.46817,47.829262
0.65549999,44.476536,47.837639
0.65560001,44.484898,47.846016
0.65570003,44.493256,47.854393
0.65579998,44.50161,47.862774
0.6559,44.509956,47.871151
0.65600002,44.518303,47.879524
0.65609998,44.526646,47.887901
0.65619999,44.534985,47.896278
0.65630001,44.543316,47.904655
0.65640002,44.551647,47.913029
0.65649998,44.559975,47.921406
0.6566,44.568302,47.929783
0.65670002,44.576622,47.938156
0.65679997,44.584942,47.946529
0.65689999,44.593254,47.954903
0.65700001,44.60157,47.96328
0.65710002,44.609879,47.971653
0.65719998,44.618187,47.980026
0.6573,44.626492,47.9884
0.65740001,44.634796,47.996773
0.65750003,44.643097,48.005142
0.65759999,44.651398,48.013515
0.6577,44.659695,48.021889
0.65780002,44.667988,48.030258
0.65789998,44.676285,48.038631
0.65799999,44.684578,48.047001
0.65810001,44.692867,48.055374
0.65820003,44.70116,48.063744
0.65829998,44.70945,48.072113
0.6584,44.717735,48.080482
0.65850002,44.726025,48.088852
0.65859997,44.73431,48.097221
0.65869999,44.742599,48.105591
0.65880001,44.750885,48.11396
0.65890002,44.759171,48.12233
0.65899998,44.767456,48.130695
0.6591,44.775742,48.139065
0.65920001,44.784031,48.14743
0.65930003,44.792316,48.1558
0.65939999,44.800602,48.164165
0.6595,44.808891,48.172531
0.65960002,44.817181,48.180901
0.65969998,44.825466,48.189266
0.65979999,44.833759,48.197632
0.65990001,44.842049,48.205997
0.66000003,44.850342,48.214363
0.66009998,44.858635,48.222729
0.6602,44.866928,48.231091
0.66030002,44.875225,48.239456
0.66039997,44.883522,48.247822
0.66049999,44.891823,48.256184
0.66060001,44.900124,48.264545
0.66070002,44.908428,48.272911
0.66079998,44.916733,48.281273
0.6609,44.925041,48.289635
0.66100001,44.93335,48.297997
0.66109997,44.941662,48.306362
0.66119999,44.949974,48.314724
0.6613,44.958294,48.323082
0.66140002,44.96661,48.331444
0.66149998,44.974934,48.339806
0.66159999,44.983257,48.348167
0.66170001,44.991585,48.356525
0.66180003,44.999916,48.364887
0.66189998,45.008251,48.373245
0.662,45.016586,48.381607
0.66210002,45.024925,48.389965
0.66219997,45.033268,48.398323
0.66229999,45.041615,48.406681
0.66240001,45.049965,48.415039
0.66250002,45.058319,48.423397
0.66259998,45.066673,48.431755
0.6627,45.075035,48.440113
0.66280001,45.083397,48.448471
0.66289997,45.091763,48.456825
0.66299999,45.100136,48.465183
0.6631,45.108509,48.473541
0.66320002,45.116886,48.481895
0.66329998,45.125267,48.49025
0.66339999,45.133652,48.498608
0.66350001,45.14204,48.506962
0.66360003,45.150433,48.515316
0.66369998,45.158829,48.52367
0.6638,45.167229,48.532024
0.66390002,45.175636,48.540379
0.66399997,45.184044,48.548733
0.66409999,45.192455,48.557083
0.66420001,45.200871,48.565437
0.66430002,45.20929,48.573792
0.66439998,45.217712,48.582142
0.6645,45.226139,48.590496
0.66460001,45.23457,48.598846
0.66469997,45.243004,48.607197
0.66479999,45.251442,48.615551
0.6649,45.259884,48.623901
0.66500002,45.26833,48.632252
0.66509998,45.276779,48.640602
0.6652,45.285233,48.648952
0.66530001,45.29369,48.657299
0.66540003,45.302151,48.665649
0.66549999,45.310616,48.674
0.6656,45.319084,48.682346
0.66570002,45.327553,48.690697
0.66579998,45.336029,48.699043
0.66589999,45.344505,48.707394
0.66600001,45.352985,48.71574
0.66610003,45.361473,48.724087
0.66619998,45.369961,48.732433
0.6663,45.378448,48.74078
0.66640002,45.386944,48.749126
0.66649997,45.395443,48.757473
0.66659999,45.403942,48.76582
0.66670001,45.412445,48.774166
0.66680002,45.420952,48.782509
0.66689998,45.429459,48.790855
0.667,45.437969,48.799202
0.66710001,45.446484,48.807545
0.66720003,45.455002,48.815887
0.66729999,45.46352,48.824234
0.6674,45.472042,48.832577
0.66750002,45.480568,48.840919
0.66759998,45.489094,48.849262
0.66769999,45.49762,48.857605
0.66780001,45.506149,48.865948
0.66790003,45.514683,48.87429
0.66799998,45.523216,48.882629
0.6681,45.531754,48.890972
0.66820002,45.540291,48.899311
0.66829997,45.548832,48.907654
0.66839999,45.557373,48.915993
0.66850001,45.565914,48.924335
0.66860002,45.574459,48.932674
0.66869998,45.583004,48.941013
0.6688,45.591549,48.949352
0.66890001,45.600094,48.957691
0.66900003,45.608643,48.96603
0.66909999,45.617191,48.974369
0.6692,45.625744,48.982708
0.66930002,45.634293,48.991043
0.66939998,45.642845,48.999382
0.66949999,45.651394,49.007721
0.66960001,45.659946,49.016056
0.66970003,45.668499,49.024395
0.66979998,45.677052,49.03273
0.6699,45.685604,49.041065
0.67000002,45.694157,49.0494
0.67009997,45.702705,49.057735
0.67019999,45.711258,49.066071
0.67030001,45.71981,49.074406
0.67040002,45.728363,49.082741
0.67049998,45.736912,49.091076
0.6706,45.745461,49.099407
0.67070001,45.754013,49.107742
0.67079997,45.762558,49.116077
0.67089999,45.771107,49.124409
0.671,45.779655,49.13274
0.67110002,45.7882,49.141075
0.67119998,45.796745,49.149406
0.67129999,45.805286,49.157738
0.67140001,45.813828,49.166069
0.67150003,45.822369,49.1744
0.67159998,45.83091,49.182732
0.6717,45.839447,49.191063
0.67180002,45.84798,49.199394
0.67189997,45.856514,49.207722
0.67199999,45.865047,49.216053
0.67210001,45.873577,49.22438
0.67220002,45.882107,49.232712
0.67229998,45.890633,49.241039
0.6724,45.899155,49.249367
0.67250001,45.907677,49.257698
0.67259997,45.916199,49.266026
0.67269999,45.924717,49.274353
0.6728,45.933231,49.282681
0.67290002,45.941742,49.291004
0.67299998,45.950253,49.299332
0.67309999,45.958759,49.307659
0.67320001,45.967266,49.315987
0.67330003,45.975769,49.32431
0.67339998,45.984268,49.332638
0.6735,45.992764,49.340961
0.67360002,46.001259,49.349285
0.67369998,46.009747,49.357613
0.67379999,46.018238,49.365936
0.67390001,46.026722,49.37426
0.67400002,46.035202,49.382584
0.67409998,46.043682,49.390907
0.6742,46.052158,49.399231
0.67430001,46.060631,49.407551
0.67439997,46.069103,49.415874
0.67449999,46.077568,49.424198
0.67460001,46.086033,49.432518
0.67470002,46.094494,49.440842
0.67479998,46.102951,49.449162
0.6749,46.111404,49.457481
0.67500001,46.119854,49.465801
0.67510003,46.128304,49.474125
0.67519999,46.136745,49.482445
0.6753,46.145187,49.490765
0.67540002,46.153625,49.499081
0.67549998,46.16206,49.507401
0.67559999,46.17049,49.51572
0.67570001,46.178917,49.52404
0.67580003,46.187344,49.532356
0.67589998,46.195763,49.540676
0.676,46.204182,49.548992
0.67610002,46.212597,49.557308
0.67619997,46.221008,49.565628
0.67629999,46.229416,49.573944
0.67640001,46.237823,49.58226
0.67650002,46.246223,49.590576
0.67659998,46.254623,49.598892
0.6767,46.26302,49.607208
0.67680001,46.271412,49.61552
0.67690003,46.2798,49.623837
0.67699999,46.288189,49.632153
0.6771,46.29657,49.640465
0.67720002,46.304951,49.648781
0.67729998,46.313328,49.657093
0.67739999,46.321705,49.665405
0.67750001,46.330074,49.673721
0.67760003,46.338444,49.682034
0.67769998,46.346809,49.690346
0.6778,46.355175,49.698658
0.67790002,46.363533,49.70697
0.67799997,46.371891,49.715279
0.67809999,46.380249,49.723591
0.67820001,46.388599,49.731903
0.67830002,46.39695,49.740211
0.67839998,46.4053,49.748524
0.6785,46.413643,49.756832
0.67860001,46.421986,49.765144
0.67869997,46.430328,49.773453
0.67879999,46.438667,49.781761
0.6789,46.447002,49.79007
0.67900002,46.455338,49.798378
0.67909998,46.463669,49.806686
0.67919999,46.472,49.814995
0.67930001,46.480328,49.823303
0.67940003,46.488655,49.831608
0.67949998,46.496979,49.839916
0.6796,46.505302,49.848221
0.67970002,46.513626,49.856529
0.67979997,46.521946,49.864834
0.67989999,46.530262,49.873142
0.68000001,46.538582,49.881447
0.68010002,46.546894,49.889751
0.68019998,46.55521,49.898056
0.6803,46.563522,49.906361
0.68040001,46.571835,49.914665
0.68049997,46.580147,49.92297
0.68059999,46.588455,49.931271
0.6807,46.596764,49.939575
0.68080002,46.605072,49.947876
0.68089998,46.61338,49.956181
0.68099999,46.621685,49.964481
0.68110001,46.629993,49.972786
0.68120003,46.638298,49.981087
0.68129998,46.646603,49.989388
0.6814,46.654907,49.997688
0.68150002,46.663212,50.005989
0.68159997,46.671513,50.01429
0.68169999,46.679817,50.022591
0.68180001,46.688122,50.030891
0.68190002,46.696423,50.039188
0.68199998,46.704727,50.047489
0.6821,46.713028,50.055786
0.68220001,46.721333,50.064087
0.68229997,46.729637,50.072384
0.68239999,46.737942,50.080681
0.6825,46.746243,50.088978
0.68260002,46.754547,50.097279
0.68269998,46.762852,50.105576
0.68279999,46.77116,50.113873
0.68290001,46.779465,50.122166
0.68300003,46.787769,50.130463
0.68309999,46.796078,50.13876
0.6832,46.804386,50.147053
0.68330002,46.812695,50.15535
0.68339998,46.821003,50.163643
0.68349999,46.829315,50.17194
0.68360001,46.837627,50.180233
0.68370003,46.84594,50.188526
0.68379998,46.854252,50.196819
0.6839,46.862564,50.205112
0.68400002,46.87088,50.213406
0.68409997,46.8792,50.221699
0.68419999,46.887516,50.229992
0.68430001,46.895836,50.238285
0.68440002,46.904156,50.246574
0.68449998,46.912479,50.254868
0.6846,46.920803,50.263157
0.68470001,46.929127,50.27145
0.68480003,46.937454,50.279739
0.68489999,46.945782,50.288029
0.685,46.954113,50.296322
0.68510002,46.962444,50.304611
0.68519998,46.970776,50.312901
0.68529999,46.979111,50.321186
0.68540001,46.987446,50.329475
0.68550003,46.995785,50.337765
0.68559998,47.004124,50.346054
0.6857,47.012466,50.35434
0.68580002,47.020809,50.362629
0.68589997,47.029156,50.370914
0.68599999,47.037502,50.3792
0.68610001,47.045849,50.387489
0.68620002,47.054199,50.395775
0.68629998,47.062553,50.40406
0.6864,47.070908,50.412346
0.68650001,47.079262,50.420631
0.68660003,47.08762,50.428917
0.68669999,47.095982,50.437202
0.6868,47.104343,50.445484
0.68690002,47.112705,50.45377
0.68699998,47.121071,50.462051
0.68709999,47.12944,50.470337
0.68720001,47.13781,50.478619
0.68730003,47.146179,50.4869
0.68739998,47.154552,50.495182
0.6875,47.16293,50.503468
0.68760002,47.171303,50.511749
0.68769997,47.179684,50.520031
0.68779999,47.188065,50.528309
0.68790001,47.196445,50.536591
0.68800002,47.20483,50.544872
0.68809998,47.213215,50.55315
0.6882,47.221603,50.561432
0.68830001,47.229992,50.56971
0.68839997,47.238384,50.577991
0.68849999,47.246777,50.586269
0.6886,47.255173,50.594547
0.68870002,47.263569,50.602825
0.68879998,47.271965,50.611103
0.68889999,47.280365,50.619381
0.68900001,47.288765,50.627659
0.68910003,47.297169,50.635937
0.68919998,47.305573,50.644215
0.6893,47.313976,50.652489
0.68940002,47.322384,50.660767
0.68949997,47.330791,50.669041
0.68959999,47.339199,50.677319
0.68970001,47.34761,50.685593
0.68980002,47.356022,50.693867
0.68989998,47.364437,50.702141
0.69,47.372852,50.710415
0.69010001,47.381268,50.718689
0.69019997,47.389683,50.726963
0.69029999,47.398102,50.735237
0.6904,47.406521,50.743511
0.69050002,47.41494,50.751781
0.69059998,47.423363,50.760056
0.69069999,47.431782,50.768326
0.69080001,47.440205,50.7766
0.69090003,47.448627,50.78487
0.69099998,47.457054,50.79314
0.6911,47.465477,50.801411
0.69120002,47.473904,50.809681
0.69129997,47.48233,50.817951
0.69139999,47.490757,50.826221
0.69150001,47.499184,50.834492
0.69160002,47.50761,50.842762
0.69169998,47.516037,50.851028
0.6918,47.524467,50.859299
0.69190001,47.532894,50.867565
0.69199997,47.541325,50.875835
0.69209999,47.549755,50.884102
0.69220001,47.558182,50.892368
0.69230002,47.566612,50.900635
0.69239998,47.575043,50.908901
0.6925,47.583469,50.917168
0.69260001,47.5919,50.925434
0.69270003,47.60033,50.933701
0.69279999,47.608757,50.941967
0.6929,47.617188,50.95023
0.69300002,47.625614,50.958496
0.69309998,47.634045,50.966759
0.69319999,47.642471,50.975025
0.69330001,47.650898,50.983288
0.69340003,47.659325,50.99155
0.69349998,47.667751,50.999817
0.6936,47.676178,51.00808
0.69370002,47.684605,51.016342
0.69379997,47.693027,51.024601
0.69389999,47.70145,51.032864
0.69400001,47.709873,51.041126
0.69410002,47.718296,51.049389
0.69419998,47.726719,51.057648
0.6943,47.735138,51.06591
0.69440001,47.743557,51.074169
0.69450003,47.751976,51.082428
0.69459999,47.760395,51.090691
0.6947,47.76881,51.098949
0.69480002,47.777225,51.107208
0.69489998,47.785641,51.115467
0.69499999,47.794056,51.123726
0.69510001,47.802467,51.131981
0.69520003,47.810879,51.14024
0.69529998,47.819286,51.148499
0.6954,47.827694,51.156754
0.69550002,47.836102,51.165012
0.69559997,47.844509,51.173267
0.69569999,47.852913,51.181522
0.69580001,47.861313,51.189781
0.69590002,47.869717,51.198036
0.69599998,47.878117,51.206291
0.6961,47.886513,51.214546
0.69620001,47.894909,51.222801
0.69630003,47.903305,51.231052
0.69639999,47.911697,51.239307
0.6965,47.92009,51.247562
0.69660002,47.928478,51.255814
0.69669998,47.936867,51.264069
0.69679999,47.945255,51.27232
0.69690001,47.95364,51.280571
0.69700003,47.962021,51.288826
0.69709998,47.970406,51.297077
0.6972,47.978783,51.305328
0.69730002,47.987164,51.31358
0.69739997,47.995537,51.321831
0.69749999,48.003914,51.330078
0.69760001,48.012283,51.338329
0.69770002,48.020657,51.346581
0.69779998,48.029026,51.354828
0.6979,48.037392,51.363079
0.69800001,48.045757,51.371326
0.69809997,48.054119,51.379574
0.69819999,48.062481,51.387825
0.6983,48.070843,51.396072
0.69840002,48.079201,51.40432
0.69849998,48.087555,51.412567
0.69859999,48.095909,51.420815
0.69870001,48.104263,51.429058
0.69880003,48.112614,51.437305
0.69889998,48.120964,51.445553
0.699,48.129311,51.453796
0.69910002,48.137653,51.462044
0.69919997,48.146,51.470287
0.69929999,48.154339,51.478531
0.69940001,48.162682,51.486774
0.69950002,48.171017,51.495022
0.69959998,48.179356,51.503265
0.6997,48.187691,51.511509
0.69980001,48.196022,51.519749
0.69989997,48.204353,51.527992
0.69999999,48.212685,51.536236
0.7001,48.221012,51.544476
0.70020002,48.229336,51.552719
0.70029998,48.237663,51.560959
0.70039999,48.245983,51.569202
0.70050001,48.254307,51.577442
0.70060003,48.262627,51.585682
0.70069999,48.270943,51.593922
0.7008,48.279263,51.602161
0.70090002,48.287575,51.610401
0.70099998,48.295891,51.618641
0.70109999,48.304203,51.626881
0.70120001,48.312511,51.635117
0.70130002,48.320824,51.643356
0.70139998,48.329132,51.651592
0.7015,48.337437,51.659832
0.70160002,48.345745,51.668068
0.70169997,48.35405,51.676304
0.70179999,48.36235,51.684544
0.70190001,48.370651,51.69278
0.70200002,48.378952,51.701015
0.70209998,48.387253,51.709251
0.7022,48.395554,51.717484
0.70230001,48.403851,51.725719
0.70240003,48.412148,51.733955
0.70249999,48.420441,51.742188
0.7026,48.428738,51.750423
0.70270002,48.437031,51.758656
0.70279998,48.44532,51.766888
0.70289999,48.453613,51.775124
0.70300001,48.461906,51.783356
0.70310003,48.470196,51.791588
0.70319998,48.478485,51.79982
0.7033,48.486774,51.808052
0.70340002,48.49506,51.81628
0.70349997,48.503349,51.824512
0.70359999,48.511635,51.832745
0.70370001,48.51992,51.840973
0.70380002,48.528206,51.849205
0.70389998,48.536491,51.857433
0.704,48.544777,51.865662
0.70410001,48.553062,51.873894
0.70420003,48.561344,51.882122
0.70429999,48.56963,51.89035
0.7044,48.577911,51.898579
0.70450002,48.586193,51.906807
0.70459998,48.594479,51.915031
0.70469999,48.60276,51.92326
0.70480001,48.611042,51.931488
0.70490003,48.619324,51.939713
0.70499998,48.627605,51.947941
0.7051,48.635887,51.956165
0.70520002,48.644169,51.96439
0.70529997,48.652451,51.972614
0.70539999,48.660732,51.980839
0.70550001,48.669014,51.989063
0.70560002,48.677296,51.997288
0.70569998,48.685577,52.005512
0.7058,48.693863,52.013737
0.70590001,48.702145,52.021961
0.70599997,48.710426,52.030182
0.70609999,48.718708,52.038406
0.7062,48.726994,52.046627
0.70630002,48.735275,52.054848
0.70639998,48.743561,52.063072
0.70649999,48.751842,52.071293
0.70660001,48.760128,52.079514
0.70670003,48.768414,52.087734
0.70679998,48.776699,52.095955
0.7069,48.784985,52.104172
0.70700002,48.79327,52.112392
0.70709997,48.801556,52.120613
0.70719999,48.809841,52.12883
0.70730001,48.81813,52.137051
0.70740002,48.82642,52.145267
0.70749998,48.834705,52.153484
0.7076,48.842995,52.161705
0.70770001,48.851288,52.169922
0.70779997,48.859577,52.178139
0.70789999,48.867867,52.186356
0.708,48.87616,52.194572
0.70810002,48.884453,52.202785
0.70819998,48.892746,52.211002
0.70829999,48.901039,52.219219
0.70840001,48.909332,52.227432
0.70850003,48.917629,52.235649
0.70859998,48.925922,52.243862
0.7087,48.934219,52.252075
0.70880002,48.942516,52.260288
0.70889997,48.950817,52.268501
0.70899999,48.959114,52.276714
0.70910001,48.967415,52.284927
0.70920002,48.975716,52.29314
0.70929998,48.984016,52.301353
0.7094,48.992317,52.309563
0.70950001,49.000622,52.317776
0.70959997,49.008923,52.325985
0.70969999,49.017227,52.334198
0.7098,49.025532,52.342407
0.70990002,49.03384,52.350616
0.70999998,49.042145,52.358829
0.7101,49.050453,52.367039
0.71020001,49.058762,52.375248
0.71030003,49.06707,52.383453
0.71039999,49.075378,52.391663
0.7105,49.083691,52.399872
0.71060002,49.091999,52.408077
0.71069998,49.100311,52.416286
0.71079999,49.108624,52.424492
0.71090001,49.11694,52.432701
0.71100003,49.125252,52.440907
0.71109998,49.133568,52.449112
0.7112,49.141884,52.457317
0.71130002,49.1502,52.465523
0.71139997,49.158516,52.473728
0.71149999,49.166832,52.481934
0.71160001,49.175152,52.490139
0.71170002,49.183468,52.498341
0.71179998,49.191788,52.506546
0.7119,49.200108,52.514748
0.71200001,49.208427,52.522953
0.71210003,49.216751,52.531155
0.71219999,49.225071,52.539356
0.7123,49.233395,52.547562
0.71240002,49.241714,52.555763
0.71249998,49.250038,52.563965
0.71259999,49.258362,52.572163
0.71270001,49.266685,52.580364
0.71280003,49.275013,52.588566
0.71289998,49.283337,52.596767
0.713,49.29166,52.604965
0.71310002,49.299988,52.613163
0.71319997,49.308311,52.621365
0.71329999,49.316639,52.629562
0.71340001,49.324966,52.63776
0.71350002,49.333294,52.645958
0.71359998,49.341621,52.654156
0.7137,49.349949,52.662354
0.71380001,49.358276,52.670551
0.71390003,49.366604,52.678749
0.71399999,49.374931,52.686947
0.7141,49.383259,52.695141
0.71420002,49.391586,52.703339
0.71429998,49.399914,52.711533
0.71439999,49.408245,52.719727
0.71450001,49.416573,52.727921
0.71460003,49.4249,52.736118
0.71469998,49.433228,52.744312
0.7148,49.441559,52.752506
0.71490002,49.449886,52.760696
0.71499997,49.458214,52.76889
0.71509999,49.466541,52.777084
0.71520001,49.474869,52.785278
0.71530002,49.4832,52.793468
0.71539998,49.491528,52.801662
0.7155,49.499855,52.809853
0.71560001,49.508179,52.818043
0.71569997,49.516506,52.826233
0.71579999,49.524834,52.834423
0.7159,49.533161,52.842613
0.71600002,49.541485,52.850803
0.71609998,49.549812,52.858994
0.71619999,49.558136,52.867184
0.71630001,49.566463,52.87537
0.71640003,49.574787,52.88356
0.71649998,49.583111,52.891747
0.7166,49.591434,52.899937
0.71670002,49.599758,52.908123
0.71679997,49.608082,52.916309
0.71689999,49.616402,52.924496
0.71700001,49.624725,52.932686
0.71710002,49.633045,52.940868
0.71719998,49.641365,52.949055
0.7173,49.649685,52.957241
0.71740001,49.658005,52.965427
0.71749997,49.666321,52.97361
0.71759999,49.674641,52.981796
0.7177,49.682957,52.989979
0.71780002,49.691273,52.998165
0.71789998,49.699589,53.006348
0.71799999,49.707901,53.01453
0.71810001,49.716217,53.022713
0.71820003,49.724529,53.030895
0.71829998,49.732841,53.039078
0.7184,49.741154,53.04726
0.71850002,49.749466,53.055439
0.71859998,49.757774,53.063622
0.71869999,49.766083,53.071804
0.71880001,49.774391,53.079983
0.71890002,49.7827,53.088161
0.71899998,49.791004,53.096344
0.7191,49.799309,53.104523
0.71920002,49.807613,53.112701
0.71929997,49.815918,53.12088
0.71939999,49.824219,53.129059
0.71950001,49.83252,53.137238
0.71960002,49.84082,53.145412
0.71969998,49.849121,53.153591
0.7198,49.857422,53.16177
0.71990001,49.865719,53.169945
0.72000003,49.874016,53.17812
0.72009999,49.882309,53.186298
0.7202,49.890602,53.194473
0.72030002,49.898899,53.202648
0.72039998,49.907188,53.210823
0.72049999,49.915482,53.218998
0.72060001,49.923771,53.227173
0.72070003,49.93206,53.235348
0.72079998,49.94035,53.243519
0.7209,49.948635,53.251694
0.72100002,49.956921,53.259869
0.72109997,49.965206,53.26804
0.72119999,49.973492,53.276211
0.72130001,49.981773,53.284382
0.72140002,49.990055,53.292557
0.72149998,49.998337,53.300728
0.7216,50.006618,53.308899
0.72170001,50.014896,53.31707
0.72180003,50.023174,53.325237
0.72189999,50.031452,53.333408
0.722,50.039726,53.341579
0.72210002,50.048,53.349747
0.72219998,50.056274,53.357918
0.72229999,50.064548,53.366085
0.72240001,50.072819,53.374252
0.72250003,50.081089,53.38242
0.72259998,50.089359,53.390591
0.7227,50.097626,53.398758
0.72280002,50.105896,53.406921
0.72289997,50.114162,53.415089
0.72299999,50.122429,53.423256
0.72310001,50.130692,53.431423
0.72320002,50.138958,53.439587
0.72329998,50.147221,53.447754
0.7234,50.155479,53.455917
0.72350001,50.163742,53.464081
0.72359997,50.172001,53.472248
0.72369999,50.18026,53.480412
0.7238,50.188519,53.488575
0.72390002,50.196777,53.496738
0.72399998,50.205032,53.504898
0.72409999,50.213291,53.513062
0.72420001,50.221546,53.521225
0.72430003,50.229797,53.529385
0.72439998,50.238052,53.537548
0.7245,50.246304,53.545708
0.72460002,50.254559,53.553871
0.72469997,50.262806,53.562031
0.72479999,50.271057,53.57019
0.72490001,50.279308,53.57835
0.72500002,50.287556,53.58651
0.72509998,50.295803,53.594669
0.7252,50.304054,53.602829
0.72530001,50.312298,53.610985
0.72539997,50.320545,53.619144
0.72549999,50.328793,53.6273
0.7256,50.337036,53.63546
0.72570002,50.34528,53.643616
0.72579998,50.353523,53.651772
0.72589999,50.361767,53.659927
0.72600001,50.37001,53.668087
0.72610003,50.378254,53.676239
0.72619998,50.386494,53.684395
0.7263,50.394733,53.692551
0.72640002,50.402977,53.700706
0.72649997,50.411217,53.708858
0.72659999,50.419456,53.717014
0.72670001,50.427696,53.725166
0.72680002,50.435936,53.733322
0.72689998,50.444172,53.741474
0.727,50.452412,53.749626
0.72710001,50.460648,53.757778
0.72719997,50.468887,53.76593
0.72729999,50.477123,53.774082
0.7274,50.485359,53.782234
0.72750002,50.493599,53.790386
0.72759998,50.501835,53.798534
0.7277,50.510071,53.806686
0.72780001,50.518307,53.814835
0.72790003,50.526543,53.822987
0.72799999,50.534775,53.831135
0.7281,50.543011,53.839283
0.72820002,50.551247,53.847431
0.72829998,50.559483,53.855579
0.72839999,50.567715,53.863728
0.72850001,50.575951,53.871876
0.72860003,50.584187,53.880024
0.72869998,50.592419,53.888168
0.7288,50.600655,53.896317
0.72890002,50.608887,53.904461
0.72899997,50.617123,53.912609
0.72909999,50.625355,53.920753
0.72920001,50.633591,53.928898
0.72930002,50.641823,53.937042
0.72939998,50.650059,53.945187
0.7295,50.658291,53.953331
0.72960001,50.666523,53.961475
0.72970003,50.674759,53.96962
0.72979999,50.682991,53.97776
0.7299,50.691227,53.985905
0.73000002,50.699459,53.994045
0.73009998,50.707695,54.00219
0.73019999,50.715927,54.01033
0.73030001,50.724163,54.018471
0.73040003,50.732395,54.026611
0.73049998,50.740631,54.034752
0.7306,50.748867,54.042892
0.73070002,50.757099,54.051033
0.73079997,50.765335,54.059174
0.73089999,50.773571,54.067314
0.73100001,50.781803,54.075451
0.73110002,50.790039,54.083591
0.73119998,50.798275,54.091728
0.7313,50.806511,54.099865
0.73140001,50.814747,54.108002
0.73150003,50.822983,54.116142
0.73159999,50.831219,54.124279
0.7317,50.839455,54.132416
0.73180002,50.847691,54.140549
0.73189998,50.855927,54.148685
0.73199999,50.864162,54.156822
0.73210001,50.872398,54.164955
0.73220003,50.880634,54.173092
0.73229998,50.888874,54.181225
0.7324,50.89711,54.189362
0.73250002,50.905346,54.197495
0.73259997,50.913586,54.205627
0.73269999,50.921822,54.21376
0.73280001,50.930061,54.221893
0.73290002,50.938297,54.230026
0.73299998,50.946537,54.238155
0.7331,50.954773,54.246288
0.73320001,50.963013,54.254421
0.73329997,50.971252,54.26255
0.73339999,50.979492,54.270683
0.7335,50.987728,54.278812
0.73360002,50.995968,54.286942
0.73369998,51.004208,54.295071
0.73379999,51.012447,54.3032
0.73390001,51.020687,54.311329
0.73400003,51.028927,54.319458
0.73409998,51.037167,54.327587
0.7342,51.045406,54.335712
0.73430002,51.053646,54.343842
0.73439997,51.061886,54.351971
0.73449999,51.070126,54.360096
0.73460001,51.078369,54.368221
0.73470002,51.086609,54.376347
0.73479998,51.094849,54.384476
0.7349,51.103088,54.392601
0.73500001,51.111332,54.400726
0.73509997,51.119572,54.408848
0.73519999,51.127811,54.416973
0.7353,51.136055,54.425098
0.73540002,51.144295,54.43322
0.73549998,51.152534,54.441345
0.73559999,51.160778,54.449467
0.73570001,51.169018,54.457592
0.73580003,51.177258,54.465714
0.73589998,51.185501,54.473835
0.736,51.193741,54.481956
0.73610002,51.201981,54.490078
0.73619998,51.210224,54.498199
0.73629999,51.218464,54.506321
0.73640001,51.226704,54.514439
0.73650002,51.234947,54.52256
0.73659998,51.243187,54.530678
0.7367,51.251427,54.538799
0.73680001,51.259666,54.546917
0.73689997,51.267906,54.555035
0.73699999,51.27615,54.563152
0.73710001,51.284389,54.57127
0.73720002,51.292629,54.579388
0.73729998,51.300869,54.587505
0.7374,51.309109,54.595623
0.73750001,51.317348,54.603737
0.73760003,51.325588,54.611855
0.73769999,51.333824,54.619972
0.7378,51.342064,54.628086
0.73790002,51.350304,54.6362
0.73799998,51.358543,54.644314
0.73809999,51.366779,54.652431
0.73820001,51.375019,54.660545
0.73830003,51.383255,54.668659
0.73839998,51.391495,54.676769
0.7385,51.399731,54.684883
0.73860002,51.407967,54.692997
0.73869997,51.416203,54.701107
0.73879999,51.424438,54.709221
0.73890001,51.432674,54.717331
0.73900002,51.44091,54.725441
0.73909998,51.449146,54.733555
0.7392,51.457382,54.741665
0.73930001,51.465614,54.749775
0.73940003,51.47385,54.757885
0.73949999,51.482082,54.765995
0.7396,51.490314,54.774101
0.73970002,51.49855,54.782211
0.73979998,51.506783,54.790321
0.73989999,51.515015,54.798428
0.74000001,51.523243,54.806534
0.74010003,51.531475,54.814644
0.74019998,51.539707,54.82275
0.7403,51.547935,54.830856
0.74040002,51.556164,54.838963
0.74049997,51.564396,54.847069
0.74059999,51.572624,54.855175
0.74070001,51.580853,54.863277
0.74080002,51.589077,54.871384
0.74089998,51.597305,54.87949
0.741,51.605534,54.887592
0.74110001,51.613758,54.895695
0.74119997,51.621983,54.903801
0.74129999,51.630207,54.911903
0.7414,51.638432,54.920006
0.74150002,51.646656,54.928108
0.74159998,51.654877,54.936211
0.74169999,51.663101,54.944313
0.74180001,51.671322,54.952412
0.74190003,51.679543,54.960514
0.74199998,51.687763,54.968616
0.7421,51.695984,54.976715
0.74220002,51.704205,54.984814
0.74229997,51.712421,54.992916
0.74239999,51.720642,55.001015
0.74250001,51.728859,55.009113
0.74260002,51.737076,55.017212
0.74269998,51.745293,55.025311
0.7428,51.75351,55.033405
0.74290001,51.761723,55.041504
0.74299997,51.769936,55.049603
0.74309999,51.778152,55.057697
0.7432,51.786366,55.065796
0.74330002,51.794575,55.073891
0.74339998,51.802788,55.081985
0.74349999,51.811001,55.09008
0.74360001,51.81921,55.098179
0.74370003,51.827419,55.106274
0.74379998,51.835629,55.114365
0.7439,51.843838,55.122459
0.74400002,51.852047,55.130554
0.74409997,51.860252,55.138645
0.74419999,51.868458,55.14674
0.74430001,51.876663,55.154831
0.74440002,51.884869,55.162926
0.74449998,51.893074,55.171017
0.7446,51.901279,55.179108
0.74470001,51.909481,55.187199
0.74479997,51.917683,55.19529
0.74489999,51.925888,55.203381
0.745,51.934086,55.211472
0.74510002,51.942287,55.219559
0.74519998,51.950489,55.22765
0.74529999,51.958687,55.235737
0.74540001,51.966885,55.243828
0.74550003,51.975086,55.251915
0.74559999,51.98328,55.260002
0.7457,51.991478,55.268089
0.74580002,51.999676,55.276176
0.74589998,52.00787,55.284264
0.74599999,52.016068,55.292351
0.74610001,52.024261,55.300438
0.74620003,52.032455,55.308525
0.74629998,52.040646,55.316608
0.7464,52.04884,55.324696
0.74650002,52.057034,55.332779
0.74659997,52.065224,55.340862
0.74669999,52.073414,55.348946
0.74680001,52.081604,55.357033
0.74690002,52.089794,55.365116
0.74699998,52.097984,55.373196
0.7471,52.106171,55.381279
0.74720001,52.114361,55.389362
0.74730003,52.122547,55.397446
0.74739999,52.130733,55.405525
0.7475,52.13892,55.413609
0.74760002,52.147106,55.421688
0.74769998,52.155293,55.429768
0.74779999,52.163479,55.437847
0.74790001,52.171661,55.445927
0.74800003,52.179844,55.454006
0.74809998,52.18803,55.462086
0.7482,52.196213,55.470165
0.74830002,52.204395,55.478245
0.74839997,52.212578,55.48632
0.74849999,52.220757,55.4944
0.74860001,52.228939,55.502476
0.74870002,52.237118,55.510555
0.74879998,52.2453,55.518631
0.7489,52.253479,55.526707
0.74900001,52.261658,55.534782
0.74910003,52.269836,55.542858
0.74919999,52.278015,55.550934
0.7493,52.286194,55.55901
0.74940002,52.294373,55.567081
0.74949998,52.302551,55.575157
0.74959999,52.310726,55.583229
0.74970001,52.318901,55.591305
0.74980003,52.32708,55.599377
0.74989998,52.335255,55.607449
0.75,52.34343,55.61552
0.75010002,52.351604,55.623592
0.75019997,52.359779,55.631664
0.75029999,52.367954,55.639736
0.75040001,52.376129,55.647808
0.75050002,52.384304,55.65588
0.75059998,52.392475,55.663948
0.7507,52.40065,55.67202
0.75080001,52.408821,55.680088
0.75089997,52.416996,55.688156
0.75099999,52.425167,55.696224
0.7511,52.433338,55.704292
0.75120002,52.441513,55.71236
0.75129998,52.449684,55.720428
0.75139999,52.457855,55.728497
0.75150001,52.466026,55.736565
0.75160003,52.474197,55.744629
0.75169998,52.482368,55.752697
0.7518,52.490536,55.760761
0.75190002,52.498707,55.768829
0.75199997,52.506878,55.776894
0.75209999,52.515045,55.784958
0.75220001,52.523216,55.793022
0.75230002,52.531387,55.801086
0.75239998,52.539555,55.809151
0.7525,52.547722,55.817215
0.75260001,52.555893,55.825275
0.75269997,52.56406,55.83334
0.75279999,52.572227,55.841404
0.7529,52.580399,55.849464
0.75300002,52.588566,55.857525
0.75309998,52.596733,55.865585
0.75319999,52.6049,55.87365
0.75330001,52.613068,55.88171
0.75340003,52.621235,55.889767
0.75349998,52.629402,55.897827
0.7536,52.637569,55.905888
0.75370002,52.645737,55.913948
0.75379997,52.653904,55.922005
0.75389999,52.662067,55.930065
0.75400001,52.670235,55.938122
0.75410002,52.678402,55.946178
0.75419998,52.686569,55.954235
0.7543,52.694733,55.962296
0.75440001,52.7029,55.970352
0.75449997,52.711067,55.978405
0.75459999,52.719231,55.986462
0.75470001,52.727398,55.994518
0.75480002,52.735561,56.002575
0.75489998,52.743729,56.010628
0.755,52.751892,56.018681
0.75510001,52.760056,56.026737
0.75520003,52.768223,56.03479
0.75529999,52.776386,56.042843
0.7554,52.78455,56.050896
0.75550002,52.792717,56.058949
0.75559998,52.80088,56.067001
0.75569999,52.809044,56.075054
0.75580001,52.817207,56.083103
0.75590003,52.825371,56.091156
0.75599998,52.833534,56.099209
0.7561,52.841698,56.107258
0.75620002,52.849861,56.115307
0.75629997,52.858025,56.123356
0.75639999,52.866188,56.131405
0.75650001,52.874352,56.139454
0.75660002,52.882515,56.147503
0.75669998,52.890678,56.155552
0.7568,52.898842,56.163601
0.75690001,52.907005,56.17165
0.75700003,52.915165,56.179695
0.75709999,52.923328,56.187744
0.7572,52.931492,56.195789
0.75730002,52.939651,56.203835
0.75739998,52.947815,56.21188
0.75749999,52.955975,56.219925
0.75760001,52.964138,56.22797
0.75770003,52.972298,56.236015
0.75779998,52.980461,56.244061
0.7579,52.988621,56.252106
0.75800002,52.99678,56.260147
0.75809997,53.00494,56.268192
0.75819999,53.013103,56.276234
0.75830001,53.021263,56.284275
0.75840002,53.029423,56.29232
0.75849998,53.037582,56.300362
0.7586,53.045742,56.308403
0.75870001,53.053902,56.316444
0.75880003,53.062061,56.324482
0.75889999,53.070221,56.332523
0.759,53.078377,56.340565
0.75910002,53.086536,56.348602
0.75919998,53.094696,56.356644
0.75929999,53.102852,56.364681
0.75940001,53.111012,56.372719
0.75950003,53.119167,56.38076
0.75959998,53.127327,56.388798
0.7597,53.135483,56.396835
0.75980002,53.143642,56.404873
0.75989997,53.151798,56.412907
0.75999999,53.159954,56.420944
0.76010001,53.16811,56.428982
0.76020002,53.176266,56.437016
0.76029998,53.184422,56.445049
0.7604,53.192577,56.453087
0.76050001,53.200733,56.461121
0.76059997,53.208885,56.469154
0.76069999,53.217041,56.477188
0.7608,53.225193,56.485222
0.76090002,53.233349,56.493256
0.76099998,53.241501,56.501289
0.76109999,53.249657,56.509319
0.76120001,53.257809,56.517353
0.76130003,53.265961,56.525383
0.76139998,53.274113,56.533417
0.7615,53.282265,56.541447
0.76160002,53.290417,56.549477
0.76169997,53.298569,56.557507
0.76179999,53.306717,56.565536
0.76190001,53.314869,56.573566
0.76200002,53.323017,56.581596
0.76209998,53.331169,56.589622
0.7622,53.339317,56.597652
0.76230001,53.347466,56.605682
0.76239997,53.355618,56.613708
0.76249999,53.363766,56.621735
0.7626,53.37191,56.629761
0.76270002,53.380058,56.637791
0.76279998,53.388206,56.645817
0.76289999,53.396355,56.653843
0.76300001,53.404499,56.661865
0.76310003,53.412643,56.669891
0.76319999,53.420792,56.677917
0.7633,53.428936,56.68594
0.76340002,53.43708,56.693966
0.76349998,53.445225,56.701988
0.76359999,53.453369,56.710011
0.76370001,53.461514,56.718033
0.76380002,53.469654,56.726059
0.76389998,53.477798,56.734081
0.764,53.485939,56.7421
0.76410002,53.49408,56.750122
0.76419997,53.502224,56.758144
0.76429999,53.510365,56.766163
0.76440001,53.518505,56.774185
0.76450002,53.526642,56.782204
0.76459998,53.534782,56.790226
0.7647,53.542923,56.798244
0.76480001,53.55106,56.806263
0.76490003,53.559196,56.814281
0.76499999,53.567337,56.8223
0.7651,53.575474,56.830318
0.76520002,53.583611,56.838333
0.76529998,53.591747,56.846352
0.76539999,53.59988,56.85437
0.76550001,53.608017,56.862385
0.76560003,53.61615,56.870399
0.76569998,53.624287,56.878418
0.7658,53.63242,56.886433
0.76590002,53.640553,56.894447
0.76599997,53.648685,56.902462
0.76609999,53.656818,56.910477
0.76620001,53.664951,56.918488
0.76630002,53.67308,56.926502
0.76639998,53.681213,56.934517
0.7665,53.689342,56.942528
0.76660001,53.697472,56.950542
0.76670003,53.705605,56.958553
0.76679999,53.713734,56.966564
0.7669,53.721859,56.974575
0.76700002,53.729988,56.982586
0.76709998,53.738117,56.990597
0.76719999,53.746243,56.998608
0.76730001,53.754372,57.006618
0.76740003,53.762497,57.014626
0.76749998,53.770622,57.022636
0.7676,53.778748,57.030643
0.76770002,53.786873,57.038651
0.76779997,53.794994,57.046661
0.76789999,53.80312,57.054668
0.76800001,53.811245,57.062675
0.76810002,53.819366,57.070683
0.76819998,53.827488,57.07869
0.7683,53.835609,57.086693
0.76840001,53.843731,57.0947
0.76849997,53.851852,57.102707
0.76859999,53.859974,57.11071
0.7687,53.868092,57.118713
0.76880002,53.876213,57.12672
0.76889998,53.884331,57.134724
0.76899999,53.892452,57.142727
0.76910001,53.90057,57.15073
0.76920003,53.908688,57.158733
0.76929998,53.916805,57.166733
0.7694,53.924919,57.174736
0.76950002,53.933037,57.182739
0.76959997,53.941154,57.190739
0.76969999,53.949268,57.198742
0.76980001,53.957382,57.206741
0.76990002,53.9655,57.214741
0.76999998,53.973614,57.22274
0.7701,53.981728,57.23074
0.77020001,53.989838,57.238739
0.77029997,53.997952,57.246738
0.77039999,54.006065,57.254738
0.7705,54.014175,57.262733
0.77060002,54.022289,57.270733
0.77069998,54.030399,57.278728
0.77079999,54.038509,57.286728
0.77090001,54.046619,57.294724
0.77100003,54.054729,57.302719
0.77109998,54.06284,57.310715
0.7712,54.07095,57.31871
0.77130002,54.07906,57.326706
0.77139997,54.087166,57.334702
0.77149999,54.095276,57.342693
0.77160001,54.103382,57.350689
0.77170002,54.111488,57.358681
0.77179998,54.119595,57.366676
0.7719,54.127701,57.374668
0.77200001,54.135807,57.38266
0.77209997,54.143913,57.390652
0.77219999,54.15202,57.398643
0.7723,54.160122,57.406635
0.77240002,54.168228,57.414627
0.77249998,54.176331,57.422619
0.7726,54.184437,57.430607
0.77270001,54.192539,57.438599
0.77280003,54.200642,57.446587
0.77289999,54.208744,57.454575
0.773,54.216846,57.462566
0.77310002,54.224949,57.470554
0.77319998,54.233051,57.478542
0.77329999,54.241154,57.48653
0.77340001,54.249252,57.494514
0.77350003,54.257355,57.502502
0.77359998,54.265453,57.51049
0.7737,54.273556,57.518475
0.77380002,54.281654,57.526463
0.77389997,54.289753,57.534447
0.77399999,54.297852,57.542431
0.77410001,54.30595,57.550415
0.77420002,54.314049,57.558399
0.77429998,54.322147,57.566383
0.7744,54.330246,57.574368
0.77450001,54.338341,57.582352
0.77460003,54.346439,57.590336
0.77469999,54.354538,57.598316
0.7748,54.362633,57.6063
0.77490002,54.370728,57.614281
0.77499998,54.378826,57.622261
0.77509999,54.386921,57.630241
0.77520001,54.395016,57.638222
0.77530003,54.403111,57.646202
0.77539998,54.411205,57.654182
0.7755,54.4193,57.662163
0.77560002,54.427395,57.670143
0.77569997,54.435486,57.67812
0.77579999,54.443581,57.6861
0.77590001,54.451675,57.694077
0.77600002,54.459766,57.702057
0.77609998,54.467861,57.710033
0.7762,54.475952,57.71801
0.77630001,54.484043,57.725986
0.77640003,54.492134,57.733963
0.77649999,54.500229,57.74194
0.7766,54.50832,57.749912
0.77670002,54.516411,57.757889
0.77679998,54.524502,57.765862
0.77689999,54.532589,57.773838
0.77700001,54.54068,57.781811
0.77710003,54.548771,57.789783
0.77719998,54.556862,57.797756
0.7773,54.564949,57.805729
0.77740002,54.57304,57.813702
0.77749997,54.581127,57.821674
0.77759999,54.589214,57.829647
0.77770001,54.597305,57.83762
0.77780002,54.605392,57.845589
0.77789998,54.61348,57.853558
0.778,54.621567,57.86153
0.77810001,54.629654,57.869499
0.77819997,54.637741,57.877468
0.77829999,54.645828,57.885437
0.7784,54.653915,57.893406
0.77850002,54.661999,57.901375
0.77859998,54.670086,57.909344
0.77869999,54.678173,57.917309
0.77880001,54.686256,57.925278
0.77890003,54.694344,57.933243
0.77899998,54.702427,57.941212
0.7791,54.71051,57.949177
0.77920002,54.718594,57.957142
0.77929997,54.726681,57.965107
0.77939999,54.734764,57.973072
0.77950001,54.742847,57.981037
0.77960002,54.750931,57.989002
0.77969998,54.75901,57.996967
0.7798,54.767094,58.004929
0.77990001,54.775177,58.012894
0.77999997,54.78326,58.020855
0.78009999,54.79134,58.028816
0.7802,54.799423,58.036777
0.78030002,54.807503,58.044743
0.78039998,54.815582,58.052704
0.78049999,54.823666,58.060661
0.78060001,54.831745,58.068623
0.78070003,54.839825,58.076584
0.78079998,54.847904,58.084545
0.7809,54.855984,58.092503
0.78100002,54.864063,58.10046
0.78109998,54.872143,58.108421
0.78119999,54.880219,58.116379
0.78130001,54.888298,58.124336
0.78140002,54.896374,58.132294
0.78149998,54.904453,58.140251
0.7816,54.912529,58.148209
0.78170002,54.920609,58.156162
0.78179997,54.928684,58.16412
0.78189999,54.93676,58.172077
0.78200001,54.944836,58.180031
0.78210002,54.952911,58.187984
0.78219998,54.960987,58.195942
0.7823,54.969063,58.203896
0.78240001,54.977139,58.211849
0.78250003,54.98521,58.219803
0.78259999,54.993286,58.227753
0.7827,55.001358,58.235706
0.78280002,55.009434,58.24366
0.78289998,55.017506,58.25161
0.78299999,55.025578,58.259563
0.78310001,55.033653,58.267513
0.78320003,55.041725,58.275463
0.78329998,55.049797,58.283413
0.7834,55.057869,58.291363
0.78350002,55.065937,58.299313
0.78359997,55.074009,58.307262
0.78369999,55.082081,58.315212
0.78380001,55.090149,58.323162
0.78390002,55.098221,58.331108
0.78399998,55.106289,58.339058
0.7841,55.114357,58.347004
0.78420001,55.122425,58.35495
0.78430003,55.130493,58.362896
0.78439999,55.138561,58.370842
0.7845,55.146629,58.378788
0.78460002,55.154697,58.386734
0.78469998,55.162766,58.39468
0.78479999,55.17083,58.402626
0.78490001,55.178898,58.410568
0.78500003,55.186962,58.418514
0.78509998,55.19503,58.426456
0.7852,55.203094,58.434399
0.78530002,55.211159,58.442341
0.78539997,55.219223,58.450287
0.78549999,55.227287,58.458229
0.78560001,55.235352,58.466167
0.78570002,55.243412,58.47411
0.78579998,55.251476,58.482052
0.7859,55.259541,58.48999
0.78600001,55.267601,58.497932
0.78609997,55.275661,58.505871
0.78619999,55.283722,58.513813
0.7863,55.291786,58.521751
0.78640002,55.299847,58.52969
0.78649998,55.307907,58.537628
0.78659999,55.315964,58.545567
0.78670001,55.324024,58.553501
0.78680003,55.332085,58.56144
0.78689998,55.340141,58.569378
0.787,55.348202,58.577312
0.78710002,55.356258,58.585251
0.78719997,55.364315,58.593185
0.78729999,55.372372,58.60112
0.78740001,55.380428,58.609055
0.78750002,55.388485,58.616989
0.78759998,55.396542,58.624924
0.7877,55.404594,58.632858
0.78780001,55.412651,58.640789
0.78789997,55.420704,58.648724
0.78799999,55.428761,58.656658
0.7881,55.436813,58.664589
0.78820002,55.444866,58.67252
0.78829998,55.452919,58.68045
0.78839999,55.460972,58.688385
0.78850001,55.469025,58.696316
0.78860003,55.477077,58.704243
0.78869998,55.485126,58.712173
0.7888,55.493179,58.720104
0.78890002,55.501228,58.728035
0.78899997,55.509277,58.735962
0.78909999,55.517326,58.743889
0.78920001,55.525375,58.75182
0.78930002,55.533424,58.759747
0.78939998,55.541473,58.767673
0.7895,55.549522,58.7756
0.78960001,55.557571,58.783527
0.78969997,55.565617,58.791454
0.78979999,55.573666,58.799377
0.7899,55.581711,58.807304
0.79000002,55.589756,58.815231
0.79009998,55.597801,58.823154
0.7902,55.605846,58.831078
0.79030001,55.613892,58.839001
0.79040003,55.621937,58.846928
0.79049999,55.629978,58.854851
0.7906,55.638023,58.862774
0.79070002,55.646065,58.870693
0.79079998,55.65411,58.878616
0.79089999,55.662151,58.886539
0.79100001,55.670193,58.894459
0.79110003,55.678234,58.902382
0.79119998,55.686275,58.910301
0.7913,55.694317,58.918221
0.79140002,55.702354,58.92614
0.79149997,55.710396,58.934059
0.79159999,55.718433,58.941978
0.79170001,55.726475,58.949898
0.79180002,55.734512,58.957817
0.79189998,55.74255,58.965733
0.792,55.750587,58.973652
0.79210001,55.758625,58.981567
0.79220003,55.766663,58.989487
0.79229999,55.7747,58.997402
0.7924,55.782734,59.005318
0.79250002,55.790771,59.013233
0.79259998,55.798805,59.021149
0.79269999,55.806843,59.029064
0.79280001,55.814877,59.036976
0.79290003,55.82291,59.044891
0.79299998,55.830944,59.052803
0.7931,55.838978,59.060719
0.79320002,55.847012,59.06863
0.79329997,55.855042,59.076542
0.79339999,55.863075,59.084457
0.79350001,55.871109,59.092369
0.79360002,55.879139,59.100281
0.79369998,55.887169,59.108189
0.7938,55.895199,59.1161
0.79390001,55.903233,59.124012
0.79400003,55.911263,59.13192
0.79409999,55.919289,59.139832
0.7942,55.927319,59.147739
0.79430002,55.935349,59.155647
0.79439998,55.943375,59.163555
0.79449999,55.951405,59.171463
0.79460001,55.959431,59.179371
0.79470003,55.967461,59.187279
0.79479998,55.975487,59.195187
0.7949,55.983513,59.203091
0.79500002,55.991539,59.210999
0.79509997,55.999565,59.218903
0.79519999,56.007591,59.22681
0.79530001,56.015614,59.234715
0.79540002,56.02364,59.242619
0.79549998,56.031666,59.250523
0.7956,56.039688,59.258427
0.79570001,56.04771,59.266331
0.79579997,56.055733,59.274231
0.79589999,56.063759,59.282135
0.796,56.071781,59.290039
0.79610002,56.079803,59.297939
0.79619998,56.087822,59.30584
0.79629999,56.095844,59.313744
0.79640001,56.103867,59.321644
0.79650003,56.111885,59.329544
0.79659998,56.119907,59.337444
0.7967,56.127926,59.345341
0.79680002,56.135948,59.353241
0.79689997,56.143967,59.361141
0.79699999,56.151985,59.369038
0.79710001,56.160004,59.376938
0.79720002,56.168022,59.384834
0.79729998,56.176041,59.392731
0.7974,56.184055,59.400627
0.79750001,56.192074,59.408524
0.79759997,56.200092,59.41642
0.79769999,56.208107,59.424316
0.7978,56.216122,59.432213
0.79790002,56.22414,59.440105
0.79799998,56.232155,59.448002
0.79809999,56.24017,59.455894
0.79820001,56.248184,59.463791
0.79830003,56.256199,59.471684
0.79839998,56.264214,59.479576
0.7985,56.272224,59.487469
0.79860002,56.280239,59.495361
0.79869998,56.288254,59.503254
0.79879999,56.296265,59.511143
0.79890001,56.304276,59.519035
0.79900002,56.31229,59.526924
0.79909998,56.320301,59.534817
0.7992,56.328312,59.542706
0.79930001,56.336323,59.550594
0.79939997,56.344334,59.558483
0.79949999,56.352345,59.566372
0.79960001,56.360355,59.574261
0.79970002,56.368362,59.58215
0.79979998,56.376373,59.590038
0.7999,56.38438,59.597923
0.80000001,56.392391,59.605812
0.80010003,56.400398,59.613697
0.80019999,56.408405,59.621586
0.8003,56.416412,59.629471
0.80040002,56.424419,59.637356
0.80049998,56.432426,59.645241
0.80059999,56.440434,59.653126
0.80070001,56.448441,59.661011
0.80080003,56.456448,59.668892
0.80089998,56.464451,59.676777
0.801,56.472458,59.684658
0.80110002,56.480461,59.692543
0.80119997,56.488468,59.700424
0.80129999,56.496471,59.708305
0.80140001,56.504475,59.716187
0.80150002,56.512478,59.724068
0.80159998,56.520481,59.731949
0.8017,56.528484,59.73983
0.80180001,56.536488,59.747711
0.80190003,56.544491,59.755589
0.80199999,56.55249,59.76347
0.8021,56.560493,59.771347
0.80220002,56.568493,59.779224
0.80229998,56.576496,59.787106
0.80239999,56.584496,59.794983
0.80250001,56.592495,59.80286
0.80260003,56.600494,59.810734
0.80269998,56.608494,59.818611
0.8028,56.616493,59.826488
0.80290002,56.624493,59.834362
0.80299997,56.632492,59.842239
0.80309999,56.640488,59.850113
0.80320001,56.648487,59.85799
0.80330002,56.656483,59.865864
0.80339998,56.664482,59.873737
0.8035,56.672478,59.881611
0.80360001,56.680473,59.889484
0.80369997,56.688469,59.897354
0.80379999,56.696465,59.905228
0.8039,56.70446,59.913101
0.80400002,56.712456,59.920971
0.80409998,56.720451,59.928841
0.80419999,56.728443,59.936714
0.80430001,56.736439,59.944584
0.80440003,56.744431,59.952454
0.80449998,56.752426,59.960323
0.8046,56.760418,59.968193
0.80470002,56.76841,59.976059
0.80479997,56.776402,59.983929
0.80489999,56.784393,59.991798
0.80500001,56.792385,59.999664
0.80510002,56.800377,60.00753
0.80519998,56.808369,60.0154
0.8053,56.816357,60.023266
0.80540001,56.824348,60.031132
0.80549997,56.832336,60.038998
0.80559999,56.840324,60.046864
0.8057,56.848316,60.054726
0.80580002,56.856304,60.062592
0.80589998,56.864292,60.070457
0.80599999,56.87228,60.07832
0.80610001,56.880268,60.086182
0.80620003,56.888252,60.094044
0.80629998,56.89624,60.10191
0.8064,56.904228,60.109772
0.80650002,56.912212,60.117634
0.80659997,56.9202,60.125492
0.80669999,56.928185,60.133354
0.80680001,56.936169,60.141216
0.80690002,56.944153,60.149075
0.80699998,56.952137,60.156937
0.8071,56.960121,60.164795
0.80720001,56.968105,60.172653
0.80729997,56.976086,60.180511
0.80739999,56.98407,60.18837
0.8075,56.992054,60.196228
0.80760002,57.000034,60.204086
0.80769998,57.008015,60.211945
0.80779999,57.015995,60.219799
0.80790001,57.023979,60.227657
0.80800003,57.03196,60.235512
0.80809999,57.03994,60.243366
0.8082,57.047916,60.251225
0.80830002,57.055897,60.259079
0.80839998,57.063877,60.266933
0.80849999,57.071854,60.274788
0.80860001,57.079834,60.282639
0.80870003,57.087811,60.290493
0.80879998,57.095787,60.298347
0.8089,57.103764,60.306198
0.80900002,57.11174,60.314053
0.80909997,57.119717,60.321903
0.80919999,57.127693,60.329754
0.80930001,57.13567,60.337605
0.80940002,57.143642,60.345455
0.80949998,57.151619,60.353306
0.8096,57.159592,60.361156
0.80970001,57.167564,60.369003
0.80980003,57.175541,60.376854
0.80989999,57.183514,60.384701
0.81,57.191486,60.392551
0.81010002,57.199459,60.400398
0.81019998,57.207428,60.408245
0.81029999,57.215401,60.416092
0.81040001,57.223373,60.423939
0.81050003,57.231342,60.431786
0.81059998,57.239315,60.439632
0.8107,57.247284,60.447475
0.81080002,57.255253,60.455322
0.81089997,57.263222,60.463165
0.81099999,57.271191,60.471012
0.81110001,57.27916,60.478855
0.81120002,57.287128,60.486698
0.81129998,57.295094,60.494541
0.8114,57.303062,60.502384
0.81150001,57.311031,60.510227
0.81160003,57.318996,60.51807
0.81169999,57.326962,60.525909
0.8118,57.334927,60.533752
0.81190002,57.342892,60.541592
0.81199998,57.350857,60.549431
0.81209999,57.358822,60.557274
0.81220001,57.366787,60.565113
0.81230003,57.374752,60.572952
0.81239998,57.382713,60.580791
0.8125,57.390678,60.588627
0.81260002,57.39864,60.596466
0.81269997,57.406601,60.604305
0.81279999,57.414562,60.612141
0.81290001,57.422523,60.61998
0.81300002,57.430485,60.627815
0.81309998,57.438446,60.635651
0.8132,57.446407,60.643486
0.81330001,57.454365,60.651321
0.81339997,57.462326,60.659157
0.81349999,57.470284,60.666992
0.8136,57.478245,60.674824
0.81370002,57.486202,60.682659
0.81379998,57.49416,60.690495
0.81389999,57.502117,60.698326
0.81400001,57.510075,60.706158
0.81410003,57.518032,60.713989
0.81419998,57.525986,60.721821
0.8143,57.533943,60.729652
0.81440002,57.541897,60.737484
0.81449997,57.549854,60.745316
0.81459999,57.557808,60.753147
0.81470001,57.565762,60.760975
0.81480002,57.573715,60.768806
0.81489998,57.581669,60.776634
0.815,57.589622,60.784462
0.81510001,57.597576,60.79229
0.81519997,57.60553,60.800117
0.81529999,57.61348,60.807945
0.8154,57.621433,60.815773
0.81550002,57.629383,60.823601
0.81559998,57.637333,60.831425
0.81569999,57.645283,60.839252
0.81580001,57.653233,60.847076
0.81590003,57.661182,60.854904
0.81599998,57.669132,60.862728
0.8161,57.677082,60.870552
0.81620002,57.685032,60.878376
0.81629997,57.692978,60.8862
0.81639999,57.700928,60.894024
0.81650001,57.708874,60.901844
0.81660002,57.71682,60.909668
0.81669998,57.72477,60.917492
0.8168,57.732716,60.925312
0.81690001,57.740662,60.933132
0.81699997,57.748604,60.940952
0.81709999,57.75655,60.948772
0.81720001,57.764496,60.956593
0.81730002,57.772438,60.964413
0.81739998,57.780384,60.972233
0.8175,57.788326,60.980053
0.81760001,57.796268,60.987869
0.81770003,57.804214,60.995689
0.81779999,57.812157,61.003506
0.8179,57.820099,61.011322
0.81800002,57.828037,61.019142
0.81809998,57.835979,61.026958
0.81819999,57.843922,61.034775
0.81830001,57.85186,61.042587
0.81840003,57.859802,61.050404
0.81849998,57.867741,61.05822
0.8186,57.875683,61.066032
0.81870002,57.883621,61.073849
0.81879997,57.89156,61.081661
0.81889999,57.899498,61.089474
0.81900001,57.907436,61.097286
0.81910002,57.915371,61.105099
0.81919998,57.923309,61.112911
0.8193,57.931248,61.120724
0.81940001,57.939182,61.128536
0.81950003,57.947117,61.136349
0.81959999,57.955055,61.144157
0.8197,57.96299,61.151966
0.81980002,57.970924,61.159779
0.81989998,57.978859,61.167587
0.81999999,57.986794,61.175396
0.82010001,57.994728,61.183205
0.82020003,58.002659,61.191013
0.82029998,58.010593,61.198822
0.8204,58.018524,61.206627
0.82050002,58.026459,61.214436
0.82059997,58.034389,61.22224
0.82069999,58.04232,61.230049
0.82080001,58.050251,61.237854
0.82090002,58.058186,61.245659
0.82099998,58.066113,61.253464
0.8211,58.074043,61.261269
0.82120001,58.081974,61.269073
0.82130003,58.089905,61.276878
0.82139999,58.097832,61.284679
0.8215,58.105762,61.292484
0.82160002,58.113689,61.300285
0.82169998,58.121616,61.30809
0.82179999,58.129543,61.315891
0.82190001,58.13747,61.323692
0.82200003,58.145397,61.331493
0.82209998,58.153324,61.339294
0.8222,58.161251,61.347095
0.82230002,58.169174,61.354897
0.82239997,58.177101,61.362694
0.82249999,58.185024,61.370495
0.82260001,58.192951,61.378292
0.82270002,58.200874,61.386089
0.82279998,58.208797,61.39389
0.8229,58.216721,61.401688
0.82300001,58.224644,61.409485
0.82309997,58.232567,61.417282
0.82319999,58.24049,61.425076
0.8233,58.248413,61.432873
0.82340002,58.256332,61.44067
0.82349998,58.264256,61.448463
0.82359999,58.272175,61.456257
0.82370001,58.280094,61.464054
0.82380003,58.288017,61.471848
0.82389998,58.295937,61.479641
0.824,58.303856,61.487434
0.82410002,58.311775,61.495228
0.82419997,58.319691,61.503017
0.82429999,58.32761,61.510811
0.82440001,58.335529,61.518604
0.82450002,58.343445,61.526394
0.82459998,58.351364,61.534184
0.8247,58.35928,61.541977
0.82480001,58.367195,61.549767
0.82489997,58.375111,61.557556
0.82499999,58.383026,61.565346
0.8251,58.390942,61.573132
0.82520002,58.398857,61.580921
0.82529998,58.406773,61.588711
0.82539999,58.414688,61.596497
0.82550001,58.4226,61.604286
0.82560003,58.430515,61.612072
0.82569999,58.438427,61.619858
0.8258,58.446339,61.627644
0.82590002,58.45425,61.635429
0.82599998,58.462162,61.643215
0.82609999,58.470074,61.651001
0.82620001,58.477985,61.658787
0.82630002,58.485897,61.666569
0.82639998,58.493809,61.674355
0.8265,58.501717,61.682137
0.82660002,58.509628,61.689919
0.82669997,58.517536,61.697701
0.82679999,58.525444,61.705482
0.82690001,58.533352,61.713264
0.82700002,58.54126,61.721046
0.82709998,58.549168,61.728828
0.8272,58.557076,61.736607
0.82730001,58.564983,61.744389
0.82740003,58.572891,61.752167
0.82749999,58.580795,61.759949
0.8276,58.588703,61.767727
0.82770002,58.596607,61.775505
0.82779998,58.604511,61.783283
0.82789999,58.612419,61.791061
0.82800001,58.620323,61.79884
0.82810003,58.628227,61.806614
0.82819998,58.636127,61.814392
0.8283,58.644032,61.822166
0.82840002,58.651936,61.829945
0.82849997,58.65984,61.837719
0.82859999,58.66774,61.845493
0.82870001,58.67564,61.853268
0.82880002,58.683544,61.861042
0.82889998,58.691444,61.868816
0.829,58.699345,61.876591
0.82910001,58.707245,61.884365
0.82920003,58.715145,61.892136
0.82929999,58.723045,61.89991
0.8294,58.730942,61.907681
0.82950002,58.738842,61.915451
0.82959998,58.746738,61.923222
0.82969999,58.754639,61.930992
0.82980001,58.762535,61.938763
0.82990003,58.770432,61.946533
0.82999998,58.778328,61.954304
0.8301,58.786224,61.96207
0.83020002,58.794121,61.969841
0.83029997,58.802017,61.977608
0.83039999,58.80991,61.985374
0.83050001,58.817806,61.993145
0.83060002,58.825699,62.000912
0.83069998,58.833595,62.008678
0.8308,58.841488,62.016445
0.83090001,58.84938,62.024208
0.83099997,58.857273,62.031975
0.83109999,58.865166,62.039742
0.8312,58.873058,62.047504
0.83130002,58.880951,62.055267
0.83139998,58.88884,62.063034
0.83149999,58.896732,62.070797
0.83160001,58.904621,62.07856
0.83170003,58.912514,62.086323
0.83179998,58.920403,62.094086
0.8319,58.928291,62.101845
0.83200002,58.93618,62.109608
0.83209997,58.944069,62.117367
0.83219999,58.951958,62.12513
0.83230001,58.959846,62.132889
0.83240002,58.967731,62.140648
0.83249998,58.97562,62.148407
0.8326,58.983505,62.156166
0.83270001,58.991394,62.163925
0.83279997,58.999279,62.171684
0.83289999,59.007164,62.179443
0.833,59.015049,62.187199
0.83310002,59.022934,62.194958
0.83319998,59.030819,62.202713
0.83329999,59.0387,62.210468
0.83340001,59.046585,62.218224
0.83350003,59.054466,62.225983
0.83359998,59.062351,62.233734
0.8337,59.070232,62.241489
0.83380002,59.078114,62.249245
0.83389997,59.085995,62.257
0.83399999,59.093876,62.264751
0.83410001,59.101757,62.272507
0.83420002,59.109638,62.280258
0.83429998,59.117519,62.28801
0.8344,59.125397,62.295761
0.83450001,59.133278,62.303513
0.83459997,59.141155,62.311264
0.83469999,59.149033,62.319016
0.8348,59.156914,62.326767
0.83490002,59.164791,62.334515
0.83499998,59.172668,62.342266
0.8351,59.180542,62.350014
0.83520001,59.188419,62.357761
0.83530003,59.196297,62.365509
0.83539999,59.20417,62.373257
0.8355,59.212048,62.381004
0.83560002,59.219921,62.388752
0.83569998,59.227795,62.3965
0.83579999,59.235668,62.404247
0.83590001,59.243546,62.411991
0.83600003,59.251415,62.419739
0.83609998,59.259289,62.427483
0.8362,59.267162,62.435226
0.83630002,59.275036,62.44297
0.83639997,59.282906,62.450714
0.83649999,59.290779,62.458458
0.83660001,59.298649,62.466202
0.83670002,59.306519,62.473946
0.83679998,59.314388,62.481686
0.8369,59.322258,62.489429
0.83700001,59.330128,62.497169
0.83710003,59.337997,62.50491
0.83719999,59.345867,62.51265
0.8373,59.353733,62.52039
0.83740002,59.361603,62.52813
0.83749998,59.369469,62.53587
0.83759999,59.377335,62.54361
0.83770001,59.385201,62.55135
0.83780003,59.39307,62.559086
0.83789998,59.400936,62.566826
0.838,59.408798,62.574562
0.83810002,59.416664,62.582298
0.83819997,59.42453,62.590034
0.83829999,59.432392,62.597771
0.83840001,59.440258,62.605507
0.83850002,59.44812,62.613243
0.83859998,59.455982,62.620979
0.8387,59.463848,62.628712
0.83880001,59.47171,62.636448
0.83890003,59.479572,62.64418
0.83899999,59.487431,62.651913
0.8391,59.495293,62.659645
0.83920002,59.503155,62.667377
0.83929998,59.511013,62.67511
0.83939999,59.518875,62.682842
0.83950001,59.526733,62.690575
0.83960003,59.534592,62.698307
0.83969998,59.54245,62.706036
0.8398,59.550308,62.713768
0.83990002,59.558167,62.721497
0.83999997,59.566025,62.729225
0.84009999,59.573883,62.736954
0.84020001,59.581741,62.744682
0.84030002,59.589596,62.752411
0.84039998,59.59745,62.760139
0.8405,59.605309,62.767868
0.84060001,59.613163,62.775593
0.84069997,59.621017,62.783321
0.84079999,59.628872,62.791046
0.8409,59.636726,62.798771
0.84100002,59.644581,62.806496
0.84109998,59.652435,62.81422
0.84119999,59.660286,62.821945
0.84130001,59.66814,62.82967
0.84140003,59.675991,62.837395
0.84149998,59.683842,62.845116
0.8416,59.691692,62.85284
0.84170002,59.699547,62.860561
0.84179997,59.707397,62.868286
0.84189999,59.715244,62.876007
0.84200001,59.723095,62.883728
0.84210002,59.730946,62.891449
0.84219998,59.738792,62.89917
0.8423,59.746643,62.906891
0.84240001,59.75449,62.914608
0.84249997,59.762341,62.922329
0.84259999,59.770187,62.930046
0.8427,59.778034,62.937767
0.84280002,59.785881,62.945484
0.84289998,59.793728,62.953201
0.84299999,59.801571,62.960918
0.84310001,59.809418,62.968636
0.84320003,59.817265,62.976353
0.84329998,59.825108,62.98407
0.8434,59.832951,62.991783
0.84350002,59.840797,62.9995
0.84359998,59.84864,63.007214
0.84369999,59.856483,63.014927
0.84380001,59.864326,63.022644
0.84390002,59.872169,63.030357
0.84399998,59.880009,63.038071
0.8441,59.887852,63.045784
0.84420002,59.895695,63.053493
0.84429997,59.903534,63.061207
0.84439999,59.911373,63.06892
0.84450001,59.919216,63.07663
0.84460002,59.927055,63.084339
0.84469998,59.934895,63.092052
0.8448,59.942734,63.099762
0.84490001,59.950573,63.107471
0.84500003,59.958408,63.115181
0.84509999,59.966248,63.122887
0.8452,59.974083,63.130596
0.84530002,59.981922,63.138306
0.84539998,59.989758,63.146011
0.84549999,59.997593,63.153721
0.84560001,60.005432,63.161427
0.84570003,60.013268,63.169132
0.84579998,60.021099,63.176838
0.8459,60.028934,63.184544
0.84600002,60.03677,63.192249
0.84609997,60.044605,63.199955
0.84619999,60.052437,63.207657
0.84630001,60.060268,63.215363
0.84640002,60.068104,63.223064
0.84649998,60.075935,63.23077
0.8466,60.083767,63.238472
0.84670001,60.091599,63.246174
0.84680003,60.09943,63.253876
0.84689999,60.107262,63.261578
0.847,60.115089,63.269279
0.84710002,60.122921,63.276978
0.84719998,60.130749,63.284679
0.84729999,60.13858,63.292377
0.84740001,60.146408,63.300079
0.84750003,60.154236,63.307777
0.84759998,60.162064,63.315475
0.8477,60.169891,63.323174
0.84780002,60.177719,63.330872
0.84789997,60.185547,63.33857
0.84799999,60.193375,63.346268
0.84810001,60.201199,63.353962
0.84820002,60.209026,63.36166
0.84829998,60.21685,63.369354
0.8484,60.224674,63.377052
0.84850001,60.232498,63.384747
0.84859997,60.240326,63.392441
0.84869999,60.248146,63.400135
0.8488,60.25597,63.407829
0.84890002,60.263794,63.415524
0.84899998,60.271618,63.423214
0.84909999,60.279438,63.430908
0.84920001,60.287262,63.438599
0.84930003,60.295082,63.446293
0.84939998,60.302902,63.453983
0.8495,60.310722,63.461674
0.84960002,60.318542,63.469364
0.84969997,60.326363,63.477055
0.84979999,60.334183,63.484745
0.84990001,60.342003,63.492432
0.85000002,60.349819,63.500122
0.85009998,60.357639,63.507812
0.8502,60.365456,63.515499
0.85030001,60.373276,63.523186
0.85039997,60.381092,63.530872
0.85049999,60.388908,63.538559
0.8506,60.396725,63.546246
0.85070002,60.404541,63.553932
0.85079998,60.412357,63.561619
0.85089999,60.42017,63.569305
0.85100001,60.427986,63.576988
0.85110003,60.435799,63.584675
0.85119998,60.443615,63.592358
0.8513,60.451427,63.60004
0.85140002,60.45924,63.607723
0.85149997,60.467052,63.615406
0.85159999,60.474865,63.623089
0.85170001,60.482677,63.630772
0.85180002,60.49049,63.638454
0.85189998,60.498299,63.646133
0.852,60.506111,63.653816
0.85210001,60.51392,63.661495
0.85219997,60.521732,63.669174
0.85229999,60.529541,63.676853
0.8524,60.53735,63.684532
0.85250002,60.545158,63.692211
0.85259998,60.552967,63.69989
0.8527,60.560776,63.707569
0.85280001,60.568584,63.715248
0.85290003,60.576389,63.722923
0.85299999,60.584198,63.730598
0.8531,60.592003,63.738277
0.85320002,60.599808,63.745953
0.85329998,60.607616,63.753628
0.85339999,60.615421,63.761303
0.85350001,60.623226,63.768978
0.85360003,60.631031,63.776653
0.85369998,60.638832,63.784325
0.8538,60.646637,63.792
0.85390002,60.654442,63.799671
0.85399997,60.662243,63.807346
0.85409999,60.670044,63.815018
0.85420001,60.677849,63.822689
0.85430002,60.68565,63.83036
0.85439998,60.693451,63.838032
0.8545,60.701252,63.845703
0.85460001,60.709053,63.853371
0.85470003,60.71685,63.861042
0.85479999,60.724651,63.86871
0.8549,60.732452,63.876381
0.85500002,60.74025,63.884048
0.85509998,60.748047,63.891716
0.85519999,60.755848,63.899384
0.85530001,60.763645,63.907051
0.85540003,60.771442,63.914719
0.85549998,60.77924,63.922386
0.8556,60.787033,63.93005
0.85570002,60.79483,63.937717
0.85579997,60.802628,63.945381
0.85589999,60.810421,63.953045
0.85600001,60.818214,63.960712
0.85610002,60.826012,63.968376
0.85619998,60.833805,63.97604
0.8563,60.841599,63.983704
0.85640001,60.849392,63.991364
0.85650003,60.857185,63.999027
0.85659999,60.864979,64.006691
0.8567,60.872768,64.014351
0.85680002,60.880562,64.022011
0.85689998,60.888351,64.029671
0.85699999,60.896141,64.037331
0.85710001,60.903934,64.044991
0.85720003,60.911724,64.05265
0.85729998,60.919514,64.06031
0.8574,60.927303,64.06797
0.85750002,60.935093,64.07563
0.85759997,60.942879,64.08329
0.85769999,60.950668,64.090942
0.85780001,60.958454,64.098602
0.85790002,60.966244,64.106255
0.85799998,60.97403,64.113914
0.8581,60.981815,64.121567
0.85820001,60.989601,64.129227
0.85829997,60.997387,64.136879
0.85839999,61.005173,64.144531
0.8585,61.012959,64.152191
0.85860002,61.020741,64.159843
0.85869998,61.028526,64.167496
0.85879999,61.036308,64.175148
0.85890001,61.044094,64.1828
0.85900003,61.051876,64.190453
0.85909998,61.059658,64.198105
0.8592,61.06744,64.205757
0.85930002,61.075222,64.213409
0.85939997,61.083004,64.221062
0.85949999,61.090786,64.228706
0.85960001,61.098564,64.236359
0.85970002,61.106346,64.244011
0.85979998,61.114124,64.251656
0.8599,61.121902,64.259308
0.86000001,61.129684,64.266953
0.86009997,61.137463,64.274597
0.86019999,61.145241,64.282249
0.8603,61.153015,64.289894
0.86040002,61.160793,64.297539
0.86049998,61.168571,64.305191
0.86059999,61.176346,64.312836
0.86070001,61.184124,64.32048
0.86080003,61.191898,64.328125
0.86089998,61.199673,64.33577
0.861,61.207451,64.343414
0.86110002,61.215225,64.351051
0.86119998,61.223,64.358696
0.86129999,61.23077,64.366341
0.86140001,61.238544,64.373985
0.86150002,61.246319,64.381622
0.86159998,61.254089,64.389267
0.8617,61.261864,64.396904
0.86180001,61.269634,64.404549
0.86189997,61.277405,64.412186
0.86199999,61.285175,64.41983
0.86210001,61.292946,64.427467
0.86220002,61.300716,64.435104
0.86229998,61.308487,64.442741
0.8624,61.316254,64.450386
0.86250001,61.324024,64.458023
0.86260003,61.331795,64.46566
0.86269999,61.339561,64.473297
0.8628,61.347328,64.480934
0.86290002,61.355095,64.488571
0.86299998,61.362862,64.496201
0.86309999,61.370628,64.503838
0.86320001,61.378395,64.511475
0.86330003,61.386162,64.519112
0.86339998,61.393925,64.526741
0.8635,61.401691,64.534378
0.86360002,61.409454,64.542007
0.86369997,61.417221,64.549644
0.86379999,61.424984,64.557274
0.86390001,61.432747,64.564903
0.86400002,61.44051,64.57254
0.86409998,61.448273,64.58017
0.8642,61.456036,64.587799
0.86430001,61.463795,64.595428
0.86440003,61.471558,64.603058
0.86449999,61.479317,64.610687
0.8646,61.48708,64.618317
0.86470002,61.494839,64.625946
0.86479998,61.502598,64.633575
0.86489999,61.510357,64.641205
0.86500001,61.518116,64.648834
0.86510003,61.525875,64.656456
0.86519998,61.533634,64.664085
0.8653,61.541389,64.671715
0.86540002,61.549149,64.679337
0.86549997,61.556904,64.686966
0.86559999,61.564659,64.694588
0.86570001,61.572418,64.702209
0.86580002,61.580173,64.709839
0.86589998,61.587929,64.717461
0.866,61.595684,64.725082
0.86610001,61.603436,64.732704
0.86619997,61.611191,64.740326
0.86629999,61.618946,64.747955
0.8664,61.626698,64.755577
0.86650002,61.634449,64.763191
0.86659998,61.642204,64.770813
0.86669999,61.649956,64.778435
0.86680001,61.657707,64.786057
0.86690003,61.665459,64.793678
0.86699998,61.67321,64.801292
0.8671,61.680958,64.808914
0.86720002,61.688709,64.816536
0.86729997,61.696461,64.82415
0.86739999,61.704208,64.831764
0.86750001,61.711956,64.839386
0.86760002,61.719707,64.847
0.86769998,61.727455,64.854622
0.8678,61.735203,64.862236
0.86790001,61.74295,64.86985
0.86799997,61.750694,64.877464
0.86809999,61.758442,64.885078
0.8682,61.76619,64.892693
0.86830002,61.773933,64.900307
0.86839998,61.781677,64.907921
0.86849999,61.789425,64.915535
0.86860001,61.797169,64.923149
0.86870003,61.804913,64.930756
0.86879998,61.812656,64.93837
0.8689,61.8204,64.945984
0.86900002,61.82814,64.95359
0.86909997,61.835884,64.961205
0.86919999,61.843628,64.968811
0.86930001,61.851368,64.976425
0.86940002,61.859108,64.984032
0.86949998,61.866848,64.991638
0.8696,61.874592,64.999252
0.86970001,61.882332,65.006859
0.86979997,61.890068,65.014465
0.86989999,61.897808,65.022072
0.87,61.905548,65.029678
0.87010002,61.913288,65.037285
0.87019998,61.921024,65.044891
0.87029999,61.928761,65.052498
0.87040001,61.936501,65.060104
0.87050003,61.944237,65.067711
0.87059999,61.951973,65.07531
0.8707,61.959709,65.082916
0.87080002,61.967445,65.090523
0.87089998,61.975178,65.098122
0.87099999,61.982914,65.105728
0.87110001,61.990646,65.113327
0.87120003,61.998383,65.120934
0.87129998,62.006115,65.128532
0.8714,62.013847,65.136131
0.87150002,62.02158,65.14373
0.87159997,62.029312,65.151337
0.87169999,62.037045,65.158936
0.87180001,62.044777,65.166534
0.87190002,62.052509,65.174133
0.87199998,62.060238,65.181732
0.8721,62.06797,65.189331
0.87220001,62.075699,65.196922
0.87230003,62.083427,65.204521
0.87239999,62.09116,65.21212
0.8725,62.098888,65.219719
0.87260002,62.106617,65.22731
0.87269998,62.114342,65.234909
0.87279999,62.12207,65.2425
0.87290001,62.129799,65.250099
0.87300003,62.137524,65.25769
0.87309998,62.145252,65.265289
0.8732,62.152977,65.272881
0.87330002,62.160702,65.280472
0.87339997,62.168427,65.288063
0.87349999,62.176151,65.295662
0.87360001,62.183876,65.303253
0.87370002,62.191601,65.310844
0.87379998,62.199322,65.318436
0.8739,62.207047,65.326027
0.87400001,62.214767,65.333611
0.87410003,62.222492,65.341202
0.87419999,62.230213,65.348793
0.8743,62.237934,65.356384
0.87440002,62.245655,65.363968
0.87449998,62.253376,65.371559
0.87459999,62.261097,65.379143
0.87470001,62.268818,65.386734
0.87480003,62.276535,65.394318
0.87489998,62.284256,65.401909
0.875,62.291973,65.409492
0.87510002,62.29969,65.417076
0.87519997,62.307407,65.424667
0.87529999,62.315125,65.432251
0.87540001,62.322842,65.439835
0.87550002,62.330559,65.447418
0.87559998,62.338276,65.455002
0.8757,62.345993,65.462585
0.87580001,62.353706,65.470169
0.87589997,62.361423,65.477753
0.87599999,62.369137,65.485329
0.8761,62.37685,65.492912
0.87620002,62.384563,65.500496
0.87629998,62.392277,65.508072
0.87639999,62.39999,65.515656
0.87650001,62.407703,65.523232
0.87660003,62.415417,65.530815
0.87669998,62.423126,65.538391
0.8768,62.43084,65.545975
0.87690002,62.438549,65.553551
0.87699997,62.446259,65.561127
0.87709999,62.453968,65.568703
0.87720001,62.461678,65.576279
0.87730002,62.469387,65.583862
0.87739998,62.477097,65.591438
0.8775,62.484806,65.599007
0.87760001,62.492512,65.606583
0.87769997,62.500221,65.614159
0.87779999,62.507927,65.621735
0.8779,62.515636,65.629311
0.87800002,62.523342,65.636879
0.87809998,62.531048,65.644455
0.87819999,62.538754,65.652031
0.87830001,62.546459,65.659599
0.87840003,62.554165,65.667175
0.87849998,62.561867,65.674744
0.8786,62.569572,65.682312
0.87870002,62.577274,65.689888
0.87879997,62.584976,65.697456
0.87889999,62.592682,65.705025
0.87900001,62.600384,65.712593
0.87910002,62.608086,65.720161
0.87919998,62.615788,65.72773
0.8793,62.623486,65.735298
0.87940001,62.631187,65.742867
0.87949997,62.638889,65.750435
0.87959999,62.646587,65.758003
0.87970001,62.654289,65.765572
0.87980002,62.661987,65.77314
0.87989998,62.669685,65.780701
0.88,62.677383,65.788269
0.88010001,62.685081,65.79583
0.88020003,62.69278,65.803398
0.88029999,62.700478,65.810959
0.8804,62.708172,65.818527
0.88050002,62.71587,65.826088
0.88059998,62.723564,65.833649
0.88069999,62.731258,65.841209
0.88080001,62.738953,65.848778
0.88090003,62.746651,65.856339
0.88099998,62.754345,65.863899
0.8811,62.762035,65.87146
0.88120002,62.76973,65.879021
0.88129997,62.777424,65.886581
0.88139999,62.785114,65.894135
0.88150001,62.792809,65.901695
0.88160002,62.800499,65.909256
0.88169998,62.808189,65.916817
0.8818,62.81588,65.92437
0.88190001,62.82357,65.931931
0.88200003,62.831261,65.939484
0.88209999,62.838951,65.947044
0.8822,62.846642,65.954597
0.88230002,62.854328,65.962151
0.88239998,62.862019,65.969711
0.88249999,62.869705,65.977264
0.88260001,62.877396,65.984818
0.88270003,62.885082,65.992371
0.88279998,62.892769,65.999924
0.8829,62.900455,66.007477
0.88300002,62.908138,66.01503
0.88309997,62.915825,66.022583
0.88319999,62.923512,66.030136
0.88330001,62.931194,66.037689
0.88340002,62.938881,66.045235
0.88349998,62.946564,66.052788
0.8836,62.954247,66.060341
0.88370001,62.961929,66.067886
0.88380003,62.969612,66.075439
0.88389999,62.977295,66.082985
0.884,62.984978,66.090538
0.88410002,62.992657,66.098083
0.88419998,63.00034,66.105629
0.88429999,63.008018,66.113182
0.88440001,63.015701,66.120728
0.88450003,63.02338,66.128273
0.88459998,63.031059,66.135818
0.8847,63.038738,66.143364
0.88480002,63.046417,66.150909
0.88489997,63.054096,66.158455
0.88499999,63.061771,66.166
0.88510001,63.06945,66.173538
0.88520002,63.077126,66.181084
0.88529998,63.084805,66.188629
0.8854,63.09248,66.196175
0.88550001,63.100155,66.203712
0.88559997,63.10783,66.211258
0.88569999,63.115505,66.218796
0.8858,63.12318,66.226341
0.88590002,63.130856,66.233879
0.88599998,63.138527,66.241417
0.88609999,63.146202,66.248955
0.88620001,63.153873,66.2565
0.88630003,63.161549,66.264038
0.88639998,63.16922,66.271576
0.8865,63.176891,66.279114
0.88660002,63.184563,66.286652
0.88669997,63.192234,66.294189
0.88679999,63.199902,66.301727
0.88690001,63.207573,66.309258
0.88700002,63.21524,66.316795
0.88709998,63.222912,66.324333
0.8872,63.230579,66.331871
0.88730001,63.238247,66.339401
0.88739997,63.245918,66.346939
0.88749999,63.253586,66.354469
0.8876,63.26125,66.362007
0.88770002,63.268917,66.369537
0.88779998,63.276585,66.377068
0.88789999,63.284248,66.384605
0.88800001,63.291916,66.392136
0.88810003,63.29958,66.399666
0.88819999,63.307243,66.407196
0.8883,63.314911,66.414726
0.88840002,63.322575,66.422256
0.88849998,63.330238,66.429787
0.88859999,63.337898,66.437317
0.88870001,63.345562,66.444847
0.88880002,63.353226,66.45237
0.88889998,63.360886,66.4599
0.889,63.368549,66.46743
0.88910002,63.376209,66.474953
0.88919997,63.383869,66.482483
0.88929999,63.391529,66.490005
0.88940001,63.399189,66.497536
0.88950002,63.406849,66.505058
0.88959998,63.414509,66.512589
0.8897,63.422165,66.520111
0.88980001,63.429825,66.527634
0.88990003,63.437481,66.535156
0.88999999,63.445137,66.542679
0.8901,63.452797,66.550201
0.89020002,63.460453,66.557724
0.89029998,63.468109,66.565247
0.89039999,63.475761,66.572769
0.89050001,63.483418,66.580292
0.89060003,63.491074,66.587814
0.89069998,63.498726,66.595329
0.8908,63.506382,66.602852
0.89090002,63.514034,66.610374
0.89099997,63.521687,66.617889
0.89109999,63.529343,66.625412
0.89120001,63.536995,66.632927
0.89130002,63.544643,66.64045
0.89139998,63.552296,66.647964
0.8915,63.559948,66.655479
0.89160001,63.567596,66.662994
0.89170003,63.575249,66.670517
0.89179999,63.582897,66.678032
0.8919,63.590549,66.685547
0.89200002,63.598198,66.693062
0.89209998,63.605846,66.700577
0.89219999,63.613495,66.708092
0.89230001,63.62114,66.715599
0.89240003,63.628788,66.723114
0.89249998,63.636436,66.730629
0.8926,63.644081,66.738144
0.89270002,63.65173,66.745651
0.89279997,63.659374,66.753166
0.89289999,63.667019,66.760674
0.89300001,63.674664,66.768188
0.89310002,63.682308,66.775696
0.89319998,63.689953,66.783203
0.8933,63.697598,66.790718
0.89340001,63.705238,66.798225
0.89349997,63.712883,66.805733
0.89359999,63.720524,66.81324
0.8937,63.728168,66.820747
0.89380002,63.735809,66.828255
0.89389998,63.74345,66.835762
0.89399999,63.751091,66.843269
0.89410001,63.758732,66.850777
0.89420003,63.766369,66.858284
0.89429998,63.77401,66.865784
0.8944,63.781651,66.873291
0.89450002,63.789288,66.880798
0.89459997,63.796925,66.888298
0.89469999,63.804565,66.895805
0.89480001,63.812202,66.903305
0.89490002,63.819839,66.910812
0.89499998,63.827477,66.918312
0.8951,63.83511,66.925812
0.89520001,63.842747,66.933319
0.89529997,63.850384,66.940819
0.89539999,63.858017,66.948318
0.8955,63.86565,66.955818
0.89560002,63.873287,66.963318
0.89569998,63.88092,66.970818
0.89579999,63.888554,66.978317
0.89590001,63.896187,66.985817
0.89600003,63.90382,66.993309
0.89609998,63.911449,67.000809
0.8962,63.919083,67.008308
0.89630002,63.926712,67.0158
0.89639997,63.934345,67.0233
0.89649999,63.941975,67.0308
0.89660001,63.949604,67.038292
0.89670002,63.957233,67.045784
0.89679998,63.964863,67.053284
0.8969,63.972492,67.060776
0.89700001,63.980122,67.068268
0.89709997,63.987747,67.07576
0.89719999,63.995377,67.08326
0.8973,64.003006,67.090752
0.89740002,64.010628,67.098244
0.89749998,64.018257,67.105736
0.8976,64.025879,67.113228
0.89770001,64.033508,67.120712
0.89780003,64.04113,67.128204
0.89789999,64.048759,67.135696
0.898,64.056381,67.143188
0.89810002,64.064003,67.150673
0.89819998,64.071625,67.158165
0.89829999,64.079254,67.165649
0.89840001,64.086876,67.173141
0.89850003,64.094498,67.180626
0.89859998,64.102119,67.18811
0.8987,64.109741,67.195602
0.89880002,64.117363,67.203087
0.89889997,64.124977,67.210571
0.89899999,64.132599,67.218056
0.89910001,64.140221,67.22554
0.89920002,64.147842,67.233025
0.89929998,64.155457,67.240509
0.8994,64.163078,67.247993
0.89950001,64.170692,67.255478
0.89960003,64.178314,67.262962
0.89969999,64.185928,67.270447
0.8998,64.193542,67.277924
0.89990002,64.201164,67.285408
0.89999998,64.208778,67.292892
0.90009999,64.216393,67.300369
0.90020001,64.224007,67.307854
0.90030003,64.231621,67.315331
0.90039998,64.239235,67.322807
0.9005,64.246849,67.330292
0.90060002,64.254463,67.337769
0.90069997,64.262077,67.345245
0.90079999,64.269691,67.352722
0.90090001,64.277298,67.360199
0.90100002,64.284912,67.367676
0.90109998,64.292526,67.375153
0.9012,64.300133,67.382629
0.90130001,64.307747,67.390106
0.90140003,64.315353,67.397583
0.90149999,64.322968,67.405052
0.9016,64.330574,67.412529
0.90170002,64.338181,67.420006
0.90179998,64.345795,67.427475
0.90189999,64.353401,67.434952
0.90200001,64.361008,67.442421
0.90210003,64.368614,67.449898
0.90219998,64.376221,67.457367
0.9023,64.383827,67.464836
0.90240002,64.391434,67.472313
0.90249997,64.39904,67.479782
0.90259999,64.406647,67.487251
0.90270001,64.414246,67.49472
0.90280002,64.421852,67.50219
0.90289998,64.429459,67.509659
0.903,64.437057,67.517128
0.90310001,64.444664,67.524597
0.90319997,64.452263,67.532059
0.90329999,64.459869,67.539528
0.9034,64.467468,67.546997
0.90350002,64.475067,67.554466
0.90359998,64.482674,67.561928
0.90369999,64.490273,67.569397
0.90380001,64.497871,67.576859
0.90390003,64.50547,67.58432
0.90399998,64.513069,67.591789
0.9041,64.520668,67.599251
0.90420002,64.528267,67.606712
0.90429997,64.535866,67.614182
0.90439999,64.543465,67.621643
0.90450001,64.551064,67.629105
0.90460002,64.558655,67.636566
0.90469998,64.566254,67.644028
0.9048,64.573853,67.651489
0.90490001,64.581444,67.658943
0.90499997,64.589043,67.666405
0.90509999,64.596634,67.673866
0.9052,64.604225,67.681328
0.90530002,64.611824,67.688782
0.90539998,64.619415,67.696243
0.90549999,64.627007,67.703697
0.90560001,64.634598,67.711159
0.90570003,64.642197,67.718613
0.90579998,64.649788,67.726074
0.9059,64.657379,67.733528
0.90600002,64.66497,67.740982
0.90609998,64.672562,67.748436
0.90619999,64.680145,67.75589
0.90630001,64.687737,67.763344
0.90640002,64.695328,67.770798
0.90649998,64.702919,67.778252
0.9066,64.710503,67.785706
0.90670002,64.718094,67.793159
0.90679997,64.725677,67.800613
0.90689999,64.733269,67.808067
0.90700001,64.740852,67.815514
0.90710002,64.748436,67.822968
0.90719998,64.756027,67.830421
0.9073,64.763611,67.837868
0.90740001,64.771194,67.845322
0.90750003,64.778778,67.852768
0.90759999,64.786362,67.860214
0.9077,64.793945,67.867668
0.90780002,64.801529,67.875114
0.90789998,64.809113,67.882561
0.90799999,64.816696,67.890007
0.90810001,64.82428,67.897453
0.90820003,64.831863,67.9049
0.90829998,64.839439,67.912346
0.9084,64.847023,67.919792
0.90850002,64.854607,67.927238
0.90859997,64.862183,67.934685
0.90869999,64.869766,67.942123
0.90880001,64.877342,67.94957
0.90890002,64.884918,67.957016
0.90899998,64.892502,67.964455
0.9091,64.900078,67.971901
0.90920001,64.907654,67.97934
0.90930003,64.91523,67.986786
0.90939999,64.922806,67.994225
0.9095,64.930382,68.001663
0.90960002,64.937958,68.009102
0.90969998,64.945534,68.016548
0.90979999,64.95311,68.023987
0.90990001,64.960686,68.031425
0.91000003,64.968262,68.038864
0.91009998,64.97583,68.046303
0.9102,64.983406,68.053741
0.91030002,64.990982,68.061172
0.91039997,64.99855,68.068611
0.91049999,65.006126,68.07605
0.91060001,65.013695,68.083488
0.91070002,65.021263,68.090919
0.91079998,65.028839,68.098358
0.9109,65.036407,68.105789
0.91100001,65.043976,68.113228
0.91109997,65.051544,68.120659
0.91119999,65.059113,68.12809
0.9113,65.066681,68.135529
0.91140002,65.074249,68.14296
0.91149998,65.081818,68.150391
0.91159999,65.089386,68.157822
0.91170001,65.096954,68.165253
0.91180003,65.104523,68.172684
0.91189998,65.112091,68.180115
0.912,65.119652,68.187546
0.91210002,65.12722,68.194977
0.91219997,65.134781,68.202408
0.91229999,65.142349,68.209831
0.91240001,65.14991,68.217262
0.91250002,65.157478,68.224693
0.91259998,65.165039,68.232117
0.9127,65.1726,68.239548
0.91280001,65.180161,68.246971
0.91289997,65.187729,68.254395
0.91299999,65.19529,68.261826
0.9131,65.20285,68.269249
0.91320002,65.210411,68.276672
0.91329998,65.217972,68.284096
0.91339999,65.225533,68.291519
0.91350001,65.233086,68.29895
0.91360003,65.240646,68.306374
0.91369998,65.248207,68.313789
0.9138,65.255768,68.321213
0.91390002,65.263321,68.328636
0.91399997,65.270882,68.33606
0.91409999,65.278435,68.343483
0.91420001,65.285995,68.350899
0.91430002,65.293549,68.358322
0.91439998,65.301102,68.365738
0.9145,65.308662,68.373161
0.91460001,65.316216,68.380577
0.91469997,65.323769,68.388
0.91479999,65.331322,68.395416
0.9149,65.338875,68.402832
0.91500002,65.346428,68.410248
0.91509998,65.353981,68.417671
0.9152,65.361534,68.425087
0.91530001,65.369087,68.432503
0.91540003,65.37664,68.439919
0.91549999,65.384186,68.447334
0.9156,65.391739,68.45475
0.91570002,65.399292,68.462158
0.91579998,65.406837,68.469574
0.91589999,65.414391,68.47699
0.91600001,65.421936,68.484398
0.91610003,65.429489,68.491814
0.91619998,65.437035,68.499229
0.9163,65.44458,68.506638
0.91640002,65.452126,68.514046
0.91649997,65.459679,68.521461
0.91659999,65.467224,68.52887
0.91670001,65.47477,68.536278
0.91680002,65.482315,68.543694
0.91689998,65.489861,68.551102
0.917,65.497406,68.55851
0.91710001,65.504944,68.565918
0.91720003,65.512489,68.573326
0.91729999,65.520035,68.580734
0.9174,65.52758,68.588142
0.91750002,65.535118,68.595543
0.91759998,65.542664,68.602951
0.91769999,65.550201,68.610359
0.91780001,65.557747,68.61776
0.91790003,65.565285,68.625168
0.91799998,65.57283,68.632568
0.9181,65.580368,68.639977
0.91820002,65.587906,68.647377
0.91829997,65.595444,68.654785
0.91839999,65.602982,68.662186
0.91850001,65.610519,68.669586
0.91860002,65.618057,68.676987
0.91869998,65.625595,68.684395
0.9188,65.633133,68.691795
0.91890001,65.640671,68.699196
0.91900003,65.648209,68.706596
0.91909999,65.655746,68.713989
0.9192,65.663277,68.72139
0.91930002,65.670815,68.72879
0.91939998,65.678352,68.736191
0.91949999,65.685883,68.743591
0.91960001,65.69342,68.750984
0.91970003,65.700951,68.758385
0.91979998,65.708481,68.765778
0.9199,65.716019,68.773178
0.92000002,65.723549,68.780571
0.92009997,65.731079,68.787964
0.92019999,65.738609,68.795364
0.92030001,65.74614,68.802757
0.92040002,65.75367,68.81015
0.92049998,65.7612,68.817543
0.9206,65.76873,68.824936
0.92070001,65.77626,68.832329
0.92079997,65.783791,68.839722
0.92089999,65.791313,68.847115
0.921,65.798843,68.854507
0.92110002,65.806374,68.8619
0.92119998,65.813896,68.869286
0.92129999,65.821426,68.876678
0.92140001,65.828949,68.884071
0.92150003,65.836479,68.891457
0.92159998,65.844002,68.898849
0.9217,65.851524,68.906235
0.92180002,65.859055,68.913628
0.92189997,65.866577,68.921013
0.92199999,65.8741,68.928398
0.92210001,65.881622,68.935783
0.92220002,65.889145,68.943176
0.92229998,65.896667,68.950562
0.9224,65.90419,68.957947
0.92250001,65.911713,68.965332
0.92259997,65.919235,68.972717
0.92269999,65.92675,68.980103
0.9228,65.934273,68.98748
0.92290002,65.941795,68.994865
0.92299998,65.94931,69.002251
0.92309999,65.956833,69.009628
0.92320001,65.964348,69.017014
0.92330003,65.97187,69.024399
0.92339998,65.979385,69.031776
0.9235,65.9869,69.039162
0.92360002,65.994415,69.046539
0.92369998,66.001938,69.053917
0.92379999,66.009453,69.061295
0.92390001,66.016968,69.06868
0.92400002,66.024483,69.076057
0.92409998,66.031998,69.083435
0.9242,66.039513,69.090813
0.92430001,66.047028,69.09819
0.92439997,66.054535,69.105568
0.92449999,66.06205,69.112946
0.92460001,66.069565,69.120316
0.92470002,66.077072,69.127693
0.92479998,66.084587,69.135071
0.9249,66.092094,69.142448
0.92500001,66.099609,69.149818
0.92510003,66.107117,69.157196
0.92519999,66.114632,69.164566
0.9253,66.122139,69.171944
0.92540002,66.129646,69.179314
0.92549998,66.137154,69.186684
0.92559999,66.144669,69.194054
0.92570001,66.152176,69.201431
0.92580003,66.159683,69.208801
0.92589998,66.167191,69.216171
0.926,66.17469,69.223541
0.92610002,66.182198,69.230911
0.92619997,66.189705,69.238281
0.92629999,66.197212,69.245651
0.92640001,66.20472,69.253014
0.92650002,66.212219,69.260384
0.92659998,66.219727,69.267754
0.9267,66.227226,69.275116
0.92680001,66.234734,69.282486
0.92690003,66.242233,69.289848
0.92699999,66.249733,69.297218
0.9271,66.25724,69.304581
0.92720002,66.26474,69.311951
0.92729998,66.27224,69.319313
0.92739999,66.279739,69.326675
0.92750001,66.287239,69.334038
0.92760003,66.294739,69.3414
0.92769998,66.302238,69.34877
0.9278,66.309738,69.356133
0.92790002,66.317238,69.363487
0.92799997,66.324738,69.37085
0.92809999,66.332237,69.378212
0.92820001,66.339729,69.385574
0.92830002,66.347229,69.392937
0.92839998,66.354721,69.400291
0.9285,66.362221,69.407654
0.92860001,66.369713,69.415016
0.92869997,66.377213,69.422371
0.92879999,66.384705,69.429726
0.9289,66.392197,69.437088
0.92900002,66.399696,69.444443
0.92909998,66.407188,69.451797
0.92919999,66.41468,69.45916
0.92930001,66.422173,69.466515
0.92940003,66.429665,69.473869
0.92949998,66.437157,69.481224
0.9296,66.444649,69.488579
0.92970002,66.452141,69.495934
0.92979997,66.459633,69.503288
0.92989999,66.467117,69.510643
0.93000001,66.474609,69.51799
0.93010002,66.482101,69.525345
0.93019998,66.489586,69.5327
0.9303,66.497078,69.540047
0.93040001,66.504562,69.547401
0.93049997,66.512054,69.554749
0.93059999,66.519539,69.562103
0.9307,66.527023,69.56945
0.93080002,66.534508,69.576797
0.93089998,66.542,69.584152
0.93099999,66.549484,69.591499
0.93110001,66.556969,69.598846
0.93120003,66.564453,69.606194
0.93129998,66.571938,69.613541
0.9314,66.579422,69.620888
0.93150002,66.586899,69.628235
0.93159997,66.594383,69.635582
0.93169999,66.601868,69.642929
0.93180001,66.609352,69.650269
0.93190002,66.616829,69.657616
0.93199998,66.624313,69.664963
0.9321,66.63179,69.672302
0.93220001,66.639275,69.679649
0.93229997,66.646751,69.686989
0.93239999,66.654228,69.694336
0.9325,66.661713,69.701675
0.93260002,66.669189,69.709015
0.93269998,66.676666,69.716354
0.93279999,66.684143,69.723701
0.93290001,66.69162,69.731041
0.93300003,66.699097,69.73838
0.93309999,66.706573,69.74572
0.9332,66.71405,69.753059
0.93330002,66.721527,69.760399
0.93339998,66.729004,69.767731
0.93349999,66.736473,69.77507
0.93360001,66.74395,69.78241
0.93370003,66.751427,69.789749
0.93379998,66.758896,69.797081
0.9339,66.766373,69.80442
0.93400002,66.773842,69.811752
0.93409997,66.781319,69.819092
0.93419999,66.788788,69.826424
0.93430001,66.796257,69.833755
0.93440002,66.803726,69.841095
0.93449998,66.811195,69.848427
0.9346,66.818672,69.855759
0.93470001,66.826141,69.863091
0.93480003,66.833611,69.870422
0.93489999,66.84108,69.877754
0.935,66.848541,69.885086
0.93510002,66.85601,69.892418
0.93519998,66.86348,69.89975
0.93529999,66.870949,69.907074
0.93540001,66.87841,69.914406
0.93550003,66.88588,69.921738
0.93559998,66.893349,69.929062
0.9357,66.90081,69.936394
0.93580002,66.908272,69.943718
0.93589997,66.915741,69.95105
0.93599999,66.923203,69.958374
0.93610001,66.930664,69.965706
0.93620002,66.938133,69.97303
0.93629998,66.945595,69.980354
0.9364,66.953056,69.987679
0.93650001,66.960518,69.995003
0.93660003,66.967979,70.002327
0.93669999,66.975441,70.009651
0.9368,66.982903,70.016975
0.93690002,66.990356,70.0243
0.93699998,66.997818,70.031624
0.93709999,67.00528,70.03894
0.93720001,67.012741,70.046265
0.93730003,67.020195,70.053589
0.93739998,67.027657,70.060905
0.9375,67.03511,70.06823
0.93760002,67.042572,70.075546
0.93769997,67.050026,70.08287
0.93779999,67.05748,70.090187
0.93790001,67.064934,70.097504
0.93800002,67.072395,70.10482
0.93809998,67.079849,70.112144
0.9382,67.087303,70.119461
0.93830001,67.094757,70.126778
0.93839997,67.102211,70.134094
0.93849999,67.109665,70.141411
0.9386,67.117119,70.148727
0.93870002,67.124565,70.156036
0.93879998,67.132019,70.163353
0.93889999,67.139473,70.17067
0.93900001,67.146927,70.177986
0.93910003,67.154373,70.185295
0.93919998,67.161827,70.192612
0.9393,67.169273,70.199921
0.93940002,67.176727,70.207237
0.93949997,67.184174,70.214546
0.93959999,67.19162,70.221855
0.93970001,67.199066,70.229172
0.93980002,67.20652,70.236481
0.93989998,67.213966,70.24379
0.94,67.221413,70.251099
0.94010001,67.228859,70.258408
0.94019997,67.236305,70.265717
0.94029999,67.243752,70.273026
0.9404,67.251198,70.280334
0.94050002,67.258636,70.287643
0.94059998,67.266083,70.294945
0.94069999,67.273529,70.302254
0.94080001,67.280968,70.309563
0.94090003,67.288414,70.316864
0.94099998,67.295853,70.324173
0.9411,67.303299,70.331474
0.94120002,67.310738,70.338783
0.94129997,67.318184,70.346085
0.94139999,67.325623,70.353386
0.94150001,67.333061,70.360695
0.94160002,67.3405,70.367996
0.94169998,67.347939,70.375298
0.9418,67.355377,70.382599
0.94190001,67.362816,70.3899
0.94199997,67.370255,70.397202
0.94209999,67.377693,70.404503
0.94220001,67.385132,70.411804
0.94230002,67.39257,70.419098
0.94239998,67.400009,70.426399
0.9425,67.40744,70.433701
0.94260001,67.414879,70.440994
0.94270003,67.42231,70.448296
0.94279999,67.429749,70.455597
0.9429,67.43718,70.462891
0.94300002,67.444618,70.470184
0.94309998,67.452049,70.477486
0.94319999,67.45948,70.484779
0.94330001,67.466919,70.492073
0.94340003,67.47435,70.499367
0.94349998,67.481781,70.50666
0.9436,67.489212,70.513954
0.94370002,67.496643,70.521248
0.94379997,67.504074,70.528542
0.94389999,67.511505,70.535835
0.94400001,67.518929,70.543129
0.94410002,67.52636,70.550423
0.94419998,67.533791,70.557709
0.9443,67.541222,70.565002
0.94440001,67.548645,70.572296
0.94450003,67.556076,70.579582
0.94459999,67.563499,70.586876
0.9447,67.57093,70.594162
0.94480002,67.578354,70.601456
0.94489998,67.585777,70.608742
0.94499999,67.593208,70.616028
0.94510001,67.600632,70.623314
0.94520003,67.608055,70.6306
0.94529998,67.615479,70.637886
0.9454,67.622902,70.645172
0.94550002,67.630325,70.652458
0.94559997,67.637749,70.659744
0.94569999,67.645172,70.66703
0.94580001,67.652596,70.674316
0.94590002,67.660011,70.681602
0.94599998,67.667435,70.688881
0.9461,67.674858,70.696167
0.94620001,67.682274,70.703453
0.94630003,67.689697,70.710732
0.94639999,67.697113,70.71801
0.9465,67.704536,70.725296
0.94660002,67.711952,70.732574
0.94669998,67.719368,70.739853
0.94679999,67.726784,70.747139
0.94690001,67.734207,70.754417
0.94700003,67.741623,70.761696
0.94709998,67.749039,70.768974
0.9472,67.756454,70.776253
0.94730002,67.76387,70.783531
0.94739997,67.771286,70.79081
0.94749999,67.778702,70.798088
0.94760001,67.78611,70.805359
0.94770002,67.793526,70.812637
0.94779998,67.800941,70.819916
0.9479,67.80835,70.827187
0.94800001,67.815765,70.834465
0.94809997,67.823174,70.841736
0.94819999,67.830589,70.849014
0.9483,67.837997,70.856285
0.94840002,67.845413,70.863556
0.94849998,67.852821,70.870834
0.94859999,67.860229,70.878105
0.94870001,67.867638,70.885376
0.94880003,67.875046,70.892647
0.94889998,67.882454,70.899918
0.949,67.889862,70.907188
0.94910002,67.89727,70.914459
0.94919997,67.904678,70.92173
0.94929999,67.912086,70.929001
0.94940001,67.919495,70.936264
0.94950002,67.926903,70.943535
0.94959998,67.934303,70.950806
0.9497,67.941711,70.958069
0.94980001,67.949112,70.96534
0.94989997,67.95652,70.972603
0.94999999,67.963921,70.979874
0.9501,67.971329,70.987137
0.95020002,67.978729,70.9944
0.95029998,67.98613,71.001663
0.95039999,67.99353,71.008934
0.95050001,68.000938,71.016197
0.95060003,68.008339,71.02346
0.95069999,68.015739,71.030724
0.9508,68.02314,71.037987
0.95090002,68.03054,71.04525
0.95099998,68.037933,71.052505
0.95109999,68.045334,71.059769
0.95120001,68.052734,71.067032
0.95130002,68.060135,71.074287
0.95139998,68.067528,71.081551
0.9515,68.074928,71.088814
0.95160002,68.082321,71.096069
0.95169997,68.089722,71.103333
0.95179999,68.097115,71.110588
0.95190001,68.104515,71.117844
0.95200002,68.111908,71.125099
0.95209998,68.119301,71.132362
0.9522,68.126694,71.139618
0.95230001,68.134087,71.146873
0.95240003,68.141487,71.154129
0.95249999,68.14888,71.161385
0.9526,68.156273,71.16864
0.95270002,68.163658,71.175896
0.95279998,68.171051,71.183144
0.95289999,68.178444,71.190399
0.95300001,68.185837,71.197655
0.95310003,68.193222,71.204903
0.95319998,68.200615,71.212158
0.9533,68.208008,71.219406
0.95340002,68.215393,71.226662
0.95349997,68.222786,71.23391
0.95359999,68.230171,71.241165
0.95370001,68.237556,71.248413
0.95380002,68.244949,71.255661
0.95389998,68.252335,71.262909
0.954,68.25972,71.270157
0.95410001,68.267105,71.277405
0.95420003,68.27449,71.284653
0.95429999,68.281876,71.291901
0.9544,68.289261,71.299149
0.95450002,68.296646,71.306396
0.95459998,68.304031,71.313644
0.95469999,68.311417,71.320892
0.95480001,68.318794,71.328133
0.95490003,68.32618,71.335381
0.95499998,68.333557,71.342621
0.9551,68.340942,71.349869
0.95520002,68.34832,71.357109
0.95529997,68.355705,71.364357
0.95539999,68.363083,71.371597
0.95550001,68.370468,71.378838
0.95560002,68.377846,71.386078
0.95569998,68.385223,71.393318
0.9558,68.392601,71.400566
0.95590001,68.399979,71.407806
0.95599997,68.407356,71.415047
0.95609999,68.414734,71.422279
0.9562,68.422112,71.42952
0.95630002,68.429489,71.43676
0.95639998,68.436867,71.444
0.95649999,68.444244,71.451241
0.95660001,68.451614,71.458473
0.95670003,68.458992,71.465714
0.95679998,68.466362,71.472946
0.9569,68.47374,71.480186
0.95700002,68.48111,71.487419
0.95709997,68.488487,71.494652
0.95719999,68.495857,71.501892
0.95730001,68.503227,71.509125
0.95740002,68.510605,71.516357
0.95749998,68.517975,71.52359
0.9576,68.525345,71.530823
0.95770001,68.532715,71.538055
0.95779997,68.540085,71.545288
0.95789999,68.547455,71.552521
0.958,68.554825,71.559753
0.95810002,68.562195,71.566986
0.95819998,68.569557,71.574211
0.95829999,68.576927,71.581444
0.95840001,68.584297,71.588669
0.95850003,68.59166,71.595901
0.95859998,68.59903,71.603127
0.9587,68.606392,71.610359
0.95880002,68.613762,71.617584
0.95889997,68.621124,71.624817
0.95899999,68.628494,71.632042
0.95910001,68.635857,71.639267
0.95920002,68.643219,71.646492
0.95929998,68.650581,71.653717
0.9594,68.657944,71.660942
0.95950001,68.665306,71.668167
0.95959997,68.672668,71.675392
0.95969999,68.680031,71.682617
0.9598,68.687393,71.689842
0.95990002,68.694756,71.69706
0.95999998,68.702118,71.704285
0.9601,68.709473,71.71151
0.96020001,68.716835,71.718727
0.96030003,68.724197,71.725952
0.96039999,68.731552,71.73317
0.9605,68.738914,71.740395
0.96060002,68.746269,71.747612
0.96069998,68.753624,71.754829
0.96079999,68.760986,71.762047
0.96090001,68.768341,71.769272
0.96100003,68.775696,71.776489
0.96109998,68.783051,71.783707
0.9612,68.790405,71.790924
0.96130002,68.79776,71.798141
0.96139997,68.805115,71.805351
0.96149999,68.812469,71.812569
0.96160001,68.819824,71.819786
0.96170002,68.827179,71.827003
0.96179998,68.834526,71.834213
0.9619,68.841881,71.841431
0.96200001,68.849236,71.84864
0.96210003,68.856583,71.855858
0.96219999,68.863937,71.863068
0.9623,68.871284,71.870285
0.96240002,68.878639,71.877495
0.96249998,68.885986,71.884705
0.96259999,68.893333,71.891914
0.96270001,68.900681,71.899124
0.96280003,68.908035,71.906342
0.96289998,68.915382,71.913551
0.963,68.922729,71.920753
0.96310002,68.930077,71.927963
0.96319997,68.937424,71.935173
0.96329999,68.944763,71.942383
0.96340001,68.95211,71.949593
0.96350002,68.959457,71.956795
0.96359998,68.966805,71.964005
0.9637,68.974144,71.971207
0.96380001,68.981491,71.978416
0.96390003,68.988831,71.985619
0.96399999,68.996178,71.992828
0.9641,69.003517,72.000031
0.96420002,69.010864,72.007233
0.96429998,69.018204,72.014442
0.96439999,69.025543,72.021645
0.96450001,69.032883,72.028847
0.96460003,69.04023,72.036049
0.96469998,69.047569,72.043251
0.9648,69.054909,72.050453
0.96490002,69.062248,72.057655
0.96499997,69.069588,72.06485
0.96509999,69.07692,72.072052
0.96520001,69.084259,72.079254
0.96530002,69.091599,72.086449
0.96539998,69.098938,72.093651
0.9655,69.10627,72.100845
0.96560001,69.113609,72.108047
0.96569997,69.120941,72.115242
0.96579999,69.128281,72.122444
0.9659,69.135612,72.129639
0.96600002,69.142944,72.136833
0.96609998,69.150284,72.144028
0.96619999,69.157616,72.151222
0.96630001,69.164948,72.158424
0.96640003,69.172279,72.165619
0.96649998,69.179611,72.172806
0.9666,69.186943,72.18
0.96670002,69.194275,72.187195
0.96679997,69.201607,72.194389
0.96689999,69.208939,72.201584
0.96700001,69.216263,72.208771
0.96710002,69.223595,72.215965
0.96719998,69.230927,72.223152
0.9673,69.238251,72.230347
0.96740001,69.245583,72.237534
0.96749997,69.252907,72.244728
0.96759999,69.260239,72.251915
0.9677,69.267563,72.259102
0.96780002,69.274887,72.266289
0.96789998,69.282219,72.273483
0.96799999,69.289543,72.28067
0.96810001,69.296867,72.287857
0.96820003,69.304192,72.295044
0.96829998,69.311516,72.302223
0.9684,69.31884,72.30941
0.96850002,69.326164,72.316597
0.96859998,69.333488,72.323784
0.96869999,69.340813,72.330971
0.96880001,69.348129,72.33815
0.96890002,69.355453,72.345337
0.96899998,69.362778,72.352516
0.9691,69.370094,72.359703
0.96920002,69.377419,72.366882
0.96929997,69.384735,72.374062
0.96939999,69.392052,72.381248
0.96950001,69.399376,72.388428
0.96960002,69.406693,72.395607
0.96969998,69.414009,72.402786
0.9698,69.421326,72.409966
0.96990001,69.42865,72.417145
0.97000003,69.435966,72.424324
0.97009999,69.443283,72.431503
0.9702,69.450592,72.438683
0.97030002,69.457909,72.445854
0.97039998,69.465225,72.453033
0.97049999,69.472542,72.460213
0.97060001,69.479858,72.467384
0.97070003,69.487167,72.474564
0.97079998,69.494484,72.481735
0.9709,69.501793,72.488914
0.97100002,69.509109,72.496086
0.97109997,69.516418,72.503258
0.97119999,69.523735,72.510437
0.97130001,69.531044,72.517609
0.97140002,69.538353,72.52478
0.97149998,69.545662,72.531952
0.9716,69.552971,72.539124
0.97170001,69.56028,72.546295
0.97180003,69.567589,72.553467
0.97189999,69.574898,72.560638
0.972,69.582207,72.567802
0.97210002,69.589516,72.574974
0.97219998,69.596825,72.582146
0.97229999,69.604134,72.58931
0.97240001,69.611435,72.596481
0.97250003,69.618744,72.603645
0.97259998,69.626045,72.610817
0.9727,69.633354,72.617981
0.97280002,69.640656,72.625145
0.97289997,69.647964,72.632317
0.97299999,69.655266,72.639481
0.97310001,69.662567,72.646645
0.97320002,69.669876,72.653809
0.97329998,69.677177,72.660973
0.9734,69.684479,72.668137
0.97350001,69.69178,72.675301
0.97359997,69.699081,72.682465
0.97369999,69.706383,72.689629
0.9738,69.713684,72.696785
0.97390002,69.720978,72.703949
0.97399998,69.728279,72.711113
0.97409999,69.73558,72.718269
0.97420001,69.742874,72.725433
0.97430003,69.750175,72.73259
0.97439998,69.757477,72.739754
0.9745,69.764771,72.74691
0.97460002,69.772064,72.754066
0.97469997,69.779366,72.761223
0.97479999,69.786659,72.768387
0.97490001,69.793953,72.775543
0.97500002,69.801247,72.7827
0.97509998,69.80854,72.789856
0.9752,69.815842,72.797012
0.97530001,69.823135,72.804161
0.97539997,69.830421,72.811317
0.97549999,69.837715,72.818474
0.9756,69.845009,72.82563
0.97570002,69.852303,72.832779
0.97579998,69.859596,72.839935
0.97589999,69.866882,72.847084
0.97600001,69.874176,72.85424
0.97610003,69.881462,72.861389
0.97619998,69.888756,72.868546
0.9763,69.896042,72.875694
0.97640002,69.903336,72.882843
0.97649997,69.910622,72.889992
0.97659999,69.917908,72.897141
0.97670001,69.925194,72.904297
0.97680002,69.932487,72.911446
0.97689998,69.939774,72.918587
0.977,69.94706,72.925735
0.97710001,69.954346,72.932884
0.97719997,69.961632,72.940033
0.97729999,69.96891,72.947182
0.9774,69.976196,72.954323
0.97750002,69.983482,72.961472
0.97759998,69.990768,72.968613
0.9777,69.998047,72.975761
0.97780001,70.005333,72.982903
0.97790003,70.012611,72.990051
0.97799999,70.019897,72.997192
0.9781,70.027176,73.004333
0.97820002,70.034462,73.011482
0.97829998,70.04174,73.018623
0.97839999,70.049019,73.025764
0.97850001,70.056297,73.032906
0.97860003,70.063576,73.040047
0.97869998,70.070854,73.047188
0.9788,70.078133,73.054321
0.97890002,70.085411,73.061462
0.97899997,70.09269,73.068604
0.97909999,70.099968,73.075745
0.97920001,70.107246,73.082878
0.97930002,70.114517,73.090019
0.97939998,70.121796,73.097153
0.9795,70.129074,73.104294
0.97960001,70.136345,73.111427
0.97970003,70.143623,73.118561
0.97979999,70.150894,73.125702
0.9799,70.158165,73.132835
0.98000002,70.165443,73.139969
0.98009998,70.172714,73.147102
0.98019999,70.179985,73.154236
0.98030001,70.187256,73.161369
0.98040003,70.194527,73.168503
0.98049998,70.201797,73.175636
0.9806,70.209068,73.18277
0.98070002,70.216339,73.189903
0.98079997,70.22361,73.197029
0.98089999,70.230881,73.204163
0.98100001,70.238144,73.211288
0.98110002,70.245415,73.218422
0.98119998,70.252686,73.225548
0.9813,70.259949,73.232681
0.98140001,70.26722,73.239807
0.98150003,70.274483,73.246941
0.98159999,70.281754,73.254066
0.9817,70.289017,73.261192
0.98180002,70.29628,73.268318
0.98189998,70.303543,73.275444
0.98199999,70.310806,73.28257
0.98210001,70.318077,73.289696
0.98220003,70.32534,73.296822
0.98229998,70.332603,73.303947
0.9824,70.339859,73.311066
0.98250002,70.347122,73.318192
0.98259997,70.354385,73.325317
0.98269999,70.361649,73.332436
0.98280001,70.368904,73.339561
0.98290002,70.376167,73.34668
0.98299998,70.38343,73.353806
0.9831,70.390686,73.360924
0.98320001,70.397949,73.36805
0.98329997,70.405205,73.375168
0.98339999,70.41246,73.382286
0.9835,70.419724,73.389404
0.98360002,70.426979,73.396523
0.98369998,70.434235,73.403641
0.98379999,70.44149,73.410759
0.98390001,70.448746,73.417877
0.98400003,70.456001,73.424995
0.98409998,70.463257,73.432114
0.9842,70.470512,73.439224
0.98430002,70.477768,73.446342
0.98439997,70.485023,73.453461
0.98449999,70.492271,73.460571
0.98460001,70.499527,73.46769
0.98470002,70.506775,73.4748
0.98479998,70.51403,73.481918
0.9849,70.521278,73.489029
0.98500001,70.528534,73.49614
0.98509997,70.535782,73.50325
0.98519999,70.543037,73.510361
0.9853,70.550285,73.517479
0.98540002,70.557533,73.52459
0.98549998,70.564781,73.5317
0.98559999,70.572029,73.538803
0.98570001,70.579277,73.545914
0.98580003,70.586525,73.553024
0.98589998,70.593773,73.560135
0.986,70.601021,73.567245
0.98610002,70.608269,73.574348
0.98619998,70.615509,73.581459
0.98629999,70.622757,73.588562
0.98640001,70.630005,73.595673
0.98650002,70.637245,73.602776
0.98659998,70.644493,73.609879
0.9867,70.651733,73.616989
0.98680001,70.658974,73.624092
0.98689997,70.666222,73.631195
0.98699999,70.673462,73.638298
0.98710001,70.680702,73.645401
0.98720002,70.687943,73.652504
0.98729998,70.695183,73.659607
0.9874,70.702423,73.66671
0.98750001,70.709663,73.673813
0.98760003,70.716904,73.680916
0.98769999,70.724144,73.688011
0.9878,70.731384,73.695114
0.98790002,70.738625,73.702217
0.98799998,70.745857,73.709312
0.98809999,70.753098,73.716415
0.98820001,70.760338,73.723511
0.98830003,70.76757,73.730606
0.98839998,70.774811,73.737709
0.9885,70.782043,73.744804
0.98860002,70.789276,73.7519
0.98869997,70.796516,73.758995
0.98879999,70.803749,73.76609
0.98890001,70.810982,73.773186
0.98900002,70.818214,73.780281
0.98909998,70.825447,73.787376
0.9892,70.83268,73.794472
0.98930001,70.839912,73.801567
0.98940003,70.847145,73.808655
0.98949999,70.854378,73.81575
0.9896,70.861603,73.822845
0.98970002,70.868835,73.829933
0.98979998,70.876068,73.837029
0.98989999,70.883293,73.844116
0.99000001,70.890526,73.851204
0.99010003,70.897751,73.858299
0.99019998,70.904984,73.865387
0.9903,70.912209,73.872475
0.99040002,70.919434,73.879562
0.99049997,70.926666,73.88665
0.99059999,70.933891,73.893738
0.99070001,70.941116,73.900826
0.99080002,70.948341,73.907913
0.99089998,70.955566,73.915001
0.991,70.962791,73.922089
0.99110001,70.970016,73.929176
0.99119997,70.977242,73.936256
0.99129999,70.984459,73.943344
0.9914,70.991684,73.950424
0.99150002,70.998909,73.957512
0.99159998,71.006126,73.964592
0.99169999,71.013351,73.97168
0.99180001,71.020569,73.97876
0.99190003,71.027794,73.98584
0.99199998,71.035011,73.99292
0.9921,71.042229,74.000008
0.99220002,71.049454,74.007088
0.99229997,71.056671,74.014168
0.99239999,71.063889,74.021248
0.99250001,71.071106,74.028328
0.99260002,71.078323,74.035408
0.99269998,71.085541,74.04248
0.9928,71.092758,74.049561
0.99290001,71.099976,74.056641
0.99299997,71.107193,74.063713
0.99309999,71.114403,74.070793
0.9932,71.12162,74.077866
0.99330002,71.128838,74.084946
0.99339998,71.136047,74.092018
0.99349999,71.143265,74.099098
0.99360001,71.150475,74.106171
0.99370003,71.157684,74.113243
0.99379998,71.164902,74.120316
0.9939,71.172112,74.127388
0.99400002,71.179321,74.13446
0.99409997,71.186531,74.141533
0.99419999,71.193748,74.148605
0.99430001,71.200958,74.155678
0.99440002,71.208168,74.16275
0.99449998,71.21537,74.169823
0.9946,71.22258,74.176888
0.99470001,71.22979,74.18396
0.99479997,71.237,74.191032
0.99489999,71.244209,74.198097
0.995,71.251411,74.20517
0.99510002,71.258621,74.212234
0.99519998,71.265823,74.219299
0.99529999,71.273033,74.226372
0.99540001,71.280235,74.233437
0.99550003,71.287437,74.240501
0.99559999,71.294647,74.247566
0.9957,71.301849,74.254631
0.99580002,71.309052,74.261696
0.99589998,71.316254,74.268761
0.99599999,71.323456,74.275826
0.99610001,71.330658,74.28289
0.99620003,71.33786,74.289955
0.99629998,71.345062,74.297012
0.9964,71.352264,74.304077
0.99650002,71.359467,74.311142
0.99659997,71.366661,74.318199
0.99669999,71.373863,74.325264
0.99680001,71.381058,74.332321
0.99690002,71.38826,74.339378
0.99699998,71.395454,74.346443
0.9971,71.402657,74.3535
0.99720001,71.409851,74.360558
0.99730003,71.417053,74.367615
0.99739999,71.424248,74.374672
0.9975,71.431442,74.381729
0.99760002,71.438637,74.388786
0.99769998,71.445831,74.395844
0.99779999,71.453026,74.402901
0.99790001,71.46022,74.409958
0.99800003,71.467415,74.417015
0.99809998,71.474609,74.424065
0.9982,71.481804,74.431122
0.99830002,71.488991,74.438171
0.99839997,71.496185,74.445229
0.99849999,71.50338,74.452278
0.99860001,71.510567,74.459335
0.99870002,71.517761,74.466385
0.99879998,71.524948,74.473434
0.9989,71.532135,74.480484
0.99900001,71.53933,74.487541
0.99910003,71.546516,74.494591
0.99919999,71.553703,74.50164
0.9993,71.56089,74.50869
0.99940002,71.568077,74.515739
0.99949998,71.575264,74.522781
0.99959999,71.582451,74.529831
0.99970001,71.589638,74.53688
0.99980003,71.596825,74.54393
0.99989998,71.604012,74.550972
1,71.611191,74.558022
1.0001,71.618378,74.565063
1.0002,71.625565,74.572113
1.0003,71.632744,74.579155
1.0003999,71.639931,74.586197
1.0005,71.64711,74.593246
1.0006,71.654297,74.600288
1.0007,71.661476,74.60733
1.0008,71.668655,74.614372
1.0009,71.675835,74.621414
1.001,71.683014,74.628456
1.0010999,71.690201,74.635498
1.0012,71.69738,74.64254
1.0013,71.704559,74.649582
1.0014,71.711731,74.656624
1.0015,71.71891,74.663658
1.0016,71.726089,74.6707
1.0017,71.733269,74.677734
1.0017999,71.740448,74.684776
1.0019,71.74762,74.691811
1.002,71.754799,74.698853
1.0021,71.761971,74.705887
1.0022,71.76915,74.712921
1.0023,71.776321,74.719963
1.0024,71.783493,74.726997
1.0025001,71.790672,74.734032
1.0026,71.797844,74.741066
1.0027,71.805016,74.7481
1.0028,71.812187,74.755135
1.0029,71.819359,74.762169
1.003,71.82653,74.769203
1.0031,71.833702,74.77623
1.0032001,71.840874,74.783264
1.0033,71.848045,74.790298
1.0034,71.855209,74.797325
1.0035,71.862381,74.804359
1.0036,71.869553,74.811386
1.0037,71.876717,74.81842
1.0038,71.883888,74.825447
1.0039001,71.891052,74.832474
1.0039999,71.898224,74.8395
1.0041,71.905388,74.846535
1.0042,71.912552,74.853561
1.0043,71.919724,74.860588
1.0044,71.926888,74.867615
1.0045,71.934052,74.874641
1.0046,71.941216,74.881668
1.0046999,71.94838,74.888687
1.0048,71.955544,74.895714
1.0049,71.962708,74.90274
1.005,71.969864,74.909767
1.0051,71.977028,74.916786
1.0052,71.984192,74.923813
1.0053,71.991356,74.930832
1.0053999,71.998512,74.937859
1.0055,72.005676,74.944878
1.0056,72.012833,74.951897
1.0057,72.019997,74.958923
1.0058,72.027153,74.965942
1.0059,72.034309,74.972961
1.006,72.041466,74.97998
1.0061001,72.04863,74.987
1.0062,72.055786,74.994019
1.0063,72.062943,75.001038
1.0064,72.070099,75.008057
1.0065,72.077255,75.015068
1.0066,72.084412,75.022087
1.0067,72.09156,75.029106
1.0068001,72.098717,75.036118
1.0069,72.105873,75.043137
1.007,72.113022,75.050148
1.0071,72.120178,75.057167
1.0072,72.127335,75.064178
1.0073,72.134483,75.07119
1.0074,72.14164,75.078209
1.0075001,72.148788,75.08522
1.0075999,72.155937,75.092232
1.0077,72.163086,75.099243
1.0078,72.170242,75.106255
1.0079,72.177391,75.113266
1.008,72.18454,75.120277
1.0081,72.191689,75.127289
1.0082,72.198837,75.1343
1.0082999,72.205986,75.141304
1.0084,72.213127,75.148315
1.0085,72.220276,75.155327
1.0086,72.227425,75.162331
1.0087,72.234573,75.169342
1.0088,72.241714,75.176346
1.0089,72.248863,75.183357
1.0089999,72.256004,75.190361
1.0091,72.263153,75.197365
1.0092,72.270294,75.204369
1.0093,72.277435,75.211372
1.0094,72.284584,75.218384
1.0095,72.291725,75.225388
1.0096,72.298866,75.232391
1.0096999,72.306007,75.239388
1.0098,72.313148,75.246391
1.0099,72.32029,75.253395
1.01,72.327431,75.260399
1.0101,72.334572,75.267403
1.0102,72.341705,75.274399
1.0103,72.348846,75.281403
1.0104001,72.355988,75.288399
1.0105,72.363121,75.295403
1.0106,72.370262,75.302399
1.0107,72.377396,75.309395
1.0108,72.384537,75.316399
1.0109,72.39167,75.323395
1.011,72.398811,75.330391
1.0111001,72.405945,75.337387
1.0112,72.413078,75.344383
1.0113,72.420212,75.351379
1.0114,72.427345,75.358376
1.0115,72.434479,75.365372
1.0116,72.441612,75.372368
1.0117,72.448746,75.379356
1.0118001,72.455879,75.386353
1.0118999,72.463013,75.393349
1.012,72.470146,75.400337
1.0121,72.477272,75.407333
1.0122,72.484406,75.414322
1.0123,72.491531,75.421318
1.0124,72.498665,75.428307
1.0125,72.505791,75.435295
1.0125999,72.512924,75.442291
1.0127,72.52005,75.44928
1.0128,72.527176,75.456268
1.0129,72.534309,75.463257
1.013,72.541435,75.470245
1.0131,72.548561,75.477234
1.0132,72.555687,75.484222
1.0132999,72.562813,75.491203
1.0134,72.569939,75.498192
1.0135,72.577065,75.50518
1.0136,72.584183,75.512169
1.0137,72.591309,75.51915
1.0138,72.598434,75.526138
1.0139,72.605553,75.533119
1.0140001,72.612679,75.5401
1.0141,72.619797,75.547089
1.0142,72.626923,75.55407
1.0143,72.634041,75.56105
1.0144,72.641167,75.568039
1.0145,72.648285,75.57502
1.0146,72.655403,75.582001
1.0147001,72.662521,75.588982
1.0148,72.66964,75.595963
1.0149,72.676758,75.602936
1.015,72.683876,75.609917
1.0151,72.690994,75.616898
1.0152,72.698112,75.623878
1.0153,72.705231,75.630852
1.0154001,72.712349,75.637833
1.0154999,72.71946,75.644814
1.0156,72.726578,75.651787
1.0157,72.733696,75.65876
1.0158,72.740807,75.665741
1.0159,72.747925,75.672714
1.016,72.755035,75.679688
1.0161,72.762146,75.686661
1.0161999,72.769264,75.693642
1.0163,72.776375,75.700615
1.0164,72.783485,75.707588
1.0165,72.790596,75.714561
1.0166,72.797707,75.721527
1.0167,72.804817,75.7285
1.0168,72.811928,75.735474
1.0168999,72.819038,75.742447
1.017,72.826149,75.749413
1.0171,72.833252,75.756386
1.0172,72.840363,75.763359
1.0173,72.847473,75.770325
1.0174,72.854576,75.77729
1.0175,72.861687,75.784264
1.0176001,72.86879,75.791229
1.0177,72.8759,75.798195
1.0178,72.883003,75.805168
1.0179,72.890106,75.812134
1.018,72.897209,75.819099
1.0181,72.90432,75.826065
1.0182,72.911423,75.833031
1.0183001,72.918526,75.839996
1.0184,72.925629,75.846954
1.0185,72.932732,75.85392
1.0186,72.939835,75.860886
1.0187,72.94693,75.867851
1.0188,72.954033,75.874809
1.0189,72.961136,75.881775
1.0190001,72.968231,75.888733
1.0191,72.975334,75.895699
1.0192,72.982437,75.902657
1.0193,72.989532,75.909615
1.0194,72.996628,75.91658
1.0195,73.003731,75.923538
1.0196,73.010826,75.930496
1.0197001,73.017921,75.937454
1.0197999,73.025017,75.944412
1.0199,73.03212,75.95137
1.02,73.039215,75.958328
1.0201,73.04631,75.965286
1.0202,73.053406,75.972237
1.0203,73.060493,75.979195
1.0204,73.067589,75.986153
1.0204999,73.074684,75.993103
1.0206,73.081779,76.000061
1.0207,73.088867,76.007019
1.0208,73.095963,76.013969
1.0209,73.10305,76.02092
1.021,73.110146,76.027878
1.0211,73.117233,76.034828
1.0211999,73.124329,76.041779
1.0213,73.131416,76.048729
1.0214,73.138504,76.055679
1.0215,73.145592,76.06263
1.0216,73.152687,76.06958
1.0217,73.159775,76.07653
1.0218,73.166862,76.083481
1.0219001,73.17395,76.090431
1.022,73.18103,76.097382
1.0221,73.188118,76.104324
1.0222,73.195206,76.111275
1.0223,73.202293,76.118217
1.0224,73.209373,76.125168
1.0225,73.216461,76.132111
1.0226001,73.223541,76.139061
1.0227,73.230629,76.146004
1.0228,73.237709,76.152946
1.0229,73.244797,76.159897
1.023,73.251877,76.16684
1.0231,73.258957,76.173782
1.0232,73.266037,76.180725
1.0233001,73.273117,76.187668
1.0233999,73.280205,76.194611
1.0235,73.287285,76.201553
1.0236,73.294357,76.208488
1.0237,73.301437,76.215431
1.0238,73.308517,76.222374
1.0239,73.315598,76.229309
1.024,73.322678,76.236252
1.0240999,73.32975,76.243187
1.0242,73.33683,76.25013
1.0243,73.343903,76.257065
1.0244,73.350983,76.264008
1.0245,73.358055,76.270943
1.0246,73.365135,76.277878
1.0247,73.372208,76.284813
1.0247999,73.37928,76.291748
1.0249,73.386353,76.298683
1.025,73.393433,76.305618
1.0251,73.400505,76.312553
1.0252,73.407578,76.319489
1.0253,73.41465,76.326424
1.0254,73.421715,76.333359
1.0255001,73.428787,76.340286
1.0256,73.43586,76.347221
1.0257,73.442932,76.354156
1.0258,73.449997,76.361084
1.0259,73.457069,76.368019
1.026,73.464142,76.374947
1.0261,73.471207,76.381874
1.0262001,73.478271,76.388809
1.0263,73.485344,76.395737
1.0264,73.492409,76.402664
1.0265,73.499474,76.409592
1.0266,73.506538,76.416519
1.0267,73.513611,76.423447
1.0268,73.520676,76.430374
1.0269001,73.52774,76.437302
1.027,73.534805,76.444229
1.0271,73.54187,76.451149
1.0272,73.548927,76.458076
1.0273,73.555992,76.465004
1.0274,73.563057,76.471924
1.0275,73.570114,76.478851
1.0276,73.577179,76.485771
1.0276999,73.584244,76.492699
1.0278,73.591301,76.499619
1.0279,73.598366,76.506538
1.028,73.605423,76.513458
1.0281,73.61248,76.520386
1.0282,73.619537,76.527306
1.0283,73.626602,76.534225
1.0283999,73.633659,76.541145
1.0285,73.640717,76.548065
1.0286,73.647774,76.554985
1.0287,73.654831,76.561897
1.0288,73.661888,76.568817
1.0289,73.668938,76.575737
1.029,73.675995,76.582649
1.0290999,73.683052,76.589569
1.0292,73.690109,76.596489
1.0293,73.697159,76.603401
1.0294,73.704216,76.610313
1.0295,73.711266,76.617233
1.0296,73.718323,76.624146
1.0297,73.725372,76.631058
1.0298001,73.732422,76.63797
1.0299,73.739479,76.64489
1.03,73.746529,76.651802
1.0301,73.753578,76.658714
1.0302,73.760628,76.665627
1.0303,73.767677,76.672531
1.0304,73.774727,76.679443
1.0305001,73.781776,76.686356
1.0306,73.788826,76.693268
1.0307,73.795868,76.700172
1.0308,73.802917,76.707085
1.0309,73.809967,76.713989
1.031,73.817009,76.720901
1.0311,73.824059,76.727806
1.0312001,73.8311,76.734718
1.0312999,73.83815,76.741623
1.0314,73.845192,76.748528
1.0315,73.852234,76.755432
1.0316,73.859283,76.762337
1.0317,73.866325,76.769249
1.0318,73.873367,76.776146
1.0319,73.880409,76.783051
1.0319999,73.887451,76.789955
1.0321,73.894493,76.79686
1.0322,73.901535,76.803764
1.0323,73.908577,76.810669
1.0324,73.915619,76.817566
1.0325,73.922653,76.824471
1.0326,73.929695,76.831367
1.0326999,73.936729,76.838272
1.0328,73.943771,76.845169
1.0329,73.950813,76.852074
1.033,73.957848,76.858971
1.0331,73.964882,76.865868
1.0332,73.971924,76.872765
1.0333,73.978958,76.879662
1.0334001,73.985992,76.886559
1.0335,73.993027,76.893456
1.0336,74.000061,76.900352
1.0337,74.007095,76.907249
1.0338,74.01413,76.914146
1.0339,74.021164,76.921043
1.034,74.028198,76.92794
1.0341001,74.035233,76.93483
1.0342,74.042259,76.941727
1.0343,74.049294,76.948616
1.0344,74.056328,76.955513
1.0345,74.063354,76.962402
1.0346,74.070389,76.969299
1.0347,74.077415,76.976189
1.0348001,74.084442,76.983078
1.0349,74.091476,76.989967
1.035,74.098503,76.996857
1.0351,74.10553,77.003754
1.0352,74.112556,77.010643
1.0353,74.119583,77.017525
1.0354,74.12661,77.024414
1.0355,74.133636,77.031303
1.0355999,74.140663,77.038193
1.0357,74.14769,77.045082
1.0358,74.154716,77.051964
1.0359,74.161743,77.058853
1.036,74.168762,77.065735
1.0361,74.175789,77.072624
1.0362,74.182808,77.079506
1.0362999,74.189835,77.086395
1.0364,74.196854,77.093277
1.0365,74.20388,77.100159
1.0366,74.210899,77.10704
1.0367,74.217918,77.11393
1.0368,74.224937,77.120811
1.0369,74.231956,77.127693
1.0369999,74.238983,77.134575
1.0371,74.246002,77.141457
1.0372,74.253014,77.148331
1.0373,74.260033,77.155212
1.0374,74.267052,77.162094
1.0375,74.274071,77.168968
1.0376,74.28109,77.17585
1.0377001,74.288101,77.182732
1.0378,74.29512,77.189606
1.0379,74.302132,77.196487
1.038,74.309151,77.203362
1.0381,74.316162,77.210236
1.0382,74.323181,77.21711
1.0383,74.330193,77.223991
1.0384001,74.337204,77.230865
1.0385,74.344215,77.23774
1.0386,74.351234,77.244614
1.0387,74.358246,77.251488
1.0388,74.365257,77.258362
1.0389,74.372269,77.265236
1.039,74.379272,77.272102
1.0391001,74.386284,77.278976
1.0391999,74.393295,77.285851
1.0393,74.400307,77.292717
1.0394,74.40731,77.299591
1.0395,74.414322,77.306458
1.0396,74.421333,77.313332
1.0397,74.428337,77.320198
1.0398,74.435341,77.327065
1.0398999,74.442352,77.333939
1.04,74.449356,77.340805
1.0401,74.45636,77.347672
1.0402,74.463371,77.354538
1.0403,74.470375,77.361404
1.0404,74.477379,77.368271
1.0405,74.484383,77.375137
1.0405999,74.491386,77.382004
1.0407,74.49839,77.38887
1.0408,74.505386,77.395729
1.0409,74.51239,77.402596
1.041,74.519394,77.409462
1.0411,74.526398,77.416321
1.0412,74.533394,77.423187
1.0413001,74.540398,77.430046
1.0414,74.547394,77.436905
1.0415,74.554398,77.443771
1.0416,74.561394,77.45063
1.0417,74.56839,77.457489
1.0418,74.575386,77.464348
1.0419,74.58239,77.471207
1.0420001,74.589386,77.478065
1.0421,74.596382,77.484924
1.0422,74.603378,77.491783
1.0423,74.610374,77.498642
1.0424,74.617371,77.505501
1.0425,74.624359,77.51236
1.0426,74.631355,77.519211
1.0427001,74.638351,77.52607
1.0427999,74.645348,77.532921
1.0429,74.652336,77.53978
1.043,74.659332,77.546631
1.0431,74.666321,77.55349
1.0432,74.673317,77.560341
1.0433,74.680305,77.567192
1.0434,74.687294,77.574043
1.0434999,74.694283,77.580902
1.0436,74.701279,77.587753
1.0437,74.708267,77.594604
1.0438,74.715256,77.601456
1.0439,74.722244,77.608307
1.044,74.729233,77.61515
1.0441,74.736221,77.622002
1.0441999,74.743202,77.628853
1.0443,74.750191,77.635704
1.0444,74.757179,77.642548
1.0445,74.764168,77.649399
1.0446,74.771149,77.656242
1.0447,74.778137,77.663094
1.0448,74.785118,77.669937
1.0448999,74.792107,77.676781
1.045,74.799088,77.683632
1.0451,74.806068,77.690475
1.0452,74.813049,77.697319
1.0453,74.820038,77.704163
1.0454,74.827019,77.711006
1.0455,74.834,77.71785
1.0456001,74.840981,77.724693
1.0457,74.847961,77.731537
1.0458,74.854942,77.73838
1.0459,74.861916,77.745216
1.046,74.868896,77.75206
1.0461,74.875877,77.758904
1.0462,74.882851,77.765739
1.0463001,74.889832,77.772583
1.0464,74.896812,77.779419
1.0465,74.903786,77.786255
1.0466,74.910759,77.793098
1.0467,74.91774,77.799934
1.0468,74.924713,77.80677
1.0469,74.931686,77.813606
1.0470001,74.93866,77.820442
1.0470999,74.945641,77.827278
1.0472,74.952614,77.834114
1.0473,74.959587,77.84095
1.0474,74.96656,77.847786
1.0475,74.973526,77.854622
1.0476,74.980499,77.861458
1.0477,74.987473,77.868286
1.0477999,74.994446,77.875122
1.0479,75.001411,77.881958
1.048,75.008385,77.888786
1.0481,75.01535,77.895615
1.0482,75.022324,77.902451
1.0483,75.029289,77.909279
1.0484,75.036263,77.916107
1.0484999,75.043228,77.922943
1.0486,75.050194,77.929771
1.0487,75.057159,77.9366
1.0488,75.064125,77.943428
1.0489,75.071091,77.950256
1.049,75.078056,77.957085
1.0491,75.085022,77.963913
1.0492001,75.091988,77.970734
1.0493,75.098953,77.977562
1.0494,75.105919,77.98439
1.0495,75.112877,77.991211
1.0496,75.119843,77.998039
1.0497,75.126808,78.004868
1.0498,75.133766,78.011688
1.0499001,75.140732,78.018509
1.05,75.14769,78.025337
1.0501,75.154648,78.032158
1.0502,75.161613,78.038979
1.0503,75.168571,78.045799
1.0504,75.175529,78.05262
1.0505,75.182487,78.059441
1.0506001,75.189445,78.066261
1.0506999,75.196404,78.073082
1.0508,75.203362,78.079903
1.0509,75.21032,78.086723
1.051,75.217278,78.093544
1.0511,75.224228,78.100357
1.0512,75.231186,78.107178
1.0513,75.238144,78.113991
1.0513999,75.245094,78.120811
1.0515,75.252052,78.127625
1.0516,75.259003,78.134445
1.0517,75.265961,78.141258
1.0518,75.272911,78.148071
1.0519,75.279861,78.154892
1.052,75.286819,78.161705
1.0520999,75.29377,78.168518
1.0522,75.30072,78.175331
1.0523,75.307671,78.182144
1.0524,75.314621,78.188957
1.0525,75.321571,78.19577
1.0526,75.328522,78.202576
1.0527,75.335464,78.209389
1.0528001,75.342415,78.216202
1.0529,75.349365,78.223007
1.053,75.356308,78.22982
1.0531,75.363258,78.236626
1.0532,75.370201,78.243439
1.0533,75.377151,78.250244
1.0534,75.384094,78.257057
1.0535001,75.391045,78.263863
1.0536,75.397987,78.270668
1.0537,75.40493,78.277473
1.0538,75.411873,78.284279
1.0539,75.418816,78.291084
1.054,75.425758,78.29789
1.0541,75.432701,78.304695
1.0542001,75.439644,78.311501
1.0543,75.446587,78.318306
1.0544,75.453529,78.325111
1.0545,75.460472,78.331909
1.0546,75.467407,78.338715
1.0547,75.47435,78.34552
1.0548,75.481285,78.352318
1.0549001,75.488228,78.359116
1.0549999,75.495163,78.365921
1.0551,75.502106,78.372719
1.0552,75.509041,78.379517
1.0553,75.515976,78.386322
1.0554,75.522919,78.39312
1.0555,75.529854,78.399918
1.0556,75.536789,78.406715
1.0556999,75.543724,78.413513
1.0558,75.550659,78.420311
1.0559,75.557594,78.427109
1.056,75.564529,78.433899
1.0561,75.571457,78.440697
1.0562,75.578392,78.447495
1.0563,75.585327,78.454285
1.0563999,75.592255,78.461082
1.0565,75.59919,78.46788
1.0566,75.606117,78.47467
1.0567,75.613052,78.481461
1.0568,75.61998,78.488258
1.0569,75.626915,78.495049
1.057,75.633842,78.501839
1.0571001,75.64077,78.508629
1.0572,75.647697,78.515419
1.0573,75.654625,78.522209
1.0574,75.661552,78.528999
1.0575,75.66848,78.535789
1.0576,75.675407,78.54258
1.0577,75.682335,78.54937
1.0578001,75.689262,78.55616
1.0579,75.696182,78.562943
1.058,75.70311,78.569733
1.0581,75.710037,78.576523
1.0582,75.716957,78.583305
1.0583,75.723885,78.590096
1.0584,75.730804,78.596878
1.0585001,75.737724,78.603661
1.0585999,75.744652,78.610451
1.0587,75.751572,78.617233
1.0588,75.758492,78.624016
1.0589,75.765411,78.630798
1.059,75.772331,78.637581
1.0591,75.779251,78.644363
1.0592,75.786171,78.651146
1.0592999,75.793091,78.657928
1.0594,75.800011,78.664711
1.0595,75.806931,78.671486
1.0596,75.81385,78.678268
1.0597,75.820763,78.685051
1.0598,75.827682,78.691826
1.0599,75.834595,78.698608
1.0599999,75.841515,78.705383
1.0601,75.848427,78.712166
1.0602,75.855347,78.718941
1.0603,75.862259,78.725716
1.0604,75.869171,78.732491
1.0605,75.876083,78.739265
1.0606,75.883003,78.746048
1.0607001,75.889915,78.752823
1.0608,75.896828,78.759598
1.0609,75.90374,78.766365
1.061,75.910645,78.77314
1.0611,75.917557,78.779915
1.0612,75.924469,78.78669
1.0613,75.931381,78.793465
1.0614001,75.938286,78.800232
1.0615,75.945198,78.807007
1.0616,75.952103,78.813774
1.0617,75.959015,78.820549
1.0618,75.965919,78.827316
1.0619,75.972832,78.834084
1.062,75.979736,78.840858
1.0621001,75.986641,78.847626
1.0622,75.993546,78.854393
1.0623,76.000458,78.86116
1.0624,76.007362,78.867928
1.0625,76.014267,78.874695
1.0626,76.021172,78.881462
1.0627,76.028069,78.888229
1.0628,76.034973,78.894997
1.0628999,76.041878,78.901756
1.063,76.048782,78.908524
1.0631,76.055679,78.915291
1.0632,76.062584,78.92205
1.0633,76.069481,78.928818
1.0634,76.076385,78.935577
1.0635,76.083282,78.942345
1.0635999,76.090187,78.949104
1.0637,76.097084,78.955864
1.0638,76.103981,78.962624
1.0639,76.110878,78.969391
1.064,76.117775,78.976151
1.0641,76.124672,78.98291
1.0642,76.131569,78.98967
1.0642999,76.138466,78.996429
1.0644,76.145363,79.003181
1.0645,76.15226,79.009941
1.0646,76.159157,79.016701
1.0647,76.166046,79.02346
1.0648,76.172943,79.030212
1.0649,76.17984,79.036972
1.0650001,76.186729,79.043724
1.0651,76.193626,79.050484
1.0652,76.200516,79.057236
1.0653,76.207405,79.063995
1.0654,76.214302,79.070747
1.0655,76.221191,79.077499
1.0656,76.228081,79.084251
1.0657001,76.23497,79.091003
1.0658,76.241859,79.097755
1.0659,76.248749,79.104507
1.066,76.255638,79.111259
1.0661,76.262527,79.118011
1.0662,76.269417,79.124763
1.0663,76.276299,79.131516
1.0664001,76.283188,79.13826
1.0664999,76.290077,79.145012
1.0666,76.296959,79.151756
1.0667,76.303848,79.158508
1.0668,76.31073,79.165253
1.0669,76.317619,79.172005
1.067,76.324501,79.178749
1.0671,76.331383,79.185493
1.0671999,76.338272,79.192245
1.0673,76.345154,79.19899
1.0674,76.352036,79.205734
1.0675,76.358917,79.212479
1.0676,76.365799,79.219223
1.0677,76.372681,79.225967
1.0678,76.379562,79.232712
1.0678999,76.386436,79.239449
1.068,76.393318,79.246193
1.0681,76.4002,79.252937
1.0682,76.407074,79.259674
1.0683,76.413956,79.266418
1.0684,76.42083,79.273163
1.0685,76.427711,79.2799
1.0686001,76.434586,79.286636
1.0687,76.441467,79.293381
1.0688,76.448341,79.300117
1.0689,76.455215,79.306854
1.069,76.46209,79.313591
1.0691,76.468964,79.320328
1.0692,76.475838,79.327065
1.0693001,76.482712,79.333801
1.0694,76.489586,79.340538
1.0695,76.49646,79.347275
1.0696,76.503334,79.354012
1.0697,76.510201,79.360748
1.0698,76.517075,79.367477
1.0699,76.523949,79.374214
1.0700001,76.530815,79.380951
1.0700999,76.537689,79.38768
1.0702,76.544556,79.394417
1.0703,76.55143,79.401146
1.0704,76.558296,79.407875
1.0705,76.565163,79.414612
1.0706,76.572029,79.421341
1.0707,76.578896,79.42807
1.0707999,76.58577,79.434799
1.0709,76.592636,79.441528
1.071,76.599495,79.448257
1.0711,76.606361,79.454987
1.0712,76.613228,79.461716
1.0713,76.620094,79.468445
1.0714,76.626961,79.475166
1.0714999,76.63382,79.481895
1.0716,76.640686,79.488625
1.0717,76.647545,79.495346
1.0718,76.654411,79.502075
1.0719,76.66127,79.508797
1.072,76.668137,79.515518
1.0721,76.674995,79.522247
1.0721999,76.681854,79.528969
1.0723,76.688713,79.53569
1.0724,76.69558,79.542412
1.0725,76.702438,79.549133
1.0726,76.709297,79.555862
1.0727,76.716156,79.562576
1.0728,76.723007,79.569298
1.0729001,76.729866,79.576019
1.073,76.736725,79.582741
1.0731,76.743584,79.589462
1.0732,76.750435,79.596176
1.0733,76.757294,79.602898
1.0734,76.764153,79.609619
1.0735,76.771004,79.616333
1.0736001,76.777855,79.623055
1.0737,76.784714,79.629768
1.0738,76.791565,79.636482
1.0739,76.798416,79.643204
1.074,76.805267,79.649918
1.0741,76.812126,79.656631
1.0742,76.818977,79.663345
1.0743001,76.825829,79.670059
1.0743999,76.83268,79.676773
1.0745,76.839523,79.683487
1.0746,76.846375,79.690201
1.0747,76.853226,79.696915
1.0748,76.860077,79.703621
1.0749,76.86692,79.710335
1.075,76.873772,79.717049
1.0750999,76.880615,79.723755
1.0752,76.887466,79.730469
1.0753,76.89431,79.737175
1.0754,76.901161,79.743881
1.0755,76.908005,79.750595
1.0756,76.914848,79.757301
1.0757,76.921692,79.764008
1.0757999,76.928535,79.770714
1.0759,76.935379,79.777428
1.076,76.942223,79.784134
1.0761,76.949066,79.79084
1.0762,76.95591,79.797539
1.0763,76.962753,79.804245
1.0764,76.969597,79.810951
1.0765001,76.976433,79.817657
1.0766,76.983276,79.824356
1.0767,76.99012,79.831062
1.0768,76.996956,79.837769
1.0769,77.003799,79.844467
1.077,77.010635,79.851173
1.0771,77.017471,79.857872
1.0772001,77.024315,79.864571
1.0773,77.031151,79.871277
1.0774,77.037987,79.877975
1.0775,77.044823,79.884674
1.0776,77.051659,79.891373
1.0777,77.058495,79.898071
1.0778,77.065331,79.90477
1.0779001,77.072166,79.911469
1.0779999,77.079002,79.918167
1.0781,77.085831,79.924866
1.0782,77.092667,79.931557
1.0783,77.099503,79.938255
1.0784,77.106331,79.944954
1.0785,77.113167,79.951645
1.0786,77.119995,79.958344
1.0786999,77.126823,79.965034
1.0788,77.133659,79.971725
1.0789,77.140488,79.978424
1.079,77.147316,79.985115
1.0791,77.154144,79.991806
1.0792,77.160973,79.998497
1.0793,77.167801,80.005188
1.0793999,77.174629,80.011887
1.0795,77.181458,80.01857
1.0796,77.188286,80.025261
1.0797,77.195114,80.031952
1.0798,77.201942,80.038643
1.0799,77.208763,80.045334
1.08,77.215591,80.052017
1.0801001,77.22242,80.058708
1.0802,77.22924,80.065399
1.0803,77.236061,80.072083
1.0804,77.242889,80.078773
1.0805,77.24971,80.085457
1.0806,77.256531,80.09214
1.0807,77.263359,80.098831
1.0808001,77.27018,80.105515
1.0809,77.277,80.112198
1.081,77.283821,80.118881
1.0811,77.290642,80.125565
1.0812,77.297462,80.132248
1.0813,77.304276,80.138931
1.0814,77.311096,80.145615
1.0815001,77.317917,80.15229
1.0816,77.324738,80.158974
1.0817,77.331551,80.165657
1.0818,77.338371,80.172333
1.0819,77.345184,80.179016
1.082,77.352005,80.185699
1.0821,77.358818,80.192375
1.0822001,77.365631,80.199051
1.0822999,77.372444,80.205734
1.0824,77.379265,80.21241
1.0825,77.386078,80.219086
1.0826,77.392891,80.225761
1.0827,77.399704,80.232437
1.0828,77.406517,80.239113
1.0829,77.41333,80.245789
1.0829999,77.420135,80.252464
1.0831,77.426949,80.25914
1.0832,77.433762,80.265816
1.0833,77.440575,80.272491
1.0834,77.44738,80.27916
1.0835,77.454193,80.285835
1.0836,77.460999,80.292503
1.0836999,77.467812,80.299179
1.0838,77.474617,80.305847
1.0839,77.481422,80.312523
1.084,77.488228,80.319191
1.0841,77.495041,80.325859
1.0842,77.501846,80.332535
1.0843,77.508652,80.339203
1.0844001,77.515457,80.345871
1.0845,77.522263,80.352539
1.0846,77.52906,80.359207
1.0847,77.535866,80.365875
1.0848,77.542671,80.372536
1.0849,77.549477,80.379204
1.085,77.556274,80.385872
1.0851001,77.56308,80.39254
1.0852,77.569878,80.3992
1.0853,77.576683,80.405869
1.0854,77.583481,80.412529
1.0855,77.590286,80.419197
1.0856,77.597084,80.425858
1.0857,77.603882,80.432518
1.0858001,77.61068,80.439186
1.0858999,77.617477,80.445847
1.086,77.624275,80.452507
1.0861,77.631073,80.459167
1.0862,77.637871,80.465828
1.0863,77.644669,80.472488
1.0864,77.651466,80.479149
1.0865,77.658264,80.485809
1.0865999,77.665054,80.49247
1.0867,77.671852,80.499123
1.0868,77.678642,80.505783
1.0869,77.68544,80.512444
1.087,77.69223,80.519096
1.0871,77.699028,80.525757
1.0872,77.705818,80.53241
1.0872999,77.712608,80.539062
1.0874,77.719406,80.545723
1.0875,77.726196,80.552376
1.0876,77.732986,80.559029
1.0877,77.739777,80.565681
1.0878,77.746567,80.572334
1.0879,77.753357,80.578987
1.0880001,77.760147,80.58564
1.0881,77.76693,80.592293
1.0882,77.77372,80.598946
1.0883,77.78051,80.605598
1.0884,77.787292,80.612251
1.0885,77.794083,80.618896
1.0886,77.800865,80.625549
1.0887001,77.807655,80.632202
1.0888,77.814438,80.638847
1.0889,77.82122,80.645493
1.089,77.828011,80.652145
1.0891,77.834793,80.658791
1.0892,77.841576,80.665436
1.0893,77.848358,80.672089
1.0894001,77.855141,80.678734
1.0895,77.861923,80.685379
1.0896,77.868706,80.692024
1.0897,77.875488,80.698669
1.0898,77.882271,80.705315
1.0899,77.889046,80.711952
1.09,77.895828,80.718597
1.0901,77.902603,80.725243
1.0901999,77.909386,80.731888
1.0903,77.916161,80.738525
1.0904,77.922943,80.745171
1.0905,77.929718,80.751808
1.0906,77.936501,80.758453
1.0907,77.943275,80.765091
1.0908,77.95005,80.771729
1.0908999,77.956825,80.778374
1.091,77.9636,80.785011
1.0911,77.970375,80.791649
1.0912,77.97715,80.798286
1.0913,77.983925,80.804924
1.0914,77.9907,80.811562
1.0915,77.997475,80.818199
1.0915999,78.004242,80.824837
1.0917,78.011017,80.831474
1.0918,78.017784,80.838104
1.0919,78.024559,80.844742
1.092,78.031326,80.851379
1.0921,78.038101,80.858009
1.0922,78.044868,80.864647
1.0923001,78.051636,80.871277
1.0924,78.058411,80.877907
1.0925,78.065178,80.884544
1.0926,78.071945,80.891174
1.0927,78.078712,80.897804
1.0928,78.08548,80.904434
1.0929,78.092247,80.911064
1.0930001,78.099014,80.917694
1.0931,78.105782,80.924324
1.0932,78.112541,80.930954
1.0933,78.119308,80.937584
1.0934,78.126076,80.944214
1.0935,78.132835,80.950836
1.0936,78.139603,80.957466
1.0937001,78.146362,80.964096
1.0937999,78.153122,80.970718
1.0939,78.159889,80.977348
1.094,78.166649,80.983971
1.0941,78.173409,80.990601
1.0942,78.180168,80.997223
1.0943,78.186935,81.003845
1.0944,78.193695,81.010468
1.0944999,78.200455,81.01709
1.0946,78.207207,81.023712
1.0947,78.213966,81.030342
1.0948,78.220726,81.036957
1.0949,78.227486,81.043579
1.095,78.234245,81.050201
1.0951,78.240997,81.056824
1.0951999,78.247757,81.063446
1.0953,78.254509,81.070061
1.0954,78.261269,81.076683
1.0955,78.268021,81.083298
1.0956,78.274773,81.08992
1.0957,78.281532,81.096535
1.0958,78.288284,81.103157
1.0959001,78.295036,81.109772
1.096,78.301788,81.116386
1.0961,78.30854,81.123001
1.0962,78.315292,81.129623
1.0963,78.322044,81.136238
1.0964,78.328796,81.142853
1.0965,78.335541,81.149467
1.0966001,78.342293,81.156082
1.0967,78.349045,81.162689
1.0968,78.355789,81.169304
1.0969,78.362541,81.175919
1.097,78.369286,81.182526
1.0971,78.376038,81.18914
1.0972,78.382782,81.195755
1.0973001,78.389534,81.202362
1.0974,78.396278,81.208977
1.0975,78.403023,81.215584
1.0976,78.409767,81.222191
1.0977,78.416512,81.228798
1.0978,78.423256,81.235413
1.0979,78.43,81.24202
1.098,78.436745,81.248627
1.0980999,78.443489,81.255234
1.0982,78.450233,81.261841
1.0983,78.45697,81.268448
1.0984,78.463715,81.275047
1.0985,78.470451,81.281654
1.0986,78.477196,81.288261
1.0987,78.483932,81.294868
1.0987999,78.490677,81.301468
1.0989,78.497414,81.308075
1.099,78.50415,81.314674
1.0991,78.510895,81.321281
1.0992,78.517632,81.327881
1.0993,78.524368,81.33448
1.0994,78.531105,81.341087
1.0994999,78.537842,81.347687
1.0996,78.544579,81.354286
1.0997,78.551315,81.360886
1.0998,78.558052,81.367485
1.0999,78.564781,81.374084
1.1,78.571518,81.380684
1.1001,78.578255,81.387283
1.1002001,78.584984,81.393875
1.1003,78.591721,81.400475
1.1004,78.59845,81.407074
1.1005,78.605186,81.413666
1.1006,78.611916,81.420265
1.1007,78.618645,81.426857
1.1008,78.625374,81.433456
1.1009001,78.632111,81.440048
1.101,78.63884,81.44664
1.1011,78.645569,81.453239
1.1012,78.652298,81.459831
1.1013,78.659027,81.466423
1.1014,78.665749,81.473015
1.1015,78.672478,81.479607
1.1016001,78.679207,81.486198
1.1016999,78.685936,81.49279
1.1018,78.692657,81.499382
1.1019,78.699387,81.505966
1.102,78.706108,81.512558
1.1021,78.712837,81.51915
1.1022,78.719559,81.525734
1.1023,78.726288,81.532326
1.1023999,78.733009,81.53891
1.1025,78.739731,81.545502
1.1026,78.746452,81.552086
1.1027,78.753174,81.55867
1.1028,78.759895,81.565262
1.1029,78.766617,81.571846
1.103,78.773338,81.57843
1.1030999,78.78006,81.585014
1.1032,78.786781,81.591599
1.1033,78.793495,81.598183
1.1034,78.800217,81.604767
1.1035,78.806938,81.611351
1.1036,78.813652,81.617928
1.1037,78.820374,81.624512
1.1038001,78.827087,81.631096
1.1039,78.833801,81.637672
1.104,78.840523,81.644257
1.1041,78.847237,81.650833
1.1042,78.853951,81.657417
1.1043,78.860664,81.663994
1.1044,78.867378,81.67057
1.1045001,78.874092,81.677155
1.1046,78.880806,81.683731
1.1047,78.88752,81.690308
1.1048,78.894234,81.696884
1.1049,78.900948,81.703461
1.105,78.907661,81.710037
1.1051,78.914368,81.716614
1.1052001,78.921082,81.72319
1.1052999,78.927788,81.729759
1.1054,78.934502,81.736336
1.1055,78.941208,81.742912
1.1056,78.947922,81.749481
1.1057,78.954628,81.756058
1.1058,78.961334,81.762627
1.1059,78.96804,81.769203
1.1059999,78.974747,81.775772
1.1061,78.981453,81.782341
1.1062,78.988159,81.788918
1.1063,78.994865,81.795486
1.1064,79.001572,81.802055
1.1065,79.008278,81.808624
1.1066,79.014984,81.815193
1.1066999,79.021683,81.821762
1.1068,79.028389,81.828331
1.1069,79.035095,81.8349
1.107,79.041794,81.841461
1.1071,79.0485,81.84803
1.1072,79.055199,81.854599
1.1073,79.061897,81.86116
1.1073999,79.068604,81.867729
1.1075,79.075302,81.87429
1.1076,79.082001,81.880859
1.1077,79.088699,81.887421
1.1078,79.095398,81.893982
1.1079,79.102097,81.900543
1.108,79.108795,81.907112
1.1081001,79.115494,81.913673
1.1082,79.122192,81.920235
1.1083,79.128883,81.926796
1.1084,79.135582,81.933357
1.1085,79.142281,81.939919
1.1086,79.148972,81.946472
1.1087,79.15567,81.953033
1.1088001,79.162361,81.959595
1.1089,79.16906,81.966156
1.109,79.175751,81.97271
1.1091,79.182442,81.979271
1.1092,79.189133,81.985825
1.1093,79.195831,81.992378
1.1094,79.202522,81.99894
1.1095001,79.209213,82.005493
1.1095999,79.215904,82.012047
1.1097,79.222588,82.018608
1.1098,79.229279,82.025162
1.1099,79.23597,82.031715
1.11,79.242661,82.038269
1.1101,79.249344,82.044823
1.1102,79.256035,82.051369
1.1102999,79.262726,82.057922
1.1104,79.269409,82.064476
1.1105,79.2761,82.07103
1.1106,79.282784,82.077576
1.1107,79.289467,82.084129
1.1108,79.29615,82.090675
1.1109,79.302841,82.097229
1.1109999,79.309525,82.103775
1.1111,79.316208,82.110329
1.1112,79.322891,82.116875
1.1113,79.329575,82.123421
1.1114,79.336258,82.129967
1.1115,79.342934,82.136513
1.1116,79.349617,82.143059
1.1117001,79.3563,82.149605
1.1118,79.362984,82.156151
1.1119,79.369659,82.162697
1.112,79.376343,82.169243
1.1121,79.383018,82.175789
1.1122,79.389702,82.182335
1.1123,79.396378,82.188873
1.1124001,79.403053,82.195419
1.1125,79.409729,82.201958
1.1126,79.416412,82.208504
1.1127,79.423088,82.215042
1.1128,79.429764,82.221581
1.1129,79.43644,82.228127
1.113,79.443115,82.234665
1.1131001,79.449791,82.241203
1.1131999,79.456459,82.247742
1.1133,79.463135,82.25428
1.1134,79.46981,82.260818
1.1135,79.476479,82.267357
1.1136,79.483154,82.273895
1.1137,79.48983,82.280434
1.1138,79.496498,82.286972
1.1138999,79.503166,82.293503
1.114,79.509842,82.300041
1.1141,79.51651,82.30658
1.1142,79.523178,82.31311
1.1143,79.529846,82.319641
1.1144,79.536514,82.32618
1.1145,79.54319,82.33271
1.1145999,79.549858,82.339241
1.1147,79.556519,82.345779
1.1148,79.563187,82.35231
1.1149,79.569855,82.358841
1.115,79.576523,82.365372
1.1151,79.583183,82.371902
1.1152,79.589851,82.378433
1.1153001,79.596519,82.384964
1.1154,79.60318,82.391495
1.1155,79.609848,82.398018
1.1156,79.616508,82.404549
1.1157,79.623169,82.411079
1.1158,79.629837,82.417603
1.1159,79.636497,82.424133
1.1160001,79.643158,82.430656
1.1161,79.649818,82.437187
1.1162,79.656479,82.44371
1.1163,79.663139,82.450233
1.1164,79.6698,82.456757
1.1165,79.67646,82.463287
1.1166,79.683113,82.46981
1.1167001,79.689774,82.476334
1.1168,79.696434,82.482857
1.1169,79.703087,82.48938
1.117,79.709747,82.495895
1.1171,79.7164,82.502419
1.1172,79.723061,82.508942
1.1173,79.729713,82.515465
1.1174001,79.736374,82.52198
1.1174999,79.743027,82.528503
1.1176,79.74968,82.535019
1.1177,79.756332,82.541542
1.1178,79.762985,82.548058
1.1179,79.769638,82.554581
1.118,79.776291,82.561096
1.1181,79.782944,82.567612
1.1181999,79.789597,82.574127
1.1183,79.796249,82.580643
1.1184,79.802895,82.587158
1.1185,79.809547,82.593674
1.1186,79.8162,82.600189
1.1187,79.822845,82.606705
1.1188,79.829498,82.61322
1.1188999,79.836143,82.619736
1.119,79.842789,82.626244
1.1191,79.849442,82.632759
1.1192,79.856087,82.639275
1.1193,79.862732,82.645782
1.1194,79.869377,82.65229
1.1195,79.876022,82.658806
1.1196001,79.882668,82.665314
1.1197,79.889313,82.671822
1.1198,79.895958,82.678337
1.1199,79.902603,82.684845
1.12,79.909241,82.691353
1.1201,79.915886,82.697861
1.1202,79.922531,82.704369
1.1203001,79.929169,82.710876
1.1204,79.935814,82.717384
1.1205,79.942451,82.723892
1.1206,79.949097,82.730392
1.1207,79.955734,82.7369
1.1208,79.962372,82.743408
1.1209,79.969009,82.749908
1.1210001,79.975655,82.756416
1.1210999,79.982292,82.762917
1.1212,79.98893,82.769417
1.1213,79.995567,82.775925
1.1214,80.002205,82.782425
1.1215,80.008842,82.788925
1.1216,80.015472,82.795425
1.1217,80.02211,82.801933
1.1217999,80.028748,82.808434
1.1219,80.035378,82.814934
1.122,80.042015,82.821426
1.1221,80.048645,82.827927
1.1222,80.055283,82.834427
1.1223,80.061913,82.840927
1.1224,80.068542,82.84742
1.1224999,80.07518,82.85392
1.1226,80.08181,82.86042
1.1227,80.08844,82.866913
1.1228,80.09507,82.873413
1.1229,80.1017,82.879906
1.123,80.10833,82.886398
1.1231,80.11496,82.892899
1.1232001,80.12159,82.899391
1.1233,80.12822,82.905884
1.1234,80.134842,82.912376
1.1235,80.141472,82.918869
1.1236,80.148102,82.925362
1.1237,80.154724,82.931854
1.1238,80.161354,82.938347
1.1239001,80.167976,82.944839
1.124,80.174599,82.951324
1.1241,80.181229,82.957817
1.1242,80.187851,82.96431
1.1243,80.194473,82.970795
1.1244,80.201096,82.977287
1.1245,80.207718,82.983772
1.1246001,80.21434,82.990265
1.1247,80.220963,82.99675
1.1248,80.227585,83.003235
1.1249,80.234207,83.00972
1.125,80.240829,83.016205
1.1251,80.247444,83.022697
1.1252,80.254066,83.029182
1.1253,80.260689,83.035667
1.1253999,80.267303,83.042145
1.1255,80.273926,83.04863
1.1256,80.28054,83.055115
1.1257,80.287155,83.0616
1.1258,80.293777,83.068077
1.1259,80.300392,83.074562
1.126,80.307007,83.081047
1.1260999,80.313622,83.087524
1.1262,80.320236,83.094009
1.1263,80.326851,83.100487
1.1264,80.333466,83.106964
1.1265,80.34008,83.113449
1.1266,80.346695,83.119926
1.1267,80.353302,83.126404
1.1267999,80.359917,83.132881
1.1269,80.366531,83.139359
1.127,80.373138,83.145836
1.1271,80.379753,83.152313
1.1272,80.38636,83.158791
1.1273,80.392975,83.165268
1.1274,80.399582,83.171738
1.1275001,80.406189,83.178215
1.1276,80.412796,83.184692
1.1277,80.419411,83.191162
1.1278,80.426018,83.197639
1.1279,80.432625,83.204109
1.128,80.439232,83.210579
1.1281,80.445839,83.217056
1.1282001,80.452438,83.223526
1.1283,80.459045,83.229996
1.1284,80.465652,83.236465
1.1285,80.47226,83.242935
1.1286,80.478859,83.249405
1.1287,80.485466,83.255875
1.1288,80.492065,83.262344
1.1289001,80.498672,83.268814
1.1289999,80.505272,83.275284
1.1291,80.511871,83.281754
1.1292,80.518478,83.288216
1.1293,80.525078,83.294685
1.1294,80.531677,83.301147
1.1295,80.538277,83.307617
1.1296,80.544876,83.314079
1.1296999,80.551476,83.320549
1.1298,80.558075,83.327011
1.1299,80.564674,83.333473
1.13,80.571266,83.339943
1.1301,80.577866,83.346405
1.1302,80.584465,83.352867
1.1303,80.591057,83.359329
1.1303999,80.597656,83.365791
1.1305,80.604248,83.372253
1.1306,80.610847,83.378708
1.1307,80.617439,83.38517
1.1308,80.624031,83.391632
1.1309,80.63063,83.398094
1.131,80.637222,83.404549
1.1311001,80.643814,83.411011
1.1312,80.650406,83.417465
1.1313,80.656998,83.423927
1.1314,80.663589,83.430382
1.1315,80.670181,83.436836
1.1316,80.676773,83.443298
1.1317,80.683357,83.449753
1.1318001,80.689949,83.456207
1.1319,80.696541,83.462662
1.132,80.703125,83.469116
1.1321,80.709717,83.475571
1.1322,80.716301,83.482025
1.1323,80.722893,83.48848
1.1324,80.729477,83.494934
1.1325001,80.736061,83.501381
1.1325999,80.742645,83.507835
1.1327,80.749237,83.51429
1.1328,80.755821,83.520737
1.1329,80.762405,83.527191
1.133,80.76899,83.533638
1.1331,80.775574,83.540085
1.1332,80.782158,83.546539
1.1332999,80.788734,83.552986
1.1334,80.795319,83.559433
1.1335,80.801903,83.56588
1.1336,80.808479,83.572327
1.1337,80.815063,83.578773
1.1338,80.82164,83.58522
1.1339,80.828224,83.591667
1.1339999,80.834801,83.598114
1.1341,80.841385,83.604561
1.1342,80.847961,83.611008
1.1343,80.854538,83.617447
1.1344,80.861115,83.623894
1.1345,80.867691,83.630333
1.1346,80.874268,83.63678
1.1346999,80.880844,83.643219
1.1348,80.887421,83.649666
1.1349,80.893997,83.656105
1.135,80.900574,83.662544
1.1351,80.907143,83.668983
1.1352,80.913719,83.67543
1.1353,80.920296,83.68187
1.1354001,80.926865,83.688309
1.1355,80.933441,83.694748
1.1356,80.94001,83.701187
1.1357,80.946579,83.707619
1.1358,80.953156,83.714058
1.1359,80.959724,83.720497
1.136,80.966293,83.726936
1.1361001,80.972862,83.733368
1.1362,80.979431,83.739807
1.1363,80.986,83.746239
1.1364,80.992569,83.752678
1.1365,80.999138,83.759109
1.1366,81.005707,83.765541
1.1367,81.012276,83.771973
1.1368001,81.018845,83.778412
1.1368999,81.025406,83.784843
1.137,81.031975,83.791275
1.1371,81.038536,83.797707
1.1372,81.045105,83.804138
1.1373,81.051666,83.81057
1.1374,81.058228,83.817001
1.1375,81.064796,83.823425
1.1375999,81.071358,83.829857
1.1377,81.077919,83.836288
1.1378,81.08448,83.842712
1.1379,81.091042,83.849144
1.138,81.097603,83.855568
1.1381,81.104164,83.862
1.1382,81.110725,83.868423
1.1382999,81.117287,83.874847
1.1384,81.123848,83.881279
1.1385,81.130402,83.887703
1.1386,81.136963,83.894127
1.1387,81.143524,83.900551
1.1388,81.150078,83.906975
1.1389,81.156631,83.913399
1.1390001,81.163193,83.919823
1.1391,81.169746,83.926247
1.1392,81.1763,83.932671
1.1393,81.182861,83.939087
1.1394,81.189415,83.945511
1.1395,81.195969,83.951927
1.1396,81.202522,83.958351
1.1397001,81.209076,83.964767
1.1398,81.21563,83.971191
1.1399,81.222183,83.977608
1.14,81.228729,83.984032
1.1401,81.235283,83.990448
1.1402,81.241837,83.996864
1.1403,81.248383,84.003281
1.1404001,81.254936,84.009697
1.1404999,81.261482,84.016113
1.1406,81.268036,84.02253
1.1407,81.274582,84.028946
1.1408,81.281136,84.035362
1.1409,81.287682,84.041779
1.141,81.294228,84.048187
1.1411,81.300774,84.054604
1.1411999,81.30732,84.06102
1.1413,81.313866,84.067429
1.1414,81.320412,84.073845
1.1415,81.326958,84.080254
1.1416,81.333504,84.086662
1.1417,81.34005,84.093079
1.1418,81.346588,84.099487
1.1418999,81.353134,84.105896
1.142,81.35968,84.112305
1.1421,81.366219,84.118713
1.1422,81.372765,84.125122
1.1423,81.379303,84.131531
1.1424,81.385841,84.137939
1.1425,81.392387,84.144348
1.1426001,81.398926,84.150757
1.1427,81.405464,84.157158
1.1428,81.412003,84.163567
1.1429,81.418541,84.169975
1.143,81.425079,84.176376
1.1431,81.431618,84.182785
1.1432,81.438156,84.189186
1.1433001,81.444695,84.195587
1.1434,81.451233,84.201996
1.1435,81.457764,84.208397
1.1436,81.464302,84.214798
1.1437,81.47084,84.221199
1.1438,81.477371,84.2276
1.1439,81.48391,84.234001
1.1440001,81.49044,84.240402
1.1441,81.496971,84.246803
1.1442,81.50351,84.253204
1.1443,81.51004,84.259605
1.1444,81.516571,84.266006
1.1445,81.523102,84.2724
1.1446,81.529633,84.278801
1.1447001,81.536163,84.285194
1.1447999,81.542694,84.291595
1.1449,81.549225,84.297989
1.145,81.555756,84.30439
1.1451,81.562279,84.310783
1.1452,81.56881,84.317177
1.1453,81.57534,84.32357
1.1454,81.581863,84.329964
1.1454999,81.588394,84.336357
1.1456,81.594917,84.342751
1.1457,81.601448,84.349144
1.1458,81.607971,84.355537
1.1459,81.614494,84.361931
1.146,81.621017,84.368324
1.1461,81.627541,84.374718
1.1461999,81.634071,84.381104
1.1463,81.640594,84.387497
1.1464,81.64711,84.393883
1.1465,81.653633,84.400276
1.1466,81.660156,84.406662
1.1467,81.666679,84.413055
1.1468,81.673203,84.419441
1.1469001,81.679718,84.425827
1.147,81.686241,84.432213
1.1471,81.692764,84.438599
1.1472,81.69928,84.444984
1.1473,81.705795,84.45137
1.1474,81.712318,84.457756
1.1475,81.718834,84.464142
1.1476001,81.725349,84.470528
1.1477,81.731873,84.476913
1.1478,81.738388,84.483299
1.1479,81.744904,84.489677
1.148,81.751419,84.496063
1.1481,81.757935,84.502441
1.1482,81.76445,84.508827
1.1483001,81.770958,84.515205
1.1483999,81.777473,84.521591
1.1485,81.783989,84.527969
1.1486,81.790497,84.534348
1.1487,81.797012,84.540726
1.1488,81.803528,84.547104
1.1489,81.810036,84.553482
1.149,81.816544,84.55986
1.1490999,81.823059,84.566238
1.1492,81.829567,84.572617
1.1493,81.836075,84.578995
1.1494,81.842583,84.585373
1.1495,81.849098,84.591751
1.1496,81.855606,84.598122
1.1497,81.862114,84.6045
1.1497999,81.868622,84.61087
1.1499,81.875122,84.617249
1.15,81.88163,84.623619
1.1501,81.888138,84.629997
1.1502,81.894646,84.636368
1.1503,81.901146,84.642738
1.1504,81.907654,84.649109
1.1505001,81.914154,84.655479
1.1506,81.920662,84.66185
1.1507,81.927162,84.668221
1.1508,81.933662,84.674591
1.1509,81.94017,84.680962
1.151,81.946671,84.687332
1.1511,81.953171,84.693703
1.1512001,81.959671,84.700073
1.1513,81.966171,84.706436
1.1514,81.972672,84.712807
1.1515,81.979172,84.71917
1.1516,81.985672,84.72554
1.1517,81.992172,84.731903
1.1518,81.998665,84.738274
1.1519001,82.005165,84.744637
1.152,82.011665,84.750999
1.1521,82.018158,84.757362
1.1522,82.024658,84.763725
1.1523,82.031151,84.770088
1.1524,82.037651,84.776451
1.1525,82.044144,84.782814
1.1526,82.050636,84.789177
1.1526999,82.057129,84.79554
1.1528,82.063622,84.801903
1.1529,82.070122,84.808258
1.153,82.076614,84.814621
1.1531,82.083099,84.820984
1.1532,82.089592,84.827339
1.1533,82.096085,84.833702
1.1533999,82.102577,84.840057
1.1535,82.10907,84.846413
1.1536,82.115555,84.852776
1.1537,82.122047,84.859131
1.1538,82.128532,84.865486
1.1539,82.135025,84.871841
1.154,82.14151,84.878197
1.1540999,82.148003,84.884552
1.1542,82.154488,84.890907
1.1543,82.160973,84.897263
1.1544,82.167458,84.903618
1.1545,82.173943,84.909973
1.1546,82.180435,84.916321
1.1547,82.18692,84.922676
1.1548001,82.193398,84.929031
1.1549,82.199883,84.935379
1.155,82.206367,84.941734
1.1551,82.212852,84.948082
1.1552,82.219337,84.95443
1.1553,82.225815,84.960785
1.1554,82.2323,84.967133
1.1555001,82.238777,84.97348
1.1556,82.245262,84.979828
1.1557,82.25174,84.986176
1.1558,82.258224,84.992523
1.1559,82.264702,84.998871
1.156,82.271179,85.005219
1.1561,82.277657,85.011566
1.1562001,82.284134,85.017914
1.1562999,82.290611,85.024254
1.1564,82.297089,85.030602
1.1565,82.303566,85.036942
1.1566,82.310043,85.043289
1.1567,82.316521,85.049629
1.1568,82.322998,85.055977
1.1569,82.329468,85.062317
1.1569999,82.335945,85.068657
1.1571,82.342415,85.075005
1.1572,82.348892,85.081345
1.1573,82.355362,85.087685
1.1574,82.361839,85.094025
1.1575,82.368309,85.100365
1.1576,82.374779,85.106705
1.1576999,82.381248,85.113045
1.1578,82.387726,85.119385
1.1579,82.394196,85.125717
1.158,82.400665,85.132057
1.1581,82.407135,85.138397
1.1582,82.413605,85.14473
1.1583,82.420067,85.15107
1.1584001,82.426537,85.157402
1.1585,82.433006,85.163742
1.1586,82.439476,85.170074
1.1587,82.445938,85.176407
1.1588,82.452408,85.182747
1.1589,82.45887,85.189079
1.159,82.46534,85.195412
1.1591001,82.471802,85.201744
1.1592,82.478264,85.208076
1.1593,82.484734,85.214409
1.1594,82.491196,85.220741
1.1595,82.497658,85.227066
1.1596,82.50412,85.233398
1.1597,82.510582,85.239731
1.1598001,82.517044,85.246063
1.1599,82.523506,85.252388
1.16,82.529968,85.25872
1.1601,82.536423,85.265045
1.1602,82.542885,85.271378
1.1603,82.549347,85.277702
1.1604,82.555801,85.284027
1.1605,82.562263,85.290352
1.1605999,82.568718,85.296684
1.1607,82.57518,85.303009
1.1608,82.581635,85.309334
1.1609,82.588089,85.315659
1.161,82.594543,85.321983
1.1611,82.601006,85.3283
1.1612,82.60746,85.334625
1.1612999,82.613914,85.34095
1.1614,82.620369,85.347275
1.1615,82.626823,85.353592
1.1616,82.633278,85.359917
1.1617,82.639725,85.366234
1.1618,82.646179,85.372559
1.1619,82.652634,85.378876
1.1619999,82.659081,85.385201
1.1621,82.665535,85.391518
1.1622,82.671982,85.397835
1.1623,82.678436,85.404152
1.1624,82.684883,85.410469
1.1625,82.691338,85.416794
1.1626,82.697784,85.423103
1.1627001,82.704231,85.42942
1.1628,82.710678,85.435738
1.1629,82.717125,85.442055
1.163,82.723572,85.448372
1.1631,82.730019,85.454689
1.1632,82.736465,85.460999
1.1633,82.742912,85.467316
1.1634001,82.749359,85.473625
1.1635,82.755806,85.479942
1.1636,82.762245,85.486252
1.1637,82.768692,85.492561
1.1638,82.775131,85.498878
1.1639,82.781578,85.505188
1.164,82.788017,85.511497
1.1641001,82.794464,85.517807
1.1641999,82.800903,85.524117
1.1643,82.807343,85.530426
1.1644,82.813782,85.536736
1.1645,82.820229,85.543045
1.1646,82.826668,85.549355
1.1647,82.833107,85.555664
1.1648,82.839546,85.561966
1.1648999,82.845978,85.568275
1.165,82.852417,85.574585
1.1651,82.858856,85.580887
1.1652,82.865295,85.587196
1.1653,82.871727,85.593498
1.1654,82.878166,85.5998
1.1655,82.884605,85.60611
1.1655999,82.891037,85.612411
1.1657,82.897469,85.618713
1.1658,82.903908,85.625015
1.1659,82.910339,85.631317
1.166,82.916771,85.637619
1.1661,82.923203,85.643921
1.1662,82.929642,85.650223
1.1663001,82.936073,85.656525
1.1664,82.942505,85.662819
1.1665,82.948936,85.669121
1.1666,82.95536,85.675423
1.1667,82.961792,85.681717
1.1668,82.968224,85.688019
1.1669,82.974655,85.694313
1.1670001,82.981079,85.700615
1.1671,82.987511,85.706909
1.1672,82.993935,85.713203
1.1673,83.000366,85.719505
1.1674,83.00679,85.7258
1.1675,83.013222,85.732094
1.1676,83.019646,85.738388
1.1677001,83.02607,85.744682
1.1677999,83.032494,85.750977
1.1679,83.038918,85.757271
1.168,83.045341,85.763557
1.1681,83.051765,85.769852
1.1682,83.058189,85.776146
1.1683,83.064613,85.78244
1.1684,83.071037,85.788727
1.1684999,83.077461,85.795021
1.1686,83.083878,85.801308
1.1687,83.090302,85.807594
1.1688,83.096718,85.813889
1.1689,83.103142,85.820175
1.169,83.109558,85.826462
1.1691,83.115982,85.832748
1.1691999,83.122398,85.839043
1.1693,83.128815,85.845329
1.1694,83.135231,85.851616
1.1695,83.141655,85.857903
1.1696,83.148071,85.864182
1.1697,83.154488,85.870468
1.1698,83.160904,85.876755
1.1698999,83.16732,85.883041
1.17,83.173729,85.88932
1.1701,83.180145,85.895607
1.1702,83.186562,85.901886
1.1703,83.192978,85.908173
1.1704,83.199387,85.914452
1.1705,83.205803,85.920738
1.1706001,83.212212,85.927017
1.1707,83.218628,85.933296
1.1708,83.225037,85.939575
1.1709,83.231445,85.945854
1.171,83.237854,85.952133
1.1711,83.24427,85.958412
1.1712,83.250679,85.964691
1.1713001,83.257088,85.97097
1.1714,83.263496,85.977249
1.1715,83.269905,85.983528
1.1716,83.276314,85.989799
1.1717,83.282715,85.996078
1.1718,83.289124,86.002357
1.1719,83.295532,86.008629
1.1720001,83.301941,86.014908
1.1720999,83.308342,86.021179
1.1722,83.314751,86.027451
1.1723,83.321152,86.03373
1.1724,83.327553,86.040001
1.1725,83.333961,86.046272
1.1726,83.340363,86.052544
1.1727,83.346764,86.058815
1.1727999,83.353172,86.065086
1.1729,83.359573,86.071358
1.173,83.365974,86.077629
1.1731,83.372375,86.0839
1.1732,83.378777,86.090164
1.1733,83.38517,86.096436
1.1734,83.391571,86.102707
1.1734999,83.397972,86.108971
1.1736,83.404373,86.115242
1.1737,83.410767,86.121506
1.1738,83.417168,86.127777
1.1739,83.423561,86.134041
1.174,83.429962,86.140305
1.1741,83.436356,86.146576
1.1742001,83.442749,86.15284
1.1743,83.44915,86.159103
1.1744,83.455544,86.165367
1.1745,83.461937,86.171631
1.1746,83.46833,86.177895
1.1747,83.474724,86.184158
1.1748,83.481117,86.190414
1.1749001,83.487511,86.196678
1.175,83.493904,86.202942
1.1751,83.500298,86.209198
1.1752,83.506683,86.215462
1.1753,83.513077,86.221725
1.1754,83.51947,86.227982
1.1755,83.525856,86.234238
1.1756001,83.532249,86.240501
1.1756999,83.538635,86.246758
1.1758,83.545021,86.253014
1.1759,83.551414,86.25927
1.176,83.5578,86.265533
1.1761,83.564186,86.27179
1.1762,83.570572,86.278046
1.1763,83.576958,86.284294
1.1763999,83.583344,86.29055
1.1765,83.589729,86.296806
1.1766,83.596115,86.303062
1.1767,83.602501,86.309319
1.1768,83.608887,86.315567
1.1769,83.615273,86.321823
1.177,83.621651,86.328072
1.1770999,83.628036,86.334328
1.1772,83.634415,86.340576
1.1773,83.6408,86.346825
1.1774,83.647179,86.353081
1.1775,83.653564,86.359329
1.1776,83.659943,86.365578
1.1777,83.666321,86.371826
1.1778001,83.672699,86.378075
1.1779,83.679077,86.384323
1.178,83.685455,86.390572
1.1781,83.691833,86.39682
1.1782,83.698212,86.403069
1.1783,83.70459,86.409317
1.1784,83.710968,86.415558
1.1785001,83.717346,86.421806
1.1786,83.723717,86.428055
1.1787,83.730095,86.434296
1.1788,83.736473,86.440536
1.1789,83.742844,86.446785
1.179,83.749222,86.453026
1.1791,83.755592,86.459274
1.1792001,83.761963,86.465515
1.1793,83.768341,86.471756
1.1794,83.774712,86.477997
1.1795,83.781082,86.484238
1.1796,83.787453,86.490479
1.1797,83.793823,86.496719
1.1798,83.800194,86.50296
1.1799001,83.806564,86.509201
1.1799999,83.812935,86.515434
1.1801,83.819305,86.521675
1.1802,83.825668,86.527916
1.1803,83.832039,86.534149
1.1804,83.838409,86.54039
1.1805,83.844772,86.546623
1.1806,83.851143,86.552864
1.1806999,83.857506,86.559097
1.1808,83.863869,86.565331
1.1809,83.870239,86.571564
1.181,83.876602,86.577805
1.1811,83.882965,86.584038
1.1812,83.889328,86.590271
1.1813,83.895691,86.596504
1.1813999,83.902054,86.602737
1.1815,83.908417,86.608971
1.1816,83.91478,86.615196
1.1817,83.921143,86.621429
1.1818,83.927505,86.627663
1.1819,83.933868,86.633888
1.182,83.940224,86.640121
1.1821001,83.946587,86.646355
1.1822,83.952942,86.65258
1.1823,83.959305,86.658806
1.1824,83.96566,86.665039
1.1825,83.972023,86.671265
1.1826,83.978378,86.67749
1.1827,83.984734,86.683716
1.1828001,83.991089,86.689941
1.1829,83.997452,86.696175
1.183,84.003807,86.702393
1.1831,84.010162,86.708618
1.1832,84.016518,86.714844
1.1833,84.022865,86.721069
1.1834,84.029221,86.727295
1.1835001,84.035576,86.733521
1.1835999,84.041931,86.739738
1.1837,84.048279,86.745964
1.1838,84.054634,86.752182
1.1839,84.060982,86.758408
1.184,84.067337,86.764626
1.1841,84.073685,86.770844
1.1842,84.08004,86.777069
1.1842999,84.086388,86.783287
1.1844,84.092735,86.789505
1.1845,84.099083,86.795723
1.1846,84.105431,86.801941
1.1847,84.111778,86.808159
1.1848,84.118126,86.814377
1.1849,84.124474,86.820595
1.1849999,84.130821,86.826813
1.1851,84.137169,86.833031
1.1852,84.143517,86.839241
1.1853,84.149857,86.845459
1.1854,84.156204,86.851669
1.1855,84.162552,86.857887
1.1856,84.168892,86.864098
1.1857001,84.17524,86.870316
1.1858,84.18158,86.876526
1.1859,84.18792,86.882736
1.186,84.19426,86.888954
1.1861,84.200607,86.895164
1.1862,84.206947,86.901375
1.1863,84.213287,86.907585
1.1864001,84.219627,86.913795
1.1865,84.225967,86.920006
1.1866,84.232307,86.926216
1.1867,84.238647,86.932426
1.1868,84.24498,86.938629
1.1869,84.25132,86.944839
1.187,84.25766,86.95105
1.1871001,84.263992,86.957253
1.1872,84.270332,86.963463
1.1873,84.276665,86.969666
1.1874,84.283005,86.975876
1.1875,84.289337,86.982079
1.1876,84.295677,86.988281
1.1877,84.30201,86.994484
1.1878,84.308342,87.000694
1.1878999,84.314674,87.006897
1.188,84.321007,87.0131
1.1881,84.327339,87.019302
1.1882,84.333672,87.025505
1.1883,84.340004,87.031708
1.1884,84.346336,87.037903
1.1885,84.352669,87.044106
1.1885999,84.358994,87.050308
1.1887,84.365326,87.056503
1.1888,84.371658,87.062706
1.1889,84.377983,87.068909
1.189,84.384315,87.075104
1.1891,84.39064,87.081299
1.1892,84.396965,87.087502
1.1892999,84.403297,87.093697
1.1894,84.409622,87.099892
1.1895,84.415947,87.106087
1.1896,84.422272,87.112289
1.1897,84.428596,87.118484
1.1898,84.434921,87.12468
1.1899,84.441246,87.130867
1.1900001,84.447571,87.137062
1.1901,84.453896,87.143257
1.1902,84.46022,87.149452
1.1903,84.466537,87.155647
1.1904,84.472862,87.161835
1.1905,84.479179,87.16803
1.1906,84.485504,87.174217
1.1907001,84.491821,87.180412
1.1908,84.498146,87.1866
1.1909,84.504463,87.192795
1.191,84.51078,87.198982
1.1911,84.517105,87.20517
1.1912,84.523422,87.211357
1.1913,84.529739,87.217545
1.1914001,84.536057,87.223732
1.1914999,84.542374,87.229919
1.1916,84.548691,87.236107
1.1917,84.555008,87.242294
1.1918,84.561317,87.248482
1.1919,84.567635,87.254669
1.192,84.573952,87.260849
1.1921,84.580261,87.267036
1.1921999,84.586578,87.273224
1.1923,84.592888,87.279404
1.1924,84.599205,87.285591
1.1925,84.605515,87.291771
1.1926,84.611832,87.297951
1.1927,84.618141,87.304138
1.1928,84.624451,87.310318
1.1928999,84.63076,87.316498
1.193,84.63707,87.322678
1.1931,84.643379,87.328857
1.1932,84.649689,87.335037
1.1933,84.655998,87.341217
1.1934,84.662308,87.347397
1.1935,84.668617,87.353577
1.1936001,84.674919,87.359756
1.1937,84.681229,87.365929
1.1938,84.687538,87.372108
1.1939,84.69384,87.378281
1.194,84.70015,87.38446
1.1941,84.706451,87.390633
1.1942,84.712761,87.396812
1.1943001,84.719063,87.402985
1.1944,84.725365,87.409157
1.1945,84.731667,87.415337
1.1946,84.737968,87.421509
1.1947,84.74427,87.427681
1.1948,84.750572,87.433853
1.1949,84.756874,87.440025
1.1950001,84.763176,87.446198
1.1950999,84.769478,87.45237
1.1952,84.77578,87.458542
1.1953,84.782082,87.464706
1.1954,84.788376,87.470879
1.1955,84.794678,87.477051
1.1956,84.800972,87.483215
1.1957,84.807274,87.489388
1.1957999,84.813568,87.495552
1.1959,84.819862,87.501724
1.196,84.826164,87.507889
1.1961,84.832458,87.514053
1.1962,84.838753,87.520226
1.1963,84.845047,87.52639
1.1964,84.851341,87.532555
1.1964999,84.857635,87.538719
1.1966,84.86393,87.544884
1.1967,84.870224,87.551048
1.1968,84.876518,87.557213
1.1969,84.882812,87.563377
1.197,84.889099,87.569534
1.1971,84.895393,87.575699
1.1971999,84.90168,87.581863
1.1973,84.907974,87.58802
1.1974,84.914261,87.594185
1.1975,84.920555,87.600342
1.1976,84.926842,87.606506
1.1977,84.933128,87.612663
1.1978,84.939423,87.61882
1.1979001,84.945709,87.624977
1.198,84.951996,87.631142
1.1981,84.958282,87.637299
1.1982,84.964569,87.643456
1.1983,84.970856,87.649612
1.1984,84.977142,87.655769
1.1985,84.983421,87.661926
1.1986001,84.989708,87.668076
1.1987,84.995995,87.674232
1.1988,85.002274,87.680389
1.1989,85.00856,87.686546
1.199,85.014839,87.692696
1.1991,85.021126,87.698853
1.1992,85.027405,87.705002
1.1993001,85.033691,87.711159
1.1993999,85.03997,87.717308
1.1995,85.046249,87.723457
1.1996,85.052528,87.729607
1.1997,85.058807,87.735764
1.1998,85.065086,87.741913
1.1999,85.071365,87.748062
1.2,85.077644,87.754211
1.2000999,85.083923,87.760361
1.2002,85.090202,87.76651
1.2003,85.096474,87.772652
1.2004,85.102753,87.778801
1.2005,85.109032,87.78495
1.2006,85.115303,87.791092
1.2007,85.121582,87.797241
1.2007999,85.127853,87.803391
1.2009,85.134125,87.809532
1.201,85.140404,87.815674
1.2011,85.146675,87.821823
1.2012,85.152946,87.827965
1.2013,85.159218,87.834106
1.2014,85.165489,87.840256
1.2015001,85.171761,87.846397
1.2016,85.178032,87.852539
1.2017,85.184303,87.858681
1.2018,85.190575,87.864822
1.2019,85.196846,87.870964
1.202,85.20311,87.877098
1.2021,85.209381,87.88324
1.2022001,85.215645,87.889381
1.2023,85.221916,87.895515
1.2024,85.22818,87.901657
1.2025,85.234451,87.907799
1.2026,85.240715,87.913933
1.2027,85.246979,87.920067
1.2028,85.25325,87.926208
1.2029001,85.259514,87.932343
1.2029999,85.265778,87.938477
1.2031,85.272041,87.944618
1.2032,85.278305,87.950752
1.2033,85.284569,87.956886
1.2034,85.290833,87.96302
1.2035,85.297096,87.969154
1.2036,85.303352,87.975288
1.2036999,85.309616,87.981415
1.2038,85.31588,87.987549
1.2039,85.322136,87.993683
1.204,85.3284,87.999809
1.2041,85.334656,88.005943
1.2042,85.340912,88.012077
1.2043,85.347176,88.018204
1.2043999,85.353432,88.02433
1.2045,85.359688,88.030464
1.2046,85.365944,88.036591
1.2047,85.3722,88.042717
1.2048,85.378456,88.048851
1.2049,85.384712,88.054977
1.205,85.390968,88.061104
1.2051001,85.397224,88.06723
1.2052,85.403481,88.073357
1.2053,85.409737,88.079483
1.2054,85.415985,88.085602
1.2055,85.422241,88.091728
1.2056,85.428497,88.097855
1.2057,85.434746,88.103973
1.2058001,85.440994,88.1101
1.2059,85.44725,88.116226
1.206,85.453499,88.122345
1.2061,85.459747,88.128471
1.2062,85.466003,88.13459
1.2063,85.472252,88.140709
1.2064,85.4785,88.146828
1.2065001,85.484749,88.152954
1.2066,85.490997,88.159073
1.2067,85.497246,88.165192
1.2068,85.503487,88.17131
1.2069,85.509735,88.177429
1.207,85.515984,88.183548
1.2071,85.522224,88.189659
1.2072001,85.528473,88.195778
1.2072999,85.534721,88.201897
1.2074,85.540962,88.208015
1.2075,85.547203,88.214127
1.2076,85.553452,88.220245
1.2077,85.559692,88.226357
1.2078,85.565933,88.232475
1.2079,85.572182,88.238586
1.2079999,85.578423,88.244698
1.2081,85.584663,88.250809
1.2082,85.590904,88.256927
1.2083,85.597145,88.263039
1.2084,85.603378,88.26915
1.2085,85.609619,88.275261
1.2086,85.61586,88.281372
1.2086999,85.622101,88.287483
1.2088,85.628334,88.293594
1.2089,85.634575,88.299698
1.209,85.640808,88.305809
1.2091,85.647049,88.31192
1.2092,85.653282,88.318024
1.2093,85.659523,88.324135
1.2094001,85.665756,88.330238
1.2095,85.671989,88.336349
1.2096,85.678223,88.342453
1.2097,85.684456,88.348557
1.2098,85.690689,88.354668
1.2099,85.696922,88.360771
1.21,85.703156,88.366875
1.2101001,85.709389,88.372978
1.2102,85.715622,88.379082
1.2103,85.721855,88.385185
1.2104,85.728081,88.391289
1.2105,85.734314,88.397392
1.2106,85.740547,88.403488
1.2107,85.746773,88.409592
1.2108001,85.752998,88.415695
1.2108999,85.759232,88.421791
1.211,85.765457,88.427895
1.2111,85.771683,88.43399
1.2112,85.777916,88.440094
1.2113,85.784142,88.44619
1.2114,85.790367,88.452293
1.2115,85.796593,88.458389
1.2115999,85.802818,88.464485
1.2117,85.809044,88.470581
1.2118,85.815269,88.476677
1.2119,85.821487,88.482773
1.212,85.827713,88.488869
1.2121,85.833939,88.494965
1.2122,85.840157,88.50106
1.2122999,85.846382,88.507156
1.2124,85.8526,88.513245
1.2125,85.858826,88.519341
1.2126,85.865044,88.525436
1.2127,85.871262,88.531525
1.2128,85.877487,88.537621
1.2129,85.883705,88.543709
1.2130001,85.889923,88.549797
1.2131,85.896141,88.555893
1.2132,85.902359,88.561981
1.2133,85.908577,88.568069
1.2134,85.914795,88.574158
1.2135,85.921013,88.580246
1.2136,85.927223,88.586334
1.2137001,85.933441,88.592422
1.2138,85.939659,88.598511
1.2139,85.945869,88.604599
1.214,85.952087,88.610687
1.2141,85.958298,88.616776
1.2142,85.964516,88.622856
1.2143,85.970726,88.628944
1.2144001,85.976936,88.635025
1.2145,85.983154,88.641113
1.2146,85.989365,88.647194
1.2147,85.995575,88.653282
1.2148,86.001785,88.659363
1.2149,86.007996,88.665443
1.215,86.014206,88.671532
1.2151,86.020416,88.677612
1.2151999,86.026627,88.683693
1.2153,86.032829,88.689774
1.2154,86.03904,88.695854
1.2155,86.04525,88.701935
1.2156,86.051453,88.708008
1.2157,86.057663,88.714088
1.2158,86.063866,88.720169
1.2158999,86.070068,88.72625
1.216,86.076279,88.732323
1.2161,86.082481,88.738403
1.2162,86.088684,88.744476
1.2163,86.094887,88.750557
1.2164,86.101097,88.75663
1.2165,86.1073,88.762703
1.2165999,86.113503,88.768784
1.2167,86.119698,88.774857
1.2168,86.1259,88.78093
1.2169,86.132103,88.787003
1.217,86.138306,88.793076
1.2171,86.144508,88.799149
1.2172,86.150703,88.805222
1.2173001,86.156906,88.811295
1.2174,86.163101,88.817368
1.2175,86.169304,88.823433
1.2176,86.175499,88.829506
1.2177,86.181694,88.835579
1.2178,86.187897,88.841644
1.2179,86.194092,88.847717
1.2180001,86.200287,88.853783
1.2181,86.206482,88.859848
1.2182,86.212677,88.865921
1.2183,86.218872,88.871986
1.2184,86.225067,88.878052
1.2185,86.231262,88.884117
1.2186,86.23745,88.890182
1.2187001,86.243645,88.896255
1.2187999,86.24984,88.902313
1.2189,86.256027,88.908379
1.219,86.262222,88.914444
1.2191,86.26841,88.920509
1.2192,86.274605,88.926575
1.2193,86.280792,88.932632
1.2194,86.286987,88.938698
1.2194999,86.293175,88.944763
1.2196,86.299362,88.950821
1.2197,86.30555,88.956886
1.2198,86.311737,88.962944
1.2199,86.317924,88.969002
1.22,86.324112,88.975067
1.2201,86.330299,88.981125
1.2201999,86.336487,88.987183
1.2203,86.342674,88.99324
1.2204,86.348854,88.999298
1.2205,86.355042,89.005356
1.2206,86.361221,89.011414
1.2207,86.367409,89.017471
1.2208,86.373589,89.023529
1.2209001,86.379776,89.029579
1.221,86.385956,89.035637
1.2211,86.392136,89.041695
1.2212,86.398323,89.047745
1.2213,86.404503,89.053802
1.2214,86.410683,89.059853
1.2215,86.416862,89.065903
1.2216001,86.423042,89.07196
1.2217,86.429222,89.078011
1.2218,86.435402,89.084061
1.2219,86.441582,89.090111
1.222,86.447754,89.096161
1.2221,86.453934,89.102219
1.2222,86.460114,89.108261
1.2223001,86.466286,89.114311
1.2224,86.472466,89.120361
1.2225,86.478638,89.126411
1.2226,86.484818,89.132462
1.2227,86.49099,89.138504
1.2228,86.497162,89.144554
1.2229,86.503334,89.150604
1.223,86.509514,89.156647
1.2230999,86.515686,89.162697
1.2232,86.521858,89.168739
1.2233,86.52803,89.174782
1.2234,86.534203,89.180832
1.2235,86.540367,89.186874
1.2236,86.546539,89.192917
1.2237,86.552711,89.198959
1.2237999,86.558884,89.205002
1.2239,86.565048,89.211044
1.224,86.57122,89.217087
1.2241,86.577385,89.223129
1.2242,86.583557,89.229172
1.2243,86.589722,89.235207
1.2244,86.595886,89.241249
1.2244999,86.602058,89.247292
1.2246,86.608223,89.253326
1.2247,86.614388,89.259369
1.2248,86.620552,89.265404
1.2249,86.626717,89.271446
1.225,86.632881,89.277481
1.2251,86.639046,89.283516
1.2252001,86.64521,89.289551
1.2253,86.651375,89.295593
1.2254,86.657532,89.301628
1.2255,86.663696,89.307663
1.2256,86.669861,89.313698
1.2257,86.676018,89.319733
1.2258,86.682182,89.325768
1.2259001,86.688339,89.331795
1.226,86.694496,89.33783
1.2261,86.700661,89.343864
1.2262,86.706818,89.349892
1.2263,86.712975,89.355927
1.2264,86.719131,89.361954
1.2265,86.725288,89.367989
1.2266001,86.731445,89.374016
1.2266999,86.737602,89.380051
1.2268,86.743759,89.386078
1.2269,86.749916,89.392105
1.227,86.756073,89.398132
1.2271,86.762222,89.40416
1.2272,86.768379,89.410187
1.2273,86.774536,89.416214
1.2273999,86.780685,89.422241
1.2275,86.786842,89.428268
1.2276,86.792992,89.434296
1.2277,86.799141,89.440323
1.2278,86.805298,89.44635
1.2279,86.811447,89.45237
1.228,86.817596,89.458397
1.2280999,86.823746,89.464417
1.2282,86.829895,89.470444
1.2283,86.836044,89.476463
1.2284,86.842194,89.482483
1.2285,86.848343,89.48851
1.2286,86.854492,89.49453
1.2287,86.860634,89.500549
1.2288001,86.866783,89.506569
1.2289,86.872932,89.512589
1.229,86.879074,89.518608
1.2291,86.885223,89.524628
1.2292,86.891365,89.530647
1.2293,86.897514,89.536667
1.2294,86.903656,89.542686
1.2295001,86.909798,89.548698
1.2296,86.915947,89.554718
1.2297,86.922089,89.560738
1.2298,86.92823,89.56675
1.2299,86.934372,89.572769
1.23,86.940514,89.578781
1.2301,86.946655,89.584793
1.2302001,86.952797,89.590813
1.2302999,86.958931,89.596825
1.2304,86.965073,89.602837
1.2305,86.971214,89.608849
1.2306,86.977348,89.614861
1.2307,86.98349,89.620872
1.2308,86.989624,89.626884
1.2309,86.995766,89.632896
1.2309999,87.0019,89.638908
1.2311,87.008041,89.64492
1.2312,87.014175,89.650925
1.2313,87.020309,89.656937
1.2314,87.026443,89.662941
1.2315,87.032578,89.668953
1.2316,87.038712,89.674957
1.2316999,87.044846,89.680969
1.2318,87.05098,89.686974
1.2319,87.057114,89.692986
1.232,87.063248,89.69899
1.2321,87.069374,89.704994
1.2322,87.075508,89.710999
1.2323,87.081642,89.717003
1.2323999,87.087769,89.723007
1.2325,87.093903,89.729012
1.2326,87.100029,89.735016
1.2327,87.106163,89.74102
1.2328,87.112289,89.747025
1.2329,87.118416,89.753021
1.233,87.124542,89.759026
1.2331001,87.130669,89.765022
1.2332,87.136795,89.771027
1.2333,87.142921,89.777023
1.2334,87.149048,89.783028
1.2335,87.155174,89.789024
1.2336,87.161301,89.795029
1.2337,87.167427,89.801025
1.2338001,87.173553,89.807022
1.2339,87.179672,89.813019
1.234,87.185799,89.819016
1.2341,87.191917,89.825012
1.2342,87.198044,89.831009
1.2343,87.204163,89.837006
1.2344,87.210289,89.843002
1.2345001,87.216408,89.848999
1.2345999,87.222527,89.854988
1.2347,87.228645,89.860985
1.2348,87.234764,89.866982
1.2349,87.240883,89.872971
1.235,87.247002,89.878967
1.2351,87.25312,89.884956
1.2352,87.259239,89.890945
1.2352999,87.265358,89.896942
1.2354,87.271477,89.902931
1.2355,87.277588,89.90892
1.2356,87.283707,89.914909
1.2357,87.289825,89.920898
1.2358,87.295937,89.926888
1.2359,87.302055,89.932877
1.2359999,87.308167,89.938866
1.2361,87.314278,89.944855
1.2362,87.320396,89.950844
1.2363,87.326508,89.956825
1.2364,87.332619,89.962814
1.2365,87.33873,89.968803
1.2366,87.344841,89.974785
1.2367001,87.350952,89.980774
1.2368,87.357063,89.986755
1.2369,87.363174,89.992744
1.237,87.369286,89.998726
1.2371,87.375389,90.004707
1.2372,87.3815,90.010689
1.2373,87.387611,90.01667
1.2374001,87.393715,90.022652
1.2375,87.399826,90.028633
1.2376,87.40593,90.034615
1.2377,87.412041,90.040596
1.2378,87.418144,90.046577
1.2379,87.424248,90.052559
1.238,87.430351,90.05854
1.2381001,87.436462,90.064514
1.2381999,87.442566,90.070496
1.2383,87.448669,90.076477
1.2384,87.454773,90.082451
1.2385,87.460869,90.088425
1.2386,87.466972,90.094406
1.2387,87.473076,90.10038
1.2388,87.479179,90.106354
1.2388999,87.485275,90.112335
1.239,87.491379,90.118309
1.2391,87.497482,90.124283
1.2392,87.503578,90.130257
1.2393,87.509682,90.13623
1.2394,87.515778,90.142204
1.2395,87.521873,90.148178
1.2395999,87.527969,90.154144
1.2397,87.534073,90.160118
1.2398,87.540169,90.166092
1.2399,87.546265,90.172058
1.24,87.552361,90.178032
1.2401,87.558456,90.183998
1.2402,87.564552,90.189972
1.2403001,87.570648,90.195938
1.2404,87.576736,90.201904
1.2405,87.582832,90.207878
1.2406,87.588928,90.213844
1.2407,87.595016,90.21981
1.2408,87.601112,90.225777
1.2409,87.607201,90.231743
1.2410001,87.613297,90.237709
1.2411,87.619385,90.243675
1.2412,87.625473,90.249641
1.2413,87.631569,90.255608
1.2414,87.637657,90.261566
1.2415,87.643745,90.267532
1.2416,87.649834,90.273499
1.2417001,87.655922,90.279457
1.2418,87.66201,90.285423
1.2419,87.668098,90.291382
1.242,87.674187,90.297348
1.2421,87.680267,90.303307
1.2422,87.686356,90.309265
1.2423,87.692444,90.315224
1.2424001,87.698524,90.32119
1.2424999,87.704613,90.327148
1.2426,87.710693,90.333107
1.2427,87.716782,90.339066
1.2428,87.722862,90.345024
1.2429,87.728943,90.350975
1.243,87.735023,90.356934
1.2431,87.741112,90.362892
1.2431999,87.747192,90.368851
1.2433,87.753273,90.374802
1.2434,87.759354,90.38076
1.2435,87.765434,90.386711
1.2436,87.771515,90.39267
1.2437,87.777588,90.398621
1.2438,87.783669,90.404572
1.2438999,87.789749,90.41053
1.244,87.795822,90.416481
1.2441,87.801903,90.422432
1.2442,87.807976,90.428383
1.2443,87.814056,90.434334
1.2444,87.820129,90.440285
1.2445,87.82621,90.446236
1.2446001,87.832283,90.452187
1.2447,87.838356,90.458138
1.2448,87.844429,90.464088
1.2449,87.850502,90.470032
1.245,87.856575,90.475983
1.2451,87.862648,90.481926
1.2452,87.868721,90.487877
1.2453001,87.874794,90.49382
1.2454,87.880867,90.499771
1.2455,87.88694,90.505714
1.2456,87.893005,90.511658
1.2457,87.899078,90.517609
1.2458,87.905144,90.523552
1.2459,87.911217,90.529495
1.2460001,87.917282,90.535439
1.2460999,87.923355,90.541382
1.2462,87.92942,90.547325
1.2463,87.935486,90.553268
1.2464,87.941559,90.559212
1.2465,87.947624,90.565147
1.2466,87.95369,90.571091
1.2467,87.959755,90.577034
1.2467999,87.96582,90.58297
1.2469,87.971886,90.588913
1.247,87.977943,90.594849
1.2471,87.984009,90.600792
1.2472,87.990074,90.606728
1.2473,87.99614,90.612663
1.2474,88.002197,90.618599
1.2474999,88.008263,90.624542
1.2476,88.01432,90.630478
1.2477,88.020386,90.636414
1.2478,88.026443,90.642349
1.2479,88.032501,90.648285
1.248,88.038567,90.654221
1.2481,88.044624,90.660149
1.2482001,88.050682,90.666084
1.2483,88.05674,90.67202
1.2484,88.062798,90.677948
1.2485,88.068855,90.683884
1.2486,88.074913,90.689819
1.2487,88.080971,90.695747
1.2488,88.087021,90.701675
1.2489001,88.093079,90.707611
1.249,88.099136,90.713539
1.2491,88.105186,90.719467
1.2492,88.111244,90.725395
1.2493,88.117294,90.731331
1.2494,88.123352,90.737259
1.2495,88.129402,90.743187
1.2496001,88.135452,90.749115
1.2497,88.14151,90.755035
1.2498,88.14756,90.760963
1.2499,88.15361,90.766891
1.25,88.15966,90.77282
1.2501,88.16571,90.77874
1.2502,88.171761,90.784668
1.2503,88.177811,90.790588
1.2503999,88.183853,90.796516
1.2505,88.189903,90.802437
1.2506,88.195953,90.808365
1.2507,88.202003,90.814285
1.2508,88.208046,90.820206
1.2509,88.214096,90.826126
1.251,88.220139,90.832054
1.2510999,88.226181,90.837975
1.2512,88.232231,90.843895
1.2513,88.238274,90.849815
1.2514,88.244316,90.855728
1.2515,88.250359,90.861649
1.2516,88.256409,90.867569
1.2517,88.262451,90.873489
1.2517999,88.268494,90.879402
1.2519,88.274536,90.885323
1.252,88.280571,90.891243
1.2521,88.286613,90.897156
1.2522,88.292656,90.903069
1.2523,88.298698,90.908989
1.2524,88.304733,90.914902
1.2525001,88.310776,90.920815
1.2526,88.316811,90.926727
1.2527,88.322853,90.932648
1.2528,88.328888,90.93856
1.2529,88.334923,90.944473
1.253,88.340965,90.950386
1.2531,88.347,90.956299
1.2532001,88.353035,90.962204
1.2533,88.35907,90.968117
1.2534,88.365105,90.97403
1.2535,88.37114,90.979942
1.2536,88.377174,90.985847
1.2537,88.383209,90.99176
1.2538,88.389244,90.997665
1.2539001,88.395271,91.003578
1.2539999,88.401306,91.009483
1.2541,88.407341,91.015388
1.2542,88.413368,91.021294
1.2543,88.419403,91.027206
1.2544,88.42543,91.033112
1.2545,88.431465,91.039017
1.2546,88.437492,91.044922
1.2546999,88.44352,91.050827
1.2548,88.449547,91.056732
1.2549,88.455574,91.062637
1.255,88.461601,91.068535
1.2551,88.467628,91.07444
1.2552,88.473656,91.080345
1.2553,88.479683,91.086243
1.2553999,88.48571,91.092148
1.2555,88.491737,91.098045
1.2556,88.497765,91.103951
1.2557,88.503784,91.109848
1.2558,88.509811,91.115753
1.2559,88.515831,91.121651
1.256,88.521858,91.127548
1.2561001,88.527878,91.133446
1.2562,88.533905,91.139343
1.2563,88.539925,91.145241
1.2564,88.545944,91.151138
1.2565,88.551964,91.157036
1.2566,88.557991,91.162933
1.2567,88.564011,91.168831
1.2568001,88.57003,91.174721
1.2569,88.57605,91.180618
1.257,88.582062,91.186516
1.2571,88.588081,91.192406
1.2572,88.594101,91.198303
1.2573,88.600121,91.204193
1.2574,88.606133,91.210091
1.2575001,88.612152,91.215981
1.2575999,88.618164,91.22187
1.2577,88.624184,91.22776
1.2578,88.630196,91.233658
1.2579,88.636215,91.239548
1.258,88.642227,91.245438
1.2581,88.648239,91.251328
1.2582,88.654251,91.257217
1.2582999,88.660263,91.2631
1.2584,88.666283,91.26899
1.2585,88.672295,91.274879
1.2586,88.678299,91.280769
1.2587,88.684311,91.286652
1.2588,88.690323,91.292542
1.2589,88.696335,91.298424
1.2589999,88.702347,91.304314
1.2591,88.708351,91.310196
1.2592,88.714363,91.316086
1.2593,88.720367,91.321968
1.2594,88.726379,91.32785
1.2595,88.732384,91.333733
1.2596,88.738388,91.339615
1.2596999,88.7444,91.345497
1.2598,88.750404,91.351379
1.2599,88.756409,91.357262
1.26,88.762413,91.363144
1.2601,88.768417,91.369026
1.2602,88.774422,91.374908
1.2603,88.780426,91.380783
1.2604001,88.78643,91.386665
1.2605,88.792435,91.39254
1.2606,88.798439,91.398422
1.2607,88.804436,91.404297
1.2608,88.81044,91.410179
1.2609,88.816437,91.416054
1.261,88.822441,91.421928
1.2611001,88.828438,91.427811
1.2612,88.834442,91.433685
1.2613,88.840439,91.43956
1.2614,88.846436,91.445435
1.2615,88.85244,91.451309
1.2616,88.858437,91.457184
1.2617,88.864433,91.463058
1.2618001,88.87043,91.468933
1.2618999,88.876427,91.4748
1.262,88.882423,91.480675
1.2621,88.88842,91.486549
1.2622,88.894409,91.492416
1.2623,88.900406,91.498291
1.2624,88.906403,91.504158
1.2625,88.912392,91.510033
1.2625999,88.918388,91.5159
1.2627,88.924377,91.521767
1.2628,88.930374,91.527634
1.2629,88.936363,91.533508
1.263,88.942352,91.539375
1.2631,88.948349,91.545242
1.2632,88.954338,91.551109
1.2632999,88.960327,91.556976
1.2634,88.966316,91.562843
1.2635,88.972305,91.568703
1.2636,88.978294,91.57457
1.2637,88.984283,91.580437
1.2638,88.990273,91.586304
1.2639,88.996262,91.592163
1.2640001,89.002243,91.59803
1.2641,89.008232,91.603889
1.2642,89.014221,91.609756
1.2643,89.020203,91.615616
1.2644,89.026192,91.621475
1.2645,89.032173,91.627335
1.2646,89.038155,91.633202
1.2647001,89.044144,91.639061
1.2648,89.050125,91.64492
1.2649,89.056107,91.65078
1.265,89.062088,91.656639
1.2651,89.068069,91.662498
1.2652,89.074051,91.66835
1.2653,89.080032,91.67421
1.2654001,89.086014,91.680069
1.2654999,89.091995,91.685928
1.2656,89.097977,91.69178
1.2657,89.103951,91.697639
1.2658,89.109932,91.703491
1.2659,89.115913,91.709351
1.266,89.121887,91.715202
1.2661,89.127869,91.721054
1.2661999,89.133842,91.726906
1.2663,89.139816,91.732765
1.2664,89.145798,91.738617
1.2665,89.151772,91.744469
1.2666,89.157745,91.75032
1.2667,89.163719,91.756172
1.2668,89.169693,91.762024
1.2668999,89.175667,91.767876
1.267,89.181641,91.77372
1.2671,89.187614,91.779572
1.2672,89.193588,91.785423
1.2673,89.199562,91.791267
1.2674,89.205528,91.797119
1.2675,89.211502,91.802963
1.2676001,89.217476,91.808815
1.2677,89.223442,91.814659
1.2678,89.229416,91.820503
1.2679,89.235382,91.826355
1.268,89.241348,91.832199
1.2681,89.247322,91.838043
1.2682,89.253288,91.843887
1.2683001,89.259254,91.849731
1.2684,89.265221,91.855576
1.2685,89.271187,91.86142
1.2686,89.277153,91.867264
1.2687,89.283119,91.873108
1.2688,89.289085,91.878944
1.2689,89.295052,91.884789
1.2690001,89.30101,91.890633
1.2691,89.306976,91.896469
1.2692,89.312943,91.902313
1.2693,89.318901,91.90815
1.2694,89.324867,91.913986
1.2695,89.330826,91.91983
1.2696,89.336792,91.925667
1.2697001,89.342751,91.931503
1.2697999,89.348709,91.93734
1.2699,89.354668,91.943176
1.27,89.360634,91.949013
1.2701,89.366592,91.954849
1.2702,89.372551,91.960686
1.2703,89.37851,91.966522
1.2704,89.384468,91.972359
1.2704999,89.390419,91.978195
1.2706,89.396378,91.984024
1.2707,89.402336,91.989861
1.2708,89.408295,91.995697
1.2709,89.414246,92.001526
1.271,89.420204,92.007355
1.2711,89.426155,92.013191
1.2711999,89.432114,92.01902
1.2713,89.438065,92.024849
1.2714,89.444016,92.030685
1.2715,89.449974,92.036514
1.2716,89.455925,92.042343
1.2717,89.461876,92.048172
1.2718,89.467827,92.054001
1.2719001,89.473778,92.05983
1.272,89.479729,92.065659
1.2721,89.48568,92.07148
1.2722,89.491631,92.077309
1.2723,89.497581,92.083138
1.2724,89.503525,92.088966
1.2725,89.509476,92.094788
1.2726001,89.515427,92.100616
1.2727,89.52137,92.106438
1.2728,89.527321,92.112259
1.2729,89.533264,92.118088
1.273,89.539207,92.123909
1.2731,89.545158,92.12973
1.2732,89.551102,92.135551
1.2733001,89.557045,92.14138
1.2733999,89.562988,92.147202
1.2735,89.568932,92.153023
1.2736,89.574875,92.158836
1.2737,89.580818,92.164658
1.2738,89.586761,92.170479
1.2739,89.592705,92.1763
1.274,89.598648,92.182121
1.2740999,89.604591,92.187935
1.2742,89.610527,92.193756
1.2743,89.61647,92.19957
1.2744,89.622406,92.205391
1.2745,89.628349,92.211205
1.2746,89.634285,92.217018
1.2747,89.640228,92.222839
1.2747999,89.646164,92.228653
1.2749,89.6521,92.234467
1.275,89.658035,92.24028
1.2751,89.663971,92.246094
1.2752,89.669907,92.251907
1.2753,89.675842,92.257721
1.2754,89.681778,92.263535
1.2755001,89.687714,92.269348
1.2756,89.693649,92.275162
1.2757,89.699585,92.280968
1.2758,89.705521,92.286781
1.2759,89.711449,92.292595
1.276,89.717384,92.298401
1.2761,89.723312,92.304214
1.2762001,89.729248,92.31002
1.2763,89.735176,92.315826
1.2764,89.741112,92.32164
1.2765,89.74704,92.327446
1.2766,89.752968,92.333252
1.2767,89.758896,92.339058
1.2768,89.764824,92.344864
1.2769001,89.770752,92.35067
1.277,89.77668,92.356476
1.2771,89.782608,92.362282
1.2772,89.788536,92.368088
1.2773,89.794464,92.373894
1.2774,89.800392,92.379692
1.2775,89.806313,92.385498
1.2776,89.812241,92.391304
1.2776999,89.818169,92.397102
1.2778,89.824089,92.402908
1.2779,89.830017,92.408707
1.278,89.835938,92.414505
1.2781,89.841858,92.420311
1.2782,89.847786,92.426109
1.2783,89.853706,92.431908
1.2783999,89.859627,92.437706
1.2785,89.865547,92.443504
1.2786,89.871468,92.449303
1.2787,89.877388,92.455101
1.2788,89.883308,92.460899
1.2789,89.889229,92.466698
1.279,89.895149,92.472496
1.2790999,89.901062,92.478287
1.2792,89.906982,92.484085
1.2793,89.912903,92.489883
1.2794,89.918816,92.495674
1.2795,89.924736,92.501472
1.2796,89.930649,92.507263
1.2797,89.936569,92.513062
1.2798001,89.942482,92.518852
1.2799,89.948395,92.524643
1.28,89.954308,92.530434
1.2801,89.960228,92.536224
1.2802,89.966141,92.542023
1.2803,89.972054,92.547813
1.2804,89.977966,92.553604
1.2805001,89.983879,92.559387
1.2806,89.989784,92.565178
1.2807,89.995697,92.570969
1.2808,90.00161,92.576759
1.2809,90.007523,92.582542
1.281,90.013428,92.588333
1.2811,90.019341,92.594124
1.2812001,90.025246,92.599907
1.2812999,90.031158,92.605698
1.2814,90.037064,92.611481
1.2815,90.042969,92.617264
1.2816,90.048882,92.623047
1.2817,90.054787,92.628838
1.2818,90.060692,92.634621
1.2819,90.066597,92.640404
1.2819999,90.072502,92.646187
1.2821,90.078407,92.65197
1.2822,90.084312,92.657753
1.2823,90.090218,92.663536
1.2824,90.096123,92.669312
1.2825,90.10202,92.675095
1.2826,90.107925,92.680878
1.2826999,90.113831,92.686653
1.2828,90.119728,92.692436
1.2829,90.125633,92.698219
1.283,90.131531,92.703995
1.2831,90.137428,92.70977
1.2832,90.143333,92.715553
1.2833,90.149231,92.721329
1.2834001,90.155128,92.727104
1.2835,90.161026,92.73288
1.2836,90.166924,92.738655
1.2837,90.172821,92.744431
1.2838,90.178719,92.750206
1.2839,90.184616,92.755981
1.284,90.190514,92.761757
1.2841001,90.196411,92.767532
1.2842,90.202309,92.773308
1.2843,90.208199,92.779076
1.2844,90.214096,92.784851
1.2845,90.219986,92.790627
1.2846,90.225883,92.796394
1.2847,90.231773,92.80217
1.2848001,90.237671,92.807938
1.2849,90.243561,92.813705
1.285,90.249451,92.819481
1.2851,90.255341,92.825249
1.2852,90.26123,92.831017
1.2853,90.267128,92.836784
1.2854,90.273018,92.842552
1.2855,90.2789,92.84832
1.2855999,90.28479,92.854088
1.2857,90.29068,92.859856
1.2858,90.29657,92.865623
1.2859,90.30246,92.871391
1.286,90.308342,92.877151
1.2861,90.314232,92.882919
1.2862,90.320114,92.88868
1.2862999,90.326004,92.894447
1.2864,90.331886,92.900208
1.2865,90.337776,92.905975
1.2866,90.343658,92.911736
1.2867,90.349541,92.917496
1.2868,90.355423,92.923264
1.2869,90.361305,92.929024
1.2869999,90.367188,92.934784
1.2871,90.37307,92.940544
1.2872,90.378952,92.946304
1.2873,90.384834,92.952065
1.2874,90.390717,92.957825
1.2875,90.396599,92.963585
1.2876,90.402481,92.969337
1.2877001,90.408356,92.975098
1.2878,90.414238,92.980858
1.2879,90.420113,92.98661
1.288,90.425995,92.992371
1.2881,90.43187,92.998123
1.2882,90.437744,93.003883
1.2883,90.443626,93.009636
1.2884001,90.449501,93.015388
1.2885,90.455376,93.021149
1.2886,90.46125,93.026901
1.2887,90.467125,93.032654
1.2888,90.473,93.038406
1.2889,90.478874,93.044159
1.289,90.484749,93.049911
1.2891001,90.490623,93.055664
1.2891999,90.496498,93.061417
1.2893,90.502365,93.067162
1.2894,90.50824,93.072914
1.2895,90.514107,93.078667
1.2896,90.519981,93.084412
1.2897,90.525848,93.090164
1.2898,90.531723,93.095909
1.2898999,90.53759,93.101662
1.29,90.543457,93.107407
1.2901,90.549332,93.113159
1.2902,90.555199,93.118904
1.2903,90.561066,93.124649
1.2904,90.566933,93.130394
1.2905,90.5728,93.136139
1.2905999,90.578667,93.141884
1.2907,90.584534,93.147629
1.2908,90.590393,93.153374
1.2909,90.59626,93.159119
1.291,90.602127,93.164864
1.2911,90.607994,93.170601
1.2912,90.613853,93.176346
1.2913001,90.61972,93.182091
1.2914,90.62558,93.187828
1.2915,90.631439,93.193573
1.2916,90.637306,93.19931
1.2917,90.643166,93.205055
1.2918,90.649025,93.210793
1.2919,90.654884,93.21653
1.2920001,90.660744,93.222267
1.2921,90.666603,93.228004
1.2922,90.672462,93.233749
1.2923,90.678322,93.239487
1.2924,90.684181,93.245224
1.2925,90.690041,93.250954
1.2926,90.6959,93.256691
1.2927001,90.701752,93.262428
1.2927999,90.707611,93.268166
1.2929,90.71347,93.273903
1.293,90.719322,93.279633
1.2931,90.725174,93.28537
1.2932,90.731033,93.2911
1.2933,90.736885,93.296837
1.2934,90.742737,93.302567
1.2934999,90.748596,93.308296
1.2936,90.754448,93.314034
1.2937,90.7603,93.319763
1.2938,90.766151,93.325493
1.2939,90.772003,93.331223
1.294,90.777855,93.336952
1.2941,90.783707,93.342682
1.2941999,90.789551,93.348412
1.2943,90.795403,93.354141
1.2944,90.801254,93.359871
1.2945,90.807098,93.365593
1.2946,90.81295,93.371323
1.2947,90.818794,93.377052
1.2948,90.824646,93.382774
1.2948999,90.83049,93.388504
1.295,90.836334,93.394226
1.2951,90.842186,93.399956
1.2952,90.84803,93.405678
1.2953,90.853874,93.4114
1.2954,90.859718,93.417122
1.2955,90.865562,93.422852
1.2956001,90.871407,93.428574
1.2957,90.877251,93.434296
1.2958,90.883095,93.440018
1.2959,90.888939,93.44574
1.296,90.894775,93.451462
1.2961,90.90062,93.457176
1.2962,90.906456,93.462898
1.2963001,90.9123,93.46862
1.2964,90.918144,93.474335
1.2965,90.923981,93.480057
1.2966,90.929817,93.485779
1.2967,90.935661,93.491493
1.2968,90.941498,93.497208
1.2969,90.947334,93.50293
1.2970001,90.953171,93.508644
1.2970999,90.959007,93.514359
1.2972,90.964844,93.520073
1.2973,90.97068,93.525795
1.2974,90.976517,93.531509
1.2975,90.982353,93.537224
1.2976,90.98819,93.542938
1.2977,90.994019,93.548645
1.2977999,90.999855,93.554359
1.2979,91.005692,93.560074
1.298,91.01152,93.565788
1.2981,91.017357,93.571495
1.2982,91.023186,93.577209
1.2983,91.029015,93.582924
1.2984,91.034851,93.588631
1.2984999,91.04068,93.594337
1.2986,91.046509,93.600052
1.2987,91.052338,93.605759
1.2988,91.058167,93.611465
1.2989,91.063995,93.617172
1.299,91.069824,93.622887
1.2991,91.075653,93.628593
1.2992001,91.081482,93.6343
1.2993,91.087311,93.640007
1.2994,91.093132,93.645714
1.2995,91.098961,93.651413
1.2996,91.104782,93.65712
1.2997,91.110611,93.662827
1.2998,91.116432,93.668533
1.2999001,91.122261,93.674232
1.3,91.128082,93.679939
1.3001,91.133904,93.685638
1.3002,91.139732,93.691345
1.3003,91.145554,93.697044
1.3004,91.151375,93.702744
1.3005,91.157196,93.708443
1.3006001,91.163017,93.714149
1.3006999,91.168839,93.719849
1.3008,91.17466,93.725548
1.3009,91.180481,93.731247
1.301,91.186295,93.736946
1.3011,91.192116,93.742645
1.3012,91.197937,93.748344
1.3013,91.203751,93.754036
1.3013999,91.209572,93.759735
1.3015,91.215385,93.765434
1.3016,91.221207,93.771126
1.3017,91.22702,93.776825
1.3018,91.232834,93.782516
1.3019,91.238647,93.788216
1.302,91.244469,93.793907
1.3020999,91.250282,93.799606
1.3022,91.256096,93.805298
1.3023,91.261909,93.810989
1.3024,91.267723,93.816681
1.3025,91.273529,93.822372
1.3026,91.279343,93.828064
1.3027,91.285156,93.833755
1.3028001,91.29097,93.839447
1.3029,91.296776,93.845139
1.303,91.302589,93.85083
1.3031,91.308395,93.856522
1.3032,91.314209,93.862206
1.3033,91.320015,93.867897
1.3034,91.325829,93.873581
1.3035001,91.331635,93.879272
1.3036,91.33744,93.884956
1.3037,91.343246,93.890648
1.3038,91.349052,93.896332
1.3039,91.354858,93.902016
1.304,91.360664,93.907707
1.3041,91.36647,93.913391
1.3042001,91.372276,93.919075
1.3043,91.378082,93.924759
1.3044,91.383888,93.930443
1.3045,91.389687,93.936127
1.3046,91.395493,93.941811
1.3047,91.401291,93.947487
1.3048,91.407097,93.953171
1.3049001,91.412895,93.958855
1.3049999,91.418701,93.964539
1.3051,91.4245,93.970215
1.3052,91.430298,93.975899
1.3053,91.436104,93.981575
1.3054,91.441902,93.987251
1.3055,91.447701,93.992935
1.3056,91.453499,93.998611
1.3056999,91.459297,94.004288
1.3058,91.465096,94.009964
1.3059,91.470886,94.015648
1.306,91.476685,94.021324
1.3061,91.482483,94.027
1.3062,91.488281,94.032677
1.3063,91.494072,94.038345
1.3063999,91.49987,94.044022
1.3065,91.505661,94.049698
1.3066,91.511459,94.055374
1.3067,91.51725,94.061043
1.3068,91.523041,94.066719
1.3069,91.528839,94.072388
1.307,91.53463,94.078064
1.3071001,91.540421,94.083733
1.3072,91.546211,94.089409
1.3073,91.552002,94.095078
1.3074,91.557793,94.100746
1.3075,91.563583,94.106415
1.3076,91.569374,94.112091
1.3077,91.575165,94.11776
1.3078001,91.580948,94.123428
1.3079,91.586739,94.129097
1.308,91.592529,94.134758
1.3081,91.598312,94.140427
1.3082,91.604103,94.146095
1.3083,91.609886,94.151764
1.3084,91.615669,94.157425
1.3085001,91.62146,94.163094
1.3085999,91.627243,94.168762
1.3087,91.633026,94.174423
1.3088,91.638809,94.180084
1.3089,91.644592,94.185753
1.309,91.650375,94.191414
1.3091,91.656158,94.197075
1.3092,91.661942,94.202744
1.3092999,91.667725,94.208405
1.3094,91.673508,94.214066
1.3095,91.679291,94.219727
1.3096,91.685066,94.225388
1.3097,91.690849,94.231049
1.3098,91.696625,94.236702
1.3099,91.702408,94.242363
1.3099999,91.708183,94.248024
1.3101,91.713966,94.253685
1.3102,91.719742,94.259338
1.3103,91.725517,94.264999
1.3104,91.731293,94.270653
1.3105,91.737068,94.276314
1.3106,91.742844,94.281967
1.3107001,91.748619,94.287621
1.3108,91.754395,94.293282
1.3109,91.76017,94.298935
1.311,91.765945,94.304588
1.3111,91.771721,94.310242
1.3112,91.777496,94.315895
1.3113,91.783264,94.321548
1.3114001,91.78904,94.327202
1.3115,91.794807,94.332855
1.3116,91.800583,94.338509
1.3117,91.806351,94.344154
1.3118,91.812126,94.349808
1.3119,91.817894,94.355461
1.312,91.823662,94.361107
1.3121001,91.82943,94.36676
1.3122,91.835197,94.372406
1.3123,91.840973,94.378052
1.3124,91.846741,94.383705
1.3125,91.852501,94.389351
1.3126,91.858269,94.394997
1.3127,91.864037,94.400642
1.3128,91.869804,94.406296
1.3128999,91.875572,94.411942
1.313,91.881332,94.417587
1.3131,91.8871,94.423225
1.3132,91.89286,94.428871
1.3133,91.898628,94.434517
1.3134,91.904388,94.440163
1.3135,91.910156,94.445808
1.3135999,91.915916,94.451447
1.3137,91.921677,94.457092
1.3138,91.927437,94.46273
1.3139,91.933197,94.468376
1.314,91.938957,94.474014
1.3141,91.944717,94.479652
1.3142,91.950478,94.485298
1.3142999,91.956238,94.490936
1.3144,91.961998,94.496574
1.3145,91.967758,94.502213
1.3146,91.973511,94.507851
1.3147,91.979271,94.513489
1.3148,91.985031,94.519127
1.3149,91.990784,94.524765
1.3150001,91.996544,94.530403
1.3151,92.002296,94.536041
1.3152,92.008049,94.541672
1.3153,92.013809,94.54731
1.3154,92.019562,94.552948
1.3155,92.025314,94.558578
1.3156,92.031067,94.564217
1.3157001,92.036819,94.569847
1.3158,92.042572,94.575478
1.3159,92.048325,94.581116
1.316,92.054077,94.586746
1.3161,92.05983,94.592377
1.3162,92.065582,94.598007
1.3163,92.071327,94.603638
1.3164001,92.07708,94.609268
1.3164999,92.082825,94.614899
1.3166,92.088577,94.620529
1.3167,92.094322,94.62616
1.3168,92.100075,94.63179
1.3169,92.10582,94.637413
1.317,92.111565,94.643044
1.3171,92.117317,94.648674
1.3171999,92.123062,94.654297
1.3173,92.128807,94.659927
1.3174,92.134552,94.66555
1.3175,92.140297,94.671173
1.3176,92.146042,94.676804
1.3177,92.151787,94.682426
1.3178,92.157532,94.688049
1.3178999,92.163269,94.693672
1.318,92.169014,94.699295
1.3181,92.174759,94.704918
1.3182,92.180496,94.710541
1.3183,92.186241,94.716164
1.3184,92.191978,94.721786
1.3185,92.197716,94.727409
1.3186001,92.203461,94.733025
1.3187,92.209198,94.738647
1.3188,92.214935,94.74427
1.3189,92.220673,94.749886
1.319,92.226418,94.755508
1.3191,92.232155,94.761124
1.3192,92.237892,94.766747
1.3193001,92.243622,94.772362
1.3194,92.249359,94.777977
1.3195,92.255096,94.783592
1.3196,92.260834,94.789207
1.3197,92.266571,94.79483
1.3198,92.272301,94.800446
1.3199,92.278038,94.806061
1.3200001,92.283768,94.811668
1.3200999,92.289505,94.817284
1.3202,92.295235,94.822899
1.3203,92.300964,94.828514
1.3204,92.306702,94.834122
1.3205,92.312431,94.839737
1.3206,92.318161,94.845352
1.3207,92.323891,94.85096
1.3207999,92.32962,94.856575
1.3209,92.33535,94.862183
1.321,92.34108,94.86779
1.3211,92.346809,94.873405
1.3212,92.352539,94.879013
1.3213,92.358261,94.884621
1.3214,92.363991,94.890228
1.3214999,92.36972,94.895836
1.3216,92.375443,94.901443
1.3217,92.381172,94.907051
1.3218,92.386894,94.912659
1.3219,92.392616,94.918266
1.322,92.398346,94.923866
1.3221,92.404068,94.929474
1.3221999,92.40979,94.935081
1.3223,92.415512,94.940681
1.3224,92.421234,94.946289
1.3225,92.426956,94.951889
1.3226,92.432678,94.957497
1.3227,92.4384,94.963097
1.3228,92.444122,94.968697
1.3229001,92.449844,94.974297
1.323,92.455566,94.979904
1.3231,92.461281,94.985504
1.3232,92.467003,94.991104
1.3233,92.472725,94.996704
1.3234,92.478439,95.002304
1.3235,92.484154,95.007904
1.3236001,92.489876,95.013496
1.3237,92.49559,95.019096
1.3238,92.501305,95.024696
1.3239,92.507027,95.030289
1.324,92.512741,95.035889
1.3241,92.518456,95.041489
1.3242,92.52417,95.047081
1.3243001,92.529884,95.052673
1.3243999,92.535599,95.058273
1.3245,92.541313,95.063866
1.3246,92.54702,95.069458
1.3247,92.552734,95.07505
1.3248,92.558449,95.08065
1.3249,92.564156,95.086243
1.325,92.56987,95.091835
1.3250999,92.575577,95.097427
1.3252,92.581291,95.103012
1.3253,92.586998,95.108604
1.3254,92.592705,95.114197
1.3255,92.598419,95.119789
1.3256,92.604126,95.125374
1.3257,92.609833,95.130966
1.3257999,92.61554,95.136559
1.3259,92.621246,95.142143
1.326,92.626953,95.147728
1.3261,92.63266,95.15332
1.3262,92.638367,95.158905
1.3263,92.644073,95.16449
1.3264,92.649773,95.170074
1.3265001,92.655479,95.175667
1.3266,92.661179,95.181252
1.3267,92.666885,95.186836
1.3268,92.672592,95.192421
1.3269,92.678291,95.198006
1.327,92.68399,95.203583
1.3271,92.689697,95.209167
1.3272001,92.695396,95.214752
1.3273,92.701096,95.220337
1.3274,92.706795,95.225914
1.3275,92.712494,95.231499
1.3276,92.718193,95.237076
1.3277,92.723892,95.242661
1.3278,92.729591,95.248238
1.3279001,92.735291,95.253815
1.3279999,92.74099,95.259399
1.3281,92.746681,95.264977
1.3282,92.75238,95.270554
1.3283,92.75808,95.276131
1.3284,92.763771,95.281708
1.3285,92.76947,95.287285
1.3286,92.775162,95.292862
1.3286999,92.780853,95.298439
1.3288,92.786552,95.304016
1.3289,92.792244,95.309586
1.329,92.797935,95.315163
1.3291,92.803627,95.32074
1.3292,92.809319,95.326309
1.3293,92.81501,95.331886
1.3293999,92.820702,95.337456
1.3295,92.826393,95.343025
1.3296,92.832085,95.348602
1.3297,92.837776,95.354172
1.3298,92.84346,95.359741
1.3299,92.849152,95.365311
1.33,92.854843,95.37088
1.3301001,92.860527,95.376457
1.3302,92.866219,95.382019
1.3303,92.871902,95.387589
1.3304,92.877586,95.393158
1.3305,92.883278,95.398727
1.3306,92.888962,95.404297
1.3307,92.894646,95.409859
1.3308001,92.90033,95.415428
1.3309,92.906013,95.420998
1.331,92.911697,95.426559
1.3311,92.917381,95.432129
1.3312,92.923065,95.437691
1.3313,92.928749,95.443253
1.3314,92.934433,95.448822
1.3315001,92.940109,95.454384
1.3316,92.945793,95.459946
1.3317,92.951477,95.465508
1.3318,92.957153,95.471069
1.3319,92.962837,95.476631
1.332,92.968513,95.482193
1.3321,92.97419,95.487755
1.3322001,92.979874,95.493317
1.3322999,92.98555,95.498878
1.3324,92.991226,95.504433
1.3325,92.996902,95.509995
1.3326,93.002579,95.515549
1.3327,93.008255,95.521111
1.3328,93.013931,95.526665
1.3329,93.019608,95.532227
1.3329999,93.025284,95.537781
1.3331,93.03096,95.543343
1.3332,93.036629,95.548897
1.3333,93.042305,95.554451
1.3334,93.047981,95.560005
1.3335,93.05365,95.565559
1.3336,93.059326,95.571114
1.3336999,93.064995,95.576668
1.3338,93.070663,95.582222
1.3339,93.07634,95.587776
1.334,93.082008,95.59333
1.3341,93.087677,95.598877
1.3342,93.093346,95.604431
1.3343,93.099014,95.609985
1.3344001,93.104683,95.615532
1.3345,93.110352,95.621086
1.3346,93.11602,95.626633
1.3347,93.121689,95.632179
1.3348,93.12735,95.637733
1.3349,93.133018,95.64328
1.335,93.138687,95.648827
1.3351001,93.144348,95.654373
1.3352,93.150017,95.65992
1.3353,93.155678,95.665466
1.3354,93.161346,95.671013
1.3355,93.167007,95.676559
1.3356,93.172668,95.682106
1.3357,93.178337,95.687653
1.3358001,93.183998,95.693192
1.3358999,93.189659,95.698738
1.336,93.19532,95.704285
1.3361,93.200981,95.709824
1.3362,93.206642,95.71537
1.3363,93.212303,95.720909
1.3364,93.217957,95.726456
1.3365,93.223618,95.731995
1.3365999,93.229279,95.737534
1.3367,93.23494,95.743073
1.3368,93.240593,95.748611
1.3369,93.246254,95.754158
1.337,93.251907,95.759697
1.3371,93.257561,95.765236
1.3372,93.263222,95.770767
1.3372999,93.268875,95.776306
1.3374,93.274529,95.781845
1.3375,93.280182,95.787384
1.3376,93.285843,95.792923
1.3377,93.291496,95.798454
1.3378,93.29715,95.803993
1.3379,93.302803,95.809525
1.3380001,93.308449,95.815063
1.3381,93.314102,95.820595
1.3382,93.319756,95.826126
1.3383,93.325409,95.831665
1.3384,93.331055,95.837196
1.3385,93.336708,95.842728
1.3386,93.342354,95.848259
1.3387001,93.348007,95.85379
1.3388,93.353653,95.859322
1.3389,93.359299,95.864853
1.339,93.364952,95.870384
1.3391,93.370598,95.875916
1.3392,93.376244,95.881439
1.3393,93.381889,95.886971
1.3394001,93.387535,95.892502
1.3395,93.393181,95.898026
1.3396,93.398827,95.903557
1.3397,93.404472,95.909081
1.3398,93.410118,95.914612
1.3399,93.415764,95.920135
1.34,93.421402,95.925659
1.3401,93.427048,95.93119
1.3401999,93.432686,95.936714
1.3403,93.438332,95.942238
1.3404,93.44397,95.947762
1.3405,93.449615,95.953285
1.3406,93.455254,95.958809
1.3407,93.460892,95.964333
1.3408,93.466537,95.969849
1.3408999,93.472176,95.975372
1.341,93.477814,95.980896
1.3411,93.483452,95.98642
1.3412,93.48909,95.991936
1.3413,93.494728,95.997459
1.3414,93.500366,96.002975
1.3415,93.505997,96.008499
1.3415999,93.511635,96.014015
1.3417,93.517273,96.019531
1.3418,93.522903,96.025047
1.3419,93.528542,96.030571
1.342,93.534172,96.036087
1.3421,93.53981,96.041603
1.3422,93.545441,96.047119
1.3423001,93.551079,96.052635
1.3424,93.556709,96.058151
1.3425,93.56234,96.06366
1.3426,93.56797,96.069176
1.3427,93.573601,96.074692
1.3428,93.579231,96.080208
1.3429,93.584862,96.085716
1.3430001,93.590492,96.091232
1.3431,93.596123,96.096741
1.3432,93.601753,96.102257
1.3433,93.607384,96.107765
1.3434,93.613007,96.113274
1.3435,93.618637,96.11879
1.3436,93.62426,96.124298
1.3437001,93.62989,96.129807
1.3437999,93.635513,96.135315
1.3439,93.641144,96.140823
1.344,93.646767,96.146332
1.3441,93.65239,96.15184
1.3442,93.65802,96.157349
1.3443,93.663643,96.162849
1.3444,93.669266,96.168358
1.3444999,93.674889,96.173866
1.3446,93.680511,96.179367
1.3447,93.686134,96.184875
1.3448,93.691757,96.190384
1.3449,93.697372,96.195885
1.345,93.702995,96.201385
1.3451,93.708618,96.206894
1.3451999,93.714233,96.212395
1.3453,93.719856,96.217896
1.3454,93.725471,96.223396
1.3455,93.731094,96.228897
1.3456,93.73671,96.234398
1.3457,93.742332,96.239899
1.3458,93.747948,96.245399
1.3459001,93.753563,96.2509
1.346,93.759178,96.256401
1.3461,93.764793,96.261902
1.3462,93.770409,96.267395
1.3463,93.776024,96.272896
1.3464,93.781639,96.278397
1.3465,93.787254,96.28389
1.3466001,93.79287,96.289383
1.3467,93.798477,96.294884
1.3468,93.804092,96.300377
1.3469,93.809708,96.30587
1.347,93.815315,96.311371
1.3471,93.82093,96.316864
1.3472,93.826538,96.322357
1.3473001,93.832153,96.32785
1.3474,93.837761,96.333344
1.3475,93.843369,96.338837
1.3476,93.848976,96.34433
1.3477,93.854591,96.349823
1.3478,93.860199,96.355309
1.3479,93.865807,96.360802
1.348,93.871414,96.366295
1.3480999,93.877014,96.37178
1.3482,93.882622,96.377274
1.3483,93.888229,96.382759
1.3484,93.893837,96.388252
1.3485,93.899437,96.393738
1.3486,93.905045,96.399223
1.3487,93.910652,96.404709
1.3487999,93.916252,96.410202
1.3489,93.92186,96.415688
1.349,93.92746,96.421173
1.3491,93.93306,96.426659
1.3492,93.93866,96.432144
1.3493,93.944267,96.43763
1.3494,93.949867,96.443108
1.3494999,93.955467,96.448593
1.3496,93.961067,96.454079
1.3497,93.966667,96.459564
1.3498,93.972267,96.465042
1.3499,93.977867,96.470528
1.35,93.983459,96.476006
1.3501,93.989059,96.481491
1.3502001,93.994659,96.486969
1.3503,94.000252,96.492447
1.3504,94.005852,96.497925
1.3505,94.011444,96.50341
1.3506,94.017044,96.508888
1.3507,94.022636,96.514366
1.3508,94.028236,96.519844
1.3509001,94.033829,96.525322
1.351,94.039421,96.5308
1.3511,94.045013,96.536278
1.3512,94.050606,96.541748
1.3513,94.056198,96.547226
1.3514,94.06179,96.552704
1.3515,94.067383,96.558174
1.3516001,94.072975,96.563652
1.3516999,94.078568,96.569122
1.3518,94.084152,96.5746
1.3519,94.089745,96.58007
1.352,94.095337,96.585541
1.3521,94.100922,96.591019
1.3522,94.106514,96.596489
1.3523,94.112099,96.601959
1.3523999,94.117683,96.60743
1.3525,94.123276,96.6129
1.3526,94.12886,96.61837
1.3527,94.134445,96.62384
1.3528,94.14003,96.629311
1.3529,94.145615,96.634781
1.353,94.151199,96.640244
1.3530999,94.156784,96.645714
1.3532,94.162369,96.651184
1.3533,94.167953,96.656647
1.3534,94.173538,96.662117
1.3535,94.179123,96.66758
1.3536,94.1847,96.673042
1.3537,94.190285,96.678513
1.3538001,94.195862,96.683975
1.3539,94.201447,96.689438
1.354,94.207024,96.694901
1.3541,94.212608,96.700371
1.3542,94.218185,96.705833
1.3543,94.223763,96.711296
1.3544,94.22934,96.716751
1.3545001,94.234924,96.722214
1.3546,94.240501,96.727676
1.3547,94.246078,96.733139
1.3548,94.251656,96.738602
1.3549,94.257225,96.744057
1.355,94.262802,96.749519
1.3551,94.268379,96.754974
1.3552001,94.273956,96.760437
1.3552999,94.279526,96.765892
1.3554,94.285103,96.771347
1.3555,94.29068,96.77681
1.3556,94.296249,96.782265
1.3557,94.301819,96.78772
1.3558,94.307396,96.793175
1.3559,94.312965,96.79863
1.3559999,94.318535,96.804085
1.3561,94.324112,96.80954
1.3562,94.329681,96.814995
1.3563,94.335251,96.82045
1.3564,94.34082,96.825905
1.3565,94.34639,96.831352
1.3566,94.351959,96.836807
1.3566999,94.357521,96.842262
1.3568,94.363091,96.84771
1.3569,94.36866,96.853157
1.357,94.374229,96.858612
1.3571,94.379791,96.864059
1.3572,94.385361,96.869514
1.3573,94.390923,96.874962
1.3573999,94.396492,96.880409
1.3575,94.402054,96.885857
1.3576,94.407616,96.891304
1.3577,94.413177,96.896751
1.3578,94.418747,96.902199
1.3579,94.424309,96.907646
1.358,94.429871,96.913094
1.3581001,94.435432,96.918541
1.3582,94.440994,96.923981
1.3583,94.446556,96.929428
1.3584,94.45211,96.934868
1.3585,94.457672,96.940315
1.3586,94.463234,96.945763
1.3587,94.468796,96.951202
1.3588001,94.47435,96.956642
1.3589,94.479912,96.96209
1.359,94.485466,96.967529
1.3591,94.491028,96.972969
1.3592,94.496582,96.978409
1.3593,94.502136,96.983849
1.3594,94.507698,96.989288
1.3595001,94.513252,96.994728
1.3595999,94.518806,97.000168
1.3597,94.524361,97.005608
1.3598,94.529915,97.011047
1.3599,94.535469,97.016479
1.36,94.541023,97.021919
1.3601,94.546577,97.027359
1.3602,94.552124,97.032791
1.3602999,94.557678,97.038231
1.3604,94.563232,97.043663
1.3605,94.568779,97.049103
1.3606,94.574333,97.054535
1.3607,94.57988,97.059967
1.3608,94.585434,97.065399
1.3609,94.590981,97.070831
1.3609999,94.596527,97.076271
1.3611,94.602081,97.081703
1.3612,94.607628,97.087135
1.3613,94.613174,97.09256
1.3614,94.618721,97.097992
1.3615,94.624268,97.103424
1.3616,94.629814,97.108856
1.3617001,94.635361,97.114281
1.3618,94.640907,97.119713
1.3619,94.646446,97.125145
1.362,94.651993,97.130569
1.3621,94.657539,97.136002
1.3622,94.663078,97.141426
1.3623,94.668625,97.146851
1.3624001,94.674164,97.152283
1.3625,94.67971,97.157707
1.3626,94.685249,97.163132
1.3627,94.690788,97.168556
1.3628,94.696335,97.173981
1.3629,94.701874,97.179405
1.363,94.707413,97.18483
1.3631001,94.712952,97.190254
1.3631999,94.718491,97.195679
1.3633,94.72403,97.201096
1.3634,94.729568,97.20652
1.3635,94.735107,97.211945
1.3636,94.740639,97.217361
1.3637,94.746178,97.222786
1.3638,94.751717,97.228203
1.3638999,94.757248,97.233627
1.364,94.762787,97.239044
1.3641,94.768318,97.244461
1.3642,94.773857,97.249886
1.3643,94.779388,97.255302
1.3644,94.78492,97.260719
1.3645,94.790459,97.266136
1.3645999,94.79599,97.271553
1.3647,94.801521,97.27697
1.3648,94.807053,97.282387
1.3649,94.812584,97.287796
1.365,94.818115,97.293213
1.3651,94.823647,97.29863
1.3652,94.829178,97.304047
1.3653001,94.834702,97.309456
1.3654,94.840233,97.314873
1.3655,94.845764,97.320282
1.3656,94.851288,97.325699
1.3657,94.856819,97.331108
1.3658,94.862343,97.336517
1.3659,94.867874,97.341927
1.3660001,94.873398,97.347343
1.3661,94.878922,97.352753
1.3662,94.884445,97.358162
1.3663,94.889977,97.363571
1.3664,94.8955,97.36898
1.3665,94.901024,97.37439
1.3666,94.906548,97.379799
1.3667001,94.912071,97.385201
1.3668,94.917595,97.39061
1.3669,94.923111,97.396019
1.367,94.928635,97.401421
1.3671,94.934158,97.40683
1.3672,94.939682,97.412231
1.3673,94.945198,97.417641
1.3674001,94.950722,97.423042
1.3674999,94.956238,97.428444
1.3676,94.961761,97.433853
1.3677,94.967278,97.439255
1.3678,94.972794,97.444656
1.3679,94.97831,97.450058
1.368,94.983833,97.45546
1.3681,94.989349,97.460861
1.3681999,94.994865,97.466263
1.3683,95.000381,97.471664
1.3684,95.005898,97.477066
1.3685,95.011414,97.48246
1.3686,95.016922,97.487862
1.3687,95.022438,97.493263
1.3688,95.027954,97.498657
1.3688999,95.033463,97.504059
1.369,95.038979,97.509453
1.3691,95.044495,97.514847
1.3692,95.050003,97.520248
1.3693,95.055511,97.525642
1.3694,95.061028,97.531036
1.3695,95.066536,97.53643
1.3696001,95.072044,97.541824
1.3697,95.077553,97.547218
1.3698,95.083069,97.552612
1.3699,95.088577,97.558006
1.37,95.094086,97.5634
1.3701,95.099594,97.568794
1.3702,95.105095,97.574188
1.3703001,95.110603,97.579575
1.3704,95.116112,97.584969
1.3705,95.12162,97.590363
1.3706,95.127121,97.595749
1.3707,95.132629,97.601143
1.3708,95.13813,97.606529
1.3709,95.143639,97.611916
1.3710001,95.149139,97.61731
1.3710999,95.154648,97.622696
1.3712,95.160149,97.628082
1.3713,95.165649,97.633469
1.3714,95.17115,97.638855
1.3715,95.176651,97.644241
1.3716,95.182159,97.649628
1.3717,95.18766,97.655014
1.3717999,95.193153,97.6604
1.3719,95.198654,97.665779
1.372,95.204155,97.671165
1.3721,95.209656,97.676552
1.3722,95.215157,97.681931
1.3723,95.22065,97.687317
1.3724,95.226151,97.692696
1.3724999,95.231644,97.698082
1.3726,95.237144,97.703461
1.3727,95.242638,97.708839
1.3728,95.248138,97.714226
1.3729,95.253632,97.719604
1.373,95.259125,97.724983
1.3731,95.264618,97.730362
1.3732001,95.270111,97.735741
1.3733,95.275604,97.741119
1.3734,95.281097,97.746498
1.3735,95.286591,97.751877
1.3736,95.292084,97.757248
1.3737,95.297577,97.762627
1.3738,95.30307,97.768005
1.3739001,95.308556,97.773376
1.374,95.314049,97.778755
1.3741,95.319542,97.784126
1.3742,95.325027,97.789505
1.3743,95.330521,97.794876
1.3744,95.336006,97.800247
1.3745,95.341492,97.805626
1.3746001,95.346985,97.810997
1.3747,95.35247,97.816368
1.3748,95.357956,97.821739
1.3749,95.363441,97.82711
1.375,95.368927,97.832481
1.3751,95.374413,97.837852
1.3752,95.379898,97.843224
1.3753,95.385384,97.848587
1.3753999,95.390869,97.853958
1.3755,95.396355,97.859329
1.3756,95.401833,97.864693
1.3757,95.407318,97.870064
1.3758,95.412796,97.875427
1.3759,95.418282,97.880798
1.376,95.423759,97.886162
1.3760999,95.429245,97.891533
1.3762,95.434723,97.896896
1.3763,95.440201,97.90226
1.3764,95.445686,97.907623
1.3765,95.451164,97.912987
1.3766,95.456642,97.91835
1.3767,95.46212,97.923714
1.3767999,95.467598,97.929077
1.3769,95.473076,97.934441
1.377,95.478554,97.939804
1.3771,95.484032,97.94516
1.3772,95.489502,97.950523
1.3773,95.49498,97.955887
1.3774,95.500458,97.961243
1.3775001,95.505928,97.966606
1.3776,95.511406,97.971962
1.3777,95.516876,97.977325
1.3778,95.522354,97.982681
1.3779,95.527824,97.988037
1.378,95.533295,97.993393
1.3781,95.538773,97.998756
1.3782001,95.544243,98.004112
1.3783,95.549713,98.009468
1.3784,95.555183,98.014824
1.3785,95.560654,98.02018
1.3786,95.566124,98.025528
1.3787,95.571594,98.030884
1.3788,95.577057,98.03624
1.3789001,95.582527,98.041595
1.3789999,95.587997,98.046944
1.3791,95.593468,98.052299
1.3792,95.59893,98.057648
1.3793,95.604401,98.063004
1.3794,95.609863,98.068352
1.3795,95.615326,98.073708
1.3796,95.620796,98.079056
1.3796999,95.626259,98.084404
1.3798,95.631721,98.089752
1.3799,95.637192,98.0951
1.38,95.642654,98.100449
1.3801,95.648117,98.105797
1.3802,95.65358,98.111145
1.3803,95.659042,98.116493
1.3803999,95.664497,98.121841
1.3805,95.66996,98.12719
1.3806,95.675423,98.13253
1.3807,95.680885,98.137878
1.3808,95.68634,98.143227
1.3809,95.691803,98.148567
1.381,95.697258,98.153915
1.3811001,95.702721,98.159256
1.3812,95.708176,98.164597
1.3813,95.713638,98.169945
1.3814,95.719093,98.175285
1.3815,95.724548,98.180626
1.3816,95.730003,98.185966
1.3817,95.735458,98.191307
1.3818001,95.740913,98.196648
1.3819,95.746368,98.201988
1.382,95.751823,98.207329
1.3821,95.757278,98.212669
1.3822,95.762733,98.21801
1.3823,95.768188,98.223343
1.3824,95.773636,98.228683
1.3825001,95.779091,98.234024
1.3825999,95.784546,98.239357
1.3827,95.789993,98.244698
1.3828,95.795448,98.250031
1.3829,95.800896,98.255363
1.383,95.806343,98.260704
1.3831,95.811798,98.266037
1.3832,95.817245,98.27137
1.3832999,95.822693,98.276703
1.3834,95.82814,98.282036
1.3835,95.833588,98.287369
1.3836,95.839035,98.292702
1.3837,95.844482,98.298035
1.3838,95.84993,98.303368
1.3839,95.855377,98.308701
1.3839999,95.860825,98.314034
1.3841,95.866264,98.319359
1.3842,95.871712,98.324692
1.3843,95.877151,98.330017
1.3844,95.882599,98.33535
1.3845,95.888039,98.340675
1.3846,95.893486,98.346008
1.3846999,95.898926,98.351334
1.3848,95.904366,98.356659
1.3849,95.909813,98.361984
1.385,95.915253,98.367317
1.3851,95.920692,98.372643
1.3852,95.926132,98.377968
1.3853,95.931572,98.383293
1.3854001,95.937012,98.388618
1.3855,95.942451,98.393936
1.3856,95.947891,98.399261
1.3857,95.953323,98.404587
1.3858,95.958763,98.409912
1.3859,95.964203,98.41523
1.386,95.969635,98.420555
1.3861001,95.975075,98.425873
1.3862,95.980507,98.431198
1.3863,95.985947,98.436516
1.3864,95.991379,98.441833
1.3865,95.996811,98.447159
1.3866,96.002243,98.452477
1.3867,96.007683,98.457794
1.3868001,96.013115,98.463112
1.3868999,96.018547,98.46843
1.387,96.023979,98.473747
1.3871,96.029411,98.479065
1.3872,96.034843,98.484383
1.3873,96.040268,98.4897
1.3874,96.0457,98.495018
1.3875,96.051132,98.500328
1.3875999,96.056557,98.505646
1.3877,96.061989,98.510956
1.3878,96.067421,98.516273
1.3879,96.072845,98.521584
1.388,96.07827,98.526901
1.3881,96.083702,98.532211
1.3882,96.089127,98.537521
1.3882999,96.094551,98.542839
1.3884,96.099976,98.548149
1.3885,96.105408,98.553459
1.3886,96.110832,98.558769
1.3887,96.116257,98.564079
1.3888,96.121674,98.569389
1.3889,96.127098,98.574699
1.3890001,96.132523,98.580009
1.3891,96.137947,98.585312
1.3892,96.143372,98.590622
1.3893,96.148788,98.595932
1.3894,96.154213,98.601234
1.3895,96.15963,98.606544
1.3896,96.165054,98.611847
1.3897001,96.170471,98.617157
1.3898,96.175888,98.622459
1.3899,96.181313,98.627762
1.39,96.186729,98.633072
1.3901,96.192146,98.638374
1.3902,96.197563,98.643677
1.3903,96.20298,98.648979
1.3904001,96.208397,98.654282
1.3904999,96.213814,98.659584
1.3906,96.219231,98.664886
1.3907,96.224648,98.670189
1.3908,96.230064,98.675484
1.3909,96.235474,98.680786
1.391,96.240891,98.686089
1.3911,96.246307,98.691383
1.3911999,96.251717,98.696686
1.3913,96.257126,98.701981
1.3914,96.262543,98.707283
1.3915,96.267952,98.712578
1.3916,96.273369,98.717873
1.3917,96.278778,98.723175
1.3918,96.284187,98.72847
1.3918999,96.289597,98.733765
1.392,96.295006,98.739059
1.3921,96.300415,98.744354
1.3922,96.305824,98.749649
1.3923,96.311234,98.754944
1.3924,96.316643,98.760239
1.3925,96.322044,98.765533
1.3926001,96.327454,98.770821
1.3927,96.332863,98.776115
1.3928,96.338264,98.78141
1.3929,96.343674,98.786697
1.393,96.349075,98.791992
1.3931,96.354485,98.797279
1.3932,96.359886,98.802567
1.3933001,96.365288,98.807861
1.3934,96.370689,98.813148
1.3935,96.376099,98.818436
1.3936,96.3815,98.823723
1.3937,96.386902,98.82901
1.3938,96.392303,98.834297
1.3939,96.397705,98.839584
1.3940001,96.403107,98.844872
1.3941,96.408501,98.850159
1.3942,96.413902,98.855446
1.3943,96.419304,98.860733
1.3944,96.424698,98.866013
1.3945,96.430099,98.8713
1.3946,96.435501,98.876587
1.3947001,96.440895,98.881866
1.3947999,96.446289,98.887146
1.3949,96.451691,98.892433
1.395,96.457085,98.897713
1.3951,96.462479,98.902992
1.3952,96.467873,98.908279
1.3953,96.473274,98.913559
1.3954,96.478668,98.918839
1.3954999,96.484062,98.924118
1.3956,96.489449,98.929398
1.3957,96.494843,98.934677
1.3958,96.500237,98.939957
1.3959,96.50563,98.945236
1.396,96.511024,98.950508
1.3961,96.516411,98.955788
1.3961999,96.521805,98.961067
1.3963,96.527191,98.966339
1.3964,96.532585,98.971619
1.3965,96.537971,98.976891
1.3966,96.543365,98.98217
1.3967,96.548752,98.987442
1.3968,96.554138,98.992714
1.3969001,96.559525,98.997986
1.397,96.564911,99.003265
1.3971,96.570297,99.008537
1.3972,96.575684,99.013809
1.3973,96.58107,99.019081
1.3974,96.586456,99.024353
1.3975,96.591843,99.029617
1.3976001,96.597229,99.034889
1.3977,96.602608,99.040161
1.3978,96.607994,99.045433
1.3979,96.61338,99.050697
1.398,96.618759,99.055969
1.3981,96.624146,99.061241
1.3982,96.629524,99.066505
1.3983001,96.634903,99.07177
1.3983999,96.640289,99.077042
1.3985,96.645668,99.082306
1.3986,96.651047,99.08757
1.3987,96.656425,99.092834
1.3988,96.661804,99.098106
1.3989,96.667183,99.103371
1.399,96.672562,99.108635
1.3990999,96.67794,99.113899
1.3992,96.683319,99.119156
1.3993,96.688698,99.12442
1.3994,96.694069,99.129684
1.3995,96.699448,99.134949
1.3996,96.704819,99.140205
1.3997,96.710197,99.14547
1.3997999,96.715569,99.150734
1.3999,96.720947,99.155991
1.4,96.726318,99.161247
1.4001,96.731689,99.166512
1.4002,96.737068,99.171768
1.4003,96.742439,99.177025
1.4004,96.74781,99.182289
1.4005001,96.753181,99.187546
1.4006,96.758553,99.192802
1.4007,96.763924,99.198059
1.4008,96.769295,99.203316
1.4009,96.774666,99.208572
1.401,96.780029,99.213821
1.4011,96.7854,99.219078
1.4012001,96.790771,99.224335
1.4013,96.796135,99.229591
1.4014,96.801506,99.23484
1.4015,96.80687,99.240097
1.4016,96.812241,99.245346
1.4017,96.817604,99.250603
1.4018,96.822968,99.255852
1.4019001,96.828331,99.261101
1.402,96.833702,99.266357
1.4021,96.839066,99.271606
1.4022,96.844429,99.276855
1.4023,96.849792,99.282104
1.4024,96.855156,99.287354
1.4025,96.860519,99.292603
1.4026,96.865875,99.297852
1.4026999,96.871239,99.303101
1.4028,96.876602,99.30835
1.4029,96.881958,99.313591
1.403,96.887321,99.31884
1.4031,96.892685,99.324089
1.4032,96.898041,99.32933
1.4033,96.903397,99.334579
1.4033999,96.90876,99.339821
1.4035,96.914116,99.34507
1.4036,96.919472,99.350311
1.4037,96.924828,99.355553
1.4038,96.930191,99.360794
1.4039,96.935547,99.366043
1.404,96.940903,99.371284
1.4040999,96.946251,99.376526
1.4042,96.951607,99.381767
1.4043,96.956963,99.387009
1.4044,96.962318,99.392242
1.4045,96.967674,99.397484
1.4046,96.973022,99.402725
1.4047,96.978378,99.407967
1.4048001,96.983727,99.4132
1.4049,96.989082,99.418442
1.405,96.994431,99.423676
1.4051,96.999786,99.428917
1.4052,97.005135,99.434151
1.4053,97.010483,99.439392
1.4054,97.015831,99.444626
1.4055001,97.021179,99.44986
1.4056,97.026527,99.455093
1.4057,97.031876,99.460327
1.4058,97.037224,99.465561
1.4059,97.042572,99.470795
1.406,97.04792,99.476028
1.4061,97.053268,99.481262
1.4062001,97.058609,99.486496
1.4062999,97.063957,99.49173
1.4064,97.069305,99.496956
1.4065,97.074646,99.50219
1.4066,97.079994,99.507423
1.4067,97.085335,99.51265
1.4068,97.090675,99.517883
1.4069,97.096024,99.523109
1.4069999,97.101364,99.528336
1.4071,97.106705,99.533569
1.4072,97.112045,99.538795
1.4073,97.117386,99.544022
1.4074,97.122726,99.549248
1.4075,97.128067,99.554474
1.4076,97.133408,99.5597
1.4076999,97.138748,99.564926
1.4078,97.144089,99.570152
1.4079,97.149422,99.575378
1.408,97.154762,99.580605
1.4081,97.160103,99.585823
1.4082,97.165436,99.591049
1.4083,97.170776,99.596275
1.4084001,97.176109,99.601494
1.4085,97.181442,99.60672
1.4086,97.186783,99.611938
1.4087,97.192116,99.617157
1.4088,97.197449,99.622383
1.4089,97.202782,99.627602
1.409,97.208115,99.63282
1.4091001,97.213448,99.638039
1.4092,97.218781,99.643257
1.4093,97.224113,99.648476
1.4094,97.229446,99.653694
1.4095,97.234779,99.658913
1.4096,97.240105,99.664131
1.4097,97.245438,99.66935
1.4098001,97.250763,99.674568
1.4099,97.256096,99.679779
1.41,97.261421,99.684998
1.4101,97.266754,99.690208
1.4102,97.272079,99.695427
1.4103,97.277405,99.700638
1.4104,97.282738,99.705856
1.4105,97.288063,99.711067
1.4105999,97.293388,99.716278
1.4107,97.298714,99.721489
1.4108,97.304039,99.726707
1.4109,97.309364,99.731918
1.411,97.31469,99.737129
1.4111,97.320015,99.74234
1.4112,97.325333,99.747551
1.4112999,97.330658,99.752754
1.4114,97.335983,99.757965
1.4115,97.341301,99.763176
1.4116,97.346626,99.768387
1.4117,97.351944,99.77359
1.4118,97.357269,99.778801
1.4119,97.362587,99.784004
1.4119999,97.367905,99.789215
1.4121,97.37323,99.794418
1.4122,97.378548,99.799622
1.4123,97.383865,99.804832
1.4124,97.389183,99.810036
1.4125,97.394501,99.815239
1.4126,97.399818,99.820442
1.4127001,97.405136,99.825645
1.4128,97.410454,99.830849
1.4129,97.415764,99.836052
1.413,97.421082,99.841255
1.4131,97.426399,99.846458
1.4132,97.431709,99.851654
1.4133,97.437027,99.856857
1.4134001,97.442337,99.862061
1.4135,97.447655,99.867256
1.4136,97.452965,99.872459
1.4137,97.458275,99.877655
1.4138,97.463593,99.882858
1.4139,97.468903,99.888054
1.414,97.474213,99.89325
1.4141001,97.479523,99.898445
1.4141999,97.484833,99.903648
1.4143,97.490143,99.908844
1.4144,97.495453,99.91404
1.4145,97.500763,99.919235
1.4146,97.506065,99.924431
1.4147,97.511375,99.929626
1.4148,97.516685,99.934814
1.4148999,97.521988,99.94001
1.415,97.527298,99.945206
1.4151,97.5326,99.950394
1.4152,97.53791,99.955589
1.4153,97.543213,99.960785
1.4154,97.548515,99.965973
1.4155,97.553825,99.971161
1.4155999,97.559128,99.976357
1.4157,97.56443,99.981544
1.4158,97.569733,99.986732
1.4159,97.575035,99.99192
1.416,97.580338,99.997116
1.4161,97.58564,100.0023
1.4162,97.590942,100.00749
1.4163001,97.596237,100.01268
1.4164,97.60154,100.01786
1.4165,97.606842,100.02305
1.4166,97.612137,100.02824
1.4167,97.617439,100.03342
1.4168,97.622734,100.0386
1.4169,97.628036,100.04379
1.4170001,97.633331,100.04897
1.4171,97.638626,100.05416
1.4172,97.643929,100.05934
1.4173,97.649223,100.06453
1.4174,97.654518,100.06971
1.4175,97.659813,100.07489
1.4176,97.665108,100.08007
1.4177001,97.670403,100.08526
1.4177999,97.675697,100.09044
1.4179,97.680992,100.09562
1.418,97.686279,100.1008
1.4181,97.691574,100.10597
1.4182,97.696869,100.11115
1.4183,97.702156,100.11633
1.4184,97.707451,100.12151
1.4184999,97.712738,100.12669
1.4186,97.718033,100.13187
1.4187,97.72332,100.13705
1.4188,97.728607,100.14222
1.4189,97.733902,100.14739
1.419,97.739189,100.15257
1.4191,97.744476,100.15775
1.4191999,97.749763,100.16292
1.4193,97.755051,100.1681
1.4194,97.760338,100.17327
1.4195,97.765625,100.17844
1.4196,97.770912,100.18362
1.4197,97.776192,100.18879
1.4198,97.781479,100.19396
1.4198999,97.786766,100.19913
1.42,97.792046,100.2043
1.4201,97.797333,100.20947
1.4202,97.802612,100.21465
1.4203,97.807899,100.21981
1.4204,97.813179,100.22498
1.4205,97.818459,100.23015
1.4206001,97.823746,100.23532
1.4207,97.829025,100.24049
1.4208,97.834305,100.24565
1.4209,97.839584,100.25082
1.421,97.844864,100.25599
1.4211,97.850143,100.26115
1.4212,97.855423,100.26632
1.4213001,97.860703,100.27148
1.4214,97.865974,100.27665
1.4215,97.871254,100.28181
1.4216,97.876534,100.28698
1.4217,97.881805,100.29214
1.4218,97.887085,100.2973
1.4219,97.892357,100.30247
1.4220001,97.897636,100.30763
1.4220999,97.902908,100.31279
1.4222,97.90818,100.31796
1.4223,97.91346,100.32311
1.4224,97.918732,100.32828
1.4225,97.924004,100.33344
1.4226,97.929276,100.33859
1.4227,97.934547,100.34375
1.4227999,97.939819,100.34892
1.4229,97.945091,100.35407
1.423,97.950363,100.35923
1.4231,97.955627,100.36439
1.4232,97.960899,100.36954
1.4233,97.966171,100.37469
1.4234,97.971436,100.37985
1.4234999,97.976707,100.38501
1.4236,97.981972,100.39017
1.4237,97.987244,100.39532
1.4238,97.992508,100.40047
1.4239,97.997772,100.40562
1.424,98.003044,100.41078
1.4241,98.008308,100.41593
1.4242001,98.013573,100.42109
1.4243,98.018837,100.42624
1.4244,98.024101,100.43139
1.4245,98.029366,100.43654
1.4246,98.03463,100.44169
1.4247,98.039894,100.44684
1.4248,98.045158,100.45199
1.4249001,98.050415,100.45714
1.425,98.055679,100.46229
1.4251,98.060936,100.46744
1.4252,98.0662,100.47259
1.4253,98.071457,100.47773
1.4254,98.076721,100.48288
1.4255,98.081978,100.48803
1.4256001,98.087242,100.49317
1.4256999,98.092499,100.49832
1.4258,98.097755,100.50346
1.4259,98.103012,100.50861
1.426,98.108269,100.51376
1.4261,98.113525,100.5189
1.4262,98.118782,100.52404
1.4263,98.124039,100.52918
1.4263999,98.129295,100.53432
1.4265,98.134552,100.53947
1.4266,98.139801,100.54461
1.4267,98.145058,100.54975
1.4268,98.150314,100.55489
1.4269,98.155563,100.56004
1.427,98.16082,100.56517
1.4270999,98.166069,100.57031
1.4272,98.171318,100.57545
1.4273,98.176575,100.58059
1.4274,98.181824,100.58572
1.4275,98.187073,100.59087
1.4276,98.192322,100.596
1.4277,98.197571,100.60114
1.4278001,98.20282,100.60628
1.4279,98.208069,100.61141
1.428,98.213318,100.61655
1.4281,98.218567,100.62168
1.4282,98.223816,100.62682
1.4283,98.229057,100.63195
1.4284,98.234306,100.63708
1.4285001,98.239555,100.64222
1.4286,98.244797,100.64735
1.4287,98.250046,100.65248
1.4288,98.255287,100.65762
1.4289,98.260529,100.66275
1.429,98.265778,100.66788
1.4291,98.271019,100.67301
1.4292001,98.27626,100.67814
1.4293,98.281502,100.68327
1.4294,98.286743,100.6884
1.4295,98.291985,100.69353
1.4296,98.297226,100.69865
1.4297,98.302467,100.70378
1.4298,98.307709,100.70891
1.4299001,98.31295,100.71404
1.4299999,98.318192,100.71916
1.4301,98.323425,100.72429
1.4302,98.328667,100.72942
1.4303,98.3339,100.73454
1.4304,98.339142,100.73966
1.4305,98.344376,100.74479
1.4306,98.349617,100.74992
1.4306999,98.354851,100.75504
1.4308,98.360085,100.76016
1.4309,98.365318,100.76528
1.431,98.370552,100.77041
1.4311,98.375793,100.77553
1.4312,98.381027,100.78065
1.4313,98.386261,100.78577
1.4313999,98.391487,100.79089
1.4315,98.396721,100.79601
1.4316,98.401955,100.80113
1.4317,98.407188,100.80625
1.4318,98.412415,100.81136
1.4319,98.417648,100.81648
1.432,98.422882,100.8216
1.4321001,98.428108,100.82672
1.4322,98.433334,100.83183
1.4323,98.438568,100.83695
1.4324,98.443794,100.84207
1.4325,98.44902,100.84718
1.4326,98.454254,100.8523
1.4327,98.45948,100.85741
1.4328001,98.464706,100.86253
1.4329,98.469933,100.86765
1.433,98.475159,100.87276
1.4331,98.480385,100.87787
1.4332,98.485603,100.88298
1.4333,98.490829,100.88809
1.4334,98.496056,100.8932
1.4335001,98.501282,100.89832
1.4335999,98.5065,100.90343
1.4337,98.511726,100.90854
1.4338,98.516945,100.91364
1.4339,98.522171,100.91875
1.434,98.52739,100.92387
1.4341,98.532608,100.92897
1.4342,98.537834,100.93408
1.4342999,98.543053,100.93919
1.4344,98.548271,100.94429
1.4345,98.55349,100.9494
1.4346,98.558708,100.95451
1.4347,98.563927,100.95961
1.4348,98.569145,100.96471
1.4349,98.574364,100.96983
1.4349999,98.579575,100.97493
1.4351,98.584793,100.98003
1.4352,98.590012,100.98513
1.4353,98.595222,100.99023
1.4354,98.600441,100.99534
1.4355,98.605652,101.00044
1.4356,98.61087,101.00555
1.4357001,98.616081,101.01064
1.4358,98.6213,101.01575
1.4359,98.626511,101.02084
1.436,98.631721,101.02595
1.4361,98.636932,101.03104
1.4362,98.642143,101.03615
1.4363,98.647354,101.04124
1.4364001,98.652565,101.04634
1.4365,98.657776,101.05144
1.4366,98.662987,101.05653
1.4367,98.668198,101.06163
1.4368,98.673401,101.06673
1.4369,98.678612,101.07182
1.437,98.683823,101.07692
1.4371001,98.689026,101.08202
1.4372,98.694237,101.08711
1.4373,98.69944,101.0922
1.4374,98.704651,101.0973
1.4375,98.709854,101.10239
1.4376,98.715057,101.10748
1.4377,98.720261,101.11258
1.4378,98.725464,101.11767
1.4378999,98.730667,101.12276
1.438,98.73587,101.12785
1.4381,98.741074,101.13294
1.4382,98.746277,101.13803
1.4383,98.75148,101.14312
1.4384,98.756683,101.14821
1.4385,98.761887,101.1533
1.4385999,98.767082,101.15839
1.4387,98.772285,101.16348
1.4388,98.777489,101.16856
1.4389,98.782684,101.17365
1.439,98.78788,101.17873
1.4391,98.793083,101.18382
1.4392,98.798279,101.18891
1.4392999,98.803474,101.19399
1.4394,98.808678,101.19908
1.4395,98.813873,101.20416
1.4396,98.819069,101.20924
1.4397,98.824265,101.21433
1.4398,98.82946,101.21941
1.4399,98.834656,101.22449
1.4400001,98.839844,101.22958
1.4401,98.845039,101.23466
1.4402,98.850235,101.23974
1.4403,98.855431,101.24482
1.4404,98.860619,101.2499
1.4405,98.865814,101.25498
1.4406,98.871002,101.26006
1.4407001,98.876198,101.26514
1.4408,98.881386,101.27022
1.4409,98.886574,101.2753
1.441,98.891769,101.28037
1.4411,98.896957,101.28545
1.4412,98.902145,101.29053
1.4413,98.907333,101.2956
1.4414001,98.912521,101.30068
1.4414999,98.917709,101.30576
1.4416,98.922897,101.31083
1.4417,98.928085,101.3159
1.4418,98.933273,101.32098
1.4419,98.938454,101.32605
1.442,98.943642,101.33112
1.4421,98.94883,101.3362
1.4421999,98.95401,101.34127
1.4423,98.959198,101.34634
1.4424,98.964378,101.35141
1.4425,98.969559,101.35648
1.4426,98.974747,101.36156
1.4427,98.979927,101.36662
1.4428,98.985107,101.3717
1.4428999,98.990288,101.37676
1.443,98.995468,101.38184
1.4431,99.000648,101.3869
1.4432,99.005829,101.39197
1.4433,99.011009,101.39703
1.4434,99.01619,101.4021
1.4435,99.02137,101.40717
1.4436001,99.02655,101.41224
1.4437,99.031723,101.4173
1.4438,99.036903,101.42236
1.4439,99.042076,101.42743
1.444,99.047256,101.4325
1.4441,99.052429,101.43756
1.4442,99.05761,101.44262
1.4443001,99.062782,101.44769
1.4444,99.067955,101.45275
1.4445,99.073135,101.45781
1.4446,99.078308,101.46287
1.4447,99.083481,101.46793
1.4448,99.088654,101.47299
1.4449,99.093826,101.47805
1.4450001,99.098999,101.48312
1.4450999,99.104172,101.48817
1.4452,99.109337,101.49323
1.4453,99.11451,101.49829
1.4454,99.119682,101.50335
1.4455,99.124847,101.50841
1.4456,99.13002,101.51347
1.4457,99.135185,101.51852
1.4457999,99.140358,101.52357
1.4459,99.145523,101.52863
1.446,99.150688,101.53368
1.4461,99.155861,101.53874
1.4462,99.161026,101.54379
1.4463,99.166191,101.54885
1.4464,99.171356,101.5539
1.4464999,99.176521,101.55896
1.4466,99.181686,101.56401
1.4467,99.186852,101.56906
1.4468,99.192017,101.57411
1.4469,99.197182,101.57916
1.447,99.202339,101.58421
1.4471,99.207504,101.58926
1.4471999,99.212669,101.59431
1.4473,99.217827,101.59937
1.4474,99.222992,101.60442
1.4475,99.228149,101.60947
1.4476,99.233315,101.61451
1.4477,99.238472,101.61956
1.4478,99.243629,101.62461
1.4479001,99.248787,101.62965
1.448,99.253944,101.6347
1.4481,99.259109,101.63975
1.4482,99.264267,101.64479
1.4483,99.269424,101.64983
1.4484,99.274574,101.65488
1.4485,99.279732,101.65993
1.4486001,99.284889,101.66497
1.4487,99.290047,101.67001
1.4488,99.295197,101.67506
1.4489,99.300354,101.6801
1.449,99.305511,101.68514
1.4491,99.310661,101.69019
1.4492,99.315819,101.69522
1.4493001,99.320969,101.70026
1.4493999,99.326118,101.70531
1.4495,99.331276,101.71034
1.4496,99.336426,101.71539
1.4497,99.341576,101.72042
1.4498,99.346725,101.72546
1.4499,99.351875,101.7305
1.45,99.357025,101.73553
1.4500999,99.362175,101.74057
1.4502,99.367325,101.74561
1.4503,99.372475,101.75065
1.4504,99.377617,101.75568
1.4505,99.382767,101.76072
1.4506,99.387917,101.76575
1.4507,99.393059,101.77078
1.4507999,99.398209,101.77582
1.4509,99.403351,101.78085
1.451,99.408493,101.78589
1.4511,99.413643,101.79092
1.4512,99.418785,101.79595
1.4513,99.423927,101.80098
1.4514,99.42907,101.80602
1.4515001,99.434212,101.81104
1.4516,99.439354,101.81608
1.4517,99.444496,101.82111
1.4518,99.449638,101.82613
1.4519,99.454781,101.83116
1.452,99.459923,101.83619
1.4521,99.465065,101.84122
1.4522001,99.4702,101.84624
1.4523,99.475342,101.85127
1.4524,99.480484,101.8563
1.4525,99.485619,101.86133
1.4526,99.490761,101.86636
1.4527,99.495895,101.87138
1.4528,99.50103,101.8764
1.4529001,99.506165,101.88143
1.4529999,99.511307,101.88645
1.4531,99.516441,101.89148
1.4532,99.521576,101.8965
1.4533,99.526711,101.90153
1.4534,99.531845,101.90655
1.4535,99.53698,101.91157
1.4536,99.542114,101.91659
1.4536999,99.547241,101.92161
1.4538,99.552376,101.92663
1.4539,99.55751,101.93165
1.454,99.562637,101.93667
1.4541,99.567772,101.94169
1.4542,99.572906,101.94671
1.4543,99.578033,101.95173
1.4543999,99.58316,101.95674
1.4545,99.588295,101.96176
1.4546,99.593422,101.96678
1.4547,99.598549,101.97179
1.4548,99.603676,101.97681
1.4549,99.608803,101.98183
1.455,99.61393,101.98684
1.4551001,99.619057,101.99186
1.4552,99.624184,101.99687
1.4553,99.629311,102.00188
1.4554,99.634438,102.0069
1.4555,99.639565,102.01191
1.4556,99.644684,102.01692
1.4557,99.649811,102.02193
1.4558001,99.654938,102.02695
1.4559,99.660057,102.03196
1.456,99.665184,102.03697
1.4561,99.670303,102.04198
1.4562,99.675423,102.04699
1.4563,99.680542,102.052
1.4564,99.685669,102.05701
1.4565001,99.690788,102.06202
1.4566,99.695908,102.06702
1.4567,99.701027,102.07204
1.4568,99.706146,102.07704
1.4569,99.711266,102.08205
1.457,99.716385,102.08705
1.4571,99.721504,102.09206
1.4572001,99.726616,102.09706
1.4572999,99.731735,102.10207
1.4574,99.736855,102.10707
1.4575,99.741966,102.11208
1.4576,99.747086,102.11708
1.4577,99.752197,102.12209
1.4578,99.757309,102.12709
1.4579,99.762428,102.13209
1.4579999,99.76754,102.13709
1.4581,99.772652,102.14209
1.4582,99.777763,102.14709
1.4583,99.782875,102.15209
1.4584,99.787994,102.1571
1.4585,99.793106,102.16209
1.4586,99.79821,102.16709
1.4586999,99.803322,102.17209
1.4588,99.808434,102.17709
1.4589,99.813545,102.18209
1.459,99.818649,102.18709
1.4591,99.823761,102.19209
1.4592,99.828873,102.19707
1.4593,99.833977,102.20207
1.4594001,99.839088,102.20707
1.4595,99.844193,102.21207
1.4596,99.849297,102.21706
1.4597,99.854408,102.22205
1.4598,99.859512,102.22705
1.4599,99.864616,102.23204
1.46,99.86972,102.23704
1.4601001,99.874825,102.24203
1.4602,99.879929,102.24702
1.4603,99.885033,102.25201
1.4604,99.890137,102.257
1.4605,99.895241,102.26199
1.4606,99.900337,102.26698
1.4607,99.905441,102.27197
1.4608001,99.910545,102.27696
1.4608999,99.915642,102.28195
1.461,99.920746,102.28694
1.4611,99.925842,102.29192
1.4612,99.930946,102.29691
1.4613,99.936043,102.3019
1.4614,99.941139,102.30688
1.4615,99.946236,102.31187
1.4615999,99.95134,102.31686
1.4617,99.956436,102.32185
1.4618,99.961533,102.32683
1.4619,99.966629,102.33182
1.462,99.971725,102.3368
1.4621,99.976814,102.34178
1.4622,99.981911,102.34676
1.4622999,99.987007,102.35175
1.4624,99.992104,102.35673
1.4625,99.997192,102.36171
1.4626,100.00229,102.36669
1.4627,100.00738,102.37167
1.4628,100.01247,102.37666
1.4629,100.01756,102.38163
1.4630001,100.02265,102.38661
1.4631,100.02775,102.39159
1.4632,100.03284,102.39657
1.4633,100.03793,102.40155
1.4634,100.04301,102.40652
1.4635,100.0481,102.41151
1.4636,100.05319,102.41648
1.4637001,100.05828,102.42146
1.4638,100.06337,102.42643
1.4639,100.06846,102.43141
1.464,100.07354,102.43639
1.4641,100.07863,102.44136
1.4642,100.08372,102.44633
1.4643,100.0888,102.4513
1.4644001,100.09389,102.45628
1.4645,100.09897,102.46125
1.4646,100.10406,102.46622
1.4647,100.10914,102.4712
1.4648,100.11422,102.47617
1.4649,100.11931,102.48114
1.465,100.12439,102.48611
1.4651,100.12947,102.49108
1.4651999,100.13455,102.49605
1.4653,100.13963,102.50101
1.4654,100.14471,102.50599
1.4655,100.1498,102.51096
1.4656,100.15487,102.51592
1.4657,100.15995,102.52089
1.4658,100.16503,102.52586
1.4658999,100.1701,102.53082
1.466,100.17519,102.53579
1.4661,100.18026,102.54076
1.4662,100.18534,102.54572
1.4663,100.19041,102.55068
1.4664,100.1955,102.55565
1.4665,100.20057,102.56062
1.4665999,100.20564,102.56557
1.4667,100.21072,102.57054
1.4668,100.21579,102.5755
1.4669,100.22086,102.58047
1.467,100.22594,102.58543
1.4671,100.23101,102.59039
1.4672,100.23608,102.59534
1.4673001,100.24116,102.6003
1.4674,100.24623,102.60527
1.4675,100.2513,102.61023
1.4676,100.25637,102.61519
1.4677,100.26144,102.62014
1.4678,100.26651,102.6251
1.4679,100.27158,102.63006
1.4680001,100.27665,102.63502
1.4681,100.28172,102.63998
1.4682,100.28679,102.64493
1.4683,100.29185,102.64989
1.4684,100.29692,102.65484
1.4685,100.30199,102.6598
1.4686,100.30705,102.66475
1.4687001,100.31212,102.6697
1.4687999,100.31718,102.67466
1.4689,100.32225,102.67961
1.469,100.32732,102.68456
1.4691,100.33237,102.68951
1.4692,100.33744,102.69447
1.4693,100.34251,102.69942
1.4694,100.34756,102.70437
1.4694999,100.35263,102.70932
1.4696,100.35769,102.71427
1.4697,100.36275,102.71922
1.4698,100.36781,102.72417
1.4699,100.37287,102.72912
1.47,100.37793,102.73406
1.4701,100.383,102.73901
1.4701999,100.38805,102.74396
1.4703,100.39311,102.74891
1.4704,100.39817,102.75385
1.4705,100.40323,102.7588
1.4706,100.40829,102.76374
1.4707,100.41334,102.76869
1.4708,100.4184,102.77364
1.4709001,100.42345,102.77858
1.471,100.4285,102.78352
1.4711,100.43356,102.78847
1.4712,100.43861,102.79341
1.4713,100.44367,102.79835
1.4714,100.44872,102.80329
1.4715,100.45378,102.80824
1.4716001,100.45883,102.81317
1.4717,100.46388,102.81812
1.4718,100.46893,102.82305
1.4719,100.47398,102.828
1.472,100.47903,102.83293
1.4721,100.48409,102.83788
1.4722,100.48914,102.84281
1.4723001,100.49419,102.84775
1.4724,100.49924,102.85268
1.4725,100.50429,102.85762
1.4726,100.50933,102.86256
1.4727,100.51438,102.86749
1.4728,100.51943,102.87243
1.4729,100.52448,102.87737
1.473,100.52953,102.8823
1.4730999,100.53457,102.88724
1.4732,100.53961,102.89217
1.4733,100.54466,102.8971
1.4734,100.54971,102.90204
1.4735,100.55475,102.90697
1.4736,100.55979,102.9119
1.4737,100.56483,102.91683
1.4737999,100.56988,102.92176
1.4739,100.57492,102.9267
1.474,100.57996,102.93163
1.4741,100.58501,102.93655
1.4742,100.59005,102.94148
1.4743,100.59509,102.94641
1.4744,100.60013,102.95134
1.4744999,100.60516,102.95627
1.4746,100.61021,102.9612
1.4747,100.61524,102.96613
1.4748,100.62029,102.97105
1.4749,100.62532,102.97598
1.475,100.63036,102.9809
1.4751,100.6354,102.98582
1.4752001,100.64043,102.99075
1.4753,100.64547,102.99567
1.4754,100.65051,103.0006
1.4755,100.65554,103.00552
1.4756,100.66058,103.01044
1.4757,100.66561,103.01537
1.4758,100.67065,103.02029
1.4759001,100.67567,103.02522
1.476,100.68071,103.03014
1.4761,100.68575,103.03506
1.4762,100.69077,103.03998
1.4763,100.69581,103.0449
1.4764,100.70084,103.04981
1.4765,100.70587,103.05473
1.4766001,100.7109,103.05965
1.4766999,100.71593,103.06458
1.4768,100.72095,103.06949
1.4769,100.72599,103.07441
1.477,100.73102,103.07932
1.4771,100.73605,103.08424
1.4772,100.74107,103.08916
1.4773,100.7461,103.09407
1.4773999,100.75112,103.09898
1.4775,100.75615,103.1039
1.4776,100.76118,103.10882
1.4777,100.7662,103.11373
1.4778,100.77122,103.11864
1.4779,100.77625,103.12356
1.478,100.78127,103.12846
1.4780999,100.7863,103.13338
1.4782,100.79132,103.13829
1.4783,100.79635,103.1432
1.4784,100.80137,103.14811
1.4785,100.80639,103.15302
1.4786,100.81141,103.15793
1.4787,100.81643,103.16284
1.4788001,100.82145,103.16775
1.4789,100.82647,103.17266
1.479,100.83149,103.17757
1.4791,100.83651,103.18247
1.4792,100.84153,103.18738
1.4793,100.84655,103.19228
1.4794,100.85156,103.19719
1.4795001,100.85658,103.2021
1.4796,100.8616,103.207
1.4797,100.86662,103.21191
1.4798,100.87164,103.21681
1.4799,100.87665,103.22172
1.48,100.88166,103.22662
1.4801,100.88668,103.23152
1.4802001,100.89169,103.23643
1.4802999,100.89671,103.24133
1.4804,100.90172,103.24623
1.4805,100.90673,103.25113
1.4806,100.91174,103.25603
1.4807,100.91676,103.26093
1.4808,100.92177,103.26583
1.4809,100.92678,103.27073
1.4809999,100.93179,103.27563
1.4811,100.9368,103.28053
1.4812,100.94181,103.28542
1.4813,100.94682,103.29032
1.4814,100.95183,103.29522
1.4815,100.95683,103.30012
1.4816,100.96185,103.30502
1.4816999,100.96685,103.30991
1.4818,100.97186,103.3148
1.4819,100.97687,103.31969
1.482,100.98187,103.32459
1.4821,100.98688,103.32948
1.4822,100.99188,103.33438
1.4823,100.99689,103.33927
1.4823999,101.00189,103.34416
1.4825,101.0069,103.34906
1.4826,101.0119,103.35395
1.4827,101.0169,103.35884
1.4828,101.0219,103.36373
1.4829,101.02691,103.36862
1.483,101.03191,103.37351
1.4831001,101.03691,103.3784
1.4832,101.04191,103.38329
1.4833,101.04691,103.38818
1.4834,101.05191,103.39307
1.4835,101.05691,103.39796
1.4836,101.06191,103.40284
1.4837,101.06691,103.40773
1.4838001,101.07191,103.41261
1.4839,101.0769,103.4175
1.484,101.0819,103.42239
1.4841,101.0869,103.42727
1.4842,101.0919,103.43215
1.4843,101.09689,103.43704
1.4844,101.10188,103.44193
1.4845001,101.10688,103.44681
1.4845999,101.11188,103.45169
1.4847,101.11687,103.45657
1.4848,101.12186,103.46146
1.4849,101.12685,103.46633
1.485,101.13185,103.47121
1.4851,101.13684,103.4761
1.4852,101.14183,103.48097
1.4852999,101.14682,103.48586
1.4854,101.15182,103.49074
1.4855,101.15681,103.49561
1.4856,101.1618,103.50049
1.4857,101.16679,103.50537
1.4858,101.17178,103.51025
1.4859,101.17677,103.51512
1.4859999,101.18175,103.52
1.4861,101.18674,103.52488
1.4862,101.19173,103.52975
1.4863,101.19671,103.53463
1.4864,101.2017,103.5395
1.4865,101.20669,103.54437
1.4866,101.21167,103.54925
1.4867001,101.21665,103.55412
1.4868,101.22164,103.559
1.4869,101.22662,103.56387
1.487,101.23161,103.56874
1.4871,101.23659,103.57361
1.4872,101.24158,103.57848
1.4873,101.24656,103.58335
1.4874001,101.25154,103.58823
1.4875,101.25652,103.59309
1.4876,101.2615,103.59796
1.4877,101.26648,103.60283
1.4878,101.27146,103.6077
1.4879,101.27644,103.61256
1.488,101.28142,103.61743
1.4881001,101.2864,103.6223
1.4881999,101.29137,103.62717
1.4883,101.29636,103.63203
1.4884,101.30133,103.6369
1.4885,101.30631,103.64176
1.4886,101.31129,103.64663
1.4887,101.31626,103.6515
1.4888,101.32124,103.65636
1.4888999,101.32621,103.66122
1.489,101.33119,103.66608
1.4891,101.33617,103.67094
1.4892,101.34113,103.67581
1.4893,101.34611,103.68067
1.4894,101.35108,103.68553
1.4895,101.35606,103.69039
1.4895999,101.36103,103.69525
1.4897,101.366,103.70011
1.4898,101.37097,103.70497
1.4899,101.37594,103.70983
1.49,101.38091,103.71469
1.4901,101.38588,103.71954
1.4902,101.39085,103.7244
1.4903001,101.39582,103.72926
1.4904,101.40079,103.73412
1.4905,101.40575,103.73898
1.4906,101.41072,103.74383
1.4907,101.41569,103.74869
1.4908,101.42065,103.75354
1.4909,101.42562,103.75839
1.4910001,101.43059,103.76325
1.4911,101.43555,103.7681
1.4912,101.44052,103.77296
1.4913,101.44548,103.77781
1.4914,101.45045,103.78266
1.4915,101.45541,103.78751
1.4916,101.46037,103.79237
1.4917001,101.46534,103.79721
1.4918,101.4703,103.80206
1.4919,101.47526,103.80692
1.492,101.48022,103.81176
1.4921,101.48518,103.81661
1.4922,101.49014,103.82146
1.4923,101.4951,103.82631
1.4924001,101.50006,103.83115
1.4924999,101.50502,103.83601
1.4926,101.50998,103.84085
1.4927,101.51494,103.8457
1.4928,101.5199,103.85054
1.4929,101.52486,103.85538
1.493,101.52981,103.86024
1.4931,101.53477,103.86507
1.4931999,101.53973,103.86992
1.4933,101.54468,103.87476
1.4934,101.54964,103.87961
1.4935,101.55459,103.88445
1.4936,101.55954,103.8893
1.4937,101.5645,103.89413
1.4938,101.56945,103.89898
1.4938999,101.5744,103.90382
1.494,101.57935,103.90866
1.4941,101.5843,103.9135
1.4942,101.58926,103.91833
1.4943,101.59421,103.92318
1.4944,101.59916,103.92802
1.4945,101.60411,103.93285
1.4946001,101.60905,103.93769
1.4947,101.61401,103.94253
1.4948,101.61896,103.94736
1.4949,101.6239,103.9522
1.495,101.62885,103.95704
1.4951,101.6338,103.96188
1.4952,101.63875,103.96671
1.4953001,101.64369,103.97154
1.4954,101.64864,103.97638
1.4955,101.65359,103.98121
1.4956,101.65853,103.98605
1.4957,101.66348,103.99088
1.4958,101.66842,103.99571
1.4959,101.67336,104.00054
1.4960001,101.67831,104.00537
1.4960999,101.68325,104.01021
1.4962,101.68819,104.01504
1.4963,101.69313,104.01987
1.4964,101.69807,104.0247
1.4965,101.70302,104.02953
1.4966,101.70795,104.03436
1.4967,101.7129,104.03918
1.4967999,101.71783,104.04401
1.4969,101.72278,104.04884
1.497,101.72771,104.05367
1.4971,101.73265,104.05849
1.4972,101.73759,104.06332
1.4973,101.74253,104.06814
1.4974,101.74747,104.07297
1.4974999,101.7524,104.07779
1.4976,101.75734,104.08262
1.4977,101.76228,104.08744
1.4978,101.7672,104.09226
1.4979,101.77214,104.09708
1.498,101.77708,104.10191
1.4981,101.78201,104.10673
1.4982001,101.78694,104.11155
1.4983,101.79188,104.11637
1.4984,101.79681,104.12119
1.4985,101.80174,104.12601
1.4986,101.80667,104.13084
1.4987,101.81161,104.13565
1.4988,101.81654,104.14047
1.4989001,101.82146,104.14529
1.499,101.82639,104.15011
1.4991,101.83132,104.15492
1.4992,101.83625,104.15974
1.4993,101.84118,104.16456
1.4994,101.84611,104.16937
1.4995,101.85104,104.17419
1.4996001,101.85596,104.17901
1.4997,101.86089,104.18382
1.4998,101.86581,104.18864
1.4999,101.87074,104.19345
1.5,101.87567,104.19827
1.5001,101.88059,104.20308
1.5002,101.88552,104.20789
1.5003,101.89044,104.2127
1.5003999,101.89536,104.21751
1.5005,101.90029,104.22232
1.5006,101.90521,104.22713
1.5007,101.91013,104.23194
1.5008,101.91505,104.23676
1.5009,101.91998,104.24156
1.501,101.9249,104.24638
1.5010999,101.92982,104.25118
1.5012,101.93474,104.25599
1.5013,101.93966,104.2608
1.5014,101.94458,104.2656
1.5015,101.94949,104.27041
1.5016,101.95441,104.27522
1.5017,101.95933,104.28002
1.5017999,101.96425,104.28483
1.5019,101.96916,104.28963
1.502,101.97408,104.29444
1.5021,101.979,104.29924
1.5022,101.98391,104.30405
1.5023,101.98883,104.30885
1.5024,101.99374,104.31365
1.5025001,101.99866,104.31845
1.5026,102.00357,104.32326
1.5027,102.00848,104.32806
1.5028,102.0134,104.33286
1.5029,102.01831,104.33765
1.503,102.02322,104.34246
1.5031,102.02813,104.34726
1.5032001,102.03304,104.35206
1.5033,102.03796,104.35686
1.5034,102.04286,104.36166
1.5035,102.04778,104.36645
1.5036,102.05268,104.37125
1.5037,102.05759,104.37605
1.5038,102.0625,104.38084
1.5039001,102.06741,104.38564
1.5039999,102.07231,104.39043
1.5041,102.07722,104.39523
1.5042,102.08213,104.40002
1.5043,102.08704,104.40482
1.5044,102.09194,104.40961
1.5045,102.09685,104.41441
1.5046,102.10175,104.4192
1.5046999,102.10665,104.42399
1.5048,102.11156,104.42878
1.5049,102.11646,104.43357
1.505,102.12136,104.43836
1.5051,102.12627,104.44315
1.5052,102.13116,104.44794
1.5053,102.13607,104.45273
1.5053999,102.14097,104.45752
1.5055,102.14587,104.46231
1.5056,102.15077,104.46709
1.5057,102.15567,104.47189
1.5058,102.16057,104.47667
1.5059,102.16547,104.48146
1.506,102.17036,104.48624
1.5061001,102.17526,104.49103
1.5062,102.18016,104.49582
1.5063,102.18506,104.5006
1.5064,102.18996,104.50539
1.5065,102.19485,104.51017
1.5066,102.19975,104.51495
1.5067,102.20464,104.51974
1.5068001,102.20954,104.52452
1.5069,102.21443,104.5293
1.507,102.21933,104.53409
1.5071,102.22422,104.53886
1.5072,102.22911,104.54365
1.5073,102.23401,104.54843
1.5074,102.2389,104.55321
1.5075001,102.24379,104.55799
1.5075999,102.24868,104.56277
1.5077,102.25357,104.56754
1.5078,102.25846,104.57233
1.5079,102.26335,104.5771
1.508,102.26824,104.58188
1.5081,102.27313,104.58665
1.5082,102.27802,104.59143
1.5082999,102.28291,104.59621
1.5084,102.2878,104.60098
1.5085,102.29268,104.60576
1.5086,102.29757,104.61053
1.5087,102.30245,104.61531
1.5088,102.30734,104.62008
1.5089,102.31223,104.62486
1.5089999,102.31711,104.62963
1.5091,102.32199,104.6344
1.5092,102.32688,104.63918
1.5093,102.33176,104.64394
1.5094,102.33665,104.64871
1.5095,102.34153,104.65349
1.5096,102.34641,104.65826
1.5096999,102.3513,104.66302
1.5098,102.35617,104.66779
1.5099,102.36105,104.67256
1.51,102.36594,104.67733
1.5101,102.37081,104.6821
1.5102,102.37569,104.68687
1.5103,102.38057,104.69164
1.5104001,102.38545,104.6964
1.5105,102.39033,104.70116
1.5106,102.39521,104.70593
1.5107,102.40009,104.7107
1.5108,102.40496,104.71546
1.5109,102.40984,104.72023
1.511,102.41471,104.72499
1.5111001,102.41959,104.72975
1.5112,102.42446,104.73452
1.5113,102.42934,104.73928
1.5114,102.43421,104.74404
1.5115,102.43909,104.7488
1.5116,102.44396,104.75356
1.5117,102.44883,104.75832
1.5118001,102.4537,104.76308
1.5118999,102.45858,104.76785
1.512,102.46345,104.77261
1.5121,102.46832,104.77736
1.5122,102.47319,104.78212
1.5123,102.47806,104.78688
1.5124,102.48293,104.79163
1.5125,102.4878,104.79639
1.5125999,102.49267,104.80115
1.5127,102.49754,104.80591
1.5128,102.5024,104.81066
1.5129,102.50727,104.81541
1.513,102.51214,104.82018
1.5131,102.51701,104.82493
1.5132,102.52187,104.82968
1.5132999,102.52673,104.83443
1.5134,102.5316,104.83919
1.5135,102.53647,104.84394
1.5136,102.54133,104.84869
1.5137,102.5462,104.85344
1.5138,102.55106,104.85819
1.5139,102.55592,104.86295
1.5140001,102.56078,104.8677
1.5141,102.56564,104.87244
1.5142,102.5705,104.8772
1.5143,102.57536,104.88194
1.5144,102.58023,104.88669
1.5145,102.58509,104.89144
1.5146,102.58995,104.89619
1.5147001,102.5948,104.90093
1.5148,102.59966,104.90568
1.5149,102.60452,104.91042
1.515,102.60938,104.91518
1.5151,102.61424,104.91991
1.5152,102.61909,104.92466
1.5153,102.62395,104.92941
1.5154001,102.62881,104.93415
1.5154999,102.63367,104.9389
1.5156,102.63852,104.94363
1.5157,102.64337,104.94838
1.5158,102.64823,104.95312
1.5159,102.65308,104.95786
1.516,102.65794,104.96261
1.5161,102.66279,104.96735
1.5161999,102.66764,104.97208
1.5163,102.67249,104.97683
1.5164,102.67735,104.98157
1.5165,102.6822,104.98631
1.5166,102.68705,104.99104
1.5167,102.69189,104.99578
1.5168,102.69675,105.00052
1.5168999,102.7016,105.00526
1.517,102.70644,105.00999
1.5171,102.7113,105.01473
1.5172,102.71614,105.01946
1.5173,102.72099,105.0242
1.5174,102.72584,105.02894
1.5175,102.73068,105.03367
1.5176001,102.73553,105.03841
1.5177,102.74038,105.04314
1.5178,102.74522,105.04787
1.5179,102.75007,105.0526
1.518,102.75491,105.05733
1.5181,102.75976,105.06207
1.5182,102.7646,105.0668
1.5183001,102.76944,105.07153
1.5184,102.77428,105.07626
1.5185,102.77913,105.08099
1.5186,102.78397,105.08572
1.5187,102.78881,105.09045
1.5188,102.79365,105.09518
1.5189,102.79849,105.09991
1.5190001,102.80333,105.10463
1.5191,102.80817,105.10936
1.5192,102.81301,105.11408
1.5193,102.81785,105.11881
1.5194,102.82269,105.12354
1.5195,102.82752,105.12827
1.5196,102.83236,105.13299
1.5197001,102.8372,105.13771
1.5197999,102.84203,105.14243
1.5199,102.84687,105.14716
1.52,102.85171,105.15189
1.5201,102.85654,105.15661
1.5202,102.86137,105.16133
1.5203,102.86621,105.16605
1.5204,102.87104,105.17077
1.5204999,102.87588,105.17549
1.5206,102.88071,105.18021
1.5207,102.88554,105.18493
1.5208,102.89037,105.18965
1.5209,102.8952,105.19437
1.521,102.90003,105.19909
1.5211,102.90486,105.2038
1.5211999,102.90969,105.20853
1.5213,102.91452,105.21324
1.5214,102.91935,105.21796
1.5215,102.92418,105.22267
1.5216,102.92901,105.22739
1.5217,102.93384,105.23211
1.5218,102.93867,105.23682
1.5219001,102.94349,105.24154
1.522,102.94832,105.24625
1.5221,102.95315,105.25096
1.5222,102.95797,105.25568
1.5223,102.96279,105.26039
1.5224,102.96762,105.2651
1.5225,102.97244,105.26981
1.5226001,102.97726,105.27452
1.5227,102.98209,105.27924
1.5228,102.98692,105.28394
1.5229,102.99174,105.28866
1.523,102.99656,105.29337
1.5231,103.00138,105.29807
1.5232,103.0062,105.30278
1.5233001,103.01102,105.30749
1.5233999,103.01584,105.3122
1.5235,103.02066,105.3169
1.5236,103.02548,105.32161
1.5237,103.0303,105.32632
1.5238,103.03512,105.33102
1.5239,103.03993,105.33573
1.524,103.04475,105.34044
1.5240999,103.04957,105.34514
1.5242,103.05439,105.34985
1.5243,103.0592,105.35455
1.5244,103.06402,105.35925
1.5245,103.06883,105.36395
1.5246,103.07365,105.36865
1.5247,103.07846,105.37336
1.5247999,103.08327,105.37806
1.5249,103.08809,105.38276
1.525,103.0929,105.38746
1.5251,103.09772,105.39216
1.5252,103.10252,105.39686
1.5253,103.10734,105.40156
1.5254,103.11215,105.40626
1.5255001,103.11696,105.41096
1.5256,103.12177,105.41566
1.5257,103.12658,105.42035
1.5258,103.13139,105.42505
1.5259,103.1362,105.42974
1.526,103.14101,105.43444
1.5261,103.14581,105.43913
1.5262001,103.15062,105.44383
1.5263,103.15543,105.44852
1.5264,103.16023,105.45322
1.5265,103.16504,105.45791
1.5266,103.16985,105.46261
1.5267,103.17465,105.4673
1.5268,103.17946,105.47199
1.5269001,103.18427,105.47668
1.527,103.18906,105.48138
1.5271,103.19387,105.48606
1.5272,103.19867,105.49075
1.5273,103.20348,105.49545
1.5274,103.20827,105.50014
1.5275,103.21308,105.50482
1.5276,103.21788,105.50951
1.5276999,103.22268,105.5142
1.5278,103.22749,105.51889
1.5279,103.23228,105.52357
1.528,103.23708,105.52826
1.5281,103.24188,105.53295
1.5282,103.24668,105.53764
1.5283,103.25148,105.54232
1.5283999,103.25627,105.547
1.5285,103.26107,105.55169
1.5286,103.26587,105.55637
1.5287,103.27067,105.56106
1.5288,103.27546,105.56574
1.5289,103.28026,105.57043
1.529,103.28505,105.5751
1.5290999,103.28985,105.57979
1.5292,103.29464,105.58447
1.5293,103.29943,105.58915
1.5294,103.30423,105.59383
1.5295,103.30902,105.59851
1.5296,103.31381,105.60319
1.5297,103.3186,105.60787
1.5298001,103.32339,105.61255
1.5299,103.32819,105.61723
1.53,103.33298,105.6219
1.5301,103.33777,105.62658
1.5302,103.34255,105.63126
1.5303,103.34734,105.63593
1.5304,103.35213,105.64061
1.5305001,103.35692,105.64529
1.5306,103.36171,105.64996
1.5307,103.36649,105.65463
1.5308,103.37128,105.65931
1.5309,103.37607,105.66399
1.531,103.38085,105.66866
1.5311,103.38564,105.67333
1.5312001,103.39043,105.678
1.5312999,103.39521,105.68267
1.5314,103.39999,105.68735
1.5315,103.40478,105.69202
1.5316,103.40956,105.69669
1.5317,103.41434,105.70135
1.5318,103.41913,105.70602
1.5319,103.4239,105.71069
1.5319999,103.42869,105.71536
1.5321,103.43347,105.72003
1.5322,103.43825,105.7247
1.5323,103.44303,105.72936
1.5324,103.44781,105.73403
1.5325,103.45259,105.7387
1.5326,103.45737,105.74336
1.5326999,103.46214,105.74803
1.5328,103.46693,105.75269
1.5329,103.4717,105.75736
1.533,103.47648,105.76202
1.5331,103.48125,105.76669
1.5332,103.48603,105.77135
1.5333,103.49081,105.77602
1.5334001,103.49558,105.78068
1.5335,103.50036,105.78534
1.5336,103.50513,105.79
1.5337,103.5099,105.79466
1.5338,103.51468,105.79932
1.5339,103.51945,105.80398
1.534,103.52422,105.80864
1.5341001,103.52899,105.8133
1.5342,103.53377,105.81796
1.5343,103.53854,105.82262
1.5344,103.5433,105.82727
1.5345,103.54808,105.83193
1.5346,103.55285,105.83659
1.5347,103.55762,105.84125
1.5348001,103.56239,105.8459
1.5349,103.56715,105.85056
1.535,103.57192,105.85521
1.5351,103.57669,105.85986
1.5352,103.58146,105.86452
1.5353,103.58622,105.86917
1.5354,103.59099,105.87383
1.5355,103.59576,105.87848
1.5355999,103.60052,105.88313
1.5357,103.60529,105.88779
1.5358,103.61005,105.89243
1.5359,103.61481,105.89709
1.536,103.61958,105.90173
1.5361,103.62434,105.90639
1.5362,103.6291,105.91103
1.5362999,103.63387,105.91569
1.5364,103.63863,105.92033
1.5365,103.64339,105.92498
1.5366,103.64815,105.92963
1.5367,103.65291,105.93427
1.5368,103.65767,105.93893
1.5369,103.66242,105.94357
1.5369999,103.66718,105.94821
1.5371,103.67194,105.95286
1.5372,103.6767,105.9575
1.5373,103.68146,105.96215
1.5374,103.68622,105.9668
1.5375,103.69097,105.97144
1.5376,103.69572,105.97608
1.5377001,103.70049,105.98072
1.5378,103.70524,105.98537
1.5379,103.70999,105.99001
1.538,103.71474,105.99465
1.5381,103.7195,105.99929
1.5382,103.72426,106.00393
1.5383,103.72901,106.00857
1.5384001,103.73376,106.01321
1.5385,103.73851,106.01785
1.5386,103.74326,106.02249
1.5387,103.74802,106.02712
1.5388,103.75277,106.03176
1.5389,103.75751,106.0364
1.539,103.76227,106.04104
1.5391001,103.76701,106.04568
1.5391999,103.77177,106.05031
1.5393,103.77651,106.05495
1.5394,103.78126,106.05958
1.5395,103.78601,106.06422
1.5396,103.79076,106.06885
1.5397,103.7955,106.07348
1.5398,103.80025,106.07812
1.5398999,103.80499,106.08275
1.54,103.80974,106.08738
1.5401,103.81448,106.09201
1.5402,103.81923,106.09664
1.5403,103.82397,106.10127
1.5404,103.82871,106.1059
1.5405,103.83346,106.11053
1.5405999,103.8382,106.11517
1.5407,103.84294,106.1198
1.5408,103.84769,106.12442
1.5409,103.85242,106.12905
1.541,103.85717,106.13367
1.5411,103.86191,106.13831
1.5412,103.86665,106.14293
1.5413001,103.87138,106.14756
1.5414,103.87613,106.15218
1.5415,103.88087,106.15681
1.5416,103.8856,106.16144
1.5417,103.89034,106.16606
1.5418,103.89508,106.17068
1.5419,103.89981,106.17531
1.5420001,103.90455,106.17993
1.5421,103.90929,106.18456
1.5422,103.91402,106.18917
1.5423,103.91875,106.19379
1.5424,103.92349,106.19842
1.5425,103.92822,106.20304
1.5426,103.93296,106.20766
1.5427001,103.93769,106.21228
1.5427999,103.94243,106.2169
1.5429,103.94716,106.22152
1.543,103.95189,106.22614
1.5431,103.95662,106.23075
1.5432,103.96135,106.23537
1.5433,103.96608,106.23999
1.5434,103.97081,106.24461
1.5434999,103.97554,106.24922
1.5436,103.98027,106.25384
1.5437,103.985,106.25845
1.5438,103.98972,106.26307
1.5439,103.99445,106.26768
1.544,103.99918,106.27229
1.5441,104.00391,106.27691
1.5441999,104.00864,106.28152
1.5443,104.01336,106.28613
1.5444,104.01809,106.29075
1.5445,104.02281,106.29536
1.5446,104.02753,106.29997
1.5447,104.03226,106.30458
1.5448,104.03699,106.30919
1.5448999,104.04171,106.3138
1.545,104.04643,106.31841
1.5451,104.05116,106.32302
1.5452,104.05587,106.32763
1.5453,104.06059,106.33224
1.5454,104.06532,106.33685
1.5455,104.07004,106.34145
1.5456001,104.07476,106.34605
1.5457,104.07948,106.35066
1.5458,104.0842,106.35527
1.5459,104.08891,106.35988
1.546,104.09364,106.36448
1.5461,104.09835,106.36909
1.5462,104.10307,106.37369
1.5463001,104.10779,106.37829
1.5464,104.1125,106.3829
1.5465,104.11722,106.3875
1.5466,104.12193,106.3921
1.5467,104.12665,106.3967
1.5468,104.13136,106.4013
1.5469,104.13608,106.40591
1.5470001,104.14079,106.4105
1.5470999,104.1455,106.4151
1.5472,104.15022,106.4197
1.5473,104.15493,106.4243
1.5474,104.15964,106.4289
1.5475,104.16435,106.43349
1.5476,104.16906,106.4381
1.5477,104.17377,106.4427
1.5477999,104.17848,106.44729
1.5479,104.18319,106.45189
1.548,104.1879,106.45648
1.5481,104.19261,106.46107
1.5482,104.19732,106.46567
1.5483,104.20203,106.47027
1.5484,104.20673,106.47486
1.5484999,104.21144,106.47945
1.5486,104.21615,106.48405
1.5487,104.22086,106.48864
1.5488,104.22556,106.49323
1.5489,104.23026,106.49783
1.549,104.23497,106.50241
1.5491,104.23968,106.507
1.5492001,104.24438,106.5116
1.5493,104.24908,106.51618
1.5494,104.25378,106.52077
1.5495,104.25848,106.52536
1.5496,104.26319,106.52995
1.5497,104.26789,106.53454
1.5498,104.27259,106.53912
1.5499001,104.27729,106.54372
1.55,104.28199,106.5483
1.5501,104.28669,106.55289
1.5502,104.29139,106.55747
1.5503,104.29609,106.56206
1.5504,104.30079,106.56664
1.5505,104.30549,106.57123
1.5506001,104.31018,106.57581
1.5506999,104.31488,106.58039
1.5508,104.31958,106.58498
1.5509,104.32427,106.58956
1.551,104.32897,106.59414
1.5511,104.33366,106.59872
1.5512,104.33836,106.6033
1.5513,104.34306,106.60788
1.5513999,104.34775,106.61246
1.5515,104.35244,106.61704
1.5516,104.35713,106.62162
1.5517,104.36182,106.6262
1.5518,104.36652,106.63078
1.5519,104.37121,106.63536
1.552,104.3759,106.63994
1.5520999,104.38059,106.64451
1.5522,104.38528,106.64909
1.5523,104.38997,106.65366
1.5524,104.39466,106.65824
1.5525,104.39935,106.66282
1.5526,104.40404,106.66739
1.5527,104.40872,106.67197
1.5528001,104.41341,106.67654
1.5529,104.4181,106.68111
1.553,104.42279,106.68568
1.5531,104.42747,106.69025
1.5532,104.43216,106.69483
1.5533,104.43684,106.6994
1.5534,104.44153,106.70397
1.5535001,104.44621,106.70854
1.5536,104.4509,106.71311
1.5537,104.45558,106.71768
1.5538,104.46027,106.72225
1.5539,104.46494,106.72682
1.554,104.46963,106.73138
1.5541,104.47431,106.73595
1.5542001,104.47899,106.74052
1.5543,104.48367,106.74509
1.5544,104.48835,106.74966
1.5545,104.49303,106.75422
1.5546,104.49771,106.75879
1.5547,104.50239,106.76335
1.5548,104.50707,106.76791
1.5549001,104.51175,106.77248
1.5549999,104.51643,106.77705
1.5551,104.5211,106.78161
1.5552,104.52578,106.78617
1.5553,104.53046,106.79073
1.5554,104.53513,106.7953
1.5555,104.5398,106.79986
1.5556,104.54448,106.80442
1.5556999,104.54916,106.80898
1.5558,104.55383,106.81354
1.5559,104.5585,106.8181
1.556,104.56317,106.82265
1.5561,104.56785,106.82722
1.5562,104.57252,106.83177
1.5563,104.57719,106.83633
1.5563999,104.58186,106.84089
1.5565,104.58653,106.84544
1.5566,104.5912,106.85
1.5567,104.59587,106.85456
1.5568,104.60054,106.85912
1.5569,104.60521,106.86367
1.557,104.60988,106.86823
1.5571001,104.61455,106.87278
1.5572,104.61922,106.87733
1.5573,104.62389,106.88188
1.5574,104.62855,106.88644
1.5575,104.63322,106.89099
1.5576,104.63789,106.89554
1.5577,104.64255,106.90009
1.5578001,104.64721,106.90464
1.5579,104.65188,106.90919
1.558,104.65654,106.91374
1.5581,104.6612,106.91829
1.5582,104.66587,106.92284
1.5583,104.67053,106.92739
1.5584,104.67519,106.93194
1.5585001,104.67986,106.93649
1.5585999,104.68452,106.94103
1.5587,104.68918,106.94558
1.5588,104.69384,106.95013
1.5589,104.69849,106.95467
1.559,104.70316,106.95921
1.5591,104.70782,106.96376
1.5592,104.71247,106.96831
1.5592999,104.71713,106.97285
1.5594,104.72179,106.97739
1.5595,104.72645,106.98193
1.5596,104.7311,106.98648
1.5597,104.73576,106.99102
1.5598,104.74042,106.99556
1.5599,104.74507,107.00011
1.5599999,104.74973,107.00465
1.5601,104.75438,107.00919
1.5602,104.75903,107.01373
1.5603,104.76369,107.01826
1.5604,104.76834,107.0228
1.5605,104.77299,107.02734
1.5606,104.77765,107.03188
1.5607001,104.7823,107.03642
1.5608,104.78695,107.04095
1.5609,104.7916,107.04549
1.561,104.79625,107.05003
1.5611,104.8009,107.05457
1.5612,104.80555,107.0591
1.5613,104.8102,107.06364
1.5614001,104.81485,107.06817
1.5615,104.8195,107.0727
1.5616,104.82414,107.07723
1.5617,104.82879,107.08176
1.5618,104.83344,107.0863
1.5619,104.83808,107.09084
1.562,104.84273,107.09537
1.5621001,104.84737,107.09989
1.5622,104.85202,107.10442
1.5623,104.85667,107.10896
1.5624,104.86131,107.11349
1.5625,104.86595,107.11801
1.5626,104.8706,107.12254
1.5627,104.87524,107.12708
1.5628,104.87988,107.1316
1.5628999,104.88452,107.13613
1.563,104.88917,107.14066
1.5631,104.89381,107.14518
1.5632,104.89845,107.1497
1.5633,104.90308,107.15424
1.5634,104.90772,107.15876
1.5635,104.91236,107.16328
1.5635999,104.917,107.16781
1.5637,104.92164,107.17233
1.5638,104.92628,107.17686
1.5639,104.93092,107.18137
1.564,104.93555,107.1859
1.5641,104.94019,107.19042
1.5642,104.94482,107.19495
1.5642999,104.94946,107.19946
1.5644,104.95409,107.20399
1.5645,104.95873,107.2085
1.5646,104.96336,107.21302
1.5647,104.96799,107.21754
1.5648,104.97263,107.22206
1.5649,104.97726,107.22658
1.5650001,104.9819,107.23109
1.5651,104.98653,107.23562
1.5652,104.99116,107.24014
1.5653,104.99579,107.24465
1.5654,105.00042,107.24916
1.5655,105.00505,107.25368
1.5656,105.00968,107.25819
1.5657001,105.01431,107.26271
1.5658,105.01894,107.26723
1.5659,105.02357,107.27174
1.566,105.02819,107.27625
1.5661,105.03282,107.28076
1.5662,105.03745,107.28528
1.5663,105.04208,107.28979
1.5664001,105.0467,107.2943
1.5664999,105.05132,107.29881
1.5666,105.05595,107.30332
1.5667,105.06058,107.30783
1.5668,105.0652,107.31234
1.5669,105.06982,107.31685
1.567,105.07445,107.32136
1.5671,105.07907,107.32587
1.5671999,105.08369,107.33038
1.5673,105.08831,107.33488
1.5674,105.09293,107.33939
1.5675,105.09756,107.34389
1.5676,105.10218,107.3484
1.5677,105.1068,107.35291
1.5678,105.11142,107.35741
1.5678999,105.11604,107.36192
1.568,105.12065,107.36642
1.5681,105.12527,107.37092
1.5682,105.12989,107.37543
1.5683,105.13451,107.37993
1.5684,105.13912,107.38443
1.5685,105.14375,107.38893
1.5686001,105.14836,107.39343
1.5687,105.15298,107.39793
1.5688,105.15759,107.40244
1.5689,105.1622,107.40694
1.569,105.16682,107.41143
1.5691,105.17143,107.41593
1.5692,105.17604,107.42043
1.5693001,105.18066,107.42493
1.5694,105.18527,107.42943
1.5695,105.18988,107.43392
1.5696,105.1945,107.43842
1.5697,105.1991,107.44292
1.5698,105.20371,107.44741
1.5699,105.20833,107.4519
1.5700001,105.21294,107.4564
1.5700999,105.21754,107.46089
1.5702,105.22215,107.46539
1.5703,105.22676,107.46988
1.5704,105.23137,107.47437
1.5705,105.23598,107.47887
1.5706,105.24059,107.48336
1.5707,105.24519,107.48785
1.5707999,105.24979,107.49234
1.5709,105.2544,107.49683
1.571,105.25901,107.50132
1.5711,105.26361,107.50581
1.5712,105.26822,107.5103
1.5713,105.27282,107.51479
1.5714,105.27742,107.51928
1.5714999,105.28203,107.52377
1.5716,105.28663,107.52825
1.5717,105.29123,107.53275
1.5718,105.29583,107.53723
1.5719,105.30043,107.54172
1.572,105.30503,107.5462
1.5721,105.30963,107.55068
1.5721999,105.31423,107.55517
1.5723,105.31883,107.55965
1.5724,105.32343,107.56414
1.5725,105.32803,107.56862
1.5726,105.33263,107.5731
1.5727,105.33723,107.57758
1.5728,105.34182,107.58207
1.5729001,105.34642,107.58655
1.573,105.35101,107.59103
1.5731,105.35561,107.59551
1.5732,105.36021,107.59999
1.5733,105.3648,107.60447
1.5734,105.36939,107.60895
1.5735,105.37399,107.61343
1.5736001,105.37858,107.6179
1.5737,105.38317,107.62238
1.5738,105.38776,107.62686
1.5739,105.39236,107.63134
1.574,105.39695,107.63582
1.5741,105.40154,107.64029
1.5742,105.40614,107.64477
1.5743001,105.41072,107.64924
1.5743999,105.41531,107.65372
1.5745,105.4199,107.65819
1.5746,105.42449,107.66267
1.5747,105.42908,107.66714
1.5748,105.43367,107.67161
1.5749,105.43826,107.67608
1.575,105.44284,107.68055
1.5750999,105.44743,107.68502
1.5752,105.45201,107.68949
1.5753,105.4566,107.69396
1.5754,105.46118,107.69843
1.5755,105.46577,107.7029
1.5756,105.47035,107.70737
1.5757,105.47494,107.71185
1.5757999,105.47952,107.71631
1.5759,105.4841,107.72078
1.576,105.48869,107.72524
1.5761,105.49327,107.72971
1.5762,105.49785,107.73418
1.5763,105.50243,107.73864
1.5764,105.50701,107.74311
1.5765001,105.51159,107.74757
1.5766,105.51617,107.75204
1.5767,105.52075,107.7565
1.5768,105.52533,107.76096
1.5769,105.52991,107.76543
1.577,105.53448,107.76989
1.5771,105.53906,107.77435
1.5772001,105.54364,107.77882
1.5773,105.54822,107.78327
1.5774,105.5528,107.78773
1.5775,105.55737,107.7922
1.5776,105.56194,107.79665
1.5777,105.56652,107.80112
1.5778,105.57109,107.80557
1.5779001,105.57567,107.81004
1.5779999,105.58024,107.81449
1.5781,105.58482,107.81895
1.5782,105.58939,107.8234
1.5783,105.59396,107.82786
1.5784,105.59853,107.83231
1.5785,105.6031,107.83677
1.5786,105.60767,107.84122
1.5786999,105.61224,107.84568
1.5788,105.61681,107.85014
1.5789,105.62138,107.85459
1.579,105.62595,107.85905
1.5791,105.63052,107.86349
1.5792,105.63509,107.86795
1.5793,105.63965,107.8724
1.5793999,105.64422,107.87685
1.5795,105.64879,107.8813
1.5796,105.65335,107.88576
1.5797,105.65792,107.89021
1.5798,105.66248,107.89465
1.5799,105.66705,107.8991
1.58,105.67161,107.90355
1.5801001,105.67618,107.908
1.5802,105.68074,107.91245
1.5803,105.6853,107.91689
1.5804,105.68987,107.92134
1.5805,105.69443,107.92579
1.5806,105.69899,107.93024
1.5807,105.70355,107.93468
1.5808001,105.70811,107.93913
1.5809,105.71267,107.94357
1.581,105.71723,107.94801
1.5811,105.72179,107.95245
1.5812,105.72635,107.9569
1.5813,105.7309,107.96134
1.5814,105.73547,107.96578
1.5815001,105.74002,107.97022
1.5816,105.74458,107.97466
1.5817,105.74914,107.97911
1.5818,105.75369,107.98355
1.5819,105.75825,107.98798
1.582,105.7628,107.99242
1.5821,105.76736,107.99686
1.5822001,105.77191,108.0013
1.5822999,105.77647,108.00574
1.5824,105.78102,108.01018
1.5825,105.78557,108.01462
1.5826,105.79012,108.01905
1.5827,105.79468,108.02349
1.5828,105.79922,108.02792
1.5829,105.80378,108.03236
1.5829999,105.80833,108.0368
1.5831,105.81288,108.04123
1.5832,105.81743,108.04566
1.5833,105.82198,108.05009
1.5834,105.82653,108.05453
1.5835,105.83108,108.05896
1.5836,105.83562,108.06339
1.5836999,105.84017,108.06783
1.5838,105.84472,108.07226
1.5839,105.84927,108.07669
1.584,105.85381,108.08112
1.5841,105.85836,108.08555
1.5842,105.8629,108.08997
1.5843,105.86745,108.09441
1.5844001,105.87199,108.09883
1.5845,105.87653,108.10326
1.5846,105.88108,108.10769
1.5847,105.88562,108.11211
1.5848,105.89017,108.11654
1.5849,105.89471,108.12096
1.585,105.89925,108.1254
1.5851001,105.90379,108.12982
1.5852,105.90833,108.13424
1.5853,105.91287,108.13866
1.5854,105.91741,108.14309
1.5855,105.92195,108.14751
1.5856,105.92649,108.15194
1.5857,105.93102,108.15636
1.5858001,105.93556,108.16078
1.5858999,105.9401,108.1652
1.586,105.94464,108.16962
1.5861,105.94917,108.17404
1.5862,105.95371,108.17846
1.5863,105.95824,108.18288
1.5864,105.96278,108.1873
1.5865,105.96732,108.19172
1.5865999,105.97186,108.19614
1.5867,105.97639,108.20055
1.5868,105.98092,108.20497
1.5869,105.98545,108.20939
1.587,105.98998,108.21381
1.5871,105.99451,108.21822
1.5872,105.99905,108.22263
1.5872999,106.00358,108.22705
1.5874,106.00811,108.23147
1.5875,106.01264,108.23588
1.5876,106.01717,108.2403
1.5877,106.0217,108.24471
1.5878,106.02623,108.24912
1.5879,106.03075,108.25353
1.5880001,106.03529,108.25794
1.5881,106.03981,108.26235
1.5882,106.04434,108.26676
1.5883,106.04887,108.27117
1.5884,106.05339,108.27558
1.5885,106.05791,108.27999
1.5886,106.06245,108.2844
1.5887001,106.06697,108.28881
1.5888,106.0715,108.29322
1.5889,106.07602,108.29762
1.589,106.08054,108.30203
1.5891,106.08506,108.30644
1.5892,106.08958,108.31084
1.5893,106.09411,108.31525
1.5894001,106.09863,108.31966
1.5895,106.10315,108.32406
1.5896,106.10767,108.32847
1.5897,106.11219,108.33287
1.5898,106.11671,108.33727
1.5899,106.12123,108.34167
1.59,106.12575,108.34608
1.5901,106.13026,108.35048
1.5901999,106.13479,108.35488
1.5903,106.13931,108.35928
1.5904,106.14382,108.36368
1.5905,106.14834,108.36808
1.5906,106.15285,108.37248
1.5907,106.15737,108.37688
1.5908,106.16188,108.38128
1.5908999,106.1664,108.38567
1.591,106.17091,108.39008
1.5911,106.17543,108.39447
1.5912,106.17994,108.39886
1.5913,106.18446,108.40327
1.5914,106.18896,108.40766
1.5915,106.19348,108.41206
1.5915999,106.19799,108.41645
1.5917,106.2025,108.42085
1.5918,106.20701,108.42524
1.5919,106.21152,108.42963
1.592,106.21603,108.43403
1.5921,106.22054,108.43842
1.5922,106.22505,108.44281
1.5923001,106.22956,108.4472
1.5924,106.23406,108.45159
1.5925,106.23857,108.45599
1.5926,106.24308,108.46037
1.5927,106.24759,108.46477
1.5928,106.25209,108.46915
1.5929,106.2566,108.47354
1.5930001,106.2611,108.47793
1.5931,106.26561,108.48232
1.5932,106.27011,108.4867
1.5933,106.27462,108.4911
1.5934,106.27912,108.49548
1.5935,106.28362,108.49986
1.5936,106.28812,108.50425
1.5937001,106.29263,108.50864
1.5937999,106.29713,108.51302
1.5939,106.30163,108.5174
1.594,106.30613,108.52179
1.5941,106.31063,108.52617
1.5942,106.31513,108.53056
1.5943,106.31963,108.53493
1.5944,106.32413,108.53932
1.5944999,106.32863,108.5437
1.5946,106.33312,108.54808
1.5947,106.33762,108.55246
1.5948,106.34212,108.55684
1.5949,106.34662,108.56122
1.595,106.35111,108.5656
1.5951,106.35561,108.56998
1.5951999,106.36011,108.57436
1.5953,106.3646,108.57874
1.5954,106.36909,108.58311
1.5955,106.37359,108.58749
1.5956,106.37808,108.59187
1.5957,106.38258,108.59624
1.5958,106.38706,108.60062
1.5959001,106.39156,108.60499
1.596,106.39605,108.60937
1.5961,106.40054,108.61374
1.5962,106.40503,108.61811
1.5963,106.40952,108.62248
1.5964,106.41401,108.62686
1.5965,106.4185,108.63123
1.5966001,106.42299,108.6356
1.5967,106.42747,108.63998
1.5968,106.43196,108.64434
1.5969,106.43645,108.64871
1.597,106.44094,108.65308
1.5971,106.44543,108.65746
1.5972,106.44991,108.66182
1.5973001,106.4544,108.66619
1.5974,106.45889,108.67056
1.5975,106.46336,108.67493
1.5976,106.46785,108.67929
1.5977,106.47234,108.68366
1.5978,106.47682,108.68803
1.5979,106.4813,108.69239
1.598,106.48579,108.69675
1.5980999,106.49026,108.70112
1.5982,106.49475,108.70548
1.5983,106.49923,108.70985
1.5984,106.50371,108.71421
1.5985,106.50819,108.71857
1.5986,106.51267,108.72294
1.5987,106.51715,108.7273
1.5987999,106.52163,108.73166
1.5989,106.52611,108.73602
1.599,106.53059,108.74038
1.5991,106.53506,108.74474
1.5992,106.53954,108.7491
1.5993,106.54401,108.75346
1.5994,106.54849,108.75782
1.5994999,106.55296,108.76218
1.5996,106.55744,108.76653
1.5997,106.56191,108.77089
1.5998,106.56639,108.77525
1.5999,106.57086,108.7796
1.6,106.57533,108.78396
1.6001,106.57981,108.78831
1.6002001,106.58428,108.79267
1.6003,106.58875,108.79703
1.6004,106.59322,108.80138
1.6005,106.59769,108.80573
1.6006,106.60217,108.81009
1.6007,106.60664,108.81444
1.6008,106.61111,108.81879
1.6009001,106.61558,108.82314
1.601,106.62004,108.82749
1.6011,106.62451,108.83184
1.6012,106.62898,108.8362
1.6013,106.63345,108.84055
1.6014,106.63792,108.84489
1.6015,106.64238,108.84924
1.6016001,106.64684,108.85359
1.6016999,106.65131,108.85794
1.6018,106.65578,108.86228
1.6019,106.66024,108.86663
1.602,106.6647,108.87098
1.6021,106.66917,108.87533
1.6022,106.67363,108.87967
1.6023,106.67809,108.88402
1.6023999,106.68256,108.88836
1.6025,106.68702,108.89271
1.6026,106.69148,108.89705
1.6027,106.69595,108.90139
1.6028,106.7004,108.90573
1.6029,106.70486,108.91007
1.603,106.70932,108.91442
1.6030999,106.71378,108.91876
1.6032,106.71824,108.9231
1.6033,106.7227,108.92744
1.6034,106.72716,108.93178
1.6035,106.73161,108.93612
1.6036,106.73607,108.94046
1.6037,106.74052,108.94479
1.6038001,106.74498,108.94913
1.6039,106.74944,108.95348
1.604,106.75389,108.95781
1.6041,106.75835,108.96214
1.6042,106.7628,108.96648
1.6043,106.76726,108.97082
1.6044,106.77171,108.97515
1.6045001,106.77616,108.97949
1.6046,106.78062,108.98383
1.6047,106.78506,108.98816
1.6048,106.78952,108.99249
1.6049,106.79397,108.99683
1.605,106.79842,109.00115
1.6051,106.80287,109.00549
1.6052001,106.80732,109.00982
1.6052999,106.81177,109.01415
1.6054,106.81622,109.01848
1.6055,106.82066,109.02281
1.6056,106.82511,109.02714
1.6057,106.82956,109.03147
1.6058,106.83401,109.0358
1.6059,106.83846,109.04013
1.6059999,106.8429,109.04446
1.6061,106.84734,109.04878
1.6062,106.85179,109.05311
1.6063,106.85623,109.05743
1.6064,106.86068,109.06176
1.6065,106.86512,109.06609
1.6066,106.86956,109.07041
1.6066999,106.87401,109.07474
1.6068,106.87845,109.07906
1.6069,106.88289,109.08338
1.607,106.88733,109.08771
1.6071,106.89177,109.09203
1.6072,106.89621,109.09635
1.6073,106.90065,109.10067
1.6073999,106.90509,109.105
1.6075,106.90953,109.10931
1.6076,106.91397,109.11363
1.6077,106.91841,109.11796
1.6078,106.92284,109.12228
1.6079,106.92728,109.12659
1.608,106.93172,109.13091
1.6081001,106.93616,109.13523
1.6082,106.94059,109.13955
1.6083,106.94503,109.14387
1.6084,106.94946,109.14818
1.6085,106.9539,109.1525
1.6086,106.95833,109.15681
1.6087,106.96276,109.16113
1.6088001,106.9672,109.16544
1.6089,106.97163,109.16975
1.609,106.97606,109.17407
1.6091,106.98049,109.17838
1.6092,106.98492,109.18269
1.6093,106.98936,109.18701
1.6094,106.99379,109.19132
1.6095001,106.99821,109.19563
1.6095999,107.00265,109.19994
1.6097,107.00707,109.20425
1.6098,107.01151,109.20856
1.6099,107.01593,109.21288
1.61,107.02036,109.21719
1.6101,107.02479,109.22149
1.6102,107.02921,109.2258
1.6102999,107.03364,109.23011
1.6104,107.03806,109.23441
1.6105,107.04249,109.23872
1.6106,107.04691,109.24303
1.6107,107.05134,109.24734
1.6108,107.05576,109.25164
1.6109,107.06019,109.25594
1.6109999,107.06461,109.26025
1.6111,107.06903,109.26455
1.6112,107.07346,109.26885
1.6113,107.07788,109.27316
1.6114,107.0823,109.27746
1.6115,107.08672,109.28176
1.6116,107.09114,109.28606
1.6117001,107.09556,109.29037
1.6118,107.09998,109.29467
1.6119,107.1044,109.29897
1.612,107.10882,109.30327
1.6121,107.11324,109.30756
1.6122,107.11765,109.31187
1.6123,107.12207,109.31616
1.6124001,107.12649,109.32046
1.6125,107.13091,109.32476
1.6126,107.13531,109.32906
1.6127,107.13973,109.33335
1.6128,107.14415,109.33765
1.6129,107.14856,109.34194
1.613,107.15298,109.34624
1.6131001,107.15739,109.35053
1.6131999,107.1618,109.35483
1.6133,107.16621,109.35912
1.6134,107.17063,109.36341
1.6135,107.17504,109.36771
1.6136,107.17945,109.372
1.6137,107.18386,109.37629
1.6138,107.18827,109.38058
1.6138999,107.19268,109.38487
1.614,107.19709,109.38916
1.6141,107.2015,109.39346
1.6142,107.20591,109.39774
1.6143,107.21032,109.40203
1.6144,107.21472,109.40632
1.6145,107.21913,109.41061
1.6145999,107.22354,109.41489
1.6147,107.22794,109.41918
1.6148,107.23235,109.42347
1.6149,107.23676,109.42776
1.615,107.24116,109.43204
1.6151,107.24557,109.43633
1.6152,107.24997,109.44061
1.6153001,107.25437,109.44489
1.6154,107.25877,109.44918
1.6155,107.26318,109.45346
1.6156,107.26758,109.45774
1.6157,107.27198,109.46203
1.6158,107.27638,109.46631
1.6159,107.28078,109.47059
1.6160001,107.28518,109.47487
1.6161,107.28958,109.47915
1.6162,107.29398,109.48343
1.6163,107.29838,109.48771
1.6164,107.30278,109.49199
1.6165,107.30717,109.49627
1.6166,107.31158,109.50055
1.6167001,107.31597,109.50482
1.6168,107.32037,109.5091
1.6169,107.32476,109.51338
1.617,107.32916,109.51765
1.6171,107.33356,109.52193
1.6172,107.33795,109.52621
1.6173,107.34235,109.53048
1.6174001,107.34673,109.53475
1.6174999,107.35113,109.53903
1.6176,107.35552,109.5433
1.6177,107.35992,109.54758
1.6178,107.36431,109.55185
1.6179,107.3687,109.55612
1.618,107.37309,109.56039
1.6181,107.37748,109.56466
1.6181999,107.38187,109.56893
1.6183,107.38626,109.5732
1.6184,107.39065,109.57748
1.6185,107.39503,109.58174
1.6186,107.39943,109.58601
1.6187,107.40382,109.59028
1.6188,107.4082,109.59455
1.6188999,107.41259,109.59882
1.619,107.41698,109.60308
1.6191,107.42136,109.60735
1.6192,107.42574,109.61161
1.6193,107.43013,109.61588
1.6194,107.43452,109.62015
1.6195,107.4389,109.62441
1.6196001,107.44328,109.62867
1.6197,107.44767,109.63293
1.6198,107.45205,109.6372
1.6199,107.45644,109.64146
1.62,107.46082,109.64572
1.6201,107.46519,109.64999
1.6202,107.46957,109.65425
1.6203001,107.47396,109.65851
1.6204,107.47834,109.66277
1.6205,107.48272,109.66703
1.6206,107.4871,109.67129
1.6207,107.49148,109.67554
1.6208,107.49585,109.6798
1.6209,107.50023,109.68407
1.6210001,107.50461,109.68832
1.6210999,107.50899,109.69258
1.6212,107.51336,109.69683
1.6213,107.51774,109.70109
1.6214,107.52211,109.70535
1.6215,107.52649,109.7096
1.6216,107.53086,109.71385
1.6217,107.53524,109.71811
1.6217999,107.53961,109.72237
1.6219,107.54398,109.72662
1.622,107.54836,109.73087
1.6221,107.55273,109.73512
1.6222,107.5571,109.73937
1.6223,107.56147,109.74362
1.6224,107.56584,109.74788
1.6224999,107.57021,109.75213
1.6226,107.57458,109.75638
1.6227,107.57895,109.76063
1.6228,107.58332,109.76488
1.6229,107.58769,109.76913
1.623,107.59206,109.77337
1.6231,107.59643,109.77762
1.6232001,107.60079,109.78187
1.6233,107.60516,109.78611
1.6234,107.60953,109.79036
1.6235,107.61389,109.7946
1.6236,107.61826,109.79885
1.6237,107.62262,109.80309
1.6238,107.62698,109.80734
1.6239001,107.63135,109.81158
1.624,107.63571,109.81583
1.6241,107.64008,109.82007
1.6242,107.64444,109.82431
1.6243,107.6488,109.82855
1.6244,107.65316,109.83279
1.6245,107.65752,109.83704
1.6246001,107.66189,109.84128
1.6247,107.66624,109.84552
1.6248,107.67061,109.84975
1.6249,107.67496,109.854
1.625,107.67932,109.85823
1.6251,107.68369,109.86247
1.6252,107.68804,109.86671
1.6253,107.6924,109.87095
1.6253999,107.69675,109.87518
1.6255,107.70111,109.87942
1.6256,107.70547,109.88366
1.6257,107.70982,109.88789
1.6258,107.71418,109.89213
1.6259,107.71854,109.89636
1.626,107.72289,109.9006
1.6260999,107.72724,109.90483
1.6262,107.7316,109.90906
1.6263,107.73595,109.91329
1.6264,107.7403,109.91753
1.6265,107.74465,109.92176
1.6266,107.74901,109.92599
1.6267,107.75336,109.93022
1.6267999,107.75771,109.93445
1.6269,107.76205,109.93867
1.627,107.76641,109.94291
1.6271,107.77076,109.94714
1.6272,107.77511,109.95136
1.6273,107.77946,109.95559
1.6274,107.7838,109.95982
1.6275001,107.78815,109.96405
1.6276,107.7925,109.96827
1.6277,107.79684,109.9725
1.6278,107.80119,109.97672
1.6279,107.80553,109.98095
1.628,107.80988,109.98518
1.6281,107.81422,109.9894
1.6282001,107.81857,109.99362
1.6283,107.82291,109.99784
1.6284,107.82726,110.00207
1.6285,107.8316,110.00629
1.6286,107.83595,110.01051
1.6287,107.84029,110.01473
1.6288,107.84463,110.01895
1.6289001,107.84897,110.02317
1.6289999,107.85331,110.02739
1.6291,107.85764,110.03161
1.6292,107.86198,110.03583
1.6293,107.86633,110.04005
1.6294,107.87067,110.04427
1.6295,107.875,110.04848
1.6296,107.87934,110.0527
1.6296999,107.88367,110.05692
1.6298,107.88802,110.06113
1.6299,107.89235,110.06535
1.63,107.89669,110.06956
1.6301,107.90102,110.07378
1.6302,107.90536,110.078
1.6303,107.90969,110.08221
1.6303999,107.91402,110.08642
1.6305,107.91836,110.09063
1.6306,107.92269,110.09485
1.6307,107.92702,110.09906
1.6308,107.93136,110.10327
1.6309,107.93569,110.10748
1.631,107.94003,110.11169
1.6311001,107.94435,110.1159
1.6312,107.94868,110.12011
1.6313,107.95301,110.12432
1.6314,107.95734,110.12852
1.6315,107.96167,110.13274
1.6316,107.966,110.13694
1.6317,107.97033,110.14115
1.6318001,107.97466,110.14536
1.6319,107.97899,110.14956
1.632,107.98331,110.15377
1.6321,107.98764,110.15797
1.6322,107.99197,110.16218
1.6323,107.99629,110.16638
1.6324,108.00062,110.17059
1.6325001,108.00494,110.17479
1.6325999,108.00926,110.17899
1.6327,108.01359,110.18319
1.6328,108.01791,110.18739
1.6329,108.02223,110.1916
1.633,108.02656,110.1958
1.6331,108.03088,110.2
1.6332,108.03519,110.2042
1.6332999,108.03952,110.2084
1.6334,108.04384,110.21259
1.6335,108.04816,110.2168
1.6336,108.05247,110.22099
1.6337,108.0568,110.22519
1.6338,108.06112,110.22939
1.6339,108.06544,110.23358
1.6339999,108.06976,110.23778
1.6341,108.07407,110.24197
1.6342,108.07838,110.24617
1.6343,108.0827,110.25037
1.6344,108.08702,110.25456
1.6345,108.09133,110.25875
1.6346,108.09565,110.26295
1.6346999,108.09996,110.26714
1.6348,108.10428,110.27133
1.6349,108.10859,110.27553
1.635,108.1129,110.27972
1.6351,108.11722,110.28391
1.6352,108.12153,110.28809
1.6353,108.12584,110.29229
1.6354001,108.13015,110.29648
1.6355,108.13446,110.30067
1.6356,108.13877,110.30486
1.6357,108.14308,110.30904
1.6358,108.14739,110.31323
1.6359,108.1517,110.31742
1.636,108.15601,110.3216
1.6361001,108.16032,110.32579
1.6362,108.16463,110.32998
1.6363,108.16893,110.33416
1.6364,108.17324,110.33835
1.6365,108.17754,110.34253
1.6366,108.18185,110.34672
1.6367,108.18616,110.3509
1.6368001,108.19046,110.35508
1.6368999,108.19476,110.35926
1.637,108.19907,110.36344
1.6371,108.20337,110.36763
1.6372,108.20767,110.37181
1.6373,108.21198,110.37598
1.6374,108.21628,110.38017
1.6375,108.22058,110.38435
1.6375999,108.22488,110.38853
1.6377,108.22918,110.39271
1.6378,108.23348,110.39688
1.6379,108.23779,110.40106
1.638,108.24208,110.40524
1.6381,108.24638,110.40942
1.6382,108.25068,110.41359
1.6382999,108.25497,110.41777
1.6384,108.25927,110.42194
1.6385,108.26357,110.42612
1.6386,108.26787,110.43029
1.6387,108.27216,110.43446
1.6388,108.27646,110.43864
1.6389,108.28075,110.44281
1.6390001,108.28505,110.44698
1.6391,108.28934,110.45116
1.6392,108.29363,110.45533
1.6393,108.29793,110.4595
1.6394,108.30222,110.46367
1.6395,108.30651,110.46784
1.6396,108.31081,110.47201
1.6397001,108.31509,110.47618
1.6398,108.31939,110.48035
1.6399,108.32368,110.48451
1.64,108.32797,110.48869
1.6401,108.33226,110.49285
1.6402,108.33655,110.49702
1.6403,108.34084,110.50118
1.6404001,108.34512,110.50535
1.6404999,108.34941,110.50951
1.6406,108.3537,110.51368
1.6407,108.35799,110.51785
1.6408,108.36227,110.52201
1.6409,108.36656,110.52617
1.641,108.37084,110.53033
1.6411,108.37513,110.5345
1.6411999,108.37941,110.53866
1.6413,108.3837,110.54282
1.6414,108.38798,110.54698
1.6415,108.39227,110.55114
1.6416,108.39655,110.55531
1.6417,108.40083,110.55946
1.6418,108.40511,110.56362
1.6418999,108.40939,110.56778
1.642,108.41367,110.57194
1.6421,108.41795,110.5761
1.6422,108.42223,110.58025
1.6423,108.42651,110.58441
1.6424,108.43079,110.58857
1.6425,108.43507,110.59272
1.6426001,108.43935,110.59688
1.6427,108.44363,110.60104
1.6428,108.44791,110.60519
1.6429,108.45218,110.60934
1.643,108.45646,110.61349
1.6431,108.46073,110.61765
1.6432,108.465,110.6218
1.6433001,108.46928,110.62595
1.6434,108.47356,110.6301
1.6435,108.47783,110.63425
1.6436,108.4821,110.6384
1.6437,108.48637,110.64256
1.6438,108.49065,110.64671
1.6439,108.49492,110.65086
1.6440001,108.49919,110.65501
1.6441,108.50346,110.65915
1.6442,108.50774,110.6633
1.6443,108.512,110.66745
1.6444,108.51627,110.67159
1.6445,108.52055,110.67574
1.6446,108.52481,110.67989
1.6447001,108.52908,110.68403
1.6447999,108.53335,110.68818
1.6449,108.53761,110.69232
1.645,108.54189,110.69646
1.6451,108.54615,110.70061
1.6452,108.55042,110.70475
1.6453,108.55468,110.70889
1.6454,108.55894,110.71304
1.6454999,108.56321,110.71718
1.6456,108.56747,110.72132
1.6457,108.57174,110.72546
1.6458,108.576,110.7296
1.6459,108.58027,110.73374
1.646,108.58453,110.73788
1.6461,108.58879,110.74202
1.6461999,108.59305,110.74615
1.6463,108.59731,110.7503
1.6464,108.60157,110.75443
1.6465,108.60583,110.75857
1.6466,108.61009,110.7627
1.6467,108.61435,110.76684
1.6468,108.61861,110.77097
1.6469001,108.62287,110.77511
1.647,108.62713,110.77924
1.6471,108.63139,110.78338
1.6472,108.63564,110.78751
1.6473,108.6399,110.79165
1.6474,108.64415,110.79578
1.6475,108.64841,110.79991
1.6476001,108.65266,110.80404
1.6477,108.65692,110.80817
1.6478,108.66117,110.8123
1.6479,108.66543,110.81644
1.648,108.66968,110.82056
1.6481,108.67393,110.82469
1.6482,108.67818,110.82882
1.6483001,108.68243,110.83295
1.6483999,108.68668,110.83708
1.6485,108.69094,110.8412
1.6486,108.69519,110.84533
1.6487,108.69944,110.84946
1.6488,108.70369,110.85358
1.6489,108.70794,110.85771
1.649,108.71219,110.86183
1.6490999,108.71643,110.86596
1.6492,108.72068,110.87009
1.6493,108.72493,110.87421
1.6494,108.72917,110.87833
1.6495,108.73342,110.88245
1.6496,108.73766,110.88657
1.6497,108.74191,110.89069
1.6497999,108.74615,110.89482
1.6499,108.7504,110.89894
1.65,108.75465,110.90306
1.6501,108.75889,110.90718
1.6502,108.76313,110.9113
1.6503,108.76737,110.91541
1.6504,108.77161,110.91953
1.6505001,108.77586,110.92365
1.6506,108.7801,110.92777
1.6507,108.78434,110.93188
1.6508,108.78858,110.936
1.6509,108.79282,110.94012
1.651,108.79706,110.94424
1.6511,108.8013,110.94835
1.6512001,108.80553,110.95246
1.6513,108.80978,110.95658
1.6514,108.81401,110.96069
1.6515,108.81825,110.96481
1.6516,108.82249,110.96892
1.6517,108.82672,110.97303
1.6518,108.83096,110.97714
1.6519001,108.83519,110.98125
1.652,108.83942,110.98536
1.6521,108.84366,110.98947
1.6522,108.84789,110.99358
1.6523,108.85213,110.99769
1.6524,108.85636,111.0018
1.6525,108.8606,111.00591
1.6526,108.86482,111.01002
1.6526999,108.86906,111.01412
1.6528,108.87329,111.01823
1.6529,108.87752,111.02234
1.653,108.88175,111.02644
1.6531,108.88598,111.03055
1.6532,108.89021,111.03465
1.6533,108.89443,111.03876
1.6533999,108.89867,111.04286
1.6535,108.90289,111.04697
1.6536,108.90712,111.05107
1.6537,108.91135,111.05517
1.6538,108.91557,111.05927
1.6539,108.9198,111.06338
1.654,108.92403,111.06747
1.6540999,108.92825,111.07158
1.6542,108.93247,111.07568
1.6543,108.9367,111.07977
1.6544,108.94092,111.08388
1.6545,108.94514,111.08797
1.6546,108.94936,111.09207
1.6547,108.95359,111.09617
1.6548001,108.95781,111.10027
1.6549,108.96203,111.10436
1.655,108.96626,111.10846
1.6551,108.97047,111.11256
1.6552,108.97469,111.11665
1.6553,108.97891,111.12075
1.6554,108.98313,111.12484
1.6555001,108.98735,111.12894
1.6556,108.99157,111.13303
1.6557,108.99579,111.13712
1.6558,109,111.14121
1.6559,109.00422,111.14531
1.656,109.00844,111.1494
1.6561,109.01265,111.15349
1.6562001,109.01687,111.15758
1.6562999,109.02108,111.16167
1.6564,109.0253,111.16576
1.6565,109.02951,111.16985
1.6566,109.03372,111.17393
1.6567,109.03793,111.17802
1.6568,109.04214,111.18211
1.6569,109.04636,111.1862
1.6569999,109.05058,111.19028
1.6571,109.05479,111.19437
1.6572,109.05899,111.19846
1.6573,109.0632,111.20255
1.6574,109.06741,111.20663
1.6575,109.07162,111.21072
1.6576,109.07583,111.2148
1.6576999,109.08004,111.21888
1.6578,109.08425,111.22296
1.6579,109.08846,111.22705
1.658,109.09266,111.23113
1.6581,109.09687,111.23521
1.6582,109.10107,111.23929
1.6583,109.10528,111.24337
1.6584001,109.10949,111.24745
1.6585,109.11369,111.25153
1.6586,109.1179,111.25561
1.6587,109.1221,111.25969
1.6588,109.1263,111.26377
1.6589,109.1305,111.26785
1.659,109.1347,111.27193
1.6591001,109.13891,111.276
1.6592,109.14311,111.28008
1.6593,109.14731,111.28415
1.6594,109.15151,111.28823
1.6595,109.15571,111.2923
1.6596,109.15991,111.29638
1.6597,109.16411,111.30045
1.6598001,109.16831,111.30453
1.6599,109.17251,111.30859
1.66,109.1767,111.31267
1.6601,109.1809,111.31674
1.6602,109.1851,111.32082
1.6603,109.18929,111.32488
1.6604,109.19349,111.32896
1.6605,109.19769,111.33302
1.6605999,109.20188,111.3371
1.6607,109.20608,111.34116
1.6608,109.21027,111.34523
1.6609,109.21446,111.3493
1.661,109.21866,111.35337
1.6611,109.22285,111.35744
1.6612,109.22704,111.3615
1.6612999,109.23123,111.36557
1.6614,109.23543,111.36964
1.6615,109.23962,111.3737
1.6616,109.2438,111.37776
1.6617,109.24799,111.38183
1.6618,109.25218,111.38589
1.6619,109.25637,111.38995
1.6619999,109.26056,111.39402
1.6621,109.26475,111.39808
1.6622,109.26894,111.40215
1.6623,109.27312,111.4062
1.6624,109.27731,111.41026
1.6625,109.2815,111.41432
1.6626,109.28568,111.41839
1.6627001,109.28987,111.42245
1.6628,109.29405,111.42651
1.6629,109.29824,111.43056
1.663,109.30242,111.43462
1.6631,109.3066,111.43867
1.6632,109.31079,111.44273
1.6633,109.31497,111.44679
1.6634001,109.31915,111.45084
1.6635,109.32333,111.4549
1.6636,109.32751,111.45896
1.6637,109.3317,111.46301
1.6638,109.33588,111.46706
1.6639,109.34006,111.47112
1.664,109.34424,111.47517
1.6641001,109.34841,111.47923
1.6641999,109.35259,111.48328
1.6643,109.35677,111.48733
1.6644,109.36095,111.49139
1.6645,109.36513,111.49543
1.6646,109.3693,111.49948
1.6647,109.37347,111.50353
1.6648,109.37766,111.50758
1.6648999,109.38183,111.51163
1.665,109.386,111.51568
1.6651,109.39017,111.51973
1.6652,109.39435,111.52377
1.6653,109.39852,111.52782
1.6654,109.40269,111.53187
1.6655,109.40687,111.53592
1.6655999,109.41104,111.53996
1.6657,109.41521,111.54401
1.6658,109.41938,111.54805
1.6659,109.42355,111.55209
1.666,109.42772,111.55614
1.6661,109.43189,111.56018
1.6662,109.43606,111.56422
1.6663001,109.44023,111.56827
1.6664,109.4444,111.57231
1.6665,109.44856,111.57635
1.6666,109.45273,111.58039
1.6667,109.45689,111.58443
1.6668,109.46107,111.58847
1.6669,109.46523,111.59251
1.6670001,109.46939,111.59655
1.6671,109.47356,111.60059
1.6672,109.47772,111.60463
1.6673,109.48189,111.60867
1.6674,109.48605,111.6127
1.6675,109.49021,111.61674
1.6676,109.49438,111.62077
1.6677001,109.49854,111.62481
1.6677999,109.5027,111.62885
1.6679,109.50686,111.63288
1.668,109.51102,111.63691
1.6681,109.51518,111.64095
1.6682,109.51934,111.64498
1.6683,109.5235,111.64901
1.6684,109.52766,111.65305
1.6684999,109.53181,111.65707
1.6686,109.53597,111.66111
1.6687,109.54013,111.66514
1.6688,109.54429,111.66917
1.6689,109.54845,111.67319
1.669,109.5526,111.67722
1.6691,109.55676,111.68126
1.6691999,109.56091,111.68529
1.6693,109.56506,111.68931
1.6694,109.56922,111.69334
1.6695,109.57337,111.69736
1.6696,109.57753,111.70139
1.6697,109.58168,111.70542
1.6698,109.58583,111.70944
1.6698999,109.58999,111.71347
1.67,109.59414,111.71749
1.6701,109.59829,111.72152
1.6702,109.60244,111.72554
1.6703,109.60659,111.72956
1.6704,109.61074,111.73359
1.6705,109.61488,111.73761
1.6706001,109.61903,111.74163
1.6707,109.62318,111.74565
1.6708,109.62733,111.74967
1.6709,109.63148,111.75369
1.671,109.63563,111.75771
1.6711,109.63977,111.76173
1.6712,109.64391,111.76575
1.6713001,109.64806,111.76977
1.6714,109.65221,111.77379
1.6715,109.65635,111.7778
1.6716,109.66049,111.78182
1.6717,109.66463,111.78584
1.6718,109.66878,111.78985
1.6719,109.67292,111.79387
1.6720001,109.67706,111.79788
1.6720999,109.68121,111.8019
1.6722,109.68535,111.80591
1.6723,109.68949,111.80992
1.6724,109.69363,111.81393
1.6725,109.69777,111.81795
1.6726,109.7019,111.82196
1.6727,109.70605,111.82597
1.6727999,109.71018,111.82999
1.6729,109.71432,111.83399
1.673,109.71846,111.83801
1.6731,109.7226,111.84201
1.6732,109.72673,111.84602
1.6733,109.73087,111.85003
1.6734,109.73501,111.85404
1.6734999,109.73914,111.85805
1.6736,109.74328,111.86205
1.6737,109.74741,111.86606
1.6738,109.75154,111.87006
1.6739,109.75568,111.87407
1.674,109.75981,111.87807
1.6741,109.76394,111.88208
1.6742001,109.76807,111.88609
1.6743,109.7722,111.89009
1.6744,109.77634,111.8941
1.6745,109.78046,111.89809
1.6746,109.7846,111.9021
1.6747,109.78873,111.9061
1.6748,109.79285,111.9101
1.6749001,109.79698,111.9141
1.675,109.80111,111.91811
1.6751,109.80524,111.9221
1.6752,109.80936,111.9261
1.6753,109.81349,111.9301
1.6754,109.81762,111.9341
1.6755,109.82175,111.9381
1.6756001,109.82587,111.94209
1.6756999,109.82999,111.94609
1.6758,109.83412,111.95009
1.6759,109.83824,111.95409
1.676,109.84237,111.95808
1.6761,109.84649,111.96207
1.6762,109.85062,111.96607
1.6763,109.85474,111.97006
1.6763999,109.85886,111.97406
1.6765,109.86298,111.97805
1.6766,109.8671,111.98204
1.6767,109.87122,111.98604
1.6768,109.87534,111.99003
1.6769,109.87946,111.99402
1.677,109.88358,111.99801
1.6770999,109.8877,112.002
1.6772,109.89182,112.00599
1.6773,109.89593,112.00998
1.6774,109.90005,112.01397
1.6775,109.90417,112.01796
1.6776,109.90828,112.02194
1.6777,109.9124,112.02593
1.6778001,109.91651,112.02991
1.6779,109.92062,112.03391
1.678,109.92474,112.03789
1.6781,109.92886,112.04188
1.6782,109.93297,112.04586
1.6783,109.93708,112.04984
1.6784,109.94119,112.05383
1.6785001,109.9453,112.05782
1.6786,109.94942,112.0618
1.6787,109.95353,112.06578
1.6788,109.95763,112.06976
1.6789,109.96175,112.07375
1.679,109.96586,112.07772
1.6791,109.96996,112.0817
1.6792001,109.97408,112.08569
1.6793,109.97818,112.08966
1.6794,109.98229,112.09364
1.6795,109.9864,112.09762
1.6796,109.9905,112.1016
1.6797,109.99461,112.10558
1.6798,109.99872,112.10956
1.6799001,110.00282,112.11353
1.6799999,110.00693,112.11751
1.6801,110.01103,112.12148
1.6802,110.01514,112.12546
1.6803,110.01924,112.12943
1.6804,110.02334,112.13341
1.6805,110.02744,112.13738
1.6806,110.03155,112.14136
1.6806999,110.03564,112.14532
1.6808,110.03975,112.1493
1.6809,110.04385,112.15327
1.681,110.04795,112.15724
1.6811,110.05205,112.16122
1.6812,110.05615,112.16518
1.6813,110.06025,112.16916
1.6813999,110.06435,112.17313
1.6815,110.06844,112.17709
1.6816,110.07254,112.18106
1.6817,110.07664,112.18503
1.6818,110.08073,112.189
1.6819,110.08483,112.19296
1.682,110.08893,112.19693
1.6821001,110.09303,112.2009
1.6822,110.09711,112.20486
1.6823,110.10121,112.20883
1.6824,110.10531,112.21279
1.6825,110.1094,112.21676
1.6826,110.11349,112.22072
1.6827,110.11758,112.22469
1.6828001,110.12167,112.22865
1.6829,110.12576,112.23261
1.683,110.12986,112.23657
1.6831,110.13395,112.24053
1.6832,110.13804,112.24449
1.6833,110.14213,112.24845
1.6834,110.14622,112.25241
1.6835001,110.15031,112.25637
1.6835999,110.1544,112.26033
1.6837,110.15848,112.26429
1.6838,110.16257,112.26825
1.6839,110.16666,112.27221
1.684,110.17074,112.27616
1.6841,110.17483,112.28012
1.6842,110.17891,112.28407
1.6842999,110.183,112.28803
1.6844,110.18708,112.29198
1.6845,110.19116,112.29594
1.6846,110.19525,112.2999
1.6847,110.19933,112.30385
1.6848,110.20341,112.3078
1.6849,110.2075,112.31175
1.6849999,110.21158,112.3157
1.6851,110.21566,112.31966
1.6852,110.21974,112.32361
1.6853,110.22382,112.32756
1.6854,110.2279,112.33151
1.6855,110.23198,112.33546
1.6856,110.23605,112.33941
1.6857001,110.24014,112.34335
1.6858,110.24421,112.34731
1.6859,110.24829,112.35125
1.686,110.25237,112.3552
1.6861,110.25645,112.35915
1.6862,110.26052,112.36309
1.6863,110.2646,112.36703
1.6864001,110.26867,112.37099
1.6865,110.27274,112.37493
1.6866,110.27682,112.37888
1.6867,110.28089,112.38282
1.6868,110.28497,112.38676
1.6869,110.28904,112.3907
1.687,110.29311,112.39465
1.6871001,110.29718,112.39859
1.6872,110.30125,112.40253
1.6873,110.30533,112.40647
1.6874,110.30939,112.41041
1.6875,110.31347,112.41435
1.6876,110.31754,112.41829
1.6877,110.3216,112.42223
1.6878,110.32568,112.42617
1.6878999,110.32974,112.43011
1.688,110.33381,112.43404
1.6881,110.33788,112.43798
1.6882,110.34194,112.44192
1.6883,110.34601,112.44585
1.6884,110.35007,112.44979
1.6885,110.35414,112.45372
1.6885999,110.35821,112.45766
1.6887,110.36227,112.46159
1.6888,110.36633,112.46552
1.6889,110.3704,112.46946
1.689,110.37446,112.47339
1.6891,110.37852,112.47733
1.6892,110.38258,112.48125
1.6892999,110.38664,112.48518
1.6894,110.39071,112.48912
1.6895,110.39477,112.49305
1.6896,110.39883,112.49698
1.6897,110.40289,112.50091
1.6898,110.40694,112.50484
1.6899,110.411,112.50877
1.6900001,110.41506,112.5127
1.6901,110.41912,112.51662
1.6902,110.42318,112.52055
1.6903,110.42724,112.52448
1.6904,110.43129,112.5284
1.6905,110.43535,112.53233
1.6906,110.4394,112.53625
1.6907001,110.44346,112.54018
1.6908,110.44751,112.5441
1.6909,110.45157,112.54802
1.691,110.45562,112.55194
1.6911,110.45967,112.55586
1.6912,110.46372,112.55979
1.6913,110.46778,112.56371
1.6914001,110.47183,112.56763
1.6914999,110.47588,112.57155
1.6916,110.47993,112.57547
1.6917,110.48399,112.57939
1.6918,110.48803,112.58331
1.6919,110.49208,112.58723
1.692,110.49613,112.59115
1.6921,110.50018,112.59506
1.6921999,110.50423,112.59898
1.6923,110.50828,112.6029
1.6924,110.51232,112.60681
1.6925,110.51637,112.61073
1.6926,110.52042,112.61465
1.6927,110.52446,112.61856
1.6928,110.5285,112.62247
1.6928999,110.53255,112.62639
1.693,110.5366,112.6303
1.6931,110.54064,112.63422
1.6932,110.54469,112.63813
1.6933,110.54872,112.64204
1.6934,110.55276,112.64595
1.6935,110.55681,112.64986
1.6936001,110.56085,112.65377
1.6937,110.56489,112.65768
1.6938,110.56893,112.66159
1.6939,110.57298,112.6655
1.694,110.57701,112.66941
1.6941,110.58105,112.67332
1.6942,110.58509,112.67722
1.6943001,110.58913,112.68113
1.6944,110.59316,112.68504
1.6945,110.59721,112.68894
1.6946,110.60124,112.69285
1.6947,110.60528,112.69675
1.6948,110.60931,112.70066
1.6949,110.61335,112.70456
1.6950001,110.61738,112.70847
1.6950999,110.62141,112.71237
1.6952,110.62545,112.71627
1.6953,110.62949,112.72017
1.6954,110.63351,112.72408
1.6955,110.63755,112.72797
1.6956,110.64158,112.73187
1.6957,110.64561,112.73578
1.6957999,110.64964,112.73968
1.6959,110.65367,112.74358
1.696,110.65771,112.74747
1.6961,110.66174,112.75137
1.6962,110.66576,112.75527
1.6963,110.66979,112.75917
1.6964,110.67382,112.76306
1.6964999,110.67785,112.76696
1.6966,110.68188,112.77086
1.6967,110.68591,112.77475
1.6968,110.68993,112.77865
1.6969,110.69395,112.78254
1.697,110.69798,112.78643
1.6971,110.702,112.79033
1.6971999,110.70603,112.79422
1.6973,110.71005,112.79811
1.6974,110.71408,112.802
1.6975,110.7181,112.80589
1.6976,110.72212,112.80978
1.6977,110.72615,112.81367
1.6978,110.73017,112.81757
1.6979001,110.73419,112.82146
1.698,110.73821,112.82535
1.6981,110.74223,112.82923
1.6982,110.74625,112.83312
1.6983,110.75027,112.83701
1.6984,110.75429,112.8409
1.6985,110.75831,112.84478
1.6986001,110.76233,112.84867
1.6987,110.76634,112.85255
1.6988,110.77036,112.85644
1.6989,110.77438,112.86032
1.699,110.7784,112.8642
1.6991,110.78241,112.8681
1.6992,110.78642,112.87197
1.6993001,110.79044,112.87585
1.6993999,110.79446,112.87974
1.6995,110.79847,112.88362
1.6996,110.80248,112.8875
1.6997,110.8065,112.89138
1.6998,110.81051,112.89526
1.6999,110.81452,112.89914
1.7,110.81853,112.90302
1.7000999,110.82254,112.9069
1.7002,110.82655,112.91078
1.7003,110.83056,112.91466
1.7004,110.83457,112.91853
1.7005,110.83858,112.92241
1.7006,110.84259,112.92628
1.7007,110.8466,112.93016
1.7007999,110.85061,112.93404
1.7009,110.85461,112.93791
1.701,110.85862,112.94179
1.7011,110.86263,112.94566
1.7012,110.86663,112.94953
1.7013,110.87064,112.95341
1.7014,110.87464,112.95728
1.7015001,110.87865,112.96115
1.7016,110.88265,112.96503
1.7017,110.88666,112.96889
1.7018,110.89066,112.97276
1.7019,110.89466,112.97663
1.702,110.89866,112.98051
1.7021,110.90266,112.98438
1.7022001,110.90666,112.98824
1.7023,110.91067,112.99211
1.7024,110.91467,112.99598
1.7025,110.91866,112.99985
1.7026,110.92267,113.00371
1.7027,110.92667,113.00758
1.7028,110.93066,113.01144
1.7029001,110.93466,113.0153
1.7029999,110.93866,113.01917
1.7031,110.94266,113.02303
1.7032,110.94665,113.0269
1.7033,110.95065,113.03076
1.7034,110.95464,113.03462
1.7035,110.95864,113.03849
1.7036,110.96263,113.04235
1.7036999,110.96663,113.04621
1.7038,110.97062,113.05007
1.7039,110.97462,113.05393
1.704,110.97861,113.05779
1.7041,110.9826,113.06165
1.7042,110.98659,113.06551
1.7043,110.99059,113.06937
1.7043999,110.99458,113.07323
1.7045,110.99857,113.07708
1.7046,111.00256,113.08094
1.7047,111.00655,113.08479
1.7048,111.01053,113.08865
1.7049,111.01452,113.09251
1.705,111.01851,113.09636
1.7051001,111.0225,113.10021
1.7052,111.02648,113.10406
1.7053,111.03047,113.10793
1.7054,111.03445,113.11178
1.7055,111.03844,113.11562
1.7056,111.04243,113.11948
1.7057,111.04641,113.12333
1.7058001,111.0504,113.12718
1.7059,111.05438,113.13103
1.706,111.05836,113.13488
1.7061,111.06235,113.13873
1.7062,111.06633,113.14258
1.7063,111.07031,113.14643
1.7064,111.0743,113.15028
1.7065001,111.07828,113.15412
1.7066,111.08225,113.15797
1.7067,111.08624,113.16182
1.7068,111.09022,113.16566
1.7069,111.09419,113.16951
1.707,111.09818,113.17336
1.7071,111.10215,113.1772
1.7072001,111.10613,113.18105
1.7072999,111.11011,113.18488
1.7074,111.11408,113.18873
1.7075,111.11806,113.19257
1.7076,111.12203,113.19641
1.7077,111.12601,113.20026
1.7078,111.12999,113.20409
1.7079,111.13396,113.20794
1.7079999,111.13793,113.21178
1.7081,111.14191,113.21561
1.7082,111.14588,113.21945
1.7083,111.14986,113.2233
1.7084,111.15382,113.22713
1.7085,111.1578,113.23097
1.7086,111.16177,113.23481
1.7086999,111.16574,113.23865
1.7088,111.16971,113.24248
1.7089,111.17368,113.24632
1.709,111.17765,113.25015
1.7091,111.18162,113.25398
1.7092,111.18559,113.25782
1.7093,111.18955,113.26166
1.7094001,111.19352,113.26549
1.7095,111.19749,113.26932
1.7096,111.20145,113.27316
1.7097,111.20542,113.27699
1.7098,111.20939,113.28082
1.7099,111.21336,113.28465
1.71,111.21732,113.28848
1.7101001,111.22128,113.2923
1.7102,111.22524,113.29613
1.7103,111.22921,113.29996
1.7104,111.23317,113.30379
1.7105,111.23714,113.30762
1.7106,111.2411,113.31145
1.7107,111.24506,113.31528
1.7108001,111.24902,113.3191
1.7108999,111.25298,113.32293
1.711,111.25694,113.32675
1.7111,111.26089,113.33058
1.7112,111.26485,113.3344
1.7113,111.26881,113.33823
1.7114,111.27277,113.34205
1.7115,111.27673,113.34587
1.7115999,111.28069,113.34969
1.7117,111.28465,113.35352
1.7118,111.2886,113.35734
1.7119,111.29256,113.36116
1.712,111.29652,113.36498
1.7121,111.30047,113.3688
1.7122,111.30442,113.37262
1.7122999,111.30837,113.37644
1.7124,111.31233,113.38026
1.7125,111.31628,113.38408
1.7126,111.32024,113.38789
1.7127,111.32419,113.39171
1.7128,111.32814,113.39553
1.7129,111.33209,113.39935
1.7130001,111.33604,113.40316
1.7131,111.33999,113.40697
1.7132,111.34394,113.41079
1.7133,111.34789,113.4146
1.7134,111.35184,113.41842
1.7135,111.35579,113.42223
1.7136,111.35973,113.42604
1.7137001,111.36368,113.42986
1.7138,111.36763,113.43366
1.7139,111.37157,113.43748
1.714,111.37552,113.44129
1.7141,111.37946,113.4451
1.7142,111.38341,113.44891
1.7143,111.38735,113.45272
1.7144001,111.3913,113.45653
1.7145,111.39524,113.46033
1.7146,111.39919,113.46414
1.7147,111.40313,113.46795
1.7148,111.40707,113.47176
1.7149,111.41101,113.47556
1.715,111.41496,113.47937
1.7151,111.41889,113.48318
1.7151999,111.42284,113.48698
1.7153,111.42677,113.49078
1.7154,111.43071,113.49458
1.7155,111.43465,113.49839
1.7156,111.43859,113.50219
1.7157,111.44253,113.506
1.7158,111.44646,113.5098
1.7158999,111.4504,113.5136
1.716,111.45434,113.5174
1.7161,111.45827,113.5212
1.7162,111.46221,113.525
1.7163,111.46615,113.5288
1.7164,111.47008,113.5326
1.7165,111.47401,113.5364
1.7165999,111.47794,113.54019
1.7167,111.48188,113.54399
1.7168,111.48581,113.54779
1.7169,111.48975,113.55158
1.717,111.49368,113.55538
1.7171,111.4976,113.55917
1.7172,111.50154,113.56297
1.7173001,111.50547,113.56676
1.7174,111.5094,113.57056
1.7175,111.51333,113.57436
1.7176,111.51726,113.57815
1.7177,111.52119,113.58194
1.7178,111.52512,113.58573
1.7179,111.52904,113.58952
1.7180001,111.53297,113.59332
1.7181,111.5369,113.59711
1.7182,111.54082,113.6009
1.7183,111.54475,113.60468
1.7184,111.54867,113.60847
1.7185,111.5526,113.61226
1.7186,111.55652,113.61605
1.7187001,111.56044,113.61983
1.7187999,111.56437,113.62363
1.7189,111.56829,113.62741
1.719,111.57221,113.6312
1.7191,111.57613,113.63499
1.7192,111.58006,113.63877
1.7193,111.58398,113.64256
1.7194,111.5879,113.64634
1.7194999,111.59182,113.65012
1.7196,111.59573,113.65391
1.7197,111.59966,113.65768
1.7198,111.60358,113.66147
1.7199,111.60749,113.66525
1.72,111.61141,113.66903
1.7201,111.61533,113.67281
1.7201999,111.61924,113.6766
1.7203,111.62316,113.68037
1.7204,111.62708,113.68415
1.7205,111.63099,113.68793
1.7206,111.6349,113.69171
1.7207,111.63882,113.69549
1.7208,111.64273,113.69926
1.7209001,111.64664,113.70304
1.721,111.65056,113.70682
1.7211,111.65447,113.71059
1.7212,111.65839,113.71437
1.7213,111.66229,113.71815
1.7214,111.66621,113.72192
1.7215,111.67011,113.72569
1.7216001,111.67403,113.72947
1.7217,111.67793,113.73324
1.7218,111.68185,113.73701
1.7219,111.68575,113.74078
1.722,111.68966,113.74455
1.7221,111.69357,113.74832
1.7222,111.69748,113.7521
1.7223001,111.70139,113.75587
1.7224,111.70529,113.75964
1.7225,111.7092,113.7634
1.7226,111.7131,113.76717
1.7227,111.717,113.77094
1.7228,111.72091,113.77471
1.7229,111.72482,113.77847
1.723,111.72871,113.78224
1.7230999,111.73262,113.78601
1.7232,111.73652,113.78977
1.7233,111.74043,113.79354
1.7234,111.74432,113.7973
1.7235,111.74823,113.80106
1.7236,111.75213,113.80483
1.7237,111.75603,113.80859
1.7237999,111.75993,113.81236
1.7239,111.76382,113.81612
1.724,111.76772,113.81988
1.7241,111.77162,113.82364
1.7242,111.77552,113.8274
1.7243,111.77942,113.83116
1.7244,111.78332,113.83492
1.7244999,111.78721,113.83868
1.7246,111.79111,113.84244
1.7247,111.79501,113.8462
1.7248,111.7989,113.84995
1.7249,111.8028,113.85371
1.725,111.80669,113.85747
1.7251,111.81058,113.86122
1.7252001,111.81448,113.86498
1.7253,111.81837,113.86874
1.7254,111.82226,113.87249
1.7255,111.82615,113.87624
1.7256,111.83004,113.88
1.7257,111.83393,113.88375
1.7258,111.83782,113.8875
1.7259001,111.84171,113.89126
1.726,111.8456,113.895
1.7261,111.84949,113.89876
1.7262,111.85338,113.90251
1.7263,111.85727,113.90626
1.7264,111.86115,113.91001
1.7265,111.86504,113.91376
1.7266001,111.86893,113.9175
1.7266999,111.87281,113.92126
1.7268,111.8767,113.925
1.7269,111.88058,113.92875
1.727,111.88447,113.9325
1.7271,111.88835,113.93624
1.7272,111.89223,113.93999
1.7273,111.89612,113.94373
1.7273999,111.9,113.94748
1.7275,111.90388,113.95123
1.7276,111.90777,113.95496
1.7277,111.91165,113.95871
1.7278,111.91553,113.96246
1.7279,111.91941,113.96619
1.728,111.92329,113.96994
1.7280999,111.92717,113.97368
1.7282,111.93105,113.97742
1.7283,111.93493,113.98116
1.7284,111.9388,113.9849
1.7285,111.94268,113.98864
1.7286,111.94656,113.99238
1.7287,111.95044,113.99612
1.7288001,111.95432,113.99986
1.7289,111.95819,114.00359
1.729,111.96206,114.00732
1.7291,111.96593,114.01106
1.7292,111.96981,114.0148
1.7293,111.97369,114.01853
1.7294,111.97756,114.02227
1.7295001,111.98143,114.026
1.7296,111.98531,114.02974
1.7297,111.98917,114.03347
1.7298,111.99305,114.0372
1.7299,111.99692,114.04094
1.73,112.00079,114.04467
1.7301,112.00466,114.0484
1.7302001,112.00853,114.05213
1.7302999,112.0124,114.05586
1.7304,112.01627,114.05959
1.7305,112.02013,114.06332
1.7306,112.024,114.06705
1.7307,112.02787,114.07078
1.7308,112.03174,114.07451
1.7309,112.0356,114.07823
1.7309999,112.03947,114.08196
1.7311,112.04333,114.08569
1.7312,112.0472,114.08942
1.7313,112.05106,114.09314
1.7314,112.05492,114.09686
1.7315,112.05879,114.10059
1.7316,112.06265,114.10431
1.7316999,112.06651,114.10804
1.7318,112.07037,114.11176
1.7319,112.07424,114.11548
1.732,112.0781,114.1192
1.7321,112.08196,114.12292
1.7322,112.08582,114.12665
1.7323,112.08968,114.13036
1.7323999,112.09354,114.13409
1.7325,112.0974,114.13781
1.7326,112.10126,114.14153
1.7327,112.10511,114.14524
1.7328,112.10897,114.14896
1.7329,112.11283,114.15268
1.733,112.11668,114.15639
1.7331001,112.12054,114.16011
1.7332,112.1244,114.16383
1.7333,112.12825,114.16755
1.7334,112.1321,114.17126
1.7335,112.13596,114.17497
1.7336,112.13981,114.17869
1.7337,112.14366,114.1824
1.7338001,112.14751,114.18612
1.7339,112.15137,114.18983
1.734,112.15522,114.19354
1.7341,112.15907,114.19725
1.7342,112.16293,114.20097
1.7343,112.16677,114.20467
1.7344,112.17062,114.20838
1.7345001,112.17447,114.2121
1.7345999,112.17832,114.21581
1.7347,112.18217,114.21951
1.7348,112.18602,114.22322
1.7349,112.18987,114.22693
1.735,112.19371,114.23064
1.7351,112.19756,114.23434
1.7352,112.2014,114.23804
1.7352999,112.20525,114.24175
1.7354,112.20909,114.24546
1.7355,112.21294,114.24916
1.7356,112.21678,114.25287
1.7357,112.22063,114.25657
1.7358,112.22447,114.26028
1.7359,112.22831,114.26398
1.7359999,112.23215,114.26768
1.7361,112.23599,114.27139
1.7362,112.23984,114.27509
1.7363,112.24368,114.27879
1.7364,112.24752,114.28249
1.7365,112.25136,114.28619
1.7366,112.2552,114.28989
1.7367001,112.25903,114.29358
1.7368,112.26287,114.29728
1.7369,112.26671,114.30098
1.737,112.27055,114.30467
1.7371,112.27438,114.30837
1.7372,112.27822,114.31207
1.7373,112.28206,114.31577
1.7374001,112.2859,114.31946
1.7375,112.28973,114.32315
1.7376,112.29356,114.32685
1.7377,112.29739,114.33054
1.7378,112.30123,114.33424
1.7379,112.30506,114.33793
1.738,112.3089,114.34162
1.7381001,112.31273,114.34531
1.7381999,112.31656,114.34901
1.7383,112.32039,114.35269
1.7384,112.32422,114.35638
1.7385,112.32805,114.36008
1.7386,112.33188,114.36376
1.7387,112.33571,114.36745
1.7388,112.33954,114.37114
1.7388999,112.34337,114.37483
1.739,112.3472,114.37852
1.7391,112.35102,114.3822
1.7392,112.35485,114.38589
1.7393,112.35867,114.38958
1.7394,112.3625,114.39326
1.7395,112.36633,114.39695
1.7395999,112.37016,114.40063
1.7397,112.37398,114.40431
1.7398,112.3778,114.408
1.7399,112.38162,114.41168
1.74,112.38545,114.41537
1.7401,112.38927,114.41904
1.7402,112.3931,114.42273
1.7403001,112.39692,114.42641
1.7404,112.40073,114.43009
1.7405,112.40456,114.43377
1.7406,112.40838,114.43745
1.7407,112.4122,114.44112
1.7408,112.41602,114.4448
1.7409,112.41984,114.44849
1.7410001,112.42365,114.45216
1.7411,112.42747,114.45583
1.7412,112.43129,114.45951
1.7413,112.4351,114.46319
1.7414,112.43893,114.46687
1.7415,112.44274,114.47054
1.7416,112.44656,114.47421
1.7417001,112.45037,114.47789
1.7418,112.45419,114.48156
1.7419,112.458,114.48524
1.742,112.46181,114.48891
1.7421,112.46562,114.49258
1.7422,112.46944,114.49625
1.7423,112.47325,114.49992
1.7424001,112.47707,114.50359
1.7424999,112.48087,114.50726
1.7426,112.48469,114.51093
1.7427,112.48849,114.5146
1.7428,112.4923,114.51827
1.7429,112.49612,114.52193
1.743,112.49992,114.5256
1.7431,112.50373,114.52927
1.7431999,112.50754,114.53294
1.7433,112.51134,114.53661
1.7434,112.51515,114.54027
1.7435,112.51896,114.54394
1.7436,112.52277,114.5476
1.7437,112.52657,114.55126
1.7438,112.53038,114.55492
1.7438999,112.53418,114.55859
1.744,112.53799,114.56226
1.7441,112.54179,114.56592
1.7442,112.54559,114.56958
1.7443,112.54939,114.57323
1.7444,112.5532,114.5769
1.7445,112.557,114.58056
1.7446001,112.5608,114.58422
1.7447,112.56461,114.58788
1.7448,112.56841,114.59154
1.7449,112.5722,114.59519
1.745,112.576,114.59885
1.7451,112.5798,114.60251
1.7452,112.5836,114.60616
1.7453001,112.58739,114.60982
1.7454,112.59119,114.61348
1.7455,112.59499,114.61713
1.7456,112.59879,114.62079
1.7457,112.60258,114.62444
1.7458,112.60638,114.62809
1.7459,112.61018,114.63174
1.7460001,112.61397,114.6354
1.7460999,112.61777,114.63905
1.7462,112.62156,114.6427
1.7463,112.62535,114.64635
1.7464,112.62914,114.65
1.7465,112.63293,114.65366
1.7466,112.63673,114.6573
1.7467,112.64052,114.66095
1.7467999,112.64431,114.6646
1.7469,112.6481,114.66825
1.747,112.65189,114.6719
1.7471,112.65569,114.67554
1.7472,112.65947,114.67919
1.7473,112.66326,114.68284
1.7474,112.66705,114.68649
1.7474999,112.67084,114.69013
1.7476,112.67462,114.69377
1.7477,112.67841,114.69742
1.7478,112.6822,114.70106
1.7479,112.68598,114.7047
1.748,112.68977,114.70834
1.7481,112.69355,114.71199
1.7482001,112.69733,114.71563
1.7483,112.70112,114.71927
1.7484,112.7049,114.72292
1.7485,112.70869,114.72655
1.7486,112.71247,114.73019
1.7487,112.71625,114.73383
1.7488,112.72003,114.73747
1.7489001,112.72381,114.7411
1.749,112.72759,114.74474
1.7491,112.73137,114.74838
1.7492,112.73515,114.75202
1.7493,112.73893,114.75565
1.7494,112.74271,114.75929
1.7495,112.74649,114.76292
1.7496001,112.75027,114.76656
1.7497,112.75404,114.7702
1.7498,112.75782,114.77383
1.7499,112.7616,114.77747
1.75,112.76537,114.7811
1.7501,112.76915,114.78473
1.7502,112.77292,114.78836
1.7503,112.7767,114.79199
1.7503999,112.78047,114.79562
1.7505,112.78424,114.79925
1.7506,112.78802,114.80288
1.7507,112.79179,114.80651
1.7508,112.79556,114.81013
1.7509,112.79933,114.81377
1.751,112.8031,114.81739
1.7510999,112.80687,114.82102
1.7512,112.81065,114.82465
1.7513,112.81441,114.82828
1.7514,112.81818,114.8319
1.7515,112.82195,114.83553
1.7516,112.82572,114.83915
1.7517,112.82948,114.84277
1.7517999,112.83325,114.8464
1.7519,112.83702,114.85002
1.752,112.84079,114.85365
1.7521,112.84455,114.85727
1.7522,112.84832,114.86089
1.7523,112.85208,114.86451
1.7524,112.85585,114.86813
1.7525001,112.85961,114.87175
1.7526,112.86337,114.87537
1.7527,112.86713,114.87899
1.7528,112.8709,114.88261
1.7529,112.87466,114.88622
1.753,112.87843,114.88985
1.7531,112.88219,114.89346
1.7532001,112.88595,114.89708
1.7533,112.8897,114.9007
1.7534,112.89346,114.90431
1.7535,112.89722,114.90792
1.7536,112.90098,114.91154
1.7537,112.90474,114.91515
1.7538,112.9085,114.91877
1.7539001,112.91225,114.92238
1.7539999,112.91601,114.92599
1.7541,112.91977,114.9296
1.7542,112.92352,114.93322
1.7543,112.92728,114.93683
1.7544,112.93103,114.94044
1.7545,112.93479,114.94405
1.7546,112.93855,114.94766
1.7546999,112.9423,114.95127
1.7548,112.94604,114.95488
1.7549,112.9498,114.95849
1.755,112.95355,114.96209
1.7551,112.95731,114.9657
1.7552,112.96105,114.96931
1.7553,112.96481,114.97292
1.7553999,112.96856,114.97652
1.7555,112.97231,114.98013
1.7556,112.97605,114.98373
1.7557,112.9798,114.98734
1.7558,112.98355,114.99094
1.7559,112.9873,114.99454
1.756,112.99104,114.99815
1.7561001,112.9948,115.00175
1.7562,112.99854,115.00535
1.7563,113.00229,115.00895
1.7564,113.00603,115.01255
1.7565,113.00977,115.01615
1.7566,113.01352,115.01974
1.7567,113.01727,115.02335
1.7568001,113.021,115.02695
1.7569,113.02475,115.03055
1.757,113.0285,115.03414
1.7571,113.03223,115.03774
1.7572,113.03597,115.04134
1.7573,113.03972,115.04493
1.7574,113.04346,115.04853
1.7575001,113.0472,115.05212
1.7575999,113.05093,115.05572
1.7577,113.05468,115.05931
1.7578,113.05842,115.0629
1.7579,113.06216,115.0665
1.758,113.06589,115.07009
1.7581,113.06963,115.07368
1.7582,113.07336,115.07728
1.7582999,113.0771,115.08087
1.7584,113.08083,115.08446
1.7585,113.08457,115.08805
1.7586,113.08831,115.09164
1.7587,113.09204,115.09523
1.7588,113.09577,115.09882
1.7589,113.09951,115.1024
1.7589999,113.10324,115.106
1.7591,113.10697,115.10958
1.7592,113.1107,115.11317
1.7593,113.11444,115.11675
1.7594,113.11817,115.12034
1.7595,113.1219,115.12392
1.7596,113.12563,115.12751
1.7596999,113.12936,115.1311
1.7598,113.13309,115.13467
1.7599,113.13682,115.13826
1.76,113.14054,115.14185
1.7601,113.14427,115.14542
1.7602,113.148,115.14901
1.7603,113.15173,115.15259
1.7604001,113.15546,115.15617
1.7605,113.15918,115.15975
1.7606,113.1629,115.16333
1.7607,113.16663,115.16691
1.7608,113.17036,115.17049
1.7609,113.17408,115.17406
1.761,113.1778,115.17764
1.7611001,113.18153,115.18122
1.7612,113.18525,115.1848
1.7613,113.18896,115.18837
1.7614,113.19269,115.19195
1.7615,113.19641,115.19553
1.7616,113.20013,115.1991
1.7617,113.20385,115.20267
1.7618001,113.20757,115.20625
1.7618999,113.21129,115.20982
1.762,113.21501,115.21339
1.7621,113.21873,115.21696
1.7622,113.22244,115.22054
1.7623,113.22616,115.22411
1.7624,113.22988,115.22768
1.7625,113.2336,115.23125
1.7625999,113.23731,115.23482
1.7627,113.24103,115.23839
1.7628,113.24474,115.24196
1.7629,113.24845,115.24552
1.763,113.25217,115.24909
1.7631,113.25588,115.25266
1.7632,113.2596,115.25623
1.7632999,113.26331,115.25979
1.7634,113.26702,115.26336
1.7635,113.27073,115.26692
1.7636,113.27444,115.27048
1.7637,113.27815,115.27406
1.7638,113.28186,115.27762
1.7639,113.28557,115.28118
1.7640001,113.28928,115.28474
1.7641,113.29299,115.28831
1.7642,113.2967,115.29186
1.7643,113.30041,115.29543
1.7644,113.30412,115.29899
1.7645,113.30782,115.30255
1.7646,113.31152,115.30611
1.7647001,113.31523,115.30967
1.7648,113.31894,115.31322
1.7649,113.32264,115.31678
1.765,113.32635,115.32034
1.7651,113.33005,115.3239
1.7652,113.33376,115.32745
1.7653,113.33746,115.33101
1.7654001,113.34116,115.33456
1.7654999,113.34486,115.33812
1.7656,113.34856,115.34167
1.7657,113.35226,115.34523
1.7658,113.35596,115.34879
1.7659,113.35966,115.35234
1.766,113.36337,115.35589
1.7661,113.36707,115.35944
1.7661999,113.37076,115.36299
1.7663,113.37446,115.36655
1.7664,113.37816,115.37009
1.7665,113.38185,115.37365
1.7666,113.38555,115.3772
1.7667,113.38924,115.38074
1.7668,113.39294,115.38429
1.7668999,113.39664,115.38784
1.767,113.40033,115.39139
1.7671,113.40403,115.39494
1.7672,113.40772,115.39848
1.7673,113.41142,115.40203
1.7674,113.41511,115.40558
1.7675,113.4188,115.40912
1.7676001,113.42249,115.41267
1.7677,113.42619,115.41621
1.7678,113.42987,115.41975
1.7679,113.43356,115.42329
1.768,113.43726,115.42684
1.7681,113.44094,115.43038
1.7682,113.44463,115.43392
1.7683001,113.44832,115.43746
1.7684,113.45201,115.441
1.7685,113.4557,115.44454
1.7686,113.45938,115.44808
1.7687,113.46307,115.45162
1.7688,113.46676,115.45516
1.7689,113.47044,115.4587
1.7690001,113.47413,115.46223
1.7691,113.47781,115.46577
1.7692,113.4815,115.46931
1.7693,113.48518,115.47285
1.7694,113.48887,115.47638
1.7695,113.49255,115.47992
1.7696,113.49623,115.48345
1.7697001,113.49991,115.48698
1.7697999,113.50359,115.49052
1.7699,113.50727,115.49406
1.77,113.51096,115.49759
1.7701,113.51463,115.50112
1.7702,113.51832,115.50465
1.7703,113.522,115.50818
1.7704,113.52567,115.51171
1.7704999,113.52935,115.51524
1.7706,113.53303,115.51877
1.7707,113.53671,115.5223
1.7708,113.54038,115.52583
1.7709,113.54406,115.52936
1.771,113.54774,115.53288
1.7711,113.55141,115.53642
1.7711999,113.55508,115.53994
1.7713,113.55876,115.54346
1.7714,113.56243,115.54699
1.7715,113.56611,115.55051
1.7716,113.56978,115.55404
1.7717,113.57345,115.55756
1.7718,113.57713,115.56109
1.7719001,113.5808,115.56461
1.772,113.58447,115.56813
1.7721,113.58813,115.57166
1.7722,113.5918,115.57518
1.7723,113.59547,115.5787
1.7724,113.59914,115.58221
1.7725,113.60281,115.58574
1.7726001,113.60648,115.58926
1.7727,113.61015,115.59277
1.7728,113.61382,115.5963
1.7729,113.61749,115.59982
1.773,113.62115,115.60333
1.7731,113.62482,115.60685
1.7732,113.62848,115.61037
1.7733001,113.63214,115.61388
1.7733999,113.63581,115.61739
1.7735,113.63947,115.62091
1.7736,113.64314,115.62443
1.7737,113.6468,115.62794
1.7738,113.65046,115.63145
1.7739,113.65412,115.63496
1.774,113.65778,115.63848
1.7740999,113.66145,115.64199
1.7742,113.66511,115.6455
1.7743,113.66876,115.64901
1.7744,113.67242,115.65253
1.7745,113.67608,115.65604
1.7746,113.67974,115.65955
1.7747,113.6834,115.66306
1.7747999,113.68706,115.66656
1.7749,113.69071,115.67007
1.775,113.69437,115.67358
1.7751,113.69803,115.67709
1.7752,113.70168,115.68059
1.7753,113.70534,115.6841
1.7754,113.70899,115.6876
1.7755001,113.71265,115.69111
1.7756,113.7163,115.69461
1.7757,113.71996,115.69811
1.7758,113.7236,115.70161
1.7759,113.72726,115.70512
1.776,113.73091,115.70863
1.7761,113.73456,115.71213
1.7762001,113.73821,115.71563
1.7763,113.74186,115.71912
1.7764,113.74551,115.72263
1.7765,113.74916,115.72613
1.7766,113.75281,115.72963
1.7767,113.75646,115.73312
1.7768,113.76011,115.73663
1.7769001,113.76376,115.74012
1.777,113.7674,115.74362
1.7771,113.77105,115.74712
1.7772,113.7747,115.75061
1.7773,113.77834,115.7541
1.7774,113.78198,115.75761
1.7775,113.78563,115.7611
1.7776,113.78928,115.7646
1.7776999,113.79292,115.76809
1.7778,113.79656,115.77158
1.7779,113.8002,115.77507
1.778,113.80385,115.77856
1.7781,113.80749,115.78206
1.7782,113.81113,115.78555
1.7783,113.81477,115.78904
1.7783999,113.81841,115.79253
1.7785,113.82205,115.79602
1.7786,113.82569,115.79951
1.7787,113.82933,115.803
1.7788,113.83297,115.80649
1.7789,113.8366,115.80997
1.779,113.84024,115.81346
1.7790999,113.84388,115.81695
1.7792,113.84751,115.82043
1.7793,113.85115,115.82392
1.7794,113.85479,115.82741
1.7795,113.85842,115.83089
1.7796,113.86205,115.83437
1.7797,113.86569,115.83786
1.7798001,113.86932,115.84134
1.7799,113.87296,115.84483
1.78,113.87659,115.8483
1.7801,113.88022,115.85179
1.7802,113.88385,115.85527
1.7803,113.88748,115.85875
1.7804,113.89111,115.86223
1.7805001,113.89474,115.86571
1.7806,113.89838,115.86919
1.7807,113.90201,115.87267
1.7808,113.90563,115.87614
1.7809,113.90926,115.87962
1.781,113.91289,115.8831
1.7811,113.91652,115.88658
1.7812001,113.92014,115.89005
1.7812999,113.92377,115.89353
1.7814,113.9274,115.897
1.7815,113.93102,115.90048
1.7816,113.93465,115.90395
1.7817,113.93827,115.90742
1.7818,113.94189,115.9109
1.7819,113.94552,115.91438
1.7819999,113.94914,115.91785
1.7821,113.95277,115.92132
1.7822,113.95639,115.92479
1.7823,113.96001,115.92826
1.7824,113.96363,115.93173
1.7825,113.96725,115.9352
1.7826,113.97087,115.93867
1.7826999,113.97449,115.94214
1.7828,113.97811,115.9456
1.7829,113.98173,115.94907
1.783,113.98534,115.95254
1.7831,113.98896,115.95601
1.7832,113.99258,115.95947
1.7833,113.9962,115.96294
1.7834001,113.99982,115.96641
1.7835,114.00343,115.96987
1.7836,114.00705,115.97334
1.7837,114.01066,115.9768
1.7838,114.01427,115.98026
1.7839,114.01789,115.98372
1.784,114.0215,115.98718
1.7841001,114.02512,115.99065
1.7842,114.02872,115.99411
1.7843,114.03234,115.99757
1.7844,114.03595,116.00103
1.7845,114.03957,116.00449
1.7846,114.04317,116.00795
1.7847,114.04678,116.01141
1.7848001,114.05039,116.01486
1.7849,114.054,116.01832
1.785,114.05761,116.02177
1.7851,114.06122,116.02524
1.7852,114.06483,116.02869
1.7853,114.06844,116.03214
1.7854,114.07204,116.0356
1.7855,114.07565,116.03905
1.7855999,114.07925,116.04251
1.7857,114.08286,116.04596
1.7858,114.08646,116.04942
1.7859,114.09007,116.05287
1.786,114.09367,116.05632
1.7861,114.09727,116.05977
1.7862,114.10088,116.06322
1.7862999,114.10448,116.06667
1.7864,114.10809,116.07012
1.7865,114.11169,116.07357
1.7866,114.11529,116.07702
1.7867,114.11889,116.08047
1.7868,114.12248,116.08392
1.7869,114.12608,116.08736
1.7869999,114.12968,116.09081
1.7871,114.13329,116.09426
1.7872,114.13688,116.0977
1.7873,114.14048,116.10115
1.7874,114.14407,116.1046
1.7875,114.14767,116.10804
1.7876,114.15127,116.11148
1.7877001,114.15486,116.11493
1.7878,114.15846,116.11837
1.7879,114.16206,116.12181
1.788,114.16565,116.12525
1.7881,114.16924,116.12869
1.7882,114.17284,116.13213
1.7883,114.17643,116.13557
1.7884001,114.18002,116.13902
1.7885,114.18362,116.14246
1.7886,114.1872,116.1459
1.7887,114.1908,116.14933
1.7888,114.19439,116.15277
1.7889,114.19798,116.15621
1.789,114.20157,116.15965
1.7891001,114.20515,116.16308
1.7891999,114.20874,116.16652
1.7893,114.21233,116.16995
1.7894,114.21592,116.17339
1.7895,114.21951,116.17682
1.7896,114.22309,116.18026
1.7897,114.22668,116.18369
1.7898,114.23026,116.18712
1.7898999,114.23385,116.19055
1.79,114.23743,116.19398
1.7901,114.24102,116.19742
1.7902,114.24461,116.20085
1.7903,114.24818,116.20428
1.7904,114.25177,116.20771
1.7905,114.25535,116.21114
1.7905999,114.25893,116.21457
1.7907,114.26251,116.21799
1.7908,114.2661,116.22142
1.7909,114.26968,116.22485
1.791,114.27325,116.22828
1.7911,114.27683,116.2317
1.7912,114.28041,116.23513
1.7913001,114.28399,116.23856
1.7914,114.28757,116.24198
1.7915,114.29115,116.2454
1.7916,114.29472,116.24883
1.7917,114.2983,116.25225
1.7918,114.30188,116.25567
1.7919,114.30545,116.25909
1.7920001,114.30903,116.26251
1.7921,114.3126,116.26594
1.7922,114.31618,116.26936
1.7923,114.31975,116.27277
1.7924,114.32333,116.2762
1.7925,114.3269,116.27962
1.7926,114.33047,116.28304
1.7927001,114.33404,116.28645
1.7927999,114.33761,116.28987
1.7929,114.34118,116.29329
1.793,114.34475,116.29671
1.7931,114.34832,116.30012
1.7932,114.35189,116.30354
1.7933,114.35546,116.30695
1.7934,114.35903,116.31036
1.7934999,114.36259,116.31378
1.7936,114.36617,116.31719
1.7937,114.36973,116.3206
1.7938,114.3733,116.32402
1.7939,114.37686,116.32743
1.794,114.38043,116.33084
1.7941,114.384,116.33425
1.7941999,114.38756,116.33766
1.7943,114.39112,116.34107
1.7944,114.39468,116.34448
1.7945,114.39825,116.34789
1.7946,114.40181,116.3513
1.7947,114.40537,116.35471
1.7948,114.40894,116.35812
1.7948999,114.4125,116.36153
1.795,114.41605,116.36493
1.7951,114.41962,116.36833
1.7952,114.42318,116.37174
1.7953,114.42673,116.37514
1.7954,114.4303,116.37855
1.7955,114.43385,116.38196
1.7956001,114.43741,116.38536
1.7957,114.44097,116.38876
1.7958,114.44453,116.39217
1.7959,114.44808,116.39557
1.796,114.45164,116.39896
1.7961,114.45519,116.40237
1.7962,114.45875,116.40577
1.7963001,114.4623,116.40916
1.7964,114.46586,116.41257
1.7965,114.46941,116.41596
1.7966,114.47296,116.41936
1.7967,114.47652,116.42276
1.7968,114.48006,116.42616
1.7969,114.48362,116.42956
1.7970001,114.48717,116.43295
1.7970999,114.49072,116.43635
1.7972,114.49427,116.43974
1.7973,114.49782,116.44314
1.7974,114.50137,116.44653
1.7975,114.50492,116.44993
1.7976,114.50847,116.45332
1.7977,114.51202,116.45671
1.7977999,114.51556,116.46011
1.7979,114.51911,116.46349
1.798,114.52265,116.46689
1.7981,114.5262,116.47028
1.7982,114.52975,116.47367
1.7983,114.53329,116.47706
1.7984,114.53683,116.48045
1.7984999,114.54037,116.48383
1.7986,114.54392,116.48723
1.7987,114.54746,116.49062
1.7988,114.55101,116.494
1.7989,114.55455,116.49738
1.799,114.55809,116.50077
1.7991,114.56163,116.50416
1.7992001,114.56517,116.50755
1.7993,114.56871,116.51093
1.7994,114.57225,116.51431
1.7995,114.57579,116.51769
1.7996,114.57933,116.52108
1.7997,114.58287,116.52446
1.7998,114.5864,116.52785
1.7999001,114.58994,116.53123
1.8,114.59348,116.53461
1.8001,114.59702,116.53799
1.8002,114.60055,116.54137
1.8003,114.60409,116.54475
1.8004,114.60762,116.54813
1.8005,114.61115,116.55151
1.8006001,114.61469,116.55489
1.8006999,114.61823,116.55826
1.8008,114.62176,116.56164
1.8009,114.62529,116.56501
1.801,114.62882,116.56839
1.8011,114.63235,116.57176
1.8012,114.63588,116.57514
1.8013,114.63941,116.57851
1.8013999,114.64294,116.58189
1.8015,114.64647,116.58526
1.8016,114.65,116.58864
1.8017,114.65353,116.59201
1.8018,114.65706,116.59538
1.8019,114.66058,116.59875
1.802,114.66411,116.60212
1.8020999,114.66764,116.60549
1.8022,114.67117,116.60886
1.8023,114.67469,116.61223
1.8024,114.67822,116.6156
1.8025,114.68174,116.61897
1.8026,114.68526,116.62234
1.8027,114.68879,116.6257
1.8028001,114.69231,116.62907
1.8029,114.69583,116.63244
1.803,114.69936,116.6358
1.8031,114.70287,116.63917
1.8032,114.7064,116.64253
1.8033,114.70992,116.6459
1.8034,114.71344,116.64926
1.8035001,114.71696,116.65263
1.8036,114.72047,116.65599
1.8037,114.724,116.65935
1.8038,114.72752,116.66271
1.8039,114.73103,116.66608
1.804,114.73455,116.66943
1.8041,114.73807,116.6728
1.8042001,114.74158,116.67616
1.8043,114.7451,116.67951
1.8044,114.74861,116.68287
1.8045,114.75213,116.68623
1.8046,114.75565,116.68959
1.8047,114.75916,116.69295
1.8048,114.76267,116.6963
1.8049001,114.76618,116.69966
1.8049999,114.7697,116.70302
1.8051,114.77321,116.70637
1.8052,114.77672,116.70972
1.8053,114.78024,116.71308
1.8054,114.78374,116.71643
1.8055,114.78725,116.71979
1.8056,114.79076,116.72314
1.8056999,114.79427,116.72649
1.8058,114.79778,116.72984
1.8059,114.80128,116.73319
1.806,114.80479,116.73654
1.8061,114.8083,116.73989
1.8062,114.81181,116.74324
1.8063,114.81532,116.74659
1.8063999,114.81882,116.74994
1.8065,114.82233,116.75329
1.8066,114.82584,116.75664
1.8067,114.82934,116.75999
1.8068,114.83284,116.76333
1.8069,114.83634,116.76668
1.807,114.83984,116.77002
1.8071001,114.84335,116.77337
1.8072,114.84686,116.77671
1.8073,114.85035,116.78005
1.8074,114.85385,116.7834
1.8075,114.85735,116.78674
1.8076,114.86086,116.79008
1.8077,114.86436,116.79343
1.8078001,114.86785,116.79677
1.8079,114.87135,116.80011
1.808,114.87485,116.80345
1.8081,114.87835,116.80679
1.8082,114.88184,116.81013
1.8083,114.88534,116.81347
1.8084,114.88884,116.8168
1.8085001,114.89233,116.82014
1.8085999,114.89583,116.82348
1.8087,114.89932,116.82682
1.8088,114.90282,116.83015
1.8089,114.90631,116.83349
1.809,114.90981,116.83682
1.8091,114.9133,116.84016
1.8092,114.91679,116.8435
1.8092999,114.92028,116.84683
1.8094,114.92377,116.85017
1.8095,114.92726,116.85349
1.8096,114.93076,116.85683
1.8097,114.93424,116.86016
1.8098,114.93774,116.86349
1.8099,114.94122,116.86682
1.8099999,114.94471,116.87016
1.8101,114.9482,116.87348
1.8102,114.95168,116.87681
1.8103,114.95518,116.88014
1.8104,114.95866,116.88347
1.8105,114.96214,116.8868
1.8106,114.96563,116.89012
1.8107001,114.96912,116.89345
1.8108,114.9726,116.89677
1.8109,114.97608,116.9001
1.811,114.97957,116.90343
1.8111,114.98306,116.90675
1.8112,114.98653,116.91007
1.8113,114.99002,116.9134
1.8114001,114.9935,116.91673
1.8115,114.99698,116.92004
1.8116,115.00046,116.92337
1.8117,115.00394,116.92669
1.8118,115.00742,116.93001
1.8119,115.0109,116.93333
1.812,115.01438,116.93665
1.8121001,115.01786,116.93997
1.8122,115.02133,116.94329
1.8123,115.02481,116.94661
1.8124,115.02829,116.94993
1.8125,115.03177,116.95325
1.8126,115.03524,116.95656
1.8127,115.03872,116.95988
1.8128,115.04219,116.9632
1.8128999,115.04567,116.96651
1.813,115.04914,116.96983
1.8131,115.05261,116.97314
1.8132,115.05608,116.97646
1.8133,115.05956,116.97977
1.8134,115.06303,116.98308
1.8135,115.06651,116.98639
1.8135999,115.06998,116.9897
1.8137,115.07345,116.99301
1.8138,115.07691,116.99632
1.8139,115.08038,116.99963
1.814,115.08385,117.00294
1.8141,115.08733,117.00626
1.8142,115.09079,117.00957
1.8142999,115.09426,117.01287
1.8144,115.09772,117.01618
1.8145,115.1012,117.01949
1.8146,115.10466,117.0228
1.8147,115.10812,117.0261
1.8148,115.11159,117.0294
1.8149,115.11505,117.03271
1.8150001,115.11852,117.03602
1.8151,115.12199,117.03932
1.8152,115.12545,117.04263
1.8153,115.12891,117.04593
1.8154,115.13237,117.04923
1.8155,115.13583,117.05254
1.8156,115.1393,117.05583
1.8157001,115.14275,117.05914
1.8158,115.14622,117.06244
1.8159,115.14967,117.06573
1.816,115.15314,117.06904
1.8161,115.15659,117.07233
1.8162,115.16006,117.07564
1.8163,115.16351,117.07893
1.8164001,115.16697,117.08223
1.8164999,115.17043,117.08553
1.8166,115.17388,117.08882
1.8167,115.17734,117.09212
1.8168,115.18079,117.09541
1.8169,115.18425,117.09871
1.817,115.18771,117.10201
1.8171,115.19116,117.1053
1.8171999,115.19461,117.1086
1.8173,115.19807,117.11189
1.8174,115.20152,117.11518
1.8175,115.20497,117.11847
1.8176,115.20842,117.12177
1.8177,115.21188,117.12505
1.8178,115.21532,117.12834
1.8178999,115.21877,117.13164
1.818,115.22222,117.13493
1.8181,115.22568,117.13821
1.8182,115.22913,117.1415
1.8183,115.23257,117.14479
1.8184,115.23602,117.14808
1.8185,115.23946,117.15137
1.8186001,115.24291,117.15465
1.8187,115.24636,117.15794
1.8188,115.24981,117.16122
1.8189,115.25325,117.16451
1.819,115.2567,117.16779
1.8191,115.26014,117.17107
1.8192,115.26359,117.17435
1.8193001,115.26703,117.17764
1.8194,115.27047,117.18092
1.8195,115.27392,117.1842
1.8196,115.27736,117.18748
1.8197,115.2808,117.19077
1.8198,115.28424,117.19405
1.8199,115.28768,117.19733
1.8200001,115.29112,117.20061
1.8200999,115.29456,117.20389
1.8202,115.298,117.20716
1.8203,115.30144,117.21044
1.8204,115.30488,117.21372
1.8205,115.30831,117.217
1.8206,115.31175,117.22028
1.8207,115.31519,117.22355
1.8207999,115.31863,117.22682
1.8209,115.32206,117.23009
1.821,115.32549,117.23338
1.8211,115.32893,117.23665
1.8212,115.33237,117.23992
1.8213,115.3358,117.24319
1.8214,115.33923,117.24646
1.8214999,115.34267,117.24973
1.8216,115.3461,117.25301
1.8217,115.34953,117.25628
1.8218,115.35296,117.25954
1.8219,115.35639,117.26282
1.822,115.35983,117.26608
1.8221,115.36325,117.26936
1.8221999,115.36668,117.27262
1.8223,115.37011,117.27589
1.8224,115.37354,117.27916
1.8225,115.37697,117.28242
1.8226,115.38039,117.28569
1.8227,115.38382,117.28896
1.8228,115.38725,117.29222
1.8229001,115.39068,117.29549
1.823,115.3941,117.29875
1.8231,115.39753,117.30201
1.8232,115.40096,117.30527
1.8233,115.40437,117.30854
1.8234,115.4078,117.3118
1.8235,115.41122,117.31506
1.8236001,115.41464,117.31832
1.8237,115.41807,117.32158
1.8238,115.42149,117.32484
1.8239,115.42491,117.3281
1.824,115.42833,117.33136
1.8241,115.43176,117.33462
1.8242,115.43517,117.33788
1.8243001,115.43859,117.34113
1.8243999,115.44201,117.34439
1.8245,115.44543,117.34765
1.8246,115.44884,117.35091
1.8247,115.45226,117.35416
1.8248,115.45568,117.35741
1.8249,115.4591,117.36066
1.825,115.46252,117.36392
1.8250999,115.46593,117.36717
1.8252,115.46935,117.37043
1.8253,115.47276,117.37368
1.8254,115.47617,117.37693
1.8255,115.47958,117.38018
1.8256,115.483,117.38343
1.8257,115.48641,117.38668
1.8257999,115.48982,117.38993
1.8259,115.49323,117.39318
1.826,115.49665,117.39643
1.8261,115.50006,117.39968
1.8262,115.50347,117.40292
1.8263,115.50688,117.40617
1.8264,115.51028,117.40942
1.8265001,115.51369,117.41267
1.8266,115.51711,117.41591
1.8267,115.52052,117.41916
1.8268,115.52392,117.4224
1.8269,115.52733,117.42564
1.827,115.53073,117.42889
1.8271,115.53414,117.43213
1.8272001,115.53754,117.43537
1.8273,115.54095,117.43861
1.8274,115.54435,117.44186
1.8275,115.54776,117.4451
1.8276,115.55116,117.44834
1.8277,115.55457,117.45158
1.8278,115.55797,117.45482
1.8279001,115.56137,117.45806
1.8279999,115.56477,117.4613
1.8281,115.56817,117.46454
1.8282,115.57157,117.46777
1.8283,115.57497,117.47101
1.8284,115.57837,117.47424
1.8285,115.58177,117.47748
1.8286,115.58517,117.48072
1.8286999,115.58857,117.48396
1.8288,115.59196,117.48718
1.8289,115.59536,117.49042
1.829,115.59875,117.49365
1.8291,115.60216,117.49689
1.8292,115.60555,117.50011
1.8293,115.60895,117.50335
1.8293999,115.61234,117.50658
1.8295,115.61573,117.50981
1.8296,115.61913,117.51304
1.8297,115.62252,117.51627
1.8298,115.62592,117.5195
1.8299,115.6293,117.52273
1.83,115.6327,117.52596
1.8301001,115.63609,117.52918
1.8302,115.63948,117.53241
1.8303,115.64287,117.53564
1.8304,115.64626,117.53886
1.8305,115.64965,117.54209
1.8306,115.65304,117.54532
1.8307,115.65643,117.54854
1.8308001,115.65981,117.55177
1.8309,115.6632,117.55499
1.831,115.66659,117.55821
1.8311,115.66998,117.56143
1.8312,115.67336,117.56466
1.8313,115.67675,117.56788
1.8314,115.68013,117.5711
1.8315001,115.68352,117.57432
1.8316,115.6869,117.57754
1.8317,115.69028,117.58076
1.8318,115.69366,117.58398
1.8319,115.69705,117.5872
1.832,115.70043,117.59042
1.8321,115.70381,117.59364
1.8322001,115.70719,117.59685
1.8322999,115.71058,117.60007
1.8324,115.71396,117.60328
1.8325,115.71734,117.6065
1.8326,115.72072,117.60971
1.8327,115.72409,117.61292
1.8328,115.72747,117.61614
1.8329,115.73085,117.61935
1.8329999,115.73423,117.62257
1.8331,115.7376,117.62578
1.8332,115.74098,117.62899
1.8333,115.74435,117.6322
1.8334,115.74773,117.63541
1.8335,115.75111,117.63863
1.8336,115.75448,117.64183
1.8336999,115.75785,117.64504
1.8338,115.76123,117.64825
1.8339,115.7646,117.65146
1.834,115.76797,117.65466
1.8341,115.77135,117.65788
1.8342,115.77472,117.66108
1.8343,115.77808,117.66428
1.8344001,115.78146,117.6675
1.8345,115.78483,117.6707
1.8346,115.7882,117.6739
1.8347,115.79156,117.67711
1.8348,115.79494,117.68031
1.8349,115.7983,117.68351
1.835,115.80167,117.68671
1.8351001,115.80504,117.68992
1.8352,115.8084,117.69312
1.8353,115.81177,117.69632
1.8354,115.81514,117.69952
1.8355,115.8185,117.70272
1.8356,115.82187,117.70592
1.8357,115.82523,117.70912
1.8358001,115.82859,117.71232
1.8358999,115.83195,117.71552
1.836,115.83532,117.71871
1.8361,115.83868,117.72191
1.8362,115.84204,117.72511
1.8363,115.84541,117.7283
1.8364,115.84876,117.7315
1.8365,115.85213,117.7347
1.8365999,115.85548,117.73788
1.8367,115.85885,117.74108
1.8368,115.86221,117.74428
1.8369,115.86556,117.74747
1.837,115.86892,117.75066
1.8371,115.87228,117.75385
1.8372,115.87563,117.75704
1.8372999,115.87899,117.76023
1.8374,115.88235,117.76343
1.8375,115.8857,117.76662
1.8376,115.88906,117.76981
1.8377,115.89241,117.77299
1.8378,115.89577,117.77618
1.8379,115.89912,117.77937
1.8380001,115.90247,117.78255
1.8381,115.90582,117.78574
1.8382,115.90918,117.78893
1.8383,115.91253,117.79211
1.8384,115.91588,117.7953
1.8385,115.91923,117.79848
1.8386,115.92258,117.80167
1.8387001,115.92593,117.80486
1.8388,115.92928,117.80804
1.8389,115.93263,117.81122
1.839,115.93597,117.8144
1.8391,115.93932,117.81758
1.8392,115.94267,117.82076
1.8393,115.94602,117.82394
1.8394001,115.94936,117.82713
1.8395,115.95271,117.83031
1.8396,115.95605,117.83348
1.8397,115.9594,117.83666
1.8398,115.96275,117.83984
1.8399,115.96609,117.84302
1.84,115.96943,117.84619
1.8401,115.97278,117.84937
1.8401999,115.97612,117.85255
1.8403,115.97946,117.85572
1.8404,115.9828,117.85889
1.8405,115.98615,117.86207
1.8406,115.98948,117.86524
1.8407,115.99282,117.86842
1.8408,115.99616,117.87159
1.8408999,115.9995,117.87476
1.841,116.00284,117.87794
1.8411,116.00618,117.8811
1.8412,116.00951,117.88428
1.8413,116.01285,117.88745
1.8414,116.01619,117.89062
1.8415,116.01952,117.89378
1.8415999,116.02286,117.89696
1.8417,116.02619,117.90012
1.8418,116.02953,117.90329
1.8419,116.03286,117.90646
1.842,116.03619,117.90962
1.8421,116.03953,117.91279
1.8422,116.04286,117.91595
1.8423001,116.0462,117.91912
1.8424,116.04953,117.92229
1.8425,116.05286,117.92545
1.8426,116.05619,117.92861
1.8427,116.05952,117.93178
1.8428,116.06285,117.93494
1.8429,116.06618,117.9381
1.8430001,116.0695,117.94126
1.8431,116.07284,117.94443
1.8432,116.07616,117.94759
1.8433,116.07949,117.95074
1.8434,116.08282,117.9539
1.8435,116.08614,117.95706
1.8436,116.08947,117.96022
1.8437001,116.0928,117.96338
1.8437999,116.09612,117.96654
1.8439,116.09944,117.9697
1.844,116.10277,117.97285
1.8441,116.10609,117.97601
1.8442,116.10941,117.97916
1.8443,116.11274,117.98232
1.8444,116.11606,117.98547
1.8444999,116.11938,117.98862
1.8446,116.1227,117.99178
1.8447,116.12602,117.99493
1.8448,116.12934,117.99809
1.8449,116.13266,118.00124
1.845,116.13598,118.00439
1.8451,116.1393,118.00754
1.8451999,116.14262,118.01069
1.8453,116.14594,118.01384
1.8454,116.14925,118.01699
1.8455,116.15257,118.02014
1.8456,116.15588,118.02328
1.8457,116.1592,118.02644
1.8458,116.16251,118.02958
1.8459001,116.16583,118.03273
1.846,116.16914,118.03587
1.8461,116.17246,118.03902
1.8462,116.17577,118.04217
1.8463,116.17908,118.04531
1.8464,116.1824,118.04845
1.8465,116.18571,118.0516
1.8466001,116.18902,118.05474
1.8467,116.19233,118.05788
1.8468,116.19564,118.06103
1.8469,116.19895,118.06417
1.847,116.20226,118.06731
1.8471,116.20557,118.07045
1.8472,116.20888,118.07359
1.8473001,116.21219,118.07673
1.8474,116.21549,118.07986
1.8475,116.2188,118.08301
1.8476,116.22211,118.08614
1.8477,116.22541,118.08928
1.8478,116.22872,118.09241
1.8479,116.23203,118.09556
1.848,116.23533,118.09869
1.8480999,116.23863,118.10183
1.8482,116.24194,118.10496
1.8483,116.24524,118.10809
1.8484,116.24854,118.11123
1.8485,116.25185,118.11436
1.8486,116.25514,118.11749
1.8487,116.25845,118.12063
1.8487999,116.26175,118.12376
1.8489,116.26505,118.12689
1.849,116.26835,118.13002
1.8491,116.27164,118.13316
1.8492,116.27494,118.13628
1.8493,116.27824,118.13941
1.8494,116.28154,118.14254
1.8494999,116.28484,118.14567
1.8496,116.28813,118.1488
1.8497,116.29143,118.15192
1.8498,116.29472,118.15505
1.8499,116.29802,118.15817
1.85,116.30132,118.1613
1.8501,116.30461,118.16443
1.8502001,116.30791,118.16755
1.8503,116.3112,118.17068
1.8504,116.31449,118.1738
1.8505,116.31778,118.17693
1.8506,116.32108,118.18005
1.8507,116.32436,118.18317
1.8508,116.32766,118.18629
1.8509001,116.33095,118.18941
1.851,116.33424,118.19253
1.8511,116.33752,118.19565
1.8512,116.34081,118.19877
1.8513,116.3441,118.20189
1.8514,116.34739,118.20501
1.8515,116.35068,118.20812
1.8516001,116.35397,118.21124
1.8516999,116.35725,118.21436
1.8518,116.36054,118.21748
1.8519,116.36382,118.22059
1.852,116.36711,118.22371
1.8521,116.37039,118.22682
1.8522,116.37368,118.22993
1.8523,116.37696,118.23305
1.8523999,116.38025,118.23616
1.8525,116.38353,118.23927
1.8526,116.38681,118.24239
1.8527,116.39009,118.2455
1.8528,116.39337,118.24861
1.8529,116.39665,118.25172
1.853,116.39993,118.25484
1.8530999,116.40321,118.25794
1.8532,116.40649,118.26105
1.8533,116.40977,118.26416
1.8534,116.41305,118.26727
1.8535,116.41633,118.27038
1.8536,116.41961,118.27348
1.8537,116.42288,118.27659
1.8538001,116.42616,118.27969
1.8539,116.42944,118.28281
1.854,116.43271,118.2859
1.8541,116.43598,118.28901
1.8542,116.43926,118.29211
1.8543,116.44254,118.29522
1.8544,116.44581,118.29832
1.8545001,116.44908,118.30142
1.8546,116.45235,118.30453
1.8547,116.45562,118.30763
1.8548,116.45889,118.31073
1.8549,116.46217,118.31383
1.855,116.46544,118.31693
1.8551,116.4687,118.32003
1.8552001,116.47198,118.32313
1.8552999,116.47524,118.32623
1.8554,116.47852,118.32932
1.8555,116.48178,118.33242
1.8556,116.48505,118.33552
1.8557,116.48832,118.33862
1.8558,116.49158,118.34171
1.8559,116.49485,118.34481
1.8559999,116.49812,118.3479
1.8561,116.50138,118.351
1.8562,116.50465,118.35409
1.8563,116.50791,118.35719
1.8564,116.51117,118.36028
1.8565,116.51443,118.36337
1.8566,116.5177,118.36646
1.8566999,116.52096,118.36955
1.8568,116.52422,118.37264
1.8569,116.52748,118.37573
1.857,116.53075,118.37882
1.8571,116.534,118.38191
1.8572,116.53726,118.385
1.8573,116.54053,118.38809
1.8573999,116.54379,118.39117
1.8575,116.54704,118.39426
1.8576,116.5503,118.39735
1.8577,116.55356,118.40044
1.8578,116.55682,118.40352
1.8579,116.56007,118.40661
1.858,116.56332,118.40969
1.8581001,116.56658,118.41277
1.8582,116.56984,118.41586
1.8583,116.57309,118.41895
1.8584,116.57635,118.42203
1.8585,116.5796,118.42511
1.8586,116.58285,118.42818
1.8587,116.58611,118.43127
1.8588001,116.58936,118.43435
1.8589,116.59261,118.43743
1.859,116.59586,118.44051
1.8591,116.59911,118.44359
1.8592,116.60236,118.44666
1.8593,116.60561,118.44975
1.8594,116.60886,118.45282
1.8595001,116.61211,118.45589
1.8595999,116.61536,118.45898
1.8597,116.6186,118.46205
1.8598,116.62185,118.46513
1.8599,116.62509,118.4682
1.86,116.62834,118.47128
1.8601,116.63158,118.47435
1.8602,116.63483,118.47742
1.8602999,116.63808,118.48049
1.8604,116.64132,118.48357
1.8605,116.64456,118.48664
1.8606,116.64781,118.48971
1.8607,116.65105,118.49278
1.8608,116.6543,118.49585
1.8609,116.65753,118.49892
1.8609999,116.66077,118.50199
1.8611,116.66402,118.50506
1.8612,116.66726,118.50813
1.8613,116.67049,118.51119
1.8614,116.67374,118.51426
1.8615,116.67698,118.51733
1.8616,116.68021,118.52039
1.8617001,116.68345,118.52346
1.8618,116.68669,118.52653
1.8619,116.68993,118.52959
1.862,116.69316,118.53265
1.8621,116.6964,118.53571
1.8622,116.69963,118.53878
1.8623,116.70287,118.54184
1.8624001,116.7061,118.54491
1.8625,116.70934,118.54797
1.8626,116.71257,118.55103
1.8627,116.71581,118.55408
1.8628,116.71904,118.55714
1.8629,116.72227,118.5602
1.863,116.7255,118.56326
1.8631001,116.72873,118.56632
1.8631999,116.73196,118.56938
1.8633,116.73519,118.57244
1.8634,116.73842,118.57549
1.8635,116.74165,118.57855
1.8636,116.74488,118.5816
1.8637,116.74811,118.58466
1.8638,116.75134,118.58772
1.8638999,116.75456,118.59077
1.864,116.75779,118.59383
1.8641,116.76102,118.59688
1.8642,116.76424,118.59993
1.8643,116.76746,118.60298
1.8644,116.77069,118.60603
1.8645,116.77392,118.60909
1.8645999,116.77714,118.61214
1.8647,116.78036,118.61519
1.8648,116.78358,118.61823
1.8649,116.78681,118.62128
1.865,116.79003,118.62434
1.8651,116.79325,118.62738
1.8652,116.79647,118.63043
1.8653001,116.79969,118.63348
1.8654,116.80291,118.63652
1.8655,116.80613,118.63956
1.8656,116.80935,118.64262
1.8657,116.81257,118.64566
1.8658,116.81579,118.6487
1.8659,116.81901,118.65175
1.8660001,116.82222,118.65479
1.8661,116.82544,118.65784
1.8662,116.82865,118.66087
1.8663,116.83187,118.66392
1.8664,116.83508,118.66696
1.8665,116.8383,118.67
1.8666,116.84151,118.67304
1.8667001,116.84473,118.67608
1.8668,116.84794,118.67912
1.8669,116.85115,118.68216
1.867,116.85436,118.6852
1.8671,116.85757,118.68823
1.8672,116.86079,118.69127
1.8673,116.864,118.69431
1.8674001,116.86721,118.69734
1.8674999,116.87041,118.70038
1.8676,116.87363,118.70341
1.8677,116.87684,118.70645
1.8678,116.88004,118.70948
1.8679,116.88326,118.71252
1.868,116.88646,118.71555
1.8681,116.88966,118.71858
1.8681999,116.89288,118.72162
1.8683,116.89608,118.72465
1.8684,116.89928,118.72768
1.8685,116.90249,118.73071
1.8686,116.90569,118.73374
1.8687,116.9089,118.73677
1.8688,116.9121,118.7398
1.8688999,116.91531,118.74283
1.869,116.9185,118.74585
1.8691,116.92171,118.74888
1.8692,116.92491,118.75191
1.8693,116.92811,118.75494
1.8694,116.93131,118.75796
1.8695,116.93451,118.76099
1.8696001,116.93771,118.76401
1.8697,116.94091,118.76704
1.8698,116.94411,118.77006
1.8699,116.9473,118.77308
1.87,116.9505,118.77611
1.8701,116.9537,118.77913
1.8702,116.95689,118.78215
1.8703001,116.96009,118.78517
1.8704,116.96329,118.78819
1.8705,116.96648,118.79121
1.8706,116.96967,118.79423
1.8707,116.97287,118.79725
1.8708,116.97607,118.80027
1.8709,116.97926,118.80328
1.8710001,116.98245,118.8063
1.8710999,116.98564,118.80932
1.8712,116.98883,118.81234
1.8713,116.99203,118.81535
1.8714,116.99522,118.81837
1.8715,116.99841,118.82139
1.8716,117.00159,118.8244
1.8717,117.00478,118.82742
1.8717999,117.00797,118.83043
1.8719,117.01116,118.83344
1.872,117.01435,118.83646
1.8721,117.01754,118.83946
1.8722,117.02072,118.84248
1.8723,117.02391,118.84549
1.8724,117.0271,118.8485
1.8724999,117.03028,118.85151
1.8726,117.03346,118.85452
1.8727,117.03665,118.85753
1.8728,117.03983,118.86053
1.8729,117.04301,118.86354
1.873,117.0462,118.86655
1.8731,117.04939,118.86956
1.8732001,117.05257,118.87257
1.8733,117.05575,118.87557
1.8734,117.05893,118.87858
1.8735,117.06211,118.88158
1.8736,117.06528,118.88458
1.8737,117.06847,118.88759
1.8738,117.07165,118.89059
1.8739001,117.07482,118.89359
1.874,117.078,118.8966
1.8741,117.08118,118.8996
1.8742,117.08436,118.9026
1.8743,117.08753,118.9056
1.8744,117.09071,118.9086
1.8745,117.09389,118.9116
1.8746001,117.09706,118.9146
1.8747,117.10023,118.91759
1.8748,117.10341,118.92059
1.8749,117.10658,118.92359
1.875,117.10976,118.92659
1.8751,117.11293,118.92959
1.8752,117.1161,118.93258
1.8753,117.11927,118.93558
1.8753999,117.12244,118.93858
1.8755,117.12562,118.94157
1.8756,117.12878,118.94456
1.8757,117.13196,118.94756
1.8758,117.13512,118.95055
1.8759,117.13829,118.95354
1.876,117.14146,118.95654
1.8760999,117.14463,118.95953
1.8762,117.1478,118.96252
1.8763,117.15096,118.96551
1.8764,117.15413,118.9685
1.8765,117.1573,118.97148
1.8766,117.16046,118.97447
1.8767,117.16363,118.97746
1.8767999,117.16679,118.98045
1.8769,117.16995,118.98344
1.877,117.17312,118.98642
1.8771,117.17628,118.98941
1.8772,117.17944,118.99239
1.8773,117.1826,118.99538
1.8774,117.18577,118.99837
1.8775001,117.18893,119.00135
1.8776,117.19209,119.00433
1.8777,117.19524,119.00732
1.8778,117.19841,119.0103
1.8779,117.20157,119.01328
1.878,117.20473,119.01627
1.8781,117.20789,119.01924
1.8782001,117.21104,119.02222
1.8783,117.2142,119.02521
1.8784,117.21735,119.02818
1.8785,117.22051,119.03117
1.8786,117.22366,119.03414
1.8787,117.22682,119.03712
1.8788,117.22997,119.0401
1.8789001,117.23313,119.04308
1.8789999,117.23628,119.04605
1.8791,117.23943,119.04903
1.8792,117.24259,119.052
1.8793,117.24574,119.05498
1.8794,117.24889,119.05795
1.8795,117.25204,119.06093
1.8796,117.2552,119.0639
1.8796999,117.25835,119.06687
1.8798,117.2615,119.06985
1.8799,117.26464,119.07281
1.88,117.26779,119.07579
1.8801,117.27094,119.07876
1.8802,117.27409,119.08173
1.8803,117.27724,119.08469
1.8803999,117.28038,119.08767
1.8805,117.28353,119.09064
1.8806,117.28667,119.09361
1.8807,117.28982,119.09657
1.8808,117.29297,119.09954
1.8809,117.29611,119.10251
1.881,117.29926,119.10547
1.8811001,117.3024,119.10844
1.8812,117.30554,119.1114
1.8813,117.30869,119.11436
1.8814,117.31182,119.11733
1.8815,117.31496,119.12029
1.8816,117.31811,119.12326
1.8817,117.32125,119.12622
1.8818001,117.32439,119.12918
1.8819,117.32753,119.13214
1.882,117.33067,119.1351
1.8821,117.3338,119.13807
1.8822,117.33694,119.14102
1.8823,117.34008,119.14398
1.8824,117.34322,119.14694
1.8825001,117.34635,119.1499
1.8825999,117.34949,119.15286
1.8827,117.35262,119.15582
1.8828,117.35576,119.15878
1.8829,117.35889,119.16173
1.883,117.36203,119.16469
1.8831,117.36517,119.16764
1.8832,117.36829,119.17059
1.8832999,117.37143,119.17355
1.8834,117.37456,119.17651
1.8835,117.37769,119.17946
1.8836,117.38082,119.18241
1.8837,117.38396,119.18536
1.8838,117.38708,119.18832
1.8839,117.39021,119.19127
1.8839999,117.39334,119.19421
1.8841,117.39647,119.19717
1.8842,117.3996,119.20012
1.8843,117.40273,119.20306
1.8844,117.40585,119.20602
1.8845,117.40898,119.20896
1.8846,117.41211,119.21191
1.8846999,117.41524,119.21486
1.8848,117.41836,119.2178
1.8849,117.42149,119.22075
1.885,117.42461,119.22369
1.8851,117.42773,119.22664
1.8852,117.43085,119.22958
1.8853,117.43398,119.23253
1.8854001,117.4371,119.23547
1.8855,117.44022,119.23842
1.8856,117.44334,119.24136
1.8857,117.44646,119.2443
1.8858,117.44958,119.24725
1.8859,117.45271,119.25018
1.886,117.45583,119.25312
1.8861001,117.45895,119.25607
1.8862,117.46207,119.259
1.8863,117.46518,119.26194
1.8864,117.4683,119.26488
1.8865,117.47142,119.26781
1.8866,117.47453,119.27075
1.8867,117.47765,119.27369
1.8868001,117.48077,119.27663
1.8868999,117.48388,119.27956
1.887,117.487,119.2825
1.8871,117.49011,119.28543
1.8872,117.49323,119.28837
1.8873,117.49634,119.29131
1.8874,117.49945,119.29424
1.8875,117.50256,119.29716
1.8875999,117.50568,119.3001
1.8877,117.50878,119.30303
1.8878,117.51189,119.30596
1.8879,117.51501,119.30889
1.888,117.51811,119.31182
1.8881,117.52122,119.31475
1.8882,117.52433,119.31768
1.8882999,117.52744,119.32061
1.8884,117.53055,119.32354
1.8885,117.53365,119.32647
1.8886,117.53677,119.32939
1.8887,117.53987,119.33232
1.8888,117.54298,119.33524
1.8889,117.54608,119.33817
1.8890001,117.54919,119.34109
1.8891,117.55229,119.34402
1.8892,117.5554,119.34695
1.8893,117.55849,119.34987
1.8894,117.5616,119.35279
1.8895,117.5647,119.35571
1.8896,117.5678,119.35863
1.8897001,117.57091,119.36156
1.8898,117.57401,119.36448
1.8899,117.57711,119.3674
1.89,117.58021,119.37032
1.8901,117.58331,119.37324
1.8902,117.58641,119.37615
1.8903,117.58951,119.37907
1.8904001,117.59261,119.38199
1.8904999,117.5957,119.38491
1.8906,117.5988,119.38783
1.8907,117.6019,119.39074
1.8908,117.60499,119.39365
1.8909,117.60809,119.39658
1.891,117.61118,119.39949
1.8911,117.61427,119.4024
1.8911999,117.61737,119.40531
1.8913,117.62047,119.40823
1.8914,117.62356,119.41114
1.8915,117.62665,119.41405
1.8916,117.62975,119.41696
1.8917,117.63284,119.41988
1.8918,117.63593,119.42278
1.8918999,117.63902,119.4257
1.892,117.64211,119.4286
1.8921,117.6452,119.43151
1.8922,117.64828,119.43443
1.8923,117.65137,119.43733
1.8924,117.65446,119.44024
1.8925,117.65755,119.44315
1.8926001,117.66064,119.44605
1.8927,117.66373,119.44896
1.8928,117.66681,119.45187
1.8929,117.6699,119.45477
1.893,117.67298,119.45767
1.8931,117.67607,119.46058
1.8932,117.67915,119.46348
1.8933001,117.68224,119.46638
1.8934,117.68532,119.46928
1.8935,117.6884,119.47218
1.8936,117.69148,119.47509
1.8937,117.69456,119.47799
1.8938,117.69765,119.48089
1.8939,117.70073,119.48379
1.8940001,117.70381,119.48669
1.8941,117.70689,119.48959
1.8942,117.70997,119.49249
1.8943,117.71305,119.49538
1.8944,117.71613,119.49828
1.8945,117.71921,119.50117
1.8946,117.72228,119.50407
1.8947001,117.72536,119.50697
1.8947999,117.72844,119.50986
1.8949,117.73151,119.51276
1.895,117.73459,119.51565
1.8951,117.73766,119.51855
1.8952,117.74074,119.52144
1.8953,117.74381,119.52433
1.8954,117.74689,119.52722
1.8954999,117.74996,119.53011
1.8956,117.75303,119.533
1.8957,117.7561,119.5359
1.8958,117.75918,119.53879
1.8959,117.76225,119.54167
1.896,117.76532,119.54456
1.8961,117.76839,119.54745
1.8961999,117.77145,119.55034
1.8963,117.77453,119.55322
1.8964,117.7776,119.55611
1.8965,117.78066,119.559
1.8966,117.78373,119.56188
1.8967,117.7868,119.56477
1.8968,117.78986,119.56766
1.8969001,117.79293,119.57054
1.897,117.796,119.57343
1.8971,117.79906,119.57631
1.8972,117.80213,119.57919
1.8973,117.80519,119.58207
1.8974,117.80826,119.58495
1.8975,117.81132,119.58784
1.8976001,117.81438,119.59071
1.8977,117.81744,119.5936
1.8978,117.82051,119.59647
1.8979,117.82357,119.59935
1.898,117.82663,119.60223
1.8981,117.82969,119.60511
1.8982,117.83275,119.60799
1.8983001,117.83581,119.61086
1.8983999,117.83887,119.61374
1.8985,117.84193,119.61662
1.8986,117.84499,119.61949
1.8987,117.84805,119.62237
1.8988,117.8511,119.62524
1.8989,117.85416,119.62811
1.899,117.85722,119.63099
1.8990999,117.86027,119.63387
1.8992,117.86333,119.63673
1.8993,117.86638,119.63961
1.8994,117.86943,119.64248
1.8995,117.87249,119.64535
1.8996,117.87554,119.64822
1.8997,117.87859,119.65109
1.8997999,117.88165,119.65396
1.8999,117.8847,119.65683
1.9,117.88775,119.6597
1.9001,117.8908,119.66256
1.9002,117.89385,119.66543
1.9003,117.8969,119.6683
1.9004,117.89995,119.67117
1.9005001,117.903,119.67403
1.9006,117.90604,119.6769
1.9007,117.9091,119.67976
1.9008,117.91214,119.68262
1.9009,117.91518,119.68549
1.901,117.91824,119.68835
1.9011,117.92128,119.69122
1.9012001,117.92432,119.69408
1.9013,117.92737,119.69694
1.9014,117.93041,119.6998
1.9015,117.93346,119.70266
1.9016,117.9365,119.70552
1.9017,117.93954,119.70837
1.9018,117.94259,119.71124
1.9019001,117.94563,119.7141
1.902,117.94867,119.71695
1.9021,117.95171,119.71981
1.9022,117.95475,119.72266
1.9023,117.95779,119.72552
1.9024,117.96083,119.72838
1.9025,117.96387,119.73123
1.9026,117.96691,119.73409
1.9026999,117.96995,119.73695
1.9028,117.97298,119.7398
1.9029,117.97602,119.74265
1.903,117.97906,119.74551
1.9031,117.98209,119.74836
1.9032,117.98513,119.75121
1.9033,117.98817,119.75406
1.9033999,117.9912,119.75691
1.9035,117.99423,119.75976
1.9036,117.99727,119.76261
1.9037,118.0003,119.76546
1.9038,118.00333,119.76831
1.9039,118.00636,119.77116
1.904,118.0094,119.774
1.9040999,118.01243,119.77685
1.9042,118.01546,119.7797
1.9043,118.01849,119.78255
1.9044,118.02152,119.78539
1.9045,118.02455,119.78824
1.9046,118.02758,119.79108
1.9047,118.03061,119.79392
1.9048001,118.03363,119.79677
1.9049,118.03666,119.79961
1.905,118.03969,119.80245
1.9051,118.04272,119.8053
1.9052,118.04574,119.80814
1.9053,118.04877,119.81097
1.9054,118.05179,119.81382
1.9055001,118.05482,119.81666
1.9056,118.05784,119.8195
1.9057,118.06086,119.82233
1.9058,118.06389,119.82517
1.9059,118.06691,119.82801
1.906,118.06993,119.83085
1.9061,118.07295,119.83369
1.9062001,118.07597,119.83652
1.9062999,118.07899,119.83936
1.9064,118.08202,119.84219
1.9065,118.08503,119.84503
1.9066,118.08805,119.84786
1.9067,118.09107,119.8507
1.9068,118.09409,119.85353
1.9069,118.09711,119.85636
1.9069999,118.10012,119.85919
1.9071,118.10314,119.86203
1.9072,118.10616,119.86486
1.9073,118.10917,119.86769
1.9074,118.11218,119.87052
1.9075,118.1152,119.87334
1.9076,118.11822,119.87617
1.9076999,118.12123,119.87901
1.9078,118.12424,119.88184
1.9079,118.12725,119.88466
1.908,118.13026,119.88749
1.9081,118.13328,119.89031
1.9082,118.13629,119.89314
1.9083,118.1393,119.89597
1.9084001,118.14231,119.89879
1.9085,118.14532,119.90162
1.9086,118.14833,119.90444
1.9087,118.15134,119.90726
1.9088,118.15435,119.91009
1.9089,118.15736,119.91291
1.909,118.16036,119.91573
1.9091001,118.16337,119.91856
1.9092,118.16637,119.92137
1.9093,118.16938,119.92419
1.9094,118.17239,119.92702
1.9095,118.17539,119.92983
1.9096,118.1784,119.93266
1.9097,118.1814,119.93547
1.9098001,118.1844,119.93829
1.9099,118.18741,119.94111
1.91,118.19041,119.94392
1.9101,118.19341,119.94674
1.9102,118.19641,119.94955
1.9103,118.19941,119.95237
1.9104,118.20242,119.95518
1.9105,118.20541,119.958
1.9105999,118.20841,119.96082
1.9107,118.21141,119.96362
1.9108,118.21441,119.96644
1.9109,118.21741,119.96925
1.911,118.22041,119.97206
1.9111,118.2234,119.97488
1.9112,118.2264,119.97768
1.9112999,118.22939,119.98049
1.9114,118.23239,119.9833
1.9115,118.23539,119.98611
1.9116,118.23838,119.98892
1.9117,118.24138,119.99173
1.9118,118.24437,119.99454
1.9119,118.24736,119.99734
1.9119999,118.25036,120.00015
1.9121,118.25335,120.00295
1.9122,118.25634,120.00576
1.9123,118.25933,120.00857
1.9124,118.26232,120.01137
1.9125,118.26531,120.01418
1.9126,118.2683,120.01698
1.9127001,118.27129,120.01978
1.9128,118.27428,120.02258
1.9129,118.27727,120.02538
1.913,118.28026,120.02818
1.9131,118.28324,120.03098
1.9132,118.28623,120.03379
1.9133,118.28922,120.03659
1.9134001,118.2922,120.03938
1.9135,118.29519,120.04218
1.9136,118.29817,120.04498
1.9137,118.30116,120.04778
1.9138,118.30414,120.05058
1.9139,118.30712,120.05338
1.914,118.3101,120.05617
1.9141001,118.31309,120.05897
1.9141999,118.31607,120.06176
1.9143,118.31905,120.06456
1.9144,118.32204,120.06735
1.9145,118.32501,120.07014
1.9146,118.328,120.07294
1.9147,118.33097,120.07573
1.9148,118.33395,120.07852
1.9148999,118.33693,120.08131
1.915,118.33991,120.08411
1.9151,118.34289,120.0869
1.9152,118.34586,120.08968
1.9153,118.34884,120.09248
1.9154,118.35181,120.09526
1.9155,118.35479,120.09805
1.9155999,118.35777,120.10084
1.9157,118.36074,120.10363
1.9158,118.36372,120.10641
1.9159,118.36669,120.1092
1.916,118.36966,120.11198
1.9161,118.37263,120.11477
1.9162,118.37561,120.11755
1.9163001,118.37858,120.12034
1.9164,118.38155,120.12312
1.9165,118.38452,120.12591
1.9166,118.38749,120.12869
1.9167,118.39046,120.13147
1.9168,118.39343,120.13425
1.9169,118.3964,120.13704
1.9170001,118.39937,120.13982
1.9171,118.40234,120.1426
1.9172,118.4053,120.14538
1.9173,118.40827,120.14816
1.9174,118.41124,120.15093
1.9175,118.4142,120.15372
1.9176,118.41717,120.15649
1.9177001,118.42014,120.15927
1.9177999,118.4231,120.16205
1.9179,118.42606,120.16482
1.918,118.42902,120.16759
1.9181,118.43198,120.17037
1.9182,118.43495,120.17315
1.9183,118.43791,120.17592
1.9184,118.44087,120.1787
1.9184999,118.44383,120.18147
1.9186,118.44679,120.18424
1.9187,118.44975,120.18701
1.9188,118.45271,120.18978
1.9189,118.45567,120.19255
1.919,118.45863,120.19533
1.9191,118.46159,120.1981
1.9191999,118.46455,120.20087
1.9193,118.46751,120.20364
1.9194,118.47046,120.2064
1.9195,118.47342,120.20917
1.9196,118.47637,120.21194
1.9197,118.47932,120.21471
1.9198,118.48228,120.21747
1.9198999,118.48524,120.22024
1.92,118.48819,120.223
1.9201,118.49114,120.22577
1.9202,118.49409,120.22853
1.9203,118.49705,120.23129
1.9204,118.5,120.23405
1.9205,118.50295,120.23682
1.9206001,118.50591,120.23958
1.9207,118.50885,120.24234
1.9208,118.5118,120.2451
1.9209,118.51475,120.24786
1.921,118.5177,120.25063
1.9211,118.52065,120.25339
1.9212,118.5236,120.25614
1.9213001,118.52654,120.2589
1.9214,118.52949,120.26166
1.9215,118.53244,120.26442
1.9216,118.53539,120.26717
1.9217,118.53833,120.26994
1.9218,118.54128,120.27269
1.9219,118.54422,120.27544
1.9220001,118.54716,120.2782
1.9220999,118.5501,120.28095
1.9222,118.55305,120.28371
1.9223,118.55599,120.28646
1.9224,118.55893,120.28922
1.9225,118.56187,120.29197
1.9226,118.56481,120.29472
1.9227,118.56776,120.29747
1.9227999,118.57069,120.30022
1.9229,118.57363,120.30297
1.923,118.57658,120.30572
1.9231,118.57951,120.30847
1.9232,118.58245,120.31122
1.9233,118.58539,120.31396
1.9234,118.58833,120.31672
1.9234999,118.59126,120.31947
1.9236,118.5942,120.32221
1.9237,118.59713,120.32496
1.9238,118.60007,120.3277
1.9239,118.603,120.33044
1.924,118.60593,120.33319
1.9241,118.60887,120.33594
1.9242001,118.6118,120.33868
1.9243,118.61474,120.34142
1.9244,118.61767,120.34416
1.9245,118.6206,120.34691
1.9246,118.62354,120.34965
1.9247,118.62646,120.35239
1.9248,118.62939,120.35513
1.9249001,118.63232,120.35787
1.925,118.63525,120.36061
1.9251,118.63818,120.36335
1.9252,118.64111,120.36609
1.9253,118.64404,120.36883
1.9254,118.64697,120.37157
1.9255,118.64989,120.3743
1.9256001,118.65282,120.37704
1.9256999,118.65575,120.37978
1.9258,118.65867,120.38251
1.9259,118.66159,120.38525
1.926,118.66452,120.38798
1.9261,118.66744,120.39071
1.9262,118.67036,120.39345
1.9263,118.67329,120.39618
1.9263999,118.67621,120.39891
1.9265,118.67913,120.40164
1.9266,118.68205,120.40437
1.9267,118.68497,120.4071
1.9268,118.6879,120.40984
1.9269,118.69082,120.41257
1.927,118.69373,120.4153
1.9270999,118.69666,120.41802
1.9272,118.69957,120.42075
1.9273,118.70249,120.42348
1.9274,118.70541,120.42621
1.9275,118.70833,120.42893
1.9276,118.71124,120.43166
1.9277,118.71416,120.43439
1.9278001,118.71707,120.43711
1.9279,118.71999,120.43983
1.928,118.7229,120.44256
1.9281,118.72581,120.44528
1.9282,118.72873,120.44801
1.9283,118.73164,120.45073
1.9284,118.73456,120.45345
1.9285001,118.73747,120.45618
1.9286,118.74038,120.45889
1.9287,118.74329,120.46162
1.9288,118.7462,120.46433
1.9289,118.74911,120.46706
1.929,118.75202,120.46977
1.9291,118.75494,120.4725
1.9292001,118.75784,120.47521
1.9293,118.76075,120.47793
1.9294,118.76366,120.48064
1.9295,118.76656,120.48336
1.9296,118.76947,120.48608
1.9297,118.77238,120.48879
1.9298,118.77528,120.49151
1.9299001,118.77819,120.49422
1.9299999,118.7811,120.49693
1.9301,118.784,120.49965
1.9302,118.7869,120.50237
1.9303,118.78981,120.50507
1.9304,118.79271,120.50779
1.9305,118.79562,120.5105
1.9306,118.79852,120.51321
1.9306999,118.80141,120.51592
1.9308,118.80431,120.51863
1.9309,118.80722,120.52134
1.931,118.81012,120.52405
1.9311,118.81302,120.52676
1.9312,118.81592,120.52946
1.9313,118.81882,120.53217
1.9313999,118.82172,120.53487
1.9315,118.82461,120.53758
1.9316,118.82751,120.54029
1.9317,118.83041,120.54299
1.9318,118.8333,120.5457
1.9319,118.8362,120.5484
1.932,118.83909,120.55111
1.9321001,118.84199,120.55381
1.9322,118.84488,120.55651
1.9323,118.84777,120.55921
1.9324,118.85067,120.56192
1.9325,118.85356,120.56462
1.9326,118.85645,120.56732
1.9327,118.85934,120.57001
1.9328001,118.86224,120.57272
1.9329,118.86513,120.57542
1.933,118.86802,120.57812
1.9331,118.8709,120.58081
1.9332,118.87379,120.58351
1.9333,118.87669,120.5862
1.9334,118.87957,120.58891
1.9335001,118.88246,120.5916
1.9335999,118.88535,120.5943
1.9337,118.88824,120.59699
1.9338,118.89112,120.59969
1.9339,118.894,120.60238
1.934,118.8969,120.60507
1.9341,118.89978,120.60777
1.9342,118.90266,120.61046
1.9342999,118.90555,120.61315
1.9344,118.90843,120.61584
1.9345,118.91132,120.61853
1.9346,118.91419,120.62122
1.9347,118.91708,120.62391
1.9348,118.91996,120.6266
1.9349,118.92284,120.62929
1.9349999,118.92572,120.63198
1.9351,118.9286,120.63467
1.9352,118.93148,120.63735
1.9353,118.93436,120.64004
1.9354,118.93724,120.64272
1.9355,118.94012,120.64541
1.9356,118.94299,120.64809
1.9357001,118.94587,120.65078
1.9358,118.94875,120.65347
1.9359,118.95162,120.65615
1.936,118.9545,120.65883
1.9361,118.95737,120.66151
1.9362,118.96025,120.6642
1.9363,118.96312,120.66688
1.9364001,118.966,120.66956
1.9365,118.96887,120.67224
1.9366,118.97174,120.67492
1.9367,118.97462,120.6776
1.9368,118.97749,120.68028
1.9369,118.98035,120.68296
1.937,118.98323,120.68564
1.9371001,118.9861,120.68832
1.9372,118.98897,120.69099
1.9373,118.99184,120.69366
1.9374,118.99471,120.69634
1.9375,118.99757,120.69902
1.9376,119.00044,120.70169
1.9377,119.00331,120.70437
1.9378,119.00618,120.70704
1.9378999,119.00904,120.70972
1.938,119.01191,120.71239
1.9381,119.01478,120.71506
1.9382,119.01764,120.71774
1.9383,119.02051,120.72041
1.9384,119.02337,120.72308
1.9385,119.02623,120.72575
1.9385999,119.0291,120.72842
1.9387,119.03196,120.73109
1.9388,119.03482,120.73375
1.9389,119.03768,120.73642
1.939,119.04054,120.73909
1.9391,119.0434,120.74175
1.9392,119.04626,120.74442
1.9392999,119.04913,120.74709
1.9394,119.05198,120.74976
1.9395,119.05484,120.75242
1.9396,119.0577,120.75508
1.9397,119.06055,120.75775
1.9398,119.06342,120.76041
1.9399,119.06627,120.76308
1.9400001,119.06912,120.76574
1.9401,119.07198,120.7684
1.9402,119.07484,120.77106
1.9403,119.07769,120.77372
1.9404,119.08054,120.77638
1.9405,119.0834,120.77905
1.9406,119.08625,120.7817
1.9407001,119.0891,120.78436
1.9408,119.09196,120.78702
1.9409,119.09481,120.78968
1.941,119.09766,120.79234
1.9411,119.10051,120.79499
1.9412,119.10336,120.79765
1.9413,119.10621,120.80031
1.9414001,119.10906,120.80296
1.9414999,119.11191,120.80562
1.9416,119.11476,120.80827
1.9417,119.11761,120.81092
1.9418,119.12045,120.81358
1.9419,119.1233,120.81623
1.942,119.12614,120.81889
1.9421,119.12899,120.82153
1.9421999,119.13184,120.82419
1.9423,119.13468,120.82684
1.9424,119.13753,120.82948
1.9425,119.14037,120.83214
1.9426,119.14322,120.83479
1.9427,119.14606,120.83743
1.9428,119.1489,120.84008
1.9428999,119.15174,120.84273
1.943,119.15459,120.84538
1.9431,119.15742,120.84802
1.9432,119.16026,120.85067
1.9433,119.16311,120.85332
1.9434,119.16595,120.85596
1.9435,119.16879,120.8586
1.9436001,119.17162,120.86125
1.9437,119.17446,120.86389
1.9438,119.1773,120.86654
1.9439,119.18014,120.86918
1.944,119.18298,120.87183
1.9441,119.18581,120.87447
1.9442,119.18864,120.87711
1.9443001,119.19148,120.87975
1.9444,119.19431,120.88239
1.9445,119.19715,120.88503
1.9446,119.19998,120.88766
1.9447,119.20282,120.8903
1.9448,119.20565,120.89294
1.9449,119.20848,120.89558
1.9450001,119.21131,120.89822
1.9450999,119.21415,120.90085
1.9452,119.21698,120.90349
1.9453,119.21981,120.90612
1.9454,119.22263,120.90876
1.9455,119.22546,120.91139
1.9456,119.22829,120.91402
1.9457,119.23112,120.91666
1.9457999,119.23396,120.9193
1.9459,119.23678,120.92193
1.946,119.23961,120.92456
1.9461,119.24243,120.92719
1.9462,119.24526,120.92982
1.9463,119.24809,120.93245
1.9464,119.25091,120.93508
1.9464999,119.25373,120.93771
1.9466,119.25656,120.94034
1.9467,119.25938,120.94297
1.9468,119.26221,120.94559
1.9469,119.26503,120.94822
1.947,119.26785,120.95085
1.9471,119.27067,120.95348
1.9471999,119.27349,120.9561
1.9473,119.27631,120.95872
1.9474,119.27914,120.96135
1.9475,119.28195,120.96397
1.9476,119.28477,120.9666
1.9477,119.28759,120.96922
1.9478,119.29041,120.97185
1.9479001,119.29323,120.97446
1.948,119.29604,120.97709
1.9481,119.29886,120.97971
1.9482,119.30167,120.98233
1.9483,119.30449,120.98495
1.9484,119.3073,120.98757
1.9485,119.31012,120.99019
1.9486001,119.31293,120.99281
1.9487,119.31575,120.99542
1.9488,119.31857,120.99805
1.9489,119.32138,121.00066
1.949,119.32419,121.00328
1.9491,119.327,121.00589
1.9492,119.32981,121.00851
1.9493001,119.33263,121.01112
1.9493999,119.33543,121.01374
1.9495,119.33824,121.01635
1.9496,119.34106,121.01897
1.9497,119.34386,121.02158
1.9498,119.34667,121.02419
1.9499,119.34948,121.0268
1.95,119.35229,121.02941
1.9500999,119.35509,121.03203
1.9502,119.3579,121.03464
1.9503,119.36071,121.03725
1.9504,119.36351,121.03986
1.9505,119.36632,121.04247
1.9506,119.36913,121.04507
1.9507,119.37193,121.04768
1.9507999,119.37473,121.05029
1.9509,119.37753,121.05289
1.951,119.38033,121.0555
1.9511,119.38314,121.05811
1.9512,119.38594,121.06071
1.9513,119.38874,121.06332
1.9514,119.39154,121.06592
1.9515001,119.39434,121.06853
1.9516,119.39714,121.07113
1.9517,119.39994,121.07373
1.9518,119.40274,121.07633
1.9519,119.40554,121.07893
1.952,119.40833,121.08154
1.9521,119.41113,121.08414
1.9522001,119.41393,121.08674
1.9523,119.41673,121.08934
1.9524,119.41953,121.09193
1.9525,119.42232,121.09454
1.9526,119.42511,121.09713
1.9527,119.42791,121.09973
1.9528,119.4307,121.10233
1.9529001,119.43349,121.10493
1.9529999,119.43629,121.10752
1.9531,119.43908,121.11012
1.9532,119.44187,121.11271
1.9533,119.44466,121.1153
1.9534,119.44746,121.1179
1.9535,119.45025,121.12049
1.9536,119.45303,121.12309
1.9536999,119.45583,121.12568
1.9538,119.45861,121.12827
1.9539,119.4614,121.13086
1.954,119.46419,121.13345
1.9541,119.46698,121.13605
1.9542,119.46976,121.13863
1.9543,119.47255,121.14122
1.9543999,119.47533,121.14381
1.9545,119.47813,121.1464
1.9546,119.48091,121.14899
1.9547,119.4837,121.15157
1.9548,119.48648,121.15416
1.9549,119.48926,121.15675
1.955,119.49204,121.15933
1.9551001,119.49483,121.16192
1.9552,119.49761,121.16451
1.9553,119.50039,121.16709
1.9554,119.50317,121.16967
1.9555,119.50595,121.17226
1.9556,119.50874,121.17484
1.9557,119.51151,121.17742
1.9558001,119.51429,121.18001
1.9559,119.51707,121.18259
1.956,119.51985,121.18517
1.9561,119.52263,121.18774
1.9562,119.52541,121.19032
1.9563,119.52818,121.19291
1.9564,119.53096,121.19549
1.9565001,119.53374,121.19806
1.9566,119.53651,121.20064
1.9567,119.53928,121.20322
1.9568,119.54206,121.2058
1.9569,119.54483,121.20837
1.957,119.54761,121.21095
1.9571,119.55038,121.21352
1.9572001,119.55315,121.21609
1.9572999,119.55592,121.21867
1.9574,119.5587,121.22124
1.9575,119.56147,121.22382
1.9576,119.56424,121.22639
1.9577,119.56701,121.22896
1.9578,119.56978,121.23154
1.9579,119.57255,121.23411
1.9579999,119.57532,121.23667
1.9581,119.57809,121.23924
1.9582,119.58085,121.24181
1.9583,119.58362,121.24438
1.9584,119.58639,121.24696
1.9585,119.58915,121.24952
1.9586,119.59192,121.25209
1.9586999,119.59468,121.25465
1.9588,119.59745,121.25723
1.9589,119.60021,121.25979
1.959,119.60297,121.26235
1.9591,119.60574,121.26492
1.9592,119.60851,121.26748
1.9593,119.61127,121.27005
1.9594001,119.61403,121.27261
1.9595,119.61679,121.27517
1.9596,119.61954,121.27773
1.9597,119.62231,121.2803
1.9598,119.62507,121.28286
1.9599,119.62783,121.28542
1.96,119.63058,121.28798
1.9601001,119.63335,121.29054
1.9602,119.6361,121.2931
1.9603,119.63886,121.29566
1.9604,119.64162,121.29822
1.9605,119.64438,121.30077
1.9606,119.64713,121.30333
1.9607,119.64989,121.30589
1.9608001,119.65264,121.30845
1.9608999,119.6554,121.311
1.961,119.65815,121.31355
1.9611,119.6609,121.31611
1.9612,119.66366,121.31866
1.9613,119.66641,121.32122
1.9614,119.66916,121.32377
1.9615,119.67191,121.32632
1.9615999,119.67467,121.32888
1.9617,119.67741,121.33143
1.9618,119.68017,121.33398
1.9619,119.68291,121.33653
1.962,119.68566,121.33908
1.9621,119.68842,121.34163
1.9622,119.69116,121.34418
1.9622999,119.69391,121.34673
1.9624,119.69666,121.34927
1.9625,119.6994,121.35182
1.9626,119.70215,121.35437
1.9627,119.7049,121.35692
1.9628,119.70764,121.35947
1.9629,119.71039,121.36201
1.9630001,119.71313,121.36456
1.9631,119.71587,121.3671
1.9632,119.71862,121.36964
1.9633,119.72136,121.37218
1.9634,119.72411,121.37473
1.9635,119.72684,121.37727
1.9636,119.72958,121.37981
1.9637001,119.73233,121.38235
1.9638,119.73507,121.3849
1.9639,119.73781,121.38744
1.964,119.74055,121.38998
1.9641,119.74329,121.39252
1.9642,119.74603,121.39506
1.9643,119.74876,121.3976
1.9644001,119.7515,121.40013
1.9645,119.75424,121.40267
1.9646,119.75697,121.4052
1.9647,119.75971,121.40775
1.9648,119.76244,121.41028
1.9649,119.76518,121.41282
1.965,119.76791,121.41535
1.9651,119.77065,121.41788
1.9651999,119.77338,121.42042
1.9653,119.77612,121.42295
1.9654,119.77885,121.42548
1.9655,119.78159,121.42802
1.9656,119.78432,121.43055
1.9657,119.78705,121.43308
1.9658,119.78978,121.43562
1.9658999,119.7925,121.43814
1.966,119.79523,121.44067
1.9661,119.79797,121.4432
1.9662,119.8007,121.44573
1.9663,119.80342,121.44826
1.9664,119.80615,121.45079
1.9665,119.80888,121.45332
1.9665999,119.81161,121.45584
1.9667,119.81433,121.45837
1.9668,119.81705,121.46089
1.9669,119.81979,121.46342
1.967,119.82251,121.46594
1.9671,119.82523,121.46847
1.9672,119.82796,121.47099
1.9673001,119.83068,121.47352
1.9674,119.8334,121.47604
1.9675,119.83613,121.47856
1.9676,119.83885,121.48108
1.9677,119.84157,121.4836
1.9678,119.84429,121.48612
1.9679,119.84702,121.48864
1.9680001,119.84973,121.49117
1.9681,119.85246,121.49368
1.9682,119.85517,121.4962
1.9683,119.85789,121.49872
1.9684,119.86061,121.50124
1.9685,119.86333,121.50375
1.9686,119.86604,121.50627
1.9687001,119.86876,121.50879
1.9687999,119.87148,121.5113
1.9689,119.87419,121.51382
1.969,119.87691,121.51633
1.9691,119.87962,121.51884
1.9692,119.88234,121.52136
1.9693,119.88505,121.52387
1.9694,119.88776,121.52638
1.9694999,119.89047,121.5289
1.9696,119.89319,121.53141
1.9697,119.8959,121.53392
1.9698,119.89861,121.53643
1.9699,119.90132,121.53894
1.97,119.90403,121.54145
1.9701,119.90675,121.54396
1.9701999,119.90945,121.54647
1.9703,119.91216,121.54897
1.9704,119.91487,121.55148
1.9705,119.91758,121.55399
1.9706,119.92029,121.5565
1.9707,119.92299,121.55901
1.9708,119.9257,121.56151
1.9709001,119.92841,121.56401
1.971,119.93111,121.56652
1.9711,119.93382,121.56902
1.9712,119.93652,121.57153
1.9713,119.93922,121.57403
1.9714,119.94193,121.57653
1.9715,119.94463,121.57903
1.9716001,119.94733,121.58154
1.9717,119.95004,121.58404
1.9718,119.95274,121.58653
1.9719,119.95544,121.58904
1.972,119.95814,121.59154
1.9721,119.96084,121.59403
1.9722,119.96354,121.59653
1.9723001,119.96624,121.59903
1.9724,119.96894,121.60152
1.9725,119.97163,121.60403
1.9726,119.97433,121.60652
1.9727,119.97704,121.60902
1.9728,119.97973,121.61151
1.9729,119.98242,121.61401
1.973,119.98512,121.6165
1.9730999,119.98782,121.619
1.9732,119.99051,121.62149
1.9733,119.99321,121.62398
1.9734,119.9959,121.62647
1.9735,119.9986,121.62897
1.9736,120.00129,121.63145
1.9737,120.00398,121.63395
1.9737999,120.00667,121.63644
1.9739,120.00936,121.63892
1.974,120.01205,121.64142
1.9741,120.01475,121.64391
1.9742,120.01743,121.64639
1.9743,120.02013,121.64888
1.9744,120.02281,121.65137
1.9744999,120.02551,121.65385
1.9746,120.02819,121.65634
1.9747,120.03088,121.65883
1.9748,120.03356,121.66131
1.9749,120.03625,121.6638
1.975,120.03894,121.66628
1.9751,120.04163,121.66876
1.9752001,120.04431,121.67125
1.9753,120.047,121.67373
1.9754,120.04967,121.67621
1.9755,120.05236,121.6787
1.9756,120.05505,121.68118
1.9757,120.05773,121.68365
1.9758,120.06041,121.68613
1.9759001,120.0631,121.68861
1.976,120.06577,121.69109
1.9761,120.06845,121.69357
1.9762,120.07114,121.69605
1.9763,120.07381,121.69852
1.9764,120.07649,121.701
1.9765,120.07917,121.70348
1.9766001,120.08186,121.70596
1.9766999,120.08453,121.70844
1.9768,120.0872,121.71091
1.9769,120.08988,121.71339
1.977,120.09256,121.71586
1.9771,120.09524,121.71833
1.9772,120.09792,121.7208
1.9773,120.10059,121.72327
1.9773999,120.10326,121.72575
1.9775,120.10593,121.72822
1.9776,120.10861,121.73069
1.9777,120.11128,121.73316
1.9778,120.11395,121.73563
1.9779,120.11663,121.7381
1.978,120.1193,121.74057
1.9780999,120.12197,121.74303
1.9782,120.12464,121.74551
1.9783,120.12731,121.74797
1.9784,120.12998,121.75044
1.9785,120.13265,121.75291
1.9786,120.13532,121.75537
1.9787,120.13799,121.75784
1.9788001,120.14066,121.7603
1.9789,120.14333,121.76276
1.979,120.14599,121.76523
1.9791,120.14866,121.76769
1.9792,120.15132,121.77016
1.9793,120.15399,121.77262
1.9794,120.15665,121.77509
1.9795001,120.15932,121.77754
1.9796,120.16198,121.78001
1.9797,120.16464,121.78246
1.9798,120.1673,121.78493
1.9799,120.16997,121.78738
1.98,120.17263,121.78984
1.9801,120.17529,121.7923
1.9802001,120.17796,121.79476
1.9802999,120.18062,121.79722
1.9804,120.18327,121.79967
1.9805,120.18594,121.80213
1.9806,120.1886,121.80459
1.9807,120.19125,121.80704
1.9808,120.19391,121.80949
1.9809,120.19657,121.81195
1.9809999,120.19923,121.81441
1.9811,120.20188,121.81686
1.9812,120.20454,121.81931
1.9813,120.2072,121.82176
1.9814,120.20985,121.82421
1.9815,120.21251,121.82667
1.9816,120.21516,121.82912
1.9816999,120.21781,121.83157
1.9818,120.22047,121.83401
1.9819,120.22312,121.83646
1.982,120.22578,121.83891
1.9821,120.22842,121.84136
1.9822,120.23108,121.84381
1.9823,120.23373,121.84626
1.9823999,120.23637,121.8487
1.9825,120.23903,121.85115
1.9826,120.24168,121.8536
1.9827,120.24432,121.85604
1.9828,120.24697,121.85848
1.9829,120.24963,121.86093
1.983,120.25227,121.86337
1.9831001,120.25492,121.86581
1.9832,120.25756,121.86826
1.9833,120.26021,121.8707
1.9834,120.26286,121.87315
1.9835,120.2655,121.87559
1.9836,120.26814,121.87803
1.9837,120.27079,121.88046
1.9838001,120.27343,121.8829
1.9839,120.27608,121.88535
1.984,120.27872,121.88778
1.9841,120.28136,121.89022
1.9842,120.284,121.89266
1.9843,120.28664,121.8951
1.9844,120.28928,121.89753
1.9845001,120.29192,121.89997
1.9845999,120.29456,121.9024
1.9847,120.2972,121.90484
1.9848,120.29984,121.90727
1.9849,120.30248,121.90971
1.985,120.30512,121.91214
1.9851,120.30775,121.91457
1.9852,120.31039,121.91701
1.9852999,120.31303,121.91944
1.9854,120.31567,121.92187
1.9855,120.31831,121.9243
1.9856,120.32094,121.92673
1.9857,120.32357,121.92916
1.9858,120.3262,121.93159
1.9859,120.32884,121.93402
1.9859999,120.33147,121.93645
1.9861,120.33411,121.93888
1.9862,120.33674,121.94131
1.9863,120.33937,121.94373
1.9864,120.342,121.94616
1.9865,120.34463,121.94859
1.9866,120.34726,121.95101
1.9867001,120.34989,121.95344
1.9868,120.35252,121.95586
1.9869,120.35515,121.95828
1.987,120.35778,121.96071
1.9871,120.3604,121.96313
1.9872,120.36303,121.96555
1.9873,120.36566,121.96797
1.9874001,120.36829,121.9704
1.9875,120.37091,121.97282
1.9876,120.37354,121.97523
1.9877,120.37616,121.97766
1.9878,120.37878,121.98008
1.9879,120.38141,121.9825
1.988,120.38403,121.98492
1.9881001,120.38666,121.98734
1.9881999,120.38928,121.98975
1.9883,120.3919,121.99216
1.9884,120.39452,121.99458
1.9885,120.39714,121.997
1.9886,120.39977,121.99941
1.9887,120.40238,122.00183
1.9888,120.40501,122.00424
1.9888999,120.40762,122.00666
1.989,120.41024,122.00907
1.9891,120.41286,122.01148
1.9892,120.41547,122.0139
1.9893,120.41809,122.01631
1.9894,120.42071,122.01872
1.9895,120.42332,122.02113
1.9895999,120.42594,122.02354
1.9897,120.42856,122.02596
1.9898,120.43118,122.02836
1.9899,120.43378,122.03077
1.99,120.4364,122.03318
1.9901,120.43901,122.03558
1.9902,120.44163,122.03799
1.9903001,120.44424,122.0404
1.9904,120.44685,122.04281
1.9905,120.44946,122.04521
1.9906,120.45207,122.04762
1.9907,120.45468,122.05003
1.9908,120.45729,122.05243
1.9909,120.4599,122.05483
1.9910001,120.46251,122.05724
1.9911,120.46512,122.05964
1.9912,120.46773,122.06204
1.9913,120.47034,122.06445
1.9914,120.47295,122.06684
1.9915,120.47555,122.06924
1.9916,120.47816,122.07165
1.9917001,120.48076,122.07404
1.9918,120.48337,122.07645
1.9919,120.48597,122.07884
1.992,120.48858,122.08124
1.9921,120.49118,122.08364
1.9922,120.49378,122.08604
1.9923,120.49638,122.08843
1.9924001,120.49899,122.09083
1.9924999,120.50159,122.09322
1.9926,120.50419,122.09562
1.9927,120.50679,122.09801
1.9928,120.50939,122.10041
1.9929,120.51199,122.10281
1.993,120.51459,122.10519
1.9931,120.51719,122.10759
1.9931999,120.51979,122.10999
1.9933,120.52238,122.11237
1.9934,120.52499,122.11476
1.9935,120.52758,122.11716
1.9936,120.53017,122.11954
1.9937,120.53278,122.12193
1.9938,120.53537,122.12433
1.9938999,120.53796,122.12672
1.994,120.54056,122.1291
1.9941,120.54315,122.13149
1.9942,120.54575,122.13388
1.9943,120.54834,122.13626
1.9944,120.55093,122.13865
1.9945,120.55352,122.14104
1.9946001,120.55611,122.14342
1.9947,120.55871,122.14581
1.9948,120.56129,122.14819
1.9949,120.56389,122.15057
1.995,120.56647,122.15295
1.9951,120.56907,122.15534
1.9952,120.57166,122.15772
1.9953001,120.57424,122.1601
1.9954,120.57683,122.16248
1.9955,120.57941,122.16486
1.9956,120.58201,122.16724
1.9957,120.58459,122.16962
1.9958,120.58717,122.172
1.9959,120.58976,122.17439
1.9960001,120.59235,122.17677
1.9960999,120.59493,122.17914
1.9962,120.59752,122.18152
1.9963,120.6001,122.18389
1.9964,120.60268,122.18627
1.9965,120.60526,122.18864
1.9966,120.60785,122.19102
1.9967,120.61043,122.1934
1.9967999,120.61301,122.19577
1.9969,120.61559,122.19814
1.997,120.61817,122.20052
1.9971,120.62075,122.20289
1.9972,120.62333,122.20526
1.9973,120.62591,122.20763
1.9974,120.62849,122.21001
1.9974999,120.63107,122.21238
1.9976,120.63364,122.21474
1.9977,120.63622,122.21712
1.9978,120.63879,122.21948
1.9979,120.64137,122.22186
1.998,120.64394,122.22422
1.9981,120.64652,122.22659
1.9982001,120.64909,122.22896
1.9983,120.65166,122.23132
1.9984,120.65424,122.23369
1.9985,120.65681,122.23605
1.9986,120.65939,122.23842
1.9987,120.66196,122.24078
1.9988,120.66453,122.24315
1.9989001,120.6671,122.24551
1.999,120.66967,122.24788
1.9991,120.67224,122.25024
1.9992,120.67481,122.2526
1.9993,120.67738,122.25497
1.9994,120.67995,122.25732
1.9995,120.68252,122.25968
1.9996001,120.68508,122.26205
1.9997,120.68765,122.2644
1.9998,120.69022,122.26676
1.9999,120.69279,122.26912
2,120.69535,122.27148
2,120.69535,122.27148
2.0000999,120.69817,122.3195
2.0002,120.70148,122.36752
2.0002999,120.70528,122.41553
2.0004001,120.70961,122.46355
2.0005,120.71445,122.51154
2.0006001,120.7198,122.55954
2.0007,120.72569,122.60753
2.0007999,120.73209,122.65552
2.0009,120.73904,122.7035
2.0009999,120.74651,122.75146
2.0011001,120.75452,122.79943
2.0012,120.76307,122.84739
2.0013001,120.77216,122.89535
2.0014,120.78178,122.94329
2.0014999,120.79194,122.99123
2.0016,120.80264,123.03916
2.0016999,120.81387,123.08709
2.0018001,120.82565,123.13501
2.0019,120.83795,123.18292
2.0020001,120.85078,123.23083
2.0021,120.86414,123.27872
2.0021999,120.87802,123.32661
2.0023,120.89242,123.3745
2.0023999,120.90733,123.42237
2.0025001,120.92274,123.47024
2.0026,120.93866,123.5181
2.0027001,120.95507,123.56595
2.0028,120.97197,123.61379
2.0028999,120.98935,123.66163
2.003,121.0072,123.70946
2.0030999,121.02552,123.75727
2.0032001,121.0443,123.80508
2.0033,121.06351,123.85288
2.0034001,121.08318,123.90067
2.0035,121.10326,123.94846
2.0035999,121.12376,123.99623
2.0037,121.14468,124.044
2.0037999,121.16599,124.09175
2.0039001,121.18768,124.1395
2.0039999,121.20975,124.18723
2.0041001,121.23218,124.23496
2.0042,121.25496,124.28268
2.0043001,121.27808,124.33039
2.0044,121.30151,124.37808
2.0044999,121.32527,124.42577
2.0046,121.34933,124.47345
2.0046999,121.37366,124.52112
2.0048001,121.39828,124.56877
2.0049,121.42315,124.61642
2.0050001,121.44827,124.66405
2.0051,121.47362,124.71168
2.0051999,121.49918,124.75929
2.0053,121.52495,124.80689
2.0053999,121.55091,124.85448
2.0055001,121.57704,124.90206
2.0056,121.60334,124.94963
2.0057001,121.62978,124.99719
2.0058,121.65635,125.04473
2.0058999,121.68304,125.09227
2.006,121.70983,125.13979
2.0060999,121.73671,125.18729
2.0062001,121.76366,125.23479
2.0063,121.79068,125.28228
2.0064001,121.81774,125.32975
2.0065,121.84483,125.37721
2.0065999,121.87194,125.42466
2.0067,121.89905,125.47209
2.0067999,121.92615,125.51951
2.0069001,121.95322,125.56692
2.007,121.98027,125.61431
2.0071001,122.00726,125.6617
2.0072,122.03418,125.70906
2.0072999,122.06103,125.75642
2.0074,122.08779,125.80376
2.0074999,122.11445,125.85108
2.0076001,122.14099,125.89839
2.0077,122.1674,125.94569
2.0078001,122.19368,125.99297
2.0079,122.21981,126.04025
2.0079999,122.24578,126.0875
2.0081,122.27158,126.13474
2.0081999,122.2972,126.18196
2.0083001,122.32262,126.22917
2.0084,122.34785,126.27637
2.0085001,122.37286,126.32355
2.0086,122.39765,126.37071
2.0086999,122.42221,126.41786
2.0088,122.44654,126.46499
2.0088999,122.47062,126.51211
2.0090001,122.49445,126.55921
2.0091,122.51801,126.60629
2.0092001,122.54131,126.65336
2.0093,122.56435,126.70042
2.0093999,122.5871,126.74745
2.0095,122.60956,126.79446
2.0095999,122.63174,126.84147
2.0097001,122.65362,126.88845
2.0098,122.6752,126.93542
2.0099001,122.69648,126.98237
2.01,122.71745,127.0293
2.0100999,122.73812,127.07622
2.0102,122.75848,127.12312
2.0102999,122.77852,127.17
2.0104001,122.79824,127.21686
2.0105,122.81766,127.2637
2.0106001,122.83675,127.31052
2.0107,122.85553,127.35733
2.0107999,122.87399,127.40412
2.0109,122.89214,127.45089
2.0109999,122.90997,127.49764
2.0111001,122.9275,127.54437
2.0112,122.94471,127.59109
2.0113001,122.96161,127.63778
2.0114,122.97821,127.68445
2.0114999,122.9945,127.7311
2.0116,123.0105,127.77774
2.0116999,123.02621,127.82435
2.0118001,123.04162,127.87095
2.0118999,123.05675,127.91752
2.0120001,123.0716,127.96407
2.0121,123.08618,128.0106
2.0122001,123.10049,128.05711
2.0123,123.11455,128.10361
2.0123999,123.12835,128.15007
2.0125,123.1419,128.19652
2.0125999,123.15522,128.24295
2.0127001,123.1683,128.28935
2.0128,123.18117,128.33574
2.0129001,123.19382,128.38211
2.013,123.20628,128.42844
2.0130999,123.21853,128.47476
2.0132,123.2306,128.52106
2.0132999,123.2425,128.56734
2.0134001,123.25423,128.61359
2.0135,123.26581,128.65981
2.0136001,123.27724,128.70601
2.0137,123.28855,128.7522
2.0137999,123.29974,128.79836
2.0139,123.31081,128.84448
2.0139999,123.32178,128.89059
2.0141001,123.33268,128.93669
2.0142,123.3435,128.98276
2.0143001,123.35426,129.02879
2.0144,123.36497,129.07481
2.0144999,123.37564,129.1208
2.0146,123.38629,129.16676
2.0146999,123.39693,129.21271
2.0148001,123.40757,129.25862
2.0149,123.41823,129.30452
2.0150001,123.42892,129.35039
2.0151,123.43964,129.39622
2.0151999,123.45042,129.44205
2.0153,123.46128,129.48784
2.0153999,123.47221,129.5336
2.0155001,123.48324,129.57933
2.0156,123.49438,129.62505
2.0157001,123.50564,129.67073
2.0158,123.51703,129.71638
2.0158999,123.52857,129.76202
2.016,123.54028,129.80763
2.0160999,123.55216,129.85321
2.0162001,123.56422,129.89876
2.0163,123.5765,129.94429
2.0164001,123.58898,129.98978
2.0165,123.60169,130.03525
2.0165999,123.61464,130.08069
2.0167,123.62784,130.1261
2.0167999,123.6413,130.17149
2.0169001,123.65505,130.21684
2.017,123.66908,130.26218
2.0171001,123.68342,130.30746
2.0172,123.69807,130.35274
2.0172999,123.71304,130.39798
2.0174,123.72835,130.44319
2.0174999,123.744,130.48837
2.0176001,123.76002,130.53352
2.0177,123.7764,130.57864
2.0178001,123.79316,130.62375
2.0179,123.81031,130.66881
2.0179999,123.82786,130.71384
2.0181,123.84582,130.75883
2.0181999,123.8642,130.80382
2.0183001,123.883,130.84875
2.0184,123.90225,130.89366
2.0185001,123.92194,130.93854
2.0186,123.94208,130.98338
2.0186999,123.96268,131.0282
2.0188,123.98376,131.07298
2.0188999,124.00531,131.11774
2.0190001,124.02734,131.16246
2.0191,124.04987,131.20715
2.0192001,124.07288,131.2518
2.0193,124.09641,131.29643
2.0193999,124.12044,131.34102
2.0195,124.14498,131.38557
2.0195999,124.17004,131.4301
2.0197001,124.19563,131.47459
2.0197999,124.22175,131.51904
2.0199001,124.24839,131.56348
2.02,124.27557,131.60786
2.0201001,124.30328,131.65222
2.0202,124.33154,131.69655
2.0202999,124.36034,131.74083
2.0204,124.38969,131.78508
2.0204999,124.41958,131.8293
2.0206001,124.45002,131.87349
2.0207,124.481,131.91763
2.0208001,124.51254,131.96175
2.0209,124.54463,132.00583
2.0209999,124.57727,132.04987
2.0211,124.61045,132.09389
2.0211999,124.64419,132.13785
2.0213001,124.67847,132.18179
2.0214,124.71329,132.22569
2.0215001,124.74866,132.26955
2.0216,124.78457,132.31337
2.0216999,124.82102,132.35716
2.0218,124.858,132.40091
2.0218999,124.89552,132.44463
2.0220001,124.93356,132.48831
2.0221,124.97213,132.53195
2.0222001,125.01122,132.57555
2.0223,125.05082,132.61911
2.0223999,125.09093,132.66264
2.0225,125.13155,132.70613
2.0225999,125.17266,132.74959
2.0227001,125.21427,132.793
2.0228,125.25637,132.83636
2.0229001,125.29895,132.8797
2.023,125.342,132.92299
2.0230999,125.38551,132.96625
2.0232,125.42949,133.00948
2.0232999,125.47392,133.05264
2.0234001,125.51879,133.09578
2.0235,125.56409,133.13889
2.0236001,125.60983,133.18193
2.0237,125.65598,133.22495
2.0237999,125.70255,133.26793
2.0239,125.7495,133.31087
2.0239999,125.79686,133.35376
2.0241001,125.8446,133.39661
2.0242,125.8927,133.43942
2.0243001,125.94117,133.48219
2.0244,125.98999,133.52492
2.0244999,126.03915,133.56761
2.0246,126.08865,133.61026
2.0246999,126.13847,133.65286
2.0248001,126.1886,133.69542
2.0249,126.23903,133.73793
2.0250001,126.28974,133.78041
2.0251,126.34074,133.82285
2.0251999,126.392,133.86523
2.0253,126.44351,133.90758
2.0253999,126.49528,133.94989
2.0255001,126.54726,133.99214
2.0256,126.59948,134.03436
2.0257001,126.65191,134.07654
2.0258,126.70453,134.11865
2.0258999,126.75734,134.16074
2.026,126.81032,134.20279
2.0260999,126.86347,134.24478
2.0262001,126.91677,134.28673
2.0263,126.97021,134.32863
2.0264001,127.02377,134.3705
2.0265,127.07745,134.41231
2.0265999,127.13125,134.45407
2.0267,127.18513,134.4958
2.0267999,127.23909,134.53748
2.0269001,127.29312,134.57912
2.027,127.34722,134.6207
2.0271001,127.40136,134.66223
2.0272,127.45554,134.70374
2.0272999,127.50974,134.74518
2.0274,127.56395,134.78658
2.0274999,127.61817,134.82793
2.0276,127.67239,134.86923
2.0276999,127.72658,134.91049
2.0278001,127.78074,134.95171
2.0279,127.83486,134.99286
2.0280001,127.88893,135.03398
2.0281,127.94295,135.07504
2.0281999,127.99689,135.11606
2.0283,128.05075,135.15703
2.0283999,128.10452,135.19795
2.0285001,128.1582,135.23883
2.0286,128.21176,135.27965
2.0287001,128.26521,135.32043
2.0288,128.31853,135.36116
2.0288999,128.3717,135.40182
2.029,128.42474,135.44246
2.0290999,128.47763,135.48303
2.0292001,128.53036,135.52356
2.0293,128.58292,135.56404
2.0294001,128.6353,135.60446
2.0295,128.6875,135.64484
2.0295999,128.7395,135.68517
2.0297,128.79131,135.72545
2.0297999,128.84291,135.76567
2.0299001,128.8943,135.80585
2.03,128.94548,135.84596
2.0301001,128.99643,135.88603
2.0302,129.04716,135.92606
2.0302999,129.09766,135.96602
2.0304,129.1479,136.00594
2.0304999,129.19791,136.04581
2.0306001,129.24767,136.08562
2.0307,129.29718,136.12538
2.0308001,129.34644,136.16508
2.0309,129.39542,136.20474
2.0309999,129.44414,136.24434
2.0311,129.4926,136.28389
2.0311999,129.54079,136.32339
2.0313001,129.5887,136.36282
2.0314,129.63634,136.40222
2.0315001,129.6837,136.44156
2.0316,129.73079,136.48083
2.0316999,129.77759,136.52007
2.0318,129.82411,136.55923
2.0318999,129.87035,136.59836
2.0320001,129.91631,136.63742
2.0321,129.96198,136.67644
2.0322001,130.00735,136.71539
2.0323,130.05246,136.75429
2.0323999,130.09727,136.79314
2.0325,130.1418,136.83192
2.0325999,130.18605,136.87067
2.0327001,130.23001,136.90935
2.0328,130.27371,136.94797
2.0329001,130.31711,136.98654
2.033,130.36024,137.02505
2.0330999,130.40311,137.06352
2.0332,130.44569,137.10191
2.0332999,130.48801,137.14026
2.0334001,130.53004,137.17856
2.0335,130.57182,137.21678
2.0336001,130.61336,137.25496
2.0337,130.65462,137.29308
2.0337999,130.69562,137.33115
2.0339,130.73639,137.36916
2.0339999,130.7769,137.40709
2.0341001,130.81717,137.44499
2.0342,130.85719,137.48282
2.0343001,130.89699,137.5206
2.0344,130.93657,137.55832
2.0344999,130.97591,137.59598
2.0346,131.01505,137.63358
2.0346999,131.05396,137.67111
2.0348001,131.09267,137.7086
2.0349,131.13116,137.74603
2.0350001,131.16946,137.7834
2.0351,131.20758,137.82071
2.0352001,131.24551,137.85796
2.0353,131.28326,137.89514
2.0353999,131.32083,137.93228
2.0355,131.35825,137.96935
2.0355999,131.39549,138.00636
2.0357001,131.43259,138.04332
2.0358,131.46953,138.08022
2.0359001,131.50633,138.11705
2.036,131.543,138.15382
2.0360999,131.57953,138.19054
2.0362,131.61595,138.22719
2.0362999,131.65225,138.26379
2.0364001,131.68843,138.30032
2.0365,131.72452,138.33679
2.0366001,131.76051,138.3732
2.0367,131.79642,138.40956
2.0367999,131.83224,138.44585
2.0369,131.868,138.48209
2.0369999,131.90367,138.51825
2.0371001,131.93929,138.55435
2.0372,131.97485,138.59041
2.0373001,132.01036,138.62639
2.0374,132.04584,138.66231
2.0374999,132.08128,138.69817
2.0376,132.11668,138.73398
2.0376999,132.15207,138.76971
2.0378001,132.18745,138.80539
2.0379,132.22281,138.841
2.0380001,132.25818,138.87656
2.0381,132.29355,138.91205
2.0381999,132.32892,138.94746
2.0383,132.36432,138.98283
2.0383999,132.39972,139.01814
2.0385001,132.43517,139.05338
2.0386,132.47064,139.08855
2.0387001,132.50616,139.12366
2.0388,132.54172,139.15871
2.0388999,132.57733,139.1937
2.039,132.61301,139.22862
2.0390999,132.64873,139.26349
2.0392001,132.68452,139.29828
2.0393,132.7204,139.33301
2.0394001,132.75635,139.36769
2.0395,132.79236,139.4023
2.0395999,132.82848,139.43683
2.0397,132.86467,139.47131
2.0397999,132.90097,139.50572
2.0399001,132.93736,139.54007
2.04,132.97385,139.57436
2.0401001,133.01045,139.60858
2.0402,133.04716,139.64275
2.0402999,133.08398,139.67683
2.0404,133.12093,139.71086
2.0404999,133.15797,139.74483
2.0406001,133.19516,139.77872
2.0407,133.23245,139.81256
2.0408001,133.26988,139.84633
2.0409,133.30745,139.88004
2.0409999,133.34514,139.91367
2.0411,133.38297,139.94725
2.0411999,133.42093,139.98076
2.0413001,133.45903,140.01419
2.0414,133.49727,140.04758
2.0415001,133.53564,140.08089
2.0416,133.57416,140.11414
2.0416999,133.61282,140.14732
2.0418,133.65163,140.18044
2.0418999,133.69057,140.21349
2.0420001,133.72966,140.24646
2.0421,133.76891,140.27939
2.0422001,133.80829,140.31224
2.0423,133.84781,140.34503
2.0423999,133.88748,140.37775
2.0425,133.92729,140.4104
2.0425999,133.96725,140.44299
2.0427001,134.00735,140.47551
2.0427999,134.04759,140.50797
2.0429001,134.08797,140.54036
2.043,134.12849,140.57268
2.0431001,134.16914,140.60493
2.0432,134.20995,140.63712
2.0432999,134.25087,140.66925
2.0434,134.29192,140.70131
2.0434999,134.33311,140.73329
2.0436001,134.37442,140.76521
2.0437,134.41586,140.79707
2.0438001,134.45743,140.82886
2.0439,134.49911,140.86058
2.0439999,134.54091,140.89224
2.0441,134.58282,140.92383
2.0441999,134.62485,140.95535
2.0443001,134.66699,140.9868
2.0444,134.70923,141.01819
2.0445001,134.75157,141.0495
2.0446,134.79401,141.08076
2.0446999,134.83653,141.11194
2.0448,134.87917,141.14307
2.0448999,134.92188,141.17412
2.0450001,134.96466,141.20509
2.0451,135.00754,141.23601
2.0452001,135.05048,141.26686
2.0453,135.09349,141.29764
2.0453999,135.13658,141.32835
2.0455,135.17972,141.35899
2.0455999,135.22292,141.38957
2.0457001,135.26617,141.42007
2.0458,135.30948,141.45052
2.0459001,135.35283,141.4809
2.046,135.39621,141.5112
2.0460999,135.43964,141.54144
2.0462,135.48308,141.57161
2.0462999,135.52655,141.60172
2.0464001,135.57005,141.63174
2.0465,135.61356,141.66171
2.0466001,135.65707,141.69162
2.0467,135.70061,141.72145
2.0467999,135.74413,141.75121
2.0469,135.78764,141.7809
2.0469999,135.83116,141.81053
2.0471001,135.87466,141.84009
2.0472,135.91814,141.86958
2.0473001,135.96159,141.899
2.0474,136.00502,141.92836
2.0474999,136.04842,141.95764
2.0476,136.09177,141.98686
2.0476999,136.13509,142.01601
2.0478001,136.17834,142.04509
2.0479,136.22156,142.07411
2.0480001,136.26471,142.10306
2.0481,136.3078,142.13193
2.0481999,136.35083,142.16074
2.0483,136.39378,142.18948
2.0483999,136.43666,142.21815
2.0485001,136.47945,142.24677
2.0486,136.52217,142.2753
2.0487001,136.56479,142.30377
2.0488,136.60732,142.33217
2.0488999,136.64975,142.3605
2.049,136.69209,142.38876
2.0490999,136.73431,142.41696
2.0492001,136.77643,142.44508
2.0493,136.81844,142.47314
2.0494001,136.86032,142.50113
2.0495,136.9021,142.52905
2.0495999,136.94374,142.55692
2.0497,136.98526,142.5847
2.0497999,137.02664,142.61241
2.0499001,137.0679,142.64008
2.05,137.10901,142.66765
2.0501001,137.14998,142.69516
2.0502,137.19081,142.72261
2.0502999,137.23151,142.74998
2.0504,137.27203,142.7773
2.0504999,137.31242,142.80453
2.0506001,137.35266,142.83171
2.0506999,137.39273,142.85883
2.0508001,137.43265,142.88586
2.0509,137.47241,142.91283
2.0510001,137.51201,142.93973
2.0511,137.55144,142.96657
2.0511999,137.5907,142.99333
2.0513,137.62979,143.02002
2.0513999,137.66872,143.04666
2.0515001,137.70747,143.07321
2.0516,137.74606,143.09972
2.0517001,137.78448,143.12614
2.0518,137.82272,143.1525
2.0518999,137.86078,143.17879
2.052,137.89867,143.205
2.0520999,137.93639,143.23117
2.0522001,137.97392,143.25725
2.0523,138.01128,143.28328
2.0524001,138.04846,143.30922
2.0525,138.08548,143.33511
2.0525999,138.1223,143.36093
2.0527,138.15895,143.38667
2.0527999,138.19543,143.41235
2.0529001,138.23172,143.43797
2.053,138.26785,143.46352
2.0531001,138.30379,143.489
2.0532,138.33957,143.51442
2.0532999,138.37517,143.53976
2.0534,138.41058,143.56503
2.0534999,138.44585,143.59026
2.0536001,138.48093,143.6154
2.0537,138.51584,143.64047
2.0538001,138.55058,143.66548
2.0539,138.58516,143.69043
2.0539999,138.61958,143.7153
2.0541,138.65382,143.74011
2.0541999,138.68791,143.76485
2.0543001,138.72185,143.78954
2.0544,138.75562,143.81413
2.0545001,138.78923,143.83868
2.0546,138.82269,143.86316
2.0546999,138.856,143.88756
2.0548,138.88916,143.91191
2.0548999,138.92218,143.93619
2.0550001,138.95505,143.96039
2.0551,138.98776,143.98453
2.0552001,139.02036,144.00861
2.0553,139.05281,144.03262
2.0553999,139.08513,144.05656
2.0555,139.11731,144.08044
2.0555999,139.14937,144.10425
2.0557001,139.18129,144.12801
2.0558,139.2131,144.15169
2.0559001,139.24478,144.17529
2.056,139.27635,144.19884
2.0560999,139.30782,144.22232
2.0562,139.33916,144.24574
2.0562999,139.37039,144.26909
2.0564001,139.40152,144.29237
2.0565,139.43256,144.3156
2.0566001,139.46349,144.33876
2.0567,139.49432,144.36185
2.0567999,139.52507,144.38487
2.0569,139.55573,144.40782
2.0569999,139.58629,144.43073
2.0571001,139.61678,144.45355
2.0572,139.64719,144.47632
2.0573001,139.67752,144.49901
2.0574,139.70778,144.52164
2.0574999,139.73798,144.5442
2.0576,139.7681,144.56671
2.0576999,139.79816,144.58916
2.0578001,139.82816,144.61153
2.0579,139.85809,144.63383
2.0580001,139.88799,144.65608
2.0581,139.91782,144.67827
2.0581999,139.94762,144.70038
2.0583,139.97736,144.72244
2.0583999,140.00706,144.74443
2.0585001,140.03673,144.76636
2.0585999,140.06636,144.78821
2.0587001,140.09596,144.81001
2.0588,140.12552,144.83174
2.0589001,140.15506,144.85341
2.059,140.18459,144.87502
2.0590999,140.21407,144.89656
2.0592,140.24355,144.91805
2.0592999,140.27301,144.93945
2.0594001,140.30244,144.96082
2.0595,140.33188,144.9821
2.0596001,140.36131,145.00333
2.0597,140.39073,145.02449
2.0597999,140.42014,145.04559
2.0599,140.44955,145.06662
2.0599999,140.47896,145.0876
2.0601001,140.50838,145.10851
2.0602,140.5378,145.12936
2.0603001,140.56721,145.15015
2.0604,140.59665,145.17087
2.0604999,140.62608,145.19153
2.0606,140.65555,145.21213
2.0606999,140.68501,145.23267
2.0608001,140.71449,145.25314
2.0609,140.74399,145.27356
2.0610001,140.7735,145.29391
2.0611,140.80304,145.31421
2.0611999,140.8326,145.33443
2.0613,140.86217,145.3546
2.0613999,140.89177,145.37471
2.0615001,140.92139,145.39474
2.0616,140.95103,145.41473
2.0617001,140.9807,145.43465
2.0618,141.01039,145.45451
2.0618999,141.04012,145.47432
2.062,141.06987,145.49405
2.0620999,141.09964,145.51373
2.0622001,141.12946,145.53336
2.0623,141.15929,145.5529
2.0624001,141.18915,145.5724
2.0625,141.21904,145.59184
2.0625999,141.24895,145.61122
2.0627,141.2789,145.63054
2.0627999,141.30887,145.6498
2.0629001,141.33888,145.66899
2.063,141.36891,145.68813
2.0631001,141.39897,145.7072
2.0632,141.42906,145.72621
2.0632999,141.45918,145.74518
2.0634,141.48932,145.76407
2.0634999,141.51949,145.78291
2.0636001,141.54968,145.80168
2.0637,141.5799,145.8204
2.0638001,141.61014,145.83907
2.0639,141.6404,145.85767
2.0639999,141.67068,145.87622
2.0641,141.70099,145.8947
2.0641999,141.73131,145.91313
2.0643001,141.76166,145.9315
2.0644,141.79201,145.94981
2.0645001,141.82239,145.96806
2.0646,141.85277,145.98625
2.0646999,141.88318,146.00439
2.0648,141.91359,146.02246
2.0648999,141.94402,146.04048
2.0650001,141.97444,146.05844
2.0651,142.00488,146.07635
2.0652001,142.03532,146.09421
2.0653,142.06577,146.11198
2.0653999,142.09622,146.12973
2.0655,142.12666,146.1474
2.0655999,142.1571,146.16502
2.0657001,142.18755,146.18259
2.0658,142.21799,146.20009
2.0659001,142.24841,146.21753
2.066,142.27882,146.23492
2.0660999,142.30923,146.25226
2.0662,142.33963,146.26955
2.0662999,142.37,146.28676
2.0664001,142.40036,146.30392
2.0664999,142.43069,146.32104
2.0666001,142.46101,146.3381
2.0667,142.4913,146.3551
2.0668001,142.52156,146.37204
2.0669,142.5518,146.38893
2.0669999,142.582,146.40576
2.0671,142.61218,146.42255
2.0671999,142.64232,146.43927
2.0673001,142.67241,146.45593
2.0674,142.70247,146.47255
2.0675001,142.73248,146.48911
2.0676,142.76247,146.5056
2.0676999,142.79239,146.52205
2.0678,142.82227,146.53845
2.0678999,142.8521,146.55479
2.0680001,142.88187,146.57108
2.0681,142.91159,146.58731
2.0682001,142.94125,146.60349
2.0683,142.97087,146.61961
2.0683999,143.00041,146.63568
2.0685,143.02989,146.6517
2.0685999,143.05931,146.66766
2.0687001,143.08867,146.68356
2.0688,143.11795,146.69943
2.0689001,143.14716,146.71523
2.069,143.17628,146.73099
2.0690999,143.20535,146.74667
2.0692,143.23434,146.76233
2.0692999,143.26324,146.77792
2.0694001,143.29208,146.79346
2.0695,143.32083,146.80894
2.0696001,143.34949,146.82439
2.0697,143.37807,146.83977
2.0697999,143.40656,146.8551
2.0699,143.43497,146.87038
2.0699999,143.46327,146.8856
2.0701001,143.4915,146.90079
2.0702,143.51962,146.91591
2.0703001,143.54765,146.93098
2.0704,143.57561,146.946
2.0704999,143.60344,146.96097
2.0706,143.63118,146.97589
2.0706999,143.65883,146.99077
2.0708001,143.68637,147.00558
2.0709,143.71382,147.02036
2.0710001,143.74117,147.03506
2.0711,143.7684,147.04973
2.0711999,143.79553,147.06435
2.0713,143.82257,147.07892
2.0713999,143.84949,147.09343
2.0715001,143.8763,147.10789
2.0716,143.90302,147.12231
2.0717001,143.92961,147.13669
2.0718,143.9561,147.151
2.0718999,143.98248,147.16527
2.072,144.00876,147.17949
2.0720999,144.03493,147.19366
2.0722001,144.06097,147.20778
2.0723,144.08691,147.22185
2.0724001,144.11275,147.23587
2.0725,144.13847,147.24985
2.0725999,144.16408,147.26378
2.0727,144.18958,147.27765
2.0727999,144.21497,147.29149
2.0729001,144.24023,147.30527
2.073,144.2654,147.319
2.0731001,144.29045,147.33269
2.0732,144.3154,147.34631
2.0732999,144.34023,147.35991
2.0734,144.36494,147.37344
2.0734999,144.38956,147.38695
2.0736001,144.41406,147.40039
2.0737,144.43845,147.41379
2.0738001,144.46274,147.42715
2.0739,144.48691,147.44046
2.0739999,144.51097,147.45372
2.0741,144.53494,147.46692
2.0741999,144.55879,147.48009
2.0743001,144.58253,147.49321
2.0743999,144.60619,147.50629
2.0745001,144.62973,147.51932
2.0746,144.65317,147.5323
2.0747001,144.6765,147.54523
2.0748,144.69974,147.55812
2.0748999,144.72287,147.57097
2.075,144.74591,147.58377
2.0750999,144.76884,147.59651
2.0752001,144.79169,147.60922
2.0753,144.81442,147.62189
2.0754001,144.83708,147.63451
2.0755,144.85963,147.64708
2.0755999,144.8821,147.65961
2.0757,144.90448,147.67209
2.0757999,144.92676,147.68452
2.0759001,144.94894,147.69693
2.076,144.97105,147.70927
2.0761001,144.99307,147.72159
2.0762,145.01501,147.73384
2.0762999,145.03687,147.74606
2.0764,145.05864,147.75824
2.0764999,145.08034,147.77037
2.0766001,145.10194,147.78246
2.0767,145.12347,147.79449
2.0768001,145.14493,147.8065
2.0769,145.16632,147.81845
2.0769999,145.18762,147.83037
2.0771,145.20886,147.84224
2.0771999,145.23003,147.85406
2.0773001,145.25113,147.86586
2.0774,145.27216,147.87759
2.0775001,145.29312,147.8893
2.0776,145.31401,147.90096
2.0776999,145.33485,147.91258
2.0778,145.35562,147.92415
2.0778999,145.37634,147.93568
2.0780001,145.397,147.94717
2.0781,145.41759,147.95862
2.0782001,145.43814,147.97003
2.0783,145.45862,147.9814
2.0783999,145.47905,147.99272
2.0785,145.49944,148.004
2.0785999,145.51978,148.01524
2.0787001,145.54005,148.02644
2.0788,145.56029,148.0376
2.0789001,145.58047,148.04872
2.079,145.60062,148.0598
2.0790999,145.62071,148.07085
2.0792,145.64078,148.08183
2.0792999,145.6608,148.09279
2.0794001,145.68077,148.10371
2.0795,145.70071,148.11459
2.0796001,145.72061,148.12543
2.0797,145.74046,148.13623
2.0797999,145.7603,148.14699
2.0799,145.78009,148.1577
2.0799999,145.79985,148.16838
2.0801001,145.81958,148.17902
2.0802,145.83928,148.18962
2.0803001,145.85895,148.20018
2.0804,145.87859,148.21071
2.0804999,145.89819,148.22119
2.0806,145.91779,148.23164
2.0806999,145.93733,148.24205
2.0808001,145.95686,148.25241
2.0809,145.97638,148.26274
2.0810001,145.99585,148.27303
2.0811,146.01532,148.28328
2.0811999,146.03474,148.2935
2.0813,146.05417,148.30368
2.0813999,146.07355,148.31381
2.0815001,146.09293,148.32391
2.0816,146.11227,148.33398
2.0817001,146.13161,148.34401
2.0818,146.15092,148.354
2.0818999,146.17021,148.36395
2.082,146.18948,148.37387
2.0820999,146.20874,148.38374
2.0822001,146.22798,148.39359
2.0822999,146.24721,148.4034
2.0824001,146.26642,148.41316
2.0825,146.2856,148.4229
2.0826001,146.30476,148.43259
2.0827,146.32393,148.44225
2.0827999,146.34306,148.45187
2.0829,146.36218,148.46146
2.0829999,146.38129,148.47101
2.0831001,146.40038,148.48053
2.0832,146.41943,148.49001
2.0833001,146.43849,148.49945
2.0834,146.45753,148.50887
2.0834999,146.47655,148.51823
2.0836,146.49556,148.52757
2.0836999,146.51454,148.53688
2.0838001,146.53351,148.54614
2.0839,146.55246,148.55537
2.0840001,146.57138,148.56458
2.0841,146.5903,148.57375
2.0841999,146.60919,148.58287
2.0843,146.62807,148.59196
2.0843999,146.64693,148.60103
2.0845001,146.66576,148.61005
2.0846,146.68457,148.61905
2.0847001,146.70337,148.62801
2.0848,146.72214,148.63693
2.0848999,146.74089,148.64581
2.085,146.75961,148.65468
2.0850999,146.77832,148.6635
2.0852001,146.797,148.67229
2.0853,146.81566,148.68105
2.0854001,146.83429,148.68977
2.0855,146.85289,148.69846
2.0855999,146.87148,148.70711
2.0857,146.89001,148.71574
2.0857999,146.90854,148.72433
2.0859001,146.92703,148.73289
2.086,146.9455,148.74141
2.0861001,146.96393,148.74991
2.0862,146.98233,148.75838
2.0862999,147.00069,148.7668
2.0864,147.01903,148.77519
2.0864999,147.03732,148.78355
2.0866001,147.0556,148.7919
2.0867,147.07382,148.8002
2.0868001,147.09203,148.80846
2.0869,147.11018,148.8167
2.0869999,147.1283,148.82491
2.0871,147.14638,148.83308
2.0871999,147.16441,148.84123
2.0873001,147.18242,148.84933
2.0874,147.20038,148.85742
2.0875001,147.21829,148.86546
2.0876,147.23616,148.87349
2.0876999,147.25398,148.88148
2.0878,147.27176,148.88943
2.0878999,147.28951,148.89737
2.0880001,147.30719,148.90526
2.0881,147.32483,148.91313
2.0882001,147.34242,148.92096
2.0883,147.35995,148.92877
2.0883999,147.37746,148.93654
2.0885,147.39488,148.94429
2.0885999,147.41228,148.95201
2.0887001,147.42961,148.95969
2.0888,147.44688,148.96735
2.0889001,147.46411,148.97498
2.089,147.48128,148.98257
2.0890999,147.49838,148.99014
2.0892,147.51544,148.99768
2.0892999,147.53244,149.00519
2.0894001,147.54938,149.01268
2.0895,147.56625,149.02013
2.0896001,147.58307,149.02754
2.0897,147.59982,149.03494
2.0897999,147.61652,149.04231
2.0899,147.63315,149.04965
2.0899999,147.64972,149.05696
2.0901,147.66621,149.06424
2.0901999,147.68266,149.07149
2.0903001,147.69904,149.0787
2.0904,147.71535,149.08591
2.0905001,147.73158,149.09308
2.0906,147.74777,149.10022
2.0906999,147.76387,149.10733
2.0908,147.77992,149.11441
2.0908999,147.7959,149.12148
2.0910001,147.8118,149.12849
2.0911,147.82764,149.1355
2.0912001,147.8434,149.14247
2.0913,147.8591,149.14943
2.0913999,147.87473,149.15634
2.0915,147.89027,149.16324
2.0915999,147.90576,149.1701
2.0917001,147.92117,149.17694
2.0918,147.93652,149.18376
2.0919001,147.95178,149.19055
2.092,147.96698,149.19731
2.0920999,147.98212,149.20404
2.0922,147.99716,149.21075
2.0922999,148.01215,149.21742
2.0924001,148.02705,149.22409
2.0925,148.04189,149.23071
2.0926001,148.05666,149.23732
2.0927,148.07135,149.2439
2.0927999,148.08597,149.25044
2.0929,148.10051,149.25697
2.0929999,148.11497,149.26347
2.0931001,148.12938,149.26994
2.0932,148.14371,149.2764
2.0933001,148.15796,149.28282
2.0934,148.17215,149.28922
2.0934999,148.18625,149.29559
2.0936,148.20029,149.30194
2.0936999,148.21425,149.30826
2.0938001,148.22815,149.31456
2.0939,148.24197,149.32083
2.0940001,148.25572,149.32709
2.0941,148.26941,149.3333
2.0941999,148.283,149.33951
2.0943,148.29655,149.34567
2.0943999,148.31001,149.35184
2.0945001,148.32343,149.35796
2.0946,148.33675,149.36406
2.0947001,148.35001,149.37013
2.0948,148.3632,149.37619
2.0948999,148.37633,149.38222
2.095,148.38939,149.38823
2.0950999,148.40237,149.39421
2.0952001,148.4153,149.40018
2.0953,148.42815,149.40611
2.0954001,148.44095,149.41202
2.0955,148.45367,149.41791
2.0955999,148.46632,149.42378
2.0957,148.47893,149.42961
2.0957999,148.49146,149.43544
2.0959001,148.50394,149.44124
2.096,148.51634,149.44701
2.0961001,148.52869,149.45276
2.0962,148.54097,149.45848
2.0962999,148.55319,149.46419
2.0964,148.56535,149.46986
2.0964999,148.57747,149.47552
2.0966001,148.58951,149.48117
2.0967,148.6015,149.48679
2.0968001,148.61343,149.49237
2.0969,148.62531,149.49794
2.0969999,148.63713,149.50349
2.0971,148.64888,149.50902
2.0971999,148.6606,149.51453
2.0973001,148.67226,149.52
2.0974,148.68385,149.52547
2.0975001,148.6954,149.5309
2.0976,148.70689,149.53632
2.0977001,148.71834,149.54172
2.0978,148.72974,149.54709
2.0978999,148.74107,149.55244
2.098,148.75238,149.55777
2.0980999,148.76363,149.56308
2.0982001,148.77483,149.56837
2.0983,148.78598,149.57364
2.0984001,148.79709,149.57889
2.0985,148.80814,149.58411
2.0985999,148.81915,149.58931
2.0987,148.83012,149.5945
2.0987999,148.84105,149.59966
2.0989001,148.85194,149.6048
2.099,148.86278,149.60992
2.0991001,148.87358,149.61502
2.0992,148.88434,149.6201
2.0992999,148.89505,149.62517
2.0994,148.90573,149.6302
2.0994999,148.91637,149.63522
2.0996001,148.92697,149.64023
2.0997,148.93753,149.6452
2.0998001,148.94806,149.65016
2.0999,148.95854,149.65511
2.0999999,148.96899,149.66002
2.1001,148.9794,149.66492
2.1001999,148.98978,149.6698
2.1003001,149.00012,149.67467
2.1004,149.01044,149.6795
2.1005001,149.02071,149.68433
2.1006,149.03096,149.68913
2.1006999,149.04117,149.69392
2.1008,149.05135,149.69868
2.1008999,149.06149,149.70343
2.1010001,149.07161,149.70815
2.1011,149.0817,149.71286
2.1012001,149.09174,149.71754
2.1013,149.10176,149.72221
2.1013999,149.11176,149.72687
2.1015,149.12172,149.73149
2.1015999,149.13165,149.73611
2.1017001,149.14156,149.74071
2.1018,149.15144,149.74529
2.1019001,149.16129,149.74983
2.102,149.17111,149.75438
2.1020999,149.18089,149.7589
2.1022,149.19067,149.7634
2.1022999,149.20041,149.76788
2.1024001,149.21011,149.77235
2.1025,149.2198,149.77679
2.1026001,149.22946,149.78123
2.1027,149.23909,149.78564
2.1027999,149.2487,149.79004
2.1029,149.25829,149.79442
2.1029999,149.26784,149.79877
2.1031001,149.27737,149.80312
2.1032,149.28688,149.80743
2.1033001,149.29636,149.81175
2.1034,149.3058,149.81604
2.1034999,149.31523,149.82031
2.1036,149.32463,149.82455
2.1036999,149.33401,149.8288
2.1038001,149.34337,149.83302
2.1039,149.35269,149.83722
2.1040001,149.362,149.8414
2.1041,149.37128,149.84558
2.1041999,149.38052,149.84973
2.1043,149.38976,149.85387
2.1043999,149.39896,149.85799
2.1045001,149.40813,149.86208
2.1046,149.41728,149.86617
2.1047001,149.42641,149.87024
2.1048,149.4355,149.87428
2.1048999,149.44458,149.87833
2.105,149.45363,149.88234
2.1050999,149.46265,149.88635
2.1052001,149.47163,149.89034
2.1052999,149.48061,149.8943
2.1054001,149.48955,149.89825
2.1055,149.49846,149.90219
2.1056001,149.50735,149.90611
2.1057,149.51622,149.91002
2.1057999,149.52504,149.91391
2.1059,149.53386,149.91779
2.1059999,149.54263,149.92165
2.1061001,149.55138,149.92549
2.1062,149.5601,149.92932
2.1063001,149.5688,149.93314
2.1064,149.57747,149.93692
2.1064999,149.58611,149.9407
2.1066,149.59471,149.94447
2.1066999,149.60329,149.94823
2.1068001,149.61183,149.95195
2.1069,149.62035,149.95567
2.1070001,149.62883,149.95938
2.1071,149.6373,149.96307
2.1071999,149.64572,149.96675
2.1073,149.65411,149.9704
2.1073999,149.66248,149.97404
2.1075001,149.67081,149.97768
2.1076,149.67911,149.98129
2.1077001,149.68738,149.98489
2.1078,149.6956,149.98848
2.1078999,149.70381,149.99205
2.108,149.71198,149.99561
2.1080999,149.72011,149.99915
2.1082001,149.72821,150.00267
2.1083,149.73628,150.00618
2.1084001,149.74431,150.00969
2.1085,149.7523,150.01317
2.1085999,149.76027,150.01663
2.1087,149.76819,150.0201
2.1087999,149.77608,150.02353
2.1089001,149.78394,150.02696
2.109,149.79176,150.03038
2.1091001,149.79955,150.03377
2.1092,149.80728,150.03716
2.1092999,149.815,150.04053
2.1094,149.82266,150.04388
2.1094999,149.83031,150.04723
2.1096001,149.83789,150.05057
2.1097,149.84546,150.05388
2.1098001,149.85298,150.05717
2.1099,149.86046,150.06047
2.1099999,149.8679,150.06375
2.1101,149.87531,150.067
2.1101999,149.88268,150.07025
2.1103001,149.89,150.07349
2.1104,149.89728,150.07672
2.1105001,149.90453,150.07993
2.1106,149.91173,150.08311
2.1106999,149.9189,150.0863
2.1108,149.92603,150.08948
2.1108999,149.93312,150.09264
2.1110001,149.94016,150.09578
2.1111,149.94716,150.09891
2.1112001,149.95413,150.10202
2.1113,149.96104,150.10513
2.1113999,149.96793,150.10822
2.1115,149.97478,150.1113
2.1115999,149.98157,150.11436
2.1117001,149.98833,150.11742
2.1118,149.99506,150.12047
2.1119001,150.00172,150.12349
2.112,150.00836,150.12651
2.1120999,150.01495,150.12952
2.1122,150.0215,150.13251
2.1122999,150.02802,150.13548
2.1124001,150.03448,150.13846
2.1125,150.04091,150.14142
2.1126001,150.04729,150.14435
2.1127,150.05363,150.14729
2.1127999,150.05994,150.15021
2.1129,150.06619,150.15311
2.1129999,150.0724,150.15601
2.1131001,150.07858,150.15889
2.1131999,150.08472,150.16176
2.1133001,150.09082,150.16463
2.1134,150.09686,150.16747
2.1135001,150.10287,150.1703
2.1136,150.10884,150.17313
2.1136999,150.11478,150.17595
2.1138,150.12067,150.17874
2.1138999,150.12651,150.18153
2.1140001,150.13232,150.18431
2.1141,150.13808,150.18707
2.1142001,150.14381,150.18983
2.1143,150.14949,150.19258
2.1143999,150.15514,150.19531
2.1145,150.16075,150.19803
2.1145999,150.16632,150.20074
2.1147001,150.17184,150.20345
2.1148,150.17732,150.20613
2.1149001,150.18277,150.2088
2.115,150.18819,150.21147
2.1150999,150.19356,150.21413
2.1152,150.1989,150.21677
2.1152999,150.20419,150.21939
2.1154001,150.20944,150.22202
2.1155,150.21466,150.22462
2.1156001,150.21985,150.22723
2.1157,150.22499,150.22981
2.1157999,150.2301,150.23239
2.1159,150.23517,150.23497
2.1159999,150.2402,150.23752
2.1161001,150.24521,150.24007
2.1162,150.25017,150.2426
2.1163001,150.2551,150.24513
2.1164,150.25999,150.24765
2.1164999,150.26486,150.25015
2.1166,150.26968,150.25264
2.1166999,150.27448,150.25513
2.1168001,150.27924,150.2576
2.1169,150.28395,150.26007
2.1170001,150.28865,150.26253
2.1171,150.2933,150.26497
2.1171999,150.29793,150.2674
2.1173,150.30252,150.26982
2.1173999,150.30708,150.27223
2.1175001,150.31161,150.27463
2.1176,150.31612,150.27702
2.1177001,150.32057,150.2794
2.1178,150.32501,150.28178
2.1178999,150.32942,150.28415
2.118,150.3338,150.2865
2.1180999,150.33815,150.28885
2.1182001,150.34247,150.29118
2.1183,150.34676,150.2935
2.1184001,150.35103,150.29582
2.1185,150.35526,150.29813
2.1185999,150.35947,150.30042
2.1187,150.36365,150.3027
2.1187999,150.3678,150.30498
2.1189001,150.37192,150.30725
2.119,150.37602,150.30951
2.1191001,150.3801,150.31175
2.1192,150.38414,150.314
2.1192999,150.38815,150.31622
2.1194,150.39215,150.31844
2.1194999,150.39613,150.32065
2.1196001,150.40007,150.32286
2.1197,150.40399,150.32504
2.1198001,150.4079,150.32722
2.1199,150.41177,150.32941
2.1199999,150.41563,150.33157
2.1201,150.41946,150.33372
2.1201999,150.42326,150.33588
2.1203001,150.42705,150.33801
2.1204,150.43082,150.34015
2.1205001,150.43456,150.34227
2.1206,150.43828,150.34438
2.1206999,150.44197,150.34648
2.1208,150.44565,150.34857
2.1208999,150.44931,150.35066
2.1210001,150.45294,150.35274
2.1210999,150.45656,150.3548
2.1212001,150.46016,150.35686
2.1213,150.46375,150.35892
2.1214001,150.4673,150.36096
2.1215,150.47084,150.36299
2.1215999,150.47435,150.36502
2.1217,150.47786,150.36703
2.1217999,150.48134,150.36905
2.1219001,150.4848,150.37105
2.122,150.48825,150.37303
2.1221001,150.49168,150.37502
2.1222,150.49509,150.377
2.1222999,150.49849,150.37897
2.1224,150.50186,150.38092
2.1224999,150.50522,150.38287
2.1226001,150.50856,150.38481
2.1227,150.51189,150.38675
2.1228001,150.5152,150.38867
2.1229,150.51849,150.39059
2.1229999,150.52176,150.3925
2.1231,150.52502,150.39441
2.1231999,150.52827,150.3963
2.1233001,150.53149,150.39819
2.1234,150.53471,150.40007
2.1235001,150.5379,150.40195
2.1236,150.54108,150.40381
2.1236999,150.54425,150.40565
2.1238,150.54739,150.4075
2.1238999,150.55054,150.40935
2.1240001,150.55365,150.41118
2.1241,150.55675,150.41301
2.1242001,150.55984,150.41483
2.1243,150.56291,150.41663
2.1243999,150.56596,150.41843
2.1245,150.56902,150.42023
2.1245999,150.57204,150.42201
2.1247001,150.57506,150.4238
2.1248,150.57805,150.42557
2.1249001,150.58102,150.42734
2.125,150.584,150.42909
2.1250999,150.58696,150.43083
2.1252,150.58989,150.43259
2.1252999,150.59282,150.43431
2.1254001,150.59572,150.43605
2.1255,150.59862,150.43776
2.1256001,150.6015,150.43948
2.1257,150.60435,150.44118
2.1257999,150.60721,150.44289
2.1259,150.61005,150.44458
2.1259999,150.61287,150.44626
2.1261001,150.61566,150.44794
2.1262,150.61845,150.44962
2.1263001,150.62123,150.45128
2.1264,150.62399,150.45293
2.1264999,150.62674,150.45457
2.1266,150.62947,150.45622
2.1266999,150.63219,150.45786
2.1268001,150.63487,150.45949
2.1269,150.63756,150.46112
2.1270001,150.64023,150.46272
2.1271,150.64288,150.46434
2.1271999,150.64552,150.46594
2.1273,150.64815,150.46754
2.1273999,150.65076,150.46913
2.1275001,150.65335,150.4707
2.1276,150.65591,150.47229
2.1277001,150.65848,150.47385
2.1278,150.66103,150.47542
2.1278999,150.66356,150.47697
2.128,150.66606,150.47852
2.1280999,150.66856,150.48007
2.1282001,150.67104,150.4816
2.1283,150.67351,150.48312
2.1284001,150.67595,150.48465
2.1285,150.67839,150.48618
2.1285999,150.6808,150.48769
2.1287,150.6832,150.48918
2.1287999,150.68559,150.49069
2.1289001,150.68796,150.49217
2.1289999,150.69031,150.49367
2.1291001,150.69263,150.49515
2.1292,150.69495,150.49661
2.1293001,150.69725,150.49808
2.1294,150.69954,150.49954
2.1294999,150.7018,150.50101
2.1296,150.70404,150.50246
2.1296999,150.70628,150.50389
2.1298001,150.7085,150.50533
2.1299,150.71069,150.50676
2.1300001,150.71286,150.50818
2.1301,150.71503,150.5096
2.1301999,150.71718,150.51102
2.1303,150.7193,150.51242
2.1303999,150.72142,150.51382
2.1305001,150.72351,150.51521
2.1306,150.72559,150.5166
2.1307001,150.72765,150.51799
2.1308,150.72968,150.51936
2.1308999,150.7317,150.52074
2.131,150.7337,150.52211
2.1310999,150.73569,150.52347
2.1312001,150.73766,150.52483
2.1313,150.73961,150.52617
2.1314001,150.74155,150.52751
2.1315,150.74345,150.52885
2.1315999,150.74536,150.53018
2.1317,150.74724,150.53151
2.1317999,150.7491,150.53282
2.1319001,150.75095,150.53415
2.132,150.75278,150.53546
2.1321001,150.75458,150.53676
2.1322,150.75636,150.53806
2.1322999,150.75815,150.53935
2.1324,150.7599,150.54063
2.1324999,150.76164,150.54192
2.1326001,150.76335,150.5432
2.1327,150.76506,150.54446
2.1328001,150.76674,150.54573
2.1329,150.7684,150.547
2.1329999,150.77005,150.54825
2.1331,150.77168,150.5495
2.1331999,150.7733,150.55075
2.1333001,150.77489,150.55199
2.1334,150.77647,150.55322
2.1335001,150.77803,150.55446
2.1336,150.77957,150.55568
2.1336999,150.7811,150.5569
2.1338,150.78261,150.55811
2.1338999,150.7841,150.55931
2.1340001,150.78557,150.56052
2.1341,150.78703,150.56172
2.1342001,150.78847,150.56291
2.1343,150.7899,150.5641
2.1343999,150.79131,150.56529
2.1345,150.79269,150.56647
2.1345999,150.79407,150.56764
2.1347001,150.79543,150.5688
2.1348,150.79677,150.56998
2.1349001,150.79808,150.57114
2.135,150.79939,150.57228
2.1350999,150.80069,150.57344
2.1352,150.80196,150.57458
2.1352999,150.80322,150.57571
2.1354001,150.80446,150.57686
2.1355,150.80569,150.57799
2.1356001,150.8069,150.5791
2.1357,150.80809,150.58023
2.1357999,150.80928,150.58134
2.1359,150.81044,150.58246
2.1359999,150.8116,150.58356
2.1361001,150.81273,150.58467
2.1362,150.81386,150.58575
2.1363001,150.81496,150.58685
2.1364,150.81606,150.58794
2.1364999,150.81712,150.58902
2.1366,150.81819,150.5901
2.1366999,150.81924,150.59117
2.1368001,150.82028,150.59225
2.1368999,150.8213,150.59331
2.1370001,150.82231,150.59438
2.1371,150.8233,150.59543
2.1372001,150.82428,150.59648
2.1373,150.82526,150.59753
2.1373999,150.8262,150.59857
2.1375,150.82715,150.59961
2.1375999,150.82808,150.60065
2.1377001,150.82899,150.60167
2.1378,150.8299,150.60271
2.1379001,150.8308,150.60371
2.138,150.83167,150.60474
2.1380999,150.83253,150.60574
2.1382,150.83339,150.60675
2.1382999,150.83424,150.60776
2.1384001,150.83507,150.60876
2.1385,150.83589,150.60976
2.1386001,150.8367,150.61075
2.1387,150.83751,150.61174
2.1387999,150.83829,150.61272
2.1389,150.83907,150.61369
2.1389999,150.83984,150.61467
2.1391001,150.84059,150.61565
2.1392,150.84134,150.61661
2.1393001,150.84209,150.61757
2.1394,150.8428,150.61853
2.1394999,150.84352,150.61949
2.1396,150.84424,150.62044
2.1396999,150.84492,150.62138
2.1398001,150.84561,150.62233
2.1399,150.8463,150.62326
2.1400001,150.84697,150.62419
2.1401,150.84763,150.62512
2.1401999,150.84828,150.62605
2.1403,150.84892,150.62698
2.1403999,150.84956,150.6279
2.1405001,150.85019,150.62881
2.1406,150.85081,150.62971
2.1407001,150.85143,150.63063
2.1408,150.85204,150.63153
2.1408999,150.85263,150.63243
2.141,150.85321,150.63333
2.1410999,150.85379,150.63422
2.1412001,150.85437,150.6351
2.1413,150.85493,150.63599
2.1414001,150.8555,150.63687
2.1415,150.85605,150.63774
2.1415999,150.8566,150.63863
2.1417,150.85713,150.6395
2.1417999,150.85767,150.64035
2.1419001,150.8582,150.64122
2.142,150.85872,150.64207
2.1421001,150.85922,150.64293
2.1422,150.85973,150.64378
2.1422999,150.86023,150.64464
2.1424,150.86073,150.64548
2.1424999,150.86122,150.64632
2.1426001,150.86171,150.64716
2.1427,150.86218,150.64798
2.1428001,150.86266,150.64882
2.1429,150.86311,150.64964
2.1429999,150.86359,150.65047
2.1431,150.86404,150.65129
2.1431999,150.86449,150.6521
2.1433001,150.86493,150.65291
2.1434,150.86537,150.65372
2.1435001,150.86581,150.65453
2.1436,150.86624,150.65533
2.1436999,150.86667,150.65613
2.1438,150.8671,150.65692
2.1438999,150.86751,150.65771
2.1440001,150.86792,150.65851
2.1441,150.86833,150.65929
2.1442001,150.86873,150.66008
2.1443,150.86913,150.66086
2.1443999,150.86952,150.66164
2.1445,150.8699,150.6624
2.1445999,150.8703,150.66318
2.1447001,150.87068,150.66394
2.1447999,150.87105,150.6647
2.1449001,150.87143,150.66545
2.145,150.8718,150.66621
2.1451001,150.87215,150.66696
2.1452,150.87251,150.66771
2.1452999,150.87286,150.66846
2.1454,150.87321,150.6692
2.1454999,150.87357,150.66995
2.1456001,150.87392,150.67068
2.1457,150.87425,150.67142
2.1458001,150.87459,150.67215
2.1459,150.87491,150.67288
2.1459999,150.87524,150.6736
2.1461,150.87556,150.67432
2.1461999,150.87589,150.67505
2.1463001,150.87619,150.67575
2.1464,150.87651,150.67647
2.1465001,150.87682,150.67719
2.1466,150.87712,150.67789
2.1466999,150.87741,150.67859
2.1468,150.87772,150.67929
2.1468999,150.87801,150.67999
2.1470001,150.8783,150.68068
2.1471,150.87857,150.68138
2.1472001,150.87886,150.68207
2.1473,150.87914,150.68275
2.1473999,150.87941,150.68343
2.1475,150.87967,150.68411
2.1475999,150.87993,150.68478
2.1477001,150.88019,150.68546
2.1478,150.88045,150.68613
2.1479001,150.88071,150.6868
2.148,150.88095,150.68747
2.1480999,150.8812,150.68813
2.1482,150.88144,150.6888
2.1482999,150.88167,150.68945
2.1484001,150.8819,150.69011
2.1485,150.88213,150.69075
2.1486001,150.88235,150.69141
2.1487,150.88257,150.69205
2.1487999,150.88278,150.69269
2.1489,150.883,150.69333
2.1489999,150.88321,150.69397
2.1491001,150.88341,150.69461
2.1492,150.88361,150.69524
2.1493001,150.8838,150.69588
2.1494,150.88399,150.6965
2.1494999,150.88417,150.69713
2.1496,150.88435,150.69774
2.1496999,150.88454,150.69836
2.1498001,150.8847,150.69897
2.1499,150.88487,150.6996
2.1500001,150.88504,150.70021
2.1501,150.88519,150.70082
2.1501999,150.88535,150.70142
2.1503,150.8855,150.70203
2.1503999,150.88565,150.70262
2.1505001,150.88579,150.70323
2.1506,150.88593,150.70383
2.1507001,150.88606,150.70442
2.1508,150.88618,150.705
2.1508999,150.88632,150.7056
2.151,150.88643,150.70618
2.1510999,150.88655,150.70677
2.1512001,150.88666,150.70735
2.1513,150.88676,150.70793
2.1514001,150.88687,150.7085
2.1515,150.88696,150.70908
2.1515999,150.88705,150.70964
2.1517,150.88715,150.71022
2.1517999,150.88722,150.71078
2.1519001,150.88731,150.71135
2.152,150.88737,150.71191
2.1521001,150.88745,150.71246
2.1522,150.88751,150.71303
2.1522999,150.88757,150.71358
2.1524,150.88763,150.71413
2.1524999,150.88768,150.71468
2.1526,150.88773,150.71523
2.1526999,150.88777,150.71577
2.1528001,150.88782,150.71632
2.1529,150.88785,150.71686
2.1530001,150.88788,150.71739
2.1531,150.88789,150.71794
2.1531999,150.88792,150.71848
2.1533,150.88794,150.71899
2.1533999,150.88794,150.71953
2.1535001,150.88795,150.72006
2.1536,150.88795,150.72058
2.1537001,150.88795,150.7211
2.1538,150.88794,150.72162
2.1538999,150.88792,150.72214
2.154,150.88791,150.72266
2.1540999,150.88789,150.72318
2.1542001,150.88788,150.72368
2.1543,150.88785,150.7242
2.1544001,150.88782,150.7247
2.1545,150.88777,150.7252
2.1545999,150.88773,150.72571
2.1547,150.88768,150.72621
2.1547999,150.88763,150.72672
2.1549001,150.88759,150.7272
2.155,150.88753,150.72771
2.1551001,150.88747,150.7282
2.1552,150.88741,150.72868
2.1552999,150.88733,150.72917
2.1554,150.88725,150.72966
2.1554999,150.88718,150.73015
2.1556001,150.8871,150.73062
2.1557,150.88701,150.73111
2.1558001,150.88693,150.73158
2.1559,150.88684,150.73206
2.1559999,150.88673,150.73253
2.1561,150.88664,150.733
2.1561999,150.88654,150.73347
2.1563001,150.88643,150.73395
2.1564,150.88632,150.73441
2.1565001,150.8862,150.73486
2.1566,150.88609,150.73534
2.1566999,150.88597,150.73579
2.1568,150.88585,150.73625
2.1568999,150.88571,150.73671
2.1570001,150.88559,150.73717
2.1571,150.88545,150.73761
2.1572001,150.88531,150.73807
2.1573,150.88518,150.73851
2.1573999,150.88504,150.73895
2.1575,150.8849,150.73941
2.1575999,150.88475,150.73985
2.1577001,150.8846,150.74028
2.1578,150.88445,150.74072
2.1579001,150.88429,150.74117
2.158,150.88414,150.74159
2.1580999,150.88397,150.74203
2.1582,150.8838,150.74246
2.1582999,150.88365,150.74289
2.1584001,150.88348,150.74332
2.1585,150.8833,150.74374
2.1586001,150.88313,150.74417
2.1587,150.88297,150.7446
2.1587999,150.88278,150.74501
2.1589,150.88261,150.74544
2.1589999,150.88243,150.74585
2.1591001,150.88225,150.74626
2.1592,150.88206,150.74667
2.1593001,150.88188,150.74709
2.1594,150.88168,150.7475
2.1594999,150.8815,150.74791
2.1596,150.8813,150.74832
2.1596999,150.88112,150.74872
2.1598001,150.88092,150.74913
2.1599,150.88072,150.74953
2.1600001,150.88052,150.74992
2.1601,150.88033,150.75032
2.1602001,150.88013,150.75072
2.1603,150.87993,150.75111
2.1603999,150.87973,150.75151
2.1605,150.87953,150.75191
2.1605999,150.87932,150.75229
2.1607001,150.87912,150.75269
2.1608,150.87891,150.75307
2.1609001,150.87871,150.75345
2.161,150.87849,150.75383
2.1610999,150.87828,150.75421
2.1612,150.87808,150.75459
2.1612999,150.87787,150.75497
2.1614001,150.87766,150.75536
2.1615,150.87744,150.75572
2.1616001,150.87724,150.7561
2.1617,150.87703,150.75647
2.1617999,150.87682,150.75684
2.1619,150.8766,150.7572
2.1619999,150.87639,150.75757
2.1621001,150.87617,150.75793
2.1622,150.87596,150.7583
2.1623001,150.87575,150.75867
2.1624,150.87553,150.75903
2.1624999,150.87532,150.75938
2.1626,150.87511,150.75975
2.1626999,150.87489,150.7601
2.1628001,150.87466,150.76045
2.1629,150.87445,150.7608
2.1630001,150.87424,150.76117
2.1631,150.87402,150.76151
2.1631999,150.87381,150.76186
2.1633,150.8736,150.76221
2.1633999,150.87338,150.76256
2.1635001,150.87317,150.76289
2.1636,150.87296,150.76324
2.1637001,150.87274,150.76358
2.1638,150.87253,150.76392
2.1638999,150.87231,150.76427
2.164,150.8721,150.7646
2.1640999,150.87189,150.76494
2.1642001,150.87169,150.76527
2.1643,150.87148,150.76561
2.1644001,150.87126,150.76593
2.1645,150.87105,150.76627
2.1645999,150.87083,150.76659
2.1647,150.87064,150.76692
2.1647999,150.87042,150.76724
2.1649001,150.87021,150.76756
2.165,150.87001,150.7679
2.1651001,150.8698,150.76822
2.1652,150.8696,150.76854
2.1652999,150.86938,150.76886
2.1654,150.86919,150.76917
2.1654999,150.86897,150.76949
2.1656001,150.86877,150.76981
2.1657,150.86856,150.77011
2.1658001,150.86836,150.77043
2.1659,150.86816,150.77074
2.1659999,150.86795,150.77106
2.1661,150.86775,150.77136
2.1661999,150.86755,150.77167
2.1663001,150.86736,150.77197
2.1664,150.86716,150.77228
2.1665001,150.86696,150.77258
2.1666,150.86676,150.77287
2.1666999,150.86656,150.77318
2.1668,150.86636,150.77348
2.1668999,150.86617,150.77377
2.1670001,150.86597,150.77408
2.1671,150.86577,150.77437
2.1672001,150.86559,150.77466
2.1673,150.86539,150.77496
2.1673999,150.86519,150.77525
2.1675,150.86501,150.77554
2.1675999,150.86481,150.77583
2.1677001,150.86462,150.77612
2.1677999,150.86443,150.7764
2.1679001,150.86424,150.77669
2.168,150.86404,150.77698
2.1681001,150.86386,150.77725
2.1682,150.86366,150.77754
2.1682999,150.86348,150.77782
2.1684,150.8633,150.77809
2.1684999,150.86311,150.77838
2.1686001,150.86292,150.77866
2.1687,150.86273,150.77893
2.1688001,150.86255,150.77921
2.1689,150.86237,150.77948
2.1689999,150.86218,150.77975
2.1691,150.862,150.78003
2.1691999,150.86182,150.78029
2.1693001,150.86163,150.78056
2.1694,150.86145,150.78082
2.1695001,150.86127,150.7811
2.1696,150.86108,150.78136
2.1696999,150.8609,150.78163
2.1698,150.86072,150.78189
2.1698999,150.86053,150.78215
2.1700001,150.86035,150.78241
2.1701,150.86018,150.78267
2.1702001,150.86,150.78293
2.1703,150.85982,150.78319
2.1703999,150.85963,150.78345
2.1705,150.85945,150.78371
2.1705999,150.85928,150.78395
2.1707001,150.8591,150.78421
2.1708,150.85892,150.78447
2.1709001,150.85875,150.78471
2.171,150.85857,150.78496
2.1710999,150.85838,150.78522
2.1712,150.85822,150.78546
2.1712999,150.85803,150.78571
2.1714001,150.85786,150.78595
2.1715,150.85768,150.78619
2.1716001,150.8575,150.78644
2.1717,150.85733,150.78668
2.1717999,150.85715,150.78693
2.1719,150.85698,150.78717
2.1719999,150.8568,150.78741
2.1721001,150.85663,150.78764
2.1722,150.85645,150.78789
2.1723001,150.85628,150.78812
2.1724,150.85609,150.78836
2.1724999,150.85593,150.78859
2.1726,150.85574,150.78882
2.1726999,150.85558,150.78906
2.1728001,150.85539,150.78929
2.1729,150.85522,150.78952
2.1730001,150.85504,150.78975
2.1731,150.85487,150.78998
2.1731999,150.85469,150.79021
2.1733,150.85452,150.79044
2.1733999,150.85434,150.79066
2.1735001,150.85417,150.79088
2.1736,150.85399,150.79111
2.1737001,150.85382,150.79134
2.1738,150.85364,150.79155
2.1738999,150.85347,150.79178
2.174,150.85329,150.79199
2.1740999,150.85312,150.79222
2.1742001,150.85294,150.79243
2.1743,150.85277,150.79265
2.1744001,150.85258,150.79286
2.1745,150.85242,150.79308
2.1745999,150.85223,150.79329
2.1747,150.85207,150.7935
2.1747999,150.85188,150.79372
2.1749001,150.85172,150.79393
2.175,150.85153,150.79414
2.1751001,150.85136,150.79436
2.1752,150.85118,150.79457
2.1752999,150.85101,150.79477
2.1754,150.85083,150.79498
2.1754999,150.85066,150.79518
2.1756001,150.85049,150.79539
2.1756999,150.85031,150.79559
2.1758001,150.85014,150.79581
2.1759,150.84996,150.79601
2.1760001,150.84979,150.7962
2.1761,150.84961,150.7964
2.1761999,150.84944,150.79662
2.1763,150.84926,150.79681
2.1763999,150.84909,150.79701
2.1765001,150.84892,150.79721
2.1766,150.84874,150.79739
2.1767001,150.84857,150.79759
2.1768,150.84839,150.79779
2.1768999,150.84822,150.79799
2.177,150.84805,150.79819
2.1770999,150.84787,150.79837
2.1772001,150.8477,150.79857
2.1773,150.84753,150.79875
2.1774001,150.84737,150.79895
2.1775,150.84718,150.79913
2.1775999,150.84702,150.79933
2.1777,150.84685,150.79951
2.1777999,150.84666,150.7997
2.1779001,150.8465,150.79988
2.178,150.84633,150.80008
2.1781001,150.84616,150.80026
2.1782,150.84599,150.80045
2.1782999,150.84583,150.80063
2.1784,150.84566,150.80081
2.1784999,150.84549,150.80099
2.1786001,150.84531,150.80118
2.1787,150.84514,150.80135
2.1788001,150.84499,150.80153
2.1789,150.84482,150.80171
2.1789999,150.84465,150.80188
2.1791,150.84448,150.80206
2.1791999,150.84431,150.80225
2.1793001,150.84415,150.80241
2.1794,150.84398,150.8026
2.1795001,150.84383,150.80276
2.1796,150.84366,150.80293
2.1796999,150.84349,150.80312
2.1798,150.84332,150.80328
2.1798999,150.84317,150.80345
2.1800001,150.843,150.80362
2.1801,150.84285,150.80379
2.1802001,150.84268,150.80397
2.1803,150.84253,150.80414
2.1803999,150.84238,150.80431
2.1805,150.84221,150.80446
2.1805999,150.84206,150.80463
2.1807001,150.8419,150.80479
2.1808,150.84174,150.80496
2.1809001,150.84158,150.80513
2.181,150.84143,150.80528
2.1810999,150.84128,150.80545
2.1812,150.84113,150.80562
2.1812999,150.84097,150.80577
2.1814001,150.84082,150.80594
2.1815,150.84068,150.80609
2.1816001,150.84053,150.80626
2.1817,150.84038,150.80641
2.1817999,150.84023,150.80656
2.1819,150.84009,150.80673
2.1819999,150.83994,150.80688
2.1821001,150.8398,150.80704
2.1822,150.83965,150.80719
2.1823001,150.83951,150.80736
2.1824,150.83937,150.80751
2.1824999,150.83923,150.80766
2.1826,150.83908,150.80782
2.1826999,150.83894,150.80797
2.1828001,150.83881,150.80811
2.1829,150.83867,150.80826
2.1830001,150.83855,150.80841
2.1831,150.83841,150.80856
2.1831999,150.83827,150.80872
2.1833,150.83813,150.80885
2.1833999,150.83801,150.80901
2.1835001,150.83788,150.80916
2.1835999,150.83775,150.8093
2.1837001,150.83762,150.80945
2.1838,150.83749,150.80959
2.1839001,150.83737,150.80974
2.184,150.83723,150.80988
2.1840999,150.83711,150.81003
2.1842,150.83699,150.81017
2.1842999,150.83687,150.8103
2.1844001,150.83675,150.81044
2.1845,150.83662,150.81059
2.1846001,150.83652,150.81073
2.1847,150.8364,150.81087
2.1847999,150.83627,150.811
2.1849,150.83617,150.81114
2.1849999,150.83604,150.81128
2.1851001,150.83594,150.81142
2.1852,150.83583,150.81155
2.1853001,150.83571,150.81169
2.1854,150.8356,150.81183
2.1854999,150.83549,150.81197
2.1856,150.83539,150.8121
2.1856999,150.83528,150.81223
2.1858001,150.83517,150.81236
2.1859,150.83507,150.8125
2.1860001,150.83498,150.81262
2.1861,150.83487,150.81276
2.1861999,150.83476,150.81288
2.1863,150.83467,150.81302
2.1863999,150.83456,150.81316
2.1865001,150.83447,150.81328
2.1866,150.83438,150.8134
2.1867001,150.83427,150.81354
2.1868,150.83418,150.81366
2.1868999,150.83409,150.81378
2.187,150.834,150.81392
2.1870999,150.83391,150.81404
2.1872001,150.83382,150.81416
2.1873,150.83374,150.81429
2.1874001,150.83365,150.81442
2.1875,150.83356,150.81454
2.1875999,150.83347,150.81467
2.1877,150.83339,150.81479
2.1877999,150.8333,150.81491
2.1879001,150.83322,150.81503
2.188,150.83315,150.81516
2.1881001,150.83305,150.81528
2.1882,150.83298,150.81538
2.1882999,150.8329,150.81551
2.1884,150.83282,150.81563
2.1884999,150.83275,150.81575
2.1886001,150.83267,150.81587
2.1887,150.8326,150.81598
2.1888001,150.83252,150.8161
2.1889,150.83246,150.81622
2.1889999,150.83238,150.81633
2.1891,150.83231,150.81645
2.1891999,150.83224,150.81656
2.1893001,150.83217,150.81668
2.1894,150.83211,150.81679
2.1895001,150.83203,150.81691
2.1896,150.83197,150.81702
2.1896999,150.83191,150.81714
2.1898,150.83183,150.81725
2.1898999,150.83177,150.81735
2.1900001,150.83171,150.81747
2.1901,150.83165,150.81758
2.1902001,150.83159,150.81769
2.1903,150.83153,150.81779
2.1903999,150.83147,150.8179
2.1905,150.83141,150.81802
2.1905999,150.83134,150.81813
2.1907001,150.8313,150.81824
2.1908,150.83124,150.81834
2.1909001,150.83118,150.81845
2.191,150.83113,150.81856
2.1910999,150.83107,150.81866
2.1912,150.83101,150.81877
2.1912999,150.83096,150.81888
2.1914001,150.83092,150.81897
2.1914999,150.83086,150.81908
2.1916001,150.83081,150.81918
2.1917,150.83075,150.81929
2.1918001,150.8307,150.8194
2.1919,150.83066,150.81949
2.1919999,150.83061,150.8196
2.1921,150.83057,150.8197
2.1921999,150.83052,150.81979
2.1923001,150.83046,150.8199
2.1924,150.83041,150.81999
2.1925001,150.83037,150.8201
2.1926,150.83034,150.82021
2.1926999,150.83029,150.8203
2.1928,150.83025,150.82039
2.1928999,150.8302,150.8205
2.1930001,150.83015,150.82059
2.1931,150.83011,150.82069
2.1932001,150.83008,150.82079
2.1933,150.83003,150.82088
2.1933999,150.82999,150.82098
2.1935,150.82996,150.82108
2.1935999,150.82991,150.82117
2.1937001,150.82986,150.82126
2.1938,150.82983,150.82137
2.1939001,150.82979,150.82146
2.194,150.82976,150.82155
2.1940999,150.82971,150.82164
2.1942,150.82968,150.82173
2.1942999,150.82965,150.82182
2.1944001,150.82961,150.82191
2.1945,150.82957,150.82201
2.1946001,150.82954,150.8221
2.1947,150.8295,150.82219
2.1947999,150.82947,150.82228
2.1949,150.82944,150.82237
2.1949999,150.82941,150.82246
2.1951001,150.82938,150.82256
2.1952,150.82933,150.82265
2.1953001,150.8293,150.82272
2.1954,150.82927,150.82281
2.1954999,150.82924,150.82291
2.1956,150.82921,150.823
2.1956999,150.82918,150.82307
2.1958001,150.82915,150.82317
2.1959,150.82912,150.82326
2.1960001,150.82909,150.82333
2.1961,150.82906,150.82343
2.1961999,150.82904,150.82352
2.1963,150.82901,150.82359
2.1963999,150.82898,150.82368
2.1965001,150.82895,150.82376
2.1966,150.82892,150.82385
2.1967001,150.8289,150.82393
2.1968,150.82887,150.82402
2.1968999,150.82884,150.8241
2.197,150.82883,150.82419
2.1970999,150.8288,150.82426
2.1972001,150.82877,150.82434
2.1973,150.82875,150.82443
2.1974001,150.82872,150.82451
2.1975,150.8287,150.82458
2.1975999,150.82867,150.82468
2.1977,150.82866,150.82475
2.1977999,150.82863,150.82483
2.1979001,150.82861,150.82491
2.198,150.82858,150.82498
2.1981001,150.82857,150.82507
2.1982,150.82854,150.82515
2.1982999,150.82852,150.82523
2.1984,150.82851,150.8253
2.1984999,150.82848,150.82538
2.1986001,150.82846,150.82545
2.1987,150.82845,150.82553
2.1988001,150.82843,150.82561
2.1989,150.8284,150.82568
2.1989999,150.82838,150.82576
2.1991,150.82837,150.82584
2.1991999,150.82835,150.82591
2.1993001,150.82834,150.82599
2.1993999,150.82832,150.82607
2.1995001,150.82831,150.82613
2.1996,150.82829,150.8262
2.1997001,150.82828,150.82628
2.1998,150.82826,150.82635
2.1998999,150.82825,150.82643
2.2,150.82823,150.82649
2.2000999,150.82822,150.82657
2.2002001,150.8282,150.82664
2.2003,150.82819,150.82672
2.2004001,150.82819,150.82678
2.2005,150.82817,150.82686
2.2005999,150.82816,150.82693
2.2007,150.82814,150.827
2.2007999,150.82814,150.82707
2.2009001,150.82812,150.82713
2.201,150.82811,150.82721
2.2011001,150.82811,150.82727
2.2012,150.82809,150.82735
2.2012999,150.82809,150.82741
2.2014,150.82808,150.82748
2.2014999,150.82808,150.82755
2.2016001,150.82806,150.82762
2.2017,150.82806,150.82768
2.2018001,150.82805,150.82776
2.2019,150.82805,150.82782
2.2019999,150.82805,150.82788
2.2021,150.82803,150.82796
2.2021999,150.82803,150.82802
2.2023001,150.82803,150.82808
2.2024,150.82803,150.82816
2.2025001,150.82803,150.82822
2.2026,150.82802,150.82828
2.2026999,150.82802,150.82834
2.2028,150.82802,150.82841
2.2028999,150.82802,150.82848
2.2030001,150.82802,150.82854
2.2031,150.82802,150.8286
2.2032001,150.82802,150.82866
2.2033,150.82802,150.82872
2.2033999,150.82802,150.8288
2.2035,150.82803,150.82886
2.2035999,150.82803,150.82892
2.2037001,150.82803,150.82898
2.2038,150.82803,150.82904
2.2039001,150.82803,150.8291
2.204,150.82805,150.82916
2.2040999,150.82805,150.82922
2.2042,150.82805,150.82928
2.2042999,150.82806,150.82935
2.2044001,150.82806,150.82941
2.2045,150.82808,150.82947
2.2046001,150.82808,150.82953
2.2047,150.82809,150.82957
2.2047999,150.82809,150.82964
2.2049,150.82811,150.8297
2.2049999,150.82811,150.82976
2.2051001,150.82812,150.82982
2.2052,150.82814,150.82988
2.2053001,150.82814,150.82993
2.2054,150.82816,150.82999
2.2054999,150.82817,150.83005
2.2056,150.82819,150.83011
2.2056999,150.8282,150.83015
2.2058001,150.8282,150.83022
2.2059,150.82822,150.83028
2.2060001,150.82823,150.83034
2.2061,150.82825,150.83038
2.2061999,150.82826,150.83044
2.2063,150.82828,150.83051
2.2063999,150.82829,150.83055
2.2065001,150.82831,150.83061
2.2066,150.82832,150.83066
2.2067001,150.82835,150.83072
2.2068,150.82837,150.83076
2.2068999,150.82838,150.83083
2.207,150.8284,150.83087
2.2070999,150.82841,150.83093
2.2072001,150.82845,150.83099
2.2072999,150.82846,150.83104
2.2074001,150.82848,150.83109
2.2075,150.82851,150.83115
2.2076001,150.82852,150.83119
2.2077,150.82854,150.83125
2.2077999,150.82857,150.8313
2.2079,150.82858,150.83136
2.2079999,150.82861,150.83141
2.2081001,150.82863,150.83145
2.2082,150.82866,150.83151
2.2083001,150.82867,150.83156
2.2084,150.8287,150.8316
2.2084999,150.82874,150.83167
2.2086,150.82875,150.83171
2.2086999,150.82878,150.83176
2.2088001,150.82881,150.8318
2.2089,150.82883,150.83186
2.2090001,150.82886,150.83191
2.2091,150.82889,150.83195
2.2091999,150.8289,150.832
2.2093,150.82893,150.83206
2.2093999,150.82896,150.83211
2.2095001,150.82899,150.83215
2.2096,150.82903,150.8322
2.2097001,150.82906,150.83224
2.2098,150.82909,150.83229
2.2098999,150.8291,150.83234
2.21,150.82913,150.8324
2.2100999,150.82916,150.83244
2.2102001,150.82919,150.83249
2.2103,150.82922,150.83253
2.2104001,150.82925,150.83258
2.2105,150.82928,150.83263
2.2105999,150.82932,150.83267
2.2107,150.82935,150.83272
2.2107999,150.82938,150.83276
2.2109001,150.82942,150.83281
2.211,150.82945,150.83286
2.2111001,150.82948,150.8329
2.2112,150.82951,150.83295
2.2112999,150.82954,150.83299
2.2114,150.82957,150.83304
2.2114999,150.82961,150.83308
2.2116001,150.82965,150.83311
2.2117,150.82968,150.83316
2.2118001,150.82971,150.83321
2.2119,150.82974,150.83325
2.2119999,150.82977,150.8333
2.2121,150.82982,150.83334
2.2121999,150.82985,150.83339
2.2123001,150.82988,150.83342
2.2124,150.82993,150.83347
2.2125001,150.82996,150.83351
2.2126,150.82999,150.83356
2.2126999,150.83002,150.83359
2.2128,150.83006,150.83363
2.2128999,150.83009,150.83368
2.2130001,150.83012,150.83372
2.2131,150.83017,150.83376
2.2132001,150.8302,150.8338
2.2133,150.83025,150.83385
2.2133999,150.83028,150.83388
2.2135,150.83031,150.83392
2.2135999,150.83035,150.83397
2.2137001,150.83038,150.834
2.2138,150.83041,150.83405
2.2139001,150.83046,150.83409
2.214,150.83049,150.83412
2.2140999,150.83054,150.83417
2.2142,150.83057,150.83421
2.2142999,150.83061,150.83424
2.2144001,150.83064,150.83429
2.2145,150.83067,150.83432
2.2146001,150.83072,150.83437
2.2147,150.83075,150.8344
2.2147999,150.8308,150.83444
2.2149,150.83083,150.83447
2.2149999,150.83087,150.83452
2.2151,150.8309,150.83455
2.2151999,150.83095,150.83459
2.2153001,150.83098,150.83463
2.2154,150.83102,150.83467
2.2155001,150.83105,150.8347
2.2156,150.8311,150.83475
2.2156999,150.83113,150.83478
2.2158,150.83116,150.83482
2.2158999,150.83121,150.83485
2.2160001,150.83124,150.83488
2.2161,150.83128,150.83493
2.2162001,150.83131,150.83496
2.2163,150.83136,150.83499
2.2163999,150.83139,150.83504
2.2165,150.83144,150.83507
2.2165999,150.83147,150.83511
2.2167001,150.83151,150.83514
2.2168,150.83154,150.83517
2.2169001,150.83159,150.83521
2.217,150.83162,150.83525
2.2170999,150.83167,150.83528
2.2172,150.8317,150.83531
2.2172999,150.83174,150.83536
2.2174001,150.83177,150.83539
2.2175,150.83182,150.83542
2.2176001,150.83185,150.83545
2.2177,150.83189,150.83549
2.2177999,150.83192,150.83553
2.2179,150.83197,150.83556
2.2179999,150.832,150.83559
2.2181001,150.83205,150.83562
2.2182,150.83208,150.83566
2.2183001,150.83212,150.83569
2.2184,150.83215,150.83572
2.2184999,150.8322,150.83575
2.2186,150.83223,150.83578
2.2186999,150.83228,150.83582
2.2188001,150.83231,150.83586
2.2189,150.83235,150.83589
2.2190001,150.83238,150.83592
2.2191,150.83243,150.83595
2.2191999,150.83246,150.83598
2.2193,150.8325,150.83601
2.2193999,150.83253,150.83604
2.2195001,150.83258,150.83607
2.2196,150.83261,150.83611
2.2197001,150.83266,150.83614
2.2198,150.8327,150.83617
2.2198999,150.83273,150.8362
2.22,150.83278,150.83623
2.2200999,150.83281,150.83626
2.2202001,150.83286,150.83629
2.2203,150.83289,150.83632
2.2204001,150.83293,150.83635
2.2205,150.83296,150.83638
2.2205999,150.83301,150.83641
2.2207,150.83304,150.83644
2.2207999,150.83308,150.83647
2.2209001,150.83311,150.8365
2.221,150.83316,150.83653
2.2211001,150.83319,150.83656
2.2212,150.83324,150.83659
2.2212999,150.83327,150.83662
2.2214,150.83331,150.83665
2.2214999,150.83334,150.83669
2.2216001,150.83339,150.83672
2.2217,150.83342,150.83673
2.2218001,150.83347,150.83676
2.2219,150.8335,150.83679
2.2219999,150.83354,150.83682
2.2221,150.83357,150.83685
2.2221999,150.83362,150.83688
2.2223001,150.83365,150.83691
2.2224,150.83369,150.83693
2.2225001,150.83372,150.83696
2.2226,150.83377,150.83699
2.2227001,150.8338,150.83702
2.2228,150.83385,150.83705
2.2228999,150.83388,150.83707
2.223,150.83392,150.8371
2.2230999,150.83395,150.83713
2.2232001,150.834,150.83716
2.2233,150.83403,150.83717
2.2234001,150.83408,150.8372
2.2235,150.83411,150.83723
2.2235999,150.83415,150.83727
2.2237,150.83418,150.83728
2.2237999,150.83423,150.83731
2.2239001,150.83426,150.83734
2.224,150.8343,150.83737
2.2241001,150.83434,150.83739
2.2242,150.83438,150.83742
2.2242999,150.83441,150.83745
2.2244,150.83446,150.83746
2.2244999,150.8345,150.83749
2.2246001,150.83453,150.83752
2.2247,150.83458,150.83754
2.2248001,150.83461,150.83757
2.2249,150.83466,150.8376
2.2249999,150.83469,150.83762
2.2251,150.83473,150.83765
2.2251999,150.83476,150.83766
2.2253001,150.83481,150.83769
2.2254,150.83484,150.83772
2.2255001,150.83488,150.83774
2.2256,150.83492,150.83777
2.2256999,150.83496,150.83778
2.2258,150.83501,150.83781
2.2258999,150.83504,150.83784
2.2260001,150.83508,150.83786
2.2261,150.83511,150.83789
2.2262001,150.83516,150.83791
2.2263,150.83519,150.83794
2.2263999,150.83524,150.83795
2.2265,150.83527,150.83798
2.2265999,150.83531,150.838
2.2267001,150.83536,150.83803
2.2268,150.83539,150.83804
2.2269001,150.83543,150.83807
2.227,150.83546,150.83809
2.2270999,150.83551,150.83812
2.2272,150.83554,150.83813
2.2272999,150.83559,150.83817
2.2274001,150.83562,150.83818
2.2275,150.83566,150.83821
2.2276001,150.83569,150.83823
2.2277,150.83574,150.83826
2.2277999,150.83578,150.83827
2.2279,150.83582,150.8383
2.2279999,150.83586,150.83832
2.2281001,150.83589,150.83835
2.2282,150.83594,150.83836
2.2283001,150.83597,150.83838
2.2284,150.83601,150.83841
2.2284999,150.83604,150.83842
2.2286,150.83609,150.83846
2.2286999,150.83614,150.83847
2.2288001,150.83617,150.83849
2.2289,150.83621,150.83852
2.2290001,150.83624,150.83853
2.2291,150.83629,150.83856
2.2291999,150.83632,150.83858
2.2293,150.83636,150.83859
2.2293999,150.8364,150.83862
2.2295001,150.83644,150.83864
2.2296,150.83647,150.83865
2.2297001,150.83652,150.83868
2.2298,150.83655,150.8387
2.2298999,150.83659,150.83871
2.23,150.83662,150.83875
2.2300999,150.83667,150.83876
2.2302001,150.8367,150.83878
2.2302999,150.83675,150.83881
2.2304001,150.83678,150.83882
2.2305,150.83682,150.83884
2.2306001,150.83685,150.83885
2.2307,150.8369,150.83888
2.2307999,150.83693,150.8389
2.2309,150.83698,150.83891
2.2309999,150.83701,150.83893
2.2311001,150.83705,150.83896
2.2312,150.83708,150.83897
2.2313001,150.83713,150.83899
2.2314,150.83716,150.839
2.2314999,150.8372,150.83904
2.2316,150.83723,150.83905
2.2316999,150.83728,150.83907
2.2318001,150.83731,150.83908
2.2319,150.83736,150.83911
2.2320001,150.83739,150.83913
2.2321,150.83743,150.83914
2.2321999,150.83746,150.83916
2.2323,150.83749,150.83917
2.2323999,150.83754,150.8392
2.2325001,150.83757,150.83922
2.2326,150.83762,150.83923
2.2327001,150.83765,150.83925
2.2328,150.83768,150.83926
2.2328999,150.83772,150.83929
2.233,150.83775,150.83931
2.2330999,150.8378,150.83932
2.2332001,150.83783,150.83934
2.2333,150.83786,150.83936
2.2334001,150.83791,150.83937
2.2335,150.83794,150.83939
2.2335999,150.83797,150.83942
2.2337,150.83801,150.83943
2.2337999,150.83804,150.83945
2.2339001,150.83807,150.83946
2.234,150.83812,150.83948
2.2341001,150.83815,150.83949
2.2342,150.83818,150.83951
2.2342999,150.83823,150.83952
2.2344,150.83826,150.83954
2.2344999,150.83829,150.83955
2.2346001,150.83832,150.83958
2.2347,150.83836,150.8396
2.2348001,150.83839,150.83961
2.2349,150.83842,150.83963
2.2349999,150.83846,150.83965
2.2351,150.8385,150.83966
2.2351999,150.83853,150.83968
2.2353001,150.83856,150.83969
2.2354,150.83859,150.83971
2.2355001,150.83864,150.83972
2.2356,150.83867,150.83974
2.2356999,150.8387,150.83975
2.2358,150.83873,150.83977
2.2358999,150.83876,150.83978
2.2360001,150.83881,150.8398
2.2361,150.83884,150.83981
2.2362001,150.83887,150.83983
2.2363,150.8389,150.83984
2.2363999,150.83893,150.83986
2.2365,150.83896,150.83987
2.2365999,150.83899,150.83989
2.2367001,150.83902,150.8399
2.2368,150.83907,150.83992
2.2369001,150.8391,150.83994
2.237,150.83913,150.83995
2.2370999,150.83916,150.83997
2.2372,150.83919,150.83998
2.2372999,150.83922,150.84
2.2374001,150.83925,150.84001
2.2375,150.83928,150.84003
2.2376001,150.83931,150.84004
2.2377,150.83934,150.84006
2.2377999,150.83937,150.84007
2.2379,150.8394,150.84009
2.2379999,150.83943,150.8401
2.2381001,150.83946,150.84012
2.2381999,150.83949,150.84013
2.2383001,150.83952,150.84015
2.2384,150.83955,150.84015
2.2385001,150.83958,150.84016
2.2386,150.83961,150.84018
2.2386999,150.83965,150.84019
2.2388,150.83968,150.84021
2.2388999,150.83971,150.84023
2.2390001,150.83972,150.84024
2.2391,150.83975,150.84026
2.2392001,150.83978,150.84027
2.2393,150.83981,150.84029
2.2393999,150.83984,150.84029
2.2395,150.83987,150.8403
2.2395999,150.8399,150.84032
2.2397001,150.83992,150.84033
2.2398,150.83995,150.84035
2.2399001,150.83998,150.84036
2.24,150.84001,150.84038
2.2400999,150.84004,150.84039
2.2402,150.84007,150.84039
2.2402999,150.84009,150.84041
2.2404001,150.84012,150.84042
2.2405,150.84015,150.84044
2.2406001,150.84018,150.84045
2.2407,150.84019,150.84047
2.2407999,150.84023,150.84047
2.2409,150.84026,150.84048
2.2409999,150.84029,150.8405
2.2411001,150.8403,150.84052
2.2412,150.84033,150.84053
2.2413001,150.84036,150.84055
2.2414,150.84039,150.84055
2.2414999,150.84041,150.84056
2.2416,150.84044,150.84058
2.2416999,150.84047,150.84059
2.2418001,150.84048,150.84061
2.2419,150.84052,150.84061
2.2420001,150.84055,150.84062
2.2421,150.84056,150.84064
2.2421999,150.84059,150.84065
2.2423,150.84062,150.84067
2.2423999,150.84064,150.84067
2.2425001,150.84067,150.84068
2.2426,150.84068,150.8407
2.2427001,150.84071,150.84071
2.2428,150.84074,150.84071
2.2428999,150.84076,150.84073
2.243,150.84079,150.84074
2.2430999,150.84081,150.84076
2.2432001,150.84084,150.84076
2.2433,150.84087,150.84077
2.2434001,150.84088,150.84079
2.2435,150.84091,150.84081
2.2435999,150.84093,150.84081
2.2437,150.84096,150.84082
2.2437999,150.84097,150.84084
2.2439001,150.841,150.84085
2.244,150.84102,150.84085
2.2441001,150.84105,150.84087
2.2442,150.84106,150.84088
2.2442999,150.84109,150.84088
2.2444,150.84111,150.8409
2.2444999,150.84114,150.84091
2.2446001,150.84116,150.84093
2.2447,150.84119,150.84093
2.2448001,150.8412,150.84094
2.2449,150.84123,150.84096
2.2449999,150.84125,150.84096
2.2451,150.84128,150.84097
2.2451999,150.84129,150.84099
2.2453001,150.84132,150.84099
2.2454,150.84134,150.841
2.2455001,150.84135,150.84102
2.2456,150.84138,150.84102
2.2456999,150.8414,150.84103
2.2458,150.84143,150.84105
2.2458999,150.84145,150.84105
2.2460001,150.84146,150.84106
2.2460999,150.84149,150.84108
2.2462001,150.84151,150.84108
2.2463,150.84154,150.84109
2.2464001,150.84155,150.84111
2.2465,150.84157,150.84111
2.2465999,150.8416,150.84113
2.2467,150.84161,150.84114
2.2467999,150.84163,150.84114
2.2469001,150.84166,150.84116
2.247,150.84167,150.84117
2.2471001,150.84169,150.84117
2.2472,150.84172,150.84119
2.2472999,150.84174,150.8412
2.2474,150.84175,150.8412
2.2474999,150.84178,150.84122
2.2476001,150.8418,150.84122
2.2477,150.84181,150.84123
2.2478001,150.84184,150.84125
2.2479,150.84186,150.84125
2.2479999,150.84187,150.84126
2.2481,150.84189,150.84126
2.2481999,150.84192,150.84128
2.2483001,150.84193,150.84129
2.2484,150.84195,150.84129
2.2485001,150.84196,150.84131
2.2486,150.842,150.84131
2.2486999,150.84201,150.84132
2.2488,150.84203,150.84134
2.2488999,150.84204,150.84134
2.2490001,150.84207,150.84135
2.2491,150.84209,150.84135
2.2492001,150.8421,150.84137
2.2493,150.84212,150.84138
2.2493999,150.84213,150.84138
2.2495,150.84216,150.8414
2.2495999,150.84218,150.8414
2.2497001,150.84219,150.84142
2.2498,150.84221,150.84142
2.2499001,150.84222,150.84143
2.25,150.84224,150.84145
2.2500999,150.84227,150.84145
2.2502,150.84229,150.84146
2.2502999,150.8423,150.84146
2.2504001,150.84232,150.84148
2.2505,150.84233,150.84148
2.2506001,150.84235,150.84149
2.2507,150.84236,150.84149
2.2507999,150.84239,150.84151
2.2509,150.84241,150.84151
2.2509999,150.84242,150.84152
2.2511001,150.84244,150.84154
2.2512,150.84245,150.84154
2.2513001,150.84247,150.84155
2.2514,150.84248,150.84155
2.2514999,150.8425,150.84157
2.2516,150.84251,150.84157
2.2516999,150.84253,150.84158
2.2518001,150.84254,150.84158
2.2519,150.84256,150.8416
2.2520001,150.84258,150.8416
2.2521,150.84261,150.84161
2.2521999,150.84262,150.84161
2.2523,150.84264,150.84163
2.2523999,150.84265,150.84163
2.2525001,150.84267,150.84164
2.2526,150.84268,150.84164
2.2527001,150.8427,150.84166
2.2528,150.84271,150.84166
2.2528999,150.84273,150.84167
2.253,150.84274,150.84167
2.2530999,150.84276,150.84169
2.2532001,150.84277,150.84169
2.2533,150.84279,150.84171
2.2534001,150.84279,150.84171
2.2535,150.8428,150.84172
2.2535999,150.84282,150.84172
2.2537,150.84283,150.84174
2.2537999,150.84285,150.84174
2.2539001,150.84286,150.84175
2.2539999,150.84288,150.84175
2.2541001,150.8429,150.84177
2.2542,150.84291,150.84177
2.2543001,150.84293,150.84178
2.2544,150.84294,150.84178
2.2544999,150.84296,150.84178
2.2546,150.84296,150.8418
2.2546999,150.84297,150.8418
2.2548001,150.84299,150.84181
2.2549,150.843,150.84181
2.2550001,150.84302,150.84183
2.2551,150.84303,150.84183
2.2551999,150.84305,150.84184
2.2553,150.84305,150.84184
2.2553999,150.84306,150.84186
2.2555001,150.84308,150.84186
2.2556,150.84309,150.84186
2.2557001,150.84311,150.84187
2.2558,150.84312,150.84187
2.2558999,150.84312,150.84189
2.256,150.84314,150.84189
2.2560999,150.84315,150.8419
2.2562001,150.84317,150.8419
2.2563,150.84317,150.8419
2.2564001,150.84319,150.84192
2.2565,150.8432,150.84192
2.2565999,150.84322,150.84193
2.2567,150.84322,150.84193
2.2567999,150.84323,150.84195
2.2569001,150.84325,150.84195
2.257,150.84326,150.84195
2.2571001,150.84326,150.84196
2.2572,150.84328,150.84196
2.2572999,150.84329,150.84198
2.2574,150.84331,150.84198
2.2574999,150.84331,150.84198
2.2576001,150.84332,150.842
2.2577,150.84334,150.842
2.2578001,150.84334,150.84201
2.2579,150.84335,150.84201
2.2579999,150.84337,150.84201
2.2581,150.84337,150.84203
2.2581999,150.84338,150.84203
2.2583001,150.8434,150.84204
2.2584,150.8434,150.84204
2.2585001,150.84341,150.84204
2.2586,150.84343,150.84206
2.2586999,150.84343,150.84206
2.2588,150.84344,150.84207
2.2588999,150.84344,150.84207
2.2590001,150.84346,150.84207
2.2591,150.84348,150.84209
2.2592001,150.84348,150.84209
2.2593,150.84349,150.84209
2.2593999,150.84349,150.8421
2.2595,150.84351,150.8421
2.2595999,150.84352,150.84212
2.2597001,150.84352,150.84212
2.2598,150.84354,150.84212
2.2599001,150.84354,150.84213
2.26,150.84355,150.84213
2.2600999,150.84355,150.84213
2.2602,150.84357,150.84215
2.2602999,150.84357,150.84215
2.2604001,150.84358,150.84216
2.2605,150.84358,150.84216
2.2606001,150.8436,150.84216
2.2607,150.8436,150.84218
2.2607999,150.84361,150.84218
2.2609,150.84361,150.84218
2.2609999,150.84363,150.84219
2.2611001,150.84363,150.84219
2.2612,150.84364,150.84219
2.2613001,150.84364,150.84221
2.2614,150.84366,150.84221
2.2614999,150.84366,150.84221
2.2616,150.84367,150.84222
2.2616999,150.84367,150.84222
2.2618001,150.84369,150.84222
2.2618999,150.84369,150.84224
2.2620001,150.8437,150.84224
2.2621,150.8437,150.84224
2.2622001,150.8437,150.84225
2.2623,150.84372,150.84225
2.2623999,150.84372,150.84225
2.2625,150.84373,150.84227
2.2625999,150.84373,150.84227
2.2627001,150.84375,150.84227
2.2628,150.84375,150.84229
2.2629001,150.84375,150.84229
2.263,150.84377,150.84229
2.2630999,150.84377,150.8423
2.2632,150.84378,150.8423
2.2632999,150.84378,150.8423
2.2634001,150.84378,150.84232
2.2635,150.8438,150.84232
2.2636001,150.8438,150.84232
2.2637,150.84381,150.84233
2.2637999,150.84381,150.84233
2.2639,150.84381,150.84233
2.2639999,150.84383,150.84235
2.2641001,150.84383,150.84235
2.2642,150.84383,150.84235
2.2643001,150.84384,150.84235
2.2644,150.84384,150.84236
2.2644999,150.84384,150.84236
2.2646,150.84386,150.84236
2.2646999,150.84386,150.84238
2.2648001,150.84386,150.84238
2.2649,150.84387,150.84238
2.2650001,150.84387,150.84239
2.2651,150.84387,150.84239
2.2651999,150.84389,150.84239
2.2653,150.84389,150.84239
2.2653999,150.84389,150.84241
2.2655001,150.84389,150.84241
2.2656,150.8439,150.84241
2.2657001,150.8439,150.84242
2.2658,150.8439,150.84242
2.2658999,150.84392,150.84242
2.266,150.84392,150.84242
2.2660999,150.84392,150.84244
2.2662001,150.84393,150.84244
2.2663,150.84393,150.84244
2.2664001,150.84393,150.84245
2.2665,150.84393,150.84245
2.2665999,150.84395,150.84245
2.2667,150.84395,150.84245
2.2667999,150.84395,150.84247
2.2669001,150.84395,150.84247
2.267,150.84396,150.84247
2.2671001,150.84396,150.84247
2.2672,150.84396,150.84248
2.2672999,150.84396,150.84248
2.2674,150.84398,150.84248
2.2674999,150.84398,150.8425
2.2676001,150.84398,150.8425
2.2677,150.84398,150.8425
2.2678001,150.84398,150.8425
2.2679,150.84399,150.84251
2.2679999,150.84399,150.84251
2.2681,150.84399,150.84251
2.2681999,150.84399,150.84251
2.2683001,150.84401,150.84253
2.2684,150.84401,150.84253
2.2685001,150.84401,150.84253
2.2686,150.84401,150.84253
2.2686999,150.84401,150.84254
2.2688,150.84402,150.84254
2.2688999,150.84402,150.84254
2.2690001,150.84402,150.84254
2.2691,150.84402,150.84256
2.2692001,150.84402,150.84256
2.2693,150.84404,150.84256
2.2693999,150.84404,150.84256
2.2695,150.84404,150.84258
2.2695999,150.84404,150.84258
2.2697001,150.84404,150.84258
2.2697999,150.84404,150.84258
2.2699001,150.84406,150.84259
2.27,150.84406,150.84259
2.2701001,150.84406,150.84259
2.2702,150.84406,150.84259
2.2702999,150.84406,150.84259
2.2704,150.84406,150.84261
2.2704999,150.84407,150.84261
2.2706001,150.84407,150.84261
2.2707,150.84407,150.84261
2.2708001,150.84407,150.84262
2.2709,150.84407,150.84262
2.2709999,150.84407,150.84262
2.2711,150.84407,150.84262
2.2711999,150.84409,150.84264
2.2713001,150.84409,150.84264
2.2714,150.84409,150.84264
2.2715001,150.84409,150.84264
2.2716,150.84409,150.84264
2.2716999,150.84409,150.84265
2.2718,150.84409,150.84265
2.2718999,150.84409,150.84265
2.2720001,150.8441,150.84265
2.2721,150.8441,150.84267
2.2722001,150.8441,150.84267
2.2723,150.8441,150.84267
2.2723999,150.8441,150.84267
2.2725,150.8441,150.84267
2.2725999,150.8441,150.84268
2.2727001,150.8441,150.84268
2.2728,150.8441,150.84268
2.2729001,150.84412,150.84268
2.273,150.84412,150.84268
2.2730999,150.84412,150.8427
2.2732,150.84412,150.8427
2.2732999,150.84412,150.8427
2.2734001,150.84412,150.8427
2.2735,150.84412,150.84271
2.2736001,150.84412,150.84271
2.2737,150.84412,150.84271
2.2737999,150.84412,150.84271
2.2739,150.84412,150.84271
2.2739999,150.84412,150.84273
2.2741001,150.84412,150.84273
2.2742,150.84413,150.84273
2.2743001,150.84413,150.84273
2.2744,150.84413,150.84273
2.2744999,150.84413,150.84274
2.2746,150.84413,150.84274
2.2746999,150.84413,150.84274
2.2748001,150.84413,150.84274
2.2749,150.84413,150.84274
2.2750001,150.84413,150.84274
2.2751,150.84413,150.84276
2.2751999,150.84413,150.84276
2.2753,150.84413,150.84276
2.2753999,150.84413,150.84276
2.2755001,150.84413,150.84276
2.2756,150.84413,150.84277
2.2757001,150.84413,150.84277
2.2758,150.84413,150.84277
2.2758999,150.84413,150.84277
2.276,150.84413,150.84277
2.2760999,150.84413,150.84279
2.2762001,150.84413,150.84279
2.2763,150.84413,150.84279
2.2764001,150.84413,150.84279
2.2765,150.84413,150.84279
2.2765999,150.84413,150.84279
2.2767,150.84413,150.8428
2.2767999,150.84413,150.8428
2.2769001,150.84413,150.8428
2.277,150.84413,150.8428
2.2771001,150.84413,150.8428
2.2772,150.84413,150.84282
2.2772999,150.84413,150.84282
2.2774,150.84413,150.84282
2.2774999,150.84413,150.84282
2.2776,150.84413,150.84282
2.2776999,150.84413,150.84282
2.2778001,150.84413,150.84283
2.2779,150.84413,150.84283
2.2780001,150.84413,150.84283
2.2781,150.84413,150.84283
2.2781999,150.84413,150.84283
2.2783,150.84413,150.84283
2.2783999,150.84413,150.84285
2.2785001,150.84413,150.84285
2.2786,150.84413,150.84285
2.2787001,150.84413,150.84285
2.2788,150.84413,150.84285
2.2788999,150.84413,150.84285
2.279,150.84413,150.84286
2.2790999,150.84413,150.84286
2.2792001,150.84413,150.84286
2.2793,150.84413,150.84286
2.2794001,150.84413,150.84286
2.2795,150.84413,150.84286
2.2795999,150.84413,150.84288
2.2797,150.84413,150.84288
2.2797999,150.84413,150.84288
2.2799001,150.84413,150.84288
2.28,150.84412,150.84288
2.2801001,150.84412,150.84288
2.2802,150.84412,150.84288
2.2802999,150.84412,150.8429
2.2804,150.84412,150.8429
2.2804999,150.84412,150.8429
2.2806001,150.84412,150.8429
2.2807,150.84412,150.8429
2.2808001,150.84412,150.8429
2.2809,150.84412,150.84291
2.2809999,150.84412,150.84291
2.2811,150.84412,150.84291
2.2811999,150.84412,150.84291
2.2813001,150.84412,150.84291
2.2814,150.84412,150.84291
2.2815001,150.8441,150.84291
2.2816,150.8441,150.84293
2.2816999,150.8441,150.84293
2.2818,150.8441,150.84293
2.2818999,150.8441,150.84293
2.2820001,150.8441,150.84293
2.2821,150.8441,150.84293
2.2822001,150.8441,150.84293
2.2823,150.8441,150.84294
2.2823999,150.8441,150.84294
2.2825,150.8441,150.84294
2.2825999,150.8441,150.84294
2.2827001,150.84409,150.84294
2.2828,150.84409,150.84294
2.2829001,150.84409,150.84294
2.283,150.84409,150.84296
2.2830999,150.84409,150.84296
2.2832,150.84409,150.84296
2.2832999,150.84409,150.84296
2.2834001,150.84409,150.84296
2.2835,150.84409,150.84296
2.2836001,150.84409,150.84296
2.2837,150.84407,150.84296
2.2837999,150.84407,150.84297
2.2839,150.84407,150.84297
2.2839999,150.84407,150.84297
2.2841001,150.84407,150.84297
2.2842,150.84407,150.84297
2.2843001,150.84407,150.84297
2.2844,150.84407,150.84297
2.2844999,150.84407,150.84299
2.2846,150.84406,150.84299
2.2846999,150.84406,150.84299
2.2848001,150.84406,150.84299
2.2849,150.84406,150.84299
2.2850001,150.84406,150.84299
2.2851,150.84406,150.84299
2.2852001,150.84406,150.84299
2.2853,150.84406,150.843
2.2853999,150.84406,150.843
2.2855,150.84404,150.843
2.2855999,150.84404,150.843
2.2857001,150.84404,150.843
2.2858,150.84404,150.843
2.2859001,150.84404,150.843
2.286,150.84404,150.843
2.2860999,150.84404,150.843
2.2862,150.84404,150.84302
2.2862999,150.84402,150.84302
2.2864001,150.84402,150.84302
2.2865,150.84402,150.84302
2.2866001,150.84402,150.84302
2.2867,150.84402,150.84302
2.2867999,150.84402,150.84302
2.2869,150.84402,150.84302
2.2869999,150.84402,150.84303
2.2871001,150.84401,150.84303
2.2872,150.84401,150.84303
2.2873001,150.84401,150.84303
2.2874,150.84401,150.84303
2.2874999,150.84401,150.84303
2.2876,150.84401,150.84303
2.2876999,150.84401,150.84303
2.2878001,150.84401,150.84303
2.2879,150.84399,150.84305
2.2880001,150.84399,150.84305
2.2881,150.84399,150.84305
2.2881999,150.84399,150.84305
2.2883,150.84399,150.84305
2.2883999,150.84399,150.84305
2.2885001,150.84399,150.84305
2.2886,150.84399,150.84305
2.2887001,150.84398,150.84305
2.2888,150.84398,150.84306
2.2888999,150.84398,150.84306
2.289,150.84398,150.84306
2.2890999,150.84398,150.84306
2.2892001,150.84398,150.84306
2.2893,150.84398,150.84306
2.2894001,150.84396,150.84306
2.2895,150.84396,150.84306
2.2895999,150.84396,150.84306
2.2897,150.84396,150.84306
2.2897999,150.84396,150.84308
2.2899001,150.84396,150.84308
2.29,150.84396,150.84308
2.2901001,150.84396,150.84308
2.2902,150.84395,150.84308
2.2902999,150.84395,150.84308
2.2904,150.84395,150.84308
2.2904999,150.84395,150.84308
2.2906001,150.84395,150.84308
2.2907,150.84395,150.84308
2.2908001,150.84395,150.84309
2.2909,150.84393,150.84309
2.2909999,150.84393,150.84309
2.2911,150.84393,150.84309
2.2911999,150.84393,150.84309
2.2913001,150.84393,150.84309
2.2914,150.84393,150.84309
2.2915001,150.84393,150.84309
2.2916,150.84393,150.84309
2.2916999,150.84392,150.84309
2.2918,150.84392,150.84311
2.2918999,150.84392,150.84311
2.2920001,150.84392,150.84311
2.2921,150.84392,150.84311
2.2922001,150.84392,150.84311
2.2923,150.84392,150.84311
2.2923999,150.8439,150.84311
2.2925,150.8439,150.84311
2.2925999,150.8439,150.84311
2.2927001,150.8439,150.84311
2.2927999,150.8439,150.84311
2.2929001,150.8439,150.84312
2.293,150.8439,150.84312
2.2931001,150.8439,150.84312
2.2932,150.84389,150.84312
2.2932999,150.84389,150.84312
2.2934,150.84389,150.84312
2.2934999,150.84389,150.84312
2.2936001,150.84389,150.84312
2.2937,150.84389,150.84312
2.2938001,150.84389,150.84312
2.2939,150.84387,150.84312
2.2939999,150.84387,150.84312
2.2941,150.84387,150.84314
2.2941999,150.84387,150.84314
2.2943001,150.84387,150.84314
2.2944,150.84387,150.84314
2.2945001,150.84387,150.84314
2.2946,150.84386,150.84314
2.2946999,150.84386,150.84314
2.2948,150.84386,150.84314
2.2948999,150.84386,150.84314
2.2950001,150.84386,150.84314
2.2951,150.84386,150.84314
2.2952001,150.84386,150.84314
2.2953,150.84386,150.84315
2.2953999,150.84384,150.84315
2.2955,150.84384,150.84315
2.2955999,150.84384,150.84315
2.2957001,150.84384,150.84315
2.2958,150.84384,150.84315
2.2959001,150.84384,150.84315
2.296,150.84384,150.84315
2.2960999,150.84383,150.84315
2.2962,150.84383,150.84315
2.2962999,150.84383,150.84315
2.2964001,150.84383,150.84315
2.2965,150.84383,150.84317
2.2966001,150.84383,150.84317
2.2967,150.84383,150.84317
2.2967999,150.84381,150.84317
2.2969,150.84381,150.84317
2.2969999,150.84381,150.84317
2.2971001,150.84381,150.84317
2.2972,150.84381,150.84317
2.2973001,150.84381,150.84317
2.2974,150.84381,150.84317
2.2974999,150.84381,150.84317
2.2976,150.8438,150.84317
2.2976999,150.8438,150.84317
2.2978001,150.8438,150.84317
2.2979,150.8438,150.84319
2.2980001,150.8438,150.84319
2.2981,150.8438,150.84319
2.2981999,150.8438,150.84319
2.2983,150.84378,150.84319
2.2983999,150.84378,150.84319
2.2985001,150.84378,150.84319
2.2986,150.84378,150.84319
2.2987001,150.84378,150.84319
2.2988,150.84378,150.84319
2.2988999,150.84378,150.84319
2.299,150.84377,150.84319
2.2990999,150.84377,150.84319
2.2992001,150.84377,150.84319
2.2993,150.84377,150.8432
2.2994001,150.84377,150.8432
2.2995,150.84377,150.8432
2.2995999,150.84377,150.8432
2.2997,150.84377,150.8432
2.2997999,150.84375,150.8432
2.2999001,150.84375,150.8432
2.3,150.84375,150.8432
2.3001001,150.84375,150.8432
2.3002,150.84375,150.8432
2.3002999,150.84375,150.8432
2.3004,150.84375,150.8432
2.3004999,150.84373,150.8432
2.3006001,150.84373,150.8432
2.3006999,150.84373,150.8432
2.3008001,150.84373,150.84322
2.3009,150.84373,150.84322
2.3010001,150.84373,150.84322
2.3011,150.84373,150.84322
2.3011999,150.84372,150.84322
2.3013,150.84372,150.84322
2.3013999,150.84372,150.84322
2.3015001,150.84372,150.84322
2.3016,150.84372,150.84322
2.3017001,150.84372,150.84322
2.3018,150.84372,150.84322
2.3018999,150.84372,150.84322
2.302,150.8437,150.84322
2.3020999,150.8437,150.84322
2.3022001,150.8437,150.84322
2.3023,150.8437,150.84322
2.3024001,150.8437,150.84323
2.3025,150.8437,150.84323
2.3025999,150.8437,150.84323
2.3027,150.8437,150.84323
2.3027999,150.84369,150.84323
2.3029001,150.84369,150.84323
2.303,150.84369,150.84323
2.3031001,150.84369,150.84323
2.3032,150.84369,150.84323
2.3032999,150.84369,150.84323
2.3034,150.84369,150.84323
2.3034999,150.84367,150.84323
2.3036001,150.84367,150.84323
2.3037,150.84367,150.84323
2.3038001,150.84367,150.84323
2.3039,150.84367,150.84323
2.3039999,150.84367,150.84323
2.3041,150.84367,150.84323
2.3041999,150.84367,150.84325
2.3043001,150.84366,150.84325
2.3044,150.84366,150.84325
2.3045001,150.84366,150.84325
2.3046,150.84366,150.84325
2.3046999,150.84366,150.84325
2.3048,150.84366,150.84325
2.3048999,150.84366,150.84325
2.3050001,150.84366,150.84325
2.3051,150.84364,150.84325
2.3052001,150.84364,150.84325
2.3053,150.84364,150.84325
2.3053999,150.84364,150.84325
2.3055,150.84364,150.84325
2.3055999,150.84364,150.84325
2.3057001,150.84364,150.84325
2.3058,150.84364,150.84325
2.3059001,150.84364,150.84325
2.306,150.84363,150.84326
2.3060999,150.84363,150.84326
2.3062,150.84363,150.84326
2.3062999,150.84363,150.84326
2.3064001,150.84363,150.84326
2.3065,150.84363,150.84326
2.3066001,150.84363,150.84326
2.3067,150.84363,150.84326
2.3067999,150.84361,150.84326
2.3069,150.84361,150.84326
2.3069999,150.84361,150.84326
2.3071001,150.84361,150.84326
2.3072,150.84361,150.84326
2.3073001,150.84361,150.84326
2.3074,150.84361,150.84326
2.3074999,150.84361,150.84326
2.3076,150.84361,150.84326
2.3076999,150.8436,150.84326
2.3078001,150.8436,150.84326
2.3079,150.8436,150.84326
2.3080001,150.8436,150.84326
2.3081,150.8436,150.84328
2.3081999,150.8436,150.84328
2.3083,150.8436,150.84328
2.3083999,150.8436,150.84328
2.3085001,150.8436,150.84328
2.3085999,150.84358,150.84328
2.3087001,150.84358,150.84328
2.3088,150.84358,150.84328
2.3089001,150.84358,150.84328
2.309,150.84358,150.84328
2.3090999,150.84358,150.84328
2.3092,150.84358,150.84328
2.3092999,150.84358,150.84328
2.3094001,150.84358,150.84328
2.3095,150.84358,150.84328
2.3096001,150.84357,150.84328
2.3097,150.84357,150.84328
2.3097999,150.84357,150.84328
2.3099,150.84357,150.84328
2.3099999,150.84357,150.84328
2.3101001,150.84357,150.84328
2.3102,150.84357,150.84328
2.3103001,150.84357,150.84329
2.3104,150.84357,150.84329
2.3104999,150.84357,150.84329
2.3106,150.84355,150.84329
2.3106999,150.84355,150.84329
2.3108001,150.84355,150.84329
2.3109,150.84355,150.84329
2.3110001,150.84355,150.84329
2.3111,150.84355,150.84329
2.3111999,150.84355,150.84329
2.3113,150.84355,150.84329
2.3113999,150.84355,150.84329
2.3115001,150.84355,150.84329
2.3116,150.84355,150.84329
2.3117001,150.84354,150.84329
2.3118,150.84354,150.84329
2.3118999,150.84354,150.84329
2.312,150.84354,150.84329
2.3120999,150.84354,150.84329
2.3122001,150.84354,150.84329
2.3123,150.84354,150.84329
2.3124001,150.84354,150.84329
2.3125,150.84354,150.84329
2.3125999,150.84354,150.84329
2.3127,150.84354,150.84329
2.3127999,150.84352,150.84331
2.3129001,150.84352,150.84331
2.313,150.84352,150.84331
2.3131001,150.84352,150.84331
2.3132,150.84352,150.84331
2.3132999,150.84352,150.84331
2.3134,150.84352,150.84331
2.3134999,150.84352,150.84331
2.3136001,150.84352,150.84331
2.3137,150.84352,150.84331
2.3138001,150.84352,150.84331
2.3139,150.84352,150.84331
2.3139999,150.84351,150.84331
2.3141,150.84351,150.84331
2.3141999,150.84351,150.84331
2.3143001,150.84351,150.84331
2.3144,150.84351,150.84331
2.3145001,150.84351,150.84331
2.3146,150.84351,150.84331
2.3146999,150.84351,150.84331
2.3148,150.84351,150.84331
2.3148999,150.84351,150.84331
2.3150001,150.84351,150.84331
2.3151,150.84351,150.84331
2.3152001,150.84351,150.84331
2.3153,150.84349,150.84331
2.3153999,150.84349,150.84331
2.3155,150.84349,150.84331
2.3155999,150.84349,150.84332
2.3157001,150.84349,150.84332
2.3158,150.84349,150.84332
2.3159001,150.84349,150.84332
2.316,150.84349,150.84332
2.3160999,150.84349,150.84332
2.3162,150.84349,150.84332
2.3162999,150.84349,150.84332
2.3164001,150.84349,150.84332
2.3164999,150.84349,150.84332
2.3166001,150.84349,150.84332
2.3167,150.84348,150.84332
2.3168001,150.84348,150.84332
2.3169,150.84348,150.84332
2.3169999,150.84348,150.84332
2.3171,150.84348,150.84332
2.3171999,150.84348,150.84332
2.3173001,150.84348,150.84332
2.3174,150.84348,150.84332
2.3175001,150.84348,150.84332
2.3176,150.84348,150.84332
2.3176999,150.84348,150.84332
2.3178,150.84348,150.84332
2.3178999,150.84348,150.84332
2.3180001,150.84348,150.84332
2.3181,150.84348,150.84332
2.3182001,150.84346,150.84332
2.3183,150.84346,150.84332
2.3183999,150.84346,150.84332
2.3185,150.84346,150.84332
2.3185999,150.84346,150.84332
2.3187001,150.84346,150.84334
2.3188,150.84346,150.84334
2.3189001,150.84346,150.84334
2.319,150.84346,150.84334
2.3190999,150.84346,150.84334
2.3192,150.84346,150.84334
2.3192999,150.84346,150.84334
2.3194001,150.84346,150.84334
2.3195,150.84346,150.84334
2.3196001,150.84346,150.84334
2.3197,150.84346,150.84334
2.3197999,150.84344,150.84334
2.3199,150.84344,150.84334
2.3199999,150.84344,150.84334
2.3201001,150.84344,150.84334
2.3202,150.84344,150.84334
2.3203001,150.84344,150.84334
2.3204,150.84344,150.84334
2.3204999,150.84344,150.84334
2.3206,150.84344,150.84334
2.3206999,150.84344,150.84334
2.3208001,150.84344,150.84334
2.3209,150.84344,150.84334
2.3210001,150.84344,150.84334
2.3211,150.84344,150.84334
2.3211999,150.84344,150.84334
2.3213,150.84344,150.84334
2.3213999,150.84344,150.84334
2.3215001,150.84344,150.84334
2.3216,150.84344,150.84334
2.3217001,150.84343,150.84334
2.3218,150.84343,150.84334
2.3218999,150.84343,150.84334
2.322,150.84343,150.84334
2.3220999,150.84343,150.84334
2.3222001,150.84343,150.84334
2.3223,150.84343,150.84334
2.3224001,150.84343,150.84335
2.3225,150.84343,150.84335
2.3225999,150.84343,150.84335
2.3227,150.84343,150.84335
2.3227999,150.84343,150.84335
2.3229001,150.84343,150.84335
2.323,150.84343,150.84335
2.3231001,150.84343,150.84335
2.3232,150.84343,150.84335
2.3232999,150.84343,150.84335
2.3234,150.84343,150.84335
2.3234999,150.84343,150.84335
2.3236001,150.84343,150.84335
2.3237,150.84343,150.84335
2.3238001,150.84341,150.84335
2.3239,150.84341,150.84335
2.3239999,150.84341,150.84335
2.3241,150.84341,150.84335
2.3241999,150.84341,150.84335
2.3243001,150.84341,150.84335
2.3243999,150.84341,150.84335
2.3245001,150.84341,150.84335
2.3246,150.84341,150.84335
2.3247001,150.84341,150.84335
2.3248,150.84341,150.84335
2.3248999,150.84341,150.84335
2.325,150.84341,150.84335
2.3250999,150.84341,150.84335
2.3252001,150.84341,150.84335
2.3253,150.84341,150.84335
2.3254001,150.84341,150.84335
2.3255,150.84341,150.84335
2.3255999,150.84341,150.84335
2.3257,150.84341,150.84335
2.3257999,150.84341,150.84335
2.3259001,150.84341,150.84335
2.326,150.84341,150.84335
2.3261001,150.84341,150.84335
2.3262,150.84341,150.84335
2.3262999,150.8434,150.84335
2.3264,150.8434,150.84335
2.3264999,150.8434,150.84335
2.3266001,150.8434,150.84335
2.3267,150.8434,150.84337
2.3268001,150.8434,150.84337
2.3269,150.8434,150.84337
2.3269999,150.8434,150.84337
2.3271,150.8434,150.84337
2.3271999,150.8434,150.84337
2.3273001,150.8434,150.84337
2.3274,150.8434,150.84337
2.3275001,150.8434,150.84337
2.3276,150.8434,150.84337
2.3276999,150.8434,150.84337
2.3278,150.8434,150.84337
2.3278999,150.8434,150.84337
2.3280001,150.8434,150.84337
2.3281,150.8434,150.84337
2.3282001,150.8434,150.84337
2.3283,150.8434,150.84337
2.3283999,150.8434,150.84337
2.3285,150.8434,150.84337
2.3285999,150.8434,150.84337
2.3287001,150.8434,150.84337
2.3288,150.8434,150.84337
2.3289001,150.8434,150.84337
2.329,150.8434,150.84337
2.3290999,150.8434,150.84337
2.3292,150.8434,150.84337
2.3292999,150.8434,150.84337
2.3294001,150.8434,150.84337
2.3295,150.8434,150.84337
2.3296001,150.84338,150.84337
2.3297,150.84338,150.84337
2.3297999,150.84338,150.84337
2.3299,150.84338,150.84337
2.3299999,150.84338,150.84337
2.3301001,150.84338,150.84337
2.3302,150.84338,150.84337
2.3303001,150.84338,150.84337
2.3304,150.84338,150.84337
2.3304999,150.84338,150.84337
2.3306,150.84338,150.84337
2.3306999,150.84338,150.84337
2.3308001,150.84338,150.84337
2.3309,150.84338,150.84337
2.3310001,150.84338,150.84337
2.3311,150.84338,150.84337
2.3311999,150.84338,150.84337
2.3313,150.84338,150.84337
2.3313999,150.84338,150.84337
2.3315001,150.84338,150.84337
2.3316,150.84338,150.84337
2.3317001,150.84338,150.84337
2.3318,150.84338,150.84337
2.3318999,150.84338,150.84337
2.332,150.84338,150.84338
2.3320999,150.84338,150.84338
2.3322001,150.84338,150.84338
2.3322999,150.84338,150.84338
2.3324001,150.84338,150.84338
2.3325,150.84338,150.84338
2.3326001,150.84338,150.84338
2.3327,150.84338,150.84338
2.3327999,150.84338,150.84338
2.3329,150.84338,150.84338
2.3329999,150.84338,150.84338
2.3331001,150.84338,150.84338
2.3332,150.84338,150.84338
2.3333001,150.84338,150.84338
2.3334,150.84338,150.84338
2.3334999,150.84338,150.84338
2.3336,150.84338,150.84338
2.3336999,150.84338,150.84338
2.3338001,150.84338,150.84338
2.3339,150.84338,150.84338
2.3340001,150.84338,150.84338
2.3341,150.84338,150.84338
2.3341999,150.84338,150.84338
2.3343,150.84338,150.84338
2.3343999,150.84338,150.84338
2.3345001,150.84338,150.84338
2.3346,150.84338,150.84338
2.3347001,150.84338,150.84338
2.3348,150.84338,150.84338
2.3348999,150.84338,150.84338
2.335,150.84338,150.84338
2.3350999,150.84338,150.84338
2.3352001,150.84338,150.84338
2.3353,150.84338,150.84338
2.3354001,150.84338,150.84338
2.3355,150.84338,150.84338
2.3355999,150.84338,150.84338
2.3357,150.84338,150.84338
2.3357999,150.84338,150.84338
2.3359001,150.84338,150.84338
2.336,150.84338,150.84338
2.3361001,150.84338,150.84338
2.3362,150.84338,150.84338
2.3362999,150.84338,150.84338
2.3364,150.84338,150.84338
2.3364999,150.84338,150.84338
2.3366001,150.84338,150.84338
2.3367,150.84338,150.84338
2.3368001,150.84338,150.84338
2.3369,150.84338,150.84338
2.3369999,150.84338,150.84338
2.3371,150.84338,150.84338
2.3371999,150.84338,150.84338
2.3373001,150.84338,150.84338
2.3374,150.84338,150.84338
2.3375001,150.84338,150.84338
2.3376,150.84338,150.84338
2.3376999,150.84338,150.84338
2.3378,150.84337,150.84338
2.3378999,150.84337,150.84338
2.3380001,150.84337,150.84338
2.3381,150.84337,150.84338
2.3382001,150.84337,150.84338
2.3383,150.84337,150.84338
2.3383999,150.84337,150.84338
2.3385,150.84337,150.84338
2.3385999,150.84337,150.84338
2.3387001,150.84337,150.84338
2.3388,150.84337,150.8434
2.3389001,150.84337,150.8434
2.339,150.84337,150.8434
2.3390999,150.84337,150.8434
2.3392,150.84337,150.8434
2.3392999,150.84337,150.8434
2.3394001,150.84337,150.8434
2.3395,150.84337,150.8434
2.3396001,150.84337,150.8434
2.3397,150.84337,150.8434
2.3397999,150.84337,150.8434
2.3399,150.84337,150.8434
2.3399999,150.84337,150.8434
2.3401,150.84337,150.8434
2.3401999,150.84337,150.8434
2.3403001,150.84337,150.8434
2.3404,150.84337,150.8434
2.3405001,150.84337,150.8434
2.3406,150.84337,150.8434
2.3406999,150.84337,150.8434
2.3408,150.84337,150.8434
2.3408999,150.84337,150.8434
2.3410001,150.84337,150.8434
2.3411,150.84337,150.8434
2.3412001,150.84337,150.8434
2.3413,150.84337,150.8434
2.3413999,150.84337,150.8434
2.3415,150.84337,150.8434
2.3415999,150.84337,150.8434
2.3417001,150.84337,150.8434
2.3418,150.84337,150.8434
2.3419001,150.84337,150.8434
2.342,150.84337,150.8434
2.3420999,150.84337,150.8434
2.3422,150.84337,150.8434
2.3422999,150.84337,150.8434
2.3424001,150.84337,150.8434
2.3425,150.84337,150.8434
2.3426001,150.84337,150.8434
2.3427,150.84337,150.8434
2.3427999,150.84337,150.8434
2.3429,150.84337,150.8434
2.3429999,150.84337,150.8434
2.3431001,150.84337,150.8434
2.3432,150.84337,150.8434
2.3433001,150.84337,150.8434
2.3434,150.84338,150.8434
2.3434999,150.84338,150.8434
2.3436,150.84338,150.8434
2.3436999,150.84338,150.8434
2.3438001,150.84338,150.8434
2.3439,150.84338,150.8434
2.3440001,150.84338,150.8434
2.3441,150.84338,150.8434
2.3441999,150.84338,150.8434
2.3443,150.84338,150.8434
2.3443999,150.84338,150.8434
2.3445001,150.84338,150.8434
2.3446,150.84338,150.8434
2.3447001,150.84338,150.8434
2.3448,150.84338,150.8434
2.3448999,150.84338,150.8434
2.345,150.84338,150.8434
2.3450999,150.84338,150.8434
2.3452001,150.84338,150.8434
2.3453,150.84338,150.8434
2.3454001,150.84338,150.8434
2.3455,150.84338,150.8434
2.3455999,150.84338,150.8434
2.3457,150.84338,150.8434
2.3457999,150.84338,150.8434
2.3459001,150.84338,150.8434
2.346,150.84338,150.8434
2.3461001,150.84338,150.8434
2.3462,150.84338,150.8434
2.3462999,150.84338,150.8434
2.3464,150.84338,150.8434
2.3464999,150.84338,150.8434
2.3466001,150.84338,150.8434
2.3467,150.84338,150.8434
2.3468001,150.84338,150.8434
2.3469,150.84338,150.8434
2.3469999,150.84338,150.8434
2.3471,150.84338,150.8434
2.3471999,150.84338,150.8434
2.3473001,150.84338,150.8434
2.3474,150.84338,150.8434
2.3475001,150.84338,150.8434
2.3476,150.84338,150.8434
2.3477001,150.84338,150.8434
2.3478,150.84338,150.8434
2.3478999,150.84338,150.8434
2.348,150.84338,150.8434
2.3480999,150.84338,150.8434
2.3482001,150.84338,150.8434
2.3483,150.84338,150.8434
2.3484001,150.84338,150.8434
2.3485,150.84338,150.84341
2.3485999,150.84338,150.84341
2.3487,150.84338,150.84341
2.3487999,150.84338,150.84341
2.3489001,150.84338,150.84341
2.349,150.84338,150.84341
2.3491001,150.84338,150.84341
2.3492,150.84338,150.84341
2.3492999,150.84338,150.84341
2.3494,150.84338,150.84341
2.3494999,150.84338,150.84341
2.3496001,150.84338,150.84341
2.3497,150.84338,150.84341
2.3498001,150.84338,150.84341
2.3499,150.84338,150.84341
2.3499999,150.84338,150.84341
2.3501,150.84338,150.84341
2.3501999,150.84338,150.84341
2.3503001,150.84338,150.84341
2.3504,150.84338,150.84341
2.3505001,150.84338,150.84341
2.3506,150.84338,150.84341
2.3506999,150.84338,150.84341
2.3508,150.84338,150.84341
2.3508999,150.84338,150.84341
2.3510001,150.84338,150.84341
2.3511,150.84338,150.84341
2.3512001,150.84338,150.84341
2.3513,150.84338,150.84341
2.3513999,150.84338,150.84341
2.3515,150.84338,150.84341
2.3515999,150.84338,150.84341
2.3517001,150.84338,150.84341
2.3518,150.84338,150.84341
2.3519001,150.84338,150.84341
2.352,150.84338,150.84341
2.3520999,150.84338,150.84341
2.3522,150.84338,150.84341
2.3522999,150.84338,150.84341
2.3524001,150.84338,150.84341
2.3525,150.84338,150.84341
2.3526001,150.84338,150.84341
2.3527,150.84338,150.84341
2.3527999,150.84338,150.84341
2.3529,150.84338,150.84341
2.3529999,150.84338,150.84341
2.3531001,150.84338,150.84341
2.3532,150.84338,150.84341
2.3533001,150.84338,150.84341
2.3534,150.84338,150.84341
2.3534999,150.84338,150.84341
2.3536,150.84338,150.84341
2.3536999,150.84338,150.84341
2.3538001,150.84338,150.84341
2.3539,150.84338,150.84341
2.3540001,150.84338,150.84341
2.3541,150.84338,150.84341
2.3541999,150.84338,150.84341
2.3543,150.84338,150.84341
2.3543999,150.84338,150.84341
2.3545001,150.84338,150.84341
2.3546,150.84338,150.84341
2.3547001,150.8434,150.84341
2.3548,150.8434,150.84341
2.3548999,150.8434,150.84341
2.355,150.8434,150.84341
2.3550999,150.8434,150.84341
2.3552001,150.8434,150.84341
2.3552999,150.8434,150.84341
2.3554001,150.8434,150.84341
2.3555,150.8434,150.84341
2.3556001,150.8434,150.84341
2.3557,150.8434,150.84341
2.3557999,150.8434,150.84341
2.3559,150.8434,150.84341
2.3559999,150.8434,150.84341
2.3561001,150.8434,150.84341
2.3562,150.8434,150.84341
2.3563001,150.8434,150.84341
2.3564,150.8434,150.84341
2.3564999,150.8434,150.84341
2.3566,150.8434,150.84341
2.3566999,150.8434,150.84341
2.3568001,150.8434,150.84341
2.3569,150.8434,150.84341
2.3570001,150.8434,150.84341
2.3571,150.8434,150.84341
2.3571999,150.8434,150.84341
2.3573,150.8434,150.84341
2.3573999,150.8434,150.84341
2.3575001,150.8434,150.84341
2.3576,150.8434,150.84341
2.3577001,150.8434,150.84341
2.3578,150.8434,150.84341
2.3578999,150.8434,150.84341
2.358,150.8434,150.84341
2.3580999,150.8434,150.84341
2.3582001,150.8434,150.84341
2.3583,150.8434,150.84341
2.3584001,150.8434,150.84341
2.3585,150.8434,150.84341
2.3585999,150.8434,150.84341
2.3587,150.8434,150.84341
2.3587999,150.8434,150.84341
2.3589001,150.8434,150.84341
2.359,150.8434,150.84341
2.3591001,150.8434,150.84341
2.3592,150.8434,150.84341
2.3592999,150.8434,150.84341
2.3594,150.8434,150.84341
2.3594999,150.8434,150.84341
2.3596001,150.8434,150.84341
2.3597,150.8434,150.84341
2.3598001,150.8434,150.84341
2.3599,150.8434,150.84341
2.3599999,150.8434,150.84341
2.3601,150.8434,150.84341
2.3601999,150.8434,150.84341
2.3603001,150.8434,150.84341
2.3604,150.8434,150.84341
2.3605001,150.8434,150.84341
2.3606,150.8434,150.84341
2.3606999,150.8434,150.84341
2.3608,150.8434,150.84341
2.3608999,150.8434,150.84341
2.3610001,150.8434,150.84341
2.3611,150.8434,150.84341
2.3612001,150.8434,150.84341
2.3613,150.8434,150.84341
2.3613999,150.8434,150.84341
2.3615,150.8434,150.84341
2.3615999,150.8434,150.84341
2.3617001,150.8434,150.84341
2.3618,150.8434,150.84341
2.3619001,150.8434,150.84341
2.362,150.8434,150.84341
2.3620999,150.8434,150.84341
2.3622,150.8434,150.84341
2.3622999,150.8434,150.84341
2.3624001,150.8434,150.84341
2.3625,150.8434,150.84341
2.3626001,150.84341,150.84341
2.3627,150.84341,150.84341
2.3627999,150.84341,150.84341
2.3629,150.84341,150.84341
2.3629999,150.84341,150.84341
2.3631001,150.84341,150.84341
2.3631999,150.84341,150.84341
2.3633001,150.84341,150.84341
2.3634,150.84341,150.84341
2.3635001,150.84341,150.84341
2.3636,150.84341,150.84341
2.3636999,150.84341,150.84341
2.3638,150.84341,150.84341
2.3638999,150.84341,150.84341
2.3640001,150.84341,150.84341
2.3641,150.84341,150.84341
2.3642001,150.84341,150.84341
2.3643,150.84341,150.84341
2.3643999,150.84341,150.84341
2.3645,150.84341,150.84341
2.3645999,150.84341,150.84341
2.3647001,150.84341,150.84341
2.3648,150.84341,150.84341
2.3649001,150.84341,150.84341
2.365,150.84341,150.84341
2.3650999,150.84341,150.84341
2.3652,150.84341,150.84341
2.3652999,150.84341,150.84341
2.3654001,150.84341,150.84343
2.3655,150.84341,150.84343
2.3656001,150.84341,150.84343
2.3657,150.84341,150.84343
2.3657999,150.84341,150.84343
2.3659,150.84341,150.84343
2.3659999,150.84341,150.84343
2.3661001,150.84341,150.84343
2.3662,150.84341,150.84343
2.3663001,150.84341,150.84343
2.3664,150.84341,150.84343
2.3664999,150.84341,150.84343
2.3666,150.84341,150.84343
2.3666999,150.84341,150.84343
2.3668001,150.84341,150.84343
2.3669,150.84341,150.84343
2.3670001,150.84341,150.84343
2.3671,150.84341,150.84343
2.3671999,150.84341,150.84343
2.3673,150.84341,150.84343
2.3673999,150.84341,150.84343
2.3675001,150.84341,150.84343
2.3676,150.84341,150.84343
2.3677001,150.84341,150.84343
2.3678,150.84341,150.84343
2.3678999,150.84341,150.84343
2.368,150.84341,150.84343
2.3680999,150.84341,150.84343
2.3682001,150.84341,150.84343
2.3683,150.84341,150.84343
2.3684001,150.84341,150.84343
2.3685,150.84341,150.84343
2.3685999,150.84341,150.84343
2.3687,150.84341,150.84343
2.3687999,150.84341,150.84343
2.3689001,150.84341,150.84343
2.369,150.84341,150.84343
2.3691001,150.84341,150.84343
2.3692,150.84341,150.84343
2.3692999,150.84341,150.84343
2.3694,150.84341,150.84343
2.3694999,150.84341,150.84343
2.3696001,150.84341,150.84343
2.3697,150.84341,150.84343
2.3698001,150.84341,150.84343
2.3699,150.84341,150.84343
2.3699999,150.84341,150.84343
2.3701,150.84341,150.84343
2.3701999,150.84341,150.84343
2.3703001,150.84341,150.84343
2.3704,150.84341,150.84343
2.3705001,150.84341,150.84343
2.3706,150.84341,150.84343
2.3706999,150.84341,150.84343
2.3708,150.84341,150.84343
2.3708999,150.84341,150.84343
2.3710001,150.84341,150.84343
2.3710999,150.84341,150.84343
2.3712001,150.84341,150.84343
2.3713,150.84341,150.84343
2.3714001,150.84341,150.84343
2.3715,150.84341,150.84343
2.3715999,150.84341,150.84343
2.3717,150.84343,150.84343
2.3717999,150.84343,150.84343
2.3719001,150.84343,150.84343
2.372,150.84343,150.84343
2.3721001,150.84343,150.84343
2.3722,150.84343,150.84343
2.3722999,150.84343,150.84343
2.3724,150.84343,150.84343
2.3724999,150.84343,150.84343
2.3726001,150.84343,150.84343
2.3727,150.84343,150.84343
2.3728001,150.84343,150.84343
2.3729,150.84343,150.84343
2.3729999,150.84343,150.84343
2.3731,150.84343,150.84343
2.3731999,150.84343,150.84343
2.3733001,150.84343,150.84343
2.3734,150.84343,150.84343
2.3735001,150.84343,150.84343
2.3736,150.84343,150.84343
2.3736999,150.84343,150.84343
2.3738,150.84343,150.84343
2.3738999,150.84343,150.84343
2.3740001,150.84343,150.84343
2.3741,150.84343,150.84343
2.3742001,150.84343,150.84343
2.3743,150.84343,150.84343
2.3743999,150.84343,150.84343
2.3745,150.84343,150.84343
2.3745999,150.84343,150.84343
2.3747001,150.84343,150.84343
2.3748,150.84343,150.84343
2.3749001,150.84343,150.84343
2.375,150.84343,150.84343
2.3750999,150.84343,150.84343
2.3752,150.84343,150.84343
2.3752999,150.84343,150.84343
2.3754001,150.84343,150.84343
2.3755,150.84343,150.84343
2.3756001,150.84343,150.84343
2.3757,150.84343,150.84343
2.3757999,150.84343,150.84343
2.3759,150.84343,150.84343
2.3759999,150.84343,150.84343
2.3761001,150.84343,150.84343
2.3762,150.84343,150.84343
2.3763001,150.84343,150.84343
2.3764,150.84343,150.84343
2.3764999,150.84343,150.84343
2.3766,150.84343,150.84343
2.3766999,150.84343,150.84343
2.3768001,150.84343,150.84343
2.3769,150.84343,150.84343
2.3770001,150.84343,150.84343
2.3771,150.84343,150.84343
2.3771999,150.84343,150.84343
2.3773,150.84343,150.84343
2.3773999,150.84343,150.84343
2.3775001,150.84343,150.84343
2.3776,150.84343,150.84343
2.3777001,150.84343,150.84343
2.3778,150.84343,150.84343
2.3778999,150.84343,150.84343
2.378,150.84343,150.84343
2.3780999,150.84343,150.84343
2.3782001,150.84343,150.84343
2.3783,150.84343,150.84343
2.3784001,150.84343,150.84343
2.3785,150.84343,150.84343
2.3785999,150.84343,150.84343
2.3787,150.84343,150.84343
2.3787999,150.84343,150.84343
2.3789001,150.84343,150.84343
2.3789999,150.84343,150.84343
2.3791001,150.84343,150.84343
2.3792,150.84343,150.84343
2.3793001,150.84343,150.84343
2.3794,150.84343,150.84343
2.3794999,150.84343,150.84343
2.3796,150.84343,150.84343
2.3796999,150.84343,150.84343
2.3798001,150.84343,150.84343
2.3799,150.84343,150.84343
2.3800001,150.84343,150.84343
2.3801,150.84343,150.84343
2.3801999,150.84343,150.84343
2.3803,150.84343,150.84343
2.3803999,150.84343,150.84343
2.3805001,150.84343,150.84343
2.3806,150.84343,150.84343
2.3807001,150.84343,150.84343
2.3808,150.84343,150.84343
2.3808999,150.84343,150.84343
2.381,150.84343,150.84343
2.3810999,150.84343,150.84343
2.3812001,150.84343,150.84343
2.3813,150.84343,150.84343
2.3814001,150.84343,150.84343
2.3815,150.84343,150.84343
2.3815999,150.84343,150.84343
2.3817,150.84343,150.84343
2.3817999,150.84343,150.84343
2.3819001,150.84343,150.84343
2.382,150.84343,150.84343
2.3821001,150.84343,150.84343
2.3822,150.84343,150.84343
2.3822999,150.84343,150.84343
2.3824,150.84343,150.84343
2.3824999,150.84343,150.84343
2.3826001,150.84343,150.84343
2.3827,150.84343,150.84343
2.3828001,150.84343,150.84343
2.3829,150.84343,150.84343
2.3829999,150.84343,150.84343
2.3831,150.84343,150.84343
2.3831999,150.84343,150.84343
2.3833001,150.84343,150.84343
2.3834,150.84343,150.84343
2.3835001,150.84343,150.84343
2.3836,150.84343,150.84343
2.3836999,150.84343,150.84343
2.3838,150.84343,150.84343
2.3838999,150.84343,150.84343
2.3840001,150.84344,150.84343
2.3841,150.84344,150.84343
2.3842001,150.84344,150.84343
2.3843,150.84344,150.84343
2.3843999,150.84344,150.84343
2.3845,150.84344,150.84343
2.3845999,150.84344,150.84343
2.3847001,150.84344,150.84343
2.3848,150.84344,150.84343
2.3849001,150.84344,150.84343
2.385,150.84344,150.84343
2.3850999,150.84344,150.84343
2.3852,150.84344,150.84343
2.3852999,150.84344,150.84343
2.3854001,150.84344,150.84343
2.3855,150.84344,150.84343
2.3856001,150.84344,150.84343
2.3857,150.84344,150.84343
2.3857999,150.84344,150.84343
2.3859,150.84344,150.84343
2.3859999,150.84344,150.84343
2.3861001,150.84344,150.84343
2.3862,150.84344,150.84343
2.3863001,150.84344,150.84343
2.3864,150.84344,150.84343
2.3864999,150.84344,150.84343
2.3866,150.84344,150.84343
2.3866999,150.84344,150.84343
2.3868001,150.84344,150.84343
2.3868999,150.84344,150.84343
2.3870001,150.84344,150.84343
2.3871,150.84344,150.84343
2.3872001,150.84344,150.84343
2.3873,150.84344,150.84343
2.3873999,150.84344,150.84343
2.3875,150.84344,150.84343
2.3875999,150.84344,150.84343
2.3877001,150.84344,150.84343
2.3878,150.84344,150.84343
2.3879001,150.84344,150.84343
2.388,150.84344,150.84343
2.3880999,150.84344,150.84343
2.3882,150.84344,150.84343
2.3882999,150.84344,150.84343
2.3884001,150.84344,150.84343
2.3885,150.84344,150.84343
2.3886001,150.84344,150.84343
2.3887,150.84344,150.84343
2.3887999,150.84344,150.84343
2.3889,150.84344,150.84343
2.3889999,150.84344,150.84343
2.3891001,150.84344,150.84343
2.3892,150.84344,150.84343
2.3893001,150.84344,150.84343
2.3894,150.84344,150.84343
2.3894999,150.84344,150.84343
2.3896,150.84344,150.84343
2.3896999,150.84344,150.84343
2.3898001,150.84344,150.84343
2.3899,150.84344,150.84343
2.3900001,150.84344,150.84343
2.3901,150.84344,150.84343
2.3901999,150.84344,150.84343
2.3903,150.84344,150.84343
2.3903999,150.84344,150.84343
2.3905001,150.84344,150.84343
2.3906,150.84344,150.84343
2.3907001,150.84344,150.84343
2.3908,150.84344,150.84343
2.3908999,150.84344,150.84343
2.391,150.84344,150.84343
2.3910999,150.84344,150.84343
2.3912001,150.84344,150.84343
2.3913,150.84344,150.84343
2.3914001,150.84344,150.84343
2.3915,150.84344,150.84343
2.3915999,150.84344,150.84343
2.3917,150.84344,150.84343
2.3917999,150.84344,150.84343
2.3919001,150.84344,150.84343
2.392,150.84344,150.84343
2.3921001,150.84344,150.84343
2.3922,150.84344,150.84343
2.3922999,150.84344,150.84343
2.3924,150.84344,150.84343
2.3924999,150.84344,150.84343
2.3926001,150.84344,150.84343
2.3927,150.84344,150.84343
2.3928001,150.84344,150.84343
2.3929,150.84344,150.84343
2.3929999,150.84344,150.84343
2.3931,150.84344,150.84343
2.3931999,150.84344,150.84343
2.3933001,150.84344,150.84343
2.3934,150.84344,150.84343
2.3935001,150.84344,150.84343
2.3936,150.84344,150.84343
2.3936999,150.84344,150.84343
2.3938,150.84344,150.84343
2.3938999,150.84344,150.84343
2.3940001,150.84344,150.84343
2.3941,150.84344,150.84343
2.3942001,150.84344,150.84343
2.3943,150.84344,150.84343
2.3943999,150.84344,150.84343
2.3945,150.84344,150.84343
2.3945999,150.84344,150.84343
2.3947001,150.84344,150.84343
2.3947999,150.84344,150.84343
2.3949001,150.84344,150.84343
2.395,150.84344,150.84343
2.3951001,150.84344,150.84343
2.3952,150.84344,150.84343
2.3952999,150.84344,150.84343
2.3954,150.84344,150.84343
2.3954999,150.84344,150.84343
2.3956001,150.84344,150.84343
2.3957,150.84344,150.84343
2.3958001,150.84344,150.84343
2.3959,150.84344,150.84343
2.3959999,150.84344,150.84343
2.3961,150.84344,150.84343
2.3961999,150.84344,150.84343
2.3963001,150.84344,150.84343
2.3964,150.84344,150.84343
2.3965001,150.84344,150.84343
2.3966,150.84344,150.84343
2.3966999,150.84344,150.84343
2.3968,150.84344,150.84343
2.3968999,150.84344,150.84343
2.3970001,150.84344,150.84343
2.3971,150.84344,150.84343
2.3972001,150.84344,150.84343
2.3973,150.84344,150.84343
2.3973999,150.84344,150.84343
2.3975,150.84344,150.84343
2.3975999,150.84344,150.84343
2.3977001,150.84344,150.84343
2.3978,150.84344,150.84343
2.3979001,150.84344,150.84343
2.398,150.84344,150.84343
2.3980999,150.84344,150.84343
2.3982,150.84344,150.84343
2.3982999,150.84344,150.84343
2.3984001,150.84344,150.84343
2.3985,150.84344,150.84343
2.3986001,150.84344,150.84343
2.3987,150.84344,150.84343
2.3987999,150.84344,150.84343
2.3989,150.84344,150.84343
2.3989999,150.84344,150.84343
2.3991001,150.84344,150.84343
2.3992,150.84344,150.84343
2.3993001,150.84344,150.84343
2.3994,150.84344,150.84343
2.3994999,150.84344,150.84343
2.3996,150.84344,150.84343
2.3996999,150.84344,150.84343
2.3998001,150.84344,150.84343
2.3999,150.84344,150.84343
2.4000001,150.84344,150.84343
2.4001,150.84344,150.84343
2.4001999,150.84344,150.84343
2.4003,150.84344,150.84343
2.4003999,150.84344,150.84343
2.4005001,150.84344,150.84343
2.4006,150.84344,150.84343
2.4007001,150.84344,150.84343
2.4008,150.84344,150.84343
2.4008999,150.84344,150.84343
2.401,150.84344,150.84343
2.4010999,150.84344,150.84343
2.4012001,150.84344,150.84343
2.4013,150.84344,150.84343
2.4014001,150.84344,150.84343
2.4015,150.84344,150.84343
2.4015999,150.84344,150.84343
2.4017,150.84344,150.84343
2.4017999,150.84344,150.84343
2.4019001,150.84344,150.84343
2.402,150.84344,150.84343
2.4021001,150.84344,150.84343
2.4022,150.84344,150.84343
2.4022999,150.84344,150.84343
2.4024,150.84344,150.84343
2.4024999,150.84344,150.84343
2.4026,150.84344,150.84343
2.4026999,150.84344,150.84343
2.4028001,150.84344,150.84343
2.4029,150.84344,150.84343
2.4030001,150.84344,150.84343
2.4031,150.84344,150.84343
2.4031999,150.84344,150.84343
2.4033,150.84344,150.84343
2.4033999,150.84344,150.84343
2.4035001,150.84344,150.84343
2.4036,150.84344,150.84343
2.4037001,150.84344,150.84343
2.4038,150.84344,150.84343
2.4038999,150.84344,150.84343
2.404,150.84344,150.84343
2.4040999,150.84344,150.84343
2.4042001,150.84344,150.84343
2.4043,150.84344,150.84343
2.4044001,150.84344,150.84343
2.4045,150.84344,150.84343
2.4045999,150.84344,150.84343
2.4047,150.84344,150.84343
2.4047999,150.84344,150.84343
2.4049001,150.84344,150.84343
2.405,150.84344,150.84343
2.4051001,150.84344,150.84343
2.4052,150.84344,150.84343
2.4052999,150.84344,150.84343
2.4054,150.84344,150.84343
2.4054999,150.84344,150.84343
2.4056001,150.84344,150.84343
2.4057,150.84344,150.84343
2.4058001,150.84344,150.84343
2.4059,150.84344,150.84343
2.4059999,150.84344,150.84343
2.4061,150.84344,150.84343
2.4061999,150.84344,150.84343
2.4063001,150.84344,150.84343
2.4064,150.84344,150.84343
2.4065001,150.84344,150.84343
2.4066,150.84344,150.84343
2.4066999,150.84344,150.84343
2.4068,150.84344,150.84343
2.4068999,150.84344,150.84343
2.4070001,150.84344,150.84343
2.4071,150.84344,150.84343
2.4072001,150.84344,150.84343
2.4073,150.84344,150.84343
2.4073999,150.84344,150.84343
2.4075,150.84344,150.84343
2.4075999,150.84344,150.84343
2.4077001,150.84344,150.84343
2.4078,150.84344,150.84343
2.4079001,150.84344,150.84343
2.408,150.84344,150.84343
2.4080999,150.84344,150.84343
2.4082,150.84344,150.84343
2.4082999,150.84344,150.84343
2.4084001,150.84344,150.84343
2.4085,150.84344,150.84343
2.4086001,150.84344,150.84343
2.4087,150.84344,150.84343
2.4087999,150.84344,150.84343
2.4089,150.84344,150.84343
2.4089999,150.84344,150.84343
2.4091001,150.84344,150.84343
2.4092,150.84344,150.84343
2.4093001,150.84344,150.84343
2.4094,150.84344,150.84343
2.4094999,150.84344,150.84343
2.4096,150.84344,150.84343
2.4096999,150.84344,150.84343
2.4098001,150.84344,150.84343
2.4099,150.84344,150.84343
2.4100001,150.84344,150.84343
2.4101,150.84344,150.84343
2.4102001,150.84344,150.84343
2.4103,150.84344,150.84343
2.4103999,150.84344,150.84343
2.4105,150.84344,150.84343
2.4105999,150.84344,150.84343
2.4107001,150.84344,150.84343
2.4108,150.84344,150.84343
2.4109001,150.84344,150.84343
2.411,150.84344,150.84343
2.4110999,150.84344,150.84343
2.4112,150.84344,150.84343
2.4112999,150.84344,150.84343
2.4114001,150.84344,150.84343
2.4115,150.84344,150.84343
2.4116001,150.84344,150.84343
2.4117,150.84344,150.84343
2.4117999,150.84344,150.84343
2.4119,150.84344,150.84343
2.4119999,150.84344,150.84343
2.4121001,150.84344,150.84343
2.4122,150.84344,150.84343
2.4123001,150.84344,150.84343
2.4124,150.84344,150.84343
2.4124999,150.84344,150.84343
2.4126,150.84344,150.84343
2.4126999,150.84344,150.84343
2.4128001,150.84344,150.84343
2.4129,150.84344,150.84343
2.4130001,150.84344,150.84343
2.4131,150.84344,150.84343
2.4131999,150.84344,150.84343
2.4133,150.84344,150.84343
2.4133999,150.84344,150.84343
2.4135001,150.84344,150.84343
2.4136,150.84344,150.84343
2.4137001,150.84344,150.84343
2.4138,150.84344,150.84343
2.4138999,150.84344,150.84343
2.414,150.84344,150.84343
2.4140999,150.84344,150.84343
2.4142001,150.84344,150.84343
2.4143,150.84344,150.84343
2.4144001,150.84344,150.84343
2.4145,150.84344,150.84343
2.4145999,150.84344,150.84343
2.4147,150.84344,150.84343
2.4147999,150.84344,150.84343
2.4149001,150.84344,150.84343
2.415,150.84344,150.84343
2.4151001,150.84344,150.84343
2.4152,150.84344,150.84343
2.4152999,150.84344,150.84343
2.4154,150.84344,150.84343
2.4154999,150.84344,150.84343
2.4156001,150.84344,150.84343
2.4157,150.84344,150.84343
2.4158001,150.84344,150.84343
2.4159,150.84344,150.84343
2.4159999,150.84344,150.84343
2.4161,150.84344,150.84343
2.4161999,150.84344,150.84343
2.4163001,150.84344,150.84343
2.4164,150.84344,150.84343
2.4165001,150.84344,150.84343
2.4166,150.84344,150.84343
2.4166999,150.84344,150.84343
2.4168,150.84344,150.84343
2.4168999,150.84344,150.84343
2.4170001,150.84344,150.84343
2.4171,150.84344,150.84343
2.4172001,150.84344,150.84343
2.4173,150.84344,150.84343
2.4173999,150.84344,150.84343
2.4175,150.84344,150.84343
2.4175999,150.84344,150.84343
2.4177001,150.84344,150.84343
2.4177999,150.84344,150.84343
2.4179001,150.84344,150.84343
2.418,150.84344,150.84343
2.4181001,150.84344,150.84343
2.4182,150.84344,150.84343
2.4182999,150.84344,150.84343
2.4184,150.84344,150.84343
2.4184999,150.84344,150.84343
2.4186001,150.84344,150.84343
2.4187,150.84344,150.84343
2.4188001,150.84344,150.84343
2.4189,150.84344,150.84343
2.4189999,150.84344,150.84343
2.4191,150.84344,150.84343
2.4191999,150.84344,150.84343
2.4193001,150.84344,150.84343
2.4194,150.84344,150.84343
2.4195001,150.84344,150.84343
2.4196,150.84344,150.84343
2.4196999,150.84344,150.84343
2.4198,150.84344,150.84343
2.4198999,150.84344,150.84343
2.4200001,150.84344,150.84343
2.4201,150.84344,150.84343
2.4202001,150.84344,150.84343
2.4203,150.84344,150.84343
2.4203999,150.84344,150.84343
2.4205,150.84344,150.84343
2.4205999,150.84344,150.84343
2.4207001,150.84344,150.84343
2.4208,150.84344,150.84343
2.4209001,150.84344,150.84343
2.421,150.84344,150.84343
2.4210999,150.84344,150.84343
2.4212,150.84344,150.84343
2.4212999,150.84344,150.84343
2.4214001,150.84344,150.84343
2.4215,150.84344,150.84343
2.4216001,150.84344,150.84343
2.4217,150.84344,150.84343
2.4217999,150.84344,150.84343
2.4219,150.84344,150.84343
2.4219999,150.84344,150.84343
2.4221001,150.84344,150.84343
2.4222,150.84344,150.84343
2.4223001,150.84344,150.84343
2.4224,150.84344,150.84343
2.4224999,150.84344,150.84343
2.4226,150.84344,150.84343
2.4226999,150.84344,150.84343
2.4228001,150.84344,150.84343
2.4229,150.84344,150.84343
2.4230001,150.84344,150.84343
2.4231,150.84344,150.84343
2.4231999,150.84344,150.84343
2.4233,150.84344,150.84343
2.4233999,150.84344,150.84343
2.4235001,150.84344,150.84343
2.4236,150.84344,150.84343
2.4237001,150.84344,150.84343
2.4238,150.84344,150.84343
2.4238999,150.84344,150.84343
2.424,150.84344,150.84343
2.4240999,150.84344,150.84343
2.4242001,150.84344,150.84343
2.4243,150.84344,150.84343
2.4244001,150.84344,150.84343
2.4245,150.84344,150.84343
2.4245999,150.84344,150.84343
2.4247,150.84344,150.84343
2.4247999,150.84344,150.84343
2.4249001,150.84344,150.84343
2.425,150.84344,150.84343
2.4251001,150.84344,150.84343
2.4252,150.84344,150.84343
2.4252999,150.84344,150.84343
2.4254,150.84344,150.84343
2.4254999,150.84344,150.84343
2.4256001,150.84344,150.84343
2.4256999,150.84344,150.84343
2.4258001,150.84344,150.84343
2.4259,150.84344,150.84343
2.4260001,150.84344,150.84343
2.4261,150.84344,150.84343
2.4261999,150.84344,150.84343
2.4263,150.84344,150.84343
2.4263999,150.84344,150.84343
2.4265001,150.84344,150.84343
2.4266,150.84344,150.84343
2.4267001,150.84344,150.84343
2.4268,150.84344,150.84343
2.4268999,150.84344,150.84343
2.427,150.84344,150.84343
2.4270999,150.84344,150.84343
2.4272001,150.84344,150.84343
2.4273,150.84344,150.84343
2.4274001,150.84344,150.84343
2.4275,150.84344,150.84343
2.4275999,150.84344,150.84343
2.4277,150.84344,150.84343
2.4277999,150.84344,150.84343
2.4279001,150.84344,150.84343
2.428,150.84344,150.84343
2.4281001,150.84344,150.84343
2.4282,150.84344,150.84343
2.4282999,150.84344,150.84343
2.4284,150.84344,150.84343
2.4284999,150.84344,150.84343
2.4286001,150.84344,150.84343
2.4287,150.84344,150.84343
2.4288001,150.84344,150.84343
2.4289,150.84344,150.84343
2.4289999,150.84344,150.84343
2.4291,150.84344,150.84343
2.4291999,150.84344,150.84343
2.4293001,150.84344,150.84343
2.4294,150.84344,150.84343
2.4295001,150.84344,150.84343
2.4296,150.84344,150.84343
2.4296999,150.84344,150.84343
2.4298,150.84344,150.84343
2.4298999,150.84344,150.84343
2.4300001,150.84344,150.84343
2.4301,150.84344,150.84343
2.4302001,150.84344,150.84343
2.4303,150.84344,150.84343
2.4303999,150.84344,150.84343
2.4305,150.84344,150.84343
2.4305999,150.84344,150.84343
2.4307001,150.84344,150.84343
2.4308,150.84344,150.84343
2.4309001,150.84344,150.84343
2.431,150.84344,150.84343
2.4310999,150.84344,150.84343
2.4312,150.84344,150.84343
2.4312999,150.84344,150.84343
2.4314001,150.84344,150.84343
2.4315,150.84344,150.84343
2.4316001,150.84344,150.84343
2.4317,150.84344,150.84343
2.4317999,150.84344,150.84343
2.4319,150.84344,150.84343
2.4319999,150.84344,150.84343
2.4321001,150.84344,150.84343
2.4322,150.84344,150.84343
2.4323001,150.84344,150.84343
2.4324,150.84344,150.84343
2.4324999,150.84344,150.84343
2.4326,150.84344,150.84343
2.4326999,150.84344,150.84343
2.4328001,150.84344,150.84343
2.4329,150.84344,150.84343
2.4330001,150.84344,150.84343
2.4331,150.84344,150.84343
2.4331999,150.84344,150.84343
2.4333,150.84344,150.84343
2.4333999,150.84344,150.84343
2.4335001,150.84344,150.84343
2.4335999,150.84344,150.84343
2.4337001,150.84344,150.84343
2.4338,150.84344,150.84343
2.4339001,150.84344,150.84343
2.434,150.84344,150.84343
2.4340999,150.84344,150.84343
2.4342,150.84344,150.84343
2.4342999,150.84344,150.84343
2.4344001,150.84344,150.84343
2.4345,150.84344,150.84343
2.4346001,150.84344,150.84343
2.4347,150.84344,150.84343
2.4347999,150.84344,150.84343
2.4349,150.84344,150.84343
2.4349999,150.84344,150.84343
2.4351001,150.84344,150.84343
2.4352,150.84344,150.84343
2.4353001,150.84344,150.84343
2.4354,150.84344,150.84343
2.4354999,150.84344,150.84343
2.4356,150.84344,150.84343
2.4356999,150.84344,150.84343
2.4358001,150.84344,150.84343
2.4359,150.84344,150.84343
2.4360001,150.84344,150.84343
2.4361,150.84344,150.84343
2.4361999,150.84344,150.84343
2.4363,150.84344,150.84343
2.4363999,150.84344,150.84343
2.4365001,150.84344,150.84343
2.4366,150.84344,150.84343
2.4367001,150.84344,150.84343
2.4368,150.84344,150.84343
2.4368999,150.84344,150.84343
2.437,150.84344,150.84343
2.4370999,150.84344,150.84343
2.4372001,150.84344,150.84343
2.4373,150.84344,150.84343
2.4374001,150.84344,150.84343
2.4375,150.84344,150.84343
2.4375999,150.84344,150.84343
2.4377,150.84344,150.84343
2.4377999,150.84344,150.84343
2.4379001,150.84344,150.84343
2.438,150.84344,150.84343
2.4381001,150.84344,150.84343
2.4382,150.84344,150.84343
2.4382999,150.84344,150.84343
2.4384,150.84344,150.84343
2.4384999,150.84344,150.84343
2.4386001,150.84344,150.84343
2.4387,150.84344,150.84343
2.4388001,150.84344,150.84343
2.4389,150.84344,150.84343
2.4389999,150.84344,150.84343
2.4391,150.84344,150.84343
2.4391999,150.84344,150.84343
2.4393001,150.84344,150.84343
2.4394,150.84344,150.84343
2.4395001,150.84344,150.84343
2.4396,150.84344,150.84343
2.4396999,150.84344,150.84343
2.4398,150.84344,150.84343
2.4398999,150.84344,150.84343
2.4400001,150.84344,150.84343
2.4401,150.84344,150.84343
2.4402001,150.84344,150.84343
2.4403,150.84344,150.84343
2.4403999,150.84344,150.84343
2.4405,150.84344,150.84343
2.4405999,150.84344,150.84343
2.4407001,150.84344,150.84343
2.4408,150.84344,150.84343
2.4409001,150.84344,150.84343
2.441,150.84344,150.84343
2.4410999,150.84344,150.84343
2.4412,150.84344,150.84343
2.4412999,150.84344,150.84343
2.4414001,150.84344,150.84343
2.4414999,150.84344,150.84343
2.4416001,150.84344,150.84343
2.4417,150.84344,150.84343
2.4418001,150.84344,150.84343
2.4419,150.84344,150.84343
2.4419999,150.84344,150.84343
2.4421,150.84344,150.84343
2.4421999,150.84344,150.84343
2.4423001,150.84344,150.84343
2.4424,150.84344,150.84343
2.4425001,150.84344,150.84343
2.4426,150.84344,150.84343
2.4426999,150.84344,150.84343
2.4428,150.84344,150.84343
2.4428999,150.84344,150.84343
2.4430001,150.84344,150.84343
2.4431,150.84344,150.84343
2.4432001,150.84344,150.84343
2.4433,150.84344,150.84343
2.4433999,150.84344,150.84343
2.4435,150.84344,150.84343
2.4435999,150.84344,150.84343
2.4437001,150.84344,150.84343
2.4438,150.84344,150.84343
2.4439001,150.84344,150.84343
2.444,150.84344,150.84343
2.4440999,150.84344,150.84343
2.4442,150.84344,150.84343
2.4442999,150.84344,150.84343
2.4444001,150.84344,150.84343
2.4445,150.84344,150.84343
2.4446001,150.84344,150.84343
2.4447,150.84344,150.84343
2.4447999,150.84344,150.84343
2.4449,150.84344,150.84343
2.4449999,150.84344,150.84343
2.4451001,150.84344,150.84343
2.4452,150.84344,150.84343
2.4453001,150.84344,150.84343
2.4454,150.84344,150.84343
2.4454999,150.84344,150.84343
2.4456,150.84344,150.84343
2.4456999,150.84344,150.84343
2.4458001,150.84344,150.84343
2.4459,150.84344,150.84343
2.4460001,150.84344,150.84343
2.4461,150.84344,150.84343
2.4461999,150.84344,150.84343
2.4463,150.84344,150.84343
2.4463999,150.84344,150.84343
2.4465001,150.84344,150.84343
2.4466,150.84344,150.84343
2.4467001,150.84344,150.84343
2.4468,150.84344,150.84343
2.4468999,150.84344,150.84343
2.447,150.84344,150.84343
2.4470999,150.84344,150.84343
2.4472001,150.84344,150.84343
2.4473,150.84344,150.84343
2.4474001,150.84344,150.84343
2.4475,150.84344,150.84343
2.4475999,150.84344,150.84343
2.4477,150.84344,150.84343
2.4477999,150.84344,150.84343
2.4479001,150.84344,150.84343
2.448,150.84344,150.84343
2.4481001,150.84344,150.84343
2.4482,150.84344,150.84343
2.4482999,150.84344,150.84343
2.4484,150.84344,150.84343
2.4484999,150.84344,150.84343
2.4486001,150.84344,150.84343
2.4487,150.84344,150.84343
2.4488001,150.84344,150.84343
2.4489,150.84344,150.84343
2.4489999,150.84344,150.84343
2.4491,150.84344,150.84343
2.4491999,150.84344,150.84343
2.4493001,150.84344,150.84343
2.4493999,150.84344,150.84343
2.4495001,150.84344,150.84343
2.4496,150.84344,150.84343
2.4497001,150.84344,150.84343
2.4498,150.84344,150.84343
2.4498999,150.84344,150.84343
2.45,150.84344,150.84343
2.4500999,150.84344,150.84343
2.4502001,150.84344,150.84343
2.4503,150.84344,150.84343
2.4504001,150.84344,150.84343
2.4505,150.84344,150.84343
2.4505999,150.84344,150.84343
2.4507,150.84344,150.84343
2.4507999,150.84344,150.84343
2.4509001,150.84344,150.84343
2.451,150.84344,150.84343
2.4511001,150.84344,150.84343
2.4512,150.84344,150.84343
2.4512999,150.84344,150.84343
2.4514,150.84344,150.84343
2.4514999,150.84344,150.84343
2.4516001,150.84344,150.84343
2.4517,150.84344,150.84343
2.4518001,150.84344,150.84343
2.4519,150.84344,150.84343
2.4519999,150.84344,150.84343
2.4521,150.84344,150.84343
2.4521999,150.84344,150.84343
2.4523001,150.84344,150.84343
2.4524,150.84344,150.84343
2.4525001,150.84344,150.84343
2.4526,150.84344,150.84343
2.4526999,150.84344,150.84343
2.4528,150.84344,150.84343
2.4528999,150.84344,150.84343
2.4530001,150.84344,150.84343
2.4531,150.84344,150.84343
2.4532001,150.84344,150.84343
2.4533,150.84344,150.84343
2.4533999,150.84344,150.84343
2.4535,150.84344,150.84343
2.4535999,150.84344,150.84343
2.4537001,150.84344,150.84343
2.4538,150.84344,150.84343
2.4539001,150.84344,150.84343
2.454,150.84344,150.84343
2.4540999,150.84344,150.84343
2.4542,150.84344,150.84343
2.4542999,150.84344,150.84343
2.4544001,150.84344,150.84343
2.4545,150.84344,150.84343
2.4546001,150.84344,150.84343
2.4547,150.84344,150.84343
2.4547999,150.84344,150.84343
2.4549,150.84344,150.84343
2.4549999,150.84344,150.84343
2.4551001,150.84344,150.84343
2.4552,150.84344,150.84343
2.4553001,150.84344,150.84343
2.4554,150.84344,150.84343
2.4554999,150.84344,150.84343
2.4556,150.84344,150.84343
2.4556999,150.84344,150.84343
2.4558001,150.84344,150.84343
2.4559,150.84344,150.84343
2.4560001,150.84344,150.84343
2.4561,150.84344,150.84343
2.4561999,150.84344,150.84343
2.4563,150.84344,150.84343
2.4563999,150.84344,150.84343
2.4565001,150.84344,150.84343
2.4566,150.84344,150.84343
2.4567001,150.84344,150.84343
2.4568,150.84344,150.84343
2.4568999,150.84344,150.84343
2.457,150.84344,150.84343
2.4570999,150.84344,150.84343
2.4572001,150.84344,150.84343
2.4572999,150.84344,150.84343
2.4574001,150.84344,150.84343
2.4575,150.84344,150.84343
2.4576001,150.84344,150.84343
2.4577,150.84344,150.84343
2.4577999,150.84344,150.84343
2.4579,150.84344,150.84343
2.4579999,150.84344,150.84343
2.4581001,150.84344,150.84343
2.4582,150.84344,150.84343
2.4583001,150.84344,150.84343
2.4584,150.84344,150.84343
2.4584999,150.84344,150.84343
2.4586,150.84344,150.84343
2.4586999,150.84344,150.84343
2.4588001,150.84344,150.84343
2.4589,150.84344,150.84343
2.4590001,150.84344,150.84343
2.4591,150.84344,150.84343
2.4591999,150.84344,150.84343
2.4593,150.84344,150.84343
2.4593999,150.84344,150.84343
2.4595001,150.84344,150.84343
2.4596,150.84344,150.84343
2.4597001,150.84344,150.84343
2.4598,150.84344,150.84343
2.4598999,150.84344,150.84343
2.46,150.84344,150.84343
2.4600999,150.84344,150.84343
2.4602001,150.84344,150.84343
2.4603,150.84344,150.84343
2.4604001,150.84344,150.84343
2.4605,150.84344,150.84343
2.4605999,150.84344,150.84343
2.4607,150.84344,150.84343
2.4607999,150.84344,150.84343
2.4609001,150.84344,150.84343
2.461,150.84344,150.84343
2.4611001,150.84344,150.84343
2.4612,150.84344,150.84343
2.4612999,150.84344,150.84343
2.4614,150.84344,150.84343
2.4614999,150.84344,150.84343
2.4616001,150.84344,150.84343
2.4617,150.84344,150.84343
2.4618001,150.84344,150.84343
2.4619,150.84344,150.84343
2.4619999,150.84344,150.84343
2.4621,150.84344,150.84343
2.4621999,150.84344,150.84343
2.4623001,150.84344,150.84343
2.4624,150.84344,150.84343
2.4625001,150.84344,150.84343
2.4626,150.84344,150.84343
2.4626999,150.84344,150.84343
2.4628,150.84344,150.84343
2.4628999,150.84344,150.84343
2.4630001,150.84344,150.84343
2.4631,150.84344,150.84343
2.4632001,150.84344,150.84343
2.4633,150.84344,150.84343
2.4633999,150.84344,150.84343
2.4635,150.84344,150.84343
2.4635999,150.84344,150.84343
2.4637001,150.84344,150.84343
2.4638,150.84344,150.84343
2.4639001,150.84344,150.84343
2.464,150.84344,150.84343
2.4640999,150.84344,150.84343
2.4642,150.84344,150.84343
2.4642999,150.84344,150.84343
2.4644001,150.84344,150.84343
2.4645,150.84344,150.84343
2.4646001,150.84344,150.84343
2.4647,150.84344,150.84343
2.4647999,150.84344,150.84343
2.4649,150.84344,150.84343
2.4649999,150.84344,150.84343
2.4651,150.84344,150.84343
2.4651999,150.84344,150.84343
2.4653001,150.84344,150.84343
2.4654,150.84344,150.84343
2.4655001,150.84344,150.84343
2.4656,150.84344,150.84343
2.4656999,150.84344,150.84343
2.4658,150.84344,150.84343
2.4658999,150.84344,150.84343
2.4660001,150.84344,150.84343
2.4661,150.84344,150.84343
2.4662001,150.84344,150.84343
2.4663,150.84344,150.84343
2.4663999,150.84344,150.84343
2.4665,150.84344,150.84343
2.4665999,150.84344,150.84343
2.4667001,150.84344,150.84343
2.4668,150.84344,150.84343
2.4669001,150.84344,150.84343
2.467,150.84344,150.84343
2.4670999,150.84344,150.84343
2.4672,150.84344,150.84343
2.4672999,150.84344,150.84343
2.4674001,150.84344,150.84343
2.4675,150.84344,150.84343
2.4676001,150.84344,150.84343
2.4677,150.84344,150.84343
2.4677999,150.84344,150.84343
2.4679,150.84344,150.84343
2.4679999,150.84344,150.84343
2.4681001,150.84344,150.84343
2.4682,150.84344,150.84343
2.4683001,150.84344,150.84343
2.4684,150.84344,150.84343
2.4684999,150.84344,150.84343
2.4686,150.84344,150.84343
2.4686999,150.84344,150.84343
2.4688001,150.84344,150.84343
2.4689,150.84344,150.84343
2.4690001,150.84344,150.84343
2.4691,150.84344,150.84343
2.4691999,150.84344,150.84343
2.4693,150.84344,150.84343
2.4693999,150.84344,150.84343
2.4695001,150.84344,150.84343
2.4696,150.84344,150.84343
2.4697001,150.84344,150.84343
2.4698,150.84344,150.84343
2.4698999,150.84344,150.84343
2.47,150.84344,150.84343
2.4700999,150.84344,150.84343
2.4702001,150.84344,150.84343
2.4703,150.84344,150.84343
2.4704001,150.84344,150.84343
2.4705,150.84344,150.84343
2.4705999,150.84344,150.84343
2.4707,150.84344,150.84343
2.4707999,150.84344,150.84343
2.4709001,150.84344,150.84343
2.471,150.84344,150.84343
2.4711001,150.84344,150.84343
2.4712,150.84344,150.84343
2.4712999,150.84344,150.84343
2.4714,150.84344,150.84343
2.4714999,150.84344,150.84343
2.4716001,150.84344,150.84343
2.4717,150.84344,150.84343
2.4718001,150.84344,150.84343
2.4719,150.84344,150.84343
2.4719999,150.84344,150.84343
2.4721,150.84344,150.84343
2.4721999,150.84344,150.84343
2.4723001,150.84344,150.84343
2.4724,150.84344,150.84343
2.4725001,150.84344,150.84343
2.4726,150.84344,150.84343
2.4727001,150.84344,150.84343
2.4728,150.84344,150.84343
2.4728999,150.84344,150.84343
2.473,150.84344,150.84343
2.4730999,150.84344,150.84343
2.4732001,150.84344,150.84343
2.4733,150.84344,150.84343
2.4734001,150.84344,150.84343
2.4735,150.84344,150.84343
2.4735999,150.84344,150.84343
2.4737,150.84344,150.84343
2.4737999,150.84344,150.84343
2.4739001,150.84344,150.84343
2.474,150.84344,150.84343
2.4741001,150.84344,150.84343
2.4742,150.84344,150.84343
2.4742999,150.84344,150.84343
2.4744,150.84344,150.84343
2.4744999,150.84344,150.84343
2.4746001,150.84344,150.84343
2.4747,150.84344,150.84343
2.4748001,150.84344,150.84343
2.4749,150.84344,150.84343
2.4749999,150.84344,150.84343
2.4751,150.84344,150.84343
2.4751999,150.84344,150.84343
2.4753001,150.84344,150.84343
2.4754,150.84344,150.84343
2.4755001,150.84344,150.84343
2.4756,150.84344,150.84343
2.4756999,150.84344,150.84343
2.4758,150.84344,150.84343
2.4758999,150.84344,150.84343
2.4760001,150.84344,150.84343
2.4761,150.84344,150.84343
2.4762001,150.84344,150.84343
2.4763,150.84344,150.84343
2.4763999,150.84344,150.84343
2.4765,150.84344,150.84343
2.4765999,150.84344,150.84343
2.4767001,150.84344,150.84343
2.4768,150.84344,150.84343
2.4769001,150.84344,150.84343
2.477,150.84344,150.84343
2.4770999,150.84344,150.84343
2.4772,150.84344,150.84343
2.4772999,150.84344,150.84343
2.4774001,150.84344,150.84343
2.4775,150.84344,150.84343
2.4776001,150.84344,150.84343
2.4777,150.84344,150.84343
2.4777999,150.84344,150.84343
2.4779,150.84344,150.84343
2.4779999,150.84344,150.84343
2.4781001,150.84344,150.84343
2.4782,150.84344,150.84343
2.4783001,150.84344,150.84343
2.4784,150.84344,150.84343
2.4784999,150.84344,150.84343
2.4786,150.84344,150.84343
2.4786999,150.84344,150.84343
2.4788001,150.84344,150.84343
2.4789,150.84344,150.84343
2.4790001,150.84344,150.84343
2.4791,150.84344,150.84343
2.4791999,150.84344,150.84343
2.4793,150.84344,150.84343
2.4793999,150.84344,150.84343
2.4795001,150.84344,150.84343
2.4796,150.84344,150.84343
2.4797001,150.84344,150.84343
2.4798,150.84344,150.84343
2.4798999,150.84344,150.84343
2.48,150.84344,150.84343
2.4800999,150.84344,150.84343
2.4802001,150.84344,150.84343
2.4802999,150.84344,150.84343
2.4804001,150.84344,150.84343
2.4805,150.84344,150.84343
2.4806001,150.84344,150.84343
2.4807,150.84344,150.84343
2.4807999,150.84344,150.84343
2.4809,150.84344,150.84343
2.4809999,150.84344,150.84343
2.4811001,150.84344,150.84343
2.4812,150.84344,150.84343
2.4813001,150.84344,150.84343
2.4814,150.84344,150.84343
2.4814999,150.84344,150.84343
2.4816,150.84344,150.84343
2.4816999,150.84344,150.84343
2.4818001,150.84344,150.84343
2.4819,150.84344,150.84343
2.4820001,150.84344,150.84343
2.4821,150.84344,150.84343
2.4821999,150.84344,150.84343
2.4823,150.84344,150.84343
2.4823999,150.84344,150.84343
2.4825001,150.84344,150.84343
2.4826,150.84344,150.84343
2.4827001,150.84344,150.84343
2.4828,150.84344,150.84343
2.4828999,150.84344,150.84343
2.483,150.84344,150.84343
2.4830999,150.84344,150.84343
2.4832001,150.84344,150.84343
2.4833,150.84344,150.84343
2.4834001,150.84344,150.84343
2.4835,150.84344,150.84343
2.4835999,150.84344,150.84343
2.4837,150.84344,150.84343
2.4837999,150.84344,150.84343
2.4839001,150.84344,150.84343
2.484,150.84344,150.84343
2.4841001,150.84344,150.84343
2.4842,150.84344,150.84343
2.4842999,150.84344,150.84343
2.4844,150.84344,150.84343
2.4844999,150.84344,150.84343
2.4846001,150.84344,150.84343
2.4847,150.84344,150.84343
2.4848001,150.84344,150.84343
2.4849,150.84344,150.84343
2.4849999,150.84344,150.84343
2.4851,150.84344,150.84343
2.4851999,150.84344,150.84343
2.4853001,150.84344,150.84343
2.4854,150.84344,150.84343
2.4855001,150.84344,150.84343
2.4856,150.84344,150.84343
2.4856999,150.84344,150.84343
2.4858,150.84344,150.84343
2.4858999,150.84344,150.84343
2.4860001,150.84344,150.84343
2.4861,150.84344,150.84343
2.4862001,150.84344,150.84343
2.4863,150.84344,150.84343
2.4863999,150.84344,150.84343
2.4865,150.84344,150.84343
2.4865999,150.84344,150.84343
2.4867001,150.84344,150.84343
2.4868,150.84344,150.84343
2.4869001,150.84344,150.84343
2.487,150.84344,150.84343
2.4870999,150.84344,150.84343
2.4872,150.84344,150.84343
2.4872999,150.84344,150.84343
2.4874001,150.84344,150.84343
2.4875,150.84344,150.84343
2.4876001,150.84344,150.84343
2.4877,150.84344,150.84343
2.4877999,150.84344,150.84343
2.4879,150.84344,150.84343
2.4879999,150.84344,150.84343
2.4881001,150.84344,150.84343
2.4881999,150.84344,150.84343
2.4883001,150.84344,150.84343
2.4884,150.84344,150.84343
2.4885001,150.84344,150.84343
2.4886,150.84344,150.84343
2.4886999,150.84344,150.84343
2.4888,150.84344,150.84343
2.4888999,150.84344,150.84343
2.4890001,150.84344,150.84343
2.4891,150.84344,150.84343
2.4892001,150.84344,150.84343
2.4893,150.84344,150.84343
2.4893999,150.84344,150.84343
2.4895,150.84344,150.84343
2.4895999,150.84344,150.84343
2.4897001,150.84344,150.84343
2.4898,150.84344,150.84343
2.4899001,150.84344,150.84343
2.49,150.84344,150.84343
2.4900999,150.84344,150.84343
2.4902,150.84344,150.84343
2.4902999,150.84344,150.84343
2.4904001,150.84344,150.84343
2.4905,150.84344,150.84343
2.4906001,150.84344,150.84343
2.4907,150.84344,150.84343
2.4907999,150.84344,150.84343
2.4909,150.84344,150.84343
2.4909999,150.84344,150.84343
2.4911001,150.84344,150.84343
2.4912,150.84344,150.84343
2.4913001,150.84344,150.84343
2.4914,150.84344,150.84343
2.4914999,150.84344,150.84343
2.4916,150.84344,150.84343
2.4916999,150.84344,150.84343
2.4918001,150.84344,150.84343
2.4919,150.84344,150.84343
2.4920001,150.84344,150.84343
2.4921,150.84344,150.84343
2.4921999,150.84344,150.84343
2.4923,150.84344,150.84343
2.4923999,150.84344,150.84343
2.4925001,150.84344,150.84343
2.4926,150.84344,150.84343
2.4927001,150.84344,150.84343
2.4928,150.84344,150.84343
2.4928999,150.84344,150.84343
2.493,150.84344,150.84343
2.4930999,150.84344,150.84343
2.4932001,150.84344,150.84343
2.4933,150.84344,150.84343
2.4934001,150.84344,150.84343
2.4935,150.84344,150.84343
2.4935999,150.84344,150.84343
2.4937,150.84344,150.84343
2.4937999,150.84344,150.84343
2.4939001,150.84344,150.84343
2.494,150.84344,150.84343
2.4941001,150.84344,150.84343
2.4942,150.84344,150.84343
2.4942999,150.84344,150.84343
2.4944,150.84344,150.84343
2.4944999,150.84344,150.84343
2.4946001,150.84344,150.84343
2.4947,150.84344,150.84343
2.4948001,150.84344,150.84343
2.4949,150.84344,150.84343
2.4949999,150.84344,150.84343
2.4951,150.84344,150.84343
2.4951999,150.84344,150.84343
2.4953001,150.84344,150.84343
2.4954,150.84344,150.84343
2.4955001,150.84344,150.84343
2.4956,150.84344,150.84343
2.4956999,150.84344,150.84343
2.4958,150.84344,150.84343
2.4958999,150.84344,150.84343
2.4960001,150.84344,150.84343
2.4960999,150.84344,150.84343
2.4962001,150.84344,150.84343
2.4963,150.84344,150.84343
2.4964001,150.84344,150.84343
2.4965,150.84344,150.84343
2.4965999,150.84344,150.84343
2.4967,150.84344,150.84343
2.4967999,150.84344,150.84343
2.4969001,150.84344,150.84343
2.497,150.84344,150.84343
2.4971001,150.84344,150.84343
2.4972,150.84344,150.84343
2.4972999,150.84344,150.84343
2.4974,150.84344,150.84343
2.4974999,150.84344,150.84343
2.4976001,150.84344,150.84343
2.4977,150.84344,150.84343
2.4978001,150.84344,150.84343
2.4979,150.84344,150.84343
2.4979999,150.84344,150.84343
2.4981,150.84344,150.84343
2.4981999,150.84344,150.84343
2.4983001,150.84344,150.84343
2.4984,150.84344,150.84343
2.4985001,150.84344,150.84343
2.4986,150.84344,150.84343
2.4986999,150.84344,150.84343
2.4988,150.84344,150.84343
2.4988999,150.84344,150.84343
2.4990001,150.84344,150.84343
2.4991,150.84344,150.84343
2.4992001,150.84344,150.84343
2.4993,150.84344,150.84343
2.4993999,150.84344,150.84343
2.4995,150.84344,150.84343
2.4995999,150.84344,150.84343
2.4997001,150.84344,150.84343
2.4998,150.84344,150.84343
2.4999001,150.84344,150.84343
2.5,150.84344,150.84343
2.5,150.84344,150.84343
