"Time","aimc.stator.electroMagneticConverter.singlePhaseElectroMagneticConverter[2].Phi.im","aimc.stator.electroMagneticConverter.singlePhaseElectroMagneticConverter[1].Phi.re"
0,-0,-0
9.9999997e-05,4.4458127e-07,-2.7560631e-07
0.00019999999,4.3823511e-07,-2.9101872e-07
0.00030000001,4.3144863e-07,-3.0624614e-07
0.00039999999,4.2420243e-07,-3.2125999e-07
0.00050000002,4.1655974e-07,-3.3607205e-07
0.00060000003,4.0839655e-07,-3.5057184e-07
0.00069999998,3.9978579e-07,-3.6480316e-07
0.00079999998,3.9074379e-07,-3.7872977e-07
0.00089999998,3.8126726e-07,-3.9235903e-07
0.001,3.7135462e-07,-4.0569438e-07
0.0011,3.6100585e-07,-4.1873588e-07
0.0012000001,3.5023476e-07,-4.3146684e-07
0.0013,3.3913878e-07,-4.4376972e-07
0.0014,3.2764825e-07,-4.5572855e-07
0.0015,3.157632e-07,-4.6734337e-07
0.0016,3.0348357e-07,-4.7861414e-07
0.0017,2.9086505e-07,-4.8948675e-07
0.0018,2.7797566e-07,-4.9989495e-07
0.0019,2.6474666e-07,-5.099057e-07
0.0020000001,2.5117799e-07,-5.1951895e-07
0.0020999999,2.3726973e-07,-5.2873474e-07
0.0022,2.2313192e-07,-5.3747294e-07
0.0023000001,2.087648e-07,-5.4573337e-07
0.0024000001,1.9412062e-07,-5.5355076e-07
0.0024999999,1.7919936e-07,-5.6092512e-07
0.0026,1.6400104e-07,-5.6785649e-07
0.0027000001,1.4865616e-07,-5.7428139e-07
0.0027999999,1.3312651e-07,-5.802184e-07
0.0029,1.1741717e-07,-5.8566502e-07
0.003,1.0154279e-07,-5.9061421e-07
0.0031000001,8.551897e-08,-5.9506095e-07
0.0031999999,6.9366401e-08,-5.9901146e-07
0.0033,5.3097022e-08,-6.024527e-07
0.0034,3.6726203e-08,-6.0537917e-07
0.0035000001,2.0269313e-08,-6.0778535e-07
0.0035999999,3.7439456e-09,-6.096738e-07
0.0037,-1.2831435e-08,-6.1105033e-07
0.0038000001,-2.9443012e-08,-6.1190377e-07
0.0038999999,-4.607481e-08,-6.1223085e-07
0.0040000002,-6.2710839e-08,-6.1202832e-07
0.0041,-7.9332914e-08,-6.1130874e-07
0.0041999999,-9.5924605e-08,-6.1007216e-07
0.0043000001,-1.1247033e-07,-6.083124e-07
0.0044,-1.2895376e-07,-6.0602866e-07
0.0044999998,-1.4535856e-07,-6.0322026e-07
0.0046000001,-1.6166881e-07,-5.9990987e-07
0.0046999999,-1.7786802e-07,-5.9608868e-07
0.0048000002,-1.939399e-07,-5.9175744e-07
0.0049000001,-2.0986816e-07,-5.8691791e-07
0.0049999999,-2.2563715e-07,-5.8157474e-07
0.0051000002,-2.4123415e-07,-5.757459e-07
0.0052,-2.5664201e-07,-5.6942923e-07
0.0052999998,-2.7184544e-07,-5.626311e-07
0.0054000001,-2.8682925e-07,-5.5535816e-07
0.0055,-3.0157838e-07,-5.4761779e-07
0.0055999998,-3.1607783e-07,-5.3941767e-07
0.0057000001,-3.3031276e-07,-5.3076616e-07
0.0057999999,-3.4426847e-07,-5.2167201e-07
0.0059000002,-3.5793028e-07,-5.1214454e-07
0.0060000001,-3.7129212e-07,-5.0218972e-07
0.0060999999,-3.8433916e-07,-4.9181813e-07
0.0062000002,-3.9705554e-07,-4.8104118e-07
0.0063,-4.0942831e-07,-4.6986975e-07
0.0063999998,-4.214447e-07,-4.5831504e-07
0.0065000001,-4.3309217e-07,-4.4638878e-07
0.0066,-4.4435834e-07,-4.3410319e-07
0.0066999998,-4.5523109e-07,-4.2147084e-07
0.0068000001,-4.6569846e-07,-4.0850489e-07
0.0068999999,-4.7575335e-07,-3.9521615e-07
0.0070000002,-4.8539994e-07,-3.8160931e-07
0.0071,-4.9461596e-07,-3.6770541e-07
0.0071999999,-5.033919e-07,-3.5351843e-07
0.0073000002,-5.117185e-07,-3.3906289e-07
0.0074,-5.1958688e-07,-3.2435355e-07
0.0074999998,-5.269884e-07,-3.0940572e-07
0.0076000001,-5.3391477e-07,-2.9423498e-07
0.0077,-5.4035803e-07,-2.7885744e-07
0.0077999998,-5.4631056e-07,-2.6328948e-07
0.0078999996,-5.5178236e-07,-2.4752998e-07
0.0080000004,-5.567627e-07,-2.3160005e-07
0.0081000002,-5.6124151e-07,-2.1552084e-07
0.0082,-5.652139e-07,-1.9930876e-07
0.0082999999,-5.6867543e-07,-1.8298056e-07
0.0083999997,-5.7162208e-07,-1.6655329e-07
0.0085000005,-5.740502e-07,-1.5004433e-07
0.0086000003,-5.7595656e-07,-1.334713e-07
0.0087000001,-5.7733837e-07,-1.168522e-07
0.0088,-5.7819756e-07,-1.0019735e-07
0.0088999998,-5.7854396e-07,-8.3503785e-08
0.0089999996,-5.7836712e-07,-6.6806379e-08
0.0091000004,-5.7766709e-07,-5.0122186e-08
0.0092000002,-5.7644434e-07,-3.3468424e-08
0.0093,-5.7469975e-07,-1.686249e-08
0.0093999999,-5.7243477e-07,-3.2195174e-10
0.0094999997,-5.6965138e-07,1.6135452e-08
0.0096000005,-5.6635184e-07,3.2491815e-08
0.0097000003,-5.6253901e-07,4.8729053e-08
0.0098000001,-5.5822176e-07,6.4857225e-08
0.0098999999,-5.5340229e-07,8.0849915e-08
0.0099999998,-5.4808413e-07,9.6684261e-08
0.0101,-5.4227246e-07,1.1234392e-07
0.0102,-5.3597307e-07,1.2781253e-07
0.0103,-5.2919228e-07,1.4307368e-07
0.0104,-5.2193678e-07,1.5811096e-07
0.0105,-5.1421387e-07,1.7290795e-07
0.0106,-5.0603131e-07,1.8744814e-07
0.0107,-4.9739646e-07,2.0172345e-07
0.0108,-4.8831578e-07,2.1573717e-07
0.0109,-4.7880008e-07,2.2945976e-07
0.011,-4.6885881e-07,2.428778e-07
0.0111,-4.5850192e-07,2.5597822e-07
0.0112,-4.4773972e-07,2.6874827e-07
0.0113,-4.3658315e-07,2.8117552e-07
0.0114,-4.2504345e-07,2.9324792e-07
0.0115,-4.131324e-07,3.0495389e-07
0.0116,-4.0086223e-07,3.1628213e-07
0.0117,-3.882397e-07,3.2721664e-07
0.0118,-3.7527957e-07,3.3774842e-07
0.0119,-3.619958e-07,3.4786794e-07
0.012,-3.484017e-07,3.57565e-07
0.0121,-3.3451087e-07,3.6682994e-07
0.0122,-3.2033731e-07,3.7565337e-07
0.0123,-3.0589538e-07,3.8402649e-07
0.0124,-2.9119977e-07,3.9194086e-07
0.0125,-2.7626547e-07,3.9938851e-07
0.0126,-2.6110538e-07,4.0636309e-07
0.0127,-2.4573015e-07,4.1285978e-07
0.0128,-2.301592e-07,4.1887066e-07
0.0129,-2.1440805e-07,4.2439009e-07
0.013,-1.9849237e-07,4.2941309e-07
0.0131,-1.8242812e-07,4.3393521e-07
0.0132,-1.6623139e-07,4.3795259e-07
0.0133,-1.4991851e-07,4.4146205e-07
0.0134,-1.3350595e-07,4.4446097e-07
0.0135,-1.1701039e-07,4.4694741e-07
0.0136,-1.0044253e-07,4.4890803e-07
0.0137,-8.3821384e-08,4.5034628e-07
0.0138,-6.7164272e-08,4.5126262e-07
0.0139,-5.0487657e-08,4.5165632e-07
0.014,-3.3808053e-08,4.5152726e-07
0.0141,-1.7141993e-08,4.508758e-07
0.0142,-5.0602389e-10,4.4970292e-07
0.0143,1.6083316e-08,4.4801021e-07
0.0144,3.2609506e-08,4.4579983e-07
0.0145,4.9056968e-08,4.4307166e-07
0.0146,6.5410731e-08,4.398245e-07
0.0147,8.1653383e-08,4.3606553e-07
0.0148,9.776889e-08,4.3179844e-07
0.0149,1.1374134e-07,4.2702752e-07
0.015,1.2955495e-07,4.2175751e-07
0.0151,1.4519408e-07,4.1599375e-07
0.0152,1.6064328e-07,4.0974214e-07
0.0153,1.7588724e-07,4.0300907e-07
0.0154,1.9091088e-07,3.9580149e-07
0.0155,2.057002e-07,3.8812388e-07
0.0156,2.2024021e-07,3.7998549e-07
0.015699999,2.3451645e-07,3.7139495e-07
0.015799999,2.4851488e-07,3.6236108e-07
0.015900001,2.6222173e-07,3.5289321e-07
0.016000001,2.7562353e-07,3.4300123e-07
0.016100001,2.8870713e-07,3.3269555e-07
0.0162,3.0145964e-07,3.2198707e-07
0.0163,3.1386861e-07,3.1088723e-07
0.0164,3.2592143e-07,2.994031e-07
0.0165,3.3760574e-07,2.8754053e-07
0.0166,3.4891065e-07,2.7531738e-07
0.0167,3.5982507e-07,2.6274589e-07
0.016799999,3.7033831e-07,2.4983862e-07
0.016899999,3.8044013e-07,2.3660853e-07
0.017000001,3.9012076e-07,2.2306897e-07
0.017100001,3.9937086e-07,2.0923362e-07
0.017200001,4.0818151e-07,1.9511656e-07
0.0173,4.1654431e-07,1.807322e-07
0.0174,4.2444736e-07,1.6608851e-07
0.0175,4.3188507e-07,1.5120357e-07
0.0176,4.3885046e-07,1.3609268e-07
0.0177,4.4533678e-07,1.2077082e-07
0.0178,4.513378e-07,1.0525324e-07
0.017899999,4.5684777e-07,8.9555421e-08
0.017999999,4.6186153e-07,7.3693052e-08
0.018100001,4.6637442e-07,5.7682048e-08
0.018200001,4.7038239e-07,4.1538527e-08
0.018300001,4.7387957e-07,2.5277222e-08
0.0184,4.7686041e-07,8.9128767e-09
0.0185,4.7932468e-07,-7.5364968e-09
0.0186,4.8127004e-07,-2.4054465e-08
0.0187,4.826947e-07,-4.0624482e-08
0.0188,4.835976e-07,-5.7229904e-08
0.0189,4.8397806e-07,-7.3853997e-08
0.018999999,4.8383612e-07,-9.0479951e-08
0.019099999,4.8317241e-07,-1.0709089e-07
0.019200001,4.8198814e-07,-1.2366988e-07
0.019300001,4.8027744e-07,-1.4020725e-07
0.019400001,4.780465e-07,-1.5668245e-07
0.0195,4.7529807e-07,-1.7307883e-07
0.0196,4.7203503e-07,-1.8938017e-07
0.0197,4.6826085e-07,-2.0557036e-07
0.0198,4.6397957e-07,-2.2163336e-07
0.0199,4.5919586e-07,-2.3755328e-07
0.02,4.5391488e-07,-2.5331434e-07
0.020099999,4.4814246e-07,-2.6890092e-07
0.020199999,4.4188107e-07,-2.842979e-07
0.020300001,4.3513413e-07,-2.9949024e-07
0.020400001,4.2791214e-07,-3.1446268e-07
0.020500001,4.2022239e-07,-3.2920047e-07
0.0206,4.1207267e-07,-3.4368904e-07
0.0207,4.0347129e-07,-3.579141e-07
0.0208,3.944271e-07,-3.7186166e-07
0.0209,3.8494946e-07,-3.8551801e-07
0.021,3.7504824e-07,-3.9886967e-07
0.0211,3.6473381e-07,-4.1190356e-07
0.021199999,3.5400817e-07,-4.2460499e-07
0.021299999,3.4288749e-07,-4.3696255e-07
0.021400001,3.3138303e-07,-4.4896402e-07
0.021500001,3.1950634e-07,-4.6059753e-07
0.021600001,3.0726937e-07,-4.7185159e-07
0.0217,2.9468453e-07,-4.8271505e-07
0.0218,2.8176456e-07,-4.9317725e-07
0.0219,2.6852271e-07,-5.0322785e-07
0.022,2.5497255e-07,-5.1285701e-07
0.0221,2.411243e-07,-5.2205462e-07
0.0222,2.2698956e-07,-5.3081123e-07
0.022299999,2.1258556e-07,-5.3911884e-07
0.022399999,1.979267e-07,-5.4696932e-07
0.022500001,1.8302759e-07,-5.543551e-07
0.022600001,1.679032e-07,-5.6126896e-07
0.022700001,1.5256873e-07,-5.6770438e-07
0.0228,1.3703969e-07,-5.7365526e-07
0.0229,1.2133182e-07,-5.7911609e-07
0.023,1.054611e-07,-5.8408193e-07
0.0231,8.9436412e-08,-5.8854135e-07
0.0232,7.3278393e-08,-5.9249453e-07
0.0233,5.7003092e-08,-5.9593765e-07
0.023399999,4.0626681e-08,-5.9886742e-07
0.023499999,2.4165482e-08,-6.0128104e-07
0.023600001,7.6359337e-09,-6.0317643e-07
0.023700001,-8.9454177e-09,-6.0455204e-07
0.023800001,-2.5561926e-08,-6.0540674e-07
0.0239,-4.2196856e-08,-6.057403e-07
0.024,-5.8835838e-08,-6.0554891e-07
0.0241,-7.5463383e-08,-6.048312e-07
0.0242,-9.2061249e-08,-6.0359082e-07
0.0243,-1.0861299e-07,-6.0182907e-07
0.0244,-1.2510218e-07,-5.9954772e-07
0.024499999,-1.4151242e-07,-5.9674932e-07
0.024599999,-1.578274e-07,-5.9343677e-07
0.024700001,-1.7403087e-07,-5.8961371e-07
0.024800001,-1.9010665e-07,-5.8528434e-07
0.024900001,-2.0603875e-07,-5.8045316e-07
0.025,-2.2181383e-07,-5.7511801e-07
0.0251,-2.374146e-07,-5.6928917e-07
0.0252,-2.528256e-07,-5.6297245e-07
0.0253,-2.6803161e-07,-5.5617431e-07
0.0254,-2.8301758e-07,-5.4890171e-07
0.0255,-2.9776871e-07,-5.4116208e-07
0.025599999,-3.1227037e-07,-5.3296344e-07
0.025699999,-3.2650829e-07,-5.2431449e-07
0.025800001,-3.4046832e-07,-5.1522426e-07
0.025900001,-3.5413672e-07,-5.0569724e-07
0.026000001,-3.6749995e-07,-4.9574146e-07
0.0261,-3.8054486e-07,-4.8537009e-07
0.0262,-3.9325857e-07,-4.7459352e-07
0.0263,-4.0562858e-07,-4.6342254e-07
0.0264,-4.1764272e-07,-4.518684e-07
0.0265,-4.2928923e-07,-4.399428e-07
0.0266,-4.405567e-07,-4.2765785e-07
0.026699999,-4.514342e-07,-4.1502622e-07
0.026799999,-4.6191093e-07,-4.0206032e-07
0.026900001,-4.7197412e-07,-3.887655e-07
0.027000001,-4.8161564e-07,-3.7516031e-07
0.027100001,-4.9082604e-07,-3.6125829e-07
0.0272,-4.9959624e-07,-3.4707321e-07
0.0273,-5.0791772e-07,-3.3261927e-07
0.0274,-5.1578246e-07,-3.1791092e-07
0.0275,-5.2318279e-07,-3.0296295e-07
0.0276,-5.3011178e-07,-2.8779041e-07
0.0277,-5.3656277e-07,-2.7240878e-07
0.027799999,-5.4252689e-07,-2.5682979e-07
0.027899999,-5.479979e-07,-2.4106822e-07
0.028000001,-5.5297198e-07,-2.2514186e-07
0.028100001,-5.5744437e-07,-2.0906653e-07
0.028200001,-5.6141079e-07,-1.928582e-07
0.0283,-5.6486749e-07,-1.7653305e-07
0.0284,-5.678113e-07,-1.601074e-07
0.0285,-5.7023959e-07,-1.4359776e-07
0.0286,-5.7215044e-07,-1.2702074e-07
0.0287,-5.7354174e-07,-1.1039255e-07
0.0288,-5.7440627e-07,-9.3724481e-08
0.028899999,-5.7474767e-07,-7.7036802e-08
0.028999999,-5.745656e-07,-6.034599e-08
0.029100001,-5.738604e-07,-4.366856e-08
0.029200001,-5.7263304e-07,-2.7021036e-08
0.029300001,-5.7088494e-07,-1.0419931e-08
0.0294,-5.6861813e-07,6.1182606e-09
0.0295,-5.6583536e-07,2.2577074e-08
0.0296,-5.6253992e-07,3.8940097e-08
0.0297,-5.5873051e-07,5.5192857e-08
0.0298,-5.5441063e-07,7.1319448e-08
0.029899999,-5.4958718e-07,8.730305e-08
0.029999999,-5.4426505e-07,1.031279e-07
0.030099999,-5.3844963e-07,1.1877841e-07
0.030200001,-5.3214694e-07,1.3423912e-07
0.030300001,-5.2536353e-07,1.4949478e-07
0.030400001,-5.181065e-07,1.6453033e-07
0.0305,-5.1038353e-07,1.7933095e-07
0.0306,-5.0220177e-07,1.9388204e-07
0.0307,-4.9356225e-07,2.0816962e-07
0.0308,-4.8447902e-07,2.2217935e-07
0.0309,-4.749611e-07,2.3589745e-07
0.030999999,-4.6501802e-07,2.4931043e-07
0.031099999,-4.5465981e-07,2.6240511e-07
0.031199999,-4.4389705e-07,2.7516862e-07
0.031300001,-4.3274065e-07,2.8758851e-07
0.031399999,-4.2120212e-07,2.9965256e-07
0.031500001,-4.0929339e-07,3.1134905e-07
0.031599998,-3.970213e-07,3.2266553e-07
0.0317,-3.8439813e-07,3.3359089e-07
0.031800002,-3.7143883e-07,3.4411491e-07
0.0319,-3.5815631e-07,3.542273e-07
0.032000002,-3.4456386e-07,3.6391819e-07
0.032099999,-3.3067508e-07,3.7317821e-07
0.032200001,-3.1650401e-07,3.8199838e-07
0.032299999,-3.0206502e-07,3.903703e-07
0.032400001,-2.8737276e-07,3.9828595e-07
0.032499999,-2.7244113e-07,4.0573724e-07
0.032600001,-2.5727908e-07,4.127134e-07
0.032699998,-2.4190615e-07,4.1921032e-07
0.0328,-2.2633763e-07,4.2522174e-07
0.032900002,-2.1058896e-07,4.3074189e-07
0.033,-1.9467586e-07,4.3576549e-07
0.033100002,-1.7861423e-07,4.4028786e-07
0.033199999,-1.6242019e-07,4.4430485e-07
0.033300001,-1.4611004e-07,4.4781285e-07
0.033399999,-1.2970024e-07,4.508089e-07
0.033500001,-1.1320335e-07,4.5328605e-07
0.033599999,-9.6636121e-08,4.5524249e-07
0.0337,-8.001647e-08,4.5667801e-07
0.033799998,-6.3360858e-08,4.575914e-07
0.0339,-4.6685802e-08,4.5798197e-07
0.034000002,-3.0007879e-08,4.5784955e-07
0.0341,-1.3343693e-08,4.5719463e-07
0.034200002,3.2901211e-09,4.5601828e-07
0.034299999,1.9876927e-08,4.5432216e-07
0.034400001,3.6400792e-08,4.5210712e-07
0.034499999,5.2848151e-08,4.4936988e-07
0.034600001,6.9200546e-08,4.4611778e-07
0.034699999,8.5441826e-08,4.4235415e-07
0.0348,1.0155594e-07,4.3808294e-07
0.034899998,1.1752695e-07,4.3330863e-07
0.035,1.3333906e-07,4.2803626e-07
0.035100002,1.4897658e-07,4.2227148e-07
0.0352,1.6442405e-07,4.160205e-07
0.035300002,1.7966613e-07,4.0929012e-07
0.035399999,1.9468867e-07,4.0208127e-07
0.035500001,2.0947668e-07,3.9440243e-07
0.035599999,2.2401527e-07,3.8626331e-07
0.035700001,2.3829014e-07,3.7767214e-07
0.035799999,2.5228721e-07,3.6863761e-07
0.0359,2.6599275e-07,3.5916901e-07
0.035999998,2.7939325e-07,3.4927601e-07
0.0361,2.9247559e-07,3.3896885e-07
0.036200002,3.0522693e-07,3.2825832e-07
0.0363,3.1763452e-07,3.1715373e-07
0.036400001,3.2968529e-07,3.0566034e-07
0.036499999,3.4136815e-07,2.9379447e-07
0.036600001,3.5267158e-07,2.8156799e-07
0.036699999,3.6358452e-07,2.6899315e-07
0.036800001,3.7409635e-07,2.5608259e-07
0.036899999,3.841968e-07,2.4284941e-07
0.037,3.9387606e-07,2.2930708e-07
0.037099998,4.0312489e-07,2.1546938e-07
0.0372,4.1193434e-07,2.0135056e-07
0.037300002,4.2029316e-07,1.8695921e-07
0.0374,4.2819397e-07,1.7231119e-07
0.037500001,4.3562977e-07,1.5742266e-07
0.037599999,4.4259335e-07,1.4230849e-07
0.037700001,4.4907799e-07,1.2698378e-07
0.037799999,4.550775e-07,1.114639e-07
0.037900001,4.6058622e-07,9.5764499e-08
0.037999999,4.6559899e-07,7.9901426e-08
0.0381,4.7011125e-07,6.3890788e-08
0.038199998,4.7411757e-07,4.7747275e-08
0.0383,4.776104e-07,3.1482823e-08
0.038400002,4.8058951e-07,1.5117118e-08
0.0385,4.8305219e-07,-1.3335841e-09
0.038600001,4.8499606e-07,-1.7852914e-08
0.038699999,4.8641954e-07,-3.4424403e-08
0.038800001,4.8732147e-07,-5.1031492e-08
0.038899999,4.877013e-07,-6.7657545e-08
0.039000001,4.8755913e-07,-8.428588e-08
0.039099999,4.868956e-07,-1.0089973e-07
0.0392,4.8570587e-07,-1.1748592e-07
0.039299998,4.8399329e-07,-1.3402685e-07
0.0394,4.8176088e-07,-1.5050533e-07
0.039500002,4.7901113e-07,-1.6690502e-07
0.0396,4.7574693e-07,-1.8320968e-07
0.039700001,4.7197176e-07,-1.9940308e-07
0.039799999,4.676898e-07,-2.154691e-07
0.039900001,4.6290563e-07,-2.3139178e-07
0.039999999,4.5762462e-07,-2.4715524e-07
0.040100001,4.5185018e-07,-2.6274427e-07
0.040199999,4.4558325e-07,-2.781446e-07
0.0403,4.388346e-07,-2.9333995e-07
0.040399998,4.3161097e-07,-3.0831532e-07
0.0405,4.2391974e-07,-3.2305584e-07
0.040600002,4.1576877e-07,-3.3754699e-07
0.0407,4.0716643e-07,-3.5177445e-07
0.040800001,3.9812164e-07,-3.6572411e-07
0.040899999,3.8864385e-07,-3.7938221e-07
0.041000001,3.7874304e-07,-3.927353e-07
0.041099999,3.6842229e-07,-4.0576978e-07
0.041200001,3.5769469e-07,-4.1847292e-07
0.041299999,3.4657234e-07,-4.3083227e-07
0.0414,3.3506635e-07,-4.4283564e-07
0.041499998,3.2318832e-07,-4.5447126e-07
0.0416,3.1095027e-07,-4.6572765e-07
0.041700002,2.9836463e-07,-4.7659384e-07
0.0418,2.8544429e-07,-4.870592e-07
0.041900001,2.722025e-07,-4.971136e-07
0.041999999,2.5865043e-07,-5.0674629e-07
0.042100001,2.4479726e-07,-5.1594617e-07
0.042199999,2.3066087e-07,-5.247058e-07
0.042300001,2.1625533e-07,-5.3301648e-07
0.042399999,2.0159503e-07,-5.4087013e-07
0.0425,1.8669466e-07,-5.4825915e-07
0.042599998,1.7156923e-07,-5.5517637e-07
0.0427,1.5623399e-07,-5.6161514e-07
0.042800002,1.4070451e-07,-5.6756949e-07
0.0429,1.2499663e-07,-5.7303379e-07
0.043000001,1.0912026e-07,-5.7799832e-07
0.043099999,9.3093846e-08,-5.8246025e-07
0.043200001,7.6934164e-08,-5.8641598e-07
0.043299999,6.0657293e-08,-5.8986171e-07
0.043400001,4.4279442e-08,-5.9279409e-07
0.043499999,2.7816979e-08,-5.9521051e-07
0.0436,1.1286384e-08,-5.9710879e-07
0.043699998,-5.2957385e-09,-5.9848747e-07
0.0438,-2.1912681e-08,-5.9934558e-07
0.043900002,-3.8549381e-08,-5.9968028e-07
0.044,-5.5191741e-08,-5.9948798e-07
0.044100001,-7.1820857e-08,-5.9877226e-07
0.044199999,-8.8420251e-08,-5.9753404e-07
0.044300001,-1.0497345e-07,-5.9577462e-07
0.044399999,-1.2146401e-07,-5.93496e-07
0.044500001,-1.3787552e-07,-5.9070061e-07
0.044599999,-1.5419162e-07,-5.873917e-07
0.0447,-1.7039605e-07,-5.835729e-07
0.044799998,-1.8647259e-07,-5.7924854e-07
0.0449,-2.0240766e-07,-5.7441582e-07
0.045000002,-2.1818428e-07,-5.690834e-07
0.0451,-2.3378657e-07,-5.6325729e-07
0.045200001,-2.491991e-07,-5.5694358e-07
0.045299999,-2.6440662e-07,-5.5014851e-07
0.045400001,-2.793941e-07,-5.4287921e-07
0.045499999,-2.9414673e-07,-5.351431e-07
0.045600001,-3.0864985e-07,-5.2694827e-07
0.045699999,-3.2288918e-07,-5.1830335e-07
0.0458,-3.3685066e-07,-5.092142e-07
0.045899998,-3.5052059e-07,-4.9968611e-07
0.046,-3.6388539e-07,-4.8973266e-07
0.046100002,-3.7693187e-07,-4.7936373e-07
0.0462,-3.896472e-07,-4.6858969e-07
0.046300001,-4.0201886e-07,-4.5742144e-07
0.046399999,-4.140347e-07,-4.4587026e-07
0.046500001,-4.2568297e-07,-4.3394795e-07
0.046599999,-4.3695226e-07,-4.2166673e-07
0.046700001,-4.4783164e-07,-4.0903927e-07
0.046799999,-4.5830816e-07,-3.9607059e-07
0.0469,-4.683728e-07,-3.8277787e-07
0.046999998,-4.7801581e-07,-3.691749e-07
0.0471,-4.8722774e-07,-3.5527526e-07
0.047200002,-4.9599959e-07,-3.410928e-07
0.0473,-5.0432288e-07,-3.2664173e-07
0.047400001,-5.121895e-07,-3.1193665e-07
0.047499999,-5.1959194e-07,-2.9699243e-07
0.047600001,-5.2652325e-07,-2.8182424e-07
0.047699999,-5.3297487e-07,-2.6644457e-07
0.047800001,-5.3893876e-07,-2.5086595e-07
0.047899999,-5.4441114e-07,-2.3510701e-07
0.048,-5.4938675e-07,-2.1918335e-07
0.048099998,-5.5386079e-07,-2.031108e-07
0.0482,-5.5782897e-07,-1.869054e-07
0.048300002,-5.6128766e-07,-1.7058329e-07
0.0484,-5.6423374e-07,-1.5416086e-07
0.048500001,-5.6666465e-07,-1.3765462e-07
0.048599999,-5.685784e-07,-1.2108123e-07
0.048700001,-5.6996697e-07,-1.0445181e-07
0.048799999,-5.7083292e-07,-8.7786063e-08
0.048900001,-5.7117575e-07,-7.1100722e-08
0.048999999,-5.7099527e-07,-5.4412293e-08
0.0491,-5.7029183e-07,-3.7737326e-08
0.049199998,-5.6906646e-07,-2.1092376e-08
0.0493,-5.6732057e-07,-4.4939941e-09
0.049400002,-5.6505644e-07,1.2041277e-08
0.0495,-5.6227668e-07,2.8496924e-08
0.049600001,-5.5898107e-07,4.4857973e-08
0.049699999,-5.5517046e-07,6.1109347e-08
0.049800001,-5.5085195e-07,7.7233601e-08
0.049899999,-5.4602998e-07,9.3214837e-08
0.050000001,-5.4070944e-07,1.0903727e-07
0.050099999,-5.3489589e-07,1.2468527e-07
0.0502,-5.2859536e-07,1.4014338e-07
0.050299998,-5.2181446e-07,1.5539634e-07
0.0504,-5.1456038e-07,1.7042903e-07
0.050500002,-5.0684088e-07,1.852266e-07
0.0506,-4.9865514e-07,1.997753e-07
0.050700001,-4.9001699e-07,2.1406026e-07
0.050799999,-4.8093511e-07,2.2806739e-07
0.050900001,-4.7141873e-07,2.4178294e-07
0.050999999,-4.6147741e-07,2.5519341e-07
0.051100001,-4.5112122e-07,2.6828565e-07
0.051199999,-4.4036079e-07,2.8104682e-07
0.0513,-4.2920712e-07,2.9346447e-07
0.051399998,-4.1767183e-07,3.0552644e-07
0.0515,-4.0576279e-07,3.1722018e-07
0.051600002,-3.9348956e-07,3.2853373e-07
0.0517,-3.8086776e-07,3.394567e-07
0.051800001,-3.6790993e-07,3.4997836e-07
0.051899999,-3.5462904e-07,3.6008848e-07
0.052000001,-3.410384e-07,3.6977718e-07
0.052099999,-3.2715175e-07,3.7903513e-07
0.052200001,-3.129831e-07,3.8785336e-07
0.052299999,-2.9854692e-07,3.962235e-07
0.0524,-2.838579e-07,4.041375e-07
0.052499998,-2.6892295e-07,4.1158353e-07
0.0526,-2.5376221e-07,4.1855716e-07
0.052700002,-2.3839068e-07,4.2505164e-07
0.0528,-2.2282364e-07,4.3106073e-07
0.052900001,-2.0707662e-07,4.365786e-07
0.052999999,-1.9116537e-07,4.4160012e-07
0.053100001,-1.7510584e-07,4.4612059e-07
0.053199999,-1.589142e-07,4.501359e-07
0.053300001,-1.4260684e-07,4.5364254e-07
0.053399999,-1.2619712e-07,4.5663433e-07
0.0535,-1.0970005e-07,4.5910713e-07
0.053599998,-9.313419e-08,4.6106095e-07
0.0537,-7.6515981e-08,4.6249397e-07
0.053800002,-5.9861897e-08,4.6340503e-07
0.0539,-4.3188496e-08,4.6379347e-07
0.054000001,-2.6512382e-08,4.6365921e-07
0.054099999,-9.8502015e-09,4.6300281e-07
0.054200001,6.7813679e-09,4.6182538e-07
0.054299999,2.3365789e-08,4.6012843e-07
0.054400001,3.9890491e-08,4.5790631e-07
0.054499999,5.6336454e-08,4.5516654e-07
0.0546,7.2687428e-08,4.5191203e-07
0.054699998,8.8927258e-08,4.4814612e-07
0.0548,1.0503987e-07,4.4387281e-07
0.054900002,1.2100931e-07,4.3909665e-07
0.055,1.3681976e-07,4.3382275e-07
0.055100001,1.5245554e-07,4.2805681e-07
0.055199999,1.6790112e-07,4.2180511e-07
0.055300001,1.8314202e-07,4.1506979e-07
0.055399999,1.9816345e-07,4.0785633e-07
0.055500001,2.1295003e-07,4.0017494e-07
0.055599999,2.2748722e-07,3.920334e-07
0.0557,2.4176066e-07,3.8343995e-07
0.055799998,2.5575636e-07,3.7440341e-07
0.0559,2.6946049e-07,3.6493307e-07
0.056000002,2.8285962e-07,3.5503868e-07
0.0561,2.9594057e-07,3.4473061e-07
0.056200001,3.0869049e-07,3.3401909e-07
0.056299999,3.2109585e-07,3.2290694e-07
0.056400001,3.3314515e-07,3.114109e-07
0.056499999,3.4482656e-07,2.9954253e-07
0.056600001,3.561286e-07,2.8731367e-07
0.056699999,3.6704023e-07,2.7473664e-07
0.0568,3.775508e-07,2.618242e-07
0.056899998,3.8765015e-07,2.4858946e-07
0.057,3.9732842e-07,2.3504596e-07
0.057100002,4.0657639e-07,2.2120761e-07
0.0572,4.1538311e-07,2.0708406e-07
0.057300001,4.2373964e-07,1.9268856e-07
0.057399999,4.3163894e-07,1.7803806e-07
0.057500001,4.3907335e-07,1.6314716e-07
0.057599999,4.4603561e-07,1.4803075e-07
0.057700001,4.5251912e-07,1.32704e-07
0.057799999,4.5851763e-07,1.1718231e-07
0.0579,4.6402556e-07,1.0148138e-07
0.057999998,4.6903784e-07,8.5617124e-08
0.0581,4.7354939e-07,6.9605079e-08
0.058200002,4.7755088e-07,5.3455462e-08
0.0583,4.8104215e-07,3.7188492e-08
0.058400001,4.8401984e-07,2.0820327e-08
0.058499999,4.8648116e-07,4.367251e-09
0.058600001,4.8842389e-07,-1.2154333e-08
0.058699999,4.898464e-07,-2.8727918e-08
0.058800001,4.907476e-07,-4.5336904e-08
0.058899999,4.9112708e-07,-6.1964606e-08
0.059,4.9098492e-07,-7.8594283e-08
0.059099998,4.9031723e-07,-9.5212009e-08
0.0592,4.891246e-07,-1.1180149e-07
0.059300002,4.8741043e-07,-1.2834488e-07
0.0594,4.8517666e-07,-1.4482579e-07
0.059500001,4.8242566e-07,-1.6122785e-07
0.059599999,4.7916041e-07,-1.7753477e-07
0.059700001,4.7538452e-07,-1.9373033e-07
0.059799999,4.7110217e-07,-2.0979837e-07
0.059900001,4.6631808e-07,-2.257229e-07
0.059999999,4.6103654e-07,-2.4148827e-07
0.0601,4.5525601e-07,-2.5708073e-07
0.060199998,4.4898749e-07,-2.7248345e-07
0.0603,4.4223734e-07,-2.8768116e-07
0.060400002,4.350124e-07,-3.0265889e-07
0.0605,4.2732006e-07,-3.174018e-07
0.060600001,4.1916823e-07,-3.3189534e-07
0.060699999,4.1056541e-07,-3.4612512e-07
0.060800001,4.0152051e-07,-3.6007714e-07
0.060899999,3.9204312e-07,-3.7373758e-07
0.061000001,3.8213753e-07,-3.8709277e-07
0.061099999,3.718138e-07,-4.0012949e-07
0.0612,3.6108469e-07,-4.1283502e-07
0.061299998,3.4996091e-07,-4.2519679e-07
0.0614,3.384537e-07,-4.3720263e-07
0.061500002,3.2657468e-07,-4.4884075e-07
0.0616,3.1433592e-07,-4.6009973e-07
0.061700001,3.0174994e-07,-4.7096859e-07
0.061799999,2.8882968e-07,-4.8143676e-07
0.061900001,2.7558724e-07,-4.9149361e-07
0.061999999,2.6202943e-07,-5.0112698e-07
0.062100001,2.481747e-07,-5.1032919e-07
0.062199999,2.3403682e-07,-5.1909115e-07
0.0623,2.1962994e-07,-5.2740427e-07
0.062399998,2.0496847e-07,-5.3526048e-07
0.0625,1.9006717e-07,-5.4265217e-07
0.062600002,1.7494109e-07,-5.4957223e-07
0.062700003,1.5960558e-07,-5.5601413e-07
0.062799998,1.4407624e-07,-5.6197172e-07
0.062899999,1.2836409e-07,-5.6743602e-07
0.063000001,1.1248529e-07,-5.7240209e-07
0.063100003,9.645737e-08,-5.7686628e-07
0.063199997,8.0296267e-08,-5.8082441e-07
0.063299999,6.4018096e-08,-5.8427258e-07
0.0634,4.7639112e-08,-5.8720769e-07
0.063500002,3.1175709e-08,-5.8962706e-07
0.063600004,1.4644431e-08,-5.9152853e-07
0.063699998,-1.9380675e-09,-5.9291079e-07
0.0638,-1.8555991e-08,-5.9377152e-07
0.063900001,-3.5196635e-08,-5.9410496e-07
0.064000003,-5.1840487e-08,-5.9391488e-07
0.064099997,-6.8471053e-08,-5.9320149e-07
0.064199999,-8.5071839e-08,-5.9196572e-07
0.064300001,-1.0162633e-07,-5.9020897e-07
0.064400002,-1.1811808e-07,-5.8793319e-07
0.064499997,-1.3453064e-07,-5.8514104e-07
0.064599998,-1.5084763e-07,-5.8183571e-07
0.0647,-1.6705272e-07,-5.7802094e-07
0.064800002,-1.8313182e-07,-5.736951e-07
0.064900003,-1.9906861e-07,-5.688637e-07
0.064999998,-2.1484666e-07,-5.6353343e-07
0.065099999,-2.3045038e-07,-5.5770977e-07
0.065200001,-2.4586433e-07,-5.5139856e-07
0.065300003,-2.6107324e-07,-5.4460628e-07
0.065399997,-2.7606205e-07,-5.3734004e-07
0.065499999,-2.9081593e-07,-5.2960735e-07
0.0656,-3.053203e-07,-5.2141644e-07
0.065700002,-3.1956085e-07,-5.1277408e-07
0.065800004,-3.3352379e-07,-5.0368294e-07
0.065899998,-3.4719511e-07,-4.9415706e-07
0.066,-3.605613e-07,-4.8420583e-07
0.066100001,-3.7360925e-07,-4.7383932e-07
0.066200003,-3.8632606e-07,-4.6306792e-07
0.066299997,-3.9869926e-07,-4.5190257e-07
0.066399999,-4.1071667e-07,-4.4035463e-07
0.066500001,-4.2236661e-07,-4.2843598e-07
0.066600002,-4.3363764e-07,-4.1615894e-07
0.066699997,-4.4451713e-07,-4.035297e-07
0.066799998,-4.5499479e-07,-3.9056252e-07
0.0669,-4.6506079e-07,-3.7727202e-07
0.067000002,-4.7470525e-07,-3.6367138e-07
0.067100003,-4.8391865e-07,-3.4977421e-07
0.067199998,-4.9269215e-07,-3.3559445e-07
0.067299999,-5.0101721e-07,-3.2114639e-07
0.067400001,-5.0888576e-07,-3.0644463e-07
0.067500003,-5.1629036e-07,-2.9150414e-07
0.067599997,-5.2322292e-07,-2.7633831e-07
0.067699999,-5.2967368e-07,-2.6095756e-07
0.0678,-5.3563889e-07,-2.453811e-07
0.067900002,-5.4111263e-07,-2.2962439e-07
0.068000004,-5.4608972e-07,-2.1370309e-07
0.068099998,-5.505654e-07,-1.9763306e-07
0.0682,-5.5453546e-07,-1.8143035e-07
0.068300001,-5.579962e-07,-1.6511122e-07
0.068400003,-5.6094461e-07,-1.4869205e-07
0.068499997,-5.6337825e-07,-1.3218944e-07
0.068599999,-5.6528984e-07,-1.1561543e-07
0.068700001,-5.6667932e-07,-9.8987918e-08
0.068800002,-5.6754652e-07,-8.2324384e-08
0.068899997,-5.6789077e-07,-6.5641316e-08
0.068999998,-5.6771188e-07,-4.8955251e-08
0.0691,-5.6701026e-07,-3.2282767e-08
0.069200002,-5.6578693e-07,-1.5640447e-08
0.069300003,-5.6404355e-07,9.5511077e-10
0.069399998,-5.6178214e-07,1.7487325e-08
0.069499999,-5.5900347e-07,3.3940644e-08
0.069600001,-5.557057e-07,5.0300883e-08
0.069700003,-5.5189628e-07,6.6550029e-08
0.069799997,-5.4757913e-07,8.2672045e-08
0.069899999,-5.4275864e-07,9.8651e-08
0.07,-5.3743986e-07,1.1447111e-07
0.070100002,-5.316283e-07,1.3011675e-07
0.070200004,-5.2533011e-07,1.4557243e-07
0.070299998,-5.1855193e-07,1.6082284e-07
0.0704,-5.113011e-07,1.7585289e-07
0.070500001,-5.0357806e-07,1.9064862e-07
0.070600003,-4.9539335e-07,2.0519508e-07
0.070699997,-4.8675639e-07,2.194778e-07
0.070799999,-4.77676e-07,2.3348271e-07
0.070900001,-4.6816118e-07,2.4719603e-07
0.071000002,-4.5822171e-07,2.6060434e-07
0.071099997,-4.4786768e-07,2.7369441e-07
0.071199998,-4.3710978e-07,2.8645346e-07
0.0713,-4.2595912e-07,2.9886903e-07
0.071400002,-4.1442468e-07,3.1092847e-07
0.071500003,-4.0251339e-07,3.226192e-07
0.071599998,-3.9024141e-07,3.3393047e-07
0.071699999,-3.7762092e-07,3.448512e-07
0.071800001,-3.6466457e-07,3.553707e-07
0.071900003,-3.5138535e-07,3.6547871e-07
0.071999997,-3.3779665e-07,3.7516546e-07
0.072099999,-3.2391225e-07,3.8442153e-07
0.0722,-3.0974624e-07,3.9323808e-07
0.072300002,-2.9531319e-07,4.0160668e-07
0.072400004,-2.8062101e-07,4.0951593e-07
0.072499998,-2.6568728e-07,4.1695961e-07
0.0726,-2.5052779e-07,4.2393094e-07
0.072700001,-2.3515763e-07,4.3042326e-07
0.072800003,-2.1959211e-07,4.3643024e-07
0.072899997,-2.0384681e-07,4.4194621e-07
0.072999999,-1.879375e-07,4.4696603e-07
0.073100001,-1.7188023e-07,4.5148502e-07
0.073200002,-1.5569123e-07,4.5549916e-07
0.073299997,-1.3938474e-07,4.5900291e-07
0.073399998,-1.2297396e-07,4.6198994e-07
0.0735,-1.0647813e-07,4.6446041e-07
0.073600002,-8.9913584e-08,4.6641199e-07
0.073700003,-7.3296775e-08,4.6784291e-07
0.073799998,-5.6644208e-08,4.6875206e-07
0.073899999,-3.997248e-08,4.691388e-07
0.074000001,-2.3298236e-08,4.6900317e-07
0.074100003,-6.6381687e-09,4.6834575e-07
0.074199997,9.9909965e-09,4.6716772e-07
0.074299999,2.6576446e-08,4.6546381e-07
0.0744,4.3099881e-08,4.632393e-07
0.074500002,5.9544554e-08,4.6049723e-07
0.074600004,7.5894206e-08,4.5724056e-07
0.074699998,9.2132652e-08,4.5347267e-07
0.0748,1.0824381e-07,4.4919761e-07
0.074900001,1.2421171e-07,4.4442004e-07
0.075000003,1.4002052e-07,4.3914508e-07
0.075099997,1.556545e-07,4.3337852e-07
0.075199999,1.710988e-07,4.2712352e-07
0.075300001,1.8633892e-07,4.2038275e-07
0.075400002,2.0135904e-07,4.131669e-07
0.075499997,2.1614431e-07,4.0548326e-07
0.075599998,2.306802e-07,3.9733965e-07
0.0757,2.4495236e-07,3.8874435e-07
0.075800002,2.5894676e-07,3.7970625e-07
0.075900003,2.726496e-07,3.7023469e-07
0.075999998,2.8604742e-07,3.6033956e-07
0.076099999,2.9912709e-07,3.5003123e-07
0.076200001,3.11875e-07,3.3931218e-07
0.076300003,3.24279e-07,3.2819761e-07
0.076399997,3.3632699e-07,3.166993e-07
0.076499999,3.4800709e-07,3.0482875e-07
0.0766,3.5930793e-07,2.9259792e-07
0.076700002,3.702184e-07,2.8001915e-07
0.076800004,3.8072795e-07,2.6710529e-07
0.076899998,3.9082633e-07,2.538695e-07
0.077,4.0050384e-07,2.4032539e-07
0.077100001,4.0974982e-07,2.2648366e-07
0.077200003,4.1855395e-07,2.1235509e-07
0.077299997,4.2690911e-07,1.9795726e-07
0.077399999,4.3480711e-07,1.8330452e-07
0.077500001,4.4224026e-07,1.6841153e-07
0.077600002,4.4920148e-07,1.532932e-07
0.077699997,4.5568405e-07,1.3796478e-07
0.077799998,4.6168185e-07,1.224417e-07
0.0779,4.6718932e-07,1.0673975e-07
0.078000002,4.7220144e-07,9.087492e-08
0.078100003,4.7670807e-07,7.4856608e-08
0.078199998,4.8070814e-07,5.8704654e-08
0.078299999,4.8419804e-07,4.243541e-08
0.078400001,4.8717447e-07,2.6065061e-08
0.078500003,4.8963466e-07,9.6099235e-09
0.078599997,4.9157654e-07,-6.9135639e-09
0.078699999,4.9299837e-07,-2.348885e-08
0.0788,4.9389928e-07,-4.0099287e-08
0.078900002,4.9427882e-07,-5.672814e-08
0.079000004,4.9413387e-07,-7.3360759e-08
0.079099998,4.9346249e-07,-8.998218e-08
0.0792,4.9226838e-07,-1.0657392e-07
0.079300001,4.9055291e-07,-1.2311953e-07
0.079400003,4.8831794e-07,-1.3960261e-07
0.079499997,4.8556603e-07,-1.5600675e-07
0.079599999,4.8230009e-07,-1.7231565e-07
0.079700001,4.7852393e-07,-1.8851304e-07
0.079800002,4.7424163e-07,-2.0458278e-07
0.079899997,4.6945809e-07,-2.2050878e-07
0.079999998,4.6416991e-07,-2.3627773e-07
0.0801,4.5838789e-07,-2.5187239e-07
0.080200002,4.52118e-07,-2.6727733e-07
0.080300003,4.4536662e-07,-2.8247726e-07
0.080399998,4.3814063e-07,-2.9745721e-07
0.080499999,4.304475e-07,-3.1220227e-07
0.080600001,4.2229524e-07,-3.2669797e-07
0.080700003,4.1369233e-07,-3.4092986e-07
0.080799997,4.0464789e-07,-3.5488395e-07
0.080899999,3.9516729e-07,-3.6854638e-07
0.081,3.8525775e-07,-3.8190365e-07
0.081100002,3.7493257e-07,-3.9494256e-07
0.081200004,3.6420212e-07,-4.0765028e-07
0.081299998,3.5307721e-07,-4.2001426e-07
0.0814,3.4156906e-07,-4.320224e-07
0.081500001,3.2968939e-07,-4.4366288e-07
0.081600003,3.1745034e-07,-4.549243e-07
0.081699997,3.048645e-07,-4.6579572e-07
0.081799999,2.9194484e-07,-4.7626648e-07
0.081900001,2.7869592e-07,-4.8632364e-07
0.082000002,2.6513663e-07,-4.9595917e-07
0.082099997,2.5128054e-07,-5.0516354e-07
0.082199998,2.3714141e-07,-5.1392772e-07
0.0823,2.2273343e-07,-5.2224317e-07
0.082400002,2.0807113e-07,-5.3010183e-07
0.082500003,1.9316926e-07,-5.3749613e-07
0.082599998,1.7804297e-07,-5.4441904e-07
0.082699999,1.6270765e-07,-5.5086394e-07
0.082800001,1.4717533e-07,-5.5682239e-07
0.082900003,1.3145993e-07,-5.6228737e-07
0.082999997,1.1557971e-07,-5.6725548e-07
0.083099999,9.9550469e-08,-5.717219e-07
0.0832,8.3388173e-08,-5.7568229e-07
0.083300002,6.7108957e-08,-5.7913297e-07
0.083400004,5.072912e-08,-5.8207075e-07
0.083499998,3.4265124e-08,-5.8449302e-07
0.0836,1.7733557e-08,-5.8639785e-07
0.083700001,1.1509308e-09,-5.8778346e-07
0.083800003,-1.5471445e-08,-5.8864208e-07
0.083899997,-3.211348e-08,-5.8897751e-07
0.083999999,-4.8758679e-08,-5.8878953e-07
0.084100001,-6.539053e-08,-5.8807836e-07
0.084200002,-8.1992511e-08,-5.8684503e-07
0.084299996,-9.8548099e-08,-5.850909e-07
0.084399998,-1.1504078e-07,-5.8281813e-07
0.0845,-1.314541e-07,-5.8002928e-07
0.084600002,-1.4777163e-07,-5.767277e-07
0.084700003,-1.6397873e-07,-5.7291265e-07
0.084799998,-1.8005984e-07,-5.6858687e-07
0.084899999,-1.9599797e-07,-5.6375751e-07
0.085000001,-2.1177735e-07,-5.5842941e-07
0.085100003,-2.2738236e-07,-5.5260801e-07
0.085199997,-2.4279757e-07,-5.4629936e-07
0.085299999,-2.5800767e-07,-5.3950993e-07
0.0854,-2.7299765e-07,-5.3224693e-07
0.085500002,-2.8775261e-07,-5.2451787e-07
0.085600004,-3.02258e-07,-5.1633054e-07
0.085699998,-3.1650006e-07,-5.0768517e-07
0.0858,-3.3046427e-07,-4.9859602e-07
0.085900001,-3.4413688e-07,-4.8907214e-07
0.086000003,-3.5750443e-07,-4.7912317e-07
0.086099997,-3.7055372e-07,-4.6875905e-07
0.086199999,-3.8327192e-07,-4.5799032e-07
0.086300001,-3.9564657e-07,-4.4682795e-07
0.086400002,-4.0766548e-07,-4.3528345e-07
0.086499996,-4.1931699e-07,-4.233687e-07
0.086599998,-4.305885e-07,-4.1109109e-07
0.0867,-4.4146876e-07,-3.9846208e-07
0.086800002,-4.5194767e-07,-3.8549689e-07
0.086900003,-4.6201498e-07,-3.7220849e-07
0.086999997,-4.716608e-07,-3.5861015e-07
0.087099999,-4.8087571e-07,-3.4471546e-07
0.087200001,-4.8965086e-07,-3.3053846e-07
0.087300003,-4.9797762e-07,-3.1609346e-07
0.087399997,-5.0584816e-07,-3.013952e-07
0.087499999,-5.1325452e-07,-2.8645798e-07
0.0876,-5.2018572e-07,-2.7129005e-07
0.087700002,-5.2663768e-07,-2.5591123e-07
0.087800004,-5.3260408e-07,-2.4033685e-07
0.087899998,-5.3807923e-07,-2.2458229e-07
0.088,-5.4305787e-07,-2.0866331e-07
0.088100001,-5.4753519e-07,-1.9259578e-07
0.088200003,-5.5150713e-07,-1.7639582e-07
0.088299997,-5.5497009e-07,-1.6007974e-07
0.088399999,-5.57921e-07,-1.43664e-07
0.088500001,-5.603535e-07,-1.2716154e-07
0.088600002,-5.6226503e-07,-1.1058847e-07
0.088699996,-5.6365565e-07,-9.3962981e-08
0.088799998,-5.6452421e-07,-7.7301529e-08
0.0889,-5.6486988e-07,-6.0620629e-08
0.089000002,-5.6469264e-07,-4.3936858e-08
0.089100003,-5.6399296e-07,-2.7266815e-08
0.089199997,-5.627719e-07,-1.0627127e-08
0.089299999,-5.6103107e-07,5.9655676e-09
0.089400001,-5.5877177e-07,2.249512e-08
0.089500003,-5.5598997e-07,3.8948293e-08
0.089599997,-5.5269328e-07,5.5306501e-08
0.089699998,-5.4888511e-07,7.1553593e-08
0.0898,-5.4456933e-07,8.767352e-08
0.089900002,-5.3975043e-07,1.0365034e-07
0.090000004,-5.3443347e-07,1.1946827e-07
0.090099998,-5.2862407e-07,1.3511163e-07
0.0902,-5.2232838e-07,1.5056494e-07
0.090300001,-5.1555327e-07,1.6581286e-07
0.090400003,-5.0830033e-07,1.8084116e-07
0.090499997,-5.0057702e-07,1.9563498e-07
0.090599999,-4.9239344e-07,2.1017938e-07
0.090700001,-4.8375779e-07,2.2446004e-07
0.090800002,-4.7467881e-07,2.3846292e-07
0.090899996,-4.651657e-07,2.5217423e-07
0.090999998,-4.5522822e-07,2.655805e-07
0.0911,-4.4487658e-07,2.7866861e-07
0.091200002,-4.3412149e-07,2.9142572e-07
0.091300003,-4.2297285e-07,3.0383916e-07
0.091399997,-4.1143511e-07,3.158957e-07
0.091499999,-3.9952491e-07,3.2758433e-07
0.091600001,-3.8725409e-07,3.3889353e-07
0.091700003,-3.7463496e-07,3.4981224e-07
0.091799997,-3.6168015e-07,3.6032981e-07
0.091899998,-3.4840269e-07,3.70436e-07
0.092,-3.3481612e-07,3.8012101e-07
0.092100002,-3.2093419e-07,3.8937551e-07
0.092200004,-3.0677117e-07,3.9819068e-07
0.092299998,-2.9233613e-07,4.0655547e-07
0.092399999,-2.7764401e-07,4.1446202e-07
0.092500001,-2.6271141e-07,4.2190356e-07
0.092600003,-2.4755317e-07,4.2887291e-07
0.092699997,-2.3218441e-07,4.3536326e-07
0.092799999,-2.1662046e-07,4.4136851e-07
0.092900001,-2.0087698e-07,4.4688289e-07
0.093000002,-1.8496979e-07,4.5190137e-07
0.093099996,-1.6891501e-07,4.5641929e-07
0.093199998,-1.5272771e-07,4.6043161e-07
0.0933,-1.3641929e-07,4.6393015e-07
0.093400002,-1.2000963e-07,4.6691503e-07
0.093500003,-1.0351499e-07,4.6938342e-07
0.093599997,-8.6951729e-08,4.7133304e-07
0.093699999,-7.0336313e-08,4.727622e-07
0.093800001,-5.3685302e-08,4.7366979e-07
0.093900003,-3.7015322e-08,4.7405527e-07
0.093999997,-2.0343071e-08,4.739187e-07
0.094099998,-3.6852925e-09,4.7326074e-07
0.0942,1.2944493e-08,4.7207715e-07
0.094300002,2.9529215e-08,4.7037022e-07
0.094400004,4.6051476e-08,4.6814355e-07
0.094499998,6.2494934e-08,4.6539949e-07
0.094599999,7.8843314e-08,4.6214095e-07
0.094700001,9.5080424e-08,4.5837146e-07
0.094800003,1.1119015e-07,4.540951e-07
0.094899997,1.271565e-07,4.4931656e-07
0.094999999,1.4296359e-07,4.4404109e-07
0.095100001,1.5859614e-07,4.3827271e-07
0.095200002,1.7404005e-07,4.3201149e-07
0.095299996,1.8927898e-07,4.252685e-07
0.095399998,2.0429789e-07,4.1805055e-07
0.0955,2.1908197e-07,4.10365e-07
0.095600002,2.3361665e-07,4.0221965e-07
0.095700003,2.4788761e-07,3.9362294e-07
0.095799997,2.6188079e-07,3.8458376e-07
0.095899999,2.7558241e-07,3.7511151e-07
0.096000001,2.8897901e-07,3.6521621e-07
0.096100003,3.0205697e-07,3.5490157e-07
0.096199997,3.1480357e-07,3.4417965e-07
0.096299998,3.2720635e-07,3.3306296e-07
0.0964,3.3925315e-07,3.2156262e-07
0.096500002,3.5093214e-07,3.0969022e-07
0.096600004,3.622319e-07,2.974578e-07
0.096699998,3.731414e-07,2.8487776e-07
0.096799999,3.8365008e-07,2.7196293e-07
0.096900001,3.9374774e-07,2.5872666e-07
0.097000003,4.0342385e-07,2.4518059e-07
0.097099997,4.1266705e-07,2.3133306e-07
0.097199999,4.2146991e-07,2.1720231e-07
0.0973,4.2982381e-07,2.028024e-07
0.097400002,4.377207e-07,1.8814772e-07
0.097499996,4.4515286e-07,1.7325296e-07
0.097599998,4.5211323e-07,1.581331e-07
0.0977,4.5859514e-07,1.4280343e-07
0.097800002,4.6459252e-07,1.2727948e-07
0.097900003,4.7009982e-07,1.1157708e-07
0.097999997,4.7510773e-07,9.5706696e-08
0.098099999,4.7961277e-07,7.9685904e-08
0.098200001,4.8361153e-07,6.3531843e-08
0.098300003,4.8710029e-07,4.7260578e-08
0.098399997,4.9007565e-07,3.0888327e-08
0.098499998,4.9253509e-07,1.4431444e-08
0.0986,4.9447635e-07,-2.0935871e-09
0.098700002,4.9589789e-07,-1.8670168e-08
0.098800004,4.9679886e-07,-3.5281598e-08
0.098899998,4.9717687e-07,-5.1912497e-08
0.098999999,4.9702749e-07,-6.8549248e-08
0.099100001,4.9635474e-07,-8.5172772e-08
0.099200003,4.9515938e-07,-1.0176657e-07
0.099299997,4.9344288e-07,-1.1831418e-07
0.099399999,4.9120706e-07,-1.3479917e-07
0.0995,4.8845448e-07,-1.5120511e-07
0.099600002,4.8518831e-07,-1.6751567e-07
0.099699996,4.814122e-07,-1.8371456e-07
0.099799998,4.7713047e-07,-1.9978559e-07
0.0999,4.7233962e-07,-2.1571502e-07
0.1,4.6704758e-07,-2.314862e-07
0.1,4.6704758e-07,-2.314862e-07
0.1001,0.0066008135,-0.0039505712
0.1002,0.013044551,-0.0080887498
0.1003,0.019326469,-0.012410134
0.1004,0.025441185,-0.016909728
0.1005,0.03138347,-0.021582367
0.1006,0.037148256,-0.026422724
0.1007,0.042730648,-0.031425305
0.1008,0.048125926,-0.03658447
0.1009,0.053329539,-0.041894425
0.101,0.058337122,-0.047349248
0.1011,0.06314449,-0.052942872
0.1012,0.06774766,-0.058669101
0.1013,0.072142825,-0.064521618
0.1014,0.076326378,-0.070493966
0.1015,0.080294922,-0.076579608
0.1016,0.084045261,-0.08277189
0.1017,0.087574415,-0.089064047
0.1018,0.090879604,-0.095449239
0.1019,0.093958259,-0.10192054
0.102,0.096808046,-0.10847093
0.1021,0.099426828,-0.11509334
0.1022,0.10181271,-0.1217806
0.1023,0.10396399,-0.12852553
0.1024,0.10587923,-0.13532086
0.1025,0.10755718,-0.1421593
0.1026,0.10899685,-0.1490335
0.1027,0.11019744,-0.15593611
0.1028,0.11115842,-0.16285972
0.1029,0.11187946,-0.16979696
0.103,0.1123605,-0.17674039
0.1031,0.11260167,-0.18368262
0.1032,0.11260333,-0.19061625
0.1033,0.1123661,-0.19753388
0.1034,0.11189083,-0.20442812
0.1035,0.11117855,-0.21129169
0.1036,0.11023057,-0.21811722
0.1037,0.1090484,-0.22489749
0.1038,0.10763378,-0.23162527
0.1039,0.10598868,-0.23829342
0.104,0.10411528,-0.24489485
0.1041,0.102016,-0.25142252
0.1042,0.099693447,-0.25786951
0.1043,0.097150467,-0.26422894
0.1044,0.094390109,-0.27049407
0.1045,0.091415636,-0.27665824
0.1046,0.088230506,-0.28271484
0.1047,0.08483839,-0.28865743
0.1048,0.081243172,-0.29447973
0.1049,0.077448882,-0.30017546
0.105,0.073459789,-0.30573857
0.1051,0.069280341,-0.31116313
0.1052,0.06491515,-0.31644329
0.1053,0.060369018,-0.32157344
0.1054,0.055646919,-0.32654804
0.1055,0.050754007,-0.33136174
0.1056,0.045695569,-0.33600938
0.1057,0.040477078,-0.34048593
0.1058,0.035104159,-0.34478655
0.1059,0.029582577,-0.34890658
0.106,0.02391823,-0.35284153
0.1061,0.018117169,-0.35658711
0.1062,0.012185574,-0.36013919
0.1063,0.0061297291,-0.36349389
0.1064,-4.3938744e-05,-0.36664748
0.1065,-0.0063289036,-0.36959645
0.1066,-0.012718537,-0.37233752
0.1067,-0.019206103,-0.37486756
0.1068,-0.025784779,-0.37718371
0.1069,-0.032447655,-0.37928331
0.107,-0.039187741,-0.3811639
0.1071,-0.045997977,-0.38282323
0.1072,-0.052871238,-0.38425931
0.1073,-0.059800338,-0.38547036
0.1074,-0.066778041,-0.38645482
0.1075,-0.073797077,-0.38721135
0.1076,-0.080850117,-0.38773888
0.1077,-0.08792983,-0.38803649
0.1078,-0.09502884,-0.38810357
0.1079,-0.10213976,-0.38793969
0.108,-0.10925522,-0.38754466
0.1081,-0.11636781,-0.38691854
0.1082,-0.12347015,-0.38606164
0.1083,-0.13055488,-0.38497445
0.1084,-0.13761464,-0.38365769
0.1085,-0.14464211,-0.38211238
0.1086,-0.15163001,-0.38033968
0.1087,-0.15857111,-0.37834105
0.1088,-0.1654582,-0.37611812
0.1089,-0.17228414,-0.37367281
0.109,-0.17904188,-0.37100717
0.1091,-0.18572439,-0.36812353
0.1092,-0.19232477,-0.36502448
0.1093,-0.19883619,-0.36171272
0.1094,-0.20525187,-0.35819122
0.1095,-0.21156518,-0.35446322
0.1096,-0.21776959,-0.35053205
0.1097,-0.22385864,-0.3464013
0.1098,-0.22982602,-0.34207478
0.1099,-0.23566554,-0.33755645
0.11,-0.24137112,-0.33285052
0.1101,-0.24693687,-0.32796133
0.1102,-0.25235698,-0.32289344
0.1103,-0.25762579,-0.31765154
0.1104,-0.26273781,-0.31224057
0.1105,-0.26768777,-0.30666557
0.1106,-0.27247041,-0.30093181
0.1107,-0.2770808,-0.29504466
0.1108,-0.28151411,-0.28900966
0.1109,-0.28576565,-0.2828325
0.111,-0.28983098,-0.27651906
0.1111,-0.29370582,-0.27007526
0.1112,-0.29738608,-0.26350725
0.1113,-0.30086786,-0.25682124
0.1114,-0.30414745,-0.25002357
0.1115,-0.30722138,-0.24312072
0.1116,-0.31008637,-0.23611924
0.1117,-0.31273928,-0.22902581
0.1118,-0.31517732,-0.22184718
0.1119,-0.3173978,-0.21459021
0.112,-0.31939828,-0.2072618
0.1121,-0.32117656,-0.19986898
0.1122,-0.32273063,-0.19241878
0.1123,-0.32405871,-0.18491834
0.1124,-0.32515931,-0.17737485
0.1125,-0.32603106,-0.1697955
0.1126,-0.32667288,-0.16218756
0.1127,-0.32708392,-0.15455832
0.1128,-0.32726353,-0.14691506
0.1129,-0.32721132,-0.13926515
0.113,-0.32692716,-0.13161588
0.1131,-0.32641107,-0.12397461
0.1132,-0.32566333,-0.11634865
0.1133,-0.3246845,-0.10874534
0.1134,-0.32347533,-0.10117196
0.1135,-0.3220368,-0.093635768
0.1136,-0.32037011,-0.086144
0.1137,-0.31847671,-0.078703858
0.1138,-0.31635827,-0.071322471
0.1139,-0.31401667,-0.064006925
0.114,-0.31145406,-0.056764238
0.1141,-0.30867273,-0.049601365
0.1142,-0.30567521,-0.04252518
0.1143,-0.30246431,-0.035542473
0.1144,-0.29904303,-0.02865994
0.1145,-0.29541448,-0.021884184
0.1146,-0.29158214,-0.015221703
0.1147,-0.28754953,-0.0086788861
0.1148,-0.28332049,-0.0022620042
0.1149,-0.27889901,0.0040227948
0.115,-0.27428928,0.01016949
0.1151,-0.26949567,0.016172195
0.1152,-0.2645227,0.022025168
0.1153,-0.25937515,0.027722808
0.1154,-0.25405791,0.033259667
0.1155,-0.24857606,0.038630459
0.1156,-0.24293482,0.043830056
0.1157,-0.23713963,0.048853494
0.1158,-0.23119602,0.053695992
0.1159,-0.22510968,0.058352932
0.116,-0.21888648,0.062819891
0.1161,-0.2125324,0.067092627
0.1162,-0.20605354,0.071167089
0.1163,-0.19945614,0.075039409
0.1164,-0.19274656,0.078705937
0.1165,-0.18593127,0.082163215
0.1166,-0.17901684,0.08540798
0.1167,-0.17200994,0.0884372
0.1168,-0.16491735,0.091248028
0.1169,-0.15774591,0.093837857
0.117,-0.15050256,0.096204273
0.1171,-0.14319429,0.098345101
0.1172,-0.13582818,0.10025838
0.1173,-0.12841137,0.10194237
0.1174,-0.12095102,0.10339555
0.1175,-0.11345436,0.10461664
0.1176,-0.10592867,0.10560458
0.1177,-0.098381214,0.10635854
0.1178,-0.090819329,0.10687791
0.1179,-0.083250329,0.10716233
0.118,-0.075681567,0.10721166
0.1181,-0.068120375,0.10702599
0.1182,-0.060574088,0.10660563
0.1183,-0.053050034,0.10595115
0.1184,-0.045555506,0.10506333
0.1185,-0.038097776,0.10394316
0.1186,-0.030684089,0.1025919
0.1187,-0.023321636,0.10101102
0.1188,-0.016017562,0.099202193
0.1189,-0.0087789595,0.09716735
0.119,-0.0016128551,0.094908625
0.1191,0.0054737949,0.092428371
0.1192,0.012474112,0.089729168
0.1193,0.019381298,0.0868138
0.1194,0.026188651,0.083685279
0.1195,0.03288956,0.080346815
0.1196,0.039477523,0.076801822
0.1197,0.045946147,0.073053926
0.1198,0.052289154,0.069106944
0.1199,0.05850039,0.06496489
0.12,0.064573832,0.060631979
0.1201,0.070503578,0.056112602
0.1202,0.076283887,0.051411334
0.1203,0.081909157,0.046532936
0.1204,0.087373935,0.041482337
0.1205,0.092672922,0.036264636
0.1206,0.097800985,0.030885102
0.1207,0.10275316,0.025349151
0.1208,0.10752466,0.019662363
0.1209,0.11211087,0.013830464
0.121,0.11650734,0.0078593167
0.1211,0.12070984,0.0017549273
0.1212,0.12471431,-0.0044765691
0.1213,0.1285169,-0.010828918
0.1214,0.1321139,-0.017295737
0.1215,0.13550191,-0.023870537
0.1216,0.13867763,-0.030546729
0.1217,0.14163803,-0.037317608
0.1218,0.14438024,-0.044176396
0.1219,0.14690168,-0.051116213
0.122,0.14919993,-0.058130108
0.1221,0.1512728,-0.065211058
0.1222,0.15311833,-0.072351962
0.1223,0.15473476,-0.079545684
0.1224,0.1561206,-0.086785026
0.1225,0.15727453,-0.094062723
0.1226,0.15819553,-0.10137151
0.1227,0.15888272,-0.10870407
0.1228,0.15933552,-0.11605306
0.1229,0.15955356,-0.12341114
0.123,0.15953669,-0.13077095
0.1231,0.15928501,-0.13812512
0.1232,0.15879883,-0.14546631
0.1233,0.1580787,-0.15278716
0.1234,0.15712541,-0.16008037
0.1235,0.15593997,-0.16733865
0.1236,0.1545236,-0.17455472
0.1237,0.15287778,-0.18172137
0.1238,0.1510042,-0.18883146
0.1239,0.14890477,-0.19587785
0.124,0.14658163,-0.20285352
0.1241,0.14403716,-0.20975147
0.1242,0.14127389,-0.21656482
0.1243,0.13829464,-0.22328675
0.1244,0.13510241,-0.22991052
0.1245,0.1317004,-0.23642954
0.1246,0.12809204,-0.24283727
0.1247,0.12428094,-0.24912727
0.1248,0.12027094,-0.25529331
0.1249,0.11606603,-0.26132914
0.125,0.11167044,-0.26722878
0.1251,0.10708856,-0.27298629
0.1252,0.10232496,-0.27859592
0.12530001,0.097384401,-0.28405204
0.12540001,0.09227182,-0.2893492
0.12549999,0.086992316,-0.29448205
0.1256,0.081551142,-0.29944545
0.1257,0.075953737,-0.30423445
0.1258,0.070205666,-0.30884421
0.1259,0.064312659,-0.31327012
0.126,0.058280583,-0.31750771
0.1261,0.05211544,-0.32155275
0.12620001,0.045823369,-0.32540116
0.12630001,0.039410625,-0.32904902
0.12639999,0.032883584,-0.33249268
0.1265,0.026248738,-0.33572868
0.1266,0.019512683,-0.33875373
0.1267,0.012682113,-0.34156474
0.1268,0.0057638171,-0.34415892
0.1269,-0.0012353343,-0.3465336
0.127,-0.0083083874,-0.34868634
0.12710001,-0.015448316,-0.35061496
0.12720001,-0.022648033,-0.35231748
0.12729999,-0.029900385,-0.35379216
0.1274,-0.037198175,-0.35503742
0.1275,-0.044534162,-0.35605201
0.1276,-0.051901057,-0.35683486
0.1277,-0.059291556,-0.35738507
0.1278,-0.06669832,-0.35770205
0.1279,-0.074114002,-0.35778543
0.12800001,-0.081531249,-0.35763505
0.12809999,-0.088942692,-0.35725096
0.12819999,-0.096340984,-0.35663351
0.1283,-0.10371879,-0.35578319
0.1284,-0.11106879,-0.3547008
0.1285,-0.11838369,-0.35338733
0.1286,-0.12565623,-0.35184401
0.1287,-0.13287923,-0.35007229
0.1288,-0.14004548,-0.34807384
0.12890001,-0.14714791,-0.34585059
0.12899999,-0.15417945,-0.34340462
0.12909999,-0.16113316,-0.34073833
0.1292,-0.16800211,-0.33785424
0.1293,-0.17477953,-0.33475515
0.1294,-0.18145867,-0.33144403
0.1295,-0.1880329,-0.3279241
0.1296,-0.19449572,-0.32419875
0.12970001,-0.20084074,-0.32027161
0.12980001,-0.20706163,-0.31614646
0.12989999,-0.21315224,-0.31182736
0.13,-0.21910654,-0.30731845
0.1301,-0.22491862,-0.30262411
0.1302,-0.23058271,-0.29774895
0.1303,-0.23609319,-0.2926977
0.1304,-0.24144462,-0.28747529
0.1305,-0.24663168,-0.28208676
0.13060001,-0.2516492,-0.27653742
0.13070001,-0.25649226,-0.27083263
0.13079999,-0.26115602,-0.26497799
0.1309,-0.26563585,-0.25897923
0.131,-0.26992729,-0.25284219
0.1311,-0.27402613,-0.24657282
0.1312,-0.27792829,-0.2401773
0.1313,-0.28162986,-0.23366186
0.1314,-0.28512722,-0.22703286
0.13150001,-0.28841683,-0.22029677
0.13160001,-0.2914955,-0.21346018
0.13169999,-0.2943601,-0.20652978
0.1318,-0.2970078,-0.19951235
0.1319,-0.299436,-0.19241473
0.132,-0.30164224,-0.18524389
0.1321,-0.30362436,-0.17800681
0.1322,-0.30538037,-0.17071061
0.1323,-0.30690855,-0.16336241
0.13240001,-0.3082073,-0.1559694
0.13249999,-0.30927539,-0.14853881
0.13259999,-0.31011173,-0.14107792
0.1327,-0.3107155,-0.13359404
0.1328,-0.31108603,-0.12609446
0.1329,-0.31122297,-0.11858656
0.133,-0.3111262,-0.11107767
0.1331,-0.31079581,-0.10357514
0.1332,-0.31023204,-0.096086316
0.13330001,-0.30943546,-0.088618517
0.13339999,-0.30840686,-0.08117906
0.13349999,-0.30714726,-0.073775224
0.1336,-0.3056578,-0.066414259
0.1337,-0.30394003,-0.059103359
0.1338,-0.30199561,-0.051849678
0.1339,-0.29982638,-0.044660322
0.134,-0.29743454,-0.037542321
0.13410001,-0.29482239,-0.030502642
0.13420001,-0.29199257,-0.023548167
0.13429999,-0.28894779,-0.016685704
0.1344,-0.28569102,-0.009921968
0.1345,-0.28222555,-0.0032635701
0.1346,-0.27855474,0.0032829801
0.1347,-0.27468219,0.0097112739
0.1348,-0.27061173,0.016015029
0.1349,-0.26634735,0.022188086
0.13500001,-0.2618933,0.028224416
0.13510001,-0.25725389,0.034118108
0.13519999,-0.25243375,0.039863411
0.1353,-0.24743757,0.045454718
0.1354,-0.24227032,0.050886571
0.1355,-0.23693706,0.056153651
0.1356,-0.23144306,0.061250832
0.1357,-0.22579373,0.066173144
0.1358,-0.21999463,0.070915788
0.13590001,-0.21405149,0.075474121
0.13600001,-0.20797013,0.079843722
0.13609999,-0.20175658,0.084020332
0.1362,-0.19541696,0.087999895
0.1363,-0.18895748,0.091778509
0.1364,-0.18238455,0.09535253
0.1365,-0.17570464,0.098718487
0.1366,-0.16892435,0.10187311
0.1367,-0.16205032,0.10481332
0.13680001,-0.15508935,0.1075363
0.13689999,-0.14804831,0.11003942
0.13699999,-0.14093415,0.11232025
0.1371,-0.13375385,0.11437659
0.1372,-0.12651452,0.11620647
0.1373,-0.11922331,0.11780818
0.1374,-0.1118874,0.11918017
0.1375,-0.104514,0.12032112
0.1376,-0.097110398,0.12122998
0.13770001,-0.089683898,0.12190589
0.13779999,-0.082241818,0.12234824
0.13789999,-0.074791506,0.12255666
0.138,-0.067340299,0.12253098
0.1381,-0.059895545,0.12227128
0.1382,-0.052464601,0.12177788
0.1383,-0.045054797,0.12105134
0.1384,-0.03767344,0.12009241
0.13850001,-0.030327808,0.11890209
0.13860001,-0.023025149,0.1174816
0.13869999,-0.015772671,0.11583241
0.1388,-0.0085775256,0.11395619
0.1389,-0.0014468118,0.11185485
0.139,0.0056124334,0.10953052
0.1391,0.012593245,0.10698553
0.1392,0.019488735,0.10422246
0.1393,0.026292099,0.10124409
0.13940001,0.032996621,0.098053403
0.13950001,0.039595686,0.094653606
0.13959999,0.04608278,0.091048099
0.1397,0.052451499,0.087240502
0.1398,0.058695562,0.083234623
0.1399,0.064808808,0.079034463
0.14,0.070785195,0.074644215
0.1401,0.07661882,0.070068277
0.1402,0.082303941,0.065311201
0.14030001,0.087834932,0.060377743
0.14040001,0.093206339,0.055272821
0.14049999,0.098412849,0.050001528
0.1406,0.10344933,0.044569109
0.1407,0.10831081,0.038980987
0.1408,0.11299248,0.033242721
0.1409,0.11748972,0.02736003
0.141,0.12179809,0.021338766
0.1411,0.12591334,0.015184928
0.14120001,0.12983139,0.0089046378
0.14129999,0.13354836,0.0025041436
0.14139999,0.13706061,-0.0040101847
0.1415,0.14036466,-0.010631868
0.1416,0.14345723,-0.017354319
0.1417,0.14633527,-0.024170853
0.1418,0.14899594,-0.031074692
0.1419,0.1514366,-0.03805897
0.142,0.15365483,-0.045116745
0.14210001,0.15564844,-0.052240998
0.14219999,0.15741546,-0.05942465
0.14229999,0.15895416,-0.066660561
0.1424,0.16026297,-0.073941529
0.1425,0.16134064,-0.081260331
0.1426,0.16218606,-0.088609681
0.1427,0.1627984,-0.095982283
0.1428,0.16317706,-0.1033708
0.1429,0.16332166,-0.11076791
0.14300001,0.16323203,-0.11816623
0.14309999,0.16290826,-0.12555844
0.1432,0.16235067,-0.13293716
0.1433,0.16155979,-0.14029509
0.1434,0.16053641,-0.14762489
0.1435,0.15928152,-0.15491931
0.1436,0.15779635,-0.16217105
0.1437,0.15608235,-0.16937295
0.14380001,0.15414122,-0.17651781
0.14390001,0.15197486,-0.18359856
0.14399999,0.14958538,-0.19060814
0.1441,0.14697517,-0.1975396
0.1442,0.14414676,-0.20438603
0.1443,0.14110295,-0.21114062
0.1444,0.13784674,-0.21779667
0.1445,0.13438131,-0.22434756
0.1446,0.1307101,-0.23078676
0.14470001,0.12683669,-0.23710786
0.14480001,0.12276492,-0.24330458
0.14489999,0.11849879,-0.24937075
0.145,0.11404251,-0.25530034
0.1451,0.10940045,-0.26108745
0.1452,0.10457719,-0.26672632
0.1453,0.099577487,-0.27221131
0.1454,0.094406255,-0.27753696
0.1455,0.089068584,-0.28269798
0.14560001,0.083569743,-0.28768921
0.14569999,0.077915139,-0.29250571
0.14579999,0.072110355,-0.29714262
0.1459,0.066161089,-0.30159533
0.146,0.060073212,-0.30585945
0.1461,0.053852722,-0.30993062
0.1462,0.047505748,-0.31380486
0.1463,0.041038536,-0.31747827
0.1464,0.03445746,-0.32094714
0.14650001,0.027769009,-0.32420805
0.14659999,0.020979764,-0.32725769
0.14669999,0.014096418,-0.330093
0.1468,0.0071257511,-0.33271116
0.1469,7.4631418e-05,-0.33510953
0.147,-0.0070499955,-0.33728567
0.1471,-0.014241111,-0.33923739
0.1472,-0.021491628,-0.34096274
0.1473,-0.028794406,-0.34245995
0.14740001,-0.036142249,-0.34372747
0.14749999,-0.04352792,-0.34476402
0.1476,-0.050944142,-0.34556851
0.1477,-0.05838361,-0.34614015
0.1478,-0.065838993,-0.34647825
0.1479,-0.073302947,-0.34658247
0.148,-0.080768123,-0.34645265
0.1481,-0.08822716,-0.34608886
0.14820001,-0.095672719,-0.34549144
0.14830001,-0.10309746,-0.34466088
0.14839999,-0.11049408,-0.34359798
0.1485,-0.11785527,-0.34230375
0.1486,-0.12517381,-0.34077939
0.1487,-0.13244246,-0.33902636
0.1488,-0.1396541,-0.33704636
0.1489,-0.14680159,-0.33484128
0.149,-0.15387791,-0.33241323
0.14910001,-0.1608761,-0.3297646
0.14920001,-0.16778925,-0.32689789
0.14929999,-0.17461056,-0.32381594
0.1494,-0.1813333,-0.32052171
0.1495,-0.18795089,-0.31701842
0.1496,-0.19445679,-0.31330946
0.1497,-0.20084459,-0.30939844
0.1498,-0.20710799,-0.30528918
0.1499,-0.21324086,-0.30098569
0.15000001,-0.21923716,-0.29649213
0.15009999,-0.22509097,-0.29181293
0.15019999,-0.23079653,-0.28695264
0.1503,-0.23634824,-0.28191602
0.1504,-0.24174063,-0.27670795
0.1505,-0.24696839,-0.27133355
0.1506,-0.25202638,-0.26579806
0.1507,-0.25690964,-0.26010692
0.1508,-0.26161337,-0.25426567
0.15090001,-0.26613292,-0.24828003
0.15099999,-0.27046388,-0.24215586
0.15109999,-0.27460197,-0.23589915
0.1512,-0.27854314,-0.22951601
0.1513,-0.28228348,-0.22301272
0.1514,-0.28581938,-0.21639562
0.1515,-0.28914732,-0.20967118
0.1516,-0.29226404,-0.20284602
0.1517,-0.29516652,-0.1959268
0.15180001,-0.29785186,-0.1889203
0.15189999,-0.3003175,-0.1818334
0.152,-0.30256096,-0.17467302
0.1521,-0.30458003,-0.16744618
0.1522,-0.30637282,-0.16015996
0.1523,-0.3079375,-0.15282151
0.1524,-0.30927262,-0.145438
0.1525,-0.31037682,-0.13801669
0.15260001,-0.31124905,-0.13056482
0.15270001,-0.31188846,-0.12308972
0.15279999,-0.31229445,-0.1155987
0.1529,-0.31246662,-0.1080991
0.153,-0.31240487,-0.10059828
0.1531,-0.31210923,-0.09310358
0.1532,-0.31158003,-0.08562234
0.1533,-0.31081781,-0.078161895
0.1534,-0.30982333,-0.070729554
0.15350001,-0.30859759,-0.063332602
0.15360001,-0.30714187,-0.05597828
0.15369999,-0.30545756,-0.048673797
0.1538,-0.30354637,-0.041426305
0.1539,-0.30141023,-0.034242906
0.154,-0.2990512,-0.027130632
0.1541,-0.29647171,-0.020096449
0.1542,-0.29367426,-0.01314725
0.1543,-0.29066166,-0.0062898337
0.15440001,-0.2874369,0.00046908332
0.15449999,-0.2840032,0.0071228859
0.15459999,-0.28036392,0.013665061
0.1547,-0.27652273,0.020089205
0.1548,-0.27248338,0.026389034
0.1549,-0.26824993,0.032558385
0.155,-0.26382655,0.038591221
0.1551,-0.25921762,0.044481646
0.1552,-0.25442773,0.050223894
0.15530001,-0.24946161,0.055812363
0.15539999,-0.24432418,0.061241582
0.15549999,-0.23902054,0.066506252
0.1556,-0.23355593,0.071601234
0.1557,-0.22793578,0.076521546
0.1558,-0.22216564,0.081262395
0.1559,-0.21625122,0.085819148
0.156,-0.2101984,0.090187371
0.1561,-0.20401317,0.094362795
0.15620001,-0.19770163,0.098341368
0.15629999,-0.19127004,0.10211921
0.1564,-0.18472476,0.10569265
0.1565,-0.1780723,0.1090582
0.1566,-0.17131922,0.11221262
0.1567,-0.16447219,0.11515284
0.1568,-0.15753801,0.11787599
0.1569,-0.15052354,0.12037947
0.15700001,-0.14343572,0.12266085
0.15710001,-0.13628155,0.12471792
0.15719999,-0.12906814,0.12654872
0.1573,-0.12180261,0.12815149
0.1574,-0.11449214,0.12952472
0.1575,-0.10714398,0.13066708
0.1576,-0.099765413,0.13157751
0.1577,-0.092363715,0.13225517
0.1578,-0.084946223,0.13269943
0.15790001,-0.077520281,0.13290991
0.15800001,-0.070093237,0.13288647
0.15809999,-0.062672429,0.13262917
0.1582,-0.055265214,0.13213834
0.1583,-0.047878917,0.13141449
0.1584,-0.040520851,0.1304584
0.1585,-0.033198297,0.12927108
0.1586,-0.0259185,0.12785372
0.1587,-0.018688669,0.12620781
0.15880001,-0.011515958,0.12433502
0.15889999,-0.0044074678,0.12223724
0.15899999,0.0026297667,0.11991659
0.1591,0.009588779,0.11737543
0.1592,0.016462678,0.1146163
0.1593,0.02324466,0.11164201
0.1594,0.029928012,0.10845552
0.1595,0.036506113,0.10506003
0.1596,0.042972453,0.10145896
0.15970001,0.049320623,0.097655907
0.15979999,0.055544343,0.093654677
0.15989999,0.061637443,0.08945927
0.16,0.067593895,0.085073896
0.1601,0.073407784,0.08050292
0.1602,0.079073362,0.07575091
0.1603,0.084585018,0.070822611
0.1604,0.089937277,0.065722942
0.1605,0.095124848,0.060456987
0.16060001,0.10014258,0.055029996
0.16069999,0.10498549,0.049447384
0.1608,0.10964879,0.04371471
0.1609,0.11412785,0.037837688
0.161,0.11841823,0.031822167
0.1611,0.12251566,0.025674146
0.1612,0.12641609,0.019399738
0.1613,0.13011563,0.013005194
0.16140001,0.13361062,0.0064968783
0.16150001,0.13689758,-0.0001187318
0.16159999,0.13997324,-0.0068350537
0.1617,0.14283453,-0.013645403
0.1618,0.14547864,-0.020543005
0.1619,0.14790289,-0.027520999
0.162,0.1501049,-0.034572441
0.1621,0.15208244,-0.04169032
0.1622,0.15383357,-0.048867553
0.16230001,0.1553565,-0.056097008
0.16240001,0.15664974,-0.063371487
0.16249999,0.15771195,-0.070683762
0.1626,0.1585421,-0.078026563
0.1627,0.15913931,-0.085392579
0.1628,0.15950297,-0.092774488
0.1629,0.15963271,-0.10016496
0.163,0.15952839,-0.10755663
0.1631,0.15919006,-0.11494216
0.16320001,0.15861803,-0.1223142
0.16329999,0.15781286,-0.12966542
0.16339999,0.15677531,-0.13698851
0.1635,0.15550637,-0.14427617
0.1636,0.15400727,-0.15152118
0.1637,0.15227948,-0.15871632
0.1638,0.15032467,-0.16585444
0.1639,0.14814474,-0.17292842
0.164,0.14574182,-0.17993125
0.16410001,0.14311826,-0.18685594
0.16419999,0.14027661,-0.1936956
0.16429999,0.13721967,-0.20044345
0.1644,0.13395041,-0.20709273
0.1645,0.13047205,-0.21363688
0.1646,0.12678798,-0.22006932
0.1647,0.12290182,-0.22638369
0.1648,0.11881739,-0.23257369
0.1649,0.11453868,-0.23863314
0.16500001,0.11006989,-0.24455602
0.16509999,0.10541541,-0.25033644
0.1652,0.10057981,-0.2559686
0.1653,0.09556783,-0.26144689
0.1654,0.090384394,-0.26676589
0.1655,0.085034594,-0.27192026
0.1656,0.079523683,-0.27690485
0.1657,0.073857069,-0.28171471
0.16580001,0.068040326,-0.28634503
0.16590001,0.062079169,-0.29079115
0.16599999,0.055979453,-0.29504865
0.1661,0.049747173,-0.2991133
0.1662,0.043388456,-0.30298099
0.1663,0.036909547,-0.30664784
0.1664,0.03031682,-0.31011018
0.1665,0.023616754,-0.3133646
0.1666,0.016815934,-0.31640774
0.16670001,0.0099210488,-0.31923658
0.16680001,0.0029388752,-0.32184827
0.16689999,-0.0041237203,-0.32424018
0.167,-0.011259794,-0.32640988
0.1671,-0.018462328,-0.32835516
0.1672,-0.025724242,-0.33007407
0.1673,-0.033038393,-0.33156487
0.1674,-0.040397592,-0.33282599
0.1675,-0.047794595,-0.33385614
0.16760001,-0.055222135,-0.33465427
0.16769999,-0.062672906,-0.3352195
0.16779999,-0.070139579,-0.33555123
0.1679,-0.077614807,-0.33564907
0.168,-0.085091248,-0.33551288
0.1681,-0.09256155,-0.33514273
0.1682,-0.10001836,-0.33453894
0.1683,-0.10745435,-0.33370203
0.1684,-0.1148622,-0.33263275
0.16850001,-0.12223464,-0.33133215
0.16859999,-0.1295644,-0.32980141
0.16869999,-0.13684431,-0.328042
0.1688,-0.14406717,-0.32605562
0.1689,-0.15122589,-0.32384411
0.169,-0.15831345,-0.32140967
0.1691,-0.16532287,-0.31875458
0.1692,-0.17224726,-0.31588146
0.1693,-0.17907982,-0.31279308
0.16940001,-0.18581381,-0.30949238
0.16949999,-0.19244264,-0.30598259
0.1696,-0.19895978,-0.3022671
0.1697,-0.20535885,-0.29834956
0.1698,-0.21163352,-0.29423374
0.1699,-0.21777765,-0.28992367
0.17,-0.22378522,-0.28542352
0.1701,-0.2296503,-0.2807377
0.17020001,-0.23536715,-0.27587074
0.17030001,-0.24093014,-0.27082741
0.17039999,-0.24633382,-0.2656126
0.1705,-0.25157288,-0.26023147
0.1706,-0.25664216,-0.25468919
0.1707,-0.26153672,-0.24899119
0.1708,-0.26625174,-0.24314307
0.1709,-0.27078262,-0.23715051
0.171,-0.27512488,-0.23101936
0.17110001,-0.27927426,-0.22475564
0.17120001,-0.28322673,-0.21836546
0.17129999,-0.28697836,-0.21185505
0.1714,-0.29052556,-0.2052308
0.1715,-0.29386479,-0.19849917
0.1716,-0.29699281,-0.19166675
0.1717,-0.29990655,-0.18474023
0.1718,-0.30260319,-0.17772637
0.1719,-0.30508009,-0.17063205
0.17200001,-0.30733478,-0.16346419
0.17209999,-0.30936512,-0.15622981
0.17219999,-0.31116915,-0.148936
0.1723,-0.31274506,-0.14158988
0.1724,-0.31409138,-0.13419865
0.1725,-0.31520677,-0.12676956
0.1726,-0.31609017,-0.11930984
0.1727,-0.31674072,-0.11182681
0.1728,-0.31715786,-0.10432781
0.17290001,-0.31734115,-0.096820153
0.17299999,-0.31729048,-0.089311205
0.17309999,-0.3170059,-0.081808306
0.1732,-0.31648773,-0.074318796
0.1733,-0.3157365,-0.066850014
0.1734,-0.31475303,-0.059409257
0.1735,-0.31353822,-0.052003812
0.1736,-0.31209341,-0.044640929
0.1737,-0.31041998,-0.037327804
0.17380001,-0.30851963,-0.030071594
0.17389999,-0.30639425,-0.022879399
0.17399999,-0.30404601,-0.015758254
0.1741,-0.30147722,-0.0087151229
0.1742,-0.29869044,-0.0017568929
0.1743,-0.29568845,0.0051096319
0.1744,-0.29247427,0.011877737
0.1745,-0.28905109,0.018540809
0.17460001,-0.28542227,0.025092332
0.17470001,-0.28159148,0.031525906
0.17479999,-0.2775625,0.037835244
0.1749,-0.27333936,0.044014186
0.175,-0.2689262,0.050056696
0.1751,-0.26432747,0.05595687
0.1752,-0.25954768,0.061708957
0.1753,-0.25459161,0.067307338
0.1754,-0.24946417,0.072746553
0.17550001,-0.24417043,0.078021303
0.17560001,-0.23871568,0.083126433
0.17569999,-0.23310529,0.088056989
0.1758,-0.22734484,0.09280815
0.1759,-0.22144006,0.097375304
0.176,-0.21539678,0.10175399
0.1761,-0.20922101,0.10593998
0.1762,-0.20291886,0.10992919
0.1763,-0.19649658,0.11371773
0.17640001,-0.18996052,0.11730196
0.17649999,-0.18331718,0.12067839
0.17659999,-0.17657314,0.12384374
0.1767,-0.16973509,0.12679496
0.1768,-0.16280977,0.12952921
0.1769,-0.15580408,0.13204385
0.177,-0.14872496,0.13433646
0.1771,-0.14157939,0.13640484
0.1772,-0.13437447,0.13824703
0.17730001,-0.12711734,0.13986124
0.17739999,-0.11981519,0.14124598
0.17749999,-0.11247524,0.14239991
0.1776,-0.10510477,0.14332199
0.1777,-0.097711086,0.14401135
0.1778,-0.090301499,0.14446738
0.1779,-0.082883358,0.14468971
0.178,-0.07546401,0.14467816
0.1781,-0.068050802,0.14443283
0.17820001,-0.060651071,0.14395399
0.17829999,-0.053272158,0.14324223
0.17839999,-0.04592137,0.14229827
0.1785,-0.038605984,0.14112312
0.1786,-0.031333249,0.139718
0.1787,-0.024110368,0.13808437
0.1788,-0.0169445,0.1362239
0.1789,-0.0098427404,0.13413848
0.17900001,-0.002812129,0.13183026
0.17910001,0.004140371,0.12930156
0.17919999,0.011007869,0.12655494
0.1793,0.017783562,0.12359318
0.1794,0.024460733,0.12041927
0.1795,0.031032765,0.1170364
0.1796,0.037493147,0.11344798
0.1797,0.043835472,0.10965761
0.1798,0.050053455,0.10566909
0.17990001,0.056140933,0.10148643
0.18000001,0.062091868,0.09711381
0.18009999,0.06790036,0.092555627
0.1802,0.07356064,0.087816432
0.1803,0.079067111,0.082900964
0.1804,0.084414296,0.077814139
0.1805,0.089596897,0.072561055
0.1806,0.094609767,0.067146942
0.1807,0.099447928,0.061577223
0.18080001,0.10410658,0.05585745
0.18089999,0.1085811,0.049993332
0.18099999,0.11286705,0.043990728
0.1811,0.11696015,0.037855618
0.1812,0.12085634,0.031594131
0.1813,0.12455176,0.025212504
0.1814,0.12804271,0.018717101
0.1815,0.13132574,0.012114402
0.1816,0.13439757,0.0054109828
0.18170001,0.13725513,-0.0013864724
0.18179999,0.13989559,-0.0082711922
0.18189999,0.1423163,-0.015236314
0.182,0.14451484,-0.0222749
0.1821,0.14648904,-0.02937994
0.1822,0.14823689,-0.036544353
0.1823,0.14975663,-0.043761007
0.1824,0.15104675,-0.051022708
0.1825,0.15210596,-0.058322228
0.18260001,0.15293315,-0.065652296
0.18269999,0.15352751,-0.073005609
0.18279999,0.15388839,-0.080374852
0.1829,0.15401544,-0.087752678
0.183,0.15390848,-0.09513174
0.1831,0.15356758,-0.10250469
0.1832,0.15299307,-0.1098642
0.1833,0.15218547,-0.11720291
0.18340001,0.15114555,-0.12451353
0.18350001,0.14987431,-0.13178878
0.18359999,0.14837299,-0.13902141
0.1837,0.14664301,-0.1462042
0.1838,0.14468607,-0.15333001
0.1839,0.14250408,-0.16039175
0.184,0.14009914,-0.16738236
0.1841,0.13747361,-0.17429489
0.1842,0.13463004,-0.18112245
0.18430001,0.1315712,-0.18785822
0.18440001,0.12830012,-0.1944955
0.18449999,0.12481995,-0.20102766
0.1846,0.12113412,-0.2074482
0.1847,0.11724624,-0.21375071
0.1848,0.11316011,-0.21992888
0.1849,0.10887973,-0.22597657
0.185,0.10440931,-0.23188774
0.1851,0.099753208,-0.2376565
0.18520001,0.094916008,-0.24327706
0.18529999,0.089902453,-0.24874383
0.18539999,0.08471746,-0.25405133
0.1855,0.07936611,-0.25919425
0.1856,0.073853664,-0.26416746
0.1857,0.068185531,-0.26896599
0.1858,0.062367275,-0.27358502
0.1859,0.056404609,-0.27801991
0.186,0.050303385,-0.28226626
0.18610001,0.044069599,-0.28631976
0.18619999,0.03770937,-0.29017639
0.18629999,0.031228952,-0.29383221
0.1864,0.024634708,-0.29728362
0.1865,0.017933115,-0.3005271
0.1866,0.011130761,-0.30355936
0.1867,0.0042343293,-0.30637741
0.1868,-0.0027494044,-0.30897832
0.1869,-0.009813576,-0.31135952
0.18700001,-0.016951242,-0.31351855
0.18709999,-0.02415539,-0.3154532
0.18719999,-0.031418934,-0.31716156
0.1873,-0.038734742,-0.31864178
0.1874,-0.046095617,-0.31989241
0.1875,-0.053494327,-0.32091212
0.1876,-0.060923599,-0.32169983
0.1877,-0.068376131,-0.32225469
0.18780001,-0.075844593,-0.32257608
0.18790001,-0.083321646,-0.32266361
0.18799999,-0.090799935,-0.32251716
0.1881,-0.098272122,-0.32213676
0.1882,-0.10573085,-0.32152277
0.1883,-0.11316879,-0.32067567
0.1884,-0.12057864,-0.31959626
0.1885,-0.1279531,-0.31828552
0.1886,-0.13528493,-0.31674469
0.18870001,-0.14256692,-0.3149752
0.18880001,-0.14979193,-0.31297877
0.18889999,-0.15695283,-0.31075725
0.189,-0.16404261,-0.30831277
0.1891,-0.17105429,-0.30564773
0.1892,-0.17798097,-0.30276462
0.1893,-0.18481587,-0.29966623
0.1894,-0.19155224,-0.29635558
0.1895,-0.19818349,-0.29283583
0.18960001,-0.20470309,-0.28911042
0.18970001,-0.21110465,-0.28518295
0.18979999,-0.21738186,-0.28105721
0.1899,-0.22352858,-0.27673718
0.19,-0.22953875,-0.27222711
0.1901,-0.23540649,-0.26753137
0.1902,-0.24112603,-0.26265445
0.1903,-0.24669175,-0.25760117
0.1904,-0.2520982,-0.25237644
0.19050001,-0.25734004,-0.24698533
0.19059999,-0.26241219,-0.24143308
0.19069999,-0.26730961,-0.23572512
0.1908,-0.27202755,-0.22986698
0.1909,-0.27656135,-0.22386441
0.191,-0.28090656,-0.21772324
0.1911,-0.28505895,-0.21144947
0.1912,-0.28901446,-0.2050492
0.1913,-0.29276916,-0.19852871
0.19140001,-0.29631943,-0.19189434
0.19149999,-0.29966179,-0.18515256
0.19159999,-0.30279294,-0.17830996
0.1917,-0.30570984,-0.17137322
0.1918,-0.30840963,-0.16434912
0.1919,-0.31088972,-0.15724452
0.192,-0.31314763,-0.15006636
0.1921,-0.31518123,-0.14282164
0.19220001,-0.31698847,-0.13551745
0.19230001,-0.31856763,-0.12816091
0.19239999,-0.31991723,-0.12075922
0.1925,-0.32103589,-0.11331961
0.1926,-0.32192257,-0.10584936
0.1927,-0.32257643,-0.09835574
0.1928,-0.32299685,-0.090846099
0.1929,-0.32318345,-0.08332777
0.193,-0.32313606,-0.075808093
0.19310001,-0.32285476,-0.068294413
0.19320001,-0.32233989,-0.060794082
0.19329999,-0.32159194,-0.053314418
0.1934,-0.32061172,-0.045862738
0.1935,-0.31940019,-0.038446315
0.1936,-0.31795862,-0.031072393
0.1937,-0.31628844,-0.023748182
0.1938,-0.31439129,-0.01648083
0.1939,-0.31226912,-0.0092774369
0.19400001,-0.30992407,-0.0021450366
0.19410001,-0.30735841,0.0049094064
0.19419999,-0.30457479,0.011879005
0.1943,-0.3015759,0.018756956
0.1944,-0.29836479,0.025536548
0.1945,-0.29494464,0.032211162
0.1946,-0.29131886,0.038774289
0.1947,-0.28749105,0.045219526
0.1948,-0.283465,0.051540591
0.19490001,-0.27924475,0.057731312
0.19499999,-0.27483445,0.063785665
0.19509999,-0.27023852,0.069697745
0.1952,-0.2654615,0.075461797
0.1953,-0.26050818,0.081072204
0.1954,-0.2553834,0.086523503
0.1955,-0.25009227,0.091810398
0.1956,-0.24464008,0.09692774
0.1957,-0.23903221,0.10187056
0.19580001,-0.23327422,0.10663405
0.19589999,-0.22737183,0.11121359
0.19599999,-0.22133088,0.11560473
0.1961,-0.21515737,0.11980322
0.1962,-0.20885742,0.12380499
0.1963,-0.20243727,0.12760617
0.1964,-0.19590329,0.13120307
0.1965,-0.18926194,0.13459224
0.19660001,-0.18251982,0.13777038
0.19670001,-0.17568362,0.14073446
0.19679999,-0.16876008,0.14348161
0.1969,-0.16175608,0.14600922
0.197,-0.15467855,0.14831485
0.1971,-0.14753453,0.1503963
0.1972,-0.14033106,0.1522516
0.1973,-0.13307531,0.15387899
0.1974,-0.12577444,0.15527694
0.19750001,-0.11843569,0.15644416
0.19760001,-0.11106633,0.15737955
0.19769999,-0.10367367,0.15808229
0.1978,-0.096265018,0.15855175
0.1979,-0.088847719,0.15878753
0.198,-0.081429116,0.15878949
0.1981,-0.074016564,0.1585577
0.1982,-0.066617399,0.15809247
0.1983,-0.059238955,0.15739432
0.19840001,-0.051888533,0.15646403
0.19850001,-0.044573423,0.15530258
0.19859999,-0.037300862,0.1539112
0.1987,-0.030078059,0.15229136
0.1988,-0.022912169,0.1504447
0.1989,-0.015810287,0.14837313
0.199,-0.0087794531,0.14607878
0.1991,-0.0018266292,0.14356399
0.1992,0.0050412943,0.14083129
0.19930001,0.011817514,0.13788348
0.19939999,0.018495314,0.13472356
0.19949999,0.025068078,0.13135469
0.1996,0.031529296,0.12778027
0.1997,0.037872557,0.12400395
0.1998,0.044091582,0.12002948
0.1999,0.0501802,0.11586089
0.2,0.05613238,0.11150236
0.2001,0.061942216,0.10695826
0.20020001,0.067603953,0.10223316
0.20029999,0.073111974,0.097331807
0.20039999,0.078460813,0.092259109
0.2005,0.083645165,0.087020136
0.2006,0.088659897,0.081620149
0.2007,0.093500011,0.076064549
0.2008,0.098160729,0.070358895
0.2009,0.1026374,0.064508893
0.20100001,0.10692559,0.058520395
0.20110001,0.11102105,0.052399389
0.20119999,0.11491968,0.046151992
0.2013,0.11861765,0.039784446
0.2014,0.12211124,0.033303112
0.2015,0.125397,0.026714467
0.2016,0.12847164,0.020025082
0.2017,0.13133213,0.013241643
0.2018,0.13397558,0.0063709198
0.20190001,0.13639939,-0.00058022991
0.20200001,0.13860111,-0.0076048677
0.20209999,0.14057857,-0.014695984
0.2022,0.14232975,-0.021846503
0.2023,0.14385293,-0.02904929
0.2024,0.14514658,-0.036297157
0.2025,0.14620936,-0.043582879
0.2026,0.14704022,-0.050899182
0.2027,0.14763832,-0.058238767
0.20280001,0.14800303,-0.065594316
0.20290001,0.14813395,-0.072958492
0.20299999,0.14803094,-0.080323942
0.2031,0.14769407,-0.087683327
0.2032,0.14712365,-0.095029302
0.2033,0.14632019,-0.10235453
0.2034,0.1452845,-0.10965172
0.2035,0.14401753,-0.11691358
0.2036,0.14252053,-0.12413287
0.20370001,0.14079495,-0.13130239
0.20379999,0.13884245,-0.13841496
0.20389999,0.13666493,-0.14546351
0.204,0.13426453,-0.15244099
0.2041,0.13164356,-0.15934044
0.2042,0.12880462,-0.16615498
0.2043,0.12575045,-0.17287777
0.2044,0.12248406,-0.17950214
0.2045,0.11900863,-0.18602146
0.20460001,0.11532757,-0.1924292
0.20469999,0.11144449,-0.19871897
0.20479999,0.10736318,-0.20488447
0.2049,0.10308766,-0.21091954
0.205,0.098622099,-0.21681815
0.2051,0.093970902,-0.22257441
0.2052,0.08913862,-0.22818254
0.2053,0.084129989,-0.23363692
0.2054,0.078949936,-0.2389321
0.20550001,0.073603548,-0.24406277
0.20559999,0.068096064,-0.24902378
0.2057,0.062432896,-0.25381017
0.2058,0.056619611,-0.25841713
0.2059,0.050661918,-0.26284
0.206,0.044565666,-0.26707438
0.2061,0.038336851,-0.27111599
0.2062,0.031981587,-0.27496079
0.20630001,0.025506126,-0.27860484
0.20640001,0.018916829,-0.2820445
0.20649999,0.012220173,-0.28527632
0.2066,0.0054227402,-0.288297
0.2067,-0.0014687863,-0.29110345
0.2068,-0.0084476313,-0.29369289
0.2069,-0.015506935,-0.29606262
0.207,-0.022639755,-0.29821026
0.2071,-0.029839078,-0.30013359
0.20720001,-0.037097827,-0.30183062
0.20730001,-0.044408862,-0.30329961
0.20739999,-0.051764995,-0.30453905
0.2075,-0.059158992,-0.3055476
0.2076,-0.066583581,-0.30632421
0.2077,-0.074031457,-0.30686799
0.2078,-0.081495307,-0.30717838
0.2079,-0.088967778,-0.30725494
0.208,-0.09644153,-0.30709755
0.20810001,-0.10390921,-0.30670628
0.20819999,-0.11136348,-0.30608141
0.20829999,-0.11879699,-0.30522349
0.2084,-0.12620245,-0.3041333
0.2085,-0.13357256,-0.30281183
0.2086,-0.14090011,-0.30126026
0.2087,-0.14817783,-0.29948008
0.2088,-0.15539862,-0.29747298
0.2089,-0.16255535,-0.29524082
0.20900001,-0.169641,-0.29278573
0.20909999,-0.1766486,-0.29011008
0.20919999,-0.18357125,-0.2872164
0.2093,-0.19040215,-0.28410745
0.2094,-0.19713458,-0.28078628
0.2095,-0.20376192,-0.27725601
0.2096,-0.21027768,-0.27352008
0.2097,-0.21667542,-0.26958209
0.2098,-0.22294886,-0.26544586
0.20990001,-0.22909187,-0.26111537
0.20999999,-0.23509836,-0.25659481
0.2101,-0.24096246,-0.25188857
0.2102,-0.24667841,-0.2470012
0.2103,-0.2522406,-0.24193746
0.2104,-0.25764352,-0.23670225
0.2105,-0.2628819,-0.23130065
0.2106,-0.26795062,-0.22573793
0.21070001,-0.27284467,-0.22001947
0.21080001,-0.27755925,-0.21415085
0.21089999,-0.28208974,-0.20813777
0.211,-0.2864317,-0.20198607
0.2111,-0.29058084,-0.19570176
0.2112,-0.29453313,-0.18929096
0.2113,-0.29828468,-0.1827599
0.2114,-0.30183181,-0.17611493
0.2115,-0.30517104,-0.16936256
0.21160001,-0.30829909,-0.16250934
0.21170001,-0.31121296,-0.15556195
0.21179999,-0.31390974,-0.14852719
0.2119,-0.31638682,-0.14141189
0.212,-0.31864175,-0.134223
0.2121,-0.32067236,-0.12696752
0.2122,-0.32247669,-0.11965254
0.2123,-0.32405293,-0.11228519
0.2124,-0.32539958,-0.10487265
0.21250001,-0.32651535,-0.09742216
0.21259999,-0.32739913,-0.089940988
0.21269999,-0.32805014,-0.08243642
0.2128,-0.32846767,-0.074915789
0.2129,-0.3286514,-0.067386426
0.213,-0.32860115,-0.059855673
0.2131,-0.32831699,-0.052330889
0.2132,-0.32779926,-0.044819403
0.2133,-0.32704845,-0.037328545
0.21340001,-0.32606536,-0.029865626
0.21349999,-0.32485098,-0.022437923
0.21359999,-0.32340649,-0.015052677
0.2137,-0.32173339,-0.0077170944
0.2138,-0.31983337,-0.00043832595
0.2139,-0.31770825,0.0067765308
0.214,-0.31536025,0.013920441
0.2141,-0.31279165,0.020986443
0.2142,-0.31000501,0.027967649
0.21430001,-0.30700311,0.034857254
0.21439999,-0.30378899,0.041648548
0.2145,-0.30036575,0.048334919
0.2146,-0.29673687,0.054909848
0.2147,-0.29290593,0.061366938
0.2148,-0.28887671,0.067699902
0.2149,-0.28465325,0.073902577
0.215,-0.2802397,0.079968937
0.21510001,-0.27564049,0.085893072
0.21520001,-0.27086014,0.091669224
0.21529999,-0.26590341,0.097291782
0.2154,-0.26077521,0.10275529
0.2155,-0.25548062,0.10805444
0.2156,-0.25002488,0.11318409
0.2157,-0.24441342,0.11813926
0.2158,-0.2386518,0.12291515
0.2159,-0.23274569,0.12750715
0.21600001,-0.22670099,0.13191079
0.21610001,-0.22052366,0.13612182
0.21619999,-0.21421981,0.1401362
0.2163,-0.20779569,0.14395002
0.2164,-0.20125769,0.14755961
0.2165,-0.19461225,0.15096152
0.2166,-0.18786597,0.15415245
0.2167,-0.18102552,0.15712936
0.2168,-0.17409766,0.15988939
0.21690001,-0.16708927,0.1624299
0.21699999,-0.16000728,0.16474849
0.21709999,-0.15285869,0.16684295
0.2172,-0.1456506,0.16871129
0.2173,-0.13839011,0.17035177
0.2174,-0.13108444,0.17176285
0.2175,-0.1237408,0.17294322
0.2176,-0.11636647,0.17389183
0.2177,-0.10896873,0.1746078
0.21780001,-0.10155492,0.17509052
0.21789999,-0.094132379,0.17533961
0.21799999,-0.086708434,0.17535491
0.2181,-0.079290442,0.17513649
0.2182,-0.071885742,0.17468466
0.2183,-0.064501666,0.17399994
0.2184,-0.057145521,0.1730831
0.2185,-0.049824584,0.17193514
0.2186,-0.042546097,0.17055728
0.21870001,-0.035317272,0.16895096
0.21879999,-0.028145254,0.16711785
0.2189,-0.021037146,0.16505986
0.219,-0.013999983,0.16277911
0.2191,-0.0070407274,0.16027792
0.2192,-0.00016626832,0.15755886
0.2193,0.0066165901,0.1546247
0.2194,0.013301134,0.15147842
0.21950001,0.019880746,0.14812323
0.21960001,0.026348915,0.1445625
0.21969999,0.032699235,0.14079985
0.2198,0.03892542,0.13683909
0.2199,0.045021307,0.13268419
0.22,0.050980859,0.12833937
0.2201,0.056798175,0.12380897
0.2202,0.062467497,0.11909758
0.2203,0.067983203,0.11420992
0.22040001,0.073339835,0.10915092
0.22050001,0.078532085,0.10392564
0.22059999,0.083554812,0.09853933
0.2207,0.088403039,0.092997402
0.2208,0.09307196,0.087305412
0.2209,0.097556941,0.081469059
0.221,0.10185354,0.0754942
0.2211,0.10595751,0.06938681
0.2212,0.10986476,0.063153014
0.22130001,0.11357143,0.05679905
0.22139999,0.11707383,0.050331272
0.22149999,0.1203685,0.043756161
0.2216,0.12345214,0.037080284
0.2217,0.12632172,0.030310327
0.2218,0.12897436,0.023453055
0.2219,0.13140745,0.016515326
0.222,0.13361855,0.009504077
0.2221,0.13560545,0.0024263151
0.22220001,0.13736621,-0.0047108857
0.22229999,0.13889901,-0.011900391
0.22239999,0.14020237,-0.019135019
0.2225,0.14127497,-0.026407538
0.2226,0.14211571,-0.033710681
0.2227,0.14272378,-0.041037153
0.2228,0.14309852,-0.048379634
0.2229,0.14323957,-0.055730782
0.223,0.14314675,-0.063083261
0.22310001,0.14282015,-0.07042972
0.22319999,0.14226004,-0.07776282
0.2233,0.14146701,-0.085075237
0.2234,0.14044178,-0.092359655
0.2235,0.13918534,-0.099608801
0.2236,0.13769893,-0.10681543
0.2237,0.13598399,-0.11397234
0.2238,0.13404219,-0.12107238
0.22390001,0.13187544,-0.12810844
0.22400001,0.12948585,-0.1350735
0.22409999,0.12687574,-0.14196059
0.2242,0.12404771,-0.14876282
0.2243,0.12100449,-0.1554734
0.2244,0.11774909,-0.16208558
0.2245,0.11428469,-0.16859278
0.2246,0.11061471,-0.17498848
0.2247,0.10674272,-0.18126625
0.22480001,0.10267255,-0.18741985
0.22490001,0.098408192,-0.19344306
0.22499999,0.093953833,-0.1993299
0.2251,0.08931385,-0.20507443
0.2252,0.084492803,-0.2106709
0.2253,0.07949543,-0.2161137
0.2254,0.074326657,-0.22139736
0.2255,0.068991549,-0.22651657
0.2256,0.063495368,-0.2314662
0.22570001,0.057843506,-0.23624127
0.22579999,0.052041538,-0.24083696
0.22589999,0.046095159,-0.24524866
0.226,0.040010229,-0.2494719
0.2261,0.033792734,-0.25350246
0.2262,0.027448788,-0.25733623
0.2263,0.020984637,-0.26096937
0.2264,0.014406643,-0.26439819
0.2265,0.0077212811,-0.26761919
0.22660001,0.00093512976,-0.27062911
0.22669999,-0.0059451293,-0.27342489
0.22679999,-0.012912724,-0.27600369
0.2269,-0.019960795,-0.27836287
0.227,-0.027082402,-0.28049999
0.2271,-0.034270536,-0.28241289
0.2272,-0.041518118,-0.28409952
0.2273,-0.048818015,-0.28555819
0.2274,-0.056163035,-0.28678733
0.22750001,-0.06354595,-0.28778568
0.22759999,-0.070959494,-0.28855208
0.2277,-0.07839635,-0.28908575
0.2278,-0.085849218,-0.28938606
0.2279,-0.093310744,-0.28945258
0.228,-0.10077358,-0.28928521
0.2281,-0.10823039,-0.28888398
0.2282,-0.11567382,-0.28824922
0.22830001,-0.12309654,-0.28738147
0.22840001,-0.13049126,-0.28628144
0.22849999,-0.13785066,-0.28495017
0.2286,-0.14516753,-0.28338885
0.2287,-0.15243465,-0.28159899
0.2288,-0.15964486,-0.27958217
0.2289,-0.16679107,-0.27734038
0.229,-0.17386623,-0.27487567
0.2291,-0.18086338,-0.27219042
0.22920001,-0.18777564,-0.26928717
0.22930001,-0.1945962,-0.26616868
0.22939999,-0.20131834,-0.26283798
0.2295,-0.20793544,-0.25929821
0.2296,-0.21444099,-0.2555528
0.2297,-0.22082858,-0.25160536
0.2298,-0.22709192,-0.24745966
0.2299,-0.23322487,-0.24311975
0.23,-0.23922135,-0.23858975
0.23010001,-0.24507549,-0.2338741
0.23019999,-0.25078154,-0.22897732
0.23029999,-0.25633383,-0.22390418
0.2304,-0.26172695,-0.21865955
0.2305,-0.26695555,-0.21324857
0.2306,-0.27201453,-0.20767644
0.2307,-0.27689889,-0.20194858
0.2308,-0.28160381,-0.19607055
0.2309,-0.28612468,-0.19004807
0.23100001,-0.29045707,-0.18388696
0.23109999,-0.29459667,-0.17759323
0.23119999,-0.29853946,-0.17117299
0.2313,-0.30228156,-0.16463248
0.2314,-0.30581927,-0.15797806
0.2315,-0.30914912,-0.15121621
0.2316,-0.31226781,-0.14435351
0.2317,-0.31517234,-0.13739662
0.2318,-0.31785983,-0.13035233
0.23190001,-0.32032761,-0.12322749
0.23199999,-0.32257333,-0.11602903
0.2321,-0.32459471,-0.10876397
0.2322,-0.32638982,-0.10143939
0.2323,-0.32795691,-0.094062403
0.2324,-0.32929441,-0.086640202
0.2325,-0.33040103,-0.079180025
0.2326,-0.3312757,-0.071689136
0.23270001,-0.33191755,-0.064174823
0.23280001,-0.33232602,-0.056644417
0.23289999,-0.33250064,-0.049105246
0.233,-0.33244133,-0.041564662
0.2331,-0.33214808,-0.034030002
0.2332,-0.33162126,-0.026508613
0.2333,-0.33086139,-0.019007819
0.2334,-0.32986921,-0.011534925
0.2335,-0.32864574,-0.0040972098
0.23360001,-0.32719219,0.0032980819
0.23370001,-0.32551,0.010643749
0.23379999,-0.32360083,0.017932639
0.2339,-0.32146662,0.025157653
0.234,-0.31910947,0.03231176
0.2341,-0.31653172,0.039387997
0.2342,-0.3137359,0.046379481
0.2343,-0.31072482,0.0532794
0.2344,-0.30750147,0.06008105
0.23450001,-0.30406901,0.06677781
0.23459999,-0.30043086,0.073363177
0.23469999,-0.2965906,0.079830736
0.2348,-0.29255205,0.08617422
0.2349,-0.28831923,0.092387445
0.235,-0.28389627,0.0984644
0.2351,-0.27928761,0.10439917
0.2352,-0.27449778,0.110186
0.2353,-0.26953152,0.11581927
0.23540001,-0.26439375,0.12129352
0.23549999,-0.25908953,0.12660347
0.23559999,-0.25362411,0.13174394
0.2357,-0.24800292,0.13670997
0.2358,-0.2422315,0.14149678
0.2359,-0.23631556,0.14609972
0.236,-0.23026095,0.15051435
0.2361,-0.22407365,0.1547364
0.2362,-0.21775979,0.15876181
0.23630001,-0.2113256,0.16258673
0.23639999,-0.20477743,0.16620745
0.23649999,-0.19812177,0.16962051
0.2366,-0.19136518,0.17282264
0.2367,-0.18451437,0.17581077
0.2368,-0.17757608,0.17858206
0.2369,-0.17055717,0.18113385
0.237,-0.16346458,0.18346375
0.23710001,-0.15630533,0.18556955
0.23720001,-0.14908648,0.18744928
0.23729999,-0.14181516,0.18910114
0.2374,-0.13449855,0.19052365
0.2375,-0.1271439,0.19171548
0.2376,-0.11975848,0.19267556
0.2377,-0.11234956,0.19340302
0.2378,-0.10492448,0.19389728
0.2379,-0.097490564,0.1941579
0.23800001,-0.09005516,0.19418477
0.23810001,-0.08262562,0.19397792
0.23819999,-0.075209275,0.19353768
0.2383,-0.067813456,0.19286458
0.2384,-0.060445473,0.19195937
0.2385,-0.053112596,0.19082305
0.2386,-0.045822073,0.18945682
0.2387,-0.038581111,0.18786217
0.2388,-0.031396855,0.18604073
0.23890001,-0.024276406,0.18399441
0.23899999,-0.017226798,0.18172534
0.23909999,-0.010254998,0.17923583
0.2392,-0.0033678885,0.17652847
0.2393,0.0034277239,0.17360599
0.2394,0.010125128,0.1704714
0.2395,0.016717704,0.16712789
0.2396,0.023198942,0.16357885
0.2397,0.029562438,0.15982787
0.23980001,0.035801906,0.15587877
0.23989999,0.041911181,0.15173554
0.23999999,0.04788423,0.14740236
0.2401,0.053715147,0.1428836
0.2402,0.059398174,0.13818383
0.2403,0.064927697,0.13330778
0.2404,0.070298247,0.12826037
0.2405,0.075504526,0.12304666
0.2406,0.080541387,0.11767191
0.24070001,0.085403845,0.1121415
0.24079999,0.090087108,0.10646102
0.24089999,0.094586536,0.10063615
0.241,0.098897688,0.09467274
0.2411,0.10301631,0.088576771
0.2412,0.10693832,0.082354359
0.2413,0.11065984,0.076011755
0.2414,0.1141772,0.069555297
0.24150001,0.11748692,0.06299147
0.24160001,0.12058572,0.056326844
0.24169999,0.12347055,0.049568094
0.2418,0.12613855,0.04272199
0.2419,0.12858708,0.035795383
0.242,0.13081372,0.028795213
0.2421,0.13281626,0.021728482
0.2422,0.13459271,0.014602266
0.2423,0.13614134,0.0074236956
0.24240001,0.1374606,0.00019995213
0.24250001,0.13854918,-0.0070617348
0.24259999,0.139406,-0.014354101
0.2427,0.14003021,-0.021669852
0.2428,0.14042118,-0.029001666
0.2429,0.14057854,-0.036342211
0.243,0.14050213,-0.04368414
0.2431,0.14019197,-0.051020112
0.2432,0.13964842,-0.058342788
0.24330001,0.13887198,-0.065644838
0.24339999,0.13786343,-0.072918966
0.24349999,0.13662376,-0.080157883
0.2436,0.13515414,-0.087354347
0.2437,0.13345608,-0.09450116
0.2438,0.13153122,-0.10159117
0.2439,0.12938146,-0.10861728
0.244,0.12700891,-0.11557245
0.2441,0.12441591,-0.12244972
0.24420001,0.12160502,-0.12924221
0.24429999,0.11857901,-0.1359431
0.24439999,0.11534084,-0.1425457
0.2445,0.11189374,-0.14904337
0.2446,0.10824107,-0.15542962
0.2447,0.10438646,-0.16169801
0.2448,0.10033368,-0.1678423
0.2449,0.096086755,-0.1738563
0.245,0.09164986,-0.17973399
0.24510001,0.087027363,-0.18546945
0.24519999,0.082223833,-0.19105692
0.24529999,0.077243999,-0.19649079
0.2454,0.072092779,-0.20176561
0.2455,0.066775247,-0.20687605
0.2456,0.061296649,-0.211817
0.2457,0.05566239,-0.21658345
0.2458,0.049878031,-0.22117059
0.24590001,0.043949269,-0.22557382
0.24600001,0.037881956,-0.22978869
0.24609999,0.031682082,-0.23381092
0.2462,0.025355754,-0.23763645
0.2463,0.01890922,-0.24126141
0.2464,0.012348836,-0.24468212
0.2465,0.0056810761,-0.24789509
0.2466,-0.0010874838,-0.25089705
0.2467,-0.0079501653,-0.25368497
0.24680001,-0.014900196,-0.25625595
0.24690001,-0.021930721,-0.25860736
0.24699999,-0.029034803,-0.26073679
0.2471,-0.036205433,-0.26264206
0.2472,-0.043435536,-0.26432118
0.2473,-0.050717976,-0.26577234
0.2474,-0.05804557,-0.26699406
0.2475,-0.065411091,-0.26798502
0.2476,-0.07280726,-0.26874411
0.24770001,-0.080226794,-0.26927054
0.24779999,-0.087662354,-0.26956365
0.24789999,-0.095106624,-0.26962304
0.248,-0.10255224,-0.26944858
0.2481,-0.10999186,-0.26904032
0.2482,-0.11741815,-0.26839855
0.2483,-0.12482377,-0.26752385
0.2484,-0.13220142,-0.26641694
0.2485,-0.13954382,-0.26507881
0.24860001,-0.14684372,-0.2635107
0.24869999,-0.15409392,-0.26171407
0.24879999,-0.16128726,-0.25969055
0.2489,-0.16841663,-0.25744206
0.249,-0.17547503,-0.2549707
0.2491,-0.18245547,-0.25227883
0.2492,-0.18935105,-0.24936901
0.2493,-0.19615498,-0.24624398
0.2494,-0.20286055,-0.24290675
0.24950001,-0.20946112,-0.2393605
0.24959999,-0.21595021,-0.23560861
0.24969999,-0.22232138,-0.23165472
0.2498,-0.22856836,-0.2275026
0.2499,-0.23468499,-0.22315626
0.25,-0.24066521,-0.21861988
0.25009999,-0.24650314,-0.21389785
0.2502,-0.252193,-0.20899472
0.25029999,-0.2577292,-0.20391522
0.25040001,-0.26310626,-0.19866426
0.25049999,-0.26831886,-0.19324695
0.25060001,-0.27336189,-0.18766849
0.2507,-0.27823034,-0.18193431
0.25080001,-0.28291938,-0.17604998
0.2509,-0.28742445,-0.17002118
0.25099999,-0.29174107,-0.16385375
0.2511,-0.29586497,-0.1575537
0.25119999,-0.29979205,-0.15112714
0.25130001,-0.3035185,-0.14458032
0.25139999,-0.30704063,-0.13791957
0.25150001,-0.31035492,-0.13115138
0.2516,-0.31345811,-0.12428232
0.25170001,-0.31634715,-0.11731908
0.2518,-0.31901917,-0.11026841
0.25189999,-0.32147157,-0.10313719
0.252,-0.32370189,-0.095932335
0.25209999,-0.32570794,-0.088660859
0.25220001,-0.32748774,-0.081329837
0.25229999,-0.32903951,-0.073946401
0.25240001,-0.33036175,-0.066517733
0.2525,-0.33145314,-0.059051063
0.25260001,-0.33231258,-0.051553655
0.2527,-0.33293927,-0.044032808
0.25279999,-0.33333254,-0.036495842
0.2529,-0.33349201,-0.028950091
0.25299999,-0.33341753,-0.021402895
0.25310001,-0.33310917,-0.013861604
0.25319999,-0.33256721,-0.0063335542
0.25330001,-0.33179221,0.0011739283
0.2534,-0.33078492,0.0086535374
0.25350001,-0.32954633,0.016097995
0.2536,-0.32807767,0.023500059
0.25369999,-0.32638037,0.030852526
0.2538,-0.3244561,0.038148247
0.25389999,-0.32230678,0.045380119
0.25400001,-0.31993449,0.052541118
0.25409999,-0.3173416,0.059624277
0.25420001,-0.31453064,0.066622704
0.2543,-0.31150442,0.073529609
0.25440001,-0.30826586,0.080338269
0.2545,-0.30481821,0.087042071
0.25459999,-0.30116484,0.093634509
0.25470001,-0.29730934,0.10010917
0.25479999,-0.29325551,0.10645979
0.25490001,-0.2890074,0.11268018
0.255,-0.28456911,0.11876433
0.25510001,-0.27994508,0.12470631
0.2552,-0.27513987,0.13050039
0.25529999,-0.27015814,0.13614094
0.2554,-0.2650049,0.14162251
0.25549999,-0.25968516,0.14693978
0.25560001,-0.25420421,0.15208763
0.25569999,-0.2485674,0.15706107
0.25580001,-0.24278033,0.16185528
0.2559,-0.23684868,0.16646567
0.25600001,-0.23077832,0.17088775
0.2561,-0.22457521,0.17511731
0.25619999,-0.21824548,0.17915024
0.2563,-0.21179536,0.1829827
0.25639999,-0.2052312,0.18661098
0.25650001,-0.19855949,0.19003162
0.25659999,-0.1917868,0.19324134
0.25670001,-0.18491979,0.1962371
0.2568,-0.17796525,0.19901603
0.25690001,-0.17093003,0.20157549
0.257,-0.16382104,0.20391306
0.25709999,-0.15664533,0.20602655
0.2572,-0.14940992,0.20791398
0.25729999,-0.14212199,0.20957357
0.25740001,-0.13478869,0.21100381
0.25749999,-0.12741728,0.21220337
0.25760001,-0.12001499,0.2131712
0.2577,-0.11258913,0.21390642
0.25780001,-0.10514702,0.21440843
0.2579,-0.097695991,0.21467683
0.25799999,-0.090243392,0.21471146
0.2581,-0.082796559,0.21451239
0.25819999,-0.075362839,0.21407993
0.25830001,-0.067949548,0.21341459
0.25839999,-0.060563996,0.21251717
0.25850001,-0.053213466,0.21138862
0.2586,-0.045905195,0.21003017
0.25870001,-0.038646385,0.20844327
0.2588,-0.031444188,0.20662959
0.25889999,-0.024305699,0.20459102
0.259,-0.017237956,0.20232968
0.25909999,-0.010247919,0.19984791
0.25920001,-0.0033424743,0.19714823
0.25929999,0.0034715736,0.19423346
0.25940001,0.010187513,0.19110656
0.2595,0.016798727,0.18777069
0.25960001,0.023298705,0.1842293
0.2597,0.029681042,0.18048593
0.25979999,0.035939451,0.17654443
0.2599,0.042067774,0.17240876
0.25999999,0.04805997,0.16808313
0.26010001,0.05391014,0.16357188
0.26019999,0.05961252,0.15887959
0.26030001,0.065161504,0.154011
0.2604,0.070551611,0.14897099
0.26050001,0.075777553,0.14376467
0.2606,0.08083418,0.13839726
0.26069999,0.085716508,0.13287416
0.2608,0.090419739,0.12720095
0.26089999,0.094939239,0.12138329
0.26100001,0.099270567,0.11542706
0.26109999,0.10340945,0.10933822
0.26120001,0.10735183,0.1031229
0.2613,0.11109383,0.096787333
0.26140001,0.11463176,0.090337858
0.2615,0.11796214,0.083780967
0.26159999,0.12108171,0.077123217
0.2617,0.1239874,0.070371285
0.26179999,0.12667635,0.06353195
0.26190001,0.12914592,0.056612048
0.26199999,0.1313937,0.049618524
0.26210001,0.13341747,0.042558379
0.2622,0.13521525,0.035438683
0.26230001,0.13678528,0.028266566
0.2624,0.13812603,0.021049211
0.26249999,0.1392362,0.013793844
0.2626,0.14011468,0.0065077287
0.26269999,0.14076063,-0.00080184097
0.26280001,0.14117344,-0.0081275469
0.26289999,0.14135268,-0.015462057
0.26300001,0.14129825,-0.022798028
0.2631,0.14101015,-0.030128118
0.26320001,0.14048873,-0.037444986
0.2633,0.13973449,-0.04474131
0.26339999,0.1387482,-0.052009784
0.26350001,0.13753085,-0.059243131
0.26359999,0.13608365,-0.066434108
0.26370001,0.13440804,-0.073575519
0.2638,0.1325057,-0.080660202
0.26390001,0.13037851,-0.08768107
0.264,0.1280286,-0.094631091
0.26409999,0.12545829,-0.1015033
0.2642,0.12267013,-0.1082908
0.26429999,0.1196669,-0.1149868
0.26440001,0.11645157,-0.12158459
0.26449999,0.11302733,-0.12807754
0.26460001,0.10939758,-0.13445915
0.2647,0.10556591,-0.14072302
0.26480001,0.10153612,-0.14686285
0.2649,0.097312219,-0.15287249
0.26499999,0.092898369,-0.15874588
0.2651,0.088298947,-0.16447715
0.26519999,0.08351852,-0.17006053
0.26530001,0.078561805,-0.17549041
0.26539999,0.073433727,-0.18076129
0.26550001,0.068139352,-0.18586792
0.2656,0.062683932,-0.19080511
0.26570001,0.057072856,-0.19556791
0.2658,0.051311687,-0.20015149
0.26589999,0.045406125,-0.20455125
0.266,0.039362013,-0.20876272
0.26609999,0.033185344,-0.21278164
0.26620001,0.026882218,-0.21660396
0.26629999,0.020458881,-0.22022578
0.26640001,0.013921687,-0.22364344
0.2665,0.0072771073,-0.22685345
0.26660001,0.00053171715,-0.22985253
0.2667,-0.0063078091,-0.23263763
0.26679999,-0.013234702,-0.23520589
0.2669,-0.020242108,-0.23755467
0.26699999,-0.027323091,-0.23968156
0.26710001,-0.034470648,-0.24158432
0.26719999,-0.041677702,-0.24326101
0.26730001,-0.04893712,-0.24470983
0.2674,-0.056241725,-0.24592929
0.26750001,-0.063584283,-0.24691805
0.2676,-0.070957534,-0.24767503
0.26769999,-0.078354172,-0.2481994
0.2678,-0.085766889,-0.24849051
0.26789999,-0.093188345,-0.24854799
0.26800001,-0.10061119,-0.24837166
0.26809999,-0.10802809,-0.24796161
0.26820001,-0.1154317,-0.24731812
0.2683,-0.12281469,-0.24644172
0.26840001,-0.13016975,-0.24533318
0.2685,-0.13748962,-0.24399351
0.26859999,-0.14476702,-0.24242388
0.2687,-0.15199478,-0.24062577
0.26879999,-0.15916574,-0.23860082
0.26890001,-0.16627279,-0.23635097
0.26899999,-0.17330891,-0.23387828
0.26910001,-0.18026713,-0.23118514
0.2692,-0.18714054,-0.22827406
0.26930001,-0.19392237,-0.22514783
0.2694,-0.20060588,-0.22180943
0.26949999,-0.20718448,-0.21826203
0.2696,-0.21365161,-0.21450906
0.26969999,-0.22000092,-0.21055409
0.26980001,-0.22622609,-0.20640093
0.26989999,-0.23232095,-0.20205359
0.27000001,-0.23827949,-0.19751622
0.2701,-0.24409577,-0.19279322
0.27020001,-0.24976407,-0.18788914
0.2703,-0.25527874,-0.18280871
0.27039999,-0.26063433,-0.17755686
0.2705,-0.26582554,-0.17213863
0.27059999,-0.2708472,-0.16655931
0.27070001,-0.27569437,-0.16082427
0.27079999,-0.28036219,-0.15493906
0.27090001,-0.2848461,-0.1489094
0.271,-0.28914157,-0.14274114
0.27110001,-0.29324439,-0.13644025
0.2712,-0.29715049,-0.13001285
0.27129999,-0.30085599,-0.12346518
0.2714,-0.3043572,-0.11680359
0.27149999,-0.30765063,-0.11003456
0.27160001,-0.31073299,-0.10316467
0.27169999,-0.31360129,-0.09620057
0.27180001,-0.31625259,-0.08914905
0.2719,-0.31868431,-0.08201696
0.27200001,-0.320894,-0.074811228
0.2721,-0.32287946,-0.067538872
0.27219999,-0.32463872,-0.060206953
0.2723,-0.32617,-0.052822605
0.27239999,-0.32747176,-0.045393016
0.27250001,-0.32854271,-0.037925407
0.2726,-0.32938176,-0.030427048
0.27270001,-0.32998806,-0.022905231
0.2728,-0.33036098,-0.015367274
0.27289999,-0.33050013,-0.007820514
0.273,-0.33040535,-0.00027229206
0.27309999,-0.33007672,0.0072700474
0.27320001,-0.32951453,0.014799166
0.27329999,-0.32871932,0.022307737
0.27340001,-0.32769182,0.029788459
0.2735,-0.32643303,0.037234049
0.27360001,-0.3249442,0.04463727
0.2737,-0.32322672,0.051990915
0.27379999,-0.3212823,0.059287839
0.2739,-0.31911281,0.066520944
0.27399999,-0.31672037,0.073683187
0.27410001,-0.31410733,0.080767617
0.27419999,-0.31127623,0.087767348
0.27430001,-0.30822983,0.094675571
0.2744,-0.30497113,0.10148558
0.27450001,-0.3015033,0.10819075
0.2746,-0.29782975,0.11478458
0.27469999,-0.29395407,0.12126067
0.2748,-0.28988007,0.12761271
0.27489999,-0.28561169,0.13383457
0.27500001,-0.2811532,0.13992019
0.27509999,-0.2765089,0.14586368
0.27520001,-0.27168339,0.15165929
0.2753,-0.26668137,0.1573014
0.27540001,-0.26150778,0.16278453
0.2755,-0.25616768,0.1681034
0.27559999,-0.25066632,0.17325284
0.2757,-0.24500909,0.17822789
0.27579999,-0.23920156,0.18302375
0.27590001,-0.23324941,0.18763578
0.27599999,-0.22715849,0.19205955
0.27610001,-0.22093479,0.19629079
0.2762,-0.21458443,0.20032543
0.27630001,-0.20811363,0.20415959
0.2764,-0.20152873,0.20778958
0.27649999,-0.19483624,0.21121196
0.2766,-0.18804272,0.21442343
0.27669999,-0.18115482,0.21742094
0.27680001,-0.17417933,0.22020163
0.27689999,-0.16712309,0.22276285
0.27700001,-0.15999305,0.2251022
0.2771,-0.15279619,0.22721745
0.27720001,-0.14553961,0.22910665
0.2773,-0.13823041,0.23076801
0.27739999,-0.1308758,0.23220003
0.2775,-0.12348298,0.23340136
0.27759999,-0.11605923,0.23437095
0.27770001,-0.10861184,0.23510793
0.27779999,-0.10114811,0.23561169
0.27790001,-0.093675405,0.23588185
0.278,-0.086201042,0.23591821
0.27810001,-0.078732379,0.23572087
0.2782,-0.071276739,0.23529013
0.27829999,-0.063841455,0.23462649
0.2784,-0.05643383,0.23373073
0.27849999,-0.049061142,0.23260385
0.27860001,-0.041730627,0.23124705
0.27869999,-0.034449492,0.22966178
0.27880001,-0.027224885,0.22784969
0.2789,-0.020063901,0.2258127
0.27900001,-0.012973574,0.22355291
0.2791,-0.0059608659,0.22107266
0.27919999,0.00096733804,0.21837449
0.2793,0.0078042345,0.21546118
0.27939999,0.014543112,0.21233569
0.27950001,0.021177355,0.20900123
0.27959999,0.02770045,0.20546119
0.27970001,0.034105998,0.20171915
0.2798,0.040387712,0.19777893
0.27990001,0.04653943,0.19364449
0.28,0.05255511,0.18932004
0.28009999,0.058428857,0.18480995
0.2802,0.064154908,0.18011877
0.28029999,0.069727652,0.17525123
0.28040001,0.075141624,0.17021222
0.28049999,0.080391511,0.16500685
0.28060001,0.085472174,0.15964034
0.2807,0.090378635,0.15411808
0.28080001,0.095106088,0.14844564
0.2809,0.099649906,0.14262871
0.28099999,0.10400563,0.13667314
0.2811,0.10816903,0.1305849
0.28119999,0.11213599,0.12437011
0.28130001,0.11590266,0.118035
0.2814,0.11946536,0.11158594
0.28150001,0.12282059,0.10502937
0.2816,0.1259651,0.098371878
0.28169999,0.12889582,0.091620132
0.2818,0.13160989,0.084780909
0.28189999,0.13410465,0.077861041
0.28200001,0.13637771,0.070867471
0.28209999,0.13842684,0.063807204
0.28220001,0.14025006,0.056687303
0.2823,0.14184561,0.049514901
0.28240001,0.14321196,0.042297173
0.2825,0.1443478,0.035041355
0.28259999,0.14525203,0.027754696
0.2827,0.14592382,0.020444497
0.28279999,0.14636251,0.013118073
0.28290001,0.14656775,0.0057827551
0.28299999,0.14653935,-0.0015541159
0.28310001,0.14627735,-0.0088851973
0.2832,0.1457821,-0.016203152
0.28330001,0.1450541,-0.023500659
0.2834,0.14409409,-0.03077041
0.28349999,0.1429031,-0.038005132
0.2836,0.14148231,-0.045197584
0.28369999,0.13983317,-0.052340563
0.28380001,0.13795735,-0.059426919
0.28389999,0.13585673,-0.06644956
0.28400001,0.13353343,-0.073401451
0.2841,0.13098979,-0.080275625
0.28420001,0.12822834,-0.087065205
0.2843,0.12525186,-0.093763389
0.28439999,0.12206332,-0.10036346
0.2845,0.1186659,-0.1068588
0.28459999,0.11506301,-0.11324289
0.28470001,0.11125824,-0.11950935
0.28479999,0.10725538,-0.12565188
0.28490001,0.10305841,-0.13166432
0.285,0.098671533,-0.13754064
0.28510001,0.094099112,-0.14327492
0.2852,0.089345686,-0.14886141
0.28529999,0.084416002,-0.15429449
0.2854,0.079314969,-0.15956871
0.28549999,0.074047647,-0.16467877
0.28560001,0.068619281,-0.16961949
0.28569999,0.063035272,-0.17438592
0.28580001,0.057301171,-0.17897324
0.2859,0.051422682,-0.18337685
0.28600001,0.045405637,-0.18759225
0.2861,0.039256025,-0.19161522
0.28619999,0.032979954,-0.19544169
0.2863,0.02658366,-0.19906776
0.28639999,0.0200735,-0.20248975
0.28650001,0.013455934,-0.2057042
0.28659999,0.0067375414,-0.20870781
0.28670001,-7.5008204e-05,-0.21149755
0.2868,-0.0069749472,-0.21407053
0.28690001,-0.013955425,-0.21642412
0.287,-0.021009509,-0.2185559
0.28709999,-0.028130192,-0.22046368
0.2872,-0.03531041,-0.22214544
0.28729999,-0.042543024,-0.22359945
0.28740001,-0.049820863,-0.22482416
0.28749999,-0.057136696,-0.22581826
0.28760001,-0.064483255,-0.22658066
0.2877,-0.071853258,-0.22711053
0.28780001,-0.079239376,-0.22740723
0.2879,-0.086634278,-0.22747037
0.28799999,-0.094030626,-0.22729976
0.2881,-0.10142107,-0.22689553
0.28819999,-0.10879828,-0.22625791
0.28830001,-0.11615493,-0.22538747
0.28839999,-0.1234837,-0.22428495
0.28850001,-0.13077733,-0.22295134
0.2886,-0.13802858,-0.22138785
0.28870001,-0.14523023,-0.21959594
0.2888,-0.15237513,-0.21757726
0.28889999,-0.15945619,-0.21533373
0.289,-0.16646639,-0.21286742
0.28909999,-0.17339875,-0.2101807
0.28920001,-0.18024638,-0.20727611
0.28929999,-0.18700248,-0.2041564
0.28940001,-0.19366033,-0.20082456
0.2895,-0.20021333,-0.19728379
0.28960001,-0.20665495,-0.19353746
0.2897,-0.21297881,-0.18958919
0.28979999,-0.21917859,-0.18544276
0.2899,-0.22524814,-0.18110217
0.28999999,-0.23118144,-0.17657161
0.29010001,-0.23697256,-0.17185543
0.2902,-0.24261574,-0.16695821
0.29030001,-0.24810539,-0.16188467
0.2904,-0.25343603,-0.15663971
0.29049999,-0.25860235,-0.15122841
0.2906,-0.26359919,-0.14565603
0.29069999,-0.26842159,-0.13992795
0.29080001,-0.27306476,-0.13404973
0.29089999,-0.27752402,-0.12802707
0.29100001,-0.28179497,-0.1218658
0.2911,-0.28587332,-0.11557192
0.29120001,-0.28975502,-0.10915154
0.2913,-0.29343614,-0.1026109
0.29139999,-0.29691306,-0.09595634
0.2915,-0.30018228,-0.089194342
0.29159999,-0.30324051,-0.082331479
0.29170001,-0.30608469,-0.075374417
0.29179999,-0.30871198,-0.068329923
0.29190001,-0.31111974,-0.061204854
0.292,-0.3133055,-0.054006144
0.29210001,-0.31526712,-0.046740796
0.2922,-0.31700253,-0.039415881
0.29229999,-0.31851006,-0.032038532
0.2924,-0.31978813,-0.024615923
0.29249999,-0.32083544,-0.017155286
0.29260001,-0.32165086,-0.0096638836
0.29269999,-0.32223362,-0.0021490094
0.29280001,-0.32258302,0.0053820182
0.2929,-0.32269871,0.012921867
0.29300001,-0.32258052,0.020463193
0.2931,-0.32222849,0.027998656
0.29319999,-0.32164294,0.035520915
0.2933,-0.32082441,0.043022648
0.29339999,-0.31977361,0.050496548
0.29350001,-0.31849158,0.057935338
0.29359999,-0.3169795,0.065331779
0.29370001,-0.31523883,0.07267867
0.2938,-0.31327125,0.079968855
0.29390001,-0.31107861,0.08719524
0.294,-0.30866304,0.094350792
0.29409999,-0.30602688,0.10142855
0.2942,-0.30317268,0.10842162
0.29429999,-0.30010319,0.11532322
0.29440001,-0.29682142,0.12212662
0.29449999,-0.29333052,0.1288252
0.29460001,-0.28963393,0.13541247
0.2947,-0.28573519,0.141882
0.29480001,-0.28163812,0.14822753
0.2949,-0.2773467,0.15444288
0.29499999,-0.27286515,0.16052201
0.2951,-0.2681978,0.16645904
0.29519999,-0.26334921,0.1722482
0.29530001,-0.25832415,0.17788386
0.29539999,-0.25312746,0.18336058
0.29550001,-0.24776426,0.18867305
0.2956,-0.24223977,0.19381611
0.29570001,-0.23655941,0.19878478
0.2958,-0.23072872,0.20357428
0.29589999,-0.22475339,0.20817998
0.296,-0.21863928,0.2125974
0.29609999,-0.21239236,0.21682231
0.29620001,-0.20601873,0.22085063
0.29629999,-0.19952464,0.22467849
0.29640001,-0.19291644,0.2283022
0.2965,-0.18620059,0.23171827
0.29660001,-0.17938368,0.23492344
0.2967,-0.17247236,0.23791465
0.29679999,-0.16547342,0.24068905
0.2969,-0.15839367,0.24324398
0.29699999,-0.15124008,0.24557704
0.29710001,-0.14401963,0.247686
0.29719999,-0.1367394,0.24956888
0.29730001,-0.12940653,0.25122395
0.2974,-0.12202817,0.25264964
0.29750001,-0.11461157,0.25384465
0.2976,-0.10716398,0.25480789
0.29769999,-0.099692687,0.25553852
0.2978,-0.092205018,0.25603592
0.29789999,-0.084708303,0.25629967
0.29800001,-0.077209875,0.25632963
0.29809999,-0.069717079,0.25612587
0.29820001,-0.062237255,0.25568867
0.2983,-0.054777723,0.25501856
0.29840001,-0.047345784,0.25411633
0.2985,-0.039948717,0.25298291
0.29859999,-0.032593764,0.25161955
0.2987,-0.025288118,0.25002772
0.29879999,-0.018038934,0.248209
0.29890001,-0.010853307,0.24616536
0.29899999,-0.0037382669,0.24389888
0.29910001,0.0032992242,0.24141189
0.2992,0.010252281,0.23870696
0.29929999,0.017114103,0.23578683
0.2994,0.023877975,0.2326545
0.29949999,0.030537287,0.22931312
0.29960001,0.037085522,0.22576612
0.29969999,0.043516286,0.22201709
0.29980001,0.049823284,0.21806981
0.2999,0.056000363,0.21392827
0.30000001,0.06204148,0.20959665
0.3001,0.067940734,0.20507933
0.30019999,0.073692374,0.20038088
0.3003,0.07929077,0.19550598
0.30039999,0.084730476,0.19045956
0.30050001,0.090006165,0.18524672
0.30059999,0.095112711,0.17987266
0.30070001,0.10004513,0.17434278
0.3008,0.10479861,0.16866265
0.30090001,0.10936853,0.16283797
0.301,0.11375044,0.15687457
0.30109999,0.11794007,0.15077841
0.3012,0.12193336,0.14455564
0.30129999,0.12572642,0.13821246
0.30140001,0.12931557,0.13175523
0.30149999,0.13269734,0.12519044
0.30160001,0.13586846,0.11852463
0.3017,0.13882583,0.11176447
0.30180001,0.14156665,0.10491674
0.3019,0.14408822,0.097988285
0.30199999,0.14638814,0.090986036
0.3021,0.1484642,0.083916992
0.30219999,0.15031444,0.076788217
0.30230001,0.15193705,0.069606848
0.30239999,0.15333052,0.062380057
0.30250001,0.15449354,0.05511507
0.3026,0.15542501,0.047819145
0.30270001,0.1561241,0.040499575
0.3028,0.15659015,0.033163678
0.30289999,0.15682279,0.02581878
0.303,0.15682183,0.018472224
0.30309999,0.15658736,0.01113135
0.30320001,0.15611967,0.0038034935
0.30329999,0.15541928,-0.0035040225
0.30340001,0.15448692,-0.010783896
0.3035,0.15332362,-0.018028852
0.30360001,0.15193057,-0.025231648
0.3037,0.15030921,-0.032385085
0.30379999,0.14846119,-0.039482016
0.3039,0.14638843,-0.046515346
0.30399999,0.14409302,-0.05347804
0.30410001,0.14157727,-0.060363136
0.30419999,0.13884377,-0.067163758
0.30430001,0.13589527,-0.073873088
0.3044,0.13273472,-0.080484428
0.30450001,0.12936532,-0.086991154
0.3046,0.12579046,-0.093386762
0.30469999,0.12201374,-0.099664852
0.3048,0.11803894,-0.10581912
0.30489999,0.11387006,-0.11184343
0.30500001,0.10951127,-0.11773172
0.30509999,0.10496694,-0.12347811
0.30520001,0.10024162,-0.12907682
0.3053,0.095340036,-0.13452224
0.30540001,0.090267099,-0.13980892
0.3055,0.085027881,-0.14493154
0.30559999,0.079627611,-0.14988497
0.3057,0.07407169,-0.1546642
0.30579999,0.068365663,-0.15926446
0.30590001,0.062515236,-0.16368109
0.30599999,0.056526236,-0.16790965
0.30610001,0.050404657,-0.1719459
0.3062,0.044156592,-0.17578574
0.30630001,0.037788283,-0.1794253
0.3064,0.031306077,-0.18286091
0.30649999,0.024716442,-0.18608907
0.3066,0.018025948,-0.18910651
0.30669999,0.011241263,-0.19191018
0.30680001,0.0043691522,-0.1944972
0.30689999,-0.0025835345,-0.19686493
0.30700001,-0.0096098687,-0.19901097
0.3071,-0.016702848,-0.20093308
0.30720001,-0.023855401,-0.2026293
0.3073,-0.031060407,-0.20409787
0.30739999,-0.038310681,-0.20533721
0.3075,-0.045599002,-0.20634606
0.30759999,-0.05291811,-0.20712331
0.30770001,-0.060260709,-0.2076681
0.30779999,-0.067619488,-0.20797981
0.30790001,-0.074987113,-0.20805804
0.308,-0.082356244,-0.20790266
0.30809999,-0.089719534,-0.20751368
0.3082,-0.097069658,-0.20689142
0.30829999,-0.10439929,-0.2060364
0.30840001,-0.11170111,-0.20494939
0.30849999,-0.11896786,-0.20363137
0.30860001,-0.1261923,-0.20208356
0.3087,-0.13336721,-0.20030738
0.30880001,-0.14048547,-0.1983045
0.3089,-0.14753996,-0.19607683
0.30899999,-0.15452364,-0.19362645
0.3091,-0.16142958,-0.19095571
0.30919999,-0.16825087,-0.18806715
0.30930001,-0.17498071,-0.18496355
0.30939999,-0.18161239,-0.18164787
0.30950001,-0.18813929,-0.1781233
0.3096,-0.19455491,-0.17439322
0.30970001,-0.20085283,-0.17046125
0.3098,-0.20702678,-0.16633117
0.30989999,-0.21307057,-0.16200697
0.31,-0.2189782,-0.15749283
0.31009999,-0.22474374,-0.15279311
0.31020001,-0.23036143,-0.14791238
0.31029999,-0.23582566,-0.14285536
0.31040001,-0.24113096,-0.13762695
0.3105,-0.24627204,-0.13223223
0.31060001,-0.25124374,-0.12667646
0.3107,-0.25604108,-0.12096499
0.31079999,-0.26065925,-0.11510341
0.3109,-0.26509362,-0.10909741
0.31099999,-0.26933977,-0.10295282
0.31110001,-0.27339339,-0.096675627
0.31119999,-0.27725044,-0.090271942
0.31130001,-0.28090701,-0.083747998
0.3114,-0.28435946,-0.077110156
0.31150001,-0.28760427,-0.07036487
0.3116,-0.29063818,-0.063518718
0.31169999,-0.29345813,-0.056578372
0.3118,-0.29606125,-0.049550593
0.31189999,-0.29844493,-0.042442236
0.31200001,-0.30060667,-0.03526023
0.31209999,-0.30254436,-0.028011581
0.31220001,-0.30425593,-0.020703355
0.3123,-0.30573967,-0.013342682
0.31240001,-0.30699399,-0.0059367423
0.3125,-0.30801764,0.0015072403
0.31259999,-0.30880952,0.0089820027
0.3127,-0.30936873,0.016480252
0.31279999,-0.30969468,0.023994671
0.31290001,-0.30978698,0.03151793
0.31299999,-0.30964544,0.039042689
0.31310001,-0.30927014,0.046561599
0.3132,-0.30866137,0.054067329
0.31330001,-0.30781966,0.061552551
0.3134,-0.30674577,0.069009967
0.31349999,-0.30544066,0.076432295
0.3136,-0.30390558,0.083812296
0.31369999,-0.3021419,0.091142774
0.31380001,-0.30015138,0.098416567
0.31389999,-0.29793587,0.10562658
0.31400001,-0.29549745,0.1127658
0.3141,-0.29283848,0.11982724
0.31420001,-0.28996149,0.12680402
0.3143,-0.28686929,0.13368936
0.31439999,-0.28356478,0.14047651
0.3145,-0.2800512,0.14715889
0.31459999,-0.27633193,0.15372996
0.31470001,-0.27241057,0.16018333
0.31479999,-0.26829088,0.16651271
0.31490001,-0.26397687,0.17271195
0.315,-0.25947273,0.178775
0.31510001,-0.25478283,0.18469596
0.3152,-0.2499117,0.19046906
0.31529999,-0.24486408,0.1960887
0.3154,-0.23964487,0.20154941
0.31549999,-0.23425916,0.20684589
0.31560001,-0.22871216,0.21197298
0.31569999,-0.22300927,0.21692573
0.31580001,-0.21715607,0.22169928
0.3159,-0.21115823,0.22628906
0.31600001,-0.20502159,0.23069058
0.3161,-0.19875214,0.23489961
0.31619999,-0.19235598,0.23891205
0.3163,-0.18583934,0.24272403
0.31639999,-0.17920859,0.24633189
0.31650001,-0.17247018,0.24973211
0.31659999,-0.16563068,0.25292146
0.31670001,-0.15869676,0.25589684
0.3168,-0.15167518,0.25865537
0.31690001,-0.14457281,0.2611945
0.317,-0.13739654,0.26351172
0.31709999,-0.13015342,0.26560482
0.31720001,-0.12285048,0.26747188
0.31729999,-0.11549485,0.2691111
0.31740001,-0.10809373,0.27052093
0.3175,-0.10065433,0.27170008
0.31760001,-0.093183905,0.27264747
0.3177,-0.085689753,0.27336222
0.31779999,-0.078179181,0.27384374
0.3179,-0.070659526,0.27409157
0.31799999,-0.063138135,0.27410561
0.31810001,-0.055622328,0.27388588
0.31819999,-0.048119456,0.27343273
0.31830001,-0.040636834,0.27274662
0.3184,-0.033181768,0.27182835
0.31850001,-0.02576153,0.27067888
0.3186,-0.01838336,0.26929945
0.31869999,-0.011054455,0.26769146
0.3188,-0.0037819687,0.26585662
0.31889999,0.0034270082,0.26379678
0.31900001,0.010565444,0.26151407
0.31909999,0.017626377,0.25901082
0.31920001,0.024602925,0.25628957
0.3193,0.031488284,0.25335309
0.31940001,0.038275745,0.25020435
0.3195,0.044958688,0.24684653
0.31959999,0.051530611,0.24328302
0.3197,0.057985108,0.23951742
0.31979999,0.064315893,0.23555353
0.31990001,0.070516802,0.23139532
0.31999999,0.076581806,0.22704697
0.32010001,0.082504995,0.22251286
0.3202,0.088280618,0.21779752
0.32030001,0.093903057,0.21290569
0.3204,0.099366844,0.20784229
0.32049999,0.10466668,0.20261237
0.3206,0.10979741,0.19722116
0.32069999,0.11475407,0.19167408
0.32080001,0.11953183,0.18597665
0.32089999,0.12412608,0.18013459
0.32100001,0.12853238,0.17415375
0.3211,0.13274644,0.16804005
0.32120001,0.1367642,0.16179965
0.3213,0.14058179,0.15543877
0.32139999,0.14419553,0.14896375
0.3215,0.14760192,0.14238106
0.32159999,0.15079768,0.13569728
0.32170001,0.15377977,0.12891905
0.32179999,0.15654533,0.12205315
0.32190001,0.1590917,0.11510643
0.322,0.16141646,0.10808581
0.32210001,0.16351739,0.1009983
0.3222,0.16539253,0.093850955
0.32229999,0.16704009,0.086650915
0.3224,0.16845855,0.079405345
0.32249999,0.16964659,0.072121471
0.32260001,0.17060313,0.064806558
0.32269999,0.17132729,0.057467885
0.32280001,0.17181846,0.050112773
0.3229,0.17207624,0.042748548
0.32300001,0.17210047,0.03538255
0.3231,0.1718912,0.02802212
0.32319999,0.17144874,0.020674592
0.3233,0.17077358,0.013347287
0.32339999,0.16986652,0.0060475059
0.32350001,0.1687285,-0.0012174762
0.32359999,0.16736075,-0.00844042
0.32370001,0.16576472,-0.015614127
0.3238,0.16394204,-0.022731448
0.32390001,0.16189462,-0.029785288
0.324,0.15962456,-0.036768619
0.32409999,0.15713419,-0.043674476
0.3242,0.15442607,-0.050495978
0.32429999,0.15150292,-0.057226323
0.32440001,0.14836775,-0.0638588
0.32449999,0.14502373,-0.07038679
0.32460001,0.14147425,-0.076803781
0.3247,0.13772289,-0.083103381
0.32480001,0.13377345,-0.089279301
0.3249,0.12962991,-0.095325366
0.32499999,0.12529646,-0.10123555
0.3251,0.12077744,-0.10700396
0.32519999,0.11607743,-0.11262482
0.32530001,0.11120113,-0.11809252
0.32539999,0.10615345,-0.1234016
0.32550001,0.10093947,-0.12854674
0.3256,0.095564403,-0.13352281
0.32570001,0.090033658,-0.13832483
0.3258,0.084352784,-0.14294797
0.32589999,0.078527465,-0.14738762
0.32600001,0.072563544,-0.15163934
0.32609999,0.066466995,-0.15569885
0.32620001,0.060243923,-0.15956208
0.3263,0.053900562,-0.16322514
0.32640001,0.04744326,-0.16668437
0.3265,0.040878475,-0.16993627
0.32659999,0.034212783,-0.17297758
0.3267,0.027452843,-0.17580521
0.32679999,0.020605423,-0.17841631
0.32690001,0.013677368,-0.18080826
0.32699999,0.0066756033,-0.1829786
0.32710001,-0.00039286845,-0.18492514
0.3272,-0.0075209835,-0.18664588
0.32730001,-0.014701615,-0.18813907
0.3274,-0.021927588,-0.18940316
0.32749999,-0.029191678,-0.19043684
0.3276,-0.036486629,-0.19123903
0.32769999,-0.043805152,-0.19180885
0.32780001,-0.051139928,-0.19214569
0.32789999,-0.05848363,-0.19224916
0.32800001,-0.065828919,-0.19211908
0.3281,-0.073168464,-0.1917555
0.32820001,-0.080494918,-0.19115874
0.3283,-0.087800965,-0.19032931
0.32839999,-0.095079303,-0.18926796
0.3285,-0.10232265,-0.18797567
0.32859999,-0.10952378,-0.18645369
0.32870001,-0.11667548,-0.18470339
0.32879999,-0.12377062,-0.18272649
0.32890001,-0.13080208,-0.18052484
0.329,-0.13776284,-0.17810057
0.32910001,-0.14464596,-0.17545599
0.3292,-0.15144452,-0.17259367
0.32929999,-0.15815175,-0.16951635
0.3294,-0.1647609,-0.16622701
0.32949999,-0.17126538,-0.16272885
0.32960001,-0.17765868,-0.15902522
0.32969999,-0.18393439,-0.15511975
0.32980001,-0.19008623,-0.15101621
0.3299,-0.19610803,-0.14671859
0.33000001,-0.20199375,-0.14223108
0.3301,-0.20773751,-0.13755803
0.33019999,-0.21333352,-0.13270399
0.3303,-0.21877617,-0.1276737
0.33039999,-0.22406001,-0.12247205
0.33050001,-0.22917973,-0.11710412
0.33059999,-0.23413016,-0.11157514
0.33070001,-0.23890635,-0.10589051
0.3308,-0.24350348,-0.10005578
0.33090001,-0.24791691,-0.094076641
0.331,-0.25214222,-0.087958932
0.33109999,-0.2561751,-0.081708632
0.3312,-0.26001152,-0.075331844
0.33129999,-0.26364759,-0.068834804
0.33140001,-0.26707959,-0.062223863
0.33149999,-0.27030408,-0.055505481
0.33160001,-0.27331778,-0.048686232
0.3317,-0.27611762,-0.041772787
0.33180001,-0.27870074,-0.034771904
0.3319,-0.28106448,-0.027690435
0.33199999,-0.2832064,-0.020535307
0.3321,-0.28512436,-0.013313522
0.33219999,-0.2868163,-0.006032146
0.33230001,-0.28828049,0.0013016921
0.33239999,-0.28951538,0.0086808158
0.33250001,-0.29051965,0.016098002
0.3326,-0.29129225,0.023545988
0.33270001,-0.29183227,0.031017484
0.3328,-0.29213911,0.038505174
0.33289999,-0.29221237,0.046001732
0.333,-0.29205188,0.05349981
0.33309999,-0.29165772,0.060992077
0.33320001,-0.29103017,0.068471186
0.33329999,-0.29016975,0.075929828
0.33340001,-0.28907719,0.083360687
0.3335,-0.28775352,0.090756491
0.33360001,-0.28619993,0.098109998
0.3337,-0.28441784,0.10541402
0.33379999,-0.28240895,0.11266139
0.3339,-0.28017509,0.11984503
0.33399999,-0.27771842,0.12695789
0.33410001,-0.27504128,0.13399303
0.33419999,-0.27214617,0.14094354
0.33430001,-0.26903585,0.14780262
0.3344,-0.26571333,0.15456359
0.33450001,-0.26218176,0.16121979
0.3346,-0.25844455,0.16776474
0.33469999,-0.25450531,0.17419203
0.3348,-0.25036776,0.18049535
0.33489999,-0.24603595,0.18666856
0.33500001,-0.24151404,0.19270563
0.3351,-0.23680641,0.19860065
0.33520001,-0.23191758,0.20434785
0.3353,-0.22685228,0.20994161
0.33539999,-0.22161543,0.21537648
0.3355,-0.21621209,0.22064714
0.33559999,-0.21064751,0.22574846
0.33570001,-0.20492707,0.23067546
0.33579999,-0.19905631,0.23542331
0.33590001,-0.19304094,0.2399874
0.336,-0.18688679,0.24436326
0.33610001,-0.18059985,0.24854666
0.3362,-0.1741862,0.2525335
0.33629999,-0.1676521,0.25631991
0.3364,-0.16100389,0.25990218
0.33649999,-0.15424801,0.26327688
0.33660001,-0.14739107,0.26644069
0.33669999,-0.14043969,0.26939058
0.33680001,-0.13340068,0.27212366
0.3369,-0.12628084,0.27463728
0.33700001,-0.11908714,0.27692905
0.3371,-0.11182656,0.27899674
0.33719999,-0.10450617,0.28083837
0.3373,-0.097133085,0.28245217
0.33739999,-0.089714497,0.28383657
0.33750001,-0.082257614,0.28499031
0.33759999,-0.074769698,0.28591228
0.33770001,-0.067258045,0.2866016
0.3378,-0.059729967,0.2870577
0.33790001,-0.052192789,0.28728014
0.338,-0.044653848,0.28726873
0.33809999,-0.037120488,0.28702357
0.3382,-0.029600039,0.28654498
0.33829999,-0.022099826,0.28583342
0.33840001,-0.014627147,0.28488967
0.33849999,-0.0071892752,0.28371471
0.33860001,0.00020654807,0.28230977
0.3387,0.0075531262,0.28067625
0.33880001,0.01484331,0.27881584
0.3389,0.022070006,0.27673042
0.33899999,0.029226186,0.27442211
0.3391,0.036304884,0.2718932
0.33919999,0.043299224,0.26914629
0.33930001,0.050202399,0.26618409
0.33939999,0.057007696,0.26300958
0.33950001,0.063708514,0.25962597
0.3396,0.070298322,0.25603664
0.33970001,0.076770738,0.25224516
0.3398,0.083119467,0.24825533
0.33989999,0.089338347,0.24407114
0.34,0.095421344,0.23969676
0.34009999,0.10136256,0.23513657
0.34020001,0.10715622,0.23039509
0.34029999,0.11279672,0.22547707
0.34040001,0.11827861,0.2203874
0.3405,0.12359656,0.21513115
0.34060001,0.12874544,0.20971356
0.3407,0.13372026,0.20414002
0.34079999,0.13851622,0.19841607
0.3409,0.14312869,0.19254743
0.34099999,0.14755322,0.18653989
0.34110001,0.15178554,0.18039945
0.34119999,0.15582159,0.17413223
0.34130001,0.15965748,0.16774443
0.3414,0.16328953,0.16124243
0.34150001,0.16671425,0.15463266
0.3416,0.16992839,0.14792171
0.34169999,0.17292885,0.14111623
0.3418,0.17571279,0.134223
0.34189999,0.17827757,0.12724885
0.34200001,0.18062073,0.12020071
0.34209999,0.18274011,0.11308558
0.34220001,0.18463369,0.10591052
0.3423,0.1862997,0.098682672
0.34240001,0.18773662,0.091409184
0.3425,0.18894312,0.084097296
0.34259999,0.18991813,0.076754257
0.3427,0.19066077,0.069387361
0.34279999,0.19117042,0.062003918
0.34290001,0.19144669,0.054611254
0.34299999,0.1914894,0.04721671
0.34310001,0.1912986,0.039827622
0.3432,0.19087461,0.032451324
0.34330001,0.19021794,0.025095135
0.3434,0.18932933,0.017766358
0.34349999,0.18820977,0.010472265
0.3436,0.18686046,0.0032200944
0.34369999,0.18528286,-0.003982957
0.34380001,0.18347859,-0.01112974
0.3439,0.18144958,-0.01821316
0.34400001,0.17919789,-0.025226191
0.3441,0.17672589,-0.032161869
0.34419999,0.17403609,-0.039013311
0.3443,0.17113127,-0.045773715
0.34439999,0.16801438,-0.052436374
0.34450001,0.16468862,-0.058994669
0.34459999,0.16115735,-0.065442093
0.34470001,0.15742418,-0.07177224
0.3448,0.1534929,-0.077978827
0.34490001,0.14936748,-0.084055692
0.345,0.14505211,-0.0899968
0.34509999,0.14055112,-0.095796242
0.3452,0.1358691,-0.10144827
0.34529999,0.13101074,-0.10694725
0.34540001,0.12598096,-0.11228774
0.34549999,0.12078481,-0.11746441
0.34560001,0.11542754,-0.12247213
0.3457,0.10991453,-0.12730591
0.34580001,0.10425132,-0.13196096
0.3459,0.098443612,-0.13643262
0.34599999,0.092497237,-0.14071646
0.3461,0.086418167,-0.14480822
0.34619999,0.080212511,-0.14870381
0.34630001,0.073886491,-0.15239936
0.34639999,0.067446455,-0.15589119
0.34650001,0.060898867,-0.1591758
0.3466,0.054250289,-0.16224992
0.34670001,0.047507387,-0.1651105
0.3468,0.040676922,-0.16775465
0.34689999,0.033765737,-0.17017975
0.347,0.026780756,-0.17238335
0.34709999,0.019728979,-0.17436326
0.34720001,0.012617469,-0.17611746
0.34729999,0.0054533482,-0.17764422
0.34740001,-0.0017562081,-0.17894199
0.3475,-0.0090039801,-0.18000944
0.34760001,-0.016282711,-0.1808455
0.3477,-0.023585113,-0.18144928
0.34779999,-0.030903872,-0.18182018
0.3479,-0.038231663,-0.18195778
0.34799999,-0.04556115,-0.18186194
0.34810001,-0.052884996,-0.18153268
0.34819999,-0.06019586,-0.18097031
0.34830001,-0.067486428,-0.18017536
0.3484,-0.074749403,-0.17914857
0.34850001,-0.081977509,-0.17789093
0.3486,-0.089163505,-0.17640364
0.34869999,-0.0963002,-0.17468813
0.3488,-0.10338043,-0.17274606
0.34889999,-0.11039712,-0.17057933
0.34900001,-0.11734324,-0.16819003
0.34909999,-0.12421181,-0.1655805
0.34920001,-0.13099597,-0.16275325
0.3493,-0.13768891,-0.15971108
0.34940001,-0.14428389,-0.15645695
0.3495,-0.15077434,-0.15299401
0.34959999,-0.15715374,-0.14932568
0.3497,-0.16341567,-0.14545554
0.34979999,-0.16955386,-0.14138737
0.34990001,-0.17556213,-0.13712515
0.34999999,-0.18143445,-0.13267308
0.35010001,-0.18716493,-0.1280355
0.3502,-0.19274782,-0.12321696
0.35030001,-0.19817746,-0.11822219
0.3504,-0.20344841,-0.11305609
0.35049999,-0.20855537,-0.10772373
0.3506,-0.21349318,-0.10223033
0.35069999,-0.21825688,-0.096581288
0.35080001,-0.22284165,-0.090782158
0.35089999,-0.22724284,-0.084838621
0.35100001,-0.23145603,-0.078756526
0.3511,-0.23547694,-0.072541833
0.35120001,-0.2393015,-0.066200659
0.3513,-0.24292582,-0.059739228
0.35139999,-0.24634624,-0.053163886
0.3515,-0.24955924,-0.046481099
0.35159999,-0.25256157,-0.039697427
0.35170001,-0.25535017,-0.032819547
0.35179999,-0.25792214,-0.025854208
0.35190001,-0.26027489,-0.018808264
0.352,-0.26240593,-0.011688639
0.35210001,-0.2643131,-0.0045023328
0.3522,-0.2659944,0.0027435911
0.35229999,-0.26744804,0.010042007
0.3524,-0.2686725,0.01738574
0.35249999,-0.26966646,0.024767568
0.35260001,-0.27042884,0.032180231
0.3527,-0.27095875,0.039616447
0.35280001,-0.27125561,0.04706889
0.3529,-0.27131897,0.054530244
0.35299999,-0.27114868,0.061993163
0.3531,-0.27074483,0.069450311
0.35319999,-0.27010766,0.07689435
0.35330001,-0.26923773,0.084317967
0.35339999,-0.26813579,0.091713853
0.35350001,-0.26680279,0.099074736
0.3536,-0.26523995,0.10639337
0.35370001,-0.26344872,0.11366257
0.3538,-0.26143074,0.12087518
0.35389999,-0.25918794,0.1280241
0.354,-0.25672236,0.13510232
0.35409999,-0.25403637,0.14210284
0.35420001,-0.25113252,0.14901881
0.35429999,-0.24801353,0.15584341
0.35440001,-0.2446824,0.16256994
0.3545,-0.2411423,0.16919178
0.35460001,-0.23739661,0.17570241
0.3547,-0.23344894,0.18209542
0.35479999,-0.22930306,0.18836457
0.3549,-0.22496295,0.19450364
0.35499999,-0.2204328,0.20050661
0.35510001,-0.21571699,0.20636761
0.35519999,-0.21082002,0.21208084
0.35530001,-0.20574665,0.2176407
0.3554,-0.20050177,0.22304171
0.35550001,-0.19509044,0.22827858
0.3556,-0.1895179,0.23334616
0.35569999,-0.18378955,0.23823947
0.3558,-0.17791092,0.24295367
0.35589999,-0.17188771,0.24748419
0.35600001,-0.16572577,0.25182652
0.35609999,-0.15943106,0.25597644
0.35620001,-0.15300967,0.25992984
0.3563,-0.14646785,0.26368287
0.35640001,-0.13981195,0.26723182
0.3565,-0.13304842,0.27057323
0.35659999,-0.12618382,0.27370381
0.3567,-0.11922483,0.27662048
0.35679999,-0.11217821,0.27932039
0.35690001,-0.10505079,0.28180093
0.35699999,-0.097849518,0.28405958
0.35710001,-0.090581372,0.28609422
0.3572,-0.083253428,0.28790283
0.35730001,-0.075872809,0.28948364
0.3574,-0.068446688,0.29083511
0.35749999,-0.060982283,0.29195592
0.3576,-0.053486854,0.29284501
0.35769999,-0.045967687,0.29350147
0.35780001,-0.038432099,0.29392469
0.35789999,-0.030887412,0.29411429
0.35800001,-0.023340967,0.29407009
0.3581,-0.0158001,0.29379216
0.35820001,-0.008272144,0.29328075
0.3583,-0.00076442136,0.29253641
0.35839999,0.0067157694,0.2915599
0.3585,0.014161156,0.2903522
0.35859999,0.021564497,0.2889145
0.35870001,0.0289186,0.28724822
0.35879999,0.036216311,0.28535506
0.35890001,0.043450542,0.28323689
0.359,0.050614264,0.28089583
0.35910001,0.057700511,0.27833414
0.3592,0.064702407,0.27555445
0.35929999,0.07161314,0.27255946
0.3594,0.078426011,0.26935217
0.35949999,0.085134402,0.26593572
0.35960001,0.091731794,0.26231354
0.35969999,0.098211803,0.25848919
0.35980001,0.10456813,0.25446647
0.3599,0.11079461,0.25024936
0.36000001,0.11688522,0.24584202
0.3601,0.12283406,0.24124885
0.36019999,0.12863535,0.23647436
0.3603,0.1342835,0.23152329
0.36039999,0.13977301,0.22640052
0.36050001,0.14509861,0.22111115
0.36059999,0.15025513,0.21566038
0.36070001,0.15523762,0.21005361
0.3608,0.16004123,0.20429638
0.36090001,0.16466135,0.1983944
0.361,0.16909353,0.1923535
0.36109999,0.17333353,0.18617962
0.3612,0.17737722,0.17987891
0.36129999,0.18122078,0.17345756
0.36140001,0.18486048,0.16692194
0.36149999,0.18829288,0.16027851
0.36160001,0.19151466,0.15353382
0.3617,0.19452275,0.14669453
0.36179999,0.19731434,0.13976742
0.3619,0.19988674,0.13275932
0.36199999,0.20223753,0.12567715
0.36210001,0.20436452,0.11852793
0.36219999,0.2062657,0.11131869
0.36230001,0.2079393,0.10405658
0.3624,0.20938379,0.096748762
0.36250001,0.21059784,0.089402452
0.3626,0.2115804,0.08202491
0.36269999,0.21233055,0.074623428
0.3628,0.21284769,0.06720531
0.36289999,0.21313144,0.059777886
0.36300001,0.2131816,0.052348487
0.36309999,0.21299823,0.044924453
0.36320001,0.21258162,0.037513122
0.3633,0.21193232,0.030121803
0.36340001,0.21105103,0.022757802
0.3635,0.20993878,0.015428389
0.36359999,0.20859674,0.0081408024
0.3637,0.20702635,0.0009022369
0.36379999,0.20522927,-0.0062801586
0.36390001,0.20320739,-0.013399292
0.36399999,0.20096281,-0.020448135
0.36410001,0.19849786,-0.027419725
0.3642,0.19581506,-0.034307182
0.36430001,0.19291718,-0.041103706
0.3644,0.18980721,-0.047802582
0.36449999,0.18648829,-0.054397199
0.3646,0.18296382,-0.060881048
0.36469999,0.17923738,-0.067247726
0.36480001,0.17531276,-0.073490947
0.36489999,0.17119394,-0.079604551
0.36500001,0.16688511,-0.085582495
0.3651,0.1623906,-0.091418885
0.36520001,0.15771498,-0.097107962
0.3653,0.15286295,-0.1026441
0.36539999,0.14783941,-0.10802184
0.3655,0.14264944,-0.11323588
0.36559999,0.13729827,-0.11828106
0.36570001,0.13179126,-0.12315241
0.36579999,0.12613399,-0.12784512
0.36590001,0.12033213,-0.13235456
0.366,0.11439151,-0.13667627
0.36610001,0.10831811,-0.14080599
0.3662,0.10211802,-0.14473966
0.36629999,0.095797472,-0.14847337
0.3664,0.089362822,-0.15200345
0.36649999,0.082820505,-0.15532643
0.36660001,0.076177105,-0.15843901
0.36669999,0.069439277,-0.16133812
0.36680001,0.06261377,-0.16402091
0.3669,0.055707444,-0.16648474
0.36700001,0.048727207,-0.16872716
0.3671,0.041680064,-0.17074597
0.36719999,0.034573071,-0.17253917
0.3673,0.027413351,-0.17410502
0.36739999,0.020208079,-0.17544194
0.36750001,0.012964468,-0.17654862
0.36759999,0.005689777,-0.17742398
0.36770001,-0.0016087095,-0.17806716
0.3678,-0.0089236805,-0.17847754
0.36790001,-0.016247811,-0.17865469
0.368,-0.023573766,-0.17859843
0.36809999,-0.030894209,-0.17830886
0.3682,-0.038201809,-0.17778625
0.36829999,-0.045489244,-0.1770311
0.36840001,-0.05274922,-0.17604417
0.36849999,-0.059974462,-0.17482644
0.36860001,-0.067157738,-0.17337914
0.3687,-0.07429184,-0.17170365
0.36880001,-0.081369638,-0.16980168
0.3689,-0.088384025,-0.16767508
0.36899999,-0.095327981,-0.16532595
0.3691,-0.10219454,-0.16275662
0.36919999,-0.10897683,-0.15996964
0.36930001,-0.11566804,-0.15696777
0.36939999,-0.12226146,-0.15375395
0.36950001,-0.12875047,-0.15033138
0.3696,-0.13512859,-0.14670344
0.36970001,-0.14138938,-0.14287369
0.3698,-0.14752658,-0.13884595
0.36989999,-0.15353401,-0.13462418
0.37,-0.15940565,-0.13021258
0.37009999,-0.16513559,-0.12561546
0.37020001,-0.17071807,-0.12083742
0.37029999,-0.17614748,-0.11588313
0.37040001,-0.18141834,-0.11075753
0.3705,-0.18652536,-0.10546565
0.37059999,-0.19146338,-0.10001274
0.3707,-0.19622743,-0.094404191
0.37079999,-0.20081268,-0.088645525
0.37090001,-0.20521453,-0.082742453
0.37099999,-0.20942852,-0.076700807
0.37110001,-0.21345036,-0.07052654
0.3712,-0.21727601,-0.064225771
0.37130001,-0.22090156,-0.057804719
0.3714,-0.22432335,-0.051269732
0.37149999,-0.22753787,-0.044627264
0.3716,-0.23054186,-0.037883885
0.37169999,-0.23333223,-0.031046256
0.37180001,-0.23590615,-0.024121135
0.37189999,-0.23826095,-0.017115366
0.37200001,-0.24039422,-0.01003587
0.3721,-0.24230373,-0.002889646
0.37220001,-0.24398749,0.0043162438
0.3723,-0.24544373,0.011574678
0.37239999,-0.24667093,0.018878482
0.3725,-0.24766774,0.026220441
0.37259999,-0.2484331,0.033593293
0.37270001,-0.24896613,0.040989753
0.37279999,-0.24926621,0.048402511
0.37290001,-0.24933292,0.055824243
0.373,-0.2491661,0.063247606
0.37310001,-0.24876581,0.07066527
0.3732,-0.24813235,0.078069896
0.37329999,-0.24726622,0.085454166
0.3734,-0.24616817,0.09281078
0.37349999,-0.24483919,0.10013247
0.37360001,-0.24328049,0.107412
0.37369999,-0.24149346,0.11464216
0.37380001,-0.23947982,0.12181581
0.3739,-0.23724142,0.12892586
0.37400001,-0.23478036,0.13596527
0.3741,-0.23209897,0.1429271
0.37419999,-0.2291998,0.14980444
0.3743,-0.22608557,0.15659051
0.37439999,-0.22275931,0.16327858
0.37450001,-0.21922414,0.16986205
0.37459999,-0.21548347,0.1763344
0.37470001,-0.21154088,0.18268923
0.3748,-0.20740016,0.18892026
0.37490001,-0.20306529,0.19502132
0.375,-0.19854045,0.20098637
0.37509999,-0.19382998,0.20680952
0.3752,-0.18893845,0.212485
0.37529999,-0.18387057,0.21800719
0.37540001,-0.17863123,0.22337064
0.37549999,-0.17322549,0.22857003
0.37560001,-0.16765861,0.2336002
0.3757,-0.16193596,0.23845619
0.37580001,-0.15606308,0.24313317
0.3759,-0.15004566,0.24762654
0.37599999,-0.14388956,0.25193182
0.3761,-0.13760072,0.25604475
0.37619999,-0.13118525,0.25996128
0.37630001,-0.12464938,0.26367748
0.37639999,-0.11799946,0.26718971
0.37650001,-0.11124194,0.27049446
0.3766,-0.10438339,0.27358845
0.37670001,-0.097430468,0.27646863
0.3768,-0.090389937,0.2791321
0.37689999,-0.083268642,0.28157628
0.377,-0.076073505,0.28379866
0.37709999,-0.068811521,0.28579709
0.37720001,-0.061489757,0.28756955
0.37729999,-0.054115333,0.2891143
0.37740001,-0.046695419,0.29042974
0.3775,-0.039237235,0.29151461
0.37760001,-0.031748038,0.29236779
0.3777,-0.024235116,0.29298842
0.37779999,-0.016705777,0.29337588
0.3779,-0.0091673518,0.29352975
0.37799999,-0.001627172,0.29344988
0.37810001,0.0059074233,0.2931363
0.37819999,0.013429103,0.29258934
0.37830001,0.020930547,0.29180947
0.3784,0.028404457,0.29079747
0.37850001,0.035843559,0.28955433
0.3786,0.043240618,0.28808123
0.37869999,0.050588436,0.28637958
0.3788,0.057879865,0.2844511
0.37889999,0.065107815,0.28229761
0.37900001,0.072265252,0.27992123
0.37909999,0.079345226,0.27732432
0.37920001,0.086340837,0.2745094
0.3793,0.093245305,0.27147919
0.37940001,0.1000519,0.2682367
0.3795,0.10675402,0.26478508
0.37959999,0.11334515,0.26112774
0.37970001,0.11981889,0.25726825
0.37979999,0.12616895,0.2532104
0.37990001,0.13238917,0.24895814
0.38,0.13847353,0.24451567
0.38010001,0.14441611,0.23988737
0.3802,0.15021114,0.23507774
0.38029999,0.15585302,0.23009153
0.3804,0.16133629,0.22493362
0.38049999,0.16665563,0.2196091
0.38060001,0.17180589,0.21412316
0.38069999,0.1767821,0.20848122
0.38080001,0.18157946,0.2026888
0.3809,0.1861933,0.19675161
0.38100001,0.19061922,0.19067547
0.3811,0.19485292,0.18446635
0.38119999,0.19889034,0.17813034
0.3813,0.2027276,0.1716737
0.38139999,0.206361,0.16510274
0.38150001,0.20978706,0.15842393
0.38159999,0.2130025,0.15164383
0.38170001,0.21600428,0.14476912
0.3818,0.21878949,0.13780652
0.38190001,0.22135553,0.1307629
0.382,0.22369993,0.12364519
0.38209999,0.2258205,0.11646035
0.3822,0.22771524,0.10921548
0.38229999,0.22938238,0.10191767
0.38240001,0.23082039,0.094574109
0.38249999,0.23202793,0.087192006
0.38260001,0.23300394,0.079778627
0.3827,0.23374753,0.072341241
0.38280001,0.23425809,0.064887173
0.3829,0.23453519,0.057423733
0.38299999,0.23457867,0.04995827
0.3831,0.2343886,0.042498112
0.38319999,0.23396525,0.03505059
0.38330001,0.23330915,0.027623024
0.38339999,0.23242104,0.020222712
0.38350001,0.23130189,0.012856923
0.3836,0.22995293,0.0055328952
0.38370001,0.22837557,-0.0017421759
0.3838,0.22657146,-0.0089611439
0.38389999,0.2245425,-0.016116919
0.384,0.22229077,-0.02320247
0.38409999,0.21981862,-0.03021084
0.38420001,0.21712856,-0.037135143
0.38429999,0.21422337,-0.043968584
0.38440001,0.21110599,-0.050704449
0.3845,0.2077796,-0.057336126
0.38460001,0.20424761,-0.063857101
0.3847,0.20051356,-0.070260987
0.38479999,0.19658127,-0.076541483
0.3849,0.1924547,-0.082692429
0.38499999,0.18813802,-0.088707797
0.38510001,0.18363559,-0.094581679
0.38519999,0.17895196,-0.10030831
0.38530001,0.17409185,-0.10588209
0.3854,0.16906014,-0.11129753
0.38550001,0.1638619,-0.11654935
0.3856,0.15850236,-0.12163237
0.38569999,0.1529869,-0.12654164
0.3858,0.14732106,-0.13127235
0.38589999,0.14151055,-0.13581984
0.38600001,0.13556115,-0.14017968
0.38609999,0.12947889,-0.14434759
0.38620001,0.12326983,-0.14831951
0.3863,0.1169402,-0.15209155
0.38640001,0.11049634,-0.15566003
0.3865,0.10394472,-0.15902145
0.38659999,0.097291894,-0.16217254
0.3867,0.090544514,-0.16511025
0.38679999,0.083709344,-0.16783167
0.38690001,0.076793231,-0.17033419
0.38699999,0.069803081,-0.17261536
0.38710001,0.062745892,-0.17467298
0.3872,0.055628736,-0.17650506
0.38730001,0.048458714,-0.17810981
0.3874,0.041243009,-0.17948569
0.38749999,0.033988833,-0.18063138
0.3876,0.02670344,-0.18154582
0.38769999,0.019394115,-0.1822281
0.38780001,0.012068165,-0.18267763
0.38789999,0.0047329143,-0.18289396
0.38800001,-0.002604303,-0.18287694
0.3881,-0.009936152,-0.18262663
0.38820001,-0.017255303,-0.18214332
0.3883,-0.024554437,-0.18142749
0.38839999,-0.031826261,-0.18047993
0.38850001,-0.039063498,-0.1793016
0.38859999,-0.046258919,-0.1778937
0.38870001,-0.053405326,-0.17625766
0.3888,-0.060495574,-0.17439513
0.38890001,-0.06752257,-0.172308
0.389,-0.074479282,-0.16999835
0.38909999,-0.081358761,-0.16746853
0.3892,-0.088154122,-0.16472106
0.38929999,-0.094858557,-0.16175868
0.38940001,-0.10146537,-0.15858437
0.38949999,-0.10796794,-0.15520132
0.38960001,-0.11435975,-0.15161288
0.3897,-0.12063441,-0.14782263
0.38980001,-0.12678562,-0.1438344
0.3899,-0.13280724,-0.1396521
0.38999999,-0.13869323,-0.13527997
0.3901,-0.14443767,-0.1307223
0.39019999,-0.15003482,-0.12598367
0.39030001,-0.15547904,-0.1210688
0.39039999,-0.16076489,-0.11598257
0.39050001,-0.16588704,-0.11073004
0.3906,-0.17084037,-0.10531644
0.39070001,-0.17561986,-0.099747159
0.3908,-0.18022074,-0.094027735
0.39089999,-0.18463835,-0.088163853
0.391,-0.18886825,-0.082161352
0.39109999,-0.19290619,-0.076026186
0.39120001,-0.19674806,-0.069764465
0.39129999,-0.20039001,-0.063382402
0.39140001,-0.20382833,-0.056886349
0.3915,-0.20705955,-0.050282754
0.39160001,-0.21008037,-0.043578185
0.3917,-0.21288775,-0.036779299
0.39179999,-0.21547879,-0.029892851
0.3919,-0.21785088,-0.022925682
0.39199999,-0.22000156,-0.015884712
0.39210001,-0.22192863,-0.0087769376
0.39219999,-0.2236301,-0.0016094168
0.39230001,-0.22510418,0.0056107319
0.3924,-0.22634935,0.012876336
0.39250001,-0.22736429,0.020180181
0.3926,-0.22814788,0.027515011
0.39269999,-0.22869928,0.034873541
0.3928,-0.22901785,0.042248469
0.39289999,-0.22910321,0.04963246
0.39300001,-0.22895513,0.057018187
0.39309999,-0.22857372,0.064398311
0.39320001,-0.22795923,0.071765505
0.3933,-0.2271122,0.079112448
0.39340001,-0.22603337,0.086431846
0.3935,-0.22472371,0.09371642
0.39359999,-0.22318444,0.10095895
0.3937,-0.22141697,0.10815222
0.39379999,-0.21942297,0.1152891
0.39390001,-0.21720429,0.12236249
0.39399999,-0.21476308,0.12936535
0.39410001,-0.21210161,0.13629076
0.3942,-0.20922245,0.14313179
0.39430001,-0.20612834,0.14988166
0.3944,-0.20282227,0.15653367
0.39449999,-0.19930737,0.16308118
0.3946,-0.19558705,0.16951771
0.39469999,-0.1916649,0.17583685
0.39480001,-0.18754469,0.1820323
0.39489999,-0.1832304,0.18809791
0.39500001,-0.1787262,0.19402763
0.3951,-0.17403643,0.19981557
0.39520001,-0.16916567,0.20545596
0.3953,-0.1641186,0.21094319
0.39539999,-0.15890016,0.2162718
0.3955,-0.15351535,0.22143647
0.39559999,-0.14796945,0.22643206
0.39570001,-0.14226784,0.23125358
0.39579999,-0.13641605,0.23589623
0.39590001,-0.13041975,0.24035537
0.396,-0.1242848,0.24462655
0.39610001,-0.11801715,0.24870551
0.3962,-0.11162291,0.25258815
0.39629999,-0.1051083,0.25627065
0.3964,-0.098479666,0.25974923
0.39649999,-0.091743462,0.26302049
0.39660001,-0.084906243,0.26608109
0.39669999,-0.077974685,0.26892799
0.39680001,-0.070955537,0.27155831
0.3969,-0.063855641,0.27396941
0.39700001,-0.056681912,0.27615887
0.3971,-0.049441352,0.27812445
0.39719999,-0.04214102,0.27986419
0.3973,-0.034788031,0.2813763
0.39739999,-0.027389565,0.28265923
0.39750001,-0.019952834,0.28371167
0.3976,-0.012485093,0.28453252
0.39770001,-0.0049936255,0.28512093
0.3978,0.0025142573,0.28547627
0.39789999,0.010031231,0.2855981
0.398,0.017549962,0.28548628
0.39809999,0.025063112,0.28514084
0.39820001,0.032563355,0.28456211
0.39829999,0.040043369,0.28375056
0.39840001,0.047495857,0.28270695
0.3985,0.054913547,0.28143227
0.39860001,0.062289201,0.2799277
0.3987,0.069615632,0.2781947
0.39879999,0.076885678,0.27623489
0.3989,0.084092267,0.27405018
0.39899999,0.091228351,0.27164263
0.39910001,0.098286979,0.2690146
0.39919999,0.10526127,0.26616862
0.39930001,0.11214443,0.26310745
0.3994,0.11892973,0.25983402
0.39950001,0.12561058,0.25635153
0.3996,0.13218044,0.25266334
0.39969999,0.13863292,0.24877308
0.3998,0.14496176,0.24468449
0.39989999,0.15116076,0.24040155
0.40000001,0.15722391,0.23592845
0.40009999,0.16314529,0.23126952
0.40020001,0.16891915,0.22642933
0.4003,0.17453986,0.22141257
0.40040001,0.18000199,0.21622416
0.4005,0.18530019,0.21086915
0.40059999,0.19042931,0.20535275
0.4007,0.19538441,0.19968037
0.40079999,0.20016065,0.19385755
0.40090001,0.20475341,0.18788996
0.40099999,0.20915823,0.18178344
0.40110001,0.21337084,0.17554396
0.4012,0.21738718,0.16917761
0.40130001,0.22120336,0.16269061
0.4014,0.22481568,0.15608932
0.40149999,0.22822067,0.14938018
0.4016,0.23141505,0.14256975
0.40169999,0.23439574,0.1356647
0.40180001,0.23715988,0.12867178
0.40189999,0.23970483,0.12159783
0.40200001,0.24202813,0.11444977
0.4021,0.2441276,0.1072346
0.40220001,0.24600124,0.099959359
0.4023,0.24764726,0.092631191
0.40239999,0.24906413,0.085257247
0.4025,0.25025055,0.077844754
0.40259999,0.25120535,0.070400961
0.40270001,0.25192776,0.062933154
0.40279999,0.25241712,0.055448636
0.40290001,0.25267297,0.047954734
0.403,0.2526952,0.04045878
0.40310001,0.25248384,0.032968111
0.4032,0.25203916,0.025490057
0.40329999,0.2513617,0.018031931
0.4034,0.25045222,0.01060103
0.40349999,0.24931164,0.003204627
0.40360001,0.24794121,-0.0041500437
0.40369999,0.24634233,-0.011455787
0.40380001,0.24451669,-0.018705459
0.4039,0.24246612,-0.025891967
0.40400001,0.24019274,-0.033008285
0.4041,0.2376989,-0.040047452
0.40419999,0.23498708,-0.047002584
0.4043,0.23206007,-0.053866889
0.40439999,0.22892082,-0.060633652
0.40450001,0.22557251,-0.067296259
0.40459999,0.22201851,-0.07384821
0.40470001,0.21826242,-0.08028309
0.4048,0.21430799,-0.086594619
0.40490001,0.21015923,-0.092776641
0.405,0.20582028,-0.098823108
0.40509999,0.2012955,-0.10472813
0.4052,0.19658944,-0.11048594
0.40529999,0.19170681,-0.11609092
0.40540001,0.18665251,-0.12153761
0.40549999,0.18143159,-0.1268207
0.40560001,0.17604928,-0.13193505
0.4057,0.17051096,-0.13687564
0.40580001,0.16482218,-0.14163771
0.4059,0.15898861,-0.14621662
0.40599999,0.15301608,-0.15060788
0.4061,0.14691056,-0.15480727
0.40619999,0.14067815,-0.15881069
0.40630001,0.13432507,-0.16261424
0.4064,0.12785767,-0.16621427
0.40650001,0.12128238,-0.16960727
0.4066,0.11460577,-0.17278996
0.40669999,0.1078345,-0.17575927
0.4068,0.10097533,-0.17851233
0.40689999,0.094035082,-0.18104652
0.40700001,0.087020688,-0.18335937
0.40709999,0.079939142,-0.18544869
0.40720001,0.072797492,-0.18731247
0.4073,0.065602861,-0.18894894
0.40740001,0.058362413,-0.19035657
0.4075,0.051083367,-0.19153403
0.40759999,0.043772973,-0.19248021
0.4077,0.036438517,-0.19319427
0.40779999,0.029087299,-0.19367555
0.40790001,0.021726647,-0.19392365
0.40799999,0.014363891,-0.1939384
0.40810001,0.0070063649,-0.19371986
0.4082,-0.00033860307,-0.19326831
0.40830001,-0.007663697,-0.19258426
0.4084,-0.014961621,-0.19166845
0.40849999,-0.022225104,-0.19052185
0.4086,-0.029446915,-0.18914568
0.40869999,-0.036619857,-0.18754135
0.40880001,-0.043736786,-0.1857105
0.40889999,-0.050790612,-0.18365504
0.40900001,-0.057774305,-0.18137705
0.4091,-0.064680912,-0.17887884
0.40920001,-0.07150355,-0.17616296
0.4093,-0.078235418,-0.17323215
0.40939999,-0.084869802,-0.17008936
0.4095,-0.091400102,-0.16673779
0.40959999,-0.097819798,-0.16318081
0.40970001,-0.1041225,-0.15942198
0.40979999,-0.1103019,-0.15546508
0.40990001,-0.11635187,-0.15131411
0.41,-0.12226634,-0.14697322
0.41010001,-0.12803942,-0.14244677
0.4102,-0.13366537,-0.13773929
0.41029999,-0.13913853,-0.13285549
0.4104,-0.14445348,-0.12780029
0.41049999,-0.1496049,-0.12257871
0.41060001,-0.15458761,-0.11719599
0.41069999,-0.15939668,-0.11165753
0.41080001,-0.16402724,-0.10596884
0.4109,-0.16847472,-0.10013562
0.41100001,-0.17273462,-0.094163686
0.4111,-0.17680269,-0.088059016
0.41119999,-0.18067487,-0.0818277
0.4113,-0.18434724,-0.075475954
0.41139999,-0.18781614,-0.069010124
0.41150001,-0.19107808,-0.062436655
0.41159999,-0.19412977,-0.055762108
0.41170001,-0.19696814,-0.048993148
0.4118,-0.19959033,-0.04213652
0.41190001,-0.20199369,-0.035199065
0.412,-0.20417577,-0.0281877
0.41209999,-0.20613438,-0.021109415
0.4122,-0.20786752,-0.013971271
0.41229999,-0.2093734,-0.0067803799
0.41240001,-0.21065049,0.00045608642
0.41249999,-0.21169747,0.0077309161
0.41260001,-0.21251324,0.015036857
0.4127,-0.21309693,0.022366624
0.41280001,-0.2134479,0.029712917
0.4129,-0.21356577,0.037068408
0.41299999,-0.21345033,0.044425767
0.4131,-0.21310164,0.051777661
0.41319999,-0.21252,0.059116762
0.41330001,-0.21170592,0.066435754
0.41339999,-0.21066014,0.07372734
0.41350001,-0.20938364,0.08098425
0.4136,-0.20787761,0.08819925
0.41370001,-0.20614347,0.095365144
0.4138,-0.20418289,0.10247479
0.41389999,-0.20199774,0.10952111
0.414,-0.1995901,0.11649705
0.41409999,-0.19696233,0.12339567
0.41420001,-0.19411692,0.13021009
0.41429999,-0.19105664,0.13693349
0.41440001,-0.18778446,0.14355919
0.4145,-0.18430354,0.15008055
0.41460001,-0.18061724,0.15649109
0.4147,-0.17672919,0.16278437
0.41479999,-0.17264313,0.16895413
0.4149,-0.16836303,0.17499422
0.41499999,-0.16389309,0.18089858
0.41510001,-0.15923764,0.1866613
0.4152,-0.15440121,0.19227666
0.41530001,-0.14938855,0.19773901
0.4154,-0.14420453,0.20304288
0.41549999,-0.13885419,0.20818298
0.4156,-0.1333428,0.21315415
0.41569999,-0.1276757,0.21795143
0.41580001,-0.12185846,0.22256997
0.41589999,-0.11589674,0.22700518
0.41600001,-0.10979638,0.23125258
0.4161,-0.10356335,0.23530792
0.41620001,-0.097203732,0.23916709
0.4163,-0.09072376,0.24282625
0.41639999,-0.084129773,0.24628168
0.4165,-0.077428214,0.24952993
0.41659999,-0.070625655,0.25256768
0.41670001,-0.06372875,0.25539187
0.41679999,-0.056744248,0.25799963
0.41690001,-0.049678989,0.26038831
0.417,-0.042539895,0.26255548
0.41710001,-0.035333958,0.26449895
0.4172,-0.028068233,0.2662167
0.41729999,-0.020749839,0.26770696
0.4174,-0.013385948,0.26896819
0.41749999,-0.0059837694,0.26999906
0.41760001,0.001449441,0.27079847
0.41769999,0.0089064008,0.27136555
0.41780001,0.016379803,0.27169973
0.4179,0.023862325,0.27180049
0.41800001,0.031346634,0.27166775
0.4181,0.038825396,0.27130151
0.41819999,0.046291284,0.27070209
0.4183,0.053736977,0.26986998
0.41839999,0.061155181,0.26880592
0.41850001,0.068538629,0.26751089
0.41859999,0.075880073,0.26598611
0.41870001,0.083172336,0.26423299
0.4188,0.090408266,0.26225317
0.41890001,0.097580768,0.26004854
0.419,0.10468282,0.2576212
0.41909999,0.11170745,0.25497347
0.4192,0.11864779,0.25210786
0.41929999,0.12549704,0.24902715
0.41940001,0.13224849,0.24573429
0.41949999,0.13889551,0.24223246
0.41960001,0.14543162,0.23852502
0.4197,0.15185039,0.23461556
0.41980001,0.15814555,0.23050787
0.4199,0.16431093,0.22620589
0.41999999,0.17034049,0.22171383
0.4201,0.17622834,0.21703602
0.42019999,0.18196872,0.21217701
0.42030001,0.187556,0.20714149
0.42039999,0.19298473,0.20193438
0.42050001,0.19824958,0.19656074
0.4206,0.2033454,0.19102576
0.42070001,0.20826724,0.18533486
0.4208,0.21301027,0.17949356
0.42089999,0.21756984,0.17350756
0.421,0.22194153,0.16738266
0.42109999,0.22612105,0.16112484
0.42120001,0.23010433,0.1547402
0.42129999,0.23388748,0.14823495
0.42140001,0.23746683,0.14161544
0.4215,0.24083887,0.13488811
0.42160001,0.24400033,0.12805955
0.4217,0.24694812,0.12113637
0.42179999,0.24967942,0.11412536
0.4219,0.25219151,0.10703335
0.42199999,0.25448203,0.099867247
0.42210001,0.25654873,0.092634052
0.42219999,0.25838962,0.08534082
0.42230001,0.26000291,0.07799466
0.4224,0.26138705,0.07060276
0.42250001,0.26254076,0.063172311
0.4226,0.2634629,0.05571058
0.42269999,0.26415265,0.048224844
0.4228,0.26460934,0.040722411
0.42289999,0.26483253,0.033210598
0.42300001,0.26482213,0.025696743
0.42309999,0.2645781,0.018188179
0.42320001,0.26410079,0.010692229
0.4233,0.26339069,0.0032162128
0.42340001,0.26244855,-0.0042325743
0.4235,0.26127535,-0.011646864
0.42359999,0.25987226,-0.019019421
0.4237,0.2582407,-0.026343053
0.42379999,0.25638238,-0.033610612
0.42390001,0.2542991,-0.040815014
0.42399999,0.25199303,-0.047949225
0.42410001,0.24946642,-0.055006292
0.4242,0.24672185,-0.061979327
0.42429999,0.24376205,-0.068861537
0.4244,0.24058999,-0.075646214
0.42449999,0.23720883,-0.08232674
0.42460001,0.23362195,-0.08889661
0.42469999,0.22983293,-0.095349416
0.42480001,0.22584555,-0.10167889
0.4249,0.22166377,-0.10787884
0.42500001,0.21729179,-0.11394326
0.4251,0.21273391,-0.11986623
0.42519999,0.20799471,-0.12564199
0.4253,0.2030789,-0.13126494
0.42539999,0.19799134,-0.13672958
0.42550001,0.19273712,-0.14203064
0.42559999,0.18732145,-0.14716296
0.42570001,0.1817497,-0.15212153
0.4258,0.17602743,-0.15690158
0.42590001,0.17016029,-0.16149844
0.426,0.16415414,-0.1659077
0.42609999,0.15801494,-0.17012505
0.4262,0.15174875,-0.17414643
0.42629999,0.14536183,-0.17796797
0.42640001,0.13886048,-0.18158595
0.42649999,0.13225117,-0.1849969
0.42660001,0.12554048,-0.18819755
0.4267,0.11873503,-0.1911848
0.42680001,0.11184159,-0.19395581
0.4269,0.10486699,-0.19650792
0.42699999,0.097818151,-0.19883868
0.4271,0.090702057,-0.20094588
0.42719999,0.083525769,-0.20282756
0.42730001,0.076296404,-0.20448188
0.42739999,0.069021121,-0.20590736
0.42750001,0.061707139,-0.20710263
0.4276,0.054361705,-0.20806661
0.42770001,0.046992105,-0.20879844
0.4278,0.039605636,-0.20929748
0.42789999,0.032209627,-0.2095633
0.428,0.024811402,-0.20959574
0.42809999,0.017418297,-0.20939484
0.42820001,0.010037639,-0.20896091
0.42829999,0.0026767408,-0.20829442
0.42840001,-0.0046571018,-0.20739615
0.4285,-0.011956621,-0.20626704
0.42860001,-0.019214582,-0.20490833
0.4287,-0.026423793,-0.20332138
0.42879999,-0.033577111,-0.2015079
0.4289,-0.040667444,-0.19946973
0.42899999,-0.047687769,-0.19720899
0.42910001,-0.054631125,-0.19472796
0.42919999,-0.061490633,-0.19202919
0.42930001,-0.068259493,-0.18911543
0.4294,-0.074930996,-0.18598965
0.42950001,-0.081498533,-0.18265501
0.4296,-0.087955594,-0.17911486
0.42969999,-0.094295777,-0.17537281
0.4298,-0.1005128,-0.17143261
0.42989999,-0.10660049,-0.16729826
0.43000001,-0.11255282,-0.16297391
0.43009999,-0.11836389,-0.15846391
0.43020001,-0.12402794,-0.15377279
0.4303,-0.12953934,-0.14890526
0.43040001,-0.13489264,-0.14386623
0.4305,-0.14008252,-0.13866073
0.43059999,-0.14510384,-0.133294
0.4307,-0.14995161,-0.12777141
0.43079999,-0.15462102,-0.12209849
0.43090001,-0.15910745,-0.11628093
0.43099999,-0.16340642,-0.11032455
0.43110001,-0.16751368,-0.10423531
0.4312,-0.17142516,-0.098019309
0.43130001,-0.17513695,-0.091682762
0.4314,-0.17864539,-0.085232012
0.43149999,-0.18194698,-0.078673497
0.4316,-0.18503842,-0.072013773
0.43169999,-0.18791667,-0.065259509
0.43180001,-0.19057882,-0.058417436
0.43189999,-0.19302225,-0.051494405
0.43200001,-0.19524454,-0.044497326
0.4321,-0.19724342,-0.037433185
0.43220001,-0.19901694,-0.03030904
0.4323,-0.20056331,-0.023132006
0.43239999,-0.20188099,-0.015909245
0.4325,-0.20296864,-0.0086479718
0.43259999,-0.20382516,-0.0013554355
0.43270001,-0.20444971,0.0059610843
0.43279999,-0.20484163,0.013294284
0.43290001,-0.2050005,0.020636842
0.433,-0.20492618,0.02798143
0.43309999,-0.20461868,0.035320714
0.4332,-0.2040783,0.042647373
0.43329999,-0.20330554,0.049954087
0.43340001,-0.20230117,0.057233565
0.43349999,-0.20106614,0.064478531
0.43360001,-0.19960162,0.071681768
0.4337,-0.19790909,0.078836076
0.43380001,-0.19599016,0.085934304
0.4339,-0.1938467,0.092969365
0.43399999,-0.19148083,0.099934243
0.4341,-0.18889485,0.10682198
0.43419999,-0.1860913,0.11362568
0.43430001,-0.18307292,0.12033856
0.43439999,-0.17984267,0.1269539
0.43450001,-0.17640372,0.1334651
0.4346,-0.17275943,0.13986565
0.43470001,-0.16891339,0.14614913
0.4348,-0.16486938,0.15230928
0.43489999,-0.16063137,0.15833993
0.435,-0.15620351,0.16423503
0.43509999,-0.15159017,0.16998869
0.43520001,-0.14679587,0.17559516
0.43529999,-0.14182533,0.18104881
0.43540001,-0.13668343,0.18634416
0.4355,-0.13137525,0.19147593
0.43560001,-0.12590598,0.19643895
0.4357,-0.12028101,0.20122826
0.43579999,-0.11450588,0.20583902
0.4359,-0.10858627,0.21026662
0.43599999,-0.102528,0.21450661
0.43610001,-0.096337035,0.21855469
0.43619999,-0.090019472,0.22240682
0.43630001,-0.083581522,0.22605908
0.4364,-0.077029526,0.2295078
0.43650001,-0.070369929,0.23274951
0.4366,-0.063609295,0.23578088
0.43669999,-0.056754276,0.23859888
0.4368,-0.04981162,0.24120063
0.43689999,-0.042788167,0.24358347
0.43700001,-0.035690833,0.24574497
0.43709999,-0.0285266,0.24768291
0.43720001,-0.021302531,0.24939531
0.4373,-0.014025738,0.25088039
0.43740001,-0.0067033875,0.25213659
0.4375,0.00065730832,0.25316256
0.43759999,0.0080490997,0.25395727
0.4377,0.015464705,0.25451982
0.43779999,0.022896821,0.25484955
0.43790001,0.030338125,0.25494608
0.43799999,0.037781291,0.2548092
0.43810001,0.045218978,0.254439
0.4382,0.052643869,0.25383574
0.43830001,0.060048643,0.25299993
0.4384,0.067426011,0.25193232
0.43849999,0.074768692,0.25063387
0.4386,0.082069471,0.2491058
0.43869999,0.089321136,0.2473495
0.43880001,0.096516557,0.24536663
0.43889999,0.10364864,0.24315909
0.43900001,0.11071035,0.24072894
0.4391,0.11769475,0.23807852
0.43920001,0.12459493,0.23521036
0.4393,0.13140412,0.23212719
0.43939999,0.1381156,0.22883196
0.4395,0.14472274,0.22532788
0.43959999,0.15121906,0.22161829
0.43970001,0.15759814,0.21770678
0.43979999,0.16385369,0.21359712
0.43990001,0.16997957,0.20929329
0.44,0.17596972,0.20479946
0.44010001,0.18181825,0.20011996
0.4402,0.1875194,0.19525933
0.44029999,0.19306755,0.19022229
0.4404,0.19845723,0.18501374
0.44049999,0.20368314,0.17963871
0.44060001,0.20874012,0.17410244
0.44069999,0.21362318,0.1684103
0.44080001,0.21832754,0.16256784
0.4409,0.22284853,0.15658072
0.44100001,0.22718172,0.15045477
0.4411,0.23132284,0.14419596
0.44119999,0.2352678,0.13781038
0.4413,0.23901272,0.13130425
0.44139999,0.2425539,0.1246839
0.44150001,0.24588789,0.1179558
0.44159999,0.24901137,0.11112648
0.44170001,0.25192127,0.10420261
0.4418,0.25461474,0.097190924
0.44190001,0.25708911,0.090098284
0.442,0.25934193,0.082931593
0.44209999,0.26137105,0.075697832
0.44220001,0.26317438,0.068404071
0.44229999,0.26475021,0.061057415
0.44240001,0.26609701,0.053665034
0.4425,0.26721337,0.046234138
0.44260001,0.26809826,0.03877198
0.4427,0.26875082,0.031285834
0.44279999,0.26917034,0.023783011
0.4429,0.26935649,0.016270829
0.44299999,0.26930904,0.0087566189
0.44310001,0.26902807,0.0012477119
0.44319999,0.26851383,-0.0062485654
0.44330001,0.26776686,-0.013724898
0.4434,0.26678789,-0.021173991
0.44350001,0.26557788,-0.028588578
0.4436,0.26413801,-0.035961423
0.44369999,0.26246977,-0.043285336
0.4438,0.26057476,-0.050553173
0.44389999,0.25845486,-0.057757843
0.44400001,0.25611216,-0.064892322
0.44409999,0.25354895,-0.071949646
0.44420001,0.25076783,-0.078922942
0.4443,0.24777147,-0.085805401
0.44440001,0.24456288,-0.092590332
0.4445,0.24114521,-0.099271104
0.44459999,0.23752184,-0.10584122
0.4447,0.23369633,-0.11229427
0.44479999,0.22967246,-0.11862398
0.44490001,0.22545421,-0.12482417
0.44499999,0.22104575,-0.13088883
0.44510001,0.21645141,-0.13681203
0.4452,0.21167572,-0.14258803
0.44530001,0.20672342,-0.1482112
0.4454,0.20159937,-0.15367608
0.44549999,0.19630864,-0.15897734
0.4456,0.19085646,-0.16410987
0.44569999,0.18524817,-0.16906865
0.44580001,0.17948933,-0.1738489
0.44589999,0.17358562,-0.17844597
0.44600001,0.16754287,-0.1828554
0.4461,0.16136703,-0.18707293
0.44620001,0.15506418,-0.19109447
0.4463,0.14864056,-0.19491616
0.44639999,0.14210249,-0.19853428
0.4465,0.13545643,-0.20194536
0.44659999,0.12870893,-0.20514612
0.44670001,0.12186664,-0.20813346
0.44679999,0.11493631,-0.21090454
0.44690001,0.10792477,-0.21345669
0.447,0.10083895,-0.21578749
0.44710001,0.093685828,-0.2178947
0.4472,0.086472459,-0.21977635
0.44729999,0.07920596,-0.22143064
0.4474,0.071893483,-0.22285603
0.44749999,0.064542256,-0.22405119
0.44760001,0.057159517,-0.22501504
0.44769999,0.049752548,-0.22574669
0.44780001,0.042328652,-0.22624551
0.4479,0.034895144,-0.22651108
0.44800001,0.027459363,-0.22654322
0.4481,0.020028632,-0.22634198
0.44819999,0.012610278,-0.22590765
0.4483,0.0052116159,-0.22524074
0.44839999,-0.0021600609,-0.22434197
0.44850001,-0.0094974861,-0.22321233
0.44859999,-0.016793428,-0.221853
0.44870001,-0.024040692,-0.2202654
0.4488,-0.031232137,-0.2184512
0.44890001,-0.038360674,-0.21641225
0.449,-0.045419276,-0.21415064
0.44909999,-0.052400991,-0.2116687
0.4492,-0.059298933,-0.20896895
0.44929999,-0.066106305,-0.20605412
0.44940001,-0.072816402,-0.2029272
0.44949999,-0.079422608,-0.19959132
0.44960001,-0.085918419,-0.19604987
0.4497,-0.092297427,-0.19230643
0.44980001,-0.098553352,-0.18836476
0.4499,-0.10468003,-0.18422882
0.44999999,-0.11067143,-0.17990281
0.4501,-0.11652165,-0.17539105
0.45019999,-0.12222492,-0.17069806
0.45030001,-0.12777562,-0.16582857
0.45039999,-0.1331683,-0.16078746
0.45050001,-0.13839763,-0.15557979
0.4506,-0.14345849,-0.15021077
0.45070001,-0.14834587,-0.14468578
0.4508,-0.15305497,-0.13901034
0.45089999,-0.15758115,-0.13319014
0.45100001,-0.16191997,-0.12723102
0.45109999,-0.16606712,-0.12113889
0.45120001,-0.17001858,-0.11491989
0.4513,-0.17377043,-0.1085802
0.45140001,-0.17731898,-0.10212617
0.4515,-0.18066074,-0.095564246
0.45159999,-0.18379243,-0.088900983
0.4517,-0.18671098,-0.082143031
0.45179999,-0.18941352,-0.07529714
0.45190001,-0.19189739,-0.068370141
0.45199999,-0.19416015,-0.061368939
0.45210001,-0.1961996,-0.054300532
0.4522,-0.19801372,-0.047171969
0.45230001,-0.19960074,-0.039990358
0.4524,-0.20095913,-0.03276287
0.45249999,-0.20208752,-0.025496708
0.4526,-0.20298485,-0.018199123
0.45269999,-0.20365025,-0.010877391
0.45280001,-0.20408306,-0.003538816
0.45289999,-0.20428285,0.0038092851
0.45300001,-0.20424949,0.011159584
0.4531,-0.20398298,0.01850475
0.45320001,-0.20348363,0.025837461
0.4533,-0.20275192,0.033150401
0.45339999,-0.20178862,0.040436279
0.4535,-0.20059468,0.047687829
0.45359999,-0.19917129,0.054897819
0.45370001,-0.19751988,0.062059056
0.45379999,-0.1956421,0.069164403
0.45390001,-0.19353981,0.076206759
0.454,-0.1912151,0.083179116
0.45410001,-0.18867029,0.090074509
0.4542,-0.1859079,0.096886061
0.45429999,-0.18293068,0.10360697
0.4544,-0.17974158,0.11023053
0.45449999,-0.17634377,0.11675013
0.45460001,-0.17274062,0.12315927
0.45469999,-0.1689357,0.12945153
0.45480001,-0.16493279,0.13562064
0.4549,-0.16073585,0.14166044
0.45500001,-0.15634903,0.14756489
0.4551,-0.15177672,0.15332808
0.45519999,-0.14702339,0.15894425
0.4553,-0.14209381,0.1644078
0.45539999,-0.13699281,0.16971324
0.45550001,-0.13172549,0.17485529
0.45559999,-0.12629703,0.17982878
0.45570001,-0.12071282,0.18462873
0.4558,-0.1149784,0.18925032
0.45590001,-0.10909944,0.19368893
0.456,-0.10308176,0.19794011
0.45609999,-0.096931316,0.20199957
0.4562,-0.090654209,0.20586325
0.45629999,-0.084256642,0.20952727
0.45640001,-0.077744953,0.2129879
0.45649999,-0.071125597,0.2162417
0.45660001,-0.064405106,0.21928535
0.4567,-0.057590157,0.22211578
0.45680001,-0.050687481,0.22473015
0.4569,-0.043703917,0.22712578
0.45699999,-0.036646377,0.22930023
0.4571,-0.029521845,0.2312513
0.45719999,-0.022337377,0.23297697
0.45730001,-0.015100081,0.23447548
0.45739999,-0.007817124,0.23574528
0.45750001,-0.00049571501,0.23678504
0.4576,0.0068569002,0.23759365
0.45770001,0.014233442,0.23817027
0.4578,0.021626608,0.23851421
0.45789999,0.029029083,0.23862511
0.458,0.036433533,0.23850276
0.45809999,0.043832634,0.2381472
0.45820001,0.051219057,0.23755872
0.45829999,0.058585491,0.23673785
0.45840001,0.065924644,0.23568529
0.4585,0.073229246,0.23440205
0.45860001,0.080492072,0.23288928
0.4587,0.087705918,0.23114842
0.45879999,0.094863661,0.22918113
0.4589,0.10195819,0.22698925
0.45899999,0.1089825,0.22457491
0.45910001,0.11592962,0.2219404
0.45919999,0.12279268,0.21908824
0.45930001,0.12956487,0.21602118
0.4594,0.13623948,0.21274219
0.45950001,0.14280993,0.20925441
0.4596,0.14926969,0.20556125
0.45969999,0.15561233,0.20166624
0.4598,0.16183162,0.19757318
0.45989999,0.16792136,0.19328603
0.46000001,0.17387553,0.18880895
0.4601,0.17968822,0.18414629
0.46020001,0.18535367,0.17930257
0.4603,0.19086626,0.17428254
0.46039999,0.19622053,0.16909103
0.4605,0.20141117,0.16373312
0.46059999,0.20643303,0.15821403
0.46070001,0.21128112,0.15253913
0.46079999,0.21595062,0.14671396
0.46090001,0.22043693,0.14074418
0.461,0.22473557,0.13463563
0.46110001,0.22884227,0.12839426
0.4612,0.23275296,0.12202617
0.46129999,0.23646376,0.11553756
0.4614,0.23997095,0.10893477
0.46149999,0.24327107,0.10222426
0.46160001,0.24636082,0.095412567
0.46169999,0.24923712,0.088506348
0.46180001,0.25189713,0.081512347
0.4619,0.25433818,0.07443741
0.46200001,0.25655779,0.067288436
0.4621,0.2585538,0.060072418
0.46219999,0.26032421,0.052796412
0.4623,0.26186723,0.045467522
0.46239999,0.26318127,0.038092919
0.46250001,0.26426506,0.030679811
0.46259999,0.26511747,0.023235442
0.46270001,0.26573765,0.015767094
0.4628,0.26612493,0.0082820691
0.46290001,0.26627892,0.00078768528
0.463,0.26619944,-0.0067087291
0.46309999,0.26588652,-0.014199844
0.4632,0.26534045,-0.021678332
0.46329999,0.26456174,-0.029136885
0.46340001,0.26355112,-0.036568206
0.46349999,0.26230955,-0.04396503
0.46360001,0.26083827,-0.051320124
0.4637,0.25913864,-0.058626298
0.46380001,0.25721234,-0.065876402
0.4639,0.25506124,-0.073063359
0.46399999,0.25268739,-0.080180138
0.4641,0.25009316,-0.087219782
0.46419999,0.24728106,-0.094175413
0.46430001,0.24425381,-0.10104023
0.46439999,0.24101439,-0.10780752
0.46450001,0.23756595,-0.11447068
0.4646,0.23391186,-0.12102321
0.46470001,0.2300557,-0.12745868
0.4648,0.22600125,-0.13377084
0.46489999,0.22175246,-0.13995349
0.465,0.2173135,-0.14600062
0.46509999,0.21268873,-0.15190633
0.46520001,0.20788264,-0.15766484
0.46529999,0.20289999,-0.16327055
0.46540001,0.19774562,-0.16871797
0.4655,0.19242461,-0.17400181
0.46560001,0.18694218,-0.17911692
0.4657,0.18130368,-0.18405831
0.46579999,0.17551465,-0.18882117
0.4659,0.16958079,-0.19340086
0.46599999,0.16350789,-0.19779293
0.46610001,0.15730192,-0.20199312
0.46619999,0.15096897,-0.20599733
0.46630001,0.14451526,-0.20980169
0.4664,0.13794711,-0.21340249
0.46650001,0.13127099,-0.21679626
0.4666,0.12449342,-0.21997972
0.46669999,0.11762107,-0.22294976
0.4668,0.11066069,-0.22570354
0.46689999,0.10361911,-0.22823839
0.46700001,0.096503228,-0.23055188
0.46709999,0.089320041,-0.2326418
0.46720001,0.082076609,-0.23450613
0.4673,0.074780032,-0.23614311
0.46740001,0.06743747,-0.23755117
0.4675,0.060056143,-0.238729
0.46759999,0.052643288,-0.23967549
0.4677,0.045206189,-0.24038978
0.46779999,0.037752148,-0.24087121
0.46790001,0.030288476,-0.24111938
0.46799999,0.022822507,-0.24113409
0.46810001,0.015361566,-0.24091542
0.4682,0.0079129804,-0.24046361
0.46830001,0.00048406047,-0.23977919
0.4684,-0.0069179004,-0.23886289
0.46849999,-0.014285637,-0.23771568
0.4686,-0.021611918,-0.23633873
0.46869999,-0.028889552,-0.23473349
0.46880001,-0.036111396,-0.2329016
0.4689,-0.043270364,-0.23084491
0.46900001,-0.050359432,-0.22856553
0.4691,-0.057371639,-0.22606574
0.46919999,-0.064300112,-0.22334811
0.4693,-0.071138047,-0.22041534
0.46939999,-0.077878736,-0.2172704
0.46950001,-0.084515572,-0.21391647
0.46959999,-0.091042049,-0.21035689
0.46970001,-0.097451754,-0.20659526
0.4698,-0.10373842,-0.20263532
0.46990001,-0.10989587,-0.19848105
0.47,-0.11591807,-0.19413662
0.47009999,-0.12179913,-0.18960637
0.4702,-0.12753327,-0.18489482
0.47029999,-0.13311487,-0.18000667
0.47040001,-0.13853849,-0.17494683
0.47049999,-0.1437988,-0.16972032
0.47060001,-0.14889066,-0.16433237
0.4707,-0.15380907,-0.15878835
0.47080001,-0.15854923,-0.15309381
0.4709,-0.16310652,-0.14725439
0.47099999,-0.16747645,-0.14127594
0.4711,-0.17165478,-0.13516439
0.47119999,-0.17563739,-0.12892586
0.47130001,-0.17942044,-0.12256652
0.47139999,-0.18300022,-0.11609274
0.47150001,-0.18637323,-0.10951094
0.4716,-0.1895362,-0.10282768
0.47170001,-0.19248603,-0.096049622
0.4718,-0.19521987,-0.089183494
0.47189999,-0.19773506,-0.082236126
0.472,-0.20002915,-0.075214438
0.47209999,-0.20209995,-0.068125412
0.47220001,-0.20394543,-0.060976095
0.47229999,-0.20556381,-0.053773597
0.47240001,-0.20695356,-0.046525083
0.4725,-0.20811333,-0.03923776
0.47260001,-0.20904203,-0.031918872
0.4727,-0.20973879,-0.024575695
0.47279999,-0.21020296,-0.017215529
0.4729,-0.21043412,-0.0098456927
0.47299999,-0.2104321,-0.0024735101
0.47310001,-0.21019694,0.0048936894
0.47319999,-0.20972891,0.012248583
0.47330001,-0.20902853,0.01958386
0.4734,-0.2080965,0.026892228
0.47350001,-0.20693383,0.034166422
0.4736,-0.20554169,0.041399214
0.47369999,-0.2039215,0.048583411
0.4738,-0.20207489,0.055711873
0.47389999,-0.20000374,0.062777512
0.47400001,-0.19771014,0.069773309
0.47409999,-0.19519641,0.076692298
0.47420001,-0.19246504,0.08352761
0.4743,-0.18951879,0.090272442
0.47440001,-0.18636063,0.096920088
0.4745,-0.1829937,0.10346394
0.47459999,-0.17942135,0.10989749
0.4747,-0.1756472,0.11621433
0.47479999,-0.17167497,0.12240818
0.47490001,-0.16750866,0.12847288
0.47499999,-0.16315241,0.13440239
0.47510001,-0.15861057,0.14019082
0.4752,-0.15388766,0.14583239
0.47530001,-0.1489884,0.1513215
0.4754,-0.14391765,0.15665267
0.47549999,-0.13868047,0.16182061
0.4756,-0.13328208,0.16682012
0.47569999,-0.12772785,0.17164628
0.47580001,-0.12202331,0.17629425
0.47589999,-0.11617412,0.18075939
0.47600001,-0.11018611,0.18503726
0.4761,-0.10406524,0.18912356
0.47620001,-0.097817585,0.19301423
0.4763,-0.091449365,0.19670539
0.47639999,-0.084966905,0.20019333
0.4765,-0.078376651,0.20347457
0.47659999,-0.07168515,0.20654583
0.47670001,-0.064899057,0.20940402
0.47679999,-0.058025111,0.21204627
0.47690001,-0.051070143,0.21446992
0.477,-0.044041067,0.21667257
0.47710001,-0.036944862,0.21865195
0.4772,-0.029788578,0.22040609
0.47729999,-0.022579325,0.22193319
0.4774,-0.015324266,0.2232317
0.47749999,-0.0080306046,0.22430031
0.47760001,-0.00070558721,0.2251379
0.4777,0.0066435104,0.22574362
0.47780001,0.014009389,0.22611681
0.4779,0.021384733,0.22625704
0.47799999,0.028762214,0.22616415
0.4781,0.036134508,0.22583817
0.47819999,0.043494288,0.22527938
0.47830001,0.050834246,0.22448829
0.47839999,0.058147091,0.22346564
0.47850001,0.06542556,0.22221237
0.4786,0.072662413,0.22072971
0.47870001,0.079850473,0.21901904
0.4788,0.086982593,0.21708204
0.47889999,0.094051689,0.21492054
0.479,0.10105073,0.21253663
0.47909999,0.10797277,0.20993266
0.47920001,0.11481092,0.20711111
0.47929999,0.12155839,0.20407474
0.47940001,0.12820847,0.20082651
0.4795,0.13475455,0.19736956
0.47960001,0.14119014,0.19370727
0.4797,0.1475088,0.18984321
0.47979999,0.15370429,0.18578115
0.4799,0.1597704,0.18152505
0.47999999,0.16570114,0.17707908
0.48010001,0.17149056,0.17244756
0.48019999,0.17713295,0.16763504
0.48030001,0.18262267,0.16264622
0.4804,0.18795425,0.15748598
0.48050001,0.19312237,0.15215936
0.4806,0.19812191,0.14667159
0.48069999,0.20294785,0.14102803
0.4808,0.20759541,0.13523422
0.48089999,0.21205993,0.12929583
0.48100001,0.21633697,0.12321867
0.48109999,0.22042227,0.11700871
0.48120001,0.22431171,0.11067202
0.4813,0.22800145,0.10421482
0.48140001,0.23148775,0.09764345
0.4815,0.23476717,0.09096434
0.48159999,0.23783638,0.084184051
0.4817,0.24069232,0.077309221
0.48179999,0.24333213,0.070346601
0.48190001,0.24575314,0.063303024
0.48199999,0.24795292,0.056185398
0.48210001,0.24992925,0.049000703
0.4822,0.25168014,0.041755993
0.48230001,0.25320375,0.034458376
0.4824,0.2544986,0.027115012
0.48249999,0.25556335,0.01973311
0.4826,0.25639686,0.012319915
0.48269999,0.25699827,0.0048827035
0.48280001,0.25736699,-0.0025712259
0.48289999,0.2575025,-0.010034556
0.48300001,0.25740471,-0.017499959
0.4831,0.25707364,-0.02496011
0.48320001,0.25650954,-0.032407682
0.4833,0.25571293,-0.039835371
0.48339999,0.25468457,-0.047235876
0.4835,0.25342539,-0.054601938
0.48359999,0.25193658,-0.061926328
0.48370001,0.25021958,-0.069201849
0.48379999,0.24827603,-0.076421365
0.48390001,0.24610777,-0.083577789
0.484,0.24371693,-0.090664089
0.48410001,0.24110578,-0.097673327
0.4842,0.23827687,-0.1045986
0.48429999,0.23523293,-0.11143313
0.4844,0.23197691,-0.1181702
0.48449999,0.22851197,-0.1248032
0.48460001,0.22484149,-0.13132563
0.48469999,0.22096904,-0.13773108
0.48480001,0.21689837,-0.14401326
0.4849,0.21263345,-0.15016602
0.48500001,0.20817845,-0.15618332
0.4851,0.2035377,-0.16205925
0.48519999,0.19871573,-0.16778806
0.4853,0.19371727,-0.17336412
0.48539999,0.18854716,-0.17878197
0.48550001,0.18321048,-0.18403631
0.48559999,0.17771243,-0.18912198
0.48570001,0.17205837,-0.19403398
0.4858,0.16625386,-0.19876751
0.48590001,0.16030456,-0.20331796
0.486,0.15421629,-0.20768084
0.48609999,0.14799498,-0.21185188
0.4862,0.14164676,-0.215827
0.48629999,0.13517779,-0.21960235
0.48640001,0.12859446,-0.22317418
0.48649999,0.12190316,-0.22653905
0.48660001,0.11511047,-0.22969364
0.4867,0.10822303,-0.23263487
0.48679999,0.10124759,-0.23535989
0.4869,0.094190963,-0.23786604
0.48699999,0.087060079,-0.24015087
0.48710001,0.079861917,-0.24221218
0.48719999,0.072603516,-0.24404792
0.48730001,0.065291993,-0.24565637
0.4874,0.057934504,-0.24703594
0.48750001,0.050538264,-0.24818531
0.4876,0.043110512,-0.24910338
0.48769999,0.035658523,-0.24978927
0.4878,0.028189598,-0.25024232
0.48789999,0.020711053,-0.25046217
0.48800001,0.013230216,-0.25044858
0.48809999,0.0057544103,-0.25020161
0.48820001,-0.0017090378,-0.24972153
0.4883,-0.0091528194,-0.24900885
0.48840001,-0.016569642,-0.24806431
0.4885,-0.023952244,-0.24688888
0.48859999,-0.031293392,-0.24548371
0.4887,-0.038585898,-0.24385028
0.48879999,-0.045822617,-0.24199016
0.48890001,-0.052996468,-0.23990527
0.48899999,-0.060100425,-0.23759767
0.48910001,-0.067127526,-0.23506969
0.4892,-0.074070908,-0.23232383
0.48930001,-0.080923751,-0.22936283
0.4894,-0.087679371,-0.22618966
0.48949999,-0.094331138,-0.22280745
0.4896,-0.10087255,-0.2192196
0.48969999,-0.10729722,-0.21542966
0.48980001,-0.11359885,-0.2114414
0.48989999,-0.11977126,-0.20725878
0.49000001,-0.12580845,-0.20288596
0.4901,-0.13170449,-0.19832729
0.49020001,-0.13745365,-0.19358727
0.4903,-0.14305027,-0.18867064
0.49039999,-0.14848891,-0.18358226
0.4905,-0.15376425,-0.17832717
0.49059999,-0.15887113,-0.17291059
0.49070001,-0.16380459,-0.16733789
0.49079999,-0.1685598,-0.16161461
0.49090001,-0.17313212,-0.15574642
0.491,-0.17751712,-0.1497391
0.49110001,-0.1817105,-0.14359865
0.4912,-0.18570819,-0.13733113
0.49129999,-0.18950629,-0.13094276
0.4914,-0.19310112,-0.12443986
0.49149999,-0.1964892,-0.11782888
0.49160001,-0.19966722,-0.11111636
0.49169999,-0.2026321,-0.10430896
0.49180001,-0.20538098,-0.097413413
0.4919,-0.20791119,-0.090436548
0.49200001,-0.21022031,-0.083385281
0.4921,-0.2123061,-0.076266587
0.49219999,-0.21416657,-0.069087513
0.4923,-0.21579994,-0.061855167
0.49239999,-0.21720463,-0.054576714
0.49250001,-0.21837935,-0.047259353
0.49259999,-0.21932295,-0.039910335
0.49270001,-0.2200346,-0.032536928
0.4928,-0.22051363,-0.025146432
0.49290001,-0.22075962,-0.017746164
0.493,-0.22077239,-0.010343445
0.49309999,-0.22055197,-0.0029456045
0.4932,-0.22009866,0.0044400361
0.49329999,-0.21941294,0.011806168
0.49340001,-0.21849555,0.0191455
0.49349999,-0.21734746,0.02645077
0.49360001,-0.21596985,0.033714749
0.4937,-0.21436414,0.040930245
0.49380001,-0.21253195,0.048090119
0.4939,-0.21047518,0.055187289
0.49399999,-0.20819588,0.062214725
0.4941,-0.20569639,0.069165476
0.49419999,-0.20297919,0.076032661
0.49430001,-0.20004705,0.082809485
0.49439999,-0.19690292,0.089489244
0.49450001,-0.19354993,0.09606532
0.4946,-0.18999146,0.10253121
0.49470001,-0.18623109,0.10888052
0.4948,-0.18227257,0.11510696
0.49489999,-0.17811987,0.12120435
0.495,-0.17377713,0.12716669
0.49509999,-0.16924872,0.13298805
0.49520001,-0.16453913,0.13866268
0.49529999,-0.15965308,0.14418496
0.49540001,-0.15459545,0.14954942
0.4955,-0.14937128,0.15475075
0.49559999,-0.14398579,0.1597838
0.4957,-0.13844433,0.16464359
0.49579999,-0.13275245,0.16932529
0.49590001,-0.1269158,0.1738243
0.49599999,-0.12094021,0.17813613
0.49610001,-0.11483162,0.1822565
0.4962,-0.10859612,0.18618137
0.49630001,-0.10223991,0.18990681
0.4964,-0.095769338,0.19342916
0.49649999,-0.089190826,0.1967449
0.4966,-0.082510926,0.19985075
0.49669999,-0.075736284,0.20274365
0.49680001,-0.068873644,0.2054207
0.49689999,-0.061929829,0.20787926
0.49700001,-0.054911751,0.21011688
0.4971,-0.047826387,0.21213135
0.49720001,-0.040680785,0.21392065
0.4973,-0.033482052,0.21548301
0.49739999,-0.026237346,0.21681687
0.4975,-0.018953873,0.21792091
0.49759999,-0.011638874,0.218794
0.49770001,-0.004299623,0.2194353
0.49779999,0.0030565837,0.21984413
0.49790001,0.010422431,0.22002009
0.498,0.017790595,0.21996298
0.49810001,0.025153751,0.21967287
0.4982,0.032504577,0.21915001
0.49829999,0.039835762,0.21839489
0.4984,0.047140021,0.21740827
0.49849999,0.054410093,0.2161911
0.49860001,0.061638739,0.21474457
0.49869999,0.068818778,0.21307008
0.49880001,0.075943075,0.21116929
0.4989,0.083004534,0.20904405
0.49900001,0.089996137,0.20669645
0.4991,0.096910931,0.2041288
0.49919999,0.10374203,0.20134361
0.4993,0.11048266,0.19834362
0.49939999,0.11712608,0.19513179
0.49950001,0.12366571,0.19171126
0.49959999,0.13009503,0.18808541
0.49970001,0.13640764,0.18425779
0.4998,0.14259726,0.18023217
0.49990001,0.14865772,0.17601253
0.5,0.15458299,0.17160299
0.50010002,0.16036718,0.16700792
0.50019997,0.16600449,0.16223185
0.50029999,0.17148934,0.15727945
0.50040001,0.17681627,0.15215561
0.50050002,0.18197992,0.14686538
0.50059998,0.1869752,0.14141397
0.5007,0.19179708,0.13580675
0.50080001,0.19644076,0.13004924
0.50089997,0.20090161,0.12414712
0.50099999,0.20517518,0.11810619
0.5011,0.20925719,0.11193242
0.50120002,0.21314354,0.10563187
0.50129998,0.21683036,0.099210776
0.50139999,0.22031397,0.092675447
0.50150001,0.22359084,0.086032324
0.50160003,0.22665772,0.079287961
0.50169998,0.22951151,0.072448999
0.5018,0.23214935,0.065522179
0.50190002,0.23456857,0.058514334
0.50199997,0.23676673,0.051432367
0.50209999,0.23874162,0.044283256
0.50220001,0.24049123,0.037074052
0.50230002,0.24201377,0.029811859
0.50239998,0.24330769,0.022503838
0.5025,0.24437167,0.015157191
0.50260001,0.2452046,0.0077791619
0.50269997,0.24580559,0.00037702391
0.50279999,0.24617401,-0.0070419256
0.5029,0.24630944,-0.014470372
0.50300002,0.24621169,-0.021900993
0.50309998,0.2458808,-0.029326459
0.50319999,0.24531704,-0.036739454
0.50330001,0.24452092,-0.044132665
0.50340003,0.24349317,-0.051498804
0.50349998,0.24223475,-0.058830611
0.5036,0.24074684,-0.066120848
0.50370002,0.23903088,-0.073362343
0.50379997,0.23708847,-0.080547936
0.50389999,0.23492151,-0.087670557
0.50400001,0.23253207,-0.094723172
0.50410002,0.22992246,-0.10169883
0.50419998,0.22709519,-0.10859066
0.5043,0.224053,-0.11539186
0.50440001,0.22079884,-0.12209572
0.50449997,0.21733586,-0.12869564
0.50459999,0.21366744,-0.13518509
0.50470001,0.20979714,-0.14155769
0.50480002,0.20572872,-0.14780717
0.50489998,0.20146616,-0.15392733
0.505,0.19701359,-0.15991215
0.50510001,0.19237536,-0.16575573
0.50520003,0.187556,-0.17145231
0.50529999,0.18256021,-0.17699628
0.5054,0.17739286,-0.18238215
0.50550002,0.17205898,-0.18760464
0.50559998,0.16656382,-0.19265856
0.50569999,0.16091272,-0.19753896
0.50580001,0.15511122,-0.202241
0.50590003,0.14916497,-0.20676008
0.50599998,0.14307982,-0.2110917
0.5061,0.13686168,-0.21523163
0.50620002,0.13051666,-0.21917574
0.50629997,0.12405097,-0.22292018
0.50639999,0.11747092,-0.22646123
0.50650001,0.11078297,-0.22979543
0.50660002,0.10399365,-0.23291945
0.50669998,0.097109608,-0.23583025
0.5068,0.090137593,-0.23852493
0.50690001,0.083084427,-0.24100085
0.50700003,0.075957023,-0.24325554
0.50709999,0.068762355,-0.24528682
0.5072,0.061507471,-0.24709265
0.50730002,0.05419948,-0.24867126
0.50739998,0.046845537,-0.2500211
0.50749999,0.039452851,-0.25114086
0.50760001,0.03202866,-0.25202939
0.50770003,0.024580242,-0.25268582
0.50779998,0.017114891,-0.25310951
0.5079,0.0096399197,-0.25330007
0.50800002,0.002162656,-0.25325727
0.50809997,-0.0053095766,-0.25298119
0.50819999,-0.012769457,-0.25247207
0.50830001,-0.020209676,-0.25173044
0.50840002,-0.027622942,-0.25075701
0.50849998,-0.035001997,-0.24955273
0.5086,-0.042339608,-0.24811882
0.50870001,-0.049628586,-0.24645667
0.50880003,-0.056861792,-0.24456792
0.50889999,-0.064032145,-0.24245445
0.509,-0.071132615,-0.24011832
0.50910002,-0.078156248,-0.23756185
0.50919998,-0.085096173,-0.23478757
0.50929999,-0.091945581,-0.23179819
0.50940001,-0.098697774,-0.22859667
0.50950003,-0.10534614,-0.22518617
0.50959998,-0.11188418,-0.22157004
0.5097,-0.11830547,-0.21775186
0.50980002,-0.12460376,-0.2137354
0.50989997,-0.13077284,-0.2095246
0.50999999,-0.13680673,-0.20512363
0.51010001,-0.14269948,-0.20053682
0.51020002,-0.14844535,-0.19576868
0.51029998,-0.15403873,-0.19082394
0.5104,-0.15947412,-0.18570746
0.51050001,-0.16474624,-0.18042429
0.51059997,-0.16984993,-0.17497963
0.51069999,-0.1747802,-0.16937886
0.5108,-0.17953224,-0.16362749
0.51090002,-0.18410142,-0.15773121
0.51099998,-0.18848325,-0.1516958
0.51109999,-0.1926735,-0.14552724
0.51120001,-0.19666807,-0.13923161
0.51130003,-0.20046307,-0.13281511
0.51139998,-0.2040548,-0.12628406
0.5115,-0.20743977,-0.11964492
0.51160002,-0.2106147,-0.11290421
0.51169997,-0.21357648,-0.10606859
0.51179999,-0.21632227,-0.099144801
0.51190001,-0.21884941,-0.092139661
0.51200002,-0.22115543,-0.085060082
0.51209998,-0.22323814,-0.077913046
0.5122,-0.22509551,-0.070705585
0.51230001,-0.22672577,-0.063444823
0.51239997,-0.22812735,-0.056137905
0.51249999,-0.22929893,-0.048792038
0.5126,-0.23023941,-0.041414462
0.51270002,-0.23094788,-0.034012455
0.51279998,-0.23142372,-0.026593307
0.51289999,-0.23166652,-0.019164335
0.51300001,-0.23167606,-0.01173286
0.51310003,-0.23145239,-0.0043062093
0.51319999,-0.2309958,0.0031082991
0.5133,-0.23030677,0.010503356
0.51340002,-0.22938603,0.017871672
0.51349998,-0.22823456,0.025205988
0.51359999,-0.22685352,0.032499071
0.51370001,-0.22524433,0.039743736
0.51380002,-0.22340864,0.046932843
0.51389998,-0.2213483,0.054059308
0.514,-0.21906538,0.061116107
0.51410002,-0.21656221,0.06809628
0.51419997,-0.21384129,0.074992962
0.51429999,-0.21090534,0.081799351
0.51440001,-0.20775735,0.08850874
0.51450002,-0.20440044,0.095114514
0.51459998,-0.20083798,0.10161017
0.5147,-0.19707353,0.1079893
0.51480001,-0.19311087,0.11424565
0.51490003,-0.18895394,0.12037301
0.51499999,-0.18460689,0.12636538
0.5151,-0.18007408,0.13221684
0.51520002,-0.17536001,0.13792165
0.51529998,-0.17046939,0.14347416
0.51539999,-0.16540709,0.14886892
0.51550001,-0.16017814,0.15410063
0.51560003,-0.15478778,0.1591641
0.51569998,-0.14924134,0.16405439
0.5158,-0.14354436,0.16876666
0.51590002,-0.13770252,0.17329627
0.51599997,-0.13172162,0.17763878
0.51609999,-0.12560759,0.1817899
0.51620001,-0.11936654,0.18574557
0.51630002,-0.11300467,0.18950187
0.51639998,-0.10652829,0.19305512
0.5165,-0.099943854,0.19640182
0.51660001,-0.093257897,0.19953869
0.51670003,-0.086477064,0.20246264
0.51679999,-0.07960809,0.20517081
0.5169,-0.072657809,0.20766053
0.51700002,-0.065633126,0.20992935
0.51709998,-0.058541004,0.21197505
0.51719999,-0.051388502,0.21379563
0.51730001,-0.044182718,0.21538931
0.51740003,-0.036930811,0.21675453
0.51749998,-0.029639982,0.21788993
0.5176,-0.022317471,0.21879445
0.51770002,-0.014970548,0.21946718
0.51779997,-0.007606511,0.21990746
0.51789999,-0.00023267062,0.2201149
0.51800001,0.0071436507,0.2200893
0.51810002,0.01451513,0.21983069
0.51819998,0.021874446,0.21933934
0.5183,0.029214293,0.21861577
0.51840001,0.036527384,0.21766068
0.51849997,0.043806456,0.21647504
0.51859999,0.051044282,0.21506004
0.5187,0.058233671,0.2134171
0.51880002,0.06536749,0.21154784
0.51889998,0.072438657,0.2094541
0.51899999,0.079440147,0.207138
0.51910001,0.086364999,0.20460184
0.51920003,0.093206346,0.2018481
0.51929998,0.099957384,0.19887955
0.5194,0.10661142,0.19569913
0.51950002,0.11316183,0.19230996
0.51959997,0.11960211,0.18871544
0.51969999,0.12592587,0.18491913
0.51980001,0.13212682,0.18092477
0.51990002,0.13819879,0.17673633
0.51999998,0.14413576,0.17235796
0.5201,0.14993182,0.16779399
0.52020001,0.15558121,0.16304895
0.52029997,0.16107829,0.15812753
0.52039999,0.16641763,0.15303461
0.5205,0.17159389,0.14777523
0.52060002,0.17660193,0.14235461
0.52069998,0.18143678,0.13677809
0.52079999,0.18609358,0.1310512
0.52090001,0.19056775,0.1251796
0.52100003,0.1948548,0.11916913
0.52109998,0.19895045,0.11302572
0.5212,0.20285064,0.10675544
0.52130002,0.20655148,0.10036451
0.52139997,0.21004924,0.09385924
0.52149999,0.21334046,0.087246075
0.52160001,0.21642184,0.080531567
0.52170002,0.2192903,0.073722348
0.52179998,0.22194296,0.066825159
0.5219,0.22437717,0.059846818
0.52200001,0.22659048,0.05279424
0.52209997,0.22858067,0.045674399
0.52219999,0.23034573,0.038494334
0.5223,0.23188387,0.03126115
0.52240002,0.23319355,0.023982007
0.52249998,0.23427342,0.016664105
0.5226,0.23512238,0.0093146805
0.52270001,0.23573956,0.0019410073
0.52280003,0.23612429,-0.0054496196
0.52289999,0.23627616,-0.012849889
0.523,0.23619498,-0.020252479
0.52310002,0.23588079,-0.027650068
0.52319998,0.23533386,-0.035035335
0.52329999,0.23455469,-0.042400971
0.52340001,0.23354401,-0.049739692
0.52350003,0.23230277,-0.057044238
0.52359998,0.23083214,-0.064307377
0.5237,0.22913358,-0.071521923
0.52380002,0.22720867,-0.078680746
0.52389997,0.22505932,-0.085776746
0.52399999,0.22268757,-0.092802919
0.52410001,0.22009574,-0.099752292
0.52420002,0.21728635,-0.10661801
0.52429998,0.21426211,-0.11339326
0.5244,0.211026,-0.12007134
0.52450001,0.20758115,-0.12664565
0.52460003,0.20393093,-0.13310967
0.52469999,0.2000789,-0.13945702
0.5248,0.19602883,-0.14568138
0.52490002,0.19178465,-0.15177663
0.52499998,0.18735054,-0.1577367
0.52509999,0.18273082,-0.16355571
0.52520001,0.17793003,-0.16922788
0.52530003,0.17295285,-0.17474762
0.52539998,0.16780415,-0.18010944
0.5255,0.16248898,-0.18530802
0.52560002,0.15701254,-0.19033824
0.52569997,0.15138021,-0.19519508
0.52579999,0.1455975,-0.19987375
0.52590001,0.13967009,-0.2043696
0.52600002,0.13360377,-0.20867819
0.52609998,0.1274045,-0.21279523
0.5262,0.12107835,-0.21671663
0.52630001,0.11463154,-0.22043851
0.52640003,0.10807039,-0.22395718
0.52649999,0.10140134,-0.22726914
0.5266,0.094630919,-0.23037112
0.52670002,0.087765776,-0.23325999
0.52679998,0.080812663,-0.23593292
0.52689999,0.073778383,-0.23838724
0.52700001,0.066669852,-0.24062049
0.52710003,0.059494048,-0.24263047
0.52719998,0.052258011,-0.24441515
0.5273,0.044968847,-0.24597277
0.52740002,0.03763371,-0.24730174
0.52749997,0.030259803,-0.24840075
0.52759999,0.022854364,-0.2492687
0.52770001,0.015424665,-0.24990468
0.52780002,0.0079780016,-0.25030807
0.52789998,0.00052168523,-0.25047845
0.528,-0.0069369623,-0.25041559
0.52810001,-0.014390618,-0.25011957
0.52819997,-0.021831961,-0.24959064
0.52829999,-0.029253686,-0.24882929
0.5284,-0.036648504,-0.24783628
0.52850002,-0.044009157,-0.24661255
0.52859998,-0.051328413,-0.24515927
0.52869999,-0.058599088,-0.24347787
0.52880001,-0.065814041,-0.24156998
0.52890003,-0.072966196,-0.23943746
0.52899998,-0.080048516,-0.23708238
0.5291,-0.087054059,-0.23450705
0.52920002,-0.093975946,-0.231714
0.52929997,-0.10080738,-0.22870594
0.52939999,-0.10754165,-0.22548582
0.52950001,-0.11417215,-0.22205681
0.52960002,-0.12069238,-0.21842223
0.52969998,-0.12709592,-0.21458569
0.5298,-0.13337652,-0.21055093
0.52990001,-0.13952798,-0.2063219
0.52999997,-0.14554429,-0.20190276
0.53009999,-0.15141954,-0.19729784
0.5302,-0.15714796,-0.19251166
0.53030002,-0.16272393,-0.18754892
0.53039998,-0.16814201,-0.18241449
0.53049999,-0.17339684,-0.17711341
0.53060001,-0.17848331,-0.1716509
0.53070003,-0.18339641,-0.1660323
0.53079998,-0.18813136,-0.16026315
0.5309,-0.19268347,-0.15434912
0.53100002,-0.19704832,-0.148296
0.53109998,-0.20122163,-0.14210975
0.53119999,-0.20519932,-0.13579646
0.53130001,-0.20897746,-0.12936231
0.53140002,-0.21255241,-0.12281364
0.53149998,-0.21592064,-0.11615688
0.5316,-0.21907887,-0.10939858
0.53170002,-0.22202401,-0.10254537
0.53179997,-0.22475319,-0.095604002
0.53189999,-0.22726376,-0.088581286
0.53200001,-0.22955325,-0.081484139
0.53210002,-0.23161948,-0.074319519
0.53219998,-0.23346038,-0.06709449
0.5323,-0.23507422,-0.059816141
0.53240001,-0.23645942,-0.052491631
0.53250003,-0.23761463,-0.045128163
0.53259999,-0.23853877,-0.037732977
0.5327,-0.23923095,-0.030313341
0.53280002,-0.2396905,-0.02287655
0.53289998,-0.23991701,-0.015429914
0.53299999,-0.2399103,-0.0079807574
0.53310001,-0.23967041,-0.00053640152
0.53320003,-0.23919758,0.0068958346
0.53329998,-0.23849232,0.014308644
0.5334,-0.23755538,0.021694742
0.53350002,-0.23638768,0.029046863
0.53359997,-0.23499043,0.036357783
0.53369999,-0.23336503,0.043620318
0.53380001,-0.23151311,0.050827321
0.53390002,-0.22943653,0.057971716
0.53399998,-0.22713737,0.065046482
0.5341,-0.22461794,0.072044656
0.53420001,-0.22188073,0.078959368
0.53430003,-0.2189285,0.085783824
0.53439999,-0.21576418,0.092511319
0.5345,-0.21239091,0.099135235
0.53460002,-0.20881207,0.10564907
0.53469998,-0.20503122,0.11204642
0.53479999,-0.2010521,0.11832101
0.53490001,-0.19687867,0.12446667
0.53500003,-0.19251509,0.13047737
0.53509998,-0.18796569,0.13634719
0.5352,-0.18323497,0.14207038
0.53530002,-0.17832766,0.14764133
0.53539997,-0.17324862,0.15305457
0.53549999,-0.16800287,0.15830477
0.53560001,-0.16259563,0.16338679
0.53570002,-0.15703227,0.16829564
0.53579998,-0.1513183,0.17302652
0.5359,-0.14545937,0.17757475
0.53600001,-0.13946132,0.18193594
0.53609997,-0.13333008,0.18610574
0.53619999,-0.12707172,0.19008012
0.5363,-0.12069246,0.19385517
0.53640002,-0.11419861,0.19742718
0.53649998,-0.10759661,0.20079269
0.53659999,-0.10089299,0.20394836
0.53670001,-0.094094411,0.20689115
0.53680003,-0.087207593,0.20961815
0.53689998,-0.08023937,0.21212673
0.537,-0.073196635,0.21441443
0.53710002,-0.066086359,0.21647902
0.53719997,-0.058915596,0.21831849
0.53729999,-0.051691446,0.21993108
0.53740001,-0.044421058,0.22131519
0.53750002,-0.037111636,0.22246951
0.53759998,-0.029770413,0.22339292
0.5377,-0.022404663,0.22408456
0.53780001,-0.015021679,0.22454374
0.53789997,-0.0076287701,0.22477005
0.53799999,-0.00023325629,0.22476333
0.5381,0.0071575399,0.22452357
0.53820002,0.014536301,0.22405107
0.53829998,0.02189572,0.22334632
0.53839999,0.029228512,0.22241002
0.53850001,0.036527418,0.22124316
0.53860003,0.043785207,0.2198469
0.53869998,0.050994698,0.21822266
0.5388,0.058148753,0.21637206
0.53890002,0.065240286,0.21429697
0.53899997,0.07226228,0.21199945
0.53909999,0.079207771,0.20948181
0.53920001,0.086069897,0.20674658
0.53930002,0.092841856,0.20379645
0.53939998,0.099516943,0.20063441
0.5395,0.10608856,0.19726355
0.53960001,0.11255017,0.19368729
0.53969997,0.1188954,0.18990916
0.53979999,0.12511796,0.18593292
0.5399,0.1312117,0.18176252
0.54000002,0.13717055,0.17740211
0.54009998,0.14298864,0.17285602
0.5402,0.14866018,0.16812877
0.54030001,0.15417959,0.16322507
0.54040003,0.15954135,0.15814976
0.54049999,0.1647402,0.15290789
0.5406,0.16977096,0.14750469
0.54070002,0.17462865,0.14194548
0.54079998,0.17930844,0.1362358
0.54089999,0.18380572,0.13038132
0.54100001,0.18811601,0.12438782
0.54110003,0.19223505,0.11826128
0.54119998,0.19615874,0.11200774
0.5413,0.19988319,0.10563344
0.54140002,0.20340471,0.099144675
0.54149997,0.20671982,0.092547886
0.54159999,0.20982519,0.085849613
0.54170001,0.21271776,0.079056494
0.54180002,0.21539466,0.072175272
0.54189998,0.2178532,0.065212756
0.542,0.22009099,0.058175851
0.54210001,0.22210574,0.051071536
0.54220003,0.22389548,0.043906849
0.54229999,0.2254584,0.03668889
0.5424,0.22679296,0.029424815
0.54250002,0.22789781,0.022121821
0.54259998,0.22877185,0.014787145
0.54269999,0.22941419,0.0074280566
0.54280001,0.22982419,5.1848157e-05
0.54290003,0.2300014,-0.0073341713
0.54299998,0.22994566,-0.014722682
0.5431,0.22965699,-0.022106363
0.54320002,0.22913565,-0.029477896
0.54329997,0.22838214,-0.036829978
0.54339999,0.22739719,-0.044155322
0.54350001,0.22618176,-0.051446669
0.54360002,0.224737,-0.058696792
0.54369998,0.22306436,-0.065898508
0.5438,0.22116545,-0.073044673
0.54390001,0.21904212,-0.080128215
0.54400003,0.21669646,-0.08714211
0.54409999,0.21413076,-0.094079398
0.5442,0.21134755,-0.10093321
0.54430002,0.20834953,-0.10769675
0.54439998,0.20513967,-0.11436332
0.54449999,0.20172109,-0.1209263
0.54460001,0.19809717,-0.12737918
0.54470003,0.19427148,-0.13371557
0.54479998,0.19024773,-0.13992919
0.5449,0.18602993,-0.14601387
0.54500002,0.18162219,-0.15196358
0.54509997,0.17702885,-0.15777241
0.54519999,0.17225443,-0.16343461
0.54530001,0.16730362,-0.16894454
0.54540002,0.1621813,-0.17429675
0.54549998,0.15689249,-0.17948593
0.5456,0.15144242,-0.18450692
0.54570001,0.14583643,-0.18935473
0.54579997,0.14008003,-0.19402455
0.54589999,0.13417891,-0.19851175
0.546,0.12813886,-0.20281187
0.54610002,0.12196581,-0.20692061
0.54619998,0.11566587,-0.21083391
0.54629999,0.10924523,-0.21454787
0.54640001,0.10271019,-0.21805881
0.54650003,0.096067205,-0.2213632
0.54659998,0.089322813,-0.22445779
0.5467,0.082483649,-0.22733946
0.54680002,0.075556442,-0.23000534
0.54689997,0.068548024,-0.23245279
0.54699999,0.061465289,-0.23467934
0.54710001,0.054315213,-0.23668279
0.54720002,0.047104836,-0.23846111
0.54729998,0.039841261,-0.24001251
0.5474,0.032531638,-0.24133544
0.54750001,0.025183167,-0.24242856
0.54759997,0.017803086,-0.24329077
0.54769999,0.010398662,-0.24392116
0.5478,0.0029771884,-0.24431911
0.54790002,-0.0044540255,-0.24448419
0.54799998,-0.01188766,-0.24441618
0.54809999,-0.019316396,-0.24411514
0.54820001,-0.026732912,-0.24358134
0.54830003,-0.03412991,-0.24281526
0.54839998,-0.041500095,-0.24181762
0.5485,-0.048836216,-0.2405894
0.54860002,-0.056131043,-0.23913175
0.54869998,-0.063377395,-0.2374461
0.54879999,-0.070568129,-0.23553409
0.54890001,-0.077696159,-0.23339753
0.54900002,-0.084754482,-0.23103856
0.54909998,-0.091736123,-0.22845942
0.5492,-0.098634221,-0.22566265
0.54930001,-0.10544197,-0.22265099
0.54939997,-0.11215268,-0.21942735
0.54949999,-0.11875974,-0.21599491
0.54960001,-0.12525661,-0.21235701
0.54970002,-0.13163695,-0.20851721
0.54979998,-0.13789442,-0.20447928
0.5499,-0.14402288,-0.20024715
0.55000001,-0.15001631,-0.19582498
0.55010003,-0.15586878,-0.19121709
0.55019999,-0.16157456,-0.18642803
0.5503,-0.16712798,-0.18146245
0.55040002,-0.17252363,-0.17632526
0.55049998,-0.17775616,-0.17102146
0.55059999,-0.18282042,-0.16555628
0.55070001,-0.18771145,-0.15993506
0.55080003,-0.1924244,-0.15416333
0.55089998,-0.19695465,-0.14824677
0.551,-0.20129775,-0.14219114
0.55110002,-0.2054494,-0.13600242
0.55119997,-0.20940554,-0.12968668
0.55129999,-0.21316226,-0.12325013
0.55140001,-0.21671586,-0.11669907
0.55150002,-0.22006287,-0.11003994
0.55159998,-0.22319996,-0.10327929
0.5517,-0.22612408,-0.096423738
0.55180001,-0.22883233,-0.089480035
0.55190003,-0.23132206,-0.082455002
0.55199999,-0.23359083,-0.07535553
0.5521,-0.23563638,-0.0681886
0.55220002,-0.23745674,-0.06096125
0.55229998,-0.23905011,-0.053680584
0.55239999,-0.24041492,-0.046353746
0.55250001,-0.24154982,-0.038987946
0.55260003,-0.24245374,-0.03159041
0.55269998,-0.24312575,-0.024168415
0.5528,-0.24356525,-0.016729249
0.55290002,-0.24377176,-0.0092802206
0.55299997,-0.24374512,-0.0018286502
0.55309999,-0.24348535,0.005618141
0.55320001,-0.24299273,0.013052836
0.55330002,-0.24226774,0.020468131
0.55339998,-0.2413111,0.027856739
0.5535,-0.24012379,0.035211403
0.55360001,-0.23870696,0.042524893
0.55369997,-0.23706204,0.049790028
0.55379999,-0.23519064,0.056999668
0.5539,-0.23309462,0.064146735
0.55400002,-0.23077607,0.071224198
0.55409998,-0.22823727,0.078225121
0.55419999,-0.22548074,0.085142612
0.55430001,-0.22250921,0.091969877
0.55440003,-0.21932562,0.098700225
0.55449998,-0.2159331,0.10532703
0.5546,-0.21233504,0.1118438
0.55470002,-0.20853496,0.11824413
0.55479997,-0.20453663,0.12452172
0.55489999,-0.20034401,0.13067043
0.55500001,-0.19596125,0.13668422
0.55510002,-0.19139268,0.14255717
0.55519998,-0.18664278,0.14828354
0.5553,-0.18171628,0.15385771
0.55540001,-0.17661804,0.15927418
0.55549997,-0.17135309,0.16452767
0.55559999,-0.16592664,0.16961302
0.5557,-0.16034405,0.17452523
0.55580002,-0.15461081,0.17925949
0.55589998,-0.14873262,0.18381117
0.55599999,-0.14271526,0.1881758
0.55610001,-0.1365647,0.19234912
0.55620003,-0.13028698,0.19632702
0.55629998,-0.12388831,0.20010562
0.5564,-0.11737503,0.20368123
0.55650002,-0.11075355,0.20705034
0.55659997,-0.10403042,0.21020965
0.55669999,-0.09721227,0.21315609
0.55680001,-0.090305842,0.21588679
0.55690002,-0.083317943,0.21839906
0.55699998,-0.076255485,0.22069047
0.5571,-0.069125436,0.2227588
0.55720001,-0.061934832,0.22460203
0.55729997,-0.054690782,0.22621836
0.55739999,-0.047400426,0.22760624
0.5575,-0.04007097,0.22876433
0.55760002,-0.032709651,0.22969152
0.55769998,-0.025323728,0.23038691
0.55779999,-0.017920498,0.23084988
0.55790001,-0.01050727,0.23107997
0.55800003,-0.0030913609,0.231077
0.55809999,0.004319909,0.230841
0.5582,0.011719223,0.23037224
0.55830002,0.019099278,0.2296712
0.55839998,0.026452789,0.22873862
0.55849999,0.033772495,0.22757544
0.55860001,0.041051175,0.22618282
0.55870003,0.04828164,0.22456221
0.55879998,0.055456754,0.2227152
0.5589,0.062569439,0.22064367
0.55900002,0.069612667,0.21834968
0.55909997,0.076579496,0.21583553
0.55919999,0.083463043,0.21310371
0.55930001,0.09025652,0.21015699
0.55940002,0.096953206,0.20699827
0.55949998,0.10354652,0.20363072
0.5596,0.11002992,0.20005767
0.55970001,0.11639704,0.1962827
0.55980003,0.12264157,0.19230954
0.55989999,0.12875736,0.18814218
0.56,0.13473837,0.18378472
0.56010002,0.14057872,0.17924152
0.56019998,0.14627261,0.17451708
0.56029999,0.15181443,0.16961609
0.56040001,0.15719874,0.16454342
0.56050003,0.1624202,0.1593041
0.56059998,0.16747364,0.15390334
0.5607,0.17235413,0.14834648
0.56080002,0.1770568,0.14263906
0.56089997,0.18157704,0.13678673
0.56099999,0.18591037,0.13079529
0.56110001,0.19005254,0.12467068
0.56120002,0.19399942,0.11841898
0.56129998,0.19774717,0.11204638
0.5614,0.20129205,0.10555921
0.56150001,0.20463058,0.098963886
0.56160003,0.20775948,0.092266962
0.56169999,0.21067564,0.085475065
0.5618,0.21337619,0.078594923
0.56190002,0.21585846,0.071633361
0.56199998,0.21812002,0.064597279
0.56209999,0.22015862,0.057493642
0.56220001,0.22197227,0.050329495
0.56230003,0.22355917,0.043111932
0.56239998,0.22491775,0.035848103
0.5625,0.22604668,0.028545206
0.56260002,0.22694483,0.021210477
0.56269997,0.22761135,0.013851183
0.56279999,0.22804557,0.0064746113
0.56290001,0.22824703,-0.000911929
0.56300002,0.22821559,-0.0083011203
0.56309998,0.22795123,-0.015685644
0.5632,0.22745425,-0.023058183
0.56330001,0.22672513,-0.030411435
0.56339997,0.22576459,-0.037738118
0.56349999,0.22457358,-0.04503097
0.5636,0.22315328,-0.052282773
0.56370002,0.22150509,-0.059486337
0.56379998,0.21963064,-0.066634528
0.56389999,0.2175318,-0.073720261
0.56400001,0.21521062,-0.080736525
0.56410003,0.2126694,-0.087676361
0.56419998,0.20991065,-0.094532892
0.5643,0.2069371,-0.10129933
0.56440002,0.20375168,-0.10796897
0.56449997,0.20035754,-0.11453521
0.56459999,0.19675805,-0.12099152
0.56470001,0.19295673,-0.12733153
0.56480002,0.18895736,-0.13354893
0.56489998,0.18476388,-0.13963757
0.565,0.18038045,-0.14559142
0.56510001,0.17581137,-0.15140459
0.56519997,0.17106116,-0.15707128
0.56529999,0.16613452,-0.1625859
0.5654,0.16103631,-0.16794296
0.56550002,0.15577157,-0.17313717
0.56559998,0.15034549,-0.17816336
0.56569999,0.14476344,-0.18301655
0.56580001,0.13903092,-0.18769193
0.56590003,0.1331536,-0.19218485
0.56599998,0.12713727,-0.19649085
0.5661,0.1209879,-0.20060568
0.56620002,0.11471152,-0.2045252
0.56629997,0.10831437,-0.20824558
0.56639999,0.10180274,-0.21176307
0.56650001,0.09518306,-0.21507418
0.56660002,0.088461883,-0.21817565
0.56669998,0.081645831,-0.22106436
0.5668,0.074741647,-0.22373745
0.56690001,0.067756131,-0.22619225
0.56699997,0.0606962,-0.22842631
0.56709999,0.053568814,-0.2304374
0.56720001,0.046381012,-0.23222351
0.56730002,0.039139897,-0.23378286
0.56739998,0.03185261,-0.23511387
0.5675,0.024526358,-0.23621522
0.56760001,0.017168365,-0.23708577
0.56770003,0.0097859045,-0.23772466
0.56779999,0.0023862631,-0.23813124
0.5679,-0.0050232522,-0.23830505
0.56800002,-0.012435324,-0.23824592
0.56809998,-0.019842634,-0.23795386
0.56819999,-0.027237866,-0.23742916
0.56830001,-0.034613717,-0.2366723
0.56840003,-0.041962907,-0.23568399
0.56849998,-0.04927817,-0.2344652
0.5686,-0.056552291,-0.23301709
0.56870002,-0.06377808,-0.23134106
0.56879997,-0.070948407,-0.22943877
0.56889999,-0.078056186,-0.22731204
0.56900001,-0.0850944,-0.22496296
0.56910002,-0.092056096,-0.22239381
0.56919998,-0.098934405,-0.21960711
0.5693,-0.10572252,-0.21660559
0.56940001,-0.11241375,-0.21339218
0.56950003,-0.11900148,-0.20997003
0.56959999,-0.12547919,-0.20634247
0.5697,-0.13184051,-0.20251308
0.56980002,-0.13807914,-0.19848561
0.56989998,-0.14418893,-0.19426401
0.56999999,-0.15016381,-0.1898524
0.57010001,-0.15599792,-0.18525514
0.57020003,-0.16168548,-0.18047671
0.57029998,-0.16722086,-0.17552184
0.5704,-0.17259862,-0.17039536
0.57050002,-0.17781341,-0.16510232
0.57059997,-0.18286009,-0.15964791
0.57069999,-0.18773369,-0.15403749
0.57080001,-0.19242938,-0.14827658
0.57090002,-0.19694252,-0.14237083
0.57099998,-0.20126866,-0.13632606
0.5711,-0.20540351,-0.13014819
0.57120001,-0.20934299,-0.1238433
0.57130003,-0.21308319,-0.11741759
0.57139999,-0.21662045,-0.11087737
0.5715,-0.21995123,-0.10422909
0.57160002,-0.22307226,-0.097479254
0.57169998,-0.22598045,-0.090634517
0.57179999,-0.22867292,-0.083701611
0.57190001,-0.23114701,-0.076687351
0.57200003,-0.23340026,-0.06959863
0.57209998,-0.23543045,-0.062442422
0.5722,-0.23723556,-0.055225763
0.57230002,-0.2388138,-0.047955755
0.57239997,-0.24016362,-0.040639542
0.57249999,-0.24128367,-0.033284325
0.57260001,-0.24217284,-0.025897335
0.57270002,-0.24283025,-0.018485839
0.57279998,-0.24325521,-0.011057126
0.5729,-0.24344735,-0.0036185037
0.57300001,-0.24340641,0.003822712
0.57309997,-0.24313247,0.011259202
0.57319999,-0.24262577,0.018683651
0.5733,-0.24188682,0.026088756
0.57340002,-0.24091631,0.033467233
0.57349998,-0.23971522,0.040811829
0.57359999,-0.23828471,0.048115313
0.57370001,-0.23662618,0.055370502
0.57380003,-0.23474127,0.062570266
0.57389998,-0.23263182,0.06970752
0.574,-0.2302999,0.076775245
0.57410002,-0.22774783,0.08376649
0.57419997,-0.22497809,0.090674378
0.57429999,-0.2219934,0.097492114
0.57440001,-0.21879673,0.10421299
0.57450002,-0.21539119,0.11083042
0.57459998,-0.21178016,0.11733787
0.5747,-0.20796718,0.12372895
0.57480001,-0.20395598,0.12999737
0.57489997,-0.19975056,0.13613699
0.57499999,-0.19535501,0.14214174
0.5751,-0.1907737,0.14800575
0.57520002,-0.18601111,0.15372325
0.57529998,-0.18107194,0.1592886
0.57539999,-0.17596105,0.16469635
0.57550001,-0.17068349,0.16994119
0.57560003,-0.16524443,0.17501794
0.57569999,-0.15964925,0.17992164
0.5758,-0.15390345,0.18464746
0.57590002,-0.14801271,0.18919076
0.57599998,-0.14198281,0.19354708
0.57609999,-0.13581969,0.19771215
0.57620001,-0.12952942,0.20168188
0.57630002,-0.12311821,0.20545237
0.57639998,-0.11659237,0.20901993
0.5765,-0.10995833,0.21238105
0.57660002,-0.10322262,0.21553244
0.57669997,-0.096391879,0.21847101
0.57679999,-0.089472845,0.22119388
0.57690001,-0.082472317,0.22369841
0.57700002,-0.075397201,0.2259821
0.57709998,-0.068254471,0.22804277
0.5772,-0.061051164,0.22987838
0.57730001,-0.053794369,0.23148714
0.57740003,-0.046491239,0.23286749
0.57749999,-0.039148971,0.2340181
0.5776,-0.0317748,0.23493785
0.57770002,-0.024375986,0.23562583
0.57779998,-0.016959822,0.23608142
0.57789999,-0.009533613,0.23630415
0.57800001,-0.0021046749,0.23629387
0.57810003,0.0053196726,0.23605056
0.57819998,0.012732117,0.23557451
0.5783,0.020125352,0.23486622
0.57840002,0.027492099,0.23392639
0.57849997,0.034825098,0.23275596
0.57859999,0.042117126,0.23135613
0.57870001,0.049360998,0.22972828
0.57880002,0.056549583,0.22787407
0.57889998,0.063675798,0.22579531
0.579,0.070732616,0.2234941
0.57910001,0.077713095,0.2209727
0.57920003,0.084610358,0.21823364
0.57929999,0.091417611,0.21527967
0.5794,0.098128155,0.21211366
0.57950002,0.10473537,0.2087388
0.57959998,0.11123275,0.20515844
0.57969999,0.1176139,0.20137611
0.57980001,0.12387254,0.19739558
0.57990003,0.13000251,0.19322079
0.57999998,0.13599776,0.18885589
0.5801,0.14185239,0.18430518
0.58020002,0.14756066,0.17957318
0.58029997,0.15311693,0.1746646
0.58039999,0.15851572,0.16958427
0.58050001,0.16375172,0.16433725
0.58060002,0.1688198,0.15892872
0.58069998,0.17371497,0.15336405
0.5808,0.17843238,0.14764874
0.58090001,0.18296741,0.14178844
0.58099997,0.1873156,0.13578896
0.58109999,0.19147268,0.12965624
0.5812,0.19543454,0.12339635
0.58130002,0.19919731,0.11701549
0.58139998,0.20275725,0.11051996
0.58149999,0.20611092,0.1039162
0.58160001,0.20925498,0.097210735
0.58170003,0.21218635,0.09041021
0.58179998,0.21490216,0.083521344
0.5819,0.21739975,0.076550953
0.58200002,0.21967663,0.069505945
0.58209997,0.22173062,0.062393274
0.58219999,0.22355968,0.055219982
0.58230001,0.22516201,0.047993165
0.58240002,0.22653608,0.040719971
0.58249998,0.2276805,0.033407595
0.5826,0.22859418,0.026063269
0.58270001,0.22927625,0.018694257
0.58279997,0.22972602,0.011307848
0.58289999,0.22994308,0.0039113448
0.583,0.22992721,-0.0034879346
0.58310002,0.22967847,-0.010882673
0.58319998,0.22919708,-0.018265558
0.58329999,0.22848357,-0.025629286
0.58340001,0.22753865,-0.032966577
0.58350003,0.22636324,-0.040270172
0.58359998,0.22495854,-0.047532849
0.5837,0.22332594,-0.054747425
0.58380002,0.22146706,-0.061906766
0.58389997,0.21938376,-0.069003791
0.58399999,0.21707812,-0.076031484
0.58410001,0.2145524,-0.082982883
0.58420002,0.21180913,-0.089851126
0.58429998,0.20885102,-0.096629418
0.5844,0.20568103,-0.10331105
0.58450001,0.20230226,-0.10988942
0.58459997,0.19871809,-0.11635801
0.58469999,0.19493204,-0.12271044
0.5848,0.19094791,-0.1289404
0.58490002,0.18676959,-0.13504176
0.58499998,0.18240127,-0.14100845
0.5851,0.17784724,-0.1468346
0.58520001,0.17311202,-0.15251443
0.58530003,0.1682003,-0.15804231
0.58539999,0.16311693,-0.16341279
0.5855,0.15786695,-0.16862054
0.58560002,0.15245555,-0.17366043
0.58569998,0.14688809,-0.17852744
0.58579999,0.14117008,-0.1832168
0.58590001,0.13530718,-0.1877238
0.58600003,0.12930518,-0.19204403
0.58609998,0.12317003,-0.19617322
0.5862,0.11690778,-0.20010725
0.58630002,0.11052462,-0.20384222
0.58639997,0.1040269,-0.20737447
0.58649999,0.09742102,-0.21070045
0.58660001,0.090713508,-0.21381691
0.58670002,0.083911017,-0.21672074
0.58679998,0.077020258,-0.21940906
0.5869,0.070048057,-0.22187921
0.58700001,0.063001297,-0.22412874
0.58710003,0.055886958,-0.2261554
0.58719999,0.048712067,-0.22795719
0.5873,0.041483723,-0.22953233
0.58740002,0.034209073,-0.23087923
0.58749998,0.026895307,-0.23199657
0.58759999,0.01954966,-0.2328832
0.58770001,0.012179395,-0.23353827
0.58780003,0.0047917995,-0.23396112
0.58789998,-0.0026058231,-0.23415129
0.588,-0.010006158,-0.2341086
0.58810002,-0.017401885,-0.23383306
0.58819997,-0.024785696,-0.23332496
0.58829999,-0.032150287,-0.23258476
0.58840001,-0.039488379,-0.2316132
0.58850002,-0.046792708,-0.23041122
0.58859998,-0.054056063,-0.22897997
0.5887,-0.061271254,-0.22732088
0.58880001,-0.068431146,-0.22543557
0.58890003,-0.075528666,-0.22332588
0.58899999,-0.082556792,-0.22099389
0.5891,-0.089508571,-0.21844187
0.58920002,-0.096377127,-0.21567234
0.58929998,-0.10315568,-0.21268803
0.58939999,-0.10983751,-0.20949185
0.58950001,-0.11641601,-0.20608695
0.58960003,-0.12288469,-0.2024767
0.58969998,-0.12923715,-0.19866461
0.5898,-0.13546708,-0.19465446
0.58990002,-0.14156835,-0.19045019
0.58999997,-0.14753489,-0.18605593
0.59009999,-0.15336084,-0.18147601
0.59020001,-0.15904041,-0.17671494
0.59030002,-0.16456798,-0.1717774
0.59039998,-0.16993809,-0.16666825
0.5905,-0.1751454,-0.16139254
0.59060001,-0.18018481,-0.15595543
0.59069997,-0.18505128,-0.15036231
0.59079999,-0.18974002,-0.14461866
0.5909,-0.19424638,-0.13873015
0.59100002,-0.1985659,-0.13270257
0.59109998,-0.20269431,-0.12654187
0.59119999,-0.20662752,-0.12025411
0.59130001,-0.21036161,-0.11384549
0.59140003,-0.21389291,-0.10732231
0.59149998,-0.21721791,-0.10069101
0.5916,-0.22033331,-0.093958117
0.59170002,-0.22323601,-0.087130256
0.59179997,-0.22592317,-0.080214173
0.59189999,-0.22839208,-0.073216662
0.59200001,-0.23064031,-0.06614463
0.59210002,-0.23266563,-0.059005037
0.59219998,-0.23446602,-0.051804923
0.5923,-0.23603968,-0.04455138
0.59240001,-0.23738505,-0.037251558
0.59249997,-0.23850079,-0.029912647
0.59259999,-0.23938578,-0.022541879
0.5927,-0.24003914,-0.015146517
0.59280002,-0.2404602,-0.0077338489
0.59289998,-0.24064854,-0.00031117795
0.59299999,-0.24060394,0.0071141808
0.59310001,-0.24032645,0.01453491
0.59320003,-0.23981632,0.021943698
0.59329998,-0.23907404,0.029333245
0.5934,-0.23810031,0.036696266
0.59350002,-0.2368961,0.044025507
0.59359998,-0.23546258,0.051313747
0.59369999,-0.23380113,0.058553804
0.59380001,-0.2319134,0.065738544
0.59390002,-0.22980122,0.072860882
0.59399998,-0.22746667,0.079913802
0.5941,-0.22491202,0.086890355
0.59420002,-0.22213981,0.093783669
0.59429997,-0.21915272,0.10058694
0.59439999,-0.21595371,0.10729349
0.59450001,-0.2125459,0.11389668
0.59460002,-0.20893265,0.12039002
0.59469998,-0.20511752,0.12676711
0.5948,-0.20110425,0.13302167
0.59490001,-0.19689678,0.13914753
0.59500003,-0.19249925,0.14513867
0.59509999,-0.18791598,0.15098915
0.5952,-0.18315148,0.15669325
0.59530002,-0.17821045,0.16224532
0.59539998,-0.17309773,0.16763991
0.59549999,-0.16781835,0.17287169
0.59560001,-0.16237752,0.17793553
0.59570003,-0.15678059,0.1828264
0.59579998,-0.15103304,0.18753953
0.5959,-0.14514057,0.19207025
0.59600002,-0.13910894,0.1964141
0.59609997,-0.13294412,0.20056681
0.59619999,-0.12665215,0.20452428
0.59630001,-0.12023923,0.20828263
0.59640002,-0.11371168,0.21183816
0.59649998,-0.10707591,0.21518734
0.5966,-0.10033848,0.2183269
0.59670001,-0.093505993,0.22125375
0.59680003,-0.086585194,0.223965
0.59689999,-0.079582892,0.22645798
0.597,-0.072505973,0.22873026
0.59710002,-0.065361418,0.23077959
0.59719998,-0.058156248,0.23260395
0.59729999,-0.050897565,0.23420155
0.59740001,-0.043592513,0.23557083
0.59750003,-0.036248285,0.23671044
0.59759998,-0.028872112,0.23761928
0.5977,-0.021471256,0.23829643
0.59780002,-0.014053004,0.23874125
0.59789997,-0.0066246609,0.23895331
0.59799999,0.00080645981,0.2389324
0.59810001,0.0082330415,0.23867854
0.59820002,0.015647771,0.23819201
0.59829998,0.023043349,0.23747328
0.5984,0.030412493,0.23652308
0.59850001,0.037747949,0.23534234
0.59859997,0.045042492,0.23393224
0.59869999,0.052288946,0.23229417
0.5988,0.059480168,0.23042977
0.59890002,0.066609085,0.22834088
0.59899998,0.073668674,0.22602956
0.59909999,0.080651991,0.22349809
0.59920001,0.087552153,0.22074901
0.59930003,0.094362378,0.217785
0.59939998,0.10107595,0.21460901
0.5995,0.10768627,0.21122418
0.59960002,0.11418683,0.20763385
0.59969997,0.12057123,0.20384158
0.59979999,0.12683319,0.19985111
0.59990001,0.13296653,0.19566637
0.60000002,0.13896523,0.19129153
0.60009998,0.1448234,0.18673089
0.6002,0.15053526,0.18198895
0.60030001,0.15609518,0.17707041
0.60039997,0.1614977,0.17198011
0.60049999,0.16673751,0.1667231
0.6006,0.17180945,0.16130458
0.60070002,0.17670853,0.15572986
0.60079998,0.18142995,0.15000449
0.60089999,0.18596904,0.1441341
0.60100001,0.19032136,0.1381245
0.60110003,0.19448261,0.13198161
0.60119998,0.19844872,0.12571152
0.6013,0.20221578,0.1193204
0.60140002,0.2057801,0.11281458
0.60149997,0.20913817,0.10620046
0.60159999,0.2122867,0.0994846
0.60170001,0.21522258,0.092673615
0.60180002,0.21794295,0.085774228
0.60189998,0.22044516,0.078793257
0.602,0.2227267,0.071737595
0.60210001,0.22478539,0.064614207
0.60219997,0.22661918,0.057430129
0.60229999,0.2282263,0.050192449
0.6024,0.22960518,0.042908318
0.60250002,0.23075445,0.035584923
0.60259998,0.23167302,0.028229501
0.6027,0.23235998,0.020849306
0.60280001,0.23281468,0.01345163
0.60290003,0.23303668,0.0060437727
0.60299999,0.23302579,-0.0013669508
0.6031,0.23278202,-0.0087732244
0.60320002,0.23230563,-0.016167738
0.60329998,0.23159713,-0.02354319
0.60339999,0.23065719,-0.030892299
0.60350001,0.22948679,-0.038207814
0.60360003,0.2280871,-0.045482509
0.60369998,0.2264595,-0.052709203
0.6038,0.22460562,-0.059880763
0.60390002,0.22252731,-0.066990107
0.60399997,0.22022663,-0.074030228
0.60409999,0.21770586,-0.080994159
0.60420001,0.2149675,-0.087875038
0.60430002,0.2120143,-0.094666071
0.60439998,0.20884916,-0.10136055
0.6045,0.20547524,-0.10795187
0.60460001,0.20189586,-0.11443353
0.60470003,0.19811457,-0.12079912
0.60479999,0.19413514,-0.12704237
0.6049,0.18996151,-0.13315709
0.60500002,0.18559779,-0.13913728
0.60509998,0.18104832,-0.14497702
0.60519999,0.17631759,-0.15067054
0.60530001,0.17141031,-0.15621224
0.60540003,0.16633131,-0.16159663
0.60549998,0.16108562,-0.1668184
0.6056,0.15567845,-0.17187239
0.60570002,0.15011515,-0.17675364
0.60579997,0.14440119,-0.1814573
0.60589999,0.13854226,-0.18597873
0.60600001,0.13254416,-0.19031347
0.60610002,0.12641279,-0.19445726
0.60619998,0.12015425,-0.198406
0.6063,0.11377472,-0.20215578
0.60640001,0.10728049,-0.20570292
0.60650003,0.10067801,-0.20904389
0.60659999,0.093973793,-0.2121754
0.6067,0.087174483,-0.21509439
0.60680002,0.080286793,-0.21779794
0.60689998,0.073317535,-0.2202834
0.60699999,0.066273607,-0.22254832
0.60710001,0.059161972,-0.22459045
0.60720003,0.051989663,-0.22640778
0.60729998,0.04476377,-0.22799852
0.6074,0.037491437,-0.2293611
0.60750002,0.030179858,-0.23049417
0.60759997,0.022836262,-0.23139663
0.60769999,0.015467906,-0.23206756
0.60780001,0.0080820797,-0.2325063
0.60790002,0.00068608415,-0.23271245
0.60799998,-0.0067127687,-0.23268576
0.6081,-0.014107163,-0.2324263
0.60820001,-0.021489788,-0.23193429
0.60829997,-0.028853346,-0.23121025
0.60839999,-0.036190554,-0.23025486
0.6085,-0.043494161,-0.22906907
0.60860002,-0.050756939,-0.22765407
0.60869998,-0.057971716,-0.22601123
0.60879999,-0.065131359,-0.22414221
0.60890001,-0.072228774,-0.2220488
0.60900003,-0.079256959,-0.21973312
0.60909998,-0.086208962,-0.21719742
0.6092,-0.093077913,-0.21444421
0.60930002,-0.09985701,-0.21147621
0.60939997,-0.10653955,-0.20829634
0.60949999,-0.11311893,-0.20490776
0.60960001,-0.11958865,-0.20131379
0.60970002,-0.1259423,-0.19751799
0.60979998,-0.1321736,-0.19352411
0.6099,-0.1382764,-0.18933608
0.61000001,-0.14424464,-0.18495803
0.61009997,-0.15007244,-0.18039429
0.61019999,-0.15575403,-0.17564937
0.6103,-0.16128378,-0.17072794
0.61040002,-0.16665623,-0.16563486
0.61049998,-0.17186606,-0.16037515
0.61059999,-0.17690812,-0.15495402
0.61070001,-0.18177743,-0.14937679
0.61080003,-0.18646915,-0.143649
0.61089998,-0.19097865,-0.13777629
0.611,-0.19530146,-0.13176443
0.61110002,-0.19943331,-0.12561938
0.61119998,-0.20337011,-0.1193472
0.61129999,-0.20710796,-0.11295408
0.61140001,-0.21064316,-0.10644633
0.61150002,-0.2139722,-0.099830359
0.61159998,-0.21709177,-0.093112707
0.6117,-0.21999882,-0.086300008
0.61180001,-0.22269043,-0.079398982
0.61189997,-0.22516395,-0.07241644
0.61199999,-0.22741692,-0.065359265
0.61210001,-0.22944711,-0.058234431
0.61220002,-0.23125249,-0.051048968
0.61229998,-0.23283128,-0.043809962
0.6124,-0.23418191,-0.036524564
0.61250001,-0.23530303,-0.029199963
0.61260003,-0.23619351,-0.021843385
0.61269999,-0.23685247,-0.014462092
0.6128,-0.23727925,-0.0070633679
0.61290002,-0.23747341,0.00034548546
0.61299998,-0.23743474,0.0077571552
0.61309999,-0.23716328,0.015164327
0.61320001,-0.23665927,0.022559691
0.61330003,-0.2359232,0.029935947
0.61339998,-0.2349558,0.037285816
0.6135,-0.23375799,0.044602044
0.61360002,-0.23233095,0.051877413
0.61369997,-0.23067607,0.059104737
0.61379999,-0.22879496,0.066276886
0.61390001,-0.2266895,0.073386781
0.61400002,-0.22436172,0.080427408
0.61409998,-0.22181392,0.087391809
0.6142,-0.21904859,0.09427312
0.61430001,-0.21606846,0.10106455
0.61440003,-0.21287645,0.10775939
0.61449999,-0.20947571,0.11435103
0.6146,-0.20586957,0.12083297
0.61470002,-0.20206158,0.12719882
0.61479998,-0.19805548,0.13344227
0.61489999,-0.19385521,0.13955718
0.61500001,-0.18946493,0.14553751
0.61510003,-0.18488891,0.15137735
0.61519998,-0.1801317,0.15707095
0.6153,-0.17519796,0.16261268
0.61540002,-0.17009254,0.16799708
0.61549997,-0.16482048,0.17321882
0.61559999,-0.15938696,0.17827274
0.61570001,-0.15379734,0.18315388
0.61580002,-0.14805712,0.18785739
0.61589998,-0.14217193,0.19237866
0.616,-0.1361476,0.19671319
0.61610001,-0.12999006,0.20085673
0.61619997,-0.12370533,0.20480518
0.61629999,-0.11729965,0.20855464
0.6164,-0.11077931,0.2121014
0.61650002,-0.10415072,0.21544197
0.61659998,-0.097420424,0.21857306
0.61669999,-0.090595052,0.22149156
0.61680001,-0.083681315,0.22419459
0.61690003,-0.076686032,0.22667947
0.61699998,-0.069616087,0.22894378
0.6171,-0.062478449,0.23098527
0.61720002,-0.055280153,0.2328019
0.61729997,-0.048028283,0.2343919
0.61739999,-0.040729981,0.2357537
0.61750001,-0.033392444,0.23688594
0.61760002,-0.0260229,0.23778749
0.61769998,-0.018628603,0.23845749
0.6178,-0.011216841,0.23889525
0.61790001,-0.0037949146,0.23910034
0.61799997,0.0036298635,0.23907256
0.61809999,0.01105018,0.23881195
0.6182,0.018458722,0.23831874
0.61830002,0.025848195,0.23759343
0.61839998,0.033211317,0.23663671
0.61849999,0.040540833,0.23544954
0.61860001,0.047829527,0.23403309
0.61870003,0.055070214,0.23238875
0.61879998,0.062255763,0.23051815
0.6189,0.069379099,0.2284231
0.61900002,0.076433197,0.2261057
0.61909997,0.083411112,0.22356823
0.61919999,0.090305969,0.22081317
0.61930001,0.097110979,0.21784325
0.61940002,0.10381944,0.2146614
0.61949998,0.11042474,0.21127075
0.6196,0.11692037,0.20767464
0.61970001,0.12329995,0.20387661
0.61979997,0.12955718,0.19988042
0.61989999,0.13568589,0.19569001
0.62,0.14168006,0.19130948
0.62010002,0.14753379,0.1867432
0.62019998,0.15324131,0.18199563
0.62029999,0.15879698,0.17707147
0.62040001,0.16419536,0.17197558
0.62050003,0.16943111,0.16671297
0.62059999,0.17449909,0.16128883
0.6207,0.17939432,0.15570852
0.62080002,0.18411195,0.14997754
0.62089998,0.18864736,0.14410153
0.62099999,0.19299608,0.13808629
0.62110001,0.19715384,0.13193776
0.62120003,0.20111653,0.125662
0.62129998,0.20488027,0.11926518
0.6214,0.20844135,0.11275364
0.62150002,0.21179625,0.10613377
0.62159997,0.21494171,0.099412121
0.62169999,0.21787459,0.092595309
0.62180001,0.22059205,0.085690059
0.62190002,0.22309139,0.078703187
0.62199998,0.22537017,0.071641572
0.6221,0.22742614,0.064512186
0.62220001,0.2292573,0.057322048
0.62230003,0.23086184,0.050078262
0.62239999,0.2322382,0.042787962
0.6225,0.23338503,0.035458341
0.62260002,0.23430119,0.028096627
0.62269998,0.23498581,0.020710079
0.62279999,0.23543823,0.01330598
0.62290001,0.23565799,0.0058916309
0.62300003,0.23564489,-0.0015256566
0.62309998,0.23539896,-0.0089385686
0.6232,0.23492047,-0.016339796
0.62330002,0.23420987,-0.023722038
0.62339997,0.23326789,-0.031078018
0.62349999,0.23209548,-0.038400482
0.62360001,0.23069379,-0.04568221
0.62370002,0.22906421,-0.052916024
0.62379998,0.22720836,-0.060094785
0.6239,0.22512811,-0.067211419
0.62400001,0.2228255,-0.074258916
0.62410003,0.22030281,-0.081230313
0.62419999,0.21756254,-0.088118739
0.6243,0.2146074,-0.094917417
0.62440002,0.21144034,-0.10161963
0.62449998,0.20806448,-0.10821877
0.62459999,0.20448315,-0.11470834
0.62470001,0.20069993,-0.12108194
0.62480003,0.19671851,-0.12733328
0.62489998,0.19254287,-0.1334562
0.625,0.18817712,-0.13944466
0.62510002,0.18362559,-0.14529277
0.62519997,0.17889278,-0.15099475
0.62529999,0.17398337,-0.156545
0.62540001,0.1689022,-0.16193803
0.62550002,0.1636543,-0.16716851
0.62559998,0.15824488,-0.17223133
0.6257,0.15267925,-0.17712146
0.62580001,0.14696293,-0.1818341
0.62589997,0.14110158,-0.18636461
0.62599999,0.13510098,-0.19070852
0.6261,0.12896706,-0.19486153
0.62620002,0.12270589,-0.19881958
0.62629998,0.11632365,-0.20257874
0.62639999,0.10982665,-0.20613533
0.62650001,0.10322131,-0.20948586
0.62660003,0.096514158,-0.21262698
0.62669998,0.089711815,-0.21555565
0.6268,0.082821012,-0.21826895
0.62690002,0.07584855,-0.22076422
0.62699997,0.068801321,-0.22303902
0.62709999,0.061686289,-0.22509108
0.62720001,0.054510478,-0.22691843
0.62730002,0.047280978,-0.22851922
0.62739998,0.040004939,-0.2298919
0.6275,0.032689542,-0.23103513
0.62760001,0.025342016,-0.23194778
0.62769997,0.017969618,-0.23262896
0.62779999,0.010579634,-0.23307799
0.6279,0.0031793625,-0.23329444
0.62800002,-0.0042238859,-0.23327813
0.62809998,-0.011622798,-0.23302904
0.62819999,-0.019010063,-0.23254745
0.62830001,-0.026378386,-0.23183385
0.62840003,-0.033720486,-0.2308889
0.62849998,-0.041029114,-0.2297136
0.6286,-0.048297048,-0.22830909
0.62870002,-0.055517107,-0.22667676
0.62879997,-0.062682159,-0.22481823
0.62889999,-0.069785126,-0.22273533
0.62900001,-0.076818995,-0.22043015
0.62910002,-0.083776817,-0.21790496
0.62919998,-0.090651721,-0.21516223
0.6293,-0.097436905,-0.21220471
0.62940001,-0.10412568,-0.20903531
0.62949997,-0.11071143,-0.20565715
0.62959999,-0.11718764,-0.2020736
0.62970001,-0.12354793,-0.19828819
0.62980002,-0.12978601,-0.19430466
0.62989998,-0.13589573,-0.19012694
0.63,-0.14187102,-0.18575917
0.63010001,-0.14770602,-0.18120568
0.63020003,-0.15339492,-0.17647092
0.63029999,-0.15893215,-0.17155962
0.6304,-0.1643122,-0.16647662
0.63050002,-0.16952975,-0.16122693
0.63059998,-0.17457968,-0.15581574
0.63069999,-0.17945698,-0.15024841
0.63080001,-0.18415684,-0.14453042
0.63090003,-0.18867458,-0.13866743
0.63099998,-0.19300579,-0.13266523
0.6311,-0.19714615,-0.12652977
0.63120002,-0.20109159,-0.12026707
0.63129997,-0.20483819,-0.11388334
0.63139999,-0.20838225,-0.10738488
0.63150001,-0.21172027,-0.10077811
0.63160002,-0.21484895,-0.094069548
0.63169998,-0.2177652,-0.087265834
0.6318,-0.22046612,-0.080373675
0.63190001,-0.22294906,-0.073399894
0.63200003,-0.22521158,-0.066351384
0.63209999,-0.22725138,-0.059235074
0.6322,-0.22906648,-0.052058019
0.63230002,-0.23065509,-0.044827305
0.63239998,-0.23201564,-0.037550077
0.63249999,-0.23314676,-0.03023351
0.63260001,-0.23404732,-0.022884836
0.63270003,-0.23471646,-0.015511318
0.63279998,-0.23515351,-0.0081202434
0.6329,-0.23535801,-0.00071890396
0.63300002,-0.23532975,0.0066853962
0.63309997,-0.23506877,0.014085338
0.63319999,-0.23457535,0.021473609
0.63330001,-0.23384993,0.028842915
0.63340002,-0.2328932,0.036185984
0.63349998,-0.23170613,0.043495558
0.6336,-0.23028988,0.050764423
0.63370001,-0.22864589,0.057985391
0.63380003,-0.22677568,0.065151341
0.63389999,-0.22468114,0.072255187
0.634,-0.22236434,0.079289921
0.63410002,-0.21982758,0.086248584
0.63419998,-0.21707331,0.093124315
0.63429999,-0.21410424,0.099910319
0.63440001,-0.21092333,0.10659989
0.63450003,-0.2075337,0.11318642
0.63459998,-0.20393871,0.11966342
0.6347,-0.20014185,0.12602445
0.63480002,-0.19614689,0.13226327
0.63489997,-0.19195779,0.13837372
0.63499999,-0.18757866,0.14434974
0.63510001,-0.1830138,0.15018542
0.63520002,-0.17826773,0.15587503
0.63529998,-0.17334513,0.16141292
0.6354,-0.16825086,0.16679364
0.63550001,-0.16298991,0.17201185
0.63559997,-0.15756747,0.17706242
0.63569999,-0.15198891,0.18194035
0.6358,-0.14625973,0.18664081
0.63590002,-0.14038552,0.19115917
0.63599998,-0.13437214,0.19549096
0.63609999,-0.12822549,0.1996319
0.63620001,-0.12195162,0.20357789
0.63630003,-0.11555672,0.20732503
0.63639998,-0.10904711,0.21086963
0.6365,-0.1024292,0.21420819
0.63660002,-0.09570951,0.21733738
0.63669997,-0.088894665,0.22025412
0.63679999,-0.081991397,0.22295554
0.63690001,-0.075006507,0.22543897
0.63700002,-0.067946881,0.22770192
0.63709998,-0.060819481,0.22974217
0.6372,-0.053631335,0.23155771
0.63730001,-0.046389539,0.23314676
0.63739997,-0.039101217,0.23450768
0.63749999,-0.031773571,0.23563918
0.6376,-0.02441382,0.23654014
0.63770002,-0.017029226,0.23720963
0.63779998,-0.0096270619,0.23764701
0.63789999,-0.0022146327,0.23785181
0.63800001,0.0052007521,0.23782387
0.63810003,0.012611785,0.23756316
0.63819999,0.020011157,0.23706996
0.6383,0.027391568,0.23634475
0.63840002,0.034745745,0.23538822
0.63849998,0.042066433,0.23420133
0.63859999,0.049346413,0.23278521
0.63870001,0.05657851,0.23114131
0.63880002,0.063755587,0.22927119
0.63889998,0.070870563,0.2271767
0.639,0.077916436,0.22485992
0.63910002,0.084886253,0.22232313
0.63919997,0.09177313,0.21956882
0.63929999,0.098570287,0.21659969
0.63940001,0.10527102,0.21341868
0.63950002,0.11186872,0.2100289
0.63959998,0.11835688,0.20643371
0.6397,0.12472911,0.20263666
0.63980001,0.13097912,0.19864146
0.63990003,0.13710074,0.19445206
0.63999999,0.14308795,0.1900726
0.6401,0.14893486,0.18550737
0.64020002,0.15463565,0.18076088
0.64029998,0.16018476,0.17583781
0.64039999,0.16557668,0.17074302
0.64050001,0.17080611,0.16548151
0.64060003,0.17586789,0.16005847
0.64069998,0.18075703,0.15447927
0.6408,0.18546872,0.14874937
0.64090002,0.1899983,0.14287443
0.64099997,0.19434132,0.13686027
0.64109999,0.19849348,0.13071279
0.64120001,0.20245071,0.12443805
0.64130002,0.20620909,0.11804224
0.64139998,0.20976493,0.11153167
0.6415,0.21311471,0.10491274
0.64160001,0.21625514,0.098191999
0.64170003,0.21918313,0.091376051
0.64179999,0.2218958,0.084471613
0.6419,0.22439045,0.077485509
0.64200002,0.22666463,0.070424609
0.64209998,0.22871612,0.063295878
0.64219999,0.23054287,0.056106351
0.64230001,0.23214312,0.048863109
0.64240003,0.23351526,0.041573294
0.64249998,0.23465796,0.03424409
0.6426,0.23557009,0.026882725
0.64270002,0.23625076,0.019496456
0.64279997,0.23669928,0.012092562
0.64289999,0.23691525,0.0046783448
0.64300001,0.23689842,-0.0027388884
0.64310002,0.23664884,-0.010151827
0.64319998,0.23616675,-0.017553162
0.6433,0.23545264,-0.024935598
0.64340001,0.23450719,-0.032291856
0.64349997,0.23333135,-0.039614685
0.64359999,0.23192629,-0.046896871
0.6437,0.23029341,-0.054131228
0.64380002,0.22843429,-0.061310627
0.64389998,0.22635081,-0.068427995
0.64399999,0.22404501,-0.075476311
0.64410001,0.22151916,-0.082448624
0.64420003,0.21877578,-0.089338072
0.64429998,0.21581754,-0.096137859
0.6444,0.21264741,-0.10284128
0.64450002,0.20926848,-0.10944173
0.64459997,0.20568413,-0.11593271
0.64469999,0.20189784,-0.12230781
0.64480001,0.19791341,-0.12856075
0.64490002,0.19373475,-0.13468538
0.64499998,0.18936597,-0.14067565
0.6451,0.18481141,-0.14652565
0.64520001,0.18007556,-0.15222964
0.64529997,0.17516309,-0.15778197
0.64539999,0.17007886,-0.16317719
0.6455,0.16482787,-0.16840997
0.64560002,0.15941532,-0.17347518
0.64569998,0.15384656,-0.17836778
0.64579999,0.14812706,-0.183083
0.64590001,0.1422625,-0.18761617
0.64600003,0.13625866,-0.19196282
0.64609998,0.13012145,-0.19611868
0.6462,0.12385694,-0.20007966
0.64630002,0.11747131,-0.20384185
0.64639997,0.11097087,-0.20740154
0.64649999,0.10436203,-0.21075524
0.64660001,0.097651325,-0.21389964
0.64670002,0.090845361,-0.21683165
0.64679998,0.08395087,-0.21954837
0.6469,0.076974653,-0.22204715
0.64700001,0.069923595,-0.22432551
0.64709997,0.062804654,-0.22638121
0.64719999,0.055624858,-0.22821224
0.6473,0.048391297,-0.22981679
0.64740002,0.041111104,-0.2311933
0.64749998,0.033791468,-0.23234041
0.6476,0.026439618,-0.233257
0.64770001,0.019062802,-0.23394215
0.64780003,0.011668307,-0.23439521
0.64789999,0.004263429,-0.23461576
0.648,-0.0031445248,-0.23460355
0.64810002,-0.010548241,-0.23435864
0.64819998,-0.017940413,-0.23388125
0.64829999,-0.025313746,-0.23317187
0.64840001,-0.032660965,-0.23223118
0.64850003,-0.039974812,-0.23106018
0.64859998,-0.047248077,-0.22965997
0.6487,-0.054473579,-0.22803196
0.64880002,-0.061644185,-0.22617777
0.64889997,-0.068752818,-0.22409923
0.64899999,-0.075792469,-0.22179841
0.64910001,-0.082756184,-0.21927756
0.64920002,-0.089637093,-0.2165392
0.64929998,-0.096428402,-0.21358603
0.6494,-0.10312341,-0.21042097
0.64950001,-0.10971552,-0.20704715
0.64960003,-0.11619821,-0.20346792
0.64969999,-0.12256509,-0.1996868
0.6498,-0.12880988,-0.19570753
0.64990002,-0.13492641,-0.19153406
0.64999998,-0.14090866,-0.18717049
0.65009999,-0.1467507,-0.18262117
0.65020001,-0.15244679,-0.17789055
0.65030003,-0.15799129,-0.17298333
0.65039998,-0.16337875,-0.16790436
0.6505,-0.16860382,-0.16265866
0.65060002,-0.17366137,-0.1572514
0.65069997,-0.17854641,-0.15168793
0.65079999,-0.18325411,-0.14597376
0.65090001,-0.18777983,-0.1401145
0.65100002,-0.19211909,-0.13411598
0.65109998,-0.19626763,-0.12798411
0.6512,-0.20022134,-0.12172493
0.65130001,-0.20397633,-0.11534464
0.65140003,-0.20752889,-0.10884954
0.65149999,-0.2108755,-0.10224605
0.6516,-0.21401288,-0.095540673
0.65170002,-0.21693791,-0.088740051
0.65179998,-0.21964774,-0.081850901
0.65189999,-0.22213966,-0.074880011
0.65200001,-0.22441122,-0.06783428
0.65210003,-0.22646019,-0.060720667
0.65219998,-0.22828454,-0.05354619
0.6523,-0.22988248,-0.046317942
0.65240002,-0.23125242,-0.039043058
0.65249997,-0.23239301,-0.031728718
0.65259999,-0.23330313,-0.024382155
0.65270001,-0.23398188,-0.01701062
0.65280002,-0.23442858,-0.009621392
0.65289998,-0.23464282,-0.0022217687
0.653,-0.23462437,0.0051809414
0.65310001,-0.23437323,0.012579429
0.65319997,-0.23388968,0.019966386
0.65329999,-0.23317418,0.027334519
0.6534,-0.23222743,0.034676552
0.65350002,-0.23105039,0.041985229
0.65359998,-0.22964419,0.049253341
0.65369999,-0.22801024,0.056473702
0.65380001,-0.22615014,0.063639186
0.65390003,-0.22406575,0.070742719
0.65399998,-0.2217591,0.077777281
0.6541,-0.21923247,0.08473593
0.65420002,-0.21648836,0.09161178
0.65429997,-0.21352948,0.098398067
0.65439999,-0.21035875,0.10508806
0.65450001,-0.20697929,0.11167517
0.65460002,-0.20339446,0.11815289
0.65469998,-0.19960776,0.12451482
0.6548,-0.19562295,0.13075468
0.65490001,-0.19144396,0.1368663
0.65499997,-0.18707491,0.14284365
0.65509999,-0.18252014,0.14868082
0.6552,-0.1777841,0.15437205
0.65530002,-0.17287149,0.15991172
0.65539998,-0.16778713,0.16529435
0.65549999,-0.16253608,0.17051464
0.65560001,-0.15712349,0.17556742
0.65570003,-0.15155473,0.1804477
0.65579998,-0.14583527,0.18515067
0.6559,-0.13997075,0.18967167
0.65600002,-0.13396698,0.19400623
0.65609998,-0.12782988,0.19815008
0.65619999,-0.12156549,0.20209914
0.65630001,-0.11518001,0.20584948
0.65640002,-0.10867973,0.20939741
0.65649998,-0.10207107,0.21273941
0.6566,-0.095360547,0.2158722
0.65670002,-0.088554785,0.21879266
0.65679997,-0.081660502,0.22149791
0.65689999,-0.074684508,0.2239853
0.65700001,-0.067633674,0.22625233
0.65710002,-0.060514964,0.22829679
0.65719998,-0.053335402,0.23011664
0.6573,-0.046102077,0.23171008
0.65740001,-0.038822122,0.23307554
0.65750003,-0.03150272,0.23421167
0.65759999,-0.0241511,0.23511735
0.6577,-0.016774513,0.23579165
0.65780002,-0.0093802381,0.23623393
0.65789998,-0.0019755722,0.23644376
0.65799999,0.0054321773,0.23642088
0.65810001,0.012835701,0.23616534
0.65820003,0.020227691,0.23567741
0.65829998,0.027600856,0.2349575
0.6584,0.034947917,0.23400638
0.65850002,0.042261627,0.23282495
0.65859997,0.049534768,0.23141438
0.65869999,0.056760158,0.22977605
0.65880001,0.063930675,0.22791159
0.65890002,0.071039237,0.22582282
0.65899998,0.078078829,0.2235118
0.6591,0.085042506,0.22098081
0.65920001,0.091923393,0.21823233
0.65930003,0.098714709,0.21526907
0.65939999,0.10540974,0.21209396
0.6595,0.11200189,0.20871013
0.65960002,0.11848465,0.20512091
0.65969998,0.12485161,0.20132983
0.65979999,0.13109651,0.19734062
0.65990001,0.13721319,0.19315724
0.66000003,0.14319557,0.18878378
0.66009998,0.14903779,0.18422458
0.6602,0.15473408,0.1794841
0.66030002,0.1602788,0.17456704
0.66039997,0.16566649,0.16947825
0.66049999,0.17089182,0.16422273
0.66060001,0.17594966,0.15880567
0.66070002,0.18083501,0.1532324
0.66079998,0.18554303,0.14750843
0.6609,0.19006908,0.1416394
0.66100001,0.19440871,0.13563108
0.66109997,0.19855763,0.12948941
0.66119999,0.20251173,0.12322045
0.6613,0.20626713,0.11683037
0.66140002,0.20982011,0.11032547
0.66149998,0.21316716,0.10371217
0.66159999,0.216305,0.096996993
0.66170001,0.21923052,0.090186551
0.66180003,0.22194082,0.083287567
0.66189998,0.22443323,0.076306842
0.662,0.2267053,0.069251254
0.66210002,0.22875479,0.062127765
0.66219997,0.23057966,0.054943401
0.66229999,0.23217812,0.047705248
0.66240001,0.2335486,0.040420435
0.66250002,0.23468973,0.03309615
0.66259998,0.23560038,0.025739618
0.6627,0.23627968,0.018358089
0.66280001,0.23672692,0.010958844
0.66289997,0.23694171,0.0035491793
0.66299999,0.23692378,-0.0038635994
0.6631,0.23667318,-0.011272182
0.66320002,0.23619016,-0.018669263
0.66329998,0.23547517,-0.026047548
0.66339999,0.23452893,-0.033399761
0.66350001,0.23335238,-0.040718652
0.66360003,0.23194666,-0.047997009
0.66369998,0.23031318,-0.055227648
0.6638,0.22845355,-0.06240344
0.66390002,0.22636957,-0.069517314
0.66399997,0.22406334,-0.076562248
0.66409999,0.22153711,-0.083531305
0.66420001,0.21879338,-0.090417609
0.66430002,0.21583483,-0.097214364
0.66439998,0.21266443,-0.10391488
0.6645,0.20928524,-0.11051253
0.66460001,0.20570067,-0.11700083
0.66469997,0.20191419,-0.12337338
0.66479999,0.19792958,-0.12962389
0.6649,0.19375074,-0.1357462
0.66500002,0.18938181,-0.14173427
0.66509998,0.18482709,-0.14758219
0.6652,0.18009108,-0.15328422
0.66530001,0.17517845,-0.15883471
0.66540003,0.17009406,-0.1642282
0.66549999,0.16484289,-0.16945937
0.6656,0.15943016,-0.17452307
0.66570002,0.15386118,-0.17941432
0.66579998,0.14814146,-0.18412827
0.66589999,0.14227663,-0.18866028
0.66600001,0.13627249,-0.19300589
0.66610003,0.13013496,-0.19716083
0.66619998,0.12387008,-0.20112097
0.6663,0.11748405,-0.20488244
0.66640002,0.11098315,-0.20844153
0.66649997,0.10437381,-0.2117947
0.66659999,0.097662546,-0.2149387
0.66670001,0.090855978,-0.21787038
0.66680002,0.083960816,-0.22058688
0.66689998,0.076983862,-0.22308552
0.667,0.069932006,-0.22536385
0.66710001,0.062812194,-0.22741961
0.66720003,0.055631466,-0.22925077
0.66729999,0.048396889,-0.23085555
0.6674,0.041115604,-0.23223236
0.66750002,0.033794802,-0.23337986
0.66759998,0.026441693,-0.23429689
0.66769999,0.01906354,-0.23498258
0.66780001,0.011667615,-0.23543623
0.66790003,0.0042612171,-0.23565742
0.66799998,-0.0031483483,-0.23564595
0.6681,-0.010553773,-0.23540179
0.66820002,-0.01794775,-0.23492524
0.66829997,-0.025322989,-0.23421672
0.66839999,-0.032672212,-0.23327698
0.66850001,-0.039988168,-0.23210692
0.66860002,-0.047263641,-0.23070772
0.66869998,-0.05449146,-0.22908075
0.6688,-0.061664488,-0.22722763
0.66890001,-0.068775654,-0.22515018
0.66900003,-0.075817943,-0.22285049
0.66909999,-0.082784407,-0.22033077
0.6692,-0.089668177,-0.21759358
0.66930002,-0.096462458,-0.21464157
0.66939998,-0.10316055,-0.2114777
0.66949999,-0.10975585,-0.20810506
0.66960001,-0.11624185,-0.20452701
0.66970003,-0.12261216,-0.20074707
0.66979998,-0.12886047,-0.19676897
0.6699,-0.13498066,-0.19259666
0.67000002,-0.14096665,-0.18823424
0.67009997,-0.14681257,-0.18368602
0.67019999,-0.15251264,-0.17895651
0.67030001,-0.15806125,-0.17405036
0.67040002,-0.16345289,-0.16897243
0.67049998,-0.16868229,-0.16372773
0.6706,-0.17374428,-0.15832144
0.67070001,-0.17863384,-0.1527589
0.67079997,-0.18334618,-0.14704558
0.67089999,-0.18787664,-0.14118716
0.671,-0.19222075,-0.1351894
0.67110002,-0.19637424,-0.12905823
0.67119998,-0.200333,-0.12279969
0.67129999,-0.20409313,-0.11641998
0.67140001,-0.20765091,-0.10992538
0.67150003,-0.21100286,-0.10332231
0.67159998,-0.21414565,-0.096617281
0.6717,-0.21707618,-0.08981692
0.67180002,-0.21979156,-0.082927935
0.67189997,-0.22228914,-0.075957134
0.67199999,-0.22456647,-0.068911411
0.67210001,-0.22662127,-0.061797701
0.67220002,-0.22845152,-0.054623034
0.67229998,-0.23005542,-0.047394495
0.6724,-0.23143142,-0.040119234
0.67250001,-0.23257814,-0.032804415
0.67259997,-0.23349445,-0.025457257
0.67269999,-0.23417945,-0.018085023
0.6728,-0.23463248,-0.010694992
0.67290002,-0.23485309,-0.0032944535
0.67299998,-0.23484105,0.0041092909
0.67309999,-0.23459637,0.011508929
0.67320001,-0.23411934,0.018897153
0.67330003,-0.2334104,0.026266675
0.67339998,-0.23247024,0.033610221
0.6735,-0.23129982,0.040920541
0.67360002,-0.22990029,0.048190419
0.67369998,-0.22827303,0.055412676
0.67379999,-0.22641963,0.062580183
0.67390001,-0.22434194,0.069685869
0.67400002,-0.22204204,0.076722719
0.67409998,-0.21952216,0.083683781
0.6742,-0.21678481,0.090562187
0.67430001,-0.21383268,0.097351141
0.67439997,-0.2106687,0.10404396
0.67449999,-0.207296,0.11063402
0.67460001,-0.20371789,0.11711482
0.67470002,-0.19993791,0.12347995
0.67479998,-0.19595982,0.12972316
0.6749,-0.19178753,0.13583827
0.67500001,-0.18742514,0.14181924
0.67510003,-0.18287697,0.14766015
0.67519999,-0.17814752,0.15335527
0.6753,-0.17324148,0.15889896
0.67540002,-0.16816364,0.16428575
0.67549998,-0.16291904,0.1695103
0.67559999,-0.15751287,0.17456751
0.67570001,-0.15195048,0.17945233
0.67580003,-0.1462373,0.18415996
0.67589998,-0.14037903,0.18868575
0.676,-0.13438141,0.19302523
0.67610002,-0.12825043,0.19717413
0.67619997,-0.12199207,0.20112833
0.67629999,-0.11561252,0.20488395
0.67640001,-0.10911811,0.20843726
0.67650002,-0.10251524,0.21178479
0.67659998,-0.095810413,0.2149232
0.6767,-0.089010254,0.21784939
0.67680001,-0.082121477,0.22056048
0.67690003,-0.0751509,0.22305381
0.67699999,-0.068105377,0.2253269
0.6771,-0.060991865,0.22737749
0.67720002,-0.053817403,0.2292036
0.67729998,-0.046589069,0.2308034
0.67739999,-0.039313987,0.23217529
0.67750001,-0.031999346,0.23331796
0.67760003,-0.024652373,0.23423025
0.67769998,-0.017280307,0.23491126
0.6778,-0.0098904278,0.23536032
0.67790002,-0.0024900313,0.235577
0.67799997,0.0049135797,0.23556104
0.67809999,0.012313097,0.23531251
0.67820001,0.019701216,0.2348316
0.67830002,0.027070645,0.2341188
0.67839998,0.034414109,0.23317483
0.6785,0.041724358,0.23200062
0.67860001,0.048994176,0.2305973
0.67869997,0.056216389,0.22896628
0.67879999,0.06338387,0.22710916
0.6789,0.070489533,0.22502777
0.67900002,0.077526383,0.22272417
0.67909998,0.084487453,0.22020061
0.67919999,0.091365889,0.2174596
0.67930001,0.098154895,0.21450382
0.67940003,0.10484777,0.21133623
0.67949998,0.11143791,0.20795991
0.6796,0.1179188,0.20437819
0.67970002,0.12428406,0.20059463
0.67979997,0.13052739,0.19661294
0.67989999,0.13664263,0.19243707
0.68000001,0.14262377,0.18807112
0.68010002,0.14846486,0.18351939
0.68019998,0.15416017,0.17878638
0.6803,0.15970407,0.17387678
0.68040001,0.16509108,0.16879541
0.68049997,0.17031589,0.16354726
0.68059999,0.17537333,0.15813756
0.6807,0.18025842,0.1525716
0.68080002,0.18496634,0.14685491
0.68089998,0.18949243,0.1409931
0.68099999,0.19383223,0.13499196
0.68110001,0.19798146,0.1288574
0.68120003,0.20193602,0.1225955
0.68129998,0.20569199,0.11621242
0.6814,0.20924568,0.10971445
0.68150002,0.21259359,0.10310801
0.68159997,0.21573238,0.096399613
0.68169999,0.21865898,0.089595877
0.68180001,0.2213705,0.082703523
0.68190002,0.22386426,0.075729333
0.68199998,0.22613777,0.068680204
0.6821,0.22818883,0.061563082
0.68220001,0.23001538,0.054384988
0.68229997,0.23161563,0.047153004
0.68239999,0.232988,0.039874267
0.6825,0.23413111,0.032555953
0.68260002,0.23504387,0.025205284
0.68269998,0.23572536,0.017829513
0.68279999,0.23617488,0.010435915
0.68290001,0.23639202,0.0030317819
0.68300003,0.23637657,-0.0043755788
0.68309999,0.23612849,-0.011778862
0.6832,0.23564808,-0.019170763
0.68330002,0.23493579,-0.02654399
0.68339998,0.23399231,-0.033891268
0.68349999,0.23281857,-0.041205354
0.68360001,0.23141576,-0.048479024
0.68370003,0.22978522,-0.055705111
0.68379998,0.22792858,-0.062876478
0.6839,0.22584768,-0.06998606
0.68400002,0.22354452,-0.077026837
0.68409997,0.22102143,-0.08399187
0.68419999,0.21828088,-0.090874277
0.68430001,0.21532555,-0.097667277
0.68440002,0.21215838,-0.10436416
0.68449998,0.20878248,-0.11095834
0.6846,0.20520118,-0.11744329
0.68470001,0.20141801,-0.12381262
0.68480003,0.19743672,-0.13006006
0.68489999,0.19326121,-0.13617942
0.685,0.18889561,-0.14216469
0.68510002,0.18434423,-0.14800996
0.68519998,0.17961155,-0.15370944
0.68529999,0.17470224,-0.15925753
0.68540001,0.16962114,-0.16464877
0.68550003,0.16437328,-0.16987781
0.68559998,0.1589638,-0.17493951
0.6857,0.15339807,-0.1798289
0.68580002,0.14768156,-0.18454111
0.68589997,0.14181992,-0.18907152
0.68599999,0.13581893,-0.19341566
0.68610001,0.12968449,-0.19756924
0.68620002,0.12342269,-0.20152815
0.68629998,0.11703967,-0.20528851
0.6864,0.11054174,-0.20884661
0.68650001,0.1039353,-0.21219893
0.68660003,0.097226888,-0.21534216
0.68669999,0.0904231,-0.21827322
0.6868,0.08353065,-0.2209892
0.68690002,0.076556347,-0.22348742
0.68699998,0.06950707,-0.22576544
0.68709999,0.062389757,-0.22782098
0.68720001,0.055211443,-0.22965205
0.68730003,0.047979206,-0.23125681
0.68739998,0.040700175,-0.23263371
0.6875,0.033381533,-0.23378138
0.68760002,0.026030499,-0.23469868
0.68769997,0.018654324,-0.23538472
0.68779999,0.011260284,-0.23583882
0.68790001,0.003855671,-0.23606052
0.68800002,-0.0035522105,-0.23604962
0.68809998,-0.010956053,-0.23580614
0.6882,-0.018348554,-0.2353303
0.68830001,-0.025722422,-0.23462258
0.68839997,-0.033070385,-0.23368369
0.68849999,-0.04038519,-0.23251453
0.6886,-0.047659628,-0.23111629
0.68870002,-0.054886524,-0.22949034
0.68879998,-0.062058743,-0.22763827
0.68889999,-0.069169216,-0.22556192
0.68900001,-0.076210931,-0.22326335
0.68910003,-0.083176933,-0.2207448
0.68919998,-0.090060368,-0.2180088
0.6893,-0.096854433,-0.21505803
0.68940002,-0.10355242,-0.21189538
0.68949997,-0.11014775,-0.208524
0.68959999,-0.1166339,-0.20494722
0.68970001,-0.12300447,-0.20116855
0.68980002,-0.12925318,-0.19719173
0.68989998,-0.13537388,-0.1930207
0.69,-0.14136051,-0.18865955
0.69010001,-0.14720717,-0.18411261
0.69019997,-0.15290812,-0.17938435
0.69029999,-0.15845771,-0.17447944
0.6904,-0.16385047,-0.16940272
0.69050002,-0.16908111,-0.16415921
0.69059998,-0.17414443,-0.15875408
0.69069999,-0.17903545,-0.15319265
0.69080001,-0.18374938,-0.14748044
0.69090003,-0.18828154,-0.14162306
0.69099998,-0.19262744,-0.1356263
0.6911,-0.19678286,-0.1294961
0.69120002,-0.20074363,-0.12323846
0.69129997,-0.20450589,-0.11685959
0.69139999,-0.20806593,-0.11036579
0.69150001,-0.21142022,-0.10376345
0.69160002,-0.21456547,-0.097059086
0.69169998,-0.21749857,-0.090259328
0.6918,-0.22021663,-0.083370879
0.69190001,-0.22271697,-0.076400533
0.69199997,-0.22499713,-0.069355182
0.69209999,-0.22705486,-0.062241759
0.69220001,-0.22888814,-0.055067297
0.69230002,-0.23049517,-0.04783887
0.69239998,-0.23187433,-0.040563617
0.6925,-0.2330243,-0.033248711
0.69260001,-0.23394394,-0.025901375
0.69270003,-0.23463234,-0.018528856
0.69279999,-0.23508883,-0.011138431
0.6929,-0.23531295,-0.0037373924
0.69300002,-0.2353045,0.0036669576
0.69309998,-0.23506348,0.011067312
0.69319999,-0.23459013,0.018456368
0.69330001,-0.23388492,0.025826834
0.69340003,-0.23294856,0.033171438
0.69349998,-0.23178196,0.040482935
0.6936,-0.23038629,0.047754105
0.69370002,-0.22876291,0.054977775
0.69379997,-0.22691345,0.06214682
0.69389999,-0.22483973,0.06925416
0.69400001,-0.22254378,0.07629279
0.69410002,-0.22002789,0.08325576
0.69419998,-0.21729454,0.0901362
0.6943,-0.21434644,0.096927322
0.69440001,-0.21118648,0.10362242
0.69450003,-0.20781779,0.1102149
0.69459999,-0.20424369,0.11669824
0.6947,-0.20046774,0.12306606
0.69480002,-0.19649363,0.12931207
0.69489998,-0.19232531,0.1354301
0.69499999,-0.18796688,0.14141411
0.69510001,-0.18342265,0.14725822
0.69520003,-0.17869711,0.15295663
0.69529998,-0.17379493,0.15850376
0.6954,-0.16872093,0.1638941
0.69550002,-0.16348013,0.16912235
0.69559997,-0.15807772,0.17418334
0.69569999,-0.152519,0.17907208
0.69580001,-0.14680949,0.18378375
0.69590002,-0.14095481,0.18831372
0.69599998,-0.13496074,0.19265749
0.6961,-0.12883319,0.19681077
0.69620001,-0.12257823,0.2007695
0.69630003,-0.11620203,0.20452973
0.69639999,-0.10971086,0.20808779
0.6965,-0.10311116,0.21144015
0.69660002,-0.09640941,0.21458349
0.69669998,-0.089612253,0.21751474
0.69679999,-0.082726397,0.22023098
0.69690001,-0.075758621,0.22272955
0.69700003,-0.068715818,0.22500797
0.69709998,-0.061604932,0.22706401
0.6972,-0.054432984,0.22889563
0.69730002,-0.047207057,0.23050103
0.69739997,-0.039934281,0.23187862
0.69749999,-0.032621834,0.23302706
0.69760001,-0.025276929,0.23394519
0.69770002,-0.01790682,0.2346321
0.69779998,-0.01051878,0.23508716
0.6979,-0.0031201001,0.23530985
0.69800001,0.0042819167,0.23530002
0.69809997,0.011679964,0.23505764
0.69819999,0.01906674,0.23458296
0.6983,0.026434952,0.23387645
0.69840002,0.033777334,0.2329388
0.69849998,0.041086633,0.23177093
0.69859999,0.048355639,0.23037401
0.69870001,0.055577174,0.22874939
0.69880003,0.062744103,0.22689873
0.69889998,0.069849364,0.22482383
0.699,0.076885939,0.22252673
0.69910002,0.083846882,0.2200097
0.69919997,0.090725325,0.21727522
0.69929999,0.09751448,0.21432599
0.69940001,0.10420765,0.21116494
0.69950002,0.11079822,0.20779517
0.69959998,0.11727969,0.20422001
0.6997,0.12364567,0.20044303
0.69980001,0.12988986,0.19646789
0.69989997,0.13600612,0.19229855
0.69999999,0.1419884,0.18793912
0.7001,0.14783078,0.18339391
0.70020002,0.15352753,0.17866738
0.70029998,0.159073,0.17376421
0.70039999,0.16446172,0.16868927
0.70050001,0.16968837,0.1634475
0.70060003,0.17474781,0.15804413
0.70069999,0.17963503,0.15248448
0.7008,0.18434522,0.14677401
0.70090002,0.18887372,0.14091839
0.70099998,0.19321606,0.13492337
0.70109999,0.19736795,0.12879488
0.70120001,0.20132528,0.12253895
0.70130002,0.20508417,0.11616178
0.70139998,0.20864092,0.10966965
0.7015,0.21199197,0.10306896
0.70160002,0.21513405,0.096366234
0.70169997,0.21806405,0.089568093
0.70179999,0.22077908,0.082681231
0.70190001,0.22327645,0.07571245
0.70200002,0.22555371,0.068668619
0.70209998,0.22760861,0.061556708
0.7022,0.22943909,0.054383717
0.70230001,0.23104338,0.047156733
0.70240003,0.23241989,0.039882883
0.70249999,0.23356725,0.032569345
0.7026,0.23448433,0.025223337
0.70270002,0.23517023,0.017852111
0.70279998,0.23562425,0.010462935
0.70289999,0.23584598,0.0030631053
0.70300001,0.23583516,-0.0043400787
0.70310003,0.23559183,-0.011739311
0.70319998,0.23511621,-0.019127289
0.7033,0.23440877,-0.026496725
0.70340002,0.23347022,-0.033840343
0.70349997,0.23230146,-0.041150905
0.70359999,0.23090367,-0.048421189
0.70370001,0.22927822,-0.05564402
0.70380002,0.22742671,-0.062812276
0.70389998,0.22535096,-0.069918886
0.704,0.22305302,-0.076956831
0.70410001,0.22053516,-0.083919175
0.70420003,0.21779987,-0.090799034
0.70429999,0.21484983,-0.097589627
0.7044,0.21168797,-0.10428426
0.70450002,0.20831738,-0.11087631
0.70459998,0.20474142,-0.1173593
0.70469999,0.2009636,-0.1237268
0.70480001,0.19698764,-0.12997255
0.70490003,0.19281746,-0.13609038
0.70499998,0.18845721,-0.14207426
0.7051,0.18391114,-0.14791827
0.70520002,0.17918377,-0.15361665
0.70529997,0.17427975,-0.15916379
0.70539999,0.16920392,-0.16455419
0.70550001,0.16396129,-0.16978256
0.70560002,0.15855703,-0.17484373
0.70569998,0.15299647,-0.1797327
0.7058,0.14728509,-0.18444465
0.70590001,0.14142853,-0.18897493
0.70599997,0.13543257,-0.19331908
0.70609999,0.12930313,-0.1974728
0.7062,0.12304624,-0.20143199
0.70630002,0.11666809,-0.20519274
0.70639998,0.11017496,-0.20875137
0.70649999,0.10357326,-0.21210434
0.70660001,0.096869506,-0.21524835
0.70670003,0.090070307,-0.21818028
0.70679998,0.083182372,-0.22089727
0.7069,0.076212496,-0.22339663
0.70700002,0.069167562,-0.22567588
0.70709997,0.062054504,-0.22773278
0.70719999,0.054880355,-0.22956529
0.70730001,0.047652181,-0.23117161
0.70740002,0.040377121,-0.23255016
0.70749998,0.03306235,-0.23369958
0.7076,0.025715081,-0.23461872
0.70770001,0.018342566,-0.2353067
0.70779997,0.010952076,-0.2357628
0.70789999,0.0035509034,-0.23598662
0.708,-0.0038536517,-0.23597792
0.70810002,-0.011254284,-0.23573668
0.70819998,-0.018643692,-0.23526317
0.70829999,-0.026014587,-0.23455785
0.70840001,-0.033359699,-0.23362142
0.70850003,-0.040671777,-0.23245479
0.70859998,-0.047943614,-0.23105913
0.7087,-0.055168029,-0.2294358
0.70880002,-0.062337901,-0.22758642
0.70889997,-0.069446154,-0.22551279
0.70899999,-0.076485783,-0.22321698
0.70910001,-0.083449833,-0.22070125
0.70920002,-0.090331435,-0.21796806
0.70929998,-0.097123809,-0.21502014
0.7094,-0.10382024,-0.21186037
0.70950001,-0.11041414,-0.20849189
0.70959997,-0.116899,-0.20491801
0.70969999,-0.12326841,-0.20114227
0.7098,-0.12951609,-0.19716838
0.70990002,-0.1356359,-0.19300027
0.70999998,-0.14162178,-0.18864204
0.7101,-0.14746782,-0.18409802
0.71020001,-0.15316828,-0.17937265
0.71030003,-0.15871751,-0.17447063
0.71039999,-0.16411006,-0.16939679
0.7105,-0.1693406,-0.16415612
0.71060002,-0.17440395,-0.1587538
0.71069998,-0.17929515,-0.15319517
0.71079999,-0.18400936,-0.14748569
0.71090001,-0.18854193,-0.14163102
0.71100003,-0.19288839,-0.13563693
0.71109998,-0.19704446,-0.12950931
0.7112,-0.20100603,-0.12325424
0.71130002,-0.20476919,-0.11687787
0.71139997,-0.20833024,-0.11038651
0.71149999,-0.21168567,-0.10378654
0.71160001,-0.21483217,-0.097084485
0.71170002,-0.21776661,-0.090286963
0.71179998,-0.22048615,-0.083400674
0.7119,-0.22298805,-0.076432414
0.71200001,-0.22526988,-0.069389053
0.71210003,-0.22732939,-0.062277548
0.71219999,-0.22916454,-0.055104915
0.7123,-0.23077351,-0.047878224
0.71240002,-0.23215473,-0.040604614
0.71249998,-0.23330684,-0.033291254
0.71259999,-0.2342287,-0.025945362
0.71270001,-0.2349194,-0.018574186
0.71280003,-0.23537827,-0.011184998
0.71289998,-0.23560484,-0.0037850894
0.713,-0.23559889,0.0036182394
0.71310002,-0.23536046,0.011017685
0.71319997,-0.23488976,0.018405946
0.71329999,-0.23418726,0.025775732
0.71340001,-0.23325366,0.033119775
0.71350002,-0.23208986,0.040430829
0.71359998,-0.23069705,0.047701675
0.7137,-0.22907658,0.054925147
0.71380001,-0.22723006,0.062094118
0.71390003,-0.2251593,0.069201514
0.71399999,-0.22286636,0.076240316
0.7141,-0.2203535,0.083203591
0.71420002,-0.2176232,0.090084456
0.71429998,-0.21467815,0.096876137
0.71439999,-0.21152127,0.10357193
0.71450001,-0.20815568,0.11016522
0.71460003,-0.20458467,0.11664952
0.71469998,-0.2008118,0.12301841
0.7148,-0.19684079,0.12926562
0.71490002,-0.19267555,0.13538499
0.71499997,-0.18832019,0.14137048
0.71509999,-0.18377902,0.14721617
0.71520001,-0.17905651,0.15291631
0.71530002,-0.17415732,0.1584653
0.71539998,-0.16908631,0.16385761
0.7155,-0.16384846,0.16908796
0.71560001,-0.15844893,0.17415118
0.71569997,-0.1528931,0.17904228
0.71579999,-0.1471864,0.18375644
0.7159,-0.14133447,0.18828899
0.71600002,-0.13534312,0.19263546
0.71609998,-0.12921824,0.19679159
0.71619999,-0.12296587,0.20075326
0.71630001,-0.11659219,0.20451656
0.71640003,-0.11010348,0.20807779
0.71649998,-0.10350616,0.21143343
0.7166,-0.096806727,0.21458018
0.71670002,-0.090011798,0.21751492
0.71679997,-0.08312808,0.22023475
0.71689999,-0.076162361,0.22273703
0.71700001,-0.069121525,0.22501925
0.71710002,-0.062012512,0.22707917
0.71719998,-0.054842342,0.22891477
0.7173,-0.047618087,0.23052423
0.71740001,-0.04034688,0.23190597
0.71749997,-0.033035897,0.23305862
0.71759999,-0.025692347,0.23398104
0.7177,-0.018323483,0.23467234
0.71780002,-0.010936577,0.23513183
0.71789998,-0.0035389147,0.23535906
0.71799999,0.003862201,0.2353538
0.71810001,0.011259467,0.23511606
0.71820003,0.018645583,0.2346461
0.71829998,0.026013261,0.23394434
0.7184,0.033355232,0.2330115
0.71850002,0.040664244,0.23184851
0.71859998,0.047933094,0.23045649
0.71869999,0.055154603,0.22883685
0.71880001,0.062321648,0.22699116
0.71890002,0.069427148,0.22492127
0.71899998,0.076464102,0.2226292
0.7191,0.083425567,0.22011723
0.71920002,0.090304665,0.21738783
0.71929997,0.097094603,0.21444368
0.71939999,0.1037887,0.21128772
0.71950001,0.11038034,0.20792305
0.71960002,0.116863,0.20435299
0.71969998,0.12323032,0.20058106
0.7198,0.12947598,0.196611
0.71990001,0.13559385,0.19244671
0.72000003,0.14157787,0.18809231
0.72009999,0.14742215,0.18355209
0.7202,0.15312091,0.17883053
0.72030002,0.15866853,0.17393231
0.72039998,0.16405955,0.16886225
0.72049999,0.16928862,0.16362534
0.72060001,0.1743506,0.15822679
0.72070003,0.17924051,0.15267189
0.72079998,0.18395351,0.14696613
0.7209,0.18848494,0.14111514
0.72100002,0.19283032,0.13512473
0.72109997,0.19698539,0.12900075
0.72119999,0.20094605,0.12274929
0.72130001,0.20470838,0.11637651
0.72140002,0.20826866,0.1098887
0.72149998,0.21162339,0.10329224
0.7216,0.21476924,0.096593671
0.72170001,0.21770313,0.089799583
0.72180003,0.22042216,0.082916699
0.72189999,0.22292365,0.075951792
0.722,0.22520512,0.068911754
0.72210002,0.22726431,0.061803516
0.72219998,0.22909923,0.054634105
0.72229999,0.23070802,0.047410589
0.72240001,0.23208912,0.0401401
0.72250003,0.23324116,0.032829814
0.72259998,0.234163,0.025486941
0.7227,0.23485374,0.01811873
0.72280002,0.2353127,0.010732451
0.72289997,0.23553941,0.0033353949
0.72299999,0.23553365,-0.0040651402
0.72310001,0.23529546,-0.011461851
0.72320002,0.23482503,-0.018847438
0.72329998,0.23412284,-0.026214613
0.7234,0.2331896,-0.033556104
0.72350001,0.2320262,-0.040864673
0.72359997,0.23063383,-0.048133098
0.72369999,0.22901382,-0.055354211
0.7238,0.22716779,-0.062520891
0.72390002,0.22509755,-0.069626056
0.72399998,0.22280516,-0.076662704
0.72409999,0.22029287,-0.083623886
0.72420001,0.21756317,-0.090502739
0.72430003,0.21461874,-0.097292461
0.72439998,0.2114625,-0.10398636
0.7245,0.20809755,-0.11057784
0.72460002,0.20452721,-0.11706038
0.72469997,0.20075502,-0.1234276
0.72479999,0.19678469,-0.1296732
0.72490001,0.19262014,-0.13579102
0.72500002,0.18826547,-0.14177504
0.72509998,0.183725,-0.14761934
0.7252,0.17900318,-0.15331814
0.72530001,0.17410471,-0.15886585
0.72539997,0.16903438,-0.16425698
0.72549999,0.1637972,-0.16948619
0.7256,0.15839836,-0.17454834
0.72570002,0.15284319,-0.17943844
0.72579998,0.14713714,-0.18415166
0.72589999,0.14128587,-0.18868335
0.72600001,0.13529514,-0.19302902
0.72610003,0.12917085,-0.1971844
0.72619998,0.12291906,-0.2011454
0.7263,0.11654594,-0.20490807
0.72640002,0.11005777,-0.20846875
0.72649997,0.10346095,-0.21182388
0.72659999,0.096762002,-0.21497019
0.72670001,0.089967519,-0.21790454
0.72680002,0.083084218,-0.22062406
0.72689998,0.076118886,-0.22312605
0.727,0.069078393,-0.22540805
0.72710001,0.061969686,-0.22746781
0.72719997,0.054799784,-0.22930327
0.72729999,0.047575761,-0.23091266
0.7274,0.040304743,-0.23229437
0.72750002,0.032993898,-0.23344705
0.72759998,0.025650451,-0.23436953
0.7277,0.018281639,-0.23506095
0.72780001,0.010894736,-0.23552057
0.72790003,0.0034970304,-0.23574798
0.72799999,-0.0039041797,-0.23574294
0.7281,-0.011301591,-0.23550546
0.72820002,-0.018687906,-0.23503578
0.72829998,-0.026055835,-0.23433433
0.72839999,-0.03339811,-0.23340183
0.72850001,-0.040707484,-0.23223922
0.72860003,-0.047976751,-0.2308476
0.72869998,-0.055198733,-0.22922838
0.7288,-0.062366307,-0.22738314
0.72890002,-0.069472395,-0.22531369
0.72899997,-0.076509997,-0.2230221
0.72909999,-0.083472162,-0.2205106
0.72920001,-0.090352029,-0.21778171
0.72930002,-0.097142793,-0.21483809
0.72939998,-0.10383777,-0.21168265
0.7295,-0.11043035,-0.20831849
0.72960001,-0.11691403,-0.20474896
0.72970003,-0.12328241,-0.20097756
0.72979999,-0.12952921,-0.19700801
0.7299,-0.13564827,-0.19284426
0.73000002,-0.14163353,-0.18849038
0.73009998,-0.14747912,-0.18395066
0.73019999,-0.15317924,-0.17922962
0.73030001,-0.15872829,-0.17433189
0.73040003,-0.16412079,-0.1692623
0.73049998,-0.16935141,-0.16402586
0.7306,-0.17441501,-0.15862775
0.73070002,-0.17930657,-0.15307327
0.73079997,-0.18402128,-0.14736791
0.73089999,-0.18855448,-0.14151731
0.73100001,-0.1929017,-0.13552722
0.73110002,-0.19705866,-0.12940359
0.73119998,-0.20102125,-0.12315242
0.7313,-0.20478556,-0.11677989
0.73140001,-0.20834789,-0.1102923
0.73150003,-0.2117047,-0.10369604
0.73159999,-0.21485271,-0.096997626
0.7317,-0.21778879,-0.090203658
0.73180002,-0.22051005,-0.083320841
0.73189998,-0.22301382,-0.076355971
0.73199999,-0.2252976,-0.06931591
0.73210001,-0.22735918,-0.062207617
0.73220003,-0.22919647,-0.055038098
0.73229998,-0.23080772,-0.047814425
0.7324,-0.23219131,-0.040543728
0.73250002,-0.23334587,-0.033233181
0.73259997,-0.23427026,-0.025889996
0.73269999,-0.2349636,-0.018521419
0.73280001,-0.23542516,-0.011134717
0.73290002,-0.23565453,-0.0037371798
0.73299998,-0.23565145,0.003663894
0.7331,-0.23541595,0.011061203
0.73320001,-0.23494825,0.018447448
0.73329997,-0.23424882,0.025815342
0.73339999,-0.23331833,0.033157617
0.7335,-0.23215772,0.040467028
0.73360002,-0.23076813,0.047736362
0.73369998,-0.22915094,0.054958452
0.73379999,-0.22730774,0.062126167
0.73390001,-0.22524033,0.069232441
0.73400003,-0.22295079,0.076270252
0.73409998,-0.22044134,0.083232671
0.7342,-0.21771449,0.090112828
0.73430002,-0.21477291,0.09690392
0.73439997,-0.21161951,0.10359927
0.73449999,-0.20825741,0.11019224
0.73460001,-0.20468992,0.11667636
0.73470002,-0.20092055,0.12304521
0.73479998,-0.19695304,0.12929252
0.7349,-0.1927913,0.13541213
0.73500001,-0.18843943,0.14139798
0.73509997,-0.18390173,0.14724419
0.73519999,-0.17918268,0.15294498
0.7353,-0.17428693,0.15849473
0.73540002,-0.16921932,0.16388796
0.73549998,-0.16398484,0.16911936
0.73559999,-0.15858866,0.17418376
0.73570001,-0.15303612,0.17907615
0.73580003,-0.14733268,0.18379174
0.73589998,-0.14148398,0.18832585
0.736,-0.13549577,0.19267403
0.73610002,-0.12937398,0.19683196
0.73619998,-0.12312465,0.20079556
0.73629999,-0.11675394,0.20456092
0.73640001,-0.11026815,0.20812432
0.73650002,-0.10367365,0.21148224
0.73659998,-0.096976981,0.21463139
0.7367,-0.090184733,0.21756864
0.73680001,-0.083303608,0.22029111
0.73689997,-0.076340407,0.2227961
0.73699999,-0.069301985,0.22508113
0.73710001,-0.062195301,0.22714399
0.73720002,-0.055027362,0.22898261
0.73729998,-0.047805239,0.23059519
0.7374,-0.040536065,0.23198013
0.73750001,-0.033227004,0.23313607
0.73760003,-0.025885273,0.23406188
0.73769999,-0.018518116,0.23475663
0.7378,-0.011132804,0.23521966
0.73790002,-0.0037366205,0.23545049
0.73799998,0.0036631343,0.23544891
0.73809999,0.011059159,0.23521492
0.73820001,0.018444156,0.23474874
0.73830003,0.02581084,0.23405086
0.73839998,0.03315194,0.23312192
0.7385,0.040460214,0.23196289
0.73860002,0.047728449,0.23057489
0.73869997,0.054949477,0.22895928
0.73879999,0.062116168,0.22711769
0.73890001,0.069221459,0.22505191
0.73900002,0.076258332,0.22276399
0.73909998,0.083219841,0.22025618
0.7392,0.090099126,0.21753097
0.73930001,0.096889392,0.21459103
0.73940003,0.10358395,0.21143928
0.73949999,0.11017618,0.20807883
0.7396,0.11665959,0.204513
0.73970002,0.12302778,0.20074528
0.73979998,0.12927446,0.19677943
0.73989999,0.13539347,0.19261934
0.74000001,0.14137878,0.18826912
0.74010003,0.14722447,0.18373308
0.74019998,0.15292479,0.17901567
0.7403,0.15847412,0.17412156
0.74040002,0.16386695,0.16905558
0.74049997,0.16909799,0.16382273
0.74059999,0.17416207,0.15842816
0.74070001,0.1790542,0.15287721
0.74080002,0.18376954,0.14717536
0.74089998,0.18830346,0.14132823
0.741,0.19265145,0.1353416
0.74110001,0.19680926,0.12922136
0.74119997,0.20077276,0.12297357
0.74129999,0.20453806,0.11660438
0.7414,0.20810144,0.11012008
0.74150002,0.21145937,0.10352707
0.74159998,0.21460856,0.096831858
0.74169999,0.21754588,0.090041056
0.74180001,0.22026846,0.083161354
0.74190003,0.22277358,0.076199546
0.74199998,0.22505879,0.069162503
0.7421,0.22712184,0.062057171
0.74220002,0.22896069,0.054890558
0.74229997,0.23057353,0.047669739
0.74239999,0.23195876,0.040401835
0.74250001,0.23311502,0.033094022
0.74260002,0.23404115,0.025753513
0.74269998,0.23473628,0.018387547
0.7428,0.23519969,0.011003396
0.74290001,0.23543093,0.0036083451
0.74299997,0.23542978,-0.0037903078
0.74309999,0.23519623,-0.011185262
0.7432,0.23473053,-0.01856922
0.74330002,0.23403312,-0.025934896
0.74339998,0.23310469,-0.033275023
0.74349999,0.23194619,-0.040582355
0.74360001,0.23055872,-0.047849681
0.74370003,0.22894368,-0.055069834
0.74379998,0.22710265,-0.062235687
0.7439,0.22503744,-0.069340169
0.74400002,0.22275011,-0.076376267
0.74409997,0.2202429,-0.083337046
0.74419999,0.2175183,-0.090215623
0.74430001,0.21457899,-0.097005233
0.74440002,0.21142787,-0.10369916
0.74449998,0.20806806,-0.11029079
0.7446,0.20450285,-0.11677364
0.74470001,0.20073579,-0.1231413
0.74479997,0.19677058,-0.1293875
0.74489999,0.19261113,-0.13550606
0.745,0.18826155,-0.14149095
0.74510002,0.18372615,-0.14733626
0.74519998,0.17900938,-0.15303624
0.74529999,0.17411591,-0.15858524
0.74540001,0.16905056,-0.1639778
0.74550003,0.16381833,-0.1692086
0.74559999,0.15842439,-0.17427248
0.7457,0.15287405,-0.17916442
0.74580002,0.14717281,-0.18387963
0.74589998,0.14132628,-0.18841343
0.74599999,0.13534023,-0.19276136
0.74610001,0.12922056,-0.19691913
0.74620003,0.12297333,-0.20088263
0.74629998,0.11660469,-0.20464794
0.7464,0.11012091,-0.20821138
0.74650002,0.10352843,-0.21156938
0.74659997,0.096833713,-0.21471868
0.74669999,0.090043388,-0.21765615
0.74680001,0.083164148,-0.22037889
0.74690002,0.07620278,-0.22288422
0.74699998,0.069166161,-0.22516966
0.7471,0.062061228,-0.22723296
0.74720001,0.054894991,-0.22907209
0.74730003,0.047674529,-0.23068522
0.74739999,0.040406957,-0.23207077
0.7475,0.033099454,-0.23322737
0.74760002,0.025759226,-0.23415388
0.74769998,0.018393518,-0.23484939
0.74779999,0.011009596,-0.23531322
0.74790001,0.0036147493,-0.23554489
0.74800003,-0.0037837275,-0.23554419
0.74809998,-0.011178534,-0.23531111
0.7482,-0.018562373,-0.23484589
0.74830002,-0.025927959,-0.23414898
0.74839997,-0.033268027,-0.23322107
0.74849999,-0.040575325,-0.23206308
0.74860001,-0.047842655,-0.23067616
0.74870002,-0.055062838,-0.22906166
0.74879998,-0.062228754,-0.22722119
0.7489,-0.06933333,-0.22515656
0.74900001,-0.076369554,-0.22286981
0.74910003,-0.08333049,-0.22036318
0.74919999,-0.090209268,-0.21763918
0.7493,-0.096999094,-0.21470046
0.74940002,-0.10369327,-0.21154994
0.74949998,-0.11028519,-0.20819072
0.74959999,-0.11676837,-0.20462611
0.74970001,-0.12313638,-0.20085965
0.74980003,-0.12938297,-0.19689505
0.74989998,-0.13550194,-0.19273621
0.75,-0.14148729,-0.18838723
0.75010002,-0.14733309,-0.18385242
0.75019997,-0.15303357,-0.17913623
0.75029999,-0.15858312,-0.17424335
0.75040001,-0.16397627,-0.16917856
0.75050002,-0.16920768,-0.16394691
0.75059998,-0.17427219,-0.15855353
0.7507,-0.17916483,-0.15300374
0.75080001,-0.18388073,-0.14730301
0.75089997,-0.18841527,-0.14145701
0.75099999,-0.19276397,-0.13547146
0.7511,-0.19692253,-0.12935229
0.75120002,-0.20088685,-0.12310553
0.75129998,-0.20465302,-0.11673735
0.75139999,-0.20821732,-0.11025402
0.75150001,-0.21157625,-0.10366195
0.75160003,-0.21472648,-0.096967645
0.75169998,-0.21766491,-0.0901777
0.7518,-0.22038864,-0.083298825
0.75190002,-0.22289498,-0.076337799
0.75199997,-0.22518145,-0.069301493
0.75209999,-0.22724581,-0.062196851
0.75220001,-0.22908601,-0.055030886
0.75230002,-0.23070025,-0.047810663
0.75239998,-0.23208693,-0.040543307
0.7525,-0.23324467,-0.03323599
0.75260001,-0.23417234,-0.025895923
0.75269997,-0.23486903,-0.018530348
0.75279999,-0.23533405,-0.01114653
0.7529,-0.23556693,-0.0037517562
0.75300002,-0.23556747,0.0036466776
0.75309998,-0.23533562,0.011041472
0.75319999,-0.23487166,0.018425329
0.75330001,-0.23417601,0.025790967
0.75340003,-0.2332494,0.033131115
0.75349998,-0.23209269,0.040438533
0.7536,-0.23070706,0.047706008
0.75370002,-0.22909388,0.054926373
0.75379997,-0.22725473,0.062092505
0.75389999,-0.22519141,0.069197327
0.75400001,-0.22290599,0.076233841
0.75410002,-0.22040071,0.08319509
0.75419998,-0.21767803,0.090074219
0.7543,-0.21474063,0.096864432
0.75440001,-0.21159145,0.10355903
0.75449997,-0.20823357,0.11015142
0.75459999,-0.2046703,0.11663508
0.75470001,-0.20090517,0.12300362
0.75480002,-0.19694188,0.12925076
0.75489998,-0.19278437,0.13537034
0.755,-0.1884367,0.14135632
0.75510001,-0.18390319,0.14720279
0.75520003,-0.17918831,0.15290397
0.75529999,-0.17429671,0.15845427
0.7554,-0.16923322,0.16384818
0.75550002,-0.16400282,0.16908039
0.75559998,-0.1586107,0.17414574
0.75569999,-0.15306215,0.17903924
0.75580001,-0.14736266,0.18375605
0.75590003,-0.14151786,0.18829153
0.75599998,-0.13553351,0.1926412
0.7561,-0.12941551,0.19680075
0.75620002,-0.12316991,0.2007661
0.75629997,-0.11680286,0.20453334
0.75639999,-0.11032066,0.20809874
0.75650001,-0.10372968,0.21145877
0.75660002,-0.097036444,0.21461016
0.75669998,-0.090247542,0.21754976
0.7568,-0.083369687,0.22027469
0.75690001,-0.07640966,0.22278225
0.75700003,-0.069374323,0.22506998
0.75709999,-0.06227063,0.22713563
0.7572,-0.055105578,0.22897713
0.75730002,-0.047886241,0.2305927
0.75739998,-0.040619746,0.23198073
0.75749999,-0.033313256,0.23313984
0.75760001,-0.025973985,0.2340689
0.75770003,-0.018609174,0.234767
0.75779998,-0.011226089,0.23523346
0.7579,-0.0038320145,0.23546779
0.75800002,0.0035657529,0.23546977
0.75809997,0.010959914,0.23523943
0.75819999,0.018343175,0.23477696
0.75830001,0.025708249,0.23408283
0.75840002,0.03304787,0.23315772
0.75849998,0.040354796,0.23200257
0.7586,0.047621816,0.23061849
0.75870001,0.054841761,0.22900686
0.75880003,0.062007509,0.22716926
0.75889999,0.069111988,0.22510752
0.759,0.07614819,0.22282368
0.75910002,0.083109178,0.22031997
0.75919998,0.089988068,0.21759887
0.75929999,0.096778087,0.21466309
0.75940001,0.10347253,0.21151549
0.75950003,0.1100648,0.20815919
0.75959998,0.11654838,0.20459753
0.7597,0.12291688,0.20083399
0.75980002,0.12916403,0.19687229
0.75989997,0.13528363,0.19271635
0.75999999,0.14126968,0.18837027
0.76010001,0.14711626,0.18383834
0.76020002,0.15281759,0.17912503
0.76029998,0.15836807,0.17423497
0.7604,0.1637622,0.16917303
0.76050001,0.16899468,0.16394417
0.76059997,0.17406033,0.15855357
0.76069999,0.17895415,0.15300654
0.7608,0.18367134,0.14730854
0.76090002,0.18820721,0.14146523
0.76099998,0.19255731,0.13548234
0.76109999,0.19671734,0.1293658
0.76120001,0.20068319,0.12312163
0.76130003,0.20445096,0.116756
0.76139998,0.20801693,0.11027518
0.7615,0.21137759,0.10368558
0.76160002,0.2145296,0.096993692
0.76169997,0.21746987,0.090206124
0.76179999,0.2201955,0.083329566
0.76190001,0.22270378,0.07637082
0.76200002,0.22499228,0.069336735
0.76209998,0.22705869,0.062234268
0.7622,0.22890101,0.055070415
0.76230001,0.23051742,0.047852252
0.76239997,0.23190629,0.040586896
0.76249999,0.23306631,0.03328152
0.7626,0.23399627,0.025943331
0.76270002,0.23469532,0.018579572
0.76279998,0.23516271,0.011197506
0.76289999,0.23539802,0.0038044204
0.76300001,0.235401,-0.0035923924
0.76310003,0.23517166,-0.010985632
0.76319999,0.23471022,-0.018368004
0.7633,0.23401715,-0.025732225
0.76340002,0.2330931,-0.033071026
0.76349998,0.23193902,-0.04037717
0.76359999,0.23055603,-0.047643445
0.76370001,0.22894549,-0.054862678
0.76380002,0.22710903,-0.062027752
0.76389998,0.22504841,-0.069131598
0.764,0.22276568,-0.076167196
0.76410002,0.22026312,-0.083127618
0.76419997,0.21754318,-0.090005979
0.76429999,0.21460854,-0.096795514
0.76440001,0.21146211,-0.1034895
0.76450002,0.20810698,-0.11008136
0.76459998,0.20454647,-0.11656456
0.7647,0.20078409,-0.12293272
0.76480001,0.19682355,-0.12917957
0.76490003,0.19266878,-0.13529891
0.76499999,0.18832386,-0.14128473
0.7651,0.18379308,-0.14713113
0.76520002,0.1790809,-0.15283231
0.76529998,0.17419201,-0.15838267
0.76539999,0.1691312,-0.16377673
0.76550001,0.16390347,-0.16900916
0.76560003,0.15851399,-0.17407481
0.76569998,0.15296806,-0.17896867
0.7658,0.14727119,-0.18368591
0.76590002,0.14142895,-0.1882219
0.76599997,0.13544713,-0.19257213
0.76609999,0.12933165,-0.19673233
0.76620001,0.12308852,-0.20069839
0.76630002,0.11672391,-0.2044664
0.76639998,0.1102441,-0.20803265
0.7665,0.10365549,-0.21139359
0.76660001,0.096964568,-0.21454595
0.76670003,0.090177946,-0.21748658
0.76679999,0.083302319,-0.22021261
0.7669,0.076344475,-0.22272132
0.76700002,0.069311276,-0.22501026
0.76709998,0.062209658,-0.22707716
0.76719999,0.055046637,-0.22891998
0.76730001,0.047829278,-0.23053691
0.76740003,0.040564701,-0.23192635
0.76749998,0.033260077,-0.23308694
0.7676,0.025922613,-0.23401752
0.76770002,0.018559549,-0.23471718
0.76779997,0.01117815,-0.23518522
0.76789999,0.0037856984,-0.23542121
0.76800001,-0.0036105092,-0.23542488
0.76810002,-0.011003176,-0.23519625
0.76819998,-0.018385006,-0.23473553
0.7683,-0.025748717,-0.2340432
0.76840001,-0.033087041,-0.2331199
0.76849997,-0.040392742,-0.2319666
0.76859999,-0.047658604,-0.2305844
0.7687,-0.054877464,-0.22897466
0.76880002,-0.062042195,-0.227139
0.76889998,-0.069145732,-0.22507919
0.76899999,-0.076181062,-0.2227973
0.76910001,-0.083141237,-0.22029556
0.76920003,-0.090019405,-0.21757646
0.76929998,-0.096808769,-0.21464267
0.7694,-0.10350263,-0.21149708
0.76950002,-0.11009438,-0.2081428
0.76959997,-0.11657753,-0.20458315
0.76969999,-0.12294567,-0.20082162
0.76980001,-0.12919252,-0.19686195
0.76990002,-0.13531192,-0.19270803
0.76999998,-0.14129782,-0.18836397
0.7701,-0.14714433,-0.18383403
0.77020001,-0.15284567,-0.17912272
0.77029997,-0.15839621,-0.17423464
0.77039999,-0.16379049,-0.16917467
0.7705,-0.16902319,-0.16394776
0.77060002,-0.17408912,-0.1585591
0.77069998,-0.1789833,-0.15301397
0.77079999,-0.18370092,-0.14731787
0.77090001,-0.18823728,-0.14147642
0.77100003,-0.19258794,-0.13549536
0.77109998,-0.1967486,-0.12938063
0.7712,-0.20071515,-0.12313823
0.77130002,-0.20448369,-0.11677434
0.77139997,-0.20805047,-0.11029524
0.77149999,-0.211412,-0.1037073
0.77160001,-0.21456496,-0.097017042
0.77170002,-0.21750623,-0.090231061
0.77179998,-0.22023292,-0.083356053
0.7719,-0.22274232,-0.076398797
0.77200001,-0.22503197,-0.069366172
0.77209997,-0.22709963,-0.062265106
0.77219999,-0.22894321,-0.055102609
0.7723,-0.23056094,-0.047885746
0.77240002,-0.23195119,-0.040621638
0.77249998,-0.23311262,-0.033317458
0.7726,-0.23404406,-0.025980409
0.77270001,-0.23474461,-0.018617732
0.77280003,-0.23521355,-0.011236689
0.77289999,-0.23545045,-0.0038445655
0.773,-0.23545505,0.0035513453
0.77310002,-0.23522738,0.010943746
0.77319998,-0.23476763,0.018325344
0.77329999,-0.23407628,0.025688853
0.77340001,-0.23315398,0.033027008
0.77350003,-0.23200168,0.040332571
0.77359998,-0.23062049,0.047598332
0.7737,-0.22901179,0.054817121
0.77380002,-0.22717716,0.06198182
0.77389997,-0.22511841,0.069085352
0.77399999,-0.22283758,0.076120719
0.77410001,-0.2203369,0.08308097
0.77420002,-0.21761887,0.089959241
0.77429998,-0.21468614,0.096748739
0.7744,-0.21154162,0.10344278
0.77450001,-0.20818841,0.11003474
0.77460003,-0.20462982,0.11651814
0.77469999,-0.20086938,0.12288656
0.7748,-0.19691077,0.12913372
0.77490002,-0.1927579,0.13525347
0.77499998,-0.1884149,0.14123976
0.77509999,-0.18388602,0.14708669
0.77520001,-0.17917575,0.15278849
0.77530003,-0.17428872,0.15833953
0.77539998,-0.16922978,0.16373433
0.7755,-0.16400389,0.16896759
0.77560002,-0.15861623,0.17403412
0.77569997,-0.1530721,0.17892894
0.77579999,-0.14737698,0.1836472
0.77590001,-0.1415365,0.18818428
0.77600002,-0.13555641,0.19253565
0.77609998,-0.1294426,0.19669707
0.7762,-0.12320112,0.20066442
0.77630001,-0.11683813,0.20443377
0.77640003,-0.1103599,0.20800141
0.77649999,-0.10377283,0.21136382
0.7766,-0.097083405,0.21451768
0.77670002,-0.090298243,0.2174599
0.77679998,-0.083424024,0.22018754
0.77689999,-0.076467544,0.22269794
0.77700001,-0.069435656,0.22498862
0.77710003,-0.062335305,0.22705731
0.77719998,-0.055173498,0.22890197
0.7773,-0.047957294,0.23052078
0.77740002,-0.040693823,0.23191215
0.77749997,-0.033390246,0.23307471
0.77759999,-0.026053771,0.23400731
0.77770001,-0.018691637,0.23470902
0.77780002,-0.011311106,0.23517917
0.77789998,-0.0039194636,0.23541729
0.778,0.0034759992,0.23542313
0.77810001,0.010867985,0.23519669
0.77819997,0.018249199,0.2347382
0.77829999,0.02561236,0.23404813
0.7784,0.032950204,0.23312713
0.77850002,0.040255487,0.23197612
0.77859998,0.047521006,0.23059624
0.77869999,0.054739587,0.22898887
0.77880001,0.06190411,0.22715557
0.77890003,0.069007508,0.22509816
0.77899998,0.076042771,0.22281866
0.7791,0.083002962,0.22031933
0.77920002,0.089881204,0.21760266
0.77929997,0.096670717,0.21467128
0.77939999,0.1033648,0.21152812
0.77950001,0.10995685,0.20817627
0.77960002,0.11644037,0.20461905
0.77969998,0.12280895,0.20085995
0.7798,0.1290563,0.19690269
0.77990001,0.1351763,0.19275118
0.77999997,0.14116286,0.18840952
0.78009999,0.14701009,0.18388198
0.7802,0.15271224,0.17917304
0.78030002,0.15826365,0.17428733
0.78039998,0.16365887,0.16922969
0.78049999,0.16889258,0.1640051
0.78060001,0.1739596,0.15861873
0.78070003,0.17885494,0.15307589
0.78079998,0.18357377,0.14738202
0.7809,0.18811142,0.14154279
0.78100002,0.19246344,0.13556392
0.78109998,0.19662552,0.12945132
0.78119999,0.20059355,0.12321104
0.78130001,0.20436361,0.11684922
0.78140002,0.20793201,0.11037215
0.78149998,0.21129522,0.1037862
0.7816,0.2144499,0.097097889
0.78170002,0.21739295,0.090313807
0.78179997,0.22012147,0.083440654
0.78189999,0.22263278,0.076485209
0.78200001,0.22492439,0.069454335
0.78210002,0.22699404,0.062354963
0.78219998,0.22883968,0.05519411
0.7823,0.2304595,0.047978837
0.78240001,0.23185191,0.040716264
0.78250003,0.23301552,0.033413555
0.78259999,0.2339492,0.026077917
0.7827,0.23465201,0.018716589
0.78280002,0.23512328,0.011336832
0.78289998,0.23536253,0.0039459313
0.78299999,0.23536952,-0.0034488237
0.78310001,0.23514426,-0.010840135
0.78320003,0.23468697,-0.01822071
0.78329998,0.23399809,-0.025583265
0.7834,0.23307832,-0.032920539
0.78350002,0.23192854,-0.04022529
0.78359997,0.23054992,-0.04749031
0.78369999,0.22894379,-0.054708429
0.78380001,0.22711176,-0.061872531
0.78390002,0.22505562,-0.068975538
0.78399998,0.22277741,-0.076010451
0.7841,0.22027937,-0.082970329
0.78420001,0.21756397,-0.089848295
0.78430003,0.2146339,-0.096637577
0.78439999,0.21149205,-0.10333146
0.7845,0.20814149,-0.10992335
0.78460002,0.20458557,-0.11640674
0.78469998,0.20082778,-0.12277523
0.78479999,0.19687182,-0.12902255
0.78490001,0.19272161,-0.13514252
0.78500003,0.18838122,-0.14112912
0.78509998,0.18385498,-0.14697641
0.7852,0.17914732,-0.15267867
0.78530002,0.17426288,-0.15823023
0.78539997,0.1692065,-0.16362563
0.78549999,0.16398318,-0.16885954
0.78560001,0.15859805,-0.17392682
0.78570002,0.15305643,-0.17882244
0.78579998,0.14736378,-0.1835416
0.7859,0.14152575,-0.18807961
0.78600001,0.13554807,-0.19243202
0.78609997,0.12943664,-0.19659452
0.78619999,0.12319751,-0.200563
0.7863,0.11683683,-0.20433357
0.78640002,0.11036087,-0.20790249
0.78649998,0.10377602,-0.21126625
0.78659999,0.097088777,-0.21442153
0.78670001,0.090305746,-0.21736521
0.78680003,0.083433613,-0.22009438
0.78689998,0.076479167,-0.22260636
0.787,0.069449268,-0.22489867
0.78710002,0.062350854,-0.22696905
0.78719997,0.055190925,-0.22881545
0.78729999,0.04797655,-0.23043607
0.78740001,0.040714841,-0.23182929
0.78750002,0.033412971,-0.23299374
0.78759998,0.02607814,-0.23392826
0.7877,0.018717591,-0.23463197
0.78780001,0.01133858,-0.23510413
0.78789997,0.0039483923,-0.23534431
0.78799999,-0.0034456807,-0.23535225
0.7881,-0.010836343,-0.23512794
0.78820002,-0.018216303,-0.23467162
0.78829998,-0.025578279,-0.23398374
0.78839999,-0.032915007,-0.23306496
0.78850001,-0.040219244,-0.23191622
0.78860003,-0.047483787,-0.23053862
0.78869998,-0.05470147,-0.22893354
0.7888,-0.061865166,-0.22710256
0.78890002,-0.068967812,-0.22504748
0.78899997,-0.076002389,-0.22277035
0.78909999,-0.082961977,-0.22027339
0.78920001,-0.089839682,-0.21755908
0.78930002,-0.09662874,-0.2146301
0.78939998,-0.10332245,-0.21148933
0.7895,-0.10991419,-0.20813988
0.78960001,-0.11639748,-0.20458506
0.78969997,-0.1227659,-0.20082836
0.78979999,-0.12901318,-0.1968735
0.7899,-0.13513316,-0.19272438
0.79000002,-0.14111979,-0.18838508
0.79009998,-0.14696717,-0.18385993
0.7902,-0.15266953,-0.17915334
0.79030001,-0.15822126,-0.17426997
0.79040003,-0.16361685,-0.16921467
0.79049999,-0.16885099,-0.16399239
0.7906,-0.17391852,-0.1586083
0.79070002,-0.17881444,-0.15306772
0.79079998,-0.18353392,-0.14737611
0.79089999,-0.18807231,-0.14153907
0.79100001,-0.1924251,-0.13556238
0.79110003,-0.19658804,-0.12945193
0.79119998,-0.20055701,-0.12321375
0.7913,-0.20432808,-0.11685401
0.79140002,-0.20789753,-0.11037897
0.79149997,-0.21126184,-0.10379502
0.79159999,-0.21441771,-0.097108662
0.79170001,-0.217362,-0.090326488
0.79180002,-0.22009183,-0.083455198
0.79189998,-0.2226045,-0.076501563
0.792,-0.22489752,-0.069472447
0.79210001,-0.22696863,-0.062374793
0.79220003,-0.22881579,-0.055215601
0.79229999,-0.2304372,-0.04800193
0.7924,-0.23183122,-0.040740903
0.79250002,-0.23299651,-0.033439685
0.79259998,-0.2339319,-0.026105477
0.79269999,-0.23463647,-0.018745517
0.79280001,-0.23510954,-0.011367069
0.79290003,-0.23535062,-0.0039774105
0.79299998,-0.2353595,0.003416165
0.7931,-0.23513615,0.010806363
0.79320002,-0.23468082,0.018185891
0.79329997,-0.23399392,0.025547467
0.79339999,-0.23307614,0.03288383
0.79350001,-0.23192841,0.040187739
0.79360002,-0.23055184,0.047451988
0.79369998,-0.22894779,0.05466941
0.7938,-0.22711785,0.061832882
0.79390001,-0.22506383,0.068935335
0.79400003,-0.22278777,0.075969771
0.79409999,-0.22029187,0.082929231
0.7942,-0.21757863,0.089806862
0.79430002,-0.21465074,0.096595883
0.79439998,-0.21151105,0.10328957
0.79449999,-0.20816268,0.10988136
0.79460001,-0.20460893,0.1163647
0.79470003,-0.20085332,0.12273324
0.79479998,-0.19689953,0.12898067
0.7949,-0.1927515,0.13510081
0.79500002,-0.18841328,0.14108767
0.79509997,-0.18388918,0.1469353
0.79519999,-0.17918366,0.15263794
0.79530001,-0.17430136,0.15818998
0.79540002,-0.16924709,0.16358593
0.79549998,-0.16402584,0.16882047
0.7956,-0.15864278,0.17388843
0.79570001,-0.1531032,0.17878482
0.79579997,-0.14741258,0.1835048
0.79589999,-0.14157654,0.18804371
0.796,-0.13560082,0.19239709
0.79610002,-0.12949133,0.19656062
0.79619998,-0.12325409,0.20053022
0.79629999,-0.11689526,0.20430195
0.79640001,-0.11042111,0.20787209
0.79650003,-0.10383804,0.21123715
0.79659998,-0.097152531,0.21439376
0.7967,-0.090371192,0.21733885
0.79680002,-0.083500706,0.2200695
0.79689997,-0.076547854,0.222583
0.79699999,-0.069519505,0.22487688
0.79710001,-0.062422581,0.2269489
0.79720002,-0.055264093,0.22879699
0.79729998,-0.0480511,0.23041932
0.7974,-0.040790722,0.23181432
0.79750001,-0.033490121,0.23298059
0.79759997,-0.026156504,0.233917
0.79769999,-0.018797103,0.23462261
0.7978,-0.011419183,0.23509672
0.79790002,-0.0040300209,0.2353389
0.79799998,0.0033630913,0.23534885
0.79809999,0.010752859,0.23512661
0.79820001,0.01813199,0.2346724
0.79830003,0.025493205,0.23398663
0.79839998,0.03282924,0.23307002
0.7985,0.040132858,0.23192345
0.79860002,0.047396846,0.23054804
0.79869998,0.054614048,0.22894518
0.79879999,0.061777335,0.22711645
0.79890001,0.068879642,0.22506362
0.79900002,0.075913958,0.22278877
0.79909998,0.082873344,0.22029409
0.7992,0.089750946,0.21758208
0.79930001,0.096539952,0.21465538
0.79939997,0.10323369,0.21151693
0.79949999,0.10982554,0.20816979
0.79960001,0.116309,0.20461726
0.79970002,0.12267768,0.20086287
0.79979998,0.12892529,0.19691032
0.7999,0.13504566,0.19276349
0.80000001,0.14103277,0.18842649
0.80010003,0.1468807,0.1839036
0.80019999,0.15258369,0.17919928
0.8003,0.1581361,0.17431816
0.80040002,0.16353245,0.16926508
0.80049998,0.16876744,0.16404501
0.80059999,0.17383587,0.15866309
0.80070001,0.17873277,0.15312468
0.80080003,0.18345331,0.14743519
0.80089998,0.1879928,0.14160025
0.801,0.19234678,0.13562563
0.80110002,0.19651097,0.12951721
0.80119997,0.20048125,0.12328105
0.80129999,0.20425369,0.11692326
0.80140001,0.20782459,0.11045014
0.80150002,0.2111904,0.10386807
0.80159998,0.21434784,0.09718354
0.8017,0.21729375,0.090403162
0.80180001,0.22002527,0.083533607
0.80190003,0.22253966,0.076581664
0.80199999,0.22483447,0.069554195
0.8021,0.22690743,0.062458128
0.80220002,0.2287565,0.055300467
0.80229998,0.23037983,0.048088271
0.80239999,0.23177585,0.040828664
0.80250001,0.23294318,0.033528801
0.80260003,0.23388065,0.026195893
0.80269998,0.23458734,0.018837169
0.8028,0.23506257,0.011459892
0.80290002,0.23530586,0.0040713418
0.80299997,0.23531698,-0.003321192
0.80309999,0.2350959,-0.010710415
0.80320001,0.23464285,-0.018089037
0.80330002,0.23395829,-0.025449777
0.80339998,0.23304288,-0.032785371
0.8035,0.23189752,-0.040088583
0.80360001,0.23052336,-0.04735221
0.80369997,0.22892174,-0.054569077
0.80379999,0.22709425,-0.061732069
0.8039,0.2250427,-0.068834119
0.80400002,0.2227691,-0.075868219
0.80409998,0.2202757,-0.082827426
0.80419999,0.21756496,-0.089704879
0.80430001,0.21463956,-0.096493781
0.80440003,0.21150237,-0.10318745
0.80449998,0.20815651,-0.10977927
0.8046,0.20460528,-0.11626274
0.80470002,0.20085217,-0.12263147
0.80479997,0.19690089,-0.12887916
0.80489999,0.19275534,-0.13499966
0.80500001,0.18841961,-0.14098693
0.80510002,0.18389799,-0.14683506
0.80519998,0.17919491,-0.15253827
0.8053,0.17431505,-0.15809095
0.80540001,0.16926321,-0.16348763
0.80549997,0.16404437,-0.16872296
0.80559999,0.15866368,-0.17379178
0.8057,0.15312645,-0.17868909
0.80580002,0.14743815,-0.18341008
0.80589998,0.14160439,-0.18795006
0.80599999,0.13563094,-0.19230458
0.80610001,0.12952366,-0.19646932
0.80620003,0.12328861,-0.20044018
0.80629998,0.11693193,-0.20421326
0.8064,0.11045989,-0.2077848
0.80650002,0.10387888,-0.21115132
0.80659997,0.097195394,-0.21430947
0.80669999,0.090416022,-0.21725614
0.80680001,0.083547458,-0.21998842
0.80690002,0.076596484,-0.22250363
0.80699998,0.069569953,-0.22479929
0.8071,0.062474795,-0.2268731
0.80720001,0.055318017,-0.22872306
0.80729997,0.048106678,-0.23034731
0.80739999,0.040847898,-0.23174427
0.8075,0.033548832,-0.23291256
0.80760002,0.026216688,-0.23385102
0.80769998,0.018858697,-0.23455872
0.80779999,0.01148212,-0.23503497
0.80790001,0.0040942389,-0.23527931
0.80800003,-0.0032976607,-0.2352915
0.80809999,-0.010686283,-0.2350715
0.8082,-0.018064339,-0.23461956
0.80830002,-0.025424547,-0.2339361
0.80839998,-0.032759648,-0.23302183
0.80849999,-0.040062401,-0.23187761
0.80860001,-0.047325604,-0.2305046
0.80870003,-0.054542087,-0.22890416
0.80879998,-0.061704729,-0.22707784
0.8089,-0.068806469,-0.22502747
0.80900002,-0.075840294,-0.22275506
0.80909997,-0.082799263,-0.22026286
0.80919999,-0.089676514,-0.21755333
0.80930001,-0.09646526,-0.21462913
0.80940002,-0.10315881,-0.21149316
0.80949998,-0.10975055,-0.20814851
0.8096,-0.11623397,-0.20459849
0.80970001,-0.12260269,-0.2008466
0.80980003,-0.12885042,-0.19689652
0.80989999,-0.13497098,-0.19275218
0.81,-0.14095835,-0.18841764
0.81010002,-0.14680663,-0.18389721
0.81019998,-0.15251003,-0.17919534
0.81029999,-0.15806293,-0.17431666
0.81040001,-0.16345985,-0.16926599
0.81050003,-0.16869548,-0.1640483
0.81059998,-0.17376463,-0.15866876
0.8107,-0.17866232,-0.15313268
0.81080002,-0.1833837,-0.1474455
0.81089997,-0.18792413,-0.14161284
0.81099999,-0.19227912,-0.13564047
0.81110001,-0.19644436,-0.12953427
0.81120002,-0.20041578,-0.12330028
0.81129998,-0.20418942,-0.11694464
0.8114,-0.20776157,-0.11047362
0.81150001,-0.21112873,-0.10389361
0.81160003,-0.21428755,-0.097211093
0.81169999,-0.21723491,-0.090432674
0.8118,-0.21996793,-0.083565041
0.81190002,-0.2224839,-0.076614968
0.81199998,-0.22478032,-0.069589309
0.81209999,-0.22685497,-0.062495004
0.81220001,-0.22870575,-0.055339046
0.81230003,-0.23033087,-0.048128501
0.81239998,-0.23172872,-0.040870484
0.8125,-0.23289792,-0.033572152
0.81260002,-0.23383732,-0.02624071
0.81269997,-0.23454598,-0.018883392
0.81279999,-0.23502322,-0.011507456
0.81290001,-0.23526855,-0.0041201813
0.81300002,-0.23528175,0.0032711441
0.81309998,-0.23506279,0.010659226
0.8132,-0.2346119,0.018036777
0.81330001,-0.23392951,0.025396515
0.81339997,-0.23301631,0.032731179
0.81349999,-0.23187318,0.04003353
0.8136,-0.23050129,0.047296371
0.81370002,-0.22890195,0.054512527
0.81379998,-0.22707677,0.061674878
0.81389999,-0.22502753,0.068776362
0.81400001,-0.22275627,0.07580997
0.81410003,-0.22026521,0.082768768
0.81419998,-0.21755683,0.089645877
0.8143,-0.21463379,0.096434519
0.81440002,-0.21149899,0.103128
0.81449997,-0.2081555,0.10971971
0.81459999,-0.20460664,0.11620314
0.81470001,-0.2008559,0.12257192
0.81480002,-0.19690698,0.12881973
0.81489998,-0.19276381,0.13494042
0.815,-0.18843043,0.14092796
0.81510001,-0.18391113,0.14677644
0.81519997,-0.17921039,0.15248008
0.81529999,-0.17433284,0.15803325
0.8154,-0.16928329,0.16343048
0.81550002,-0.16406672,0.16866645
0.81559998,-0.15868828,0.17373599
0.81569999,-0.15315327,0.17863411
0.81580001,-0.14746717,0.18335594
0.81590003,-0.14163558,0.18789686
0.81599998,-0.13566425,0.19225237
0.8161,-0.12955908,0.19641818
0.81620002,-0.12332609,0.20039017
0.81629997,-0.11697143,0.20416446
0.81639999,-0.11050138,0.20773727
0.81650001,-0.10392231,0.21110511
0.81660002,-0.097240716,0.21426465
0.81669998,-0.090463199,0.21721277
0.8168,-0.083596438,0.21994656
0.81690001,-0.076647215,0.22246334
0.81699997,-0.069622383,0.22476061
0.81709999,-0.062528878,0.22683612
0.81720001,-0.055373687,0.22868779
0.81730002,-0.048163887,0.23031382
0.81739998,-0.040906578,0.23171261
0.8175,-0.033608928,0.23288277
0.81760001,-0.02627814,0.23382315
0.81770003,-0.018921442,0.23453283
0.81779999,-0.011546094,0.23501109
0.8179,-0.0041593746,0.23525748
0.81800002,0.0032314293,0.23527174
0.81809998,0.010619025,0.23505385
0.81819999,0.017996123,0.23460405
0.81830001,0.025355443,0.23392276
0.81840003,0.032689728,0.23301066
0.81849998,0.039991736,0.23186865
0.8186,0.047254268,0.23049787
0.81870002,0.054470152,0.22889966
0.81879997,0.061632268,0.22707564
0.81889999,0.068733551,0.22502753
0.81900001,0.075766996,0.22275741
0.81910002,0.082725666,0.22026752
0.81919998,0.089602686,0.21756034
0.8193,0.096391276,0.21463847
0.81940001,0.10308474,0.21150485
0.81950003,0.10967647,0.20816255
0.81959999,0.11615998,0.20461489
0.8197,0.12252884,0.20086536
0.81980002,0.12877679,0.19691764
0.81989998,0.13489766,0.19277565
0.81999999,0.14088541,0.18844347
0.82010001,0.14673413,0.18392535
0.82020003,0.15243806,0.17922577
0.82029998,0.15799156,0.17434938
0.8204,0.16338916,0.16930097
0.82050002,0.16862553,0.16408555
0.82059997,0.17369552,0.15870826
0.82069999,0.1785941,0.15317437
0.82080001,0.18331645,0.14748938
0.82090002,0.18785793,0.1416589
0.82099998,0.19221401,0.13568866
0.8211,0.19638045,0.12958455
0.82120001,0.2003531,0.12335261
0.82130003,0.20412804,0.11699897
0.82139999,0.20770158,0.11052992
0.8215,0.21107015,0.10395183
0.82160002,0.21423046,0.097271189
0.82169998,0.2171794,0.090494603
0.82179999,0.21991402,0.083628751
0.82190001,0.22243166,0.076680407
0.82200003,0.22472982,0.069656432
0.82209998,0.22680624,0.062563747
0.8222,0.22865885,0.055409364
0.82230002,0.23028587,0.048200332
0.82239997,0.23168564,0.040943768
0.82249999,0.23285682,0.033646833
0.82260001,0.23379824,0.026316721
0.82270002,0.23450896,0.01896067
0.82279998,0.2349883,0.011585938
0.8229,0.23523578,0.0041997992
0.82300001,0.23525116,-0.0031904574
0.82309997,0.23503442,-0.010577538
0.82319999,0.23458578,-0.017954156
0.8233,0.23390566,-0.025313033
0.82340002,0.23299477,-0.032646906
0.82349998,0.23185399,-0.039948542
0.82359999,0.23048444,-0.047210734
0.82370001,0.22888748,-0.054426316
0.82380003,0.22706468,-0.061588172
0.82389998,0.22501786,-0.068689235
0.824,0.22274902,-0.075722493
0.82410002,0.2202604,-0.082681015
0.82419997,0.21755446,-0.089557931
0.82429999,0.21463388,-0.09634646
0.82440001,0.21150152,-0.10303989
0.82450002,0.2081605,-0.10963164
0.82459998,0.20461409,-0.11611518
0.8247,0.20086581,-0.12248414
0.82480001,0.19691935,-0.12873222
0.82489997,0.1927786,-0.13485324
0.82499999,0.18844765,-0.1408412
0.8251,0.18393078,-0.14669017
0.82520002,0.17923245,-0.15239438
0.82529998,0.17435728,-0.1579482
0.82539999,0.16931009,-0.16334616
0.82550001,0.16409588,-0.16858292
0.82560003,0.15871975,-0.17365332
0.82569999,0.15318705,-0.17855236
0.8258,0.14750321,-0.18327519
0.82590002,0.14167385,-0.1878172
0.82599998,0.13570473,-0.19217385
0.82609999,0.12960172,-0.19634087
0.82620001,0.12337086,-0.20031416
0.82630002,0.11701828,-0.20408978
0.82639998,0.11055028,-0.207664
0.8265,0.10397321,-0.21103331
0.82660002,0.097293578,-0.21419439
0.82669997,0.090517968,-0.21714412
0.82679999,0.08365307,-0.21987957
0.82690001,0.076705657,-0.22239806
0.82700002,0.069682576,-0.2246971
0.82709998,0.06259077,-0.22677441
0.8272,0.055437226,-0.22862796
0.82730001,0.048229009,-0.23025593
0.82740003,0.040973227,-0.2316567
0.82749999,0.033677045,-0.23282889
0.8276,0.026347658,-0.23377132
0.82770002,0.018992297,-0.23448311
0.82779998,0.011618222,-0.23496352
0.82789999,0.0042327088,-0.2352121
0.82800001,-0.0031569568,-0.2352286
0.82810003,-0.010543482,-0.23501298
0.82819998,-0.017919581,-0.23456548
0.8283,-0.025277974,-0.23388654
0.82840002,-0.0326114,-0.23297681
0.82849997,-0.039912626,-0.23183721
0.82859999,-0.047174443,-0.23046887
0.82870001,-0.054389693,-0.22887312
0.82880002,-0.061551251,-0.22705156
0.82889998,-0.068652049,-0.22500595
0.829,-0.075685091,-0.22273834
0.82910001,-0.082643427,-0.22025096
0.82920003,-0.089520201,-0.21754627
0.82929999,-0.096308619,-0.21462694
0.8294,-0.10300199,-0.21149583
0.82950002,-0.1095937,-0.20815606
0.82959998,-0.11607727,-0.20461091
0.82969999,-0.12244627,-0.20086387
0.82980001,-0.12869443,-0.19691867
0.82990003,-0.1348156,-0.19277915
0.82999998,-0.14080372,-0.18844944
0.8301,-0.14665289,-0.18393381
0.83020002,-0.15235734,-0.1792367
0.83029997,-0.15791143,-0.17436275
0.83039999,-0.16330971,-0.16931677
0.83050001,-0.16854683,-0.16410373
0.83060002,-0.17361762,-0.15872879
0.83069998,-0.17851709,-0.15319726
0.8308,-0.1832404,-0.14751457
0.83090001,-0.1877829,-0.14168635
0.83099997,-0.19214009,-0.13571835
0.83109999,-0.19630769,-0.12961644
0.8312,-0.20028158,-0.12338666
0.83130002,-0.20405783,-0.11703515
0.83139998,-0.20763272,-0.11056819
0.83149999,-0.21100274,-0.10399214
0.83160001,-0.21416456,-0.097313508
0.83170003,-0.21711504,-0.090538874
0.83179998,-0.21985129,-0.083674923
0.8319,-0.22237059,-0.076728426
0.83200002,-0.22467048,-0.069706246
0.83209997,-0.22674869,-0.062615305
0.83219999,-0.22860315,-0.055462599
0.83230001,-0.23023205,-0.04825519
0.83240002,-0.23163377,-0.041000191
0.83249998,-0.23280692,-0.033704754
0.8326,-0.23375037,-0.026376082
0.83270001,-0.23446319,-0.019021405
0.83279997,-0.23494464,-0.011647981
0.83289999,-0.23519428,-0.0042630835
0.833,-0.23521183,0.0031259998
0.83310002,-0.23499733,0.010511978
0.83319998,-0.23455094,0.017887563
0.83329999,-0.23387313,0.025245478
0.83340001,-0.23296455,0.032578465
0.83350003,-0.23182611,0.039879285
0.83359998,-0.23045893,0.047140736
0.8337,-0.22886436,0.054355655
0.83380002,-0.22704399,0.061516918
0.83389997,-0.22499958,0.068617471
0.83399999,-0.22273317,0.07565029
0.83410001,-0.220247,0.082608454
0.83420002,-0.21754353,0.089485087
0.83429998,-0.21462542,0.096273407
0.8344,-0.21149553,0.10296671
0.83450001,-0.20815697,0.1095584
0.83459997,-0.20461304,0.11604198
0.83469999,-0.20086724,0.12241104
0.8348,-0.19692324,0.12865931
0.83490002,-0.19278495,0.1347806
0.83499998,-0.18845645,0.14076889
0.8351,-0.18394201,0.14661828
0.83520001,-0.1792461,0.15232296
0.83530003,-0.17437333,0.15787736
0.83539999,-0.16932853,0.16327596
0.8355,-0.16411665,0.16851343
0.83560002,-0.15874287,0.17358463
0.83569998,-0.15321247,0.17848453
0.83579999,-0.14753091,0.1832083
0.83590001,-0.1417038,0.18775131
0.83600003,-0.13573688,0.19210905
0.83609998,-0.12963606,0.19627722
0.8362,-0.12340734,0.20025171
0.83630002,-0.11705688,0.20402861
0.83639997,-0.11059092,0.20760418
0.83649999,-0.10401587,0.21097492
0.83660001,-0.097338207,0.21413746
0.83670002,-0.090564519,0.21708873
0.83679998,-0.083701484,0.21982577
0.8369,-0.076755889,0.22234592
0.83700001,-0.069734573,0.22464666
0.83710003,-0.062644474,0.22672574
0.83719999,-0.055492584,0.22858113
0.8373,-0.048285961,0.23021096
0.83740002,-0.041031711,0.23161364
0.83749998,-0.033736996,0.23278779
0.83759999,-0.026409015,0.23373224
0.83770001,-0.019054996,0.23444608
0.83780003,-0.011682197,0.23492858
0.83789998,-0.0042978898,0.23517929
0.838,0.0030906363,0.23519795
0.83810002,0.010476093,0.23498453
0.83819997,0.017851193,0.23453927
0.83829999,0.025208656,0.23386259
0.83840001,0.032541227,0.23295517
0.83850002,0.039841671,0.2318179
0.83859998,0.047102783,0.2304519
0.8387,0.054317396,0.22885852
0.83880001,0.061478399,0.22703932
0.83890003,0.06857872,0.22499613
0.83899999,0.075611353,0.22273093
0.8391,0.082569368,0.22024599
0.83920002,0.089445889,0.21754374
0.83929998,0.096234135,0.21462685
0.83939999,0.10292741,0.21149819
0.83950001,0.10951911,0.20816086
0.83960003,0.11600273,0.20461816
0.83969998,0.12237187,0.20087357
0.8398,0.12862025,0.1969308
0.83990002,0.13474171,0.19279373
0.83999997,0.1407302,0.18846644
0.84009999,0.14657983,0.18395321
0.84020001,0.1522848,0.1792585
0.84030002,0.15783951,0.17438692
0.84039998,0.16323845,0.16934329
0.8405,0.16847631,0.1641326
0.84060001,0.17354794,0.15875997
0.84069997,0.1784483,0.15323071
0.84079999,0.18317258,0.14755028
0.8409,0.18771613,0.14172429
0.84100002,0.19207443,0.13575847
0.84109998,0.19624321,0.12965873
0.84119999,0.20021835,0.12343106
0.84130001,0.20399591,0.11708163
0.84140003,0.20757219,0.1106167
0.84149998,0.21094367,0.10404264
0.8416,0.21410698,0.097365946
0.84170002,0.21705903,0.090593204
0.84179997,0.21979691,0.083731093
0.84189999,0.22231792,0.076786391
0.84200001,0.22461955,0.069765948
0.84210002,0.22669955,0.062676691
0.84219998,0.22855587,0.055525608
0.8423,0.23018667,0.048319764
0.84240001,0.23159033,0.041066267
0.84249997,0.2327655,0.033772271
0.84259999,0.23371099,0.026444979
0.8427,0.23442589,0.019091615
0.84280002,0.23490947,0.011719438
0.84289998,0.23516127,0.0043357196
0.84299999,0.23518105,-0.0030522526
0.84310001,0.23496878,-0.010437191
0.84320003,0.23452467,-0.017811807
0.84329998,0.23384915,-0.025168825
0.8434,0.23294291,-0.032500986
0.84350002,0.23180683,-0.039801057
0.84359998,0.23044202,-0.047061831
0.84369999,0.22884986,-0.05427615
0.84380001,0.22703189,-0.061436892
0.84390002,0.22498992,-0.068536989
0.84399998,0.22272597,-0.075569443
0.8441,0.22024226,-0.08252731
0.84420002,0.21754126,-0.089403726
0.84429997,0.21462561,-0.096191905
0.84439999,0.21149822,-0.10288516
0.84450001,0.20816214,-0.10947686
0.84460002,0.20462069,-0.11596054
0.84469998,0.20087735,-0.12232977
0.8448,0.19693583,-0.12857829
0.84490001,0.1928,-0.13469991
0.84500003,0.18847395,-0.14068861
0.84509999,0.18396196,-0.14653848
0.8452,0.17926846,-0.15224373
0.84530002,0.17439811,-0.15779877
0.84539998,0.16935569,-0.16319807
0.84549999,0.16414618,-0.16843635
0.84560001,0.15877475,-0.17350839
0.84570003,0.15324666,-0.17840923
0.84579998,0.14756738,-0.18313403
0.8459,0.14174251,-0.18767811
0.84600002,0.13577782,-0.192037
0.84609997,0.12967916,-0.19620639
0.84619999,0.12345258,-0.20018217
0.84630001,0.11710421,-0.20396043
0.84640002,0.11064031,-0.20753743
0.84649998,0.10406727,-0.21090963
0.8466,0.097391568,-0.21407375
0.84670001,0.090619795,-0.21702661
0.84680003,0.08375863,-0.21976532
0.84689999,0.076814838,-0.22228719
0.847,0.069795281,-0.22458972
0.84710002,0.062706888,-0.22667065
0.84719998,0.055556636,-0.22852792
0.84729999,0.048351593,-0.2301597
0.84740001,0.04109887,-0.23156437
0.84750003,0.033805616,-0.23274057
0.84759998,0.026479028,-0.23368712
0.8477,0.019126339,-0.23440307
0.84780002,0.011754801,-0.23488776
0.84789997,0.0043716892,-0.23514068
0.84799999,-0.003015714,-0.23516157
0.84810001,-0.010400118,-0.23495044
0.84820002,-0.017774239,-0.23450747
0.84829998,-0.025130797,-0.23383312
0.8484,-0.032462537,-0.23292804
0.84850001,-0.039762221,-0.23179314
0.84859997,-0.047022648,-0.23042955
0.84869999,-0.05423665,-0.22883858
0.8488,-0.06139712,-0.22702183
0.84890002,-0.06849698,-0.22498108
0.84899998,-0.07552924,-0.22271837
0.84909999,-0.082486942,-0.2202359
0.84920001,-0.08936324,-0.21753614
0.84930003,-0.096151337,-0.21462175
0.84939998,-0.10284454,-0.21149562
0.8495,-0.10943625,-0.2081608
0.84960002,-0.11591996,-0.20462061
0.84969997,-0.12228927,-0.20087856
0.84979999,-0.12853789,-0.19693828
0.84990001,-0.13465968,-0.19280371
0.85000002,-0.14064857,-0.1884789
0.85009998,-0.14649868,-0.18396816
0.8502,-0.1522042,-0.17927589
0.85030001,-0.15775953,-0.17440674
0.85039997,-0.16315919,-0.16936553
0.85049999,-0.16839784,-0.16415723
0.8506,-0.17347033,-0.15878698
0.85070002,-0.17837165,-0.15326008
0.85079998,-0.18309695,-0.14758198
0.85089999,-0.18764158,-0.14175828
0.85100001,-0.19200103,-0.13579471
0.85110003,-0.19617103,-0.12969717
0.85119998,-0.20014745,-0.12347167
0.8513,-0.20392638,-0.11712437
0.85140002,-0.20750409,-0.11066152
0.85149997,-0.21087703,-0.10408951
0.85159999,-0.2140419,-0.097414806
0.85170001,-0.21699558,-0.090644009
0.85180002,-0.21973513,-0.083783798
0.85189998,-0.22225787,-0.076840937
0.852,-0.22456129,-0.069822274
0.85210001,-0.22664313,-0.062734745
0.85219997,-0.22850135,-0.055585336
0.85229999,-0.2301341,-0.048381105
0.8524,-0.23153976,-0.041129153
0.85250002,-0.23271696,-0.033836644
0.85259998,-0.23366456,-0.026510771
0.8527,-0.23438157,-0.019158762
0.85280001,-0.23486733,-0.011787872
0.85290003,-0.23512135,-0.0044053718
0.85299999,-0.23514338,0.0029814518
0.8531,-0.23493339,0.010365312
0.85320002,-0.2344916,0.017738923
0.85329998,-0.23381844,0.025095008
0.85339999,-0.23291457,0.032426313
0.85350001,-0.23178089,0.039725598
0.85360003,-0.23041852,0.046985667
0.85369998,-0.2288288,0.054199353
0.8538,-0.2270133,0.06135954
0.85390002,-0.22497381,0.068459161
0.85399997,-0.22271235,0.07549122
0.85409999,-0.22023116,0.082448766
0.85420001,-0.21753266,0.089324936
0.85430002,-0.21461955,0.096112959
0.85439998,-0.21149467,0.10280612
0.8545,-0.20816113,0.10939783
0.85460001,-0.20462219,0.11588158
0.85470003,-0.20088138,0.12225097
0.85479999,-0.19694237,0.12849972
0.8549,-0.19280905,0.13462165
0.85500002,-0.1884855,0.14061074
0.85509998,-0.18397599,0.14646107
0.85519999,-0.17928496,0.15216689
0.85530001,-0.17441705,0.15772253
0.85540003,-0.16937706,0.16312253
0.85549998,-0.16416995,0.16836157
0.8556,-0.15880089,0.17343448
0.85570002,-0.15327513,0.17833625
0.85579997,-0.14759818,0.18306205
0.85589999,-0.14177559,0.1876072
0.85600001,-0.13581315,0.19196722
0.85610002,-0.12971671,0.19613783
0.85619998,-0.12349231,0.20011489
0.8563,-0.11714607,0.2038945
0.85640001,-0.11068426,0.20747291
0.85650003,-0.10411327,0.2108466
0.85659999,-0.097439557,0.21401224
0.8567,-0.090669729,0.2169667
0.85680002,-0.083810456,0.21970709
0.85689998,-0.076868512,0.22223069
0.85699999,-0.069850743,0.224535
0.85710001,-0.062764071,0.22661777
0.85720003,-0.055615488,0.22847691
0.85729998,-0.048412059,0.23011063
0.8574,-0.041160878,0.2315173
0.85750002,-0.033869106,0.23269552
0.85759997,-0.026543936,0.23364414
0.85769999,-0.019192599,0.23436223
0.85780001,-0.011822345,0.23484908
0.85790002,-0.0044404482,0.2351042
0.85799998,0.0029458085,0.23512734
0.8581,0.010329137,0.2349185
0.85820001,0.017702252,0.23447786
0.85829997,0.02505788,0.23380587
0.85839999,0.032388762,0.23290318
0.8585,0.039687663,0.23177071
0.85860002,0.046947386,0.23040955
0.85869998,0.054160766,0.22882104
0.85879999,0.061320685,0.22700678
0.85890001,0.068420075,0.22496852
0.85900003,0.07545194,0.22270831
0.85909998,0.082409337,0.22022836
0.8592,0.089285396,0.21753111
0.85930002,0.096073344,0.21461925
0.85939997,0.10276648,0.21149564
0.85949999,0.10935819,0.20816335
0.85960001,0.11584199,0.20462568
0.85970002,0.12221146,0.20088613
0.85979998,0.12846033,0.19694836
0.8599,0.13458245,0.1928163
0.86000001,0.14057174,0.18849398
0.86009997,0.14642233,0.18398571
0.86019999,0.15212841,0.17929591
0.8603,0.15768439,0.17442921
0.86040002,0.16308475,0.16939043
0.86049998,0.16832419,0.16418453
0.86059999,0.17339754,0.15881664
0.86070001,0.17829977,0.15329206
0.86080003,0.18302608,0.14761625
0.86089998,0.18757178,0.14179482
0.861,0.19193238,0.13583349
0.86110002,0.1961036,0.12973815
0.86119998,0.20008133,0.12351482
0.86129999,0.20386162,0.11716964
0.86140001,0.20744075,0.11070888
0.86150002,0.21081519,0.10413889
0.86159998,0.21398161,0.097466178
0.8617,0.2169369,0.090697311
0.86180001,0.21967813,0.083838977
0.86189997,0.2222026,0.076897949
0.86199999,0.22450782,0.069881059
0.86210001,0.22659151,0.062795244
0.86220002,0.22845162,0.055647492
0.86229998,0.23008633,0.048444852
0.8624,0.23149399,0.041194439
0.86250001,0.23267326,0.033903398
0.86260003,0.23362294,0.026578931
0.86269999,0.2343421,0.019228259
0.8628,0.23483004,0.011858638
0.86290002,0.23508628,0.0044773389
0.86299998,0.23511057,-0.0029083556
0.86309999,0.23490287,-0.010291158
0.86320001,0.23446339,-0.017663782
0.86330003,0.23379259,-0.025018958
0.86339998,0.23289111,-0.032349423
0.8635,0.23175983,-0.039647948
0.86360002,0.23039989,-0.046907332
0.86369997,0.22881262,-0.05412041
0.86379999,0.2269996,-0.061280068
0.86390001,0.22496261,-0.068379238
0.86400002,0.22270364,-0.075410917
0.86409998,0.22022496,-0.082368173
0.8642,0.21752898,-0.089244127
0.86430001,0.21461838,-0.096032009
0.86440003,0.21149604,-0.10272512
0.86449999,0.20816502,-0.10931685
0.8646,0.20462863,-0.1158007
0.86470002,0.20089033,-0.12217027
0.86479998,0.19695385,-0.12841928
0.86489999,0.19282304,-0.13454156
0.86500001,0.18850198,-0.14053108
0.86510003,0.18399495,-0.14638191
0.86519998,0.17930639,-0.15208828
0.8653,0.17444092,-0.1576446
0.86540002,0.16940336,-0.16304533
0.86549997,0.16419865,-0.16828519
0.86559999,0.15883197,-0.17335898
0.86570001,0.15330857,-0.1782617
0.86580002,0.14763393,-0.18298852
0.86589998,0.14181364,-0.18753478
0.866,0.13585344,-0.19189598
0.86610001,0.12975921,-0.19606784
0.86619997,0.12353697,-0.20004621
0.86629999,0.11719286,-0.2038272
0.8664,0.11073314,-0.20740706
0.86650002,0.10416418,-0.21078227
0.86659998,0.097492464,-0.21394949
0.86669999,0.090724573,-0.21690561
0.86680001,0.083867192,-0.21964769
0.86690003,0.076927073,-0.22217304
0.86699998,0.069911085,-0.22447917
0.8671,0.062826127,-0.22656381
0.86720002,0.05567921,-0.22842489
0.86729997,0.048477374,-0.23006058
0.86739999,0.041227732,-0.23146927
0.86750001,0.033937432,-0.23264958
0.86760002,0.026613669,-0.23360032
0.86769998,0.019263672,-0.23432058
0.8678,0.011894688,-0.23480962
0.86790001,0.0045139925,-0.235067
0.86799997,-0.0028711343,-0.23509243
0.86809999,-0.010253405,-0.2348859
0.8682,-0.017625535,-0.23444761
0.86830002,-0.024980253,-0.233778
0.86839998,-0.0323103,-0.23287772
0.86849999,-0.039608441,-0.23174767
0.86860001,-0.046867482,-0.23038897
0.86870003,-0.054080255,-0.22880295
0.86879998,-0.061239645,-0.22699116
0.8689,-0.068338588,-0.22495542
0.86900002,-0.075370081,-0.22269773
0.86909997,-0.082327187,-0.22022033
0.86919999,-0.089203045,-0.21752563
0.86930001,-0.095990859,-0.21461631
0.86940002,-0.10268394,-0.21149525
0.86949998,-0.10927568,-0.20816551
0.8696,-0.11575959,-0.2046304
0.86970001,-0.12212925,-0.20089339
0.86979997,-0.12837839,-0.19695817
0.86989999,-0.13450085,-0.19282863
0.87,-0.14049058,-0.18850884
0.87010002,-0.14634167,-0.18400307
0.87019998,-0.15204835,-0.17931576
0.87029999,-0.15760498,-0.17445153
0.87040001,-0.16300608,-0.16941519
0.87050003,-0.16824634,-0.16421171
0.87059999,-0.17332059,-0.15884621
0.8707,-0.17822379,-0.15332401
0.87080002,-0.18295114,-0.14765054
0.87089998,-0.18749796,-0.14183141
0.87099999,-0.19185975,-0.13587235
0.87110001,-0.19603223,-0.12977923
0.87120003,-0.20001128,-0.1235581
0.87129998,-0.20379296,-0.11721507
0.8714,-0.20737356,-0.1107564
0.87150002,-0.21074952,-0.10418847
0.87159997,-0.21391754,-0.097517759
0.87169999,-0.21687448,-0.090750851
0.87180001,-0.21961743,-0.083894424
0.87190002,-0.22214366,-0.076955236
0.87199998,-0.22445072,-0.069940142
0.8721,-0.2265363,-0.062856063
0.87220001,-0.22839835,-0.05570998
0.87230003,-0.23003504,-0.048508953
0.87239999,-0.23144476,-0.04126009
0.8725,-0.23262611,-0.033970535
0.87260002,-0.23357792,-0.026647484
0.87269998,-0.23429926,-0.019298162
0.87279999,-0.23478943,-0.011929823
0.87290001,-0.23504792,-0.0045497348
0.87300003,-0.23507451,0.0028348197
0.87309998,-0.23486914,0.010216555
0.8732,-0.23443204,0.017588187
0.87330002,-0.23376362,0.024942441
0.87339997,-0.23286456,0.032272063
0.87349999,-0.23173574,0.039569821
0.87360001,-0.23037827,0.046828516
0.87370002,-0.22879349,0.05404098
0.87379998,-0.22698298,0.061200105
0.8739,-0.2249485,0.068298817
0.87400001,-0.22269209,0.075330123
0.87410003,-0.22021595,0.082287081
0.87419999,-0.21752253,0.089162827
0.8743,-0.2146145,0.095950574
0.87440002,-0.21149471,0.10264362
0.87449998,-0.20816627,0.10923538
0.87459999,-0.20463243,0.11571934
0.87470001,-0.20089671,0.1220891
0.87480003,-0.19696276,0.12833838
0.87489998,-0.1928345,0.134461
0.875,-0.18851598,0.14045094
0.87510002,-0.18401146,0.14630228
0.87519997,-0.1793254,0.15200925
0.87529999,-0.17446242,0.15756622
0.87540001,-0.16942731,0.1629677
0.87550002,-0.16422504,0.16820838
0.87559998,-0.15886076,0.17328306
0.8757,-0.15333974,0.17818674
0.87580001,-0.14766744,0.18291461
0.87589997,-0.14184946,0.18746199
0.87599999,-0.13589154,0.19182438
0.8761,-0.12979954,0.19599749
0.87620002,-0.12357951,0.1999772
0.87629998,-0.11723755,0.2037596
0.87639999,-0.11077994,0.20734091
0.87650001,-0.10421304,0.21071765
0.87660003,-0.097543344,0.21388647
0.87669998,-0.09077742,0.21684425
0.8768,-0.083921939,0.21958804
0.87690002,-0.076983683,0.22211517
0.87699997,-0.06996949,0.22442314
0.87709999,-0.062886275,0.22650968
0.87720001,-0.055741034,0.22837269
0.87730002,-0.048540816,0.23001039
0.87739998,-0.041292727,0.23142113
0.8775,-0.034003913,0.23260352
0.87760001,-0.026681574,0.2335564
0.87769997,-0.01933293,0.23427884
0.87779999,-0.011965231,0.23477012
0.8779,-0.0045857495,0.23502976
0.87800002,0.0027982353,0.23505749
0.87809998,0.010179437,0.2348533
0.87819999,0.017550573,0.23441738
0.87830001,0.024904368,0.23375016
0.87840003,0.03223357,0.23285232
0.87849998,0.039530948,0.23172472
0.8786,0.046789296,0.23036849
0.87870002,0.054001458,0.22878496
0.87879997,0.061160315,0.22697571
0.87889999,0.068258807,0.22494251
0.87900001,0.075289927,0.22268735
0.87910002,0.082246736,0.22021249
0.87919998,0.089122377,0.21752036
0.8793,0.095910065,0.21461362
0.87940001,0.10260309,0.21149512
0.87949997,0.10919487,0.20816796
0.87959999,0.11567888,0.20463541
0.87970001,0.12204874,0.20090097
0.87980002,0.12829816,0.1969683
0.87989998,0.13442096,0.19284131
0.88,0.14041112,0.18852405
0.88010001,0.14626272,0.1840208
0.88020003,0.15196998,0.179336
0.88029999,0.1575273,0.17447425
0.8804,0.16292915,0.16944037
0.88050002,0.16817024,0.16423933
0.88059998,0.17324537,0.15887626
0.88069999,0.17814957,0.15335643
0.88080001,0.18287796,0.1476853
0.88090003,0.1874259,0.14186849
0.88099998,0.1917889,0.1359117
0.8811,0.19596264,0.12982082
0.88120002,0.19994302,0.12360189
0.88129997,0.20372611,0.11726101
0.88139999,0.20730819,0.11080445
0.88150001,0.2106857,0.10423858
0.88160002,0.21385533,0.09756989
0.88169998,0.21681392,0.090804942
0.8818,0.2195586,0.083950423
0.88190001,0.22208662,0.07701309
0.88200003,0.22439553,0.069999792
0.88209999,0.226483,0.062917449
0.8822,0.22834702,0.055773042
0.88230002,0.22998571,0.048573632
0.88239998,0.23139748,0.041326318
0.88249999,0.23258093,0.034038246
0.88260001,0.2335349,0.026716614
0.88270003,0.23425844,0.019368643
0.88279998,0.23475084,0.012001582
0.8829,0.23501162,0.0046227039
0.88300002,0.23504052,-0.0027607139
0.88309997,0.23483749,-0.010141386
0.88319999,0.23440278,-0.017512029
0.88330001,0.23373677,-0.02486537
0.88340002,0.23284014,-0.032194156
0.88349998,0.23171379,-0.039491154
0.8836,0.23035879,-0.046749163
0.88370001,0.22877653,-0.053961027
0.88380003,0.22696854,-0.061119623
0.88389999,0.2249366,-0.068217896
0.884,0.22268274,-0.075248837
0.88410002,0.22020917,-0.082205512
0.88419998,0.21751833,-0.089081049
0.88429999,0.21461287,-0.095868677
0.88440001,0.21149567,-0.10256169
0.88450003,0.2081698,-0.10915349
0.88459998,0.20463854,-0.11563756
0.8847,0.20090538,-0.12200753
0.88480002,0.19697402,-0.12825708
0.88489997,0.19284831,-0.13438009
0.88499999,0.18853232,-0.14037046
0.88510001,0.18403034,-0.14622234
0.88520002,0.1793468,-0.1519299
0.88529998,0.17448629,-0.15748756
0.8854,0.16945367,-0.16288979
0.88550001,0.16425383,-0.16813131
0.88559997,0.15889196,-0.17320691
0.88569999,0.15337335,-0.1781116
0.8858,0.14770339,-0.18284053
0.88590002,0.14188774,-0.18738903
0.88599998,0.1359321,-0.19175264
0.88609999,0.12984236,-0.19592704
0.88620001,0.12362452,-0.19990811
0.88630003,0.11728472,-0.20369191
0.88639998,0.11082923,-0.20727473
0.8865,0.10426439,-0.21065302
0.88660002,0.097596705,-0.21382347
0.88669997,0.090832748,-0.21678291
0.88679999,0.083979182,-0.21952847
0.88690001,0.077042781,-0.2220574
0.88700002,0.070030376,-0.22436723
0.88709998,0.062948905,-0.22645567
0.8872,0.055805344,-0.22832067
0.88730001,0.048606738,-0.22996038
0.88739997,0.041360199,-0.23137321
0.88749999,0.034072876,-0.23255771
0.8876,0.026751952,-0.23351277
0.88770002,0.019404655,-0.23423742
0.88779998,0.012038236,-0.23473096
0.88789999,0.0046599614,-0.23499288
0.88800001,-0.0027228885,-0.23502295
0.88810003,-0.010103029,-0.23482111
0.88819999,-0.017473178,-0.23438759
0.8883,-0.024826065,-0.23372281
0.88840002,-0.032154433,-0.23282743
0.88849998,-0.039451052,-0.2317023
0.88859999,-0.046708725,-0.23034857
0.88870001,-0.053920288,-0.22876757
0.88880002,-0.061078627,-0.22696085
0.88889998,-0.068176679,-0.22493021
0.889,-0.075207442,-0.22267763
0.88910002,-0.082163975,-0.22020535
0.88919997,-0.089039415,-0.21751581
0.88929999,-0.095826991,-0.21461165
0.88940001,-0.10251999,-0.21149576
0.88950002,-0.10911181,-0.20817119
0.88959998,-0.11559595,-0.20464124
0.8897,-0.12196602,-0.20090938
0.88980001,-0.12821573,-0.1969793
0.88990003,-0.13433892,-0.19285488
0.88999999,-0.14032952,-0.18854019
0.8901,-0.14618166,-0.18403947
0.89020002,-0.15188955,-0.17935719
0.89029998,-0.15744755,-0.17449795
0.89039999,-0.16285017,-0.16946656
0.89050001,-0.1680921,-0.16426797
0.89060003,-0.17316817,-0.15890732
0.89069998,-0.17807336,-0.15338989
0.8908,-0.18280284,-0.14772114
0.89090002,-0.18735193,-0.14190665
0.89099997,-0.19171615,-0.13595216
0.89109999,-0.19589119,-0.12986355
0.89120001,-0.19987294,-0.12364682
0.89130002,-0.20365748,-0.11730811
0.89139998,-0.20724104,-0.11085368
0.8915,-0.21062014,-0.10428989
0.89160001,-0.21379139,-0.097623214
0.89170003,-0.21675169,-0.09086024
0.89179999,-0.21949813,-0.084007643
0.8919,-0.22202797,-0.077072173
0.89200002,-0.22433874,-0.070060678
0.89209998,-0.22642815,-0.062980078
0.89219999,-0.22829415,-0.055837363
0.89230001,-0.22993489,-0.048639573
0.89240003,-0.23134875,-0.041393813
0.89249998,-0.23253433,-0.034107234
0.8926,-0.23349048,-0.026787022
0.89270002,-0.23421626,-0.019440405
0.89279997,-0.23471092,-0.012074629
0.89289999,-0.23497401,-0.0046969606
0.89300001,-0.23500524,0.0026853189
0.89310002,-0.2348046,0.010064927
0.89319998,-0.23437229,0.01743458
0.8933,-0.23370874,0.024787011
0.89340001,-0.23281458,0.03211496
0.89349997,-0.23169072,0.039411198
0.89359999,-0.23033826,0.046668533
0.8937,-0.22875853,0.053879794
0.89380002,-0.22695309,0.061037876
0.89389998,-0.22492373,0.068135709
0.89399999,-0.22267245,0.075166292
0.89410001,-0.22020146,0.082122684
0.89420003,-0.21751323,0.088998035
0.89429998,-0.21461038,0.095785543
0.8944,-0.21149579,0.10247853
0.89450002,-0.20817253,0.10907038
0.89459997,-0.20464389,0.11555459
0.89469999,-0.20091332,0.12192477
0.89480001,-0.19698454,0.12817462
0.89490002,-0.19286142,0.134298
0.89499998,-0.18854801,0.14028884
0.8951,-0.18404859,0.14614125
0.89520001,-0.17936757,0.15184943
0.89529997,-0.1745096,0.15740779
0.89539999,-0.16947944,0.16281082
0.8955,-0.1642821,0.16805318
0.89560002,-0.15892267,0.17312971
0.89569998,-0.15340646,0.17803541
0.89579999,-0.14773889,0.18276542
0.89590001,-0.14192557,0.18731509
0.89600003,-0.13597223,0.19167992
0.89609998,-0.12988475,0.19585563
0.8962,-0.12366914,0.19983807
0.89630002,-0.11733152,0.20362332
0.89639997,-0.11087815,0.20720765
0.89649999,-0.10431541,0.21058753
0.89660001,-0.097649761,0.21375962
0.89670002,-0.090887778,0.21672077
0.89679998,-0.084036142,0.21946809
0.8969,-0.077101603,0.22199886
0.89700001,-0.070091017,0.22431056
0.89709997,-0.063011296,0.22640096
0.89719999,-0.055869423,0.22826795
0.8973,-0.048672449,0.22990972
0.89740002,-0.041427471,0.23132463
0.89749998,-0.034141637,0.2325113
0.8976,-0.026822142,0.23346855
0.89770001,-0.019476201,0.23419543
0.89780003,-0.012111069,0.23469123
0.89789999,-0.0047340076,0.23495549
0.898,0.0026477019,0.2349879
0.89810002,0.010026777,0.23478846
0.89819998,0.017395936,0.23435737
0.89829999,0.02474791,0.23369503
0.89840001,0.032075442,0.23280212
0.89850003,0.039371304,0.23167951
0.89859998,0.046628296,0.23032832
0.8987,0.053839263,0.22874987
0.89880002,0.060997084,0.22694571
0.89889997,0.068094701,0.22491765
0.89899999,0.075125106,0.22266766
0.89910001,0.082081363,0.22019799
0.89920002,0.088956617,0.21751106
0.89929998,0.095744073,0.21460952
0.8994,0.10243705,0.21149625
0.89950001,0.10902893,0.2081743
0.89960003,0.11551321,0.20464696
0.89969999,0.1218835,0.20091772
0.8998,0.12813351,0.19699024
0.89990002,0.13425708,0.19286841
0.89999998,0.14024815,0.1885563
0.90009999,0.14610083,0.18405814
0.90020001,0.15180933,0.17937841
0.90030003,0.15736805,0.1745217
0.90039998,0.16277146,0.1694928
0.9005,0.16801426,0.16429669
0.90060002,0.17309126,0.15893848
0.90069997,0.17799747,0.15342347
0.90079999,0.18272804,0.1477571
0.90090001,0.1872783,0.14194496
0.90100002,0.19164376,0.13599278
0.90109998,0.19582012,0.12990643
0.9012,0.19980325,0.12369194
0.90130001,0.20358923,0.11735541
0.90140003,0.20717433,0.11090311
0.90149999,0.210555,0.10434141
0.9016,0.21372791,0.097676784
0.90170002,0.21668993,0.090915792
0.90179998,0.21943815,0.084065117
0.90189999,0.22196983,0.077131525
0.90200001,0.2242825,0.07012184
0.90210003,0.22637387,0.063042998
0.90219998,0.22824186,0.055901971
0.9023,0.22988467,0.048705809
0.90240002,0.23130064,0.041461609
0.90249997,0.23248838,0.034176525
0.90259999,0.23344673,0.026857741
0.90270001,0.23417476,0.01951248
0.90280002,0.23467171,0.012147988
0.90289998,0.23493712,0.004771532
0.903,0.23497073,-0.0026096092
0.90310001,0.23477249,-0.0099881534
0.90319997,0.23434262,-0.01735682
0.90329999,0.23368151,-0.024708338
0.9034,0.23278986,-0.032035455
0.90350002,0.23166852,-0.039330944
0.90359998,0.23031859,-0.046587601
0.90369999,0.22874142,-0.053798269
0.90380001,0.22693856,-0.060955837
0.90390003,0.22491179,-0.068053238
0.90399998,0.22266312,-0.075083472
0.9041,0.22019476,-0.082039595
0.90420002,0.21750914,-0.088914759
0.90429997,0.21460891,-0.095702171
0.90439999,0.21149695,-0.10239513
0.90450001,0.20817633,-0.10898704
0.90460002,0.2046503,-0.1154714
0.90469998,0.20092237,-0.12184181
0.9048,0.1969962,-0.12809198
0.90490001,0.19287568,-0.13421574
0.90499997,0.18856485,-0.14020705
0.90509999,0.18406799,-0.14606002
0.9052,0.17938954,-0.15176885
0.90530002,0.1745341,-0.15732792
0.90539998,0.16950646,-0.16273174
0.90549999,0.16431159,-0.16797496
0.90560001,0.15895461,-0.17305246
0.90570003,0.15344082,-0.17795917
0.90579998,0.14777564,-0.18269031
0.9059,0.14196467,-0.18724115
0.90600002,0.13601366,-0.19160725
0.90609998,0.12992845,-0.19578427
0.90619999,0.12371507,-0.19976811
0.90630001,0.11737964,-0.20355482
0.90640002,0.11092842,-0.2071407
0.90649998,0.10436776,-0.21052217
0.9066,0.09770415,-0.21369591
0.90670002,0.090944156,-0.2166588
0.90679997,0.084094457,-0.21940792
0.90689999,0.077161796,-0.22194053
0.90700001,0.070153028,-0.22425416
0.90710002,0.063075058,-0.22634651
0.90719998,0.055934876,-0.22821553
0.9073,0.04873953,-0.22985937
0.90740001,0.041496113,-0.23127641
0.90750003,0.034211777,-0.23246524
0.90759999,0.026893707,-0.23342471
0.9077,0.019549122,-0.23415387
0.90780002,0.012185273,-0.23465197
0.90789998,0.0048094224,-0.23491856
0.90799999,-0.0025711507,-0.23495336
0.90810001,-0.0099491645,-0.23475634
0.90820003,-0.01731734,-0.23432769
0.90829998,-0.024668405,-0.23366784
0.9084,-0.03199511,-0.23277743
0.90850002,-0.03929022,-0.23165736
0.90859997,-0.046546545,-0.23030871
0.90869999,-0.053756919,-0.22873284
0.90880001,-0.060914233,-0.22693127
0.90890002,-0.068011418,-0.22490582
0.90899998,-0.07504148,-0.22265846
0.9091,-0.081997484,-0.2201914
0.90920001,-0.088872552,-0.21750711
0.90930003,-0.095659919,-0.21460821
0.90939999,-0.10235288,-0.21149758
0.9095,-0.10894483,-0.20817827
0.90960002,-0.11542926,-0.20465358
0.90969998,-0.12179979,-0.20092696
0.90979999,-0.12805012,-0.19700211
0.90990001,-0.13417408,-0.1928829
0.91000003,-0.14016564,-0.18857338
0.91009998,-0.14601889,-0.18407781
0.9102,-0.15172805,-0.17940064
0.91030002,-0.15728748,-0.17454647
0.91039997,-0.1626917,-0.16952009
0.91049999,-0.16793539,-0.16432647
0.91060001,-0.17301336,-0.15897073
0.91070002,-0.17792061,-0.15345815
0.91079998,-0.18265228,-0.14779417
0.9109,-0.18720374,-0.1419844
0.91100001,-0.19157046,-0.13603455
0.91109997,-0.19574817,-0.12995048
0.91119999,-0.19973271,-0.12373822
0.9113,-0.20352016,-0.11740389
0.91140002,-0.20710681,-0.11095375
0.91149998,-0.21048909,-0.10439415
0.91159999,-0.21366368,-0.09773156
0.91170001,-0.21662745,-0.090972565
0.91180003,-0.21937747,-0.084123828
0.91189998,-0.22191101,-0.077192113
0.912,-0.22422561,-0.070184253
0.91210002,-0.22631896,-0.06310717
0.91219997,-0.22818899,-0.055967838
0.91229999,-0.22983389,-0.048773307
0.91240001,-0.23125198,-0.041530672
0.91250002,-0.23244193,-0.034247085
0.91259998,-0.23340252,-0.026929731
0.9127,-0.23413281,-0.019585827
0.91280001,-0.23463209,-0.01222262
0.91289997,-0.23489985,-0.0048473761
0.91299999,-0.23493585,0.0025326279
0.9131,-0.23474005,0.0099101104
0.91320002,-0.23431264,0.017277792
0.91329998,-0.23365404,0.024628405
0.91339999,-0.2327649,0.031954695
0.91350001,-0.23164609,0.039249431
0.91360003,-0.23029874,0.046505421
0.91369998,-0.22872415,0.053715505
0.9138,-0.2269239,0.060872566
0.91390002,-0.22489975,0.067969546
0.91399997,-0.22265372,0.074999437
0.91409999,-0.22018799,0.081955306
0.91420001,-0.21750502,0.088830292
0.91430002,-0.21460745,0.095617615
0.91439998,-0.21149816,0.10231057
0.9145,-0.20818017,0.10890255
0.91460001,-0.20465681,0.11538707
0.91469997,-0.20093152,0.12175772
0.91479999,-0.19700798,0.12800822
0.9149,-0.19289008,0.13413239
0.91500002,-0.18858187,0.14012419
0.91509998,-0.1840876,0.14597772
0.9152,-0.17941172,0.1516872
0.91530001,-0.17455883,0.15724701
0.91540003,-0.16953373,0.16265164
0.91549999,-0.16434136,0.16789578
0.9156,-0.15898687,0.17297424
0.91570002,-0.15347551,0.17788202
0.91579998,-0.14781274,0.18261425
0.91589999,-0.14200415,0.18716632
0.91600001,-0.13605545,0.19153368
0.91610003,-0.12997255,0.19571206
0.91619998,-0.12376142,0.19969732
0.9163,-0.1174282,0.20348552
0.91640002,-0.11097912,0.20707294
0.91649997,-0.10442058,0.21045604
0.91659999,-0.097759016,0.21363148
0.91670001,-0.091001026,0.21659613
0.91680002,-0.084153265,0.21934706
0.91689998,-0.077222489,0.22188155
0.917,-0.070215546,0.22419712
0.91710001,-0.063139342,0.22629146
0.91720003,-0.056000862,0.22816253
0.91729999,-0.048807152,0.22980846
0.9174,-0.041565306,0.23122765
0.91750002,-0.034282468,0.23241869
0.91759998,-0.026965829,0.23338039
0.91769999,-0.019622602,0.23411183
0.91780001,-0.012260033,0.23461226
0.91790003,-0.0048853871,0.23488118
0.91799998,0.0024940567,0.23491836
0.9181,0.0098710172,0.23472373
0.91820002,0.017238213,0.23429754
0.91829997,0.024588374,0.23364016
0.91839999,0.031914257,0.23275226
0.91850001,0.039208625,0.23163471
0.91860002,0.046464287,0.23028862
0.91869998,0.053674076,0.22871532
0.9188,0.060830887,0.22691634
0.91890001,0.067927651,0.22489348
0.91900003,0.074957378,0.22264875
0.91909999,0.081913114,0.22018433
0.9192,0.08878801,0.21750267
0.91930002,0.09557528,0.2146064
0.91939998,0.10226823,0.21149844
0.91949999,0.10886025,0.20818177
0.91960001,0.11534484,0.2046597
0.91970003,0.12171561,0.20093572
0.91979998,0.12796627,0.1970135
0.9199,0.13409063,0.19289689
0.92000002,0.14008269,0.18858996
0.92009997,0.1459365,0.18409698
0.92019999,0.15164632,0.17942238
0.92030001,0.15720648,0.17457075
0.92040002,0.16261151,0.16954692
0.92049998,0.16785611,0.16435581
0.9206,0.17293505,0.15900256
0.92070001,0.17784336,0.15349244
0.92079997,0.18257618,0.14783089
0.92089999,0.18712884,0.14202349
0.921,0.19149685,0.13607599
0.92110002,0.19567591,0.12999423
0.92119998,0.19966188,0.12378422
0.92129999,0.20345084,0.11745211
0.92140001,0.20703906,0.11100412
0.92150003,0.21042296,0.10444662
0.92159998,0.21359926,0.097786091
0.9217,0.21656479,0.091029108
0.92180002,0.21931663,0.084182315
0.92189997,0.22185206,0.077252492
0.92199999,0.22416861,0.070246466
0.92210001,0.22626396,0.063171148
0.92220002,0.22813605,0.056033526
0.92229998,0.22978306,0.048840635
0.9224,0.23120332,0.041599575
0.92250001,0.23239546,0.034317493
0.92259997,0.23335831,0.027001571
0.92269999,0.23409089,0.019659027
0.9228,0.23459251,0.01229711
0.92290002,0.23486267,0.0049230806
0.92299998,0.23490109,-0.0024557849
0.92309999,0.23470773,-0.0098322053
0.92320001,0.23428281,-0.017198902
0.92330003,0.23362671,-0.024548607
0.92339998,0.23274012,-0.031874068
0.9235,0.23162389,-0.03916806
0.92360002,0.23027912,-0.046423383
0.92369998,0.22870713,-0.053632881
0.92379999,0.22690952,-0.06078944
0.92390001,0.22488801,-0.067885995
0.92400002,0.22264461,-0.074915558
0.92409998,0.22018157,-0.081871174
0.9242,0.21750127,-0.088745996
0.92430001,0.21460637,-0.095533229
0.92439997,0.21149974,-0.10222618
0.92449999,0.20818444,-0.10881826
0.92460001,0.20466374,-0.11530294
0.92470002,0.20094112,-0.12167384
0.92479998,0.19702023,-0.12792467
0.9249,0.19290498,-0.13404927
0.92500001,0.18859939,-0.14004157
0.92510003,0.18410775,-0.14589569
0.92519999,0.17943445,-0.15160584
0.9253,0.17458414,-0.15716639
0.92540002,0.16956156,-0.16257185
0.92549998,0.16437171,-0.16781689
0.92559999,0.15901971,-0.17289634
0.92570001,0.15351081,-0.17780519
0.92580003,0.14785047,-0.18253857
0.92589998,0.14204426,-0.18709184
0.926,0.13609791,-0.19146051
0.92610002,0.13001731,-0.19564024
0.92619997,0.12380844,-0.19962694
0.92629999,0.11747742,-0.20341666
0.92640001,0.11103052,-0.20700565
0.92650002,0.10447409,-0.2103904
0.92659998,0.09781459,-0.21356755
0.9267,0.091058604,-0.21653397
0.92680001,0.084212795,-0.21928674
0.92690003,0.077283911,-0.22182313
0.92699999,0.070278794,-0.22414064
0.9271,0.063204356,-0.226237
0.92720002,0.056067582,-0.22811013
0.92729998,0.048875507,-0.22975819
0.92739999,0.04163523,-0.23117955
0.92750001,0.034353893,-0.23237279
0.92760003,0.027038682,-0.23333678
0.92769998,0.019696817,-0.23407052
0.9278,0.012335539,-0.23457332
0.92790002,0.0049621123,-0.23484465
0.92799997,-0.002416187,-0.23488429
0.92809999,-0.0097920801,-0.23469217
0.92820001,-0.01715829,-0.2342685
0.92830002,-0.024507547,-0.23361367
0.92839998,-0.031832602,-0.23272835
0.9285,-0.039126225,-0.23161341
0.92860001,-0.046381224,-0.23026994
0.92869997,-0.053590436,-0.22869928
0.92879999,-0.060746748,-0.22690298
0.9289,-0.067843109,-0.2248828
0.92900002,-0.074872501,-0.22264074
0.92909998,-0.081827998,-0.22017901
0.92919999,-0.088702746,-0.21750006
0.92930001,-0.095489942,-0.21460651
0.92940003,-0.10218291,-0.21150121
0.92949998,-0.10877503,-0.20818725
0.9296,-0.11525981,-0.2046679
0.92970002,-0.12163084,-0.2009466
0.92979997,-0.12788185,-0.19702706
0.92989999,-0.13400666,-0.19291313
0.93000001,-0.13999923,-0.18860887
0.93010002,-0.14585365,-0.18411852
0.93019998,-0.15156415,-0.17944653
0.9303,-0.15712507,-0.1745975
0.93040001,-0.16253096,-0.16957621
0.93049997,-0.16777647,-0.16438763
0.93059999,-0.17285642,-0.15903686
0.9307,-0.1777658,-0.1535292
0.93080002,-0.18249977,-0.14787006
0.93089998,-0.18705367,-0.14206506
0.93099999,-0.19142298,-0.13611989
0.93110001,-0.19560342,-0.13004044
0.93120003,-0.19959083,-0.1238327
0.93129998,-0.20338131,-0.1175028
0.9314,-0.20697112,-0.11105698
0.93150002,-0.2103567,-0.1045016
0.93159997,-0.21353471,-0.09784314
0.93169999,-0.21650203,-0.091088153
0.93180001,-0.21925572,-0.08424332
0.93190002,-0.22179307,-0.07731539
0.93199998,-0.22411159,-0.070311189
0.9321,-0.22620896,-0.063237637
0.93220001,-0.22808313,-0.056101717
0.93229997,-0.22973228,-0.048910465
0.93239999,-0.23115472,-0.041670974
0.9325,-0.23234911,-0.03439039
0.93260002,-0.23331423,-0.027075898
0.93269998,-0.23404914,-0.019734712
0.93279999,-0.23455313,-0.012374079
0.93290001,-0.2348257,-0.0050012586
0.93300003,-0.23486656,0.002376474
0.93309999,-0.23467569,0.0097518386
0.9332,-0.23425327,0.017117558
0.93330002,-0.23359972,0.024466367
0.93339998,-0.2327157,0.031791013
0.93349999,-0.23160204,0.039084267
0.93360001,-0.2302599,0.046338938
0.93370003,-0.22869056,0.053547863
0.93379998,-0.22689559,0.060703933
0.9339,-0.22487675,0.06780009
0.93400002,-0.22263603,0.074829325
0.93409997,-0.22017567,0.08178471
0.93419999,-0.21749805,0.088659376
0.93430001,-0.21460585,0.095446542
0.93440002,-0.21150193,0.10213952
0.93449998,-0.20818932,0.10873169
0.9346,-0.20467132,0.11521656
0.93470001,-0.20095138,0.12158773
0.93480003,-0.19703318,0.12783892
0.93489999,-0.19292058,0.13396396
0.935,-0.18861766,0.13995679
0.93510002,-0.18412863,0.14581151
0.93519998,-0.17945795,0.15152235
0.93529999,-0.17461023,0.15708368
0.93540001,-0.16959022,0.16248998
0.93550003,-0.16440292,0.16773596
0.93559998,-0.1590534,0.17281643
0.9357,-0.15354697,0.17772634
0.93580002,-0.14788908,0.1824609
0.93589997,-0.14208527,0.18701543
0.93599999,-0.13614129,0.1913854
0.93610001,-0.130063,0.19556653
0.93620002,-0.1238564,0.1995547
0.93629998,-0.11752761,0.20334594
0.9364,-0.11108289,0.20693655
0.93650001,-0.10452858,0.21032298
0.93660003,-0.097871155,0.21350186
0.93669999,-0.091117181,0.21647008
0.9368,-0.084273331,0.21922472
0.93690002,-0.077346355,0.22176303
0.93699998,-0.070343077,0.22408254
0.93709999,-0.06327042,0.22618094
0.93720001,-0.056135356,0.22805618
0.93730003,-0.048944928,0.22970639
0.93739998,-0.04170623,0.23112994
0.9375,-0.034426402,0.23232545
0.93760002,-0.027112627,0.23329173
0.93769997,-0.019772127,0.23402783
0.93779999,-0.012412138,0.23453301
0.93790001,-0.0050399257,0.23480678
0.93800002,0.0023372362,0.23484889
0.93809998,0.0097120702,0.23465925
0.9382,0.017077301,0.2342381
0.93830001,0.024425657,0.23358585
0.93839997,0.031749893,0.2327031
0.93849999,0.039042778,0.23159078
0.9386,0.046297118,0.23024994
0.93870002,0.05350576,0.22868194
0.93879998,0.060661584,0.2268883
0.93889999,0.067757539,0.2248708
0.93900001,0.074786611,0.22263144
0.93910003,0.081741877,0.22017242
0.93919998,0.088616468,0.21749619
0.9393,0.095403604,0.21460535
0.93940002,0.10209659,0.21150278
0.93949997,0.10868882,0.20819153
0.93959999,0.11517378,0.20467487
0.93970001,0.12154509,0.20095628
0.93980002,0.12779646,0.19703944
0.93989998,0.13392171,0.19292818
0.94,0.13991481,0.18862659
0.94010001,0.14576985,0.18413889
0.94019997,0.15148103,0.17946953
0.94029999,0.15704276,0.1746231
0.9404,0.16244949,0.16960439
0.94050002,0.16769594,0.16441835
0.94059998,0.17277691,0.15907012
0.94069999,0.17768739,0.15356493
0.94080001,0.18242253,0.14790826
0.94090003,0.18697768,0.14210565
0.94099998,0.19134833,0.13616286
0.9411,0.19553016,0.13008574
0.94120002,0.19951905,0.12388028
0.94129997,0.20331109,0.11755262
0.94139999,0.2069025,0.11110898
0.94150001,0.21028976,0.10455574
0.94160002,0.21346954,0.097899362
0.94169998,0.21643867,0.091146402
0.9418,0.21919423,0.084303536
0.94190001,0.22173353,0.077377513
0.94199997,0.22405404,0.070375159
0.94209999,0.22615346,0.063303396
0.94220001,0.22802976,0.05616919
0.94230002,0.22968104,0.048979584
0.94239998,0.23110572,0.041741673
0.9425,0.23230237,0.034462605
0.94260001,0.2332698,0.027149549
0.94270003,0.23400706,0.019809728
0.94279999,0.23451345,0.012450387
0.9429,0.23478845,0.0050787805
0.94300002,0.23483178,-0.002297814
0.94309998,0.23464341,-0.0096721184
0.94319999,0.23422353,-0.017036859
0.94330001,0.23357256,-0.024384767
0.94340003,0.23269112,-0.031708594
0.94349998,0.23158011,-0.039001111
0.9436,0.2302406,-0.04625513
0.94370002,0.22867392,-0.053463485
0.94379997,0.22688162,-0.060619067
0.94389999,0.22486548,-0.067714818
0.94400001,0.22262748,-0.07474374
0.94410002,0.22016981,-0.081698887
0.94419998,0.21749492,-0.088573411
0.9443,0.21460545,-0.095360518
0.94440001,0.21150425,-0.10205352
0.94450003,0.20819436,-0.1086458
0.94459999,0.20467907,-0.11513087
0.9447,0.20096184,-0.12150232
0.94480002,0.19704634,-0.12775388
0.94489998,0.19293644,-0.13387936
0.94499999,0.18863618,-0.13987273
0.94510001,0.18414982,-0.14572808
0.94520003,0.17948177,-0.15143962
0.94529998,0.17463665,-0.15700173
0.9454,0.16961923,-0.1624089
0.94550002,0.16443448,-0.16765584
0.94559997,0.15908749,-0.17273732
0.94569999,0.15358356,-0.17764835
0.94580001,0.1479281,-0.1823841
0.94590002,0.14212671,-0.18693988
0.94599998,0.13618511,-0.1913112
0.9461,0.13010916,-0.19549374
0.94620001,0.12390484,-0.19948338
0.94630003,0.1175783,-0.20327619
0.94639999,0.11113576,-0.20686843
0.9465,0.10458359,-0.21025655
0.94660002,0.097928248,-0.21343718
0.94669998,0.091176309,-0.21640724
0.94679999,0.084334426,-0.21916376
0.94690001,0.077409349,-0.22170402
0.94700003,0.07040792,-0.22402555
0.94709998,0.063337043,-0.22612602
0.9472,0.056203697,-0.22800337
0.94730002,0.049014919,-0.22965576
0.94739997,0.041777797,-0.23108155
0.94749999,0.034499481,-0.23227933
0.94760001,0.027187146,-0.23324794
0.94770002,0.01984801,-0.23398639
0.94779998,0.01248931,-0.23449399
0.9479,0.0051183114,-0.23477022
0.94800001,-0.0022577159,-0.23481481
0.94809997,-0.0096314931,-0.23462771
0.94819999,-0.016995747,-0.23420911
0.9483,-0.024343209,-0.23355943
0.94840002,-0.031666629,-0.23267931
0.94849998,-0.038958784,-0.23156962
0.94859999,-0.046212479,-0.23023143
0.94870001,-0.053420555,-0.22866611
0.94880003,-0.060575902,-0.22687516
0.94889998,-0.067671463,-0.22486037
0.949,-0.074700229,-0.22262374
0.94910002,-0.081655271,-0.22016744
0.94919997,-0.088529721,-0.21749394
0.94929999,-0.095316805,-0.21460584
0.94940001,-0.10200983,-0.21150599
0.94950002,-0.10860217,-0.20819749
0.94959998,-0.11508735,-0.20468357
0.9497,-0.12145896,-0.2009677
0.94980001,-0.1277107,-0.19705357
0.94989997,-0.13383642,-0.19294502
0.94999999,-0.13983007,-0.18864611
0.9501,-0.14568573,-0.18416107
0.95020002,-0.15139765,-0.17949435
0.95029998,-0.15696016,-0.17465055
0.95039999,-0.16236779,-0.16963443
0.95050001,-0.16761519,-0.16445096
0.95060003,-0.1726972,-0.15910526
0.95069999,-0.1776088,-0.15360257
0.9508,-0.18234517,-0.14794835
0.95090002,-0.18690158,-0.14214818
0.95099998,-0.19127358,-0.13620777
0.95109999,-0.19545685,-0.13013299
0.95120001,-0.19944724,-0.12392983
0.95130002,-0.20324084,-0.1176044
0.95139998,-0.20683391,-0.11116297
0.9515,-0.21022289,-0.10461187
0.95160002,-0.21340443,-0.097957581
0.95169997,-0.21637541,-0.091206655
0.95179999,-0.21913289,-0.084365763
0.95190001,-0.22167414,-0.077441648
0.95200002,-0.22399668,-0.070441142
0.95209998,-0.22609819,-0.063371159
0.9522,-0.22797664,-0.056238674
0.95230001,-0.22963011,-0.049050722
0.95240003,-0.23105703,-0.041814391
0.95249999,-0.23225597,-0.034536831
0.9526,-0.23322575,-0.027225211
0.95270002,-0.2339654,-0.019886754
0.95279998,-0.23447421,-0.012528699
0.95289999,-0.23475167,-0.0051583033
0.95300001,-0.23479751,0.0022171589
0.95310003,-0.23461169,0.0095904116
0.95319998,-0.23419437,0.01695418
0.9533,-0.233546,0.024301197
0.95340002,-0.23266719,0.031624213
0.95349997,-0.23155881,0.038916007
0.95359999,-0.23022199,0.046169382
0.95370001,-0.22865801,0.053377181
0.95380002,-0.22686842,0.06053229
0.95389998,-0.22485499,0.067627653
0.954,-0.22261973,0.07465627
0.95410001,-0.22016481,0.081611209
0.95420003,-0.21749267,0.088485599
0.95429999,-0.21460594,0.09527266
0.9544,-0.2115075,0.1019657
0.95450002,-0.20820037,0.10855812
0.95459998,-0.20468782,0.11504341
0.95469999,-0.20097332,0.12141516
0.95480001,-0.19706054,0.1276671
0.95490003,-0.19295335,0.13379307
0.95499998,-0.18865579,0.13978699
0.9551,-0.18417209,0.14564298
0.95520002,-0.1795067,0.15135525
0.95529997,-0.17466421,0.15691818
0.95539999,-0.16964941,0.16232625
0.95550001,-0.16446723,0.16757415
0.95560002,-0.15912279,0.1726567
0.95569998,-0.15362138,0.17756887
0.9558,-0.1479684,0.18230583
0.95590001,-0.14216943,0.1868629
0.95599997,-0.13623023,0.19123559
0.95609999,-0.13015662,0.19541956
0.9562,-0.12395461,0.19941072
0.95630002,-0.11763032,0.20320512
0.95639998,-0.11118998,0.20679902
0.95649999,-0.10463996,0.21018885
0.95660001,-0.097986721,0.21337129
0.95670003,-0.091236815,0.21634321
0.95679998,-0.084396914,0.21910165
0.9569,-0.077473752,0.22164389
0.95700002,-0.070474185,0.22396746
0.95709997,-0.063405097,0.22607003
0.95719999,-0.056273472,0.22794954
0.95730001,-0.049086343,0.22960414
0.95740002,-0.041850809,0.23103218
0.95749998,-0.034574002,0.23223227
0.9576,-0.027263107,0.23320323
0.95770001,-0.019925334,0.23394409
0.95779997,-0.012567922,0.23445413
0.95789999,-0.0051981322,0.23473282
0.958,0.0021767635,0.23477992
0.95810002,0.0095494892,0.23459537
0.95819998,0.01691277,0.23417936
0.95829999,0.024259342,0.23353229
0.95840001,0.031581953,0.23265481
0.95850003,0.038873386,0.23154777
0.95859998,0.046126436,0.23021229
0.9587,0.053333957,0.22864966
0.95880002,0.060488835,0.22686143
0.95889997,0.067584008,0.22484939
0.95899999,0.074612476,0.2226155
0.95910001,0.081567302,0.22016196
0.95920002,0.088441633,0.21749119
0.95929998,0.095228679,0.21460587
0.9594,0.10192174,0.2115088
0.95950001,0.10851423,0.20820305
0.95959997,0.11499962,0.20469187
0.95969999,0.12137154,0.20097876
0.9598,0.12762368,0.19706735
0.95990002,0.13374987,0.19296151
0.95999998,0.13974409,0.18866532
0.9601,0.14560041,0.18418297
0.96020001,0.15131305,0.17951891
0.96030003,0.15687637,0.17467774
0.96039999,0.1622849,0.16966425
0.9605,0.16753329,0.16448337
0.96060002,0.17261636,0.1591402
0.96069998,0.17752911,0.15364005
0.96079999,0.18226668,0.1479883
0.96090001,0.18682441,0.14219058
0.96100003,0.19119778,0.13625257
0.96109998,0.19538249,0.13018014
0.9612,0.19937442,0.12397929
0.96130002,0.20316961,0.11765613
0.96139997,0.20676434,0.1112169
0.96149999,0.21015505,0.10466796
0.96160001,0.21333839,0.098015763
0.96170002,0.21631125,0.091266885
0.96179998,0.21907064,0.084427975
0.9619,0.2216139,0.077505782
0.96200001,0.22393849,0.070507139
0.96210003,0.22604212,0.063438952
0.96219999,0.22792271,0.056308188
0.9623,0.22957842,0.049121894
0.96240002,0.23100761,0.041887153
0.96249998,0.23220886,0.034611102
0.96259999,0.233181,0.027300928
0.96270001,0.23392306,0.019963836
0.96280003,0.23443432,0.012607072
0.96289998,0.23471427,0.0052378885
0.963,0.23476264,-0.0021364402
0.96310002,0.23457937,-0.0095086386
0.96319997,0.23416466,-0.016871434
0.96329999,0.23351891,-0.024217559
0.96340001,0.23264275,-0.031539768
0.96350002,0.23153706,-0.038830839
0.96359998,0.23020291,-0.046083573
0.9637,0.22864164,-0.053290814
0.96380001,0.2268548,-0.060445458
0.96390003,0.22484411,-0.067540437
0.96399999,0.22261161,-0.074568756
0.9641,0.22015944,-0.081523485
0.96420002,0.21749008,-0.088397756
0.96429998,0.21460614,-0.095184781
0.96439999,0.21151045,-0.10187788
0.96450001,0.20820609,-0.10847043
0.96460003,0.2046963,-0.11495594
0.96469998,0.20098457,-0.12132801
0.9648,0.19707453,-0.12758036
0.96490002,0.19297007,-0.13370679
0.96499997,0.18867522,-0.13970129
0.96509999,0.18419422,-0.14555794
0.96520001,0.17953151,-0.15127096
0.96530002,0.17469168,-0.15683471
0.96539998,0.16967948,-0.16224368
0.9655,0.16449989,-0.16749257
0.96560001,0.15915802,-0.17257619
0.96569997,0.15365912,-0.1774895
0.96579999,0.14800863,-0.1822277
0.9659,0.14221212,-0.18678607
0.96600002,0.13627532,-0.19116014
0.96609998,0.13020407,-0.1953456
0.96619999,0.12400438,-0.19933829
0.96630001,0.11768235,-0.20313428
0.96640003,0.11124423,-0.20672984
0.96649998,0.10469637,-0.21012144
0.9666,0.09804523,-0.2133057
0.96670002,0.091297373,-0.21627948
0.96679997,0.084459454,-0.21903986
0.96689999,0.07753823,-0.22158411
0.96700001,0.07054051,-0.22390974
0.96710002,0.063473225,-0.22601442
0.96719998,0.056343324,-0.22789611
0.9673,0.049157858,-0.22955292
0.96740001,0.04192391,-0.23098326
0.96749997,0.03464862,-0.23218568
0.96759999,0.027339164,-0.23315901
0.9677,0.020002756,-0.23390229
0.96780002,0.012646634,-0.23441479
0.96789998,0.005278056,-0.23469599
0.96799999,-0.0020957079,-0.23474562
0.96810001,-0.009467382,-0.23456365
0.96820003,-0.016829692,-0.23415025
0.96829998,-0.024175376,-0.23350582
0.9684,-0.031497184,-0.23263098
0.96850002,-0.038787894,-0.23152664
0.96859998,-0.046040311,-0.23019385
0.96869999,-0.053247284,-0.22863396
0.96880001,-0.060401693,-0.22684848
0.96890002,-0.067496486,-0.22483918
0.96899998,-0.074524663,-0.22260804
0.9691,-0.081479289,-0.22015728
0.96920002,-0.088353507,-0.2174893
0.96929997,-0.095140524,-0.21460676
0.96939999,-0.10183365,-0.21151246
0.96950001,-0.10842628,-0.20820948
0.96960002,-0.11491191,-0.2047011
0.96969998,-0.12128414,-0.20099075
0.9698,-0.12753668,-0.1970821
0.96990001,-0.13366339,-0.19297901
0.97000003,-0.13965818,-0.18868552
0.97009999,-0.14551516,-0.18420587
0.9702,-0.15122855,-0.17954451
0.97030002,-0.15679272,-0.174706
0.97039998,-0.16220216,-0.16969512
0.97049999,-0.16745155,-0.16451684
0.97060001,-0.1725357,-0.15917625
0.97070003,-0.17744961,-0.15367861
0.97079998,-0.18218844,-0.14802937
0.9709,-0.18674748,-0.14223409
0.97100002,-0.19112223,-0.13629849
0.97109997,-0.19530842,-0.13022843
0.97119999,-0.1993019,-0.1240299
0.97130001,-0.20309871,-0.11770901
0.97140002,-0.20669512,-0.111272
0.97149998,-0.2100876,-0.10472522
0.9716,-0.21327277,-0.098075137
0.97170001,-0.2162475,-0.091328301
0.97180003,-0.21900886,-0.08449138
0.97189999,-0.22155413,-0.077571116
0.972,-0.22388078,-0.070574336
0.97210002,-0.22598656,-0.063507937
0.97219998,-0.22786933,-0.056378905
0.97229999,-0.22952728,-0.049194269
0.97240001,-0.23095876,-0.041961115
0.97250003,-0.23216236,-0.03468658
0.97259998,-0.23313689,-0.027377844
0.9727,-0.23388138,-0.020042118
0.97280002,-0.23439512,-0.012686639
0.97289997,-0.23467758,-0.0053186645
0.97299999,-0.2347285,0.0020545356
0.97310001,-0.23454782,0.0094256857
0.97320002,-0.23413573,0.016787514
0.97329998,-0.23349263,0.024132758
0.9734,-0.23261915,0.031454168
0.97350001,-0.23151615,0.03874452
0.97359997,-0.23018473,0.045996625
0.97369999,-0.22862621,0.053203326
0.9738,-0.22684211,0.060357507
0.97390002,-0.2248342,0.067452118
0.97399998,-0.22260445,0.074480154
0.97409999,-0.22015509,0.081434682
0.97420001,-0.21748851,0.088308848
0.97430003,-0.21460736,0.095095858
0.97439998,-0.21151447,0.10178902
0.9745,-0.2082129,0.10838173
0.97460002,-0.20470591,0.11486748
0.97469997,-0.20099694,0.12123989
0.97479999,-0.19708967,0.12749264
0.97490001,-0.19298796,0.13361959
0.97500002,-0.18869585,0.13961469
0.97509998,-0.18421757,0.14547201
0.9752,-0.17955753,0.15118578
0.97530001,-0.17472036,0.15675037
0.97539997,-0.16971081,0.16216028
0.97549999,-0.16453384,0.16741018
0.9756,-0.15919453,0.17249489
0.97570002,-0.15369818,0.1774094
0.97579998,-0.14805019,0.18214883
0.97589999,-0.14225614,0.18670854
0.97600001,-0.13632175,0.19108403
0.97610003,-0.13025288,0.19527096
0.97619998,-0.12405551,0.1992652
0.9763,-0.11773576,0.20306283
0.97640002,-0.11129986,0.20666011
0.97649997,-0.10475417,0.21005346
0.97659999,-0.098105147,0.21323955
0.97670001,-0.09135934,0.21621525
0.97680002,-0.084523417,0.2189776
0.97689998,-0.077604115,0.22152388
0.977,-0.070608266,0.22385159
0.97710001,-0.063542776,0.22595844
0.97719997,-0.056414608,0.22784233
0.97729999,-0.049230803,0.22950141
0.9774,-0.041998442,0.23093404
0.97750002,-0.034724668,0.23213883
0.97759998,-0.027416652,0.23311456
0.9777,-0.020081609,0.23386028
0.97780001,-0.012726774,0.23437527
0.97790003,-0.0053594033,0.234659
0.97799999,0.0020132323,0.23471121
0.9781,0.00938386,0.23453183
0.97820002,0.016745206,0.23412107
0.97829998,0.024090009,0.23347929
0.97839999,0.031411022,0.23260716
0.97850001,0.03870102,0.23150553
0.97860003,0.045952808,0.23017548
0.97869998,0.053159241,0.22861832
0.9788,0.060313199,0.22683562
0.97890002,0.067407623,0.22482911
0.97899997,0.074435525,0.22260077
0.97909999,0.081389956,0.22015281
0.97920001,0.08826407,0.21748763
0.97930002,0.095051073,0.21460789
0.97939998,0.10174427,0.21151641
0.9795,0.10833707,0.20821624
0.97960001,0.11482295,0.20471065
0.97970003,0.12119552,0.20100307
0.97979999,0.1274485,0.1970972
0.9799,0.13357571,0.19299687
0.98000002,0.1395711,0.18870613
0.98009998,0.14542876,0.18422922
0.98019999,0.15114293,0.17957054
0.98030001,0.15670794,0.17473471
0.98040003,0.16211833,0.16972649
0.98049998,0.16736874,0.16455083
0.9806,0.17245401,0.15921281
0.98070002,0.1773691,0.15371773
0.98079997,0.18210918,0.14807101
0.98089999,0.18666956,0.14227819
0.98100001,0.19104576,0.13634503
0.98110002,0.19523343,0.13027734
0.98119998,0.19922848,0.12408114
0.9813,0.20302694,0.11776254
0.98140001,0.20662506,0.11132775
0.98150003,0.21001932,0.10478316
0.98159999,0.21320634,0.098135181
0.9817,0.21618299,0.091390409
0.98180002,0.21894634,0.084555484
0.98189998,0.22149365,0.077637158
0.98199999,0.22382241,0.07064224
0.98210001,0.22593033,0.063577652
0.98220003,0.22781533,0.056450356
0.98229998,0.22947556,0.049267381
0.9824,0.23090936,0.042035818
0.98250002,0.23211533,0.0347628
0.98259997,0.23309228,0.027455509
0.98269999,0.23383923,0.020121148
0.98280001,0.23435548,0.012766957
0.98290002,0.23464048,0.0054001915
0.98299998,0.23469399,-0.0019718807
0.9831,0.23451592,-0.009341985
0.98320001,0.23410648,-0.016702849
0.98329997,0.23346604,-0.024047213
0.98339999,0.23259526,-0.031367827
0.9835,0.23149499,-0.038657472
0.98360002,0.23016633,-0.04590895
0.98369998,0.22861058,-0.053115111
0.98379999,0.22682925,-0.060268845
0.98390001,0.22482413,-0.067363091
0.98400003,0.22259721,-0.074390858
0.98409998,0.22015065,-0.081345201
0.9842,0.2174869,-0.088219263
0.98430002,0.21460856,-0.095006265
0.98439997,0.21151848,-0.1016995
0.98449999,0.20821974,-0.10829238
0.98460001,0.20471554,-0.11477839
0.98470002,0.20100938,-0.12115114
0.98479998,0.1971049,-0.12740433
0.9849,0.19300596,-0.13353179
0.98500001,0.18871661,-0.1395275
0.98509997,0.18424106,-0.14538552
0.98519999,0.17958374,-0.15110007
0.9853,0.17474926,-0.15666553
0.98540002,0.16974236,-0.16207638
0.98549998,0.16456801,-0.16732731
0.98559999,0.15923131,-0.17241314
0.98570001,0.1537375,-0.17732884
0.98580003,0.14809203,-0.18206955
0.98589998,0.14230046,-0.18663062
0.986,0.1363685,-0.19100752
0.98610002,0.13030203,-0.19519596
0.98619998,0.12410699,-0.19919179
0.98629999,0.11778953,-0.20299108
0.98640001,0.11135587,-0.20659009
0.98650002,0.10481235,-0.20998523
0.98659998,0.098165452,-0.2131732
0.9867,0.091421708,-0.21615081
0.98680001,0.08458779,-0.21891515
0.98689997,0.077670425,-0.2214635
0.98699999,0.070676453,-0.22379333
0.98710001,0.063612767,-0.22590233
0.98720002,0.056486335,-0.22778845
0.98729998,0.049304195,-0.22944982
0.9874,0.042073429,-0.23088479
0.98750001,0.03480117,-0.23209195
0.98760003,0.0274946,-0.23307012
0.98769999,0.020160923,-0.23381832
0.9878,0.012807375,-0.23433582
0.98790002,0.0054412126,-0.23462212
0.98799998,-0.0019302961,-0.23467691
0.98809999,-0.009299878,-0.23450017
0.98820001,-0.016660264,-0.23409206
0.98830003,-0.024004187,-0.23345298
0.98839998,-0.031324405,-0.23258355
0.9885,-0.038613696,-0.23148467
0.98860002,-0.045864869,-0.23015738
0.98869997,-0.053070765,-0.22860301
0.98879999,-0.060224276,-0.22682309
0.98890001,-0.06731835,-0.22481938
0.98900002,-0.074345976,-0.22259386
0.98909998,-0.081300229,-0.22014873
0.9892,-0.088174246,-0.21748638
0.98930001,-0.094961248,-0.21460946
0.98940003,-0.10165454,-0.21152081
0.98949999,-0.1082475,-0.20822346
0.9896,-0.11473365,-0.20472069
0.98970002,-0.12110657,-0.20101593
0.98979998,-0.12735999,-0.19711286
0.98989999,-0.13348773,-0.19301531
0.99000001,-0.13948373,-0.18872733
0.99010003,-0.14534211,-0.18425316
0.99019998,-0.15105706,-0.17959721
0.9903,-0.15662295,-0.17476407
0.99040002,-0.1620343,-0.16975851
0.99049997,-0.16728576,-0.16458549
0.99059999,-0.17237213,-0.15925007
0.99070001,-0.17728844,-0.15375756
0.99080002,-0.1820298,-0.14811336
0.99089998,-0.18659155,-0.14232302
0.991,-0.19096918,-0.1363923
0.99110001,-0.19515839,-0.130327
0.99119997,-0.19915502,-0.12413315
0.99129999,-0.20295514,-0.11781684
0.9914,-0.20655501,-0.11138429
0.99150002,-0.20995107,-0.10484188
0.99159998,-0.21313997,-0.098196037
0.99169999,-0.21611856,-0.091453329
0.99180001,-0.21888392,-0.084620409
0.99190003,-0.2214333,-0.07770402
0.99199998,-0.22376418,-0.070710979
0.9921,-0.2258743,-0.063648202
0.99220002,-0.22776154,-0.056522638
0.99229997,-0.22942406,-0.049341332
0.99239999,-0.2308602,-0.042111363
0.99250001,-0.23206857,-0.034839865
0.99260002,-0.23304796,-0.027534014
0.99269998,-0.23379742,-0.020201018
0.9928,-0.23431619,-0.012848114
0.99290001,-0.23460376,-0.0054825544
0.99299997,-0.23465987,0.0018883925
0.99309999,-0.23448445,0.0092574544
0.9932,-0.23407768,0.01661736
0.99330002,-0.23343994,0.023960849
0.99339998,-0.2325719,0.031280674
0.99349999,-0.23147438,0.038569614
0.99360001,-0.23014848,0.045820478
0.99370003,-0.22859551,0.05302611
0.99379998,-0.226817,0.060179405
0.9939,-0.2248147,0.067273304
0.99400002,-0.22259061,0.074300803
0.99409997,-0.22014688,0.081254967
0.99419999,-0.21748596,0.088128947
0.99430001,-0.21461047,0.094915949
0.99440002,-0.21152325,0.10160929
0.99449998,-0.20822732,0.10820235
0.9946,-0.20472597,0.11468863
0.99470001,-0.20102262,0.12106174
0.99479997,-0.19712095,0.12731539
0.99489999,-0.1930248,0.13344339
0.995,-0.18873821,0.13943972
0.99510002,-0.18426542,0.14529845
0.99519998,-0.17961083,0.15101381
0.99529999,-0.17477906,0.15658014
0.99540001,-0.16977483,0.16199197
0.99550003,-0.16460313,0.16724396
0.99559999,-0.15926902,0.17233092
0.9957,-0.15377779,0.17724782
0.99580002,-0.14813486,0.18198985
0.99589998,-0.14234579,0.18655229
0.99599999,-0.13641627,0.19093065
0.99610001,-0.13035218,0.19512062
0.99620003,-0.12415951,0.19911806
0.99629998,-0.11784434,0.20291902
0.9964,-0.11141293,0.20651977
0.99650002,-0.10487161,0.20991674
0.99659997,-0.09822683,0.21310659
0.99669999,-0.091485165,0.21608616
0.99680001,-0.084653243,0.21885253
0.99690002,-0.077737831,0.22140296
0.99699998,-0.070745729,0.22373493
0.9971,-0.063683853,0.22584614
0.99720001,-0.056559168,0.22773452
0.99730003,-0.049378693,0.22939821
0.99739999,-0.042149525,0.23083554
0.9975,-0.03487879,0.23204511
0.99760002,-0.027573662,0.23302574
0.99769998,-0.02024135,0.23377647
0.99779999,-0.012889089,0.23429652
0.99790001,-0.0055241329,0.23458539
0.99800003,0.0018462526,0.23464282
0.99809998,0.0092147943,0.23446873
0.9982,0.016574223,0.2340633
0.99830002,0.023917275,0.23342694
0.99839997,0.031236708,0.23256026
0.99849999,0.038525298,0.23146415
0.99860001,0.045775861,0.23013964
0.99870002,0.052981231,0.22858809
0.99879998,0.06013431,0.22681099
0.9989,0.067228034,0.22481012
0.99900001,0.074255407,0.22258744
0.99910003,0.081209496,0.22014515
0.99919999,0.088083439,0.21748567
0.9993,0.094870448,0.21461162
0.99940002,0.10156383,0.21152581
0.99949998,0.10815699,0.20823132
0.99959999,0.11464342,0.20473137
0.99970001,0.12101671,0.20102943
0.99980003,0.12727058,0.19712915
0.99989998,0.13339885,0.19303438
1,0.13939548,0.18874915
1.0001,0.14525457,0.18427773
1.0002,0.15097032,0.1796245
1.0003,0.1565371,0.17479406
1.0003999,0.16194943,0.16979119
1.0005,0.16720195,0.16462082
1.0006,0.17228949,0.15928803
1.0007,0.17720702,0.15379812
1.0008,0.1819497,0.14815646
1.0009,0.18651284,0.14236864
1.001,0.19089195,0.13644038
1.0010999,0.19508269,0.1303775
1.0012,0.19908094,0.12418599
1.0013,0.20288277,0.11787198
1.0014,0.20648439,0.11144169
1.0015,0.20988229,0.10490146
1.0016,0.21307309,0.09825775
1.0017,0.21605365,0.091517121
1.0017999,0.21882103,0.084686212
1.0019,0.22137251,0.077771768
1.002,0.22370556,0.070780613
1.0021,0.22581789,0.063719645
1.0022,0.2277074,0.056595828
1.0023,0.22937225,0.049416192
1.0024,0.23081076,0.042187817
1.0025001,0.23202156,0.034917839
1.0026,0.23300342,0.027613431
1.0027,0.23375538,0.020281801
1.0028,0.23427671,0.01293018
1.0029,0.2345669,0.0055658245
1.003,0.23462564,-0.0018040012
1.0031,0.23445287,-0.0091720242
1.0032001,0.2340488,-0.016530976
1.0033,0.2334138,-0.023873596
1.0034,0.23254851,-0.031192638
1.0035,0.23145378,-0.038480882
1.0036,0.23013067,-0.045731138
1.0037,0.22858052,-0.052936252
1.0038,0.22680485,-0.060089111
1.0039001,0.2248054,-0.067182668
1.0039999,0.22258414,-0.074209914
1.0041,0.22014329,-0.08116392
1.0042,0.21748523,-0.088037826
1.0043,0.21461262,-0.094824851
1.0044,0.21152824,-0.1015183
1.0045,0.20823519,-0.10811155
1.0046,0.20473668,-0.11459813
1.0046999,0.20103619,-0.12097161
1.0048,0.19713734,-0.12722573
1.0049,0.19304401,-0.13335429
1.005,0.18876021,-0.13935125
1.0051,0.1842902,-0.14521071
1.0052,0.17963836,-0.15092689
1.0053,0.17480929,-0.15649414
1.0053999,0.16980778,-0.16190696
1.0055,0.16463871,-0.16716002
1.0056,0.15930724,-0.17224813
1.0057,0.15381861,-0.17716628
1.0058,0.14817822,-0.18190962
1.0059,0.14239164,-0.18647346
1.006,0.1364646,-0.1908533
1.0061001,0.13040292,-0.19504483
1.0062,0.12421261,-0.1990439
1.0063,0.11789975,-0.20284657
1.0064,0.1114706,-0.20644909
1.0065,0.10493147,-0.20984791
1.0066,0.098288834,-0.21303967
1.0067,0.09154924,-0.21602122
1.0068001,0.084719345,-0.21878964
1.0069,0.077805877,-0.22134218
1.007,0.07081566,-0.22367631
1.0071,0.063755602,-0.22578976
1.0072,0.056632653,-0.22768041
1.0073,0.049453851,-0.22934642
1.0074,0.042226274,-0.23078614
1.0075001,0.034957059,-0.23199816
1.0075999,0.027653374,-0.23298126
1.0077,0.020322425,-0.2337345
1.0078,0.012971448,-0.23425712
1.0079,0.0056076944,-0.2345486
1.008,-0.0017615709,-0.23460867
1.0081,-0.0091290753,-0.23443727
1.0082,-0.016487552,-0.23403455
1.0082999,-0.02382974,-0.23340093
1.0084,-0.031148393,-0.23253702
1.0085,-0.03843629,-0.23144367
1.0086,-0.045686245,-0.23012199
1.0087,-0.052891102,-0.22857325
1.0088,-0.060043752,-0.226799
1.0089,-0.067137145,-0.22480099
1.0089999,-0.074164264,-0.22258118
1.0091,-0.081118196,-0.22014175
1.0092,-0.087992072,-0.21748514
1.0093,-0.094779111,-0.21461396
1.0094,-0.10147261,-0.21153103
1.0095,-0.10806598,-0.20823941
1.0096,-0.1145527,-0.20474234
1.0096999,-0.12092638,-0.20104326
1.0098,-0.12718073,-0.19714585
1.0099,-0.13330957,-0.19305393
1.01,-0.13930687,-0.18877155
1.0101,-0.14516671,-0.18430291
1.0102,-0.1508833,-0.17965245
1.0103,-0.156451,-0.17482476
1.0104001,-0.16186433,-0.16982459
1.0105,-0.16711794,-0.16465688
1.0106,-0.17220664,-0.15932672
1.0107,-0.17712541,-0.15383938
1.0108,-0.18186942,-0.14820027
1.0109,-0.18643397,-0.14241496
1.011,-0.19081455,-0.13648914
1.0111001,-0.19500688,-0.13042869
1.0112,-0.19900677,-0.12423955
1.0113,-0.2028103,-0.11792786
1.0114,-0.20641372,-0.11149983
1.0115,-0.20981348,-0.10496181
1.0116,-0.2130062,-0.098320246
1.0117,-0.21598876,-0.091581695
1.0118001,-0.2187582,-0.084752806
1.0118999,-0.22131179,-0.077840313
1.012,-0.22364703,-0.070851043
1.0121,-0.22576159,-0.063791893
1.0122,-0.2276534,-0.056669816
1.0123,-0.2293206,-0.049491849
1.0124,-0.23076153,-0.042265072
1.0125,-0.23197477,-0.034996618
1.0125999,-0.23295912,-0.027693653
1.0127,-0.23371364,-0.020363387
1.0128,-0.23423755,-0.013013051
1.0129,-0.23453034,-0.0056498973
1.013,-0.23459175,0.0017188087
1.0131,-0.2344217,0.0090857968
1.0132,-0.23402035,0.0164438
1.0132999,-0.23338811,0.023785556
1.0134,-0.23252559,0.031103823
1.0135,-0.23143366,0.038391378
1.0136,-0.23011339,0.045641035
1.0137,-0.22856607,0.052845638
1.0138,-0.22679324,0.05999808
1.0139,-0.22479667,0.067091301
1.0140001,-0.2225783,0.074118309
1.0141,-0.22014034,0.081072167
1.0142,-0.21748517,0.087946013
1.0143,-0.21461543,0.094733067
1.0144,-0.21153395,0.10142664
1.0145,-0.20824377,0.10802011
1.0146,-0.20474814,0.11450699
1.0147001,-0.20105051,0.12088086
1.0148,-0.19715451,0.12713546
1.0149,-0.193064,0.1332646
1.015,-0.18878303,0.13926223
1.0151,-0.1843158,0.14512244
1.0152,-0.17966674,0.15083946
1.0153,-0.17484042,0.15640762
1.0154001,-0.1698416,0.16182145
1.0154999,-0.16467522,0.16707562
1.0156,-0.15934639,0.17216492
1.0157,-0.15386035,0.17708433
1.0158,-0.14822252,0.18182901
1.0159,-0.14243847,0.18639427
1.016,-0.1365139,0.19077562
1.0161,-0.13045464,0.19496872
1.0161999,-0.12426671,0.19896944
1.0163,-0.11795618,0.20277385
1.0164,-0.11152928,0.20637818
1.0165,-0.10499237,0.20977886
1.0166,-0.098351881,0.21297257
1.0167,-0.091614373,0.21595614
1.0168,-0.084786497,0.21872661
1.0168999,-0.077874981,0.22128128
1.017,-0.070886657,0.22361761
1.0171,-0.063828409,0.22573331
1.0172,-0.056707211,0.22762628
1.0173,-0.049530081,0.22929466
1.0174,-0.042304106,0.23073679
1.0175,-0.035036407,0.23195128
1.0176001,-0.027734166,0.23293689
1.0177,-0.020404583,0.23369269
1.0178,-0.013054887,0.2342179
1.0179,-0.005692333,0.23451203
1.018,0.001675815,0.23457478
1.0181,0.0090422882,0.23440607
1.0182,0.016399818,0.23400609
1.0183001,0.023741145,0.23337524
1.0184,0.031059027,0.23251413
1.0185,0.038346242,0.23142362
1.0186,0.045595601,0.23010476
1.0187,0.052799951,0.22855888
1.0188,0.059952188,0.22678749
1.0189,0.067045249,0.22479236
1.0190001,0.074072145,0.22257544
1.0191,0.081025928,0.22013892
1.0192,0.087899752,0.21748522
1.0193,0.094686829,0.21461692
1.0194,0.10138046,0.2115369
1.0195,0.10797405,0.20824817
1.0196,0.11446109,0.20475399
1.0197001,0.12083517,0.20105779
1.0197999,0.12709001,0.19716322
1.0199,0.13321945,0.19307415
1.02,0.13921742,0.1887946
1.0201,0.14507802,0.18432876
1.0202,0.15079544,0.17968109
1.0203,0.15636408,0.17485614
1.0204,0.16177844,0.16985869
1.0204999,0.16703315,0.16469367
1.0206,0.17212304,0.15936616
1.0207,0.1770431,0.15388143
1.0208,0.18178846,0.14824489
1.0209,0.18635444,0.14246209
1.021,0.19073655,0.13653876
1.0211,0.19493045,0.13048074
1.0211999,0.19893202,0.12429398
1.0213,0.2027373,0.11798462
1.0214,0.20634253,0.11155885
1.0215,0.20974417,0.10502305
1.0216,0.21293885,0.098383643
1.0217,0.21592343,0.091647178
1.0218,0.21869496,0.084820315
1.0219001,0.2212507,0.077909783
1.022,0.22358814,0.070922405
1.0221,0.22570498,0.063865073
1.0222,0.22759911,0.056744743
1.0223,0.22926868,0.049568452
1.0224,0.23071204,0.042343277
1.0225,0.23192777,0.035076343
1.0226001,0.23291466,0.027774822
1.0227,0.23367174,0.020445919
1.0228,0.23419826,0.013096864
1.0229,0.23449372,0.0057349098
1.023,0.23455781,-0.0016326816
1.0231,0.23439047,-0.0089986399
1.0232,0.23399188,-0.016355699
1.0233001,0.23336241,-0.023696598
1.0233999,0.23250271,-0.031014096
1.0235,0.2314136,-0.038300972
1.0236,0.23009618,-0.045550037
1.0237,0.22855175,-0.052754138
1.0238,0.2267818,-0.05990617
1.0239,0.22478811,-0.06699907
1.024,0.22257265,-0.074025854
1.0240999,0.2201376,-0.080979571
1.0242,0.21748535,-0.087853372
1.0243,0.21461852,-0.094640471
1.0244,0.21153995,-0.10133418
1.0245,0.20825268,-0.10792788
1.0246,0.20475994,-0.11441508
1.0247,0.2010652,-0.12078937
1.0247999,0.19717208,-0.12704447
1.0249,0.19308442,-0.1331742
1.025,0.18880628,-0.13917251
1.0251,0.18434186,-0.14503349
1.0252,0.17969559,-0.15075137
1.0253,0.17487203,-0.15632048
1.0254,0.16987593,-0.16173536
1.0255001,0.16471225,-0.16699062
1.0256,0.15938608,-0.17208113
1.0257,0.15390266,-0.17700182
1.0258,0.1482674,-0.18174787
1.0259,0.14248589,-0.18631458
1.026,0.13656381,-0.19069745
1.0261,0.13050699,-0.19489217
1.0262001,0.12432143,-0.19889458
1.0263,0.11801323,-0.20270072
1.0264,0.11158861,-0.20630687
1.0265,0.10505392,-0.20970947
1.0266,0.098415591,-0.21290514
1.0267,0.091680177,-0.21589074
1.0268,0.084854327,-0.21866332
1.0269001,0.077944778,-0.22122015
1.027,0.070958346,-0.22355871
1.0271,0.063901924,-0.22567669
1.0272,0.056782473,-0.22757199
1.0273,0.04960702,-0.22924276
1.0274,0.042382643,-0.23068734
1.0275,0.035116471,-0.23190431
1.0276,0.027815672,-0.23289248
1.0276999,0.02048745,-0.23365085
1.0278,0.013139036,-0.23417869
1.0279,0.0057776794,-0.23447548
1.028,-0.0015893558,-0.23454092
1.0281,-0.0089548007,-0.23437497
1.0282,-0.016311388,-0.23397776
1.0283,-0.023651863,-0.2333497
1.0283999,-0.030968977,-0.2324914
1.0285,-0.038255516,-0.23140372
1.0286,-0.045504291,-0.23008774
1.0287,-0.052708145,-0.22854474
1.0288,-0.059859972,-0.22677626
1.0289,-0.06695272,-0.22478403
1.029,-0.073979393,-0.22257003
1.0290999,-0.080933049,-0.22013643
1.0292,-0.087806828,-0.21748565
1.0293,-0.094593957,-0.21462029
1.0294,-0.10128774,-0.21154319
1.0295,-0.10788156,-0.20825738
1.0296,-0.11436893,-0.20476609
1.0297,-0.12074343,-0.2010728
1.0298001,-0.12699878,-0.19718112
1.0299,-0.13312882,-0.19309491
1.03,-0.13912748,-0.18881819
1.0301,-0.14498886,-0.18435518
1.0302,-0.15070717,-0.1797103
1.0303,-0.15627676,-0.17488812
1.0304,-0.16169216,-0.1698934
1.0305001,-0.16694799,-0.16473109
1.0306,-0.17203911,-0.15940623
1.0307,-0.17696045,-0.15392414
1.0308,-0.18170719,-0.14829017
1.0309,-0.18627463,-0.14250992
1.031,-0.19065829,-0.13658908
1.0311,-0.1948538,-0.1305335
1.0312001,-0.19885705,-0.12434914
1.0312999,-0.20266411,-0.11804211
1.0314,-0.20627117,-0.11161863
1.0315,-0.20967473,-0.10508505
1.0316,-0.21287139,-0.0984478
1.0317,-0.21585801,-0.091713436
1.0318,-0.21863165,-0.0848886
1.0319,-0.22118957,-0.077980034
1.0319999,-0.22352925,-0.070994556
1.0321,-0.22564839,-0.063939042
1.0322,-0.22754487,-0.056820467
1.0323,-0.22921684,-0.049645852
1.0324,-0.23066266,-0.042422276
1.0325,-0.23188089,-0.035156865
1.0326,-0.23287033,-0.027856786
1.0326999,-0.23363002,-0.020529244
1.0328,-0.23415917,-0.01318147
1.0329,-0.23445731,-0.0058207116
1.033,-0.23452412,0.0015457681
1.0331,-0.23435953,0.0089107016
1.0332,-0.23396371,0.016266821
1.0333,-0.23333706,0.02360687
1.0334001,-0.2324802,0.030923607
1.0335,-0.23139395,0.038209811
1.0336,-0.23007941,0.045458294
1.0337,-0.22853786,0.052661903
1.0338,-0.22677083,0.059813533
1.0339,-0.22478007,0.066906132
1.034,-0.22256753,0.073932692
1.0341001,-0.22013541,0.080886289
1.0342,-0.21748608,0.087760061
1.0343,-0.2146222,0.09454722
1.0344,-0.21154657,0.10124107
1.0345,-0.20826222,0.10783502
1.0346,-0.2047724,0.11432256
1.0347,-0.20108056,0.12069728
1.0348001,-0.19719033,0.1269529
1.0349,-0.19310556,0.13308324
1.035,-0.18883027,0.13908225
1.0351,-0.18436868,0.14494403
1.0352,-0.1797252,0.15066278
1.0353,-0.17490442,0.15623286
1.0354,-0.16991107,0.16164878
1.0355,-0.1647501,0.16690519
1.0355999,-0.1594266,0.17199692
1.0357,-0.15394582,0.17691892
1.0358,-0.14831315,0.18166637
1.0359,-0.14253418,0.18623455
1.036,-0.13661459,0.19061898
1.0361,-0.13056023,0.19481531
1.0362,-0.12437707,0.19881943
1.0362999,-0.11807121,0.20262736
1.0364,-0.11164888,0.20623536
1.0365,-0.1051164,0.20963988
1.0366,-0.09848024,0.21283755
1.0367,-0.091746926,0.2158252
1.0368,-0.084923118,0.21859992
1.0369,-0.078015536,0.22115894
1.0369999,-0.071030997,0.22349975
1.0371,-0.0639764,0.22562003
1.0372,-0.056858703,0.22751769
1.0373,-0.049684927,0.22919089
1.0374,-0.042462151,0.23063794
1.0375,-0.0351975,0.23185743
1.0376,-0.027898144,0.23284817
1.0377001,-0.020571284,0.23360915
1.0378,-0.013224147,0.23413965
1.0379,-0.005863985,0.23443913
1.038,0.0015019409,0.23450731
1.0381,0.0088663641,0.23434411
1.0382,0.016222017,0.23394969
1.0383,0.023561643,0.23332445
1.0384001,0.030878002,0.23246901
1.0385,0.038163871,0.2313842
1.0386,0.045412067,0.23007111
1.0387,0.052615438,0.22853102
1.0388,0.059766874,0.22676545
1.0389,0.06685932,0.22477616
1.039,0.073885776,0.2225651
1.0391001,0.080839314,0.22013445
1.0391999,0.087713078,0.21748661
1.0393,0.094500273,0.21462421
1.0394,0.10119421,0.21155004
1.0395,0.10778829,0.20826717
1.0396,0.114276,0.20477882
1.0397,0.12065094,0.20108843
1.0398,0.12690683,0.19719966
1.0398999,0.13303748,0.19311634
1.04,0.13903685,0.18884248
1.0401,0.14489904,0.18438232
1.0402,0.15061823,0.17974025
1.0403,0.1561888,0.17492086
1.0404,0.16160525,0.16992889
1.0405,0.16686225,0.16476928
1.0405999,0.1719546,0.15944712
1.0407,0.17687728,0.15396766
1.0408,0.18162541,0.14833629
1.0409,0.18619435,0.1425586
1.041,0.19057955,0.13664027
1.0411,0.19477671,0.13058713
1.0412,0.19878168,0.12440518
1.0413001,0.20259053,0.11810049
1.0414,0.20619947,0.11167931
1.0415,0.20960495,0.10514795
1.0416,0.21280362,0.098512873
1.0417,0.21579233,0.09178061
1.0418,0.2185681,0.084957823
1.0419,0.22112823,0.078051224
1.0420001,0.22347017,0.071067639
1.0421,0.22559163,0.064013958
1.0422,0.22749048,0.056897134
1.0423,0.2291649,0.049724199
1.0424,0.2306132,0.042502221
1.0425,0.23183396,0.035238333
1.0426,0.23282599,0.027939698
1.0427001,0.23358829,0.020613516
1.0427999,0.23412013,0.013267018
1.0429,0.23442097,0.0059074517
1.043,0.23449051,-0.0014579216
1.0431,0.2343287,-0.0088218348
1.0432,0.2339357,-0.016177023
1.0433,0.23331188,-0.023516228
1.0434,0.23245788,-0.030832211
1.0434999,0.23137452,-0.038117751
1.0436,0.23006287,-0.045365661
1.0437,0.22852425,-0.05256879
1.0438,0.22676015,-0.059720032
1.0439,0.22477233,-0.066812329
1.044,0.22256275,-0.073838688
1.0441,0.22013359,-0.080792174
1.0441999,0.21748723,-0.08766593
1.0443,0.21462631,-0.094453163
1.0444,0.21155363,-0.10114719
1.0445,0.20827223,-0.1077414
1.0446,0.20478535,-0.11422929
1.0447,0.20109643,-0.12060446
1.0448,0.19720912,-0.12686062
1.0448999,0.19312724,-0.13299158
1.045,0.18885483,-0.13899133
1.0451,0.18439609,-0.1448539
1.0452,0.17975543,-0.15057357
1.0453,0.17493744,-0.15614463
1.0454,0.16994686,-0.16156162
1.0455,0.16478862,-0.1668192
1.0456001,0.1594678,-0.17191218
1.0457,0.15398967,-0.17683552
1.0458,0.14835961,-0.18158437
1.0459,0.14258319,-0.18615405
1.046,0.13666612,-0.19054005
1.0461,0.13061422,-0.19473805
1.0462,0.12443347,-0.19874388
1.0463001,0.11812996,-0.20255363
1.0464,0.11170992,-0.20616351
1.0465,0.10517969,-0.20956998
1.0466,0.098545693,-0.21276966
1.0467,0.091814488,-0.21575941
1.0468,0.084992714,-0.21853627
1.0469,0.078087106,-0.22109751
1.0470001,0.071104474,-0.22344059
1.0470999,0.06405171,-0.22556321
1.0472,0.056935765,-0.22746329
1.0473,0.049763668,-0.22913893
1.0474,0.042542495,-0.23058848
1.0475,0.035279367,-0.23181051
1.0476,0.027981451,-0.23280384
1.0477,0.020655949,-0.23356746
1.0477999,0.013310089,-0.23410065
1.0479,0.0059511168,-0.23440285
1.048,-0.0014137046,-0.23447378
1.0481,-0.0087771099,-0.23431337
1.0482,-0.016131833,-0.23392178
1.0483,-0.02347062,-0.23329939
1.0484,-0.030786227,-0.23244682
1.0484999,-0.038071439,-0.23136491
1.0486,-0.045319065,-0.23005474
1.0487,-0.052521959,-0.22851758
1.0488,-0.059673011,-0.22675496
1.0489,-0.066765167,-0.22476862
1.049,-0.073791429,-0.22256052
1.0491,-0.080744863,-0.22013284
1.0492001,-0.087618612,-0.21748799
1.0493,-0.094405897,-0.21462855
1.0494,-0.10110001,-0.21155736
1.0495,-0.10769436,-0.20827745
1.0496,-0.11418243,-0.20479204
1.0497,-0.12055783,-0.2011046
1.0498,-0.12681426,-0.19721875
1.0499001,-0.13294555,-0.19313832
1.05,-0.13894565,-0.18886736
1.0501,-0.14480865,-0.18441005
1.0502,-0.15052876,-0.17977081
1.0503,-0.15610033,-0.17495422
1.0504,-0.16151789,-0.16996503
1.0505,-0.16677605,-0.16480815
1.0506001,-0.17186965,-0.15948869
1.0506999,-0.17679366,-0.15401188
1.0508,-0.18154323,-0.14838314
1.0509,-0.18611367,-0.142608
1.051,-0.19050047,-0.13669218
1.0511,-0.1946993,-0.13064152
1.0512,-0.19870602,-0.12446198
1.0513,-0.20251667,-0.11815965
1.0513999,-0.20612751,-0.11174077
1.0515,-0.20953496,-0.10521165
1.0516,-0.21273567,-0.098578744
1.0517,-0.21572646,-0.091848597
1.0518,-0.21850441,-0.085027844
1.0519,-0.22106677,-0.078123227
1.052,-0.22341101,-0.071141548
1.0520999,-0.22553481,-0.064089693
1.0522,-0.22743608,-0.056974631
1.0523,-0.22911295,-0.049803372
1.0524,-0.23056376,-0.042583
1.0525,-0.23178709,-0.035320632
1.0526,-0.23278172,-0.028023437
1.0527,-0.23354669,-0.020698614
1.0528001,-0.23408121,-0.013353391
1.0529,-0.23438479,-0.0059950128
1.053,-0.23445711,0.0013692579
1.0531,-0.2342981,0.0087321568
1.0532,-0.23390792,0.016086418
1.0533,-0.23328698,0.023424787
1.0534,-0.23243585,0.030740025
1.0535001,-0.2313554,0.03802491
1.0536,-0.23004669,0.045272257
1.0537,-0.22851101,0.052474916
1.0538,-0.22674988,0.059625778
1.0539,-0.22476503,0.066717796
1.054,-0.22255842,0.073743962
1.0541,-0.22013225,0.08069735
1.0542001,-0.21748887,0.087571099
1.0543,-0.21463093,0.094358429
1.0544,-0.21156123,0.10105264
1.0545,-0.2082828,0.10764713
1.0546,-0.20479889,0.11413539
1.0547,-0.20111293,0.12051102
1.0548,-0.19722854,0.12676774
1.0549001,-0.19314958,0.13289936
1.0549999,-0.18888006,0.13889983
1.0551,-0.18442419,0.14476325
1.0552,-0.17978638,0.15048382
1.0553,-0.17497119,0.1560559
1.0554,-0.16998339,0.161474
1.0555,-0.16482788,0.16673276
1.0556,-0.15950978,0.171827
1.0556999,-0.1540343,0.1767517
1.0558,-0.14840686,0.18150198
1.0559,-0.14263302,0.18607318
1.056,-0.13671847,0.19046079
1.0561,-0.13066904,0.19466047
1.0562,-0.12449071,0.19866806
1.0563,-0.11818957,0.20247965
1.0563999,-0.11177183,0.20609143
1.0565,-0.10524384,0.20949987
1.0566,-0.098612025,0.2127016
1.0567,-0.091882937,0.21569346
1.0568,-0.085063212,0.21847251
1.0569,-0.078159578,0.22103599
1.057,-0.071178854,0.22338139
1.0571001,-0.064127915,0.22550637
1.0572,-0.057013731,0.22740886
1.0573,-0.049843315,0.22908697
1.0574,-0.04262374,0.23053905
1.0575,-0.035362136,0.23176366
1.0576,-0.028065659,0.23275961
1.0577,-0.020741515,0.23352592
1.0578001,-0.013396926,0.23406179
1.0579,-0.0060391417,0.23436674
1.058,0.0013245803,0.23444046
1.0581,0.0086869737,0.23428287
1.0582,0.016040776,0.23389412
1.0583,0.02337873,0.23327462
1.0584,0.030693596,0.23242494
1.0585001,0.037978157,0.23134597
1.0585999,0.045225225,0.23003873
1.0587,0.052427653,0.22850452
1.0588,0.059578333,0.22674489
1.0589,0.066670209,0.22476153
1.059,0.073696285,0.22255643
1.0591,0.080649637,0.22013174
1.0592,0.087523386,0.21748987
1.0592999,0.094310768,0.21463344
1.0594,0.10100508,0.21156523
1.0595,0.10759971,0.2082883
1.0596,0.11408816,0.20480588
1.0597,0.12046403,0.20112139
1.0598,0.12672104,0.19723848
1.0599,0.13285299,0.19316098
1.0599999,0.13885385,0.18889292
1.0601,0.14471768,0.1844385
1.0602,0.15043873,0.1798021
1.0603,0.15601131,0.17498833
1.0604,0.16142997,0.17000192
1.0605,0.16668934,0.16484781
1.0606,0.17178422,0.15953104
1.0607001,0.17670961,0.15405691
1.0608,0.18146062,0.14843079
1.0609,0.18603259,0.14265823
1.061,0.19042102,0.13674495
1.0611,0.19462153,0.13069676
1.0612,0.19863002,0.12451965
1.0613,0.20244253,0.11821969
1.0614001,0.20605527,0.11180311
1.0615,0.20946471,0.10527623
1.0616,0.21266748,0.098645516
1.0617,0.21566041,0.091917485
1.0618,0.21844055,0.085098781
1.0619,0.22100517,0.078196146
1.062,0.22335172,0.071216367
1.0621001,0.2254779,0.064166352
1.0622,0.2273816,0.057053048
1.0623,0.22906098,0.04988347
1.0624,0.23051432,0.042664699
1.0625,0.23174024,0.035403851
1.0626,0.23273751,0.028108098
1.0627,0.23350514,0.02078463
1.0628,0.23404241,0.013440677
1.0628999,0.23434874,0.0060834838
1.063,0.23442386,-0.0012796901
1.0631,0.23426768,-0.0086415801
1.0632,0.23388037,-0.015994923
1.0633,0.23326232,-0.023332464
1.0634,0.23241411,-0.030646961
1.0635,0.23133659,-0.0379312
1.0635999,0.23003083,-0.045177996
1.0637,0.22849813,-0.052380197
1.0638,0.22673997,-0.059530694
1.0639,0.22475812,-0.066622436
1.064,0.22255452,-0.07364843
1.0641,0.22013134,-0.080601729
1.0642,0.21749099,-0.087475494
1.0642999,0.21463604,-0.094262928
1.0644,0.21156935,-0.10095734
1.0645,0.20829393,-0.10755213
1.0646,0.20481299,-0.11404078
1.0647,0.20112999,-0.12041689
1.0648,0.19724856,-0.12667418
1.0649,0.19317253,-0.13280647
1.0650001,0.18890592,-0.13880771
1.0651,0.18445295,-0.14467198
1.0652,0.17981799,-0.15039349
1.0653,0.17500564,-0.15596661
1.0654,0.17002064,-0.16138582
1.0655,0.16486789,-0.1666458
1.0656,0.1595525,-0.17174134
1.0657001,0.15407971,-0.17666741
1.0658,0.1484549,-0.18141916
1.0659,0.14268364,-0.18599191
1.066,0.13677162,-0.19038114
1.0661,0.13072468,-0.19458252
1.0662,0.12454878,-0.1985919
1.0663,0.11825,-0.20240533
1.0664001,0.11183458,-0.20601906
1.0664999,0.10530884,-0.2094295
1.0666,0.098679207,-0.21263331
1.0667,0.091952242,-0.21562731
1.0668,0.085134566,-0.21840857
1.0669,0.078232922,-0.22097431
1.067,0.071254104,-0.22332203
1.0671,0.064204998,-0.22544941
1.0671999,0.057092577,-0.22735436
1.0673,0.049923841,-0.22903498
1.0674,0.042705871,-0.23048961
1.0675,0.035445783,-0.23171683
1.0676,0.028150747,-0.23271543
1.0677,0.020827956,-0.23348442
1.0678,0.013484638,-0.23402305
1.0678999,0.006128036,-0.23433077
1.068,-0.0012345912,-0.23440731
1.0681,-0.0085959788,-0.23425256
1.0682,-0.015948866,-0.23386669
1.0683,-0.023285994,-0.23325008
1.0684,-0.030600127,-0.23240334
1.0685,-0.037884049,-0.2313273
1.0686001,-0.045130569,-0.23002304
1.0687,-0.052332543,-0.22849183
1.0688,-0.059482865,-0.22673517
1.0689,-0.066574477,-0.22475483
1.069,-0.073600382,-0.22255273
1.0691,-0.080553651,-0.22013107
1.0692,-0.087427422,-0.21749222
1.0693001,-0.094214916,-0.2146388
1.0694,-0.10090943,-0.21157362
1.0695,-0.10750438,-0.20829968
1.0696,-0.11399323,-0.20482026
1.0697,-0.12036959,-0.20113875
1.0698,-0.12662718,-0.19725882
1.0699,-0.13275981,-0.19318426
1.0700001,-0.13876143,-0.18891911
1.0700999,-0.14462614,-0.18446758
1.0702,-0.15034813,-0.17983407
1.0703,-0.15592177,-0.17502314
1.0704,-0.16134155,-0.17003952
1.0705,-0.16660213,-0.16488817
1.0706,-0.17169833,-0.15957414
1.0707,-0.1766251,-0.15410268
1.0707999,-0.1813776,-0.14847921
1.0709,-0.18595113,-0.14270924
1.071,-0.19034119,-0.1367985
1.0711,-0.19454342,-0.1307528
1.0712,-0.19855371,-0.12457812
1.0713,-0.20236808,-0.11828054
1.0714,-0.20598277,-0.11186627
1.0714999,-0.20939425,-0.10534166
1.0716,-0.2125991,-0.09871313
1.0717,-0.21559417,-0.091987222
1.0718,-0.21837655,-0.085170574
1.0719,-0.22094345,-0.078269921
1.072,-0.22329235,-0.071292058
1.0721,-0.22542094,-0.064243875
1.0721999,-0.22732711,-0.05713233
1.0723,-0.22900899,-0.049964435
1.0724,-0.23046491,-0.042747267
1.0725,-0.23169345,-0.035487942
1.0726,-0.23269337,-0.028193623
1.0727,-0.23346373,-0.020871509
1.0728,-0.23400374,-0.013528823
1.0729001,-0.23431286,-0.0061728097
1.073,-0.2343908,0.001189272
1.0731,-0.23423749,0.0085501596
1.0732,-0.23385306,0.01590259
1.0733,-0.23323792,0.023239309
1.0734,-0.23239265,0.03055308
1.0735,-0.2313181,0.037836682
1.0736001,-0.23001532,0.045082934
1.0737,-0.22848561,0.052284688
1.0738,-0.22673048,0.059434831
1.0739,-0.22475165,0.066526316
1.074,-0.22255106,0.073552139
1.0741,-0.22013092,0.080505379
1.0742,-0.21749359,0.087379165
1.0743001,-0.21464169,0.094166726
1.0743999,-0.21157801,0.10086136
1.0745,-0.2083056,0.10745645
1.0746,-0.20482768,0.11394551
1.0747,-0.20114768,0.12032212
1.0748,-0.19726922,0.12658001
1.0749,-0.19319615,0.13271299
1.075,-0.18893246,0.13871501
1.0750999,-0.1844824,0.14458016
1.0752,-0.17985032,0.15030263
1.0753,-0.17504081,0.1558768
1.0754,-0.17005861,0.16129716
1.0755,-0.16490865,0.16655837
1.0756,-0.15959598,0.17165522
1.0757,-0.15412588,0.17658269
1.0757999,-0.14850372,0.18133594
1.0759,-0.14273506,0.18591025
1.076,-0.13682559,0.19030114
1.0761,-0.13078114,0.19450425
1.0762,-0.12460767,0.19851544
1.0763,-0.11831129,0.20233077
1.0764,-0.11189818,0.20594645
1.0765001,-0.1053747,0.20935892
1.0766,-0.098747268,0.21256483
1.0767,-0.092022426,0.215561
1.0768,-0.085206807,0.21834449
1.0769,-0.078307144,0.22091255
1.077,-0.071330242,0.22326262
1.0771,-0.064282984,0.22539243
1.0772001,-0.057172313,0.22729984
1.0773,-0.050005261,0.22898299
1.0774,-0.042788893,0.23044021
1.0775,-0.035530325,0.23167007
1.0776,-0.028236726,0.23267135
1.0777,-0.020915288,0.23344305
1.0778,-0.013573234,0.23398444
1.0779001,-0.0062178099,0.23429498
1.0779999,0.0011437285,0.23437434
1.0781,0.0085041169,0.23422247
1.0782,0.015856095,0.23383951
1.0783,0.023192408,0.23322582
1.0784,0.030505816,0.23238204
1.0785,0.037789106,0.23130898
1.0786,0.04503509,0.23000771
1.0786999,0.05223662,0.2284795
1.0788,0.059386592,0.22672588
1.0789,0.066477954,0.22474857
1.079,0.073503703,0.22254951
1.0791,0.080456913,0.22013089
1.0792,0.087330721,0.21749508
1.0793,0.094118342,0.21464472
1.0793999,0.10081308,0.21158256
1.0795,0.10740834,0.20831166
1.0796,0.11389761,0.20483525
1.0797,0.12027449,0.20115675
1.0798,0.12653267,0.19727978
1.0799,0.13266601,0.1932082
1.08,0.13866843,0.18894599
1.0801001,0.14453402,0.18449739
1.0802,0.15025699,0.17986675
1.0803,0.15583169,0.17505866
1.0804,0.16125263,0.17007788
1.0805,0.16651446,0.1649293
1.0806,0.17161198,0.15961802
1.0807,0.17654018,0.15414926
1.0808001,0.18129417,0.14852844
1.0809,0.18586929,0.14276108
1.081,0.19026101,0.13685289
1.0811,0.19446498,0.13080969
1.0812,0.19847709,0.12463745
1.0813,0.20229337,0.11834225
1.0814,0.20591004,0.11193032
1.0815001,0.20932354,0.10540796
1.0816,0.21253051,0.098781623
1.0817,0.21552777,0.092057846
1.0818,0.2183124,0.085243262
1.0819,0.22088161,0.078344598
1.082,0.22323288,0.07136865
1.0821,0.22536391,0.064322308
1.0822001,0.22727257,0.057212524
1.0822999,0.228957,0.05004631
1.0824,0.23041551,0.042830743
1.0825,0.2316467,0.035572935
1.0826,0.23264933,0.028280053
1.0827,0.23342241,0.02095929
1.0828,0.23396519,0.013617867
1.0829,0.23427714,0.0062630293
1.0829999,0.23435794,-0.0010979668
1.0831,0.23420751,-0.0084578581
1.0832,0.233826,-0.015809385
1.0833,0.2332138,-0.023145292
1.0834,0.23237151,-0.03045834
1.0835,0.23129994,-0.037741318
1.0836,0.23000017,-0.044987042
1.0836999,0.22847348,-0.052188355
1.0838,0.22672138,-0.059338156
1.0839,0.2247456,-0.066429399
1.084,0.22254807,-0.073455073
1.0841,0.22013098,-0.080408253
1.0842,0.21749671,-0.087282084
1.0843,0.21464786,-0.094069779
1.0844001,0.21158724,-0.10076465
1.0845,0.20831786,-0.10736007
1.0846,0.20484295,-0.11384956
1.0847,0.20116596,-0.1202267
1.0848,0.19729051,-0.1264852
1.0849,0.19322041,-0.13261887
1.085,0.18895967,-0.1386217
1.0851001,0.18451253,-0.14448774
1.0852,0.17988335,-0.15021122
1.0853,0.17507671,-0.15578645
1.0854,0.17009734,-0.16120799
1.0855,0.16495015,-0.16647044
1.0856,0.15964024,-0.17156865
1.0857,0.15417284,-0.17649755
1.0858001,0.14855334,-0.1812523
1.0858999,0.14278729,-0.18582822
1.086,0.13688038,-0.19022077
1.0861,0.13083844,-0.19442564
1.0862,0.12466743,-0.19843867
1.0863,0.11837343,-0.2022559
1.0864,0.11196265,-0.20587358
1.0865,0.10544144,-0.20928811
1.0865999,0.098816201,-0.21249615
1.0867,0.09209349,-0.21549451
1.0868,0.085279934,-0.21828027
1.0869,0.078382261,-0.22085065
1.087,0.071407273,-0.22320312
1.0871,0.064361855,-0.22533537
1.0872,0.057252951,-0.22724529
1.0872999,0.050087582,-0.22893099
1.0874,0.042872813,-0.23039083
1.0875,0.035615765,-0.23162335
1.0876,0.0283236,-0.23262733
1.0877,0.021003509,-0.23340179
1.0878,0.013662716,-0.23394598
1.0879,0.0063084643,-0.23425934
1.0880001,-0.0010519904,-0.23434158
1.0881,-0.008411387,-0.23419261
1.0882,-0.015762463,-0.23381257
1.0883,-0.023097966,-0.23320185
1.0884,-0.03041066,-0.23236105
1.0885,-0.037693329,-0.23129098
1.0886,-0.044938788,-0.22999273
1.0887001,-0.052139889,-0.22846757
1.0888,-0.059289526,-0.226717
1.0889,-0.06638065,-0.22474274
1.089,-0.073406257,-0.22254674
1.0891,-0.080359414,-0.22013119
1.0892,-0.087233275,-0.21749845
1.0893,-0.094021045,-0.21465114
1.0894001,-0.10071603,-0.21159205
1.0895,-0.10731163,-0.20832419
1.0896,-0.11380133,-0.20485082
1.0897,-0.12017874,-0.20117535
1.0898,-0.12643756,-0.19730139
1.0899,-0.13257161,-0.19323279
1.09,-0.13857484,-0.18897355
1.0901,-0.14444134,-0.18452786
1.0901999,-0.1501653,-0.17990012
1.0903,-0.1557411,-0.17509492
1.0904,-0.16116321,-0.17011698
1.0905,-0.1664263,-0.16497119
1.0906,-0.17152518,-0.15966266
1.0907,-0.17645481,-0.15419662
1.0908,-0.18121034,-0.14857846
1.0908999,-0.18578707,-0.14281373
1.091,-0.19018047,-0.1369081
1.0911,-0.19438623,-0.13086741
1.0912,-0.19840018,-0.12469762
1.0913,-0.20221838,-0.11840482
1.0914,-0.20583706,-0.11199521
1.0915,-0.20925263,-0.10547513
1.0915999,-0.21246174,-0.098850995
1.0917,-0.21546122,-0.092129357
1.0918,-0.21824811,-0.085316837
1.0919,-0.22081967,-0.078420155
1.092,-0.22317335,-0.071446128
1.0921,-0.22530682,-0.064401627
1.0922,-0.22721802,-0.057293605
1.0923001,-0.22890501,-0.050129075
1.0924,-0.23036616,-0.042915106
1.0925,-0.23160002,-0.035658818
1.0926,-0.23260537,-0.028367369
1.0927,-0.23338123,-0.021047952
1.0928,-0.2339268,-0.013707788
1.0929,-0.23424159,-0.0063541201
1.0930001,-0.23432527,0.0010057953
1.0931,-0.23417777,0.0083646979
1.0932,-0.2337992,0.015715327
1.0933,-0.23318997,0.023050429
1.0934,-0.23235066,0.03036277
1.0935,-0.23128211,0.037645131
1.0936,-0.22998539,0.044890333
1.0937001,-0.22846174,0.052091222
1.0937999,-0.2267127,0.059240695
1.0939,-0.22473998,0.066331699
1.094,-0.22254553,0.073357247
1.0941,-0.22013153,0.080310389
1.0942,-0.21750034,0.087184273
1.0943,-0.21465456,0.093972124
1.0944,-0.21159701,0.10066725
1.0944999,-0.20833069,0.10726301
1.0946,-0.20485884,0.11375295
1.0947,-0.20118488,0.12013062
1.0948,-0.19731244,0.12638976
1.0949,-0.19324534,0.13252418
1.095,-0.18898757,0.13852783
1.0951,-0.18454337,0.14439479
1.0951999,-0.1799171,0.15011926
1.0953,-0.17511334,0.1556956
1.0954,-0.17013681,0.16111831
1.0955,-0.16499244,0.16638206
1.0956,-0.15968528,0.17148162
1.0957,-0.1542206,0.17641199
1.0958,-0.14860378,0.18116827
1.0959001,-0.14284036,0.18574582
1.096,-0.13693601,0.19014008
1.0961,-0.13089658,0.19434673
1.0962,-0.12472802,0.19836162
1.0963,-0.11843643,0.20218079
1.0964,-0.11202799,0.20580047
1.0965,-0.10550904,0.20921709
1.0966001,-0.098886013,0.21242729
1.0967,-0.09216544,0.21542789
1.0968,-0.085353956,0.21821593
1.0969,-0.078458279,0.22078866
1.097,-0.071485206,0.22314355
1.0971,-0.064441629,0.22527829
1.0972,-0.057334486,0.22719073
1.0973001,-0.050170798,0.22887903
1.0974,-0.04295763,0.23034149
1.0975,-0.035702098,0.23157671
1.0976,-0.028411366,0.23258343
1.0977,-0.02109262,0.23336068
1.0978,-0.013753084,0.23390768
1.0979,-0.0063999998,0.2342239
1.098,0.00095937867,0.23430903
1.0980999,0.0083177891,0.23416299
1.0982,0.015667973,0.23378591
1.0983,0.023002677,0.23317817
1.0984,0.030314665,0.23234037
1.0985,0.037596725,0.23127334
1.0986,0.044841669,0.22997814
1.0987,0.05204235,0.22845604
1.0987999,0.059191667,0.22670853
1.0989,0.066282563,0.22473736
1.099,0.073308036,0.22254446
1.0991,0.080261171,0.22013199
1.0992,0.087135091,0.21750236
1.0993,0.093923025,0.21465813
1.0994,0.10061827,0.21160211
1.0994999,0.10721423,0.20833734
1.0996,0.11370439,0.20486702
1.0997,0.12008234,0.20119458
1.0998,0.1263418,0.19732365
1.0999,0.1324766,0.19325805
1.1,0.13848066,0.18900178
1.1001,0.14434808,0.18455906
1.1002001,0.15007308,0.17993425
1.1003,0.15564997,0.17513193
1.1004,0.1610733,0.17015682
1.1005,0.16633768,0.16501386
1.1006,0.17143795,0.1597081
1.1007,0.17636904,0.15424478
1.1008,0.18112612,0.14862931
1.1009001,0.18570447,0.14286719
1.101,0.1900996,0.13696414
1.1011,0.19430715,0.13092597
1.1012,0.19832298,0.12475865
1.1013,0.20214313,0.11846825
1.1014,0.20576383,0.11206099
1.1015,0.2091815,0.10554318
1.1016001,0.21239279,0.098921254
1.1016999,0.21539451,0.092201754
1.1018,0.21818371,0.085391305
1.1019,0.22075763,0.07849662
1.102,0.22311375,0.071524516
1.1021,0.22524972,0.064481854
1.1022,0.22716345,0.057375595
1.1023,0.22885305,0.050212748
1.1023999,0.23031685,0.043000381
1.1025,0.23155342,0.035745606
1.1026,0.23256151,0.028455587
1.1027,0.23334016,0.021137511
1.1028,0.2338886,0.013798603
1.1029,0.23420624,0.0064461003
1.103,0.23429283,-0.00091274176
1.1030999,0.23414826,-0.0082706623
1.1032,0.23377268,-0.015620403
1.1033,0.23316644,-0.02295471
1.1034,0.23233016,-0.03026635
1.1035,0.23126465,-0.03754811
1.1036,0.22997098,-0.044792801
1.1037,0.22845042,-0.051993277
1.1038001,0.22670446,-0.059142437
1.1039,0.22473484,-0.066233225
1.104,0.22254349,-0.073258646
1.1041,0.22013259,-0.080211766
1.1042,0.2175045,-0.087085731
1.1043,0.21466182,-0.093873747
1.1044,0.21160735,-0.10056914
1.1045001,0.20834413,-0.10716528
1.1046,0.20487535,-0.11365567
1.1047,0.20120443,-0.1200339
1.1048,0.19733503,-0.1262937
1.1049,0.19327094,-0.13242887
1.105,0.18901616,-0.13843337
1.1051,0.18457492,-0.14430125
1.1052001,0.17995158,-0.15002675
1.1052999,0.17515071,-0.15560423
1.1054,0.17017704,-0.16102816
1.1055,0.16503549,-0.1662932
1.1056,0.15973112,-0.17139417
1.1057,0.15426917,-0.17632601
1.1058,0.14865503,-0.18108386
1.1059,0.14289424,-0.18566304
1.1059999,0.13699248,-0.19005904
1.1061,0.13095558,-0.1942675
1.1062,0.12478949,-0.19828428
1.1063,0.11850029,-0.20210542
1.1064,0.11209421,-0.20572715
1.1065,0.10557754,-0.20914587
1.1066,0.098956719,-0.21235825
1.1066999,0.092238292,-0.2153611
1.1068,0.085428871,-0.21815147
1.1069,0.078535192,-0.22072658
1.107,0.071564041,-0.22308393
1.1071,0.064522304,-0.22522116
1.1072,0.057416931,-0.22713618
1.1073,0.050254922,-0.22882709
1.1073999,0.043043356,-0.23029222
1.1075,0.035789341,-0.23153014
1.1076,0.028500032,-0.23253964
1.1077,0.021182628,-0.23331968
1.1078,0.013844344,-0.23386954
1.1079,0.006492421,-0.23418865
1.108,-0.00086588651,-0.2342767
1.1081001,-0.0082233194,-0.23413362
1.1082,-0.015572619,-0.23375952
1.1083,-0.022906533,-0.23315479
1.1084,-0.030217826,-0.23232003
1.1085,-0.037499286,-0.23125605
1.1086,-0.044743728,-0.22996393
1.1087,-0.051944003,-0.2284449
1.1088001,-0.05909301,-0.2267005
1.1089,-0.066183694,-0.22473244
1.109,-0.073209055,-0.22254266
1.1091,-0.080162175,-0.2201333
1.1092,-0.087036178,-0.21750678
1.1093,-0.093824297,-0.21466565
1.1094,-0.10051982,-0.21161275
1.1095001,-0.10711616,-0.20835106
1.1095999,-0.11360678,-0.20488383
1.1097,-0.11998531,-0.20121446
1.1098,-0.12624544,-0.19734657
1.1099,-0.13238099,-0.19328399
1.11,-0.13838591,-0.18903072
1.1101,-0.14425428,-0.18459097
1.1102,-0.14998032,-0.1799691
1.1102999,-0.15555836,-0.17516968
1.1104,-0.16098291,-0.17019744
1.1105,-0.1662486,-0.1650573
1.1106,-0.17135027,-0.15975434
1.1107,-0.17628285,-0.15429376
1.1108,-0.18104151,-0.14868096
1.1109,-0.18562153,-0.14292149
1.1109999,-0.1900184,-0.13702103
1.1111,-0.19422777,-0.13098539
1.1112,-0.19824551,-0.12482055
1.1113,-0.20206764,-0.11853256
1.1114,-0.20569038,-0.11212764
1.1115,-0.2091102,-0.10561211
1.1116,-0.21232368,-0.098992407
1.1117001,-0.21532767,-0.092275053
1.1118,-0.21811919,-0.085466668
1.1119,-0.22069553,-0.078573987
1.112,-0.2230541,-0.071603797
1.1121,-0.22519259,-0.064562984
1.1122,-0.2271089,-0.05745849
1.1123,-0.22880113,-0.050297324
1.1124001,-0.23026761,-0.043086555
1.1125,-0.2315069,-0.035833295
1.1126,-0.23251778,-0.028544702
1.1127,-0.23329926,-0.021227967
1.1128,-0.23385054,-0.013890306
1.1129,-0.23417111,-0.0065389625
1.113,-0.23426063,0.00081881246
1.1131001,-0.23411903,0.0081757596
1.1131999,-0.23374644,0.015524619
1.1133,-0.23314323,0.022858141
1.1134,-0.23230998,0.030169092
1.1135,-0.23124756,0.037450254
1.1136,-0.22995697,0.04469445
1.1137,-0.22843951,0.051894527
1.1138,-0.22669667,0.059043385
1.1138999,-0.22473016,0.066133969
1.114,-0.22254194,0.073159285
1.1141,-0.22013415,0.080112398
1.1142,-0.2175092,0.086986452
1.1143,-0.21466963,0.093774661
1.1144,-0.21161829,0.10047033
1.1145,-0.20835815,0.10706686
1.1145999,-0.20489247,0.11355773
1.1147,-0.20122464,0.11993656
1.1148,-0.19735828,0.12619703
1.1149,-0.19329722,0.13233297
1.115,-0.18904546,0.13833833
1.1151,-0.18460719,0.14420718
1.1152,-0.1799868,0.14993374
1.1153001,-0.17518884,0.15551236
1.1154,-0.17021805,0.16093753
1.1155,-0.16507933,0.1662039
1.1156,-0.15977775,0.17130627
1.1157,-0.15431854,0.17623962
1.1158,-0.14870711,0.18099907
1.1159,-0.14294896,0.18557993
1.1160001,-0.13704979,0.18997768
1.1161,-0.13101542,0.19418797
1.1162,-0.12485182,0.19820666
1.1163,-0.11856504,0.20202979
1.1164,-0.1121613,0.20565359
1.1165,-0.10564692,0.20907447
1.1166,-0.099028319,0.21228907
1.1167001,-0.092312038,0.2152942
1.1168,-0.085504696,0.2180869
1.1169,-0.078613013,0.22066444
1.117,-0.071643785,0.22302425
1.1171,-0.064603895,0.22516401
1.1172,-0.05750028,0.22708163
1.1173,-0.050339956,0.22877517
1.1174001,-0.043129984,0.23024301
1.1174999,-0.035877481,0.23148368
1.1176,-0.028589599,0.23249596
1.1177,-0.021273531,0.23327886
1.1178,-0.013936493,0.23383158
1.1179,-0.006585726,0.23415361
1.118,0.00077151827,0.23424461
1.1181,0.0081279809,0.2341045
1.1181999,0.015476404,0.23373343
1.1183,0.022809537,0.23313174
1.1184,0.030120146,0.23230004
1.1185,0.037401017,0.23123914
1.1186,0.044644967,0.22995012
1.1187,0.05184485,0.22843421
1.1188,0.058993563,0.22669293
1.1188999,0.06608405,0.224728
1.119,0.073109314,0.22254135
1.1191,0.080062434,0.22013514
1.1192,0.086936541,0.21751174
1.1193,0.093724854,0.21467376
1.1194,0.10042068,0.21162398
1.1195,0.10701741,0.20836541
1.1196001,0.11350852,0.20490128
1.1197,0.11988764,0.20123498
1.1198,0.12614845,0.19737017
1.1199,0.13228479,0.19331063
1.12,0.13829058,0.18906038
1.1201,0.14415994,0.1846236
1.1202,0.14988704,0.18000469
1.1203001,0.15546623,0.1752082
1.1204,0.16089204,0.17023884
1.1205,0.16615908,0.16510154
1.1206,0.17126217,0.15980136
1.1207,0.17619628,0.15434355
1.1208,0.18095653,0.14873345
1.1209,0.18553823,0.14297664
1.1210001,0.18993688,0.13707878
1.1210999,0.19414809,0.13104567
1.1212,0.19816776,0.12488331
1.1213,0.2019919,0.11859774
1.1214,0.20561674,0.11219518
1.1215,0.20903869,0.10568194
1.1216,0.21225441,0.099064454
1.1217,0.21526068,0.092349246
1.1217999,0.21805459,0.085542947
1.1219,0.22063333,0.078652263
1.122,0.2229944,0.071683995
1.1221,0.22513545,0.06464503
1.1222,0.22705436,0.057542298
1.1223,0.22874925,0.050382815
1.1224,0.23021844,0.043173641
1.1224999,0.2314605,0.03592189
1.1226,0.23247418,0.028634721
1.1227,0.2332585,0.021319319
1.1228,0.23381267,0.013982903
1.1229,0.23413618,0.0066327117
1.123,0.23422866,-0.00072400382
1.1231,0.23409006,-0.0080799842
1.1232001,0.23372048,-0.015427973
1.1233,0.23312032,-0.022760719
1.1234,0.23229018,-0.03007099
1.1235,0.23123083,-0.037351571
1.1236,0.22994336,-0.044595283
1.1237,0.22842902,-0.051794972
1.1238,0.22668931,-0.05894354
1.1239001,0.22472596,-0.066033937
1.124,0.22254089,-0.073059157
1.1241,0.22013626,-0.080012284
1.1242,0.21751444,-0.086886443
1.1243,0.21467802,-0.093674861
1.1244,0.21162981,-0.10037084
1.1245,0.20837282,-0.10696777
1.1246001,0.20491023,-0.11345915
1.1247,0.2012455,-0.11983857
1.1248,0.19738221,-0.12609974
1.1249,0.19332421,-0.13223647
1.125,0.18907547,-0.13824272
1.1251,0.1846402,-0.14411256
1.1252,0.18002276,-0.14984019
1.1253,0.17522773,-0.15541999
1.1253999,0.17025983,-0.16084641
1.1255,0.16512395,-0.16611414
1.1256,0.15982519,-0.17121796
1.1257,0.15436874,-0.17615284
1.1258,0.14876001,-0.1809139
1.1259,0.14300452,-0.18549646
1.126,0.13710797,-0.18989599
1.1260999,0.13107614,-0.19410816
1.1262,0.12491502,-0.19812879
1.1263,0.11863066,-0.20195395
1.1264,0.11222929,-0.20557983
1.1265,0.1057172,-0.20900288
1.1266,0.099100821,-0.21221972
1.1267,0.092386685,-0.21522716
1.1267999,0.085581422,-0.21802224
1.1269,0.078691743,-0.22060221
1.127,0.071724437,-0.22296454
1.1271,0.064686395,-0.22510687
1.1272,0.057584543,-0.22702709
1.1273,0.050425898,-0.22872332
1.1274,0.043217525,-0.23019388
1.1275001,0.03596653,-0.23143733
1.1276,0.028680069,-0.23245244
1.1277,0.021365333,-0.23323819
1.1278,0.014029536,-0.23379382
1.1279,0.0066799182,-0.23411879
1.128,-0.00067626958,-0.23421277
1.1281,-0.0080317706,-0.23407567
1.1282001,-0.015379327,-0.23370764
1.1283,-0.022711689,-0.23310901
1.1284,-0.030021625,-0.2322804
1.1285,-0.03730192,-0.23122261
1.1286,-0.04454539,-0.2299367
1.1287,-0.051744893,-0.22842394
1.1288,-0.058893323,-0.22668581
1.1289001,-0.065983631,-0.22472404
1.1289999,-0.073008813,-0.22254054
1.1291,-0.079961948,-0.22013751
1.1292,-0.086836167,-0.21751727
1.1293,-0.093624696,-0.21468243
1.1294,-0.10032084,-0.2116358
1.1295,-0.10691798,-0.20838037
1.1296,-0.11340962,-0.20491935
1.1296999,-0.11978934,-0.20125617
1.1298,-0.12605086,-0.19739445
1.1299,-0.13218801,-0.19333796
1.13,-0.13819471,-0.18909074
1.1301,-0.14406505,-0.18465698
1.1302,-0.14979324,-0.18004103
1.1303,-0.15537362,-0.17524748
1.1303999,-0.1608007,-0.17028102
1.1305,-0.16606911,-0.16514657
1.1306,-0.17117365,-0.15984921
1.1307,-0.1761093,-0.15439415
1.1308,-0.18087117,-0.14878678
1.1309,-0.18545459,-0.14303263
1.131,-0.18985502,-0.13713737
1.1311001,-0.19406813,-0.13110682
1.1312,-0.19808976,-0.12494694
1.1313,-0.20191593,-0.11866381
1.1314,-0.20554288,-0.11226361
1.1315,-0.20896702,-0.10575267
1.1316,-0.21218498,-0.099137411
1.1317,-0.2151936,-0.092424355
1.1318001,-0.21798988,-0.085620128
1.1319,-0.22057109,-0.078731447
1.132,-0.22293466,-0.07176511
1.1321,-0.22507828,-0.064727984
1.1322,-0.22699983,-0.057627019
1.1323,-0.22869742,-0.050469216
1.1324,-0.23016936,-0.043261636
1.1325001,-0.2314142,-0.036011394
1.1325999,-0.23243071,-0.028725643
1.1327,-0.23321792,-0.021411572
1.1328,-0.23377502,-0.014076393
1.1329,-0.23410147,-0.0067273467
1.133,-0.23419695,0.00062831608
1.1331,-0.23406136,0.007983339
1.1332,-0.23369485,0.015330466
1.1332999,-0.23309778,0.022662446
1.1334,-0.23227072,0.029972048
1.1335,-0.23121449,0.037252061
1.1336,-0.22993016,0.044495296
1.1337,-0.22841898,0.051694613
1.1338,-0.22668242,0.058842909
1.1339,-0.22472224,0.065933131
1.1339999,-0.22254035,0.072958276
1.1341,-0.22013889,0.079911426
1.1342,-0.21752024,0.086785711
1.1343,-0.214687,0.09357436
1.1344,-0.21164195,0.10027066
1.1345,-0.20838809,0.10686801
1.1346,-0.20492865,0.11335992
1.1346999,-0.20126702,0.11973996
1.1348,-0.19740684,0.12600183
1.1349,-0.19335189,0.13213938
1.135,-0.1891062,0.13814655
1.1351,-0.18467394,0.1440174
1.1352,-0.18005949,0.14974615
1.1353,-0.1752674,0.15532713
1.1354001,-0.17030241,0.16075484
1.1355,-0.1651694,0.16602394
1.1356,-0.15987344,0.17112923
1.1357,-0.15441978,0.17606567
1.1358,-0.14881377,0.18082836
1.1359,-0.14306094,0.18541266
1.136,-0.13716699,0.189814
1.1361001,-0.13113773,0.19402805
1.1362,-0.1249791,0.19805066
1.1363,-0.11869717,0.20187786
1.1364,-0.11229816,0.20550588
1.1365,-0.10578837,0.20893112
1.1366,-0.099174224,0.21215023
1.1367,-0.092462249,0.21516001
1.1368001,-0.085659064,0.2179575
1.1368999,-0.07877139,0.22053994
1.137,-0.071806014,0.2229048
1.1371,-0.064769812,0.22504972
1.1372,-0.057669725,0.22697259
1.1373,-0.050512761,0.22867152
1.1374,-0.043305978,0.23014484
1.1375,-0.036056489,0.23139109
1.1375999,-0.028771445,0.23240905
1.1377,-0.021458035,0.23319769
1.1378,-0.014123473,0.23375626
1.1379,-0.0067749983,0.2340842
1.138,0.00058014214,0.2341812
1.1381,0.0079346895,0.23404713
1.1382,0.015281389,0.23368216
1.1382999,0.022612991,0.23308662
1.1384,0.029922262,0.23226112
1.1385,0.037201993,0.23120648
1.1386,0.044445001,0.22992373
1.1387,0.051644135,0.22841412
1.1388,0.058792297,0.22667916
1.1389,0.065882437,0.22472057
1.1390001,0.072907552,0.22254027
1.1391,0.079860725,0.22014041
1.1392,0.086735077,0.21752337
1.1393,0.093523845,0.21469171
1.1394,0.10022032,0.21164824
1.1395,0.10681789,0.20839597
1.1396,0.11331006,0.2049381
1.1397001,0.11969042,0.20127805
1.1398,0.12595266,0.1974194
1.1399,0.13209063,0.19336601
1.14,0.13809825,0.18912184
1.1401,0.14396963,0.1846911
1.1402,0.14969893,0.18007815
1.1403,0.15528052,0.17528753
1.1404001,0.16070889,0.170324
1.1404999,0.16597869,0.16519243
1.1406,0.17108472,0.15989788
1.1407,0.17602193,0.1544456
1.1408,0.18078548,0.14884095
1.1409,0.18537062,0.14308947
1.141,0.18977289,0.13719684
1.1411,0.19398791,0.13116886
1.1411999,0.1980115,0.12501147
1.1413,0.20183975,0.11873077
1.1414,0.20546883,0.11233294
1.1415,0.20889519,0.1058243
1.1416,0.21211544,0.099211268
1.1417,0.2151264,0.092500374
1.1418,0.2179251,0.085698232
1.1418999,0.2205088,0.078811556
1.142,0.22287492,0.071847141
1.1421,0.22502114,0.064811863
1.1422,0.22694536,0.057712659
1.1423,0.22864565,0.050556533
1.1424,0.23012036,0.043350548
1.1425,0.23136802,0.036101811
1.1426001,0.23238741,0.028817473
1.1427,0.23317751,0.021504724
1.1428,0.23373757,0.014170779
1.1429,0.23406699,0.0068228715
1.143,0.2341655,-0.00053174741
1.1431,0.23403297,-0.0078858212
1.1432,0.23366953,-0.015232095
1.1433001,0.23307556,-0.022563322
1.1434,0.23225163,-0.029872267
1.1435,0.23119856,-0.03715172
1.1436,0.22991739,-0.044394497
1.1437,0.22840938,-0.051593456
1.1438,0.22667603,-0.058741491
1.1439,0.22471903,-0.065831549
1.1440001,0.22254033,-0.072856642
1.1441,0.22014207,-0.079809837
1.1442,0.21752663,-0.086684264
1.1443,0.21469657,-0.093473151
1.1444,0.21165469,-0.1001698
1.1445,0.208404,-0.10676759
1.1446,0.20494771,-0.11326004
1.1447001,0.20128924,-0.11964072
1.1447999,0.19743216,-0.12590335
1.1449,0.1933803,-0.13204174
1.145,0.18913767,-0.13804983
1.1451,0.18470845,-0.14392172
1.1452,0.18009698,-0.14965157
1.1453,0.17530786,-0.15523379
1.1454,0.17034578,-0.16066281
1.1454999,0.16521566,-0.16593333
1.1456,0.15992253,-0.1710401
1.1457,0.15447164,-0.17597811
1.1458,0.14886837,-0.18074249
1.1459,0.14311823,-0.18532853
1.146,0.13722689,-0.1897317
1.1461,0.13120019,-0.19394767
1.1461999,0.12504406,-0.1979723
1.1463,0.11876459,-0.20180157
1.1464,0.11236794,-0.20543173
1.1465,0.10586046,-0.20885921
1.1466,0.099248543,-0.21208061
1.1467,0.092538722,-0.21509276
1.1468,0.085737623,-0.21789269
1.1469001,0.078851953,-0.22047764
1.147,0.071888506,-0.22284505
1.1471,0.064854153,-0.22499259
1.1472,0.057755828,-0.22691813
1.1473,0.050600536,-0.2286198
1.1474,0.043395348,-0.23009591
1.1475,0.03614736,-0.23134498
1.1476001,0.028863728,-0.23236582
1.1477,0.021551641,-0.2331574
1.1478,0.014218308,-0.23371892
1.1479,0.0068709673,-0.23404986
1.148,-0.0004831322,-0.23414989
1.1481,-0.0078367358,-0.23401889
1.1482,-0.015182587,-0.233657
1.1483001,-0.02251344,-0.23306459
1.1483999,-0.029822061,-0.23224224
1.1485,-0.037101239,-0.23119076
1.1486,-0.044343792,-0.22991118
1.1487,-0.051542576,-0.22840476
1.1488,-0.058690488,-0.22667301
1.1489,-0.065780476,-0.22471762
1.149,-0.072805546,-0.22254053
1.1490999,-0.079758763,-0.22014387
1.1492,-0.086633272,-0.21753003
1.1493,-0.093422286,-0.21470158
1.1494,-0.10011911,-0.21166131
1.1495,-0.10671714,-0.20841222
1.1496,-0.11320987,-0.2049575
1.1497,-0.11959087,-0.20130059
1.1497999,-0.12585388,-0.19744508
1.1499,-0.1319927,-0.19339478
1.15,-0.13800126,-0.18915369
1.1501,-0.14387368,-0.18472597
1.1502,-0.14960411,-0.18011603
1.1503,-0.15518694,-0.17532839
1.1504,-0.16061664,-0.17036778
1.1505001,-0.16588785,-0.16523908
1.1506,-0.17099538,-0.15994738
1.1507,-0.1759342,-0.15449789
1.1508,-0.18069941,-0.14889599
1.1509,-0.18528634,-0.14314719
1.151,-0.18969046,-0.13725717
1.1511,-0.1939074,-0.13123177
1.1512001,-0.19793302,-0.12507689
1.1513,-0.20176335,-0.11879863
1.1514,-0.2053946,-0.11240318
1.1515,-0.20882319,-0.10589684
1.1516,-0.21204576,-0.099286042
1.1517,-0.2150591,-0.092577308
1.1518,-0.21786025,-0.085777253
1.1519001,-0.22044647,-0.078892589
1.152,-0.22281516,-0.071930096
1.1521,-0.22496402,-0.064896666
1.1522,-0.22689092,-0.057799224
1.1523,-0.22859398,-0.050644774
1.1524,-0.23007149,-0.043440375
1.1525,-0.23132199,-0.036193136
1.1526,-0.23234427,-0.028910212
1.1526999,-0.23313731,-0.021598782
1.1528,-0.23370034,-0.014266061
1.1529,-0.23403278,-0.0069192853
1.153,-0.23413433,0.00043429752
1.1531,-0.23400488,0.0077874325
1.1532,-0.23364456,0.015132864
1.1533,-0.23305371,0.022463346
1.1533999,-0.23223294,0.029771645
1.1535,-0.23118305,0.037050553
1.1536,-0.22990507,0.044292886
1.1537,-0.22840026,0.051491499
1.1538,-0.22667012,0.058639288
1.1539,-0.22471634,0.065729208
1.154,-0.22254086,0.072754256
1.1540999,-0.22014582,0.079707511
1.1542,-0.21753359,0.086582102
1.1543,-0.21470675,0.09337125
1.1544,-0.21166807,0.10006826
1.1545,-0.20842057,0.10666652
1.1546,-0.20496745,0.11315953
1.1547,-0.20131212,0.11954087
1.1548001,-0.19745818,0.12580426
1.1549,-0.19340944,0.13194351
1.155,-0.18916988,0.13795257
1.1551,-0.1847437,0.1438255
1.1552,-0.18013526,0.14955652
1.1553,-0.1753491,0.15513997
1.1554,-0.17038997,0.16057034
1.1555001,-0.16526273,0.16584226
1.1556,-0.15997244,0.17095056
1.1557,-0.15452436,0.17589019
1.1558,-0.14892383,0.18065625
1.1559,-0.14317638,0.18524408
1.156,-0.13728768,0.18964912
1.1561,-0.13126355,0.19386704
1.1562001,-0.12510994,0.19789368
1.1562999,-0.11883289,0.20172507
1.1564,-0.11243863,0.20535742
1.1565,-0.10593346,0.20878714
1.1566,-0.099323779,0.21201088
1.1567,-0.092616118,0.21502542
1.1568,-0.085817106,0.21782781
1.1569,-0.078933448,0.22041528
1.1569999,-0.071971923,0.22278528
1.1571,-0.064939417,0.22493547
1.1572,-0.057842851,0.22686374
1.1573,-0.050689239,0.22856817
1.1574,-0.043485634,0.23004708
1.1575,-0.036239143,0.23129903
1.1576,-0.028956922,0.23232277
1.1576999,-0.021646148,0.23311728
1.1578,-0.014314038,0.2336818
1.1579,-0.0069678253,0.23401578
1.158,0.00038524281,0.23411885
1.1581,0.0077379108,0.23399095
1.1582,0.015082926,0.23363219
1.1583,0.02241304,0.23304293
1.1584001,0.02972102,0.23222375
1.1585,0.036999658,0.23117544
1.1586,0.044241775,0.22989906
1.1587,0.05144022,0.22839588
1.1588,0.058587894,0.22666734
1.1589,0.065677747,0.22471519
1.159,0.07270278,0.22254132
1.1591001,0.079656072,0.22014791
1.1592,0.086530752,0.2175373
1.1593,0.093320034,0.21471207
1.1594,0.10001723,0.211675
1.1595,0.10661574,0.20842911
1.1596,0.11310904,0.20497759
1.1597,0.11949072,0.20132384
1.1598001,0.12575449,0.19747147
1.1599,0.13189419,0.19342428
1.16,0.13790374,0.18918628
1.1601,0.14377719,0.18476161
1.1602,0.1495088,0.1801547
1.1603,0.15509288,0.17537004
1.1604,0.16052392,0.17041236
1.1605,0.16579658,0.16528657
1.1605999,0.17090565,0.15999773
1.1607,0.17584608,0.15455103
1.1608,0.18061301,0.14895187
1.1609,0.18520173,0.14320578
1.161,0.18960772,0.1373184
1.1611,0.19382663,0.13129556
1.1612,0.1978543,0.1251432
1.1612999,0.20168674,0.11886739
1.1614,0.20532019,0.11247432
1.1615,0.20875107,0.1059703
1.1616,0.21197596,0.09936174
1.1617,0.21499172,0.092655167
1.1618,0.21779536,0.085857198
1.1619,0.22038411,0.078974538
1.1619999,0.22275542,0.072013982
1.1621,0.22490694,0.064982392
1.1622,0.22683656,0.057886709
1.1623,0.22854239,0.050733935
1.1624,0.23002271,0.043531124
1.1625,0.23127609,0.036285382
1.1626,0.23230129,0.02900386
1.1627001,0.23309731,0.021693742
1.1628,0.23366334,0.01436224
1.1629,0.23399884,0.0070165875
1.163,0.23410346,-0.00033596778
1.1631,0.23397711,-0.0076881722
1.1632,0.23361991,-0.015032772
1.1633,0.23303224,-0.022362521
1.1634001,0.23221464,-0.029670186
1.1635,0.23116796,-0.036948562
1.1636,0.22989319,-0.044190463
1.1637,0.2283916,-0.051388744
1.1638,0.22666469,-0.058536306
1.1639,0.22471416,-0.0656261
1.164,0.22254193,-0.072651125
1.1641001,0.22015014,-0.079604454
1.1641999,0.21754114,-0.086479224
1.1643,0.21471754,-0.093268655
1.1644,0.2116821,-0.099966049
1.1645,0.2084378,-0.10656479
1.1646,0.20498788,-0.11305838
1.1647,0.20133573,-0.11944041
1.1648,0.19748493,-0.12570459
1.1648999,0.1934393,-0.13184471
1.165,0.18920285,-0.13785475
1.1651,0.18477973,-0.14372876
1.1652,0.18017432,-0.14946096
1.1653,0.17539115,-0.15504567
1.1654,0.17043497,-0.16047741
1.1655,0.16531064,-0.1657508
1.1655999,0.16002321,-0.17086065
1.1657,0.15457793,-0.1758019
1.1658,0.14898016,-0.18056969
1.1659,0.1432354,-0.18515933
1.166,0.13734935,-0.18956627
1.1661,0.13132781,-0.19378616
1.1662,0.1251767,-0.19781485
1.1663001,0.11890212,-0.20164837
1.1664,0.11251023,-0.20528293
1.1665,0.10600737,-0.20871495
1.1666,0.099399932,-0.21194103
1.1667,0.092694446,-0.214958
1.1668,0.08589752,-0.21776289
1.1669,0.079015866,-0.22035292
1.1670001,0.072056271,-0.22272554
1.1671,0.065025605,-0.2248784
1.1672,0.057930801,-0.22680941
1.1673,0.050778862,-0.22851662
1.1674,0.04357684,-0.22999838
1.1675,0.036331847,-0.23125322
1.1676,0.029051024,-0.23227988
1.1677001,0.021741562,-0.23307739
1.1677999,0.014410666,-0.23364493
1.1679,0.0070655723,-0.23398195
1.168,-0.00028647238,-0.23408812
1.1681,-0.0076382156,-0.23396334
1.1682,-0.014982403,-0.23360774
1.1683,-0.02231179,-0.23302165
1.1684,-0.029619144,-0.23220566
1.1684999,-0.036897257,-0.23116057
1.1686,-0.044138946,-0.22988741
1.1687,-0.051337071,-0.22838746
1.1688,-0.058484524,-0.22666219
1.1689,-0.065574259,-0.22471328
1.169,-0.072599277,-0.22254267
1.1691,-0.07955265,-0.22015251
1.1691999,-0.086427517,-0.21754515
1.1693,-0.093217097,-0.21472317
1.1694,-0.099914692,-0.21168934
1.1695,-0.10651369,-0.20844667
1.1696,-0.11300758,-0.20499834
1.1697,-0.11938996,-0.20134778
1.1698,-0.12565453,-0.19749857
1.1698999,-0.13179512,-0.19345453
1.17,-0.13780566,-0.18921962
1.1701,-0.14368021,-0.18479803
1.1702,-0.149413,-0.18019415
1.1703,-0.15499836,-0.17541249
1.1704,-0.16043079,-0.17045777
1.1705,-0.16570492,-0.1653349
1.1706001,-0.17081554,-0.16004892
1.1707,-0.17575763,-0.15460503
1.1708,-0.18052629,-0.14900863
1.1709,-0.18511684,-0.14326525
1.171,-0.18952473,-0.13738051
1.1711,-0.19374563,-0.13136026
1.1712,-0.19777536,-0.12521042
1.1713001,-0.20160995,-0.11893707
1.1714,-0.20524563,-0.11254638
1.1715,-0.2086788,-0.10604467
1.1716,-0.21190608,-0.099438362
1.1717,-0.21492426,-0.092733957
1.1718,-0.21773042,-0.085938074
1.1719,-0.22032173,-0.079057425
1.1720001,-0.22269566,-0.072098792
1.1720999,-0.22484989,-0.06506905
1.1722,-0.22678226,-0.057975125
1.1723,-0.22849089,-0.05082402
1.1724,-0.22997408,-0.043622792
1.1725,-0.23123038,-0.03637854
1.1726,-0.23225853,-0.029098419
1.1727,-0.23305753,-0.021789607
1.1727999,-0.23362659,-0.014459317
1.1729,-0.23396516,-0.0071147801
1.173,-0.23407288,0.00023675723
1.1731,-0.23394966,0.0075880419
1.1732,-0.23359564,0.01493182
1.1733,-0.23301114,0.022260848
1.1734,-0.23219676,0.029567894
1.1734999,-0.23115329,0.036845747
1.1736,-0.22988176,0.044087231
1.1737,-0.22838344,0.051285196
1.1738,-0.2266598,0.058432549
1.1739,-0.22471254,0.065522231
1.174,-0.22254357,0.072547249
1.1741,-0.22015505,0.079500668
1.1742001,-0.21754931,0.086375639
1.1743,-0.21472897,0.093165368
1.1744,-0.21169676,0.099863164
1.1745,-0.20845571,0.10646242
1.1746,-0.205009,0.11295661
1.1747,-0.20136003,0.11933935
1.1748,-0.1975124,0.12560433
1.1749001,-0.19346993,0.13174537
1.175,-0.18923658,0.13775642
1.1751,-0.18481654,0.14363153
1.1752,-0.18021418,0.14936492
1.1753,-0.17543402,0.15495093
1.1754,-0.17048079,0.16038406
1.1755,-0.16535938,0.16565892
1.1756001,-0.16007483,0.17077035
1.1756999,-0.15463236,0.17571326
1.1758,-0.14903735,0.1804828
1.1759,-0.1432953,0.18507427
1.176,-0.13741191,0.18948314
1.1761,-0.13139296,0.19370504
1.1762,-0.12524438,0.19773582
1.1763,-0.11897225,0.20157149
1.1763999,-0.11258276,0.20520829
1.1765,-0.10608221,0.20864262
1.1766,-0.099477015,0.21187109
1.1767,-0.092773698,0.21489052
1.1768,-0.085978866,0.21769792
1.1769,-0.079099216,0.22029054
1.177,-0.07214155,0.22266582
1.1770999,-0.065112725,0.22482139
1.1772,-0.058019683,0.22675516
1.1773,-0.050869413,0.2284652
1.1774,-0.04366897,0.22994982
1.1775,-0.036425464,0.23120758
1.1776,-0.029146042,0.23223722
1.1777,-0.021837881,0.23303773
1.1778001,-0.014508192,0.23360831
1.1779,-0.0071642101,0.23394842
1.178,0.00018682175,0.23405771
1.1781,0.0075376495,0.23393607
1.1782,0.014881022,0.23358364
1.1783,0.022209693,0.23300076
1.1784,0.029516434,0.23218799
1.1785001,0.036794033,0.23114613
1.1786,0.044035312,0.22987624
1.1787,0.051233128,0.22837955
1.1788,0.058380377,0.22665754
1.1789,0.06547001,0.22471192
1.179,0.072495028,0.2225446
1.1791,0.079448506,0.22015771
1.1792001,0.086323582,0.21755363
1.1793,0.093113475,0.21473491
1.1794,0.099811479,0.21170434
1.1795,0.10641099,0.20846491
1.1796,0.1129055,0.20501982
1.1797,0.1192886,0.20137244
1.1798,0.125554,0.19752643
1.1799001,0.13169549,0.19348553
1.1799999,0.13770705,0.18925373
1.1801,0.14358273,0.18483524
1.1802,0.14931673,0.1802344
1.1803,0.1549034,0.17545576
1.1804,0.16033722,0.17050402
1.1805,0.16561285,0.16538405
1.1806,0.17072505,0.16010095
1.1806999,0.17566881,0.1546599
1.1808,0.18043925,0.14906628
1.1809,0.18503164,0.1433256
1.181,0.18944147,0.13744353
1.1811,0.19366439,0.13142587
1.1812,0.19769621,0.12527856
1.1813,0.20153299,0.11900766
1.1813999,0.20517091,0.11261937
1.1815,0.20860641,0.10611998
1.1816,0.21183608,0.099515907
1.1817,0.21485676,0.092813678
1.1818,0.21766543,0.086019889
1.1819,0.22025935,0.079141244
1.182,0.22263595,0.07218454
1.1821001,0.2247929,0.065156639
1.1822,0.22672807,0.058064472
1.1823,0.22843952,0.050915036
1.1824,0.22992559,0.043715384
1.1825,0.23118483,0.036472622
1.1826,0.23221596,0.029193893
1.1827,0.23301798,0.02188638
1.1828001,0.2335901,0.014557294
1.1829,0.23393176,0.0072138626
1.183,0.23404261,-0.00013666578
1.1831,0.23392257,-0.00748704
1.1832,0.23357174,-0.014830009
1.1833,0.23299046,-0.022158327
1.1834,0.2321793,-0.029464765
1.1835001,0.23113909,-0.036742114
1.1835999,0.22987083,-0.043983195
1.1837,0.22837578,-0.051180862
1.1838,0.22665542,-0.058328014
1.1839,0.22471145,-0.065417603
1.184,0.22254577,-0.072442628
1.1841,0.22016054,-0.079396166
1.1842,0.2175581,-0.086271353
1.1842999,0.21474102,-0.093061402
1.1844,0.21171209,-0.099759623
1.1845,0.20847429,-0.1063594
1.1846,0.20503081,-0.11285423
1.1847,0.20138505,-0.1192377
1.1848,0.19754063,-0.12550351
1.1849,0.19350131,-0.13164547
1.1849999,0.18927109,-0.13765755
1.1851,0.18485415,-0.1435338
1.1852,0.18025485,-0.1492684
1.1853,0.1754777,-0.15485574
1.1854,0.17052744,-0.16029027
1.1855,0.16540897,-0.16556665
1.1856,0.1601273,-0.17067967
1.1857001,0.15468767,-0.17562428
1.1858,0.14909543,-0.1803956
1.1859,0.14335611,-0.18498893
1.186,0.13747537,-0.18939975
1.1861,0.13145901,-0.19362368
1.1862,0.12531297,-0.19765657
1.1863,0.11904331,-0.20149444
1.1864001,0.11265621,-0.20513351
1.1865,0.10615798,-0.20857018
1.1866,0.099555038,-0.21180107
1.1867,0.092853889,-0.21482298
1.1868,0.086061142,-0.21763293
1.1869,0.079183511,-0.22022817
1.187,0.072227769,-0.22260612
1.1871001,0.065200791,-0.22476444
1.1872,0.058109496,-0.22670099
1.1873,0.050960891,-0.22841388
1.1874,0.043762028,-0.2299014
1.1875,0.036520004,-0.23116212
1.1876,0.029241972,-0.23219474
1.1877,0.021935107,-0.2329983
1.1878,0.014606618,-0.23357196
1.1878999,0.0072637377,-0.23391518
1.188,-8.6289721e-05,-0.23402761
1.1881,-0.0074362135,-0.23390916
1.1882,-0.014778782,-0.23355992
1.1883,-0.02210675,-0.23298027
1.1884,-0.02941289,-0.23217075
1.1885,-0.036689989,-0.23113216
1.1885999,-0.043930873,-0.22986555
1.1887,-0.051128399,-0.22837214
1.1888,-0.058275457,-0.22665344
1.1889,-0.065365002,-0.22471112
1.189,-0.072390042,-0.2225471
1.1891,-0.079343647,-0.22016352
1.1892,-0.086218946,-0.21756274
1.1892999,-0.093009166,-0.21474731
1.1894,-0.099707611,-0.21172
1.1895,-0.10630766,-0.20848384
1.1896,-0.11280281,-0.20504199
1.1897,-0.11918665,-0.20139785
1.1898,-0.12545288,-0.19755502
1.1899,-0.13159533,-0.19351728
1.1900001,-0.13760792,-0.18928865
1.1901,-0.14348474,-0.18487325
1.1902,-0.14921997,-0.18027548
1.1903,-0.15480798,-0.17549986
1.1904,-0.16024323,-0.17055109
1.1905,-0.16552037,-0.16543408
1.1906,-0.1706342,-0.16015387
1.1907001,-0.17557967,-0.15471564
1.1908,-0.18035188,-0.1491248
1.1909,-0.18494616,-0.14338684
1.191,-0.18935795,-0.13750744
1.1911,-0.19358292,-0.13149238
1.1912,-0.19761688,-0.1253476
1.1913,-0.20145586,-0.11907918
1.1914001,-0.20509607,-0.11269328
1.1914999,-0.20853393,-0.10619622
1.1916,-0.21176602,-0.099594399
1.1917,-0.2147892,-0.092894331
1.1918,-0.21760044,-0.086102635
1.1919,-0.22019699,-0.07922601
1.192,-0.22257629,-0.072271228
1.1921,-0.22473599,-0.065245166
1.1921999,-0.22667395,-0.058154754
1.1923,-0.22838828,-0.05100698
1.1924,-0.22987726,-0.043808904
1.1925,-0.23113945,-0.036567621
1.1926,-0.23217359,-0.029290279
1.1927,-0.23297867,-0.021984059
1.1928,-0.23355389,-0.014656167
1.1928999,-0.23389867,-0.0073138354
1.193,-0.23401269,3.5694415e-05
1.1931,-0.23389584,0.0073851701
1.1932,-0.23354821,0.01472734
1.1933,-0.23297018,0.022054963
1.1934,-0.23216228,0.029360807
1.1935,-0.23112534,0.036637664
1.1936001,-0.22986038,0.043878354
1.1937,-0.22836864,0.051075738
1.1938,-0.22665159,0.058222711
1.1939,-0.22471093,0.065312222
1.194,-0.22254857,0.072337277
1.1941,-0.22016665,0.079290949
1.1942,-0.21756752,0.086166367
1.1943001,-0.21475375,0.092956766
1.1944,-0.2117281,0.099655427
1.1945,-0.20849356,0.10625575
1.1946,-0.20505334,0.11275123
1.1947,-0.20141082,0.11913545
1.1948,-0.19756959,0.12540212
1.1949,-0.19353345,0.13154504
1.1950001,-0.18930638,0.13755816
1.1950999,-0.18489255,0.14343557
1.1952,-0.18029632,0.14917143
1.1953,-0.17552221,0.15476011
1.1954,-0.17057495,0.16019608
1.1955,-0.16545941,0.165474
1.1956,-0.16018064,0.17058864
1.1957,-0.15474385,0.17553496
1.1957999,-0.14915439,0.1803081
1.1959,-0.14341781,0.18490332
1.196,-0.13753973,0.18931611
1.1961,-0.13152598,0.19354211
1.1962,-0.12538248,0.19757713
1.1963,-0.11911529,0.20141722
1.1964,-0.11273059,0.20505859
1.1964999,-0.10623468,0.20849764
1.1966,-0.099633992,0.21173097
1.1967,-0.092935011,0.2147554
1.1968,-0.086144365,0.21756794
1.1969,-0.079268739,0.22016582
1.197,-0.072314925,0.22254647
1.1971,-0.06528978,0.22470756
1.1971999,-0.058200244,0.22664693
1.1973,-0.051053304,0.22836271
1.1974,-0.04385601,0.22985317
1.1975,-0.036615465,0.23111685
1.1976,-0.029338816,0.23215249
1.1977,-0.022033239,0.23295911
1.1978,-0.014705942,0.23353589
1.1979001,-0.0073641548,0.23388223
1.198,-1.5120379e-05,0.23399785
1.1981,0.0073339096,0.23388261
1.1982,0.014675686,0.2335366
1.1983,0.022002963,0.23296019
1.1984,0.029308515,0.23215394
1.1985,0.036585134,0.23111865
1.1986001,0.043825634,0.22985534
1.1987,0.051022884,0.22836526
1.1988,0.058169771,0.22664988
1.1989,0.065259248,0.22471088
1.199,0.072284326,0.22255018
1.1991,0.079238072,0.22016993
1.1992,0.086113617,0.21757247
1.1993001,0.092904188,0.21476035
1.1993999,0.099603087,0.21173635
1.1995,0.1062037,0.20850347
1.1996,0.11269951,0.20506488
1.1997,0.11908411,0.20142397
1.1998,0.12535121,0.19758436
1.1999,0.13149463,0.19354981
1.2,0.13750829,0.18932433
1.2000999,0.14338626,0.18491206
1.2002,0.14912277,0.18031737
1.2003,0.15471213,0.17554478
1.2004,0.16014884,0.17059903
1.2005,0.16542752,0.16548496
1.2006,0.170543,0.16020764
1.2007,0.17549019,0.15477227
1.2007999,0.18026423,0.14918423
1.2009,0.18486041,0.14344899
1.201,0.18927419,0.13757226
1.2011,0.19350123,0.1315598
1.2012,0.19753735,0.12541758
1.2013,0.20137857,0.11915162
1.2014,0.2050211,0.11276813
1.2015001,0.20846133,0.10627339
1.2016,0.21169589,0.099673823
1.2017,0.21472159,0.092975929
1.2018,0.21753544,0.086186327
1.2019,0.22013465,0.079311706
1.202,0.22251667,0.072358854
1.2021,0.22467914,0.065334633
1.2022001,0.22661996,0.058245972
1.2023,0.22833717,0.051099855
1.2024,0.2298291,0.043903347
1.2025,0.23109429,0.036663543
1.2026,0.23213147,0.02938758
1.2027,0.23293962,0.022082644
1.2028,0.23351794,0.01475594
1.2029001,0.23386589,0.0074146958
1.2029999,0.2339831,6.6154884e-05
1.2031,0.23386946,-0.0072824326
1.2032,0.23352508,-0.014623817
1.2033,0.23295031,-0.021950755
1.2034,0.23214571,-0.029256018
1.2035,0.23111208,-0.036532398
1.2036,0.22985043,-0.043772716
1.2036999,0.22836201,-0.050969832
1.2038,0.2266483,-0.058116641
1.2039,0.22471099,-0.065206096
1.204,0.22255196,-0.072231196
1.2041,0.22017337,-0.079185016
1.2042,0.21757758,-0.086060695
1.2043,0.21476713,-0.092851453
1.2043999,0.21174479,-0.099550582
1.2045,0.20851354,-0.10615148
1.2046,0.20507659,-0.11264763
1.2047,0.20143732,-0.11903263
1.2048,0.19759932,-0.12530017
1.2049,0.19356638,-0.13144407
1.205,0.18934247,-0.13745828
1.2051001,0.18493177,-0.14333685
1.2052,0.18033862,-0.14907399
1.2053,0.17556757,-0.15466404
1.2054,0.1706233,-0.16010149
1.2055,0.16551073,-0.16538097
1.2056,0.16023485,-0.17049725
1.2057,0.15480092,-0.17544533
1.2058001,0.14921427,-0.18022029
1.2059,0.14348042,-0.18481743
1.206,0.13760501,-0.18923223
1.2061,0.13159387,-0.19346032
1.2062,0.12545291,-0.19749752
1.2063,0.1191882,-0.20133987
1.2064,0.1128059,-0.20498356
1.2065001,0.10631233,-0.208425
1.2066,0.099713892,-0.2116608
1.2067,0.093017086,-0.21468778
1.2068,0.086228527,-0.21750294
1.2069,0.079354912,-0.22010349
1.207,0.072403021,-0.22248688
1.2071,0.065379716,-0.22465077
1.2072001,0.058291931,-0.226593
1.2072999,0.051146645,-0.22831167
1.2074,0.043950919,-0.2298051
1.2075,0.036711846,-0.23107179
1.2076,0.029436573,-0.23211049
1.2077,0.022132277,-0.2329202
1.2078,0.014806163,-0.23350009
1.2079,0.0074654594,-0.23384963
1.2079999,0.00011740871,-0.23396844
1.2081,-0.0072307396,-0.23385641
1.2082,-0.014571736,-0.23351367
1.2083,-0.021898337,-0.23294054
1.2084,-0.029203314,-0.23213759
1.2085,-0.036479462,-0.23110563
1.2086,-0.043719601,-0.22984564
1.2086999,-0.050916586,-0.22835891
1.2088,-0.058063321,-0.22664687
1.2089,-0.065152749,-0.22471122
1.209,-0.072177887,-0.22255388
1.2091,-0.07913179,-0.22017698
1.2092,-0.086007603,-0.21758285
1.2093,-0.092798546,-0.21477407
1.2094001,-0.099497922,-0.21175338
1.2095,-0.10609911,-0.2085238
1.2096,-0.1125956,-0.2050885
1.2097,-0.118981,-0.20145085
1.2098,-0.12524898,-0.19761448
1.2099,-0.13139339,-0.19358313
1.21,-0.13740814,-0.18936081
1.2101001,-0.14328732,-0.18495168
1.2102,-0.14902511,-0.18036009
1.2103,-0.15461585,-0.17559056
1.2104,-0.16005404,-0.17064781
1.2105,-0.16533431,-0.1655367
1.2106,-0.17045145,-0.1602623
1.2107,-0.17540039,-0.15482979
1.2108001,-0.18017629,-0.14924455
1.2108999,-0.1847744,-0.14351206
1.211,-0.18919021,-0.137638
1.2111,-0.19341935,-0.13162817
1.2112,-0.19745766,-0.12548847
1.2113,-0.20130113,-0.119225
1.2114,-0.204946,-0.11284392
1.2115,-0.20838866,-0.10635151
1.2115999,-0.21162571,-0.099754192
1.2117,-0.21465397,-0.093058474
1.2118,-0.21747044,-0.086270966
1.2119,-0.22007234,-0.079398356
1.212,-0.22245711,-0.072447427
1.2121,-0.2246224,-0.065425038
1.2122,-0.22656608,-0.058338124
1.2122999,-0.22828622,-0.051193666
1.2124,-0.22978112,-0.043998722
1.2125,-0.23104933,-0.036760382
1.2126,-0.23208958,-0.029485798
1.2127,-0.23290083,-0.022182137
1.2128,-0.23348232,-0.01485661
1.2129,-0.23383345,-0.0075164451
1.2130001,-0.23395386,-0.00016888164
1.2131,-0.23384348,0.00717883
1.2132,-0.23350236,0.01451944
1.2133,-0.23293088,0.021845708
1.2134,-0.2321296,0.029150404
1.2135,-0.23109929,0.036426321
1.2136,-0.22984099,0.043666285
1.2137001,-0.22835593,0.050863147
1.2138,-0.22664557,0.058009811
1.2139,-0.22471161,0.065099224
1.214,-0.22255597,0.072124392
1.2141,-0.22018073,0.079078384
1.2142,-0.21758829,0.085954338
1.2143,-0.21478118,0.092745475
1.2144001,-0.21176217,0.099445097
1.2145,-0.20853424,0.10604659
1.2146,-0.20510058,0.11254343
1.2147,-0.20146458,0.11892922
1.2148,-0.19762982,0.12519766
1.2149,-0.19360009,0.13134257
1.215,-0.18937936,0.13735789
1.2151,-0.18497181,0.14323767
1.2151999,-0.18038176,0.1489761
1.2153,-0.17561378,0.15456755
1.2154,-0.17067252,0.16000649
1.2155,-0.16556291,0.16528757
1.2156,-0.16028996,0.17040554
1.2157,-0.15485889,0.17535539
1.2158,-0.14927503,0.18013221
1.2158999,-0.14354393,0.1847313
1.216,-0.13767122,0.18914813
1.2161,-0.1316627,0.19337834
1.2162,-0.12552428,0.19741775
1.2163,-0.11926205,0.20126237
1.2164,-0.11288216,0.20490842
1.2165,-0.10639092,0.2083523
1.2165999,-0.099794731,0.2115906
1.2167,-0.093100101,0.21462014
1.2168,-0.086313635,0.21743794
1.2169,-0.079442032,0.2200412
1.217,-0.07249207,0.22242737
1.2171,-0.065470599,0.22459407
1.2172,-0.058384553,0.22653919
1.2173001,-0.051240925,0.2282608
1.2174,-0.044046756,0.2297572
1.2175,-0.03680915,0.23102693
1.2176,-0.029535249,0.23206872
1.2177,-0.022232223,0.23288155
1.2178,-0.014907283,0.23346461
1.2179,-0.0075676525,0.23381734
1.2180001,-0.00022057389,0.23393938
1.2181,0.0071267039,0.23383062
1.2182,0.014466932,0.23349117
1.2183,0.02179287,0.23292135
1.2184,0.029097289,0.23212172
1.2185,0.036372982,0.23109309
1.2186,0.043612771,0.22983646
1.2187001,0.050809514,0.2283531
1.2187999,0.057956111,0.22664443
1.2189,0.065045513,0.22471216
1.219,0.072070718,0.2225582
1.2191,0.079024807,0.22018465
1.2192,0.08590091,0.21759389
1.2193,0.092692241,0.21478847
1.2194,0.099392116,0.21177113
1.2194999,0.1059939,0.20854487
1.2196,0.11249111,0.20511286
1.2197,0.11887731,0.2014785
1.2198,0.12514621,0.19764537
1.2199,0.13129163,0.19361724
1.22,0.13730751,0.18939811
1.2201,0.1431879,0.18499213
1.2201999,0.148927,0.18040365
1.2203,0.15451916,0.17563719
1.2204,0.15995885,0.17069747
1.2205,0.16524072,0.16558933
1.2206,0.17035955,0.16031785
1.2207,0.1753103,0.15488821
1.2208,0.18008807,0.14930576
1.2209001,0.18468815,0.14357604
1.221,0.189106,0.13770467
1.2211,0.19333728,0.13169745
1.2212,0.1973778,0.12556031
1.2213,0.20122357,0.11929932
1.2214,0.20487081,0.11292064
1.2215,0.20831591,0.10643057
1.2216001,0.21155548,0.099835508
1.2217,0.21458633,0.093141973
1.2218,0.21740545,0.08635655
1.2219,0.22001007,0.079485953
1.222,0.22239764,0.072536945
1.2221,0.22456577,0.06551639
1.2222,0.22651234,0.058431219
1.2223001,0.22823544,0.051288415
1.2224,0.22973335,0.044095024
1.2225,0.2310046,0.036858149
1.2226,0.23204793,0.029584929
1.2227,0.23286234,0.022282537
1.2228,0.233447,0.01495818
1.2229,0.23380134,0.0076190815
1.223,0.233925,0.0002724854
1.2230999,0.23381788,-0.0070743621
1.2232,0.23348007,-0.014414212
1.2233,0.23291191,-0.021739822
1.2234,0.23211396,-0.029043967
1.2235,0.23108701,-0.036319438
1.2236,0.22983208,-0.04355906
1.2237,0.2283504,-0.050755687
1.2237999,0.22664343,-0.057902221
1.2239,0.22471285,-0.064991616
1.224,0.22256058,-0.072016865
1.2241,0.22018875,-0.078971051
1.2242,0.21759968,-0.085847303
1.2243,0.21479592,-0.092638843
1.2244,0.21178026,-0.099338971
1.2244999,0.20855567,-0.10594107
1.2246,0.20512532,-0.11243864
1.2247,0.20149261,-0.11882526
1.2248,0.1976611,-0.12509462
1.2249,0.1936346,-0.13124056
1.225,0.18941706,-0.13725701
1.2251,0.18501267,-0.14313801
1.2252001,0.18042575,-0.14887778
1.2253,0.17566083,-0.15447067
1.2254,0.17072262,-0.15991113
1.2255,0.16561598,-0.16519381
1.2256,0.16034596,-0.17031349
1.2257,0.15491776,-0.17526513
1.2258,0.14933673,-0.18004385
1.2259001,0.14360836,-0.18464492
1.226,0.13773835,-0.18906382
1.2261,0.13173245,-0.19329618
1.2262,0.12559658,-0.19733781
1.2263,0.11933684,-0.20118473
1.2264,0.11295936,-0.20483318
1.2265,0.10647046,-0.20827952
1.2266001,0.09987653,-0.21152036
1.2266999,0.093184076,-0.21455251
1.2268,0.086399704,-0.21737297
1.2269,0.079530105,-0.21997897
1.227,0.072582059,-0.22236793
1.2271,0.06556242,-0.22453749
1.2272,0.058478117,-0.22648554
1.2273,0.051336136,-0.22821011
1.2273999,0.044143524,-0.22970954
1.2275,0.036907379,-0.23098232
1.2276,0.029634837,-0.23202722
1.2277,0.022333076,-0.23284321
1.2278,0.0150093,-0.23342945
1.2279,0.0076707322,-0.23378541
1.228,0.00032461499,-0.23391071
1.2280999,-0.0070218048,-0.23380522
1.2282,-0.014361279,-0.23346908
1.2283,-0.021686567,-0.2329026
1.2284,-0.02899044,-0.23210633
1.2285,-0.036265694,-0.23108107
1.2286,-0.043505151,-0.22982782
1.2287,-0.050701667,-0.22834784
1.2288001,-0.057848144,-0.22664258
1.2289,-0.064937532,-0.2247137
1.229,-0.071962833,-0.22256313
1.2291,-0.078917123,-0.220193
1.2292,-0.085793532,-0.21760562
1.2293,-0.092585288,-0.21480356
1.2294,-0.099285677,-0.21178958
1.2295001,-0.10588809,-0.20856665
1.2296,-0.11238603,-0.20513797
1.2297,-0.11877307,-0.2015069
1.2298,-0.12504292,-0.19767703
1.2299,-0.13118936,-0.19365215
1.23,-0.13720638,-0.18943623
1.2301,-0.14308801,-0.18503341
1.2302001,-0.14882846,-0.18044806
1.2302999,-0.15442206,-0.17568468
1.2304,-0.15986329,-0.17074798
1.2305,-0.1651468,-0.16564284
1.2306,-0.17026734,-0.1603743
1.2307,-0.17521991,-0.15494753
1.2308,-0.17999958,-0.14936791
1.2309,-0.18460165,-0.14364094
1.2309999,-0.18902159,-0.13777226
1.2311,-0.19325502,-0.13176768
1.2312,-0.19729778,-0.12563309
1.2313,-0.20114589,-0.11937459
1.2314,-0.20479552,-0.11299832
1.2315,-0.2082431,-0.10651059
1.2316,-0.21148522,-0.099917784
1.2316999,-0.21451868,-0.093226418
1.2318,-0.2173405,-0.086443089
1.2319,-0.21994787,-0.079574496
1.232,-0.22233824,-0.07262741
1.2321,-0.22450925,-0.065608688
1.2322,-0.22645876,-0.058525253
1.2323,-0.22818483,-0.051384095
1.2323999,-0.22968577,-0.044192258
1.2325,-0.2309601,-0.036956839
1.2326,-0.23200656,-0.029684976
1.2327,-0.23282413,-0.022383843
1.2328,-0.233412,-0.015060644
1.2329,-0.23376957,-0.0077226041
1.233,-0.23389651,-0.00037696242
1.2331001,-0.23379269,0.0069690328
1.2332,-0.23345821,0.014308135
1.2333,-0.23289339,0.021633103
1.2334,-0.23209882,0.02893671
1.2335,-0.23107526,0.036211751
1.2336,-0.22982371,0.043451048
1.2337,-0.22834542,0.05064746
1.2338001,-0.22664186,0.057793882
1.2339,-0.2247147,0.064883269
1.234,-0.22256584,0.07190863
1.2341,-0.22019741,0.078863025
1.2342,-0.21761173,0.085739598
1.2343,-0.21481135,0.092531562
1.2344,-0.21179907,0.099232219
1.2345001,-0.20857783,0.10583496
1.2345999,-0.20515081,0.11233327
1.2347,-0.2015214,0.11872073
1.2348,-0.19769317,0.12499106
1.2349,-0.19366992,0.13113804
1.235,-0.1894556,0.13715564
1.2351,-0.18505438,0.1430379
1.2352,-0.18047059,0.14877903
1.2352999,-0.17570876,0.15437336
1.2354,-0.17077358,0.15981537
1.2355,-0.16566993,0.1650997
1.2356,-0.16040285,0.17022112
1.2357,-0.15497753,0.17517459
1.2358,-0.14939933,0.17995523
1.2359,-0.14367373,0.18455832
1.2359999,-0.1378064,0.1889793
1.2361,-0.13180314,0.19321384
1.2362,-0.12566984,0.19725773
1.2363,-0.11941258,0.201107
1.2364,-0.11303752,0.20475785
1.2365,-0.10655095,0.20820668
1.2366,-0.099959277,0.21145009
1.2367001,-0.093268998,0.21448487
1.2368,-0.08648672,0.21730804
1.2369,-0.079619125,0.21991681
1.237,-0.072673,0.22230859
1.2371,-0.065655187,0.22448105
1.2372,-0.058572624,0.22643203
1.2373,-0.051432285,0.22815959
1.2374001,-0.044241223,0.22966206
1.2375,-0.037006527,0.23093796
1.2376,-0.029735342,0.23198599
1.2377,-0.022434834,0.23280515
1.2378,-0.015112212,0.23339462
1.2379,-0.0077746958,0.23375383
1.238,-0.00042952769,0.23388241
1.2381001,0.0069160461,0.23378025
1.2381999,0.01425478,0.23344745
1.2383,0.021579431,0.23288432
1.2384,0.028882775,0.23209143
1.2385,0.036157608,0.23106956
1.2386,0.043396749,0.22981973
1.2387,0.050593056,0.22834316
1.2388,0.057739433,0.22664131
1.2388999,0.064828828,0.22471586
1.239,0.071854241,0.22256871
1.2391,0.078808755,0.22020198
1.2392,0.085685492,0.21761802
1.2393,0.092477679,0.21481934
1.2394,0.099178612,0.21180874
1.2395,0.10578168,0.20858918
1.2395999,0.11228037,0.20516384
1.2397,0.11866827,0.20153609
1.2398,0.12493908,0.19770952
1.2399,0.1310866,0.19368789
1.24,0.13710478,0.18947518
1.2401,0.14298768,0.18507554
1.2402,0.1487295,0.18049332
1.2403001,0.15432456,0.17573304
1.2404,0.15976736,0.17079939
1.2405,0.16505252,0.16569725
1.2406,0.17017482,0.16043164
1.2407,0.17512922,0.15500776
1.2408,0.17991084,0.14943098
1.2409,0.18451492,0.14370675
1.2410001,0.18893698,0.13784079
1.2411,0.1931726,0.13183883
1.2412,0.19721764,0.12570682
1.2413,0.20106809,0.1194508
1.2414,0.20472017,0.11307696
1.2415,0.20817025,0.10659155
1.2416,0.21141495,0.10000101
1.2417001,0.21445106,0.093311816
1.2418,0.21727559,0.086530581
1.2419,0.21988575,0.079663999
1.242,0.22227897,0.072718829
1.2421,0.22445287,0.065701932
1.2422,0.22640534,0.058620229
1.2423,0.22813442,0.051480711
1.2424001,0.22963843,0.04429042
1.2424999,0.23091586,0.03705645
1.2426,0.23196548,0.029785935
1.2427,0.23278624,0.022486052
1.2428,0.23337734,0.015164002
1.2429,0.23373818,0.0078270081
1.243,0.23386842,0.00048231092
1.2431,0.23376793,-0.0068628457
1.2431999,0.23343679,-0.014201214
1.2433,0.23287536,-0.021525554
1.2434,0.23208417,-0.02882864
1.2435,0.23106401,-0.036103263
1.2436,0.22981589,-0.043342255
1.2437,0.22834103,-0.050538465
1.2438,0.22664091,-0.057684798
1.2438999,0.22471717,-0.0647742
1.244,0.22257175,-0.071799688
1.2441,0.22020674,-0.078754313
1.2442,0.21762447,-0.085631229
1.2443,0.21482751,-0.09242364
1.2444,0.21181861,-0.099124856
1.2445,0.20860073,-0.10572825
1.2446001,0.20517707,-0.11222733
1.2447,0.20155098,-0.11861566
1.2448,0.19772604,-0.12488696
1.2449,0.19370605,-0.13103503
1.245,0.18949495,-0.1370538
1.2451,0.18509692,-0.14293735
1.2452,0.18051627,-0.14867987
1.2453001,0.17575754,-0.15427567
1.2454,0.17082542,-0.15971926
1.2455,0.16572478,-0.16500525
1.2456,0.16046065,-0.17012845
1.2457,0.15503822,-0.17508379
1.2458,0.14946285,-0.17986637
1.2459,0.14374003,-0.18447149
1.2460001,0.13787541,-0.1888946
1.2460999,0.13187477,-0.19313134
1.2462,0.12574404,-0.19717751
1.2463,0.11948927,-0.20102917
1.2464,0.11311662,-0.20468245
1.2465,0.1066324,-0.20813382
1.2466,0.10004298,-0.21137981
1.2467,0.093354881,-0.21441726
1.2467999,0.086574689,-0.21724315
1.2469,0.079709105,-0.21985471
1.247,0.072764888,-0.22224936
1.2471,0.065748908,-0.22442473
1.2472,0.058668073,-0.22637868
1.2473,0.05152937,-0.22810929
1.2474,0.044339851,-0.22961484
1.2474999,0.0371066,-0.23089384
1.2476,0.029836757,-0.23194505
1.2477,0.022537496,-0.23276742
1.2478,0.015216016,-0.23336014
1.2479,0.0078795422,-0.23372263
1.248,0.00053531112,-0.23385452
1.2481,-0.0068094307,-0.23375569
1.2482001,-0.014147437,-0.23342626
1.2483,-0.021471469,-0.23286653
1.2484,-0.028774299,-0.23207703
1.2485,-0.036048725,-0.2310586
1.2486,-0.043287564,-0.22981219
1.2487,-0.050483685,-0.22833906
1.2488,-0.057629976,-0.22664066
1.2489001,-0.064719401,-0.22471865
1.249,-0.071744949,-0.22257493
1.2491,-0.078699701,-0.22021165
1.2492,-0.085576795,-0.2176311
1.2493,-0.092369437,-0.21483585
1.2494,-0.099070936,-0.21182865
1.2495,-0.10567468,-0.20861247
1.2496001,-0.11217415,-0.20519048
1.2497,-0.11856293,-0.20156607
1.2498,-0.12483472,-0.19774279
1.2499,-0.13098334,-0.19372442
1.25,-0.13700271,-0.18951495
1.2501,-0.14288691,-0.18511851
1.2502,-0.14863013,-0.18053944
1.2503,-0.15422668,-0.17578228
1.2503999,-0.15967107,-0.17085169
1.2505,-0.16495791,-0.16575254
1.2506,-0.170082,-0.1604899
1.2507,-0.17503828,-0.15506892
1.2508,-0.17982185,-0.14949496
1.2509,-0.18442799,-0.14377353
1.251,-0.18885218,-0.13791026
1.2510999,-0.19309004,-0.13191094
1.2512,-0.19713737,-0.12578149
1.2513,-0.20099021,-0.11952797
1.2514,-0.20464474,-0.11315654
1.2515,-0.20809737,-0.10667348
1.2516,-0.21134467,-0.10008519
1.2517,-0.21438347,-0.093398184
1.2517999,-0.21721074,-0.086619034
1.2519,-0.2198237,-0.079754449
1.252,-0.22221979,-0.072811194
1.2521,-0.22439663,-0.065796122
1.2522,-0.22635208,-0.058716148
1.2523,-0.22808421,-0.051578268
1.2524,-0.22959131,-0.044389512
1.2525001,-0.23087189,-0.03715698
1.2526,-0.2319247,-0.029887808
1.2527,-0.23274867,-0.022589166
1.2528,-0.23334303,-0.015268254
1.2529,-0.23370717,-0.007932296
1.253,-0.23384073,-0.00058852846
1.2531,-0.23374359,0.0067558018
1.2532001,-0.23341584,0.01409345
1.2533,-0.23285781,0.021417176
1.2534,-0.23207003,0.028719757
1.2535,-0.23105331,0.035993986
1.2536,-0.22980863,0.043232683
1.2537,-0.22833723,0.050428715
1.2538,-0.22664055,0.057574973
1.2539001,-0.22472028,0.064664416
1.2539999,-0.2225783,0.071690038
1.2541,-0.22021674,0.078644924
1.2542,-0.21763791,0.085522197
1.2543,-0.21484438,0.092315078
1.2544,-0.21183889,0.099016868
1.2545,-0.20862441,0.10562096
1.2546,-0.2052041,0.11212082
1.2546999,-0.20158134,0.11851005
1.2548,-0.19775973,0.12478235
1.2549,-0.19374302,0.13093153
1.255,-0.18953516,0.13695151
1.2551,-0.18514033,0.14283636
1.2552,-0.18056284,0.14858028
1.2553,-0.17580722,0.15417761
1.2553999,-0.17087817,0.15962279
1.2555,-0.16578054,0.1649105
1.2556,-0.16051938,0.17003548
1.2557,-0.15509984,0.1749927
1.2558,-0.1495273,0.17977726
1.2559,-0.14380726,0.18438445
1.256,-0.13794534,0.18880971
1.2561001,-0.13194735,0.19304869
1.2562,-0.12581919,0.1970972
1.2563,-0.11956692,0.20095123
1.2564,-0.11319669,0.20460701
1.2565,-0.10671481,0.20806092
1.2566,-0.10012764,0.21130954
1.2567,-0.093441725,0.21434969
1.2568001,-0.086663619,0.21717834
1.2569,-0.07980004,0.21979272
1.257,-0.072857738,0.22219026
1.2571,-0.065843575,0.22436857
1.2572,-0.058764465,0.22632553
1.2573,-0.051627394,0.22805919
1.2574,-0.044439409,0.22956784
1.2575001,-0.037207596,0.23085001
1.2575999,-0.029939089,0.2319044
1.2577,-0.022641061,0.23273002
1.2578,-0.015320715,0.23332602
1.2579,-0.0079852697,0.23369181
1.258,-0.00064196269,0.23382704
1.2581,0.0067019598,0.2337316
1.2582,0.014039254,0.23340555
1.2582999,0.021362679,0.23284921
1.2584,0.028665012,0.23206316
1.2585,0.035939049,0.23104817
1.2586,0.043177608,0.22980522
1.2587,0.050373554,0.22833554
1.2588,0.057519786,0.22664061
1.2589,0.064609252,0.22472207
1.2589999,0.071634956,0.22258183
1.2591,0.078589976,0.220222
1.2592,0.085467435,0.2176449
1.2593,0.092260562,0.21485309
1.2594,0.09896265,0.2118493
1.2595,0.10556709,0.20863652
1.2596,0.11206736,0.20521791
1.2596999,0.11845705,0.20159684
1.2598,0.12472986,0.19777688
1.2599,0.1308796,0.19376181
1.26,0.13690019,0.18955559
1.2601,0.14278571,0.18516235
1.2602,0.14853035,0.18058646
1.2603,0.15412843,0.17583241
1.2604001,0.15957443,0.17090489
1.2605,0.16486299,0.16580877
1.2606,0.16998889,0.16054907
1.2607,0.17494707,0.155131
1.2608,0.17973264,0.14955989
1.2609,0.18434086,0.14384122
1.261,0.18876721,0.13798067
1.2611001,0.19300732,0.131984
1.2612,0.19705699,0.12585713
1.2613,0.20091224,0.11960611
1.2614,0.20456927,0.11323709
1.2615,0.20802446,0.10675637
1.2616,0.21127442,0.10017034
1.2617,0.21431591,0.093485504
1.2618001,0.21714596,0.086708449
1.2618999,0.21976177,0.079845861
1.262,0.22216076,0.07290452
1.2621,0.22434056,0.065891258
1.2622,0.22629903,0.058813013
1.2623,0.22803423,0.051676758
1.2624,0.22954445,0.044489536
1.2625,0.2308282,0.037258435
1.2625999,0.23188421,0.029990595
1.2627,0.23271145,0.022693183
1.2628,0.23330909,0.015373398
1.2629,0.23367655,0.0080384621
1.263,0.23381346,0.00069561327
1.2631,0.23371971,-0.0066479053
1.2632,0.23339537,-0.013984849
1.2632999,0.23284076,-0.021307977
1.2634,0.23205642,-0.028610067
1.2635,0.23104316,-0.035883915
1.2636,0.22980195,-0.04312234
1.2637,0.22833402,-0.050318208
1.2638,0.22664082,-0.057464413
1.2639,0.22472402,-0.064553909
1.2640001,0.22258553,-0.071579702
1.2641,0.22022744,-0.078534856
1.2642,0.21765207,-0.085412517
1.2643,0.21486199,-0.092205897
1.2644,0.21185991,-0.098908283
1.2645,0.20864885,-0.10551308
1.2646,0.20523192,-0.11201376
1.2647001,0.20161253,-0.11840391
1.2648,0.19779424,-0.12467724
1.2649,0.19378081,-0.13082755
1.265,0.18957622,-0.13684876
1.2651,0.1851846,-0.14273494
1.2652,0.18061028,-0.14848031
1.2653,0.1758578,-0.15407915
1.2654001,0.17093182,-0.15952599
1.2654999,0.16583721,-0.16481541
1.2656,0.16057901,-0.16994223
1.2657,0.15516239,-0.17490137
1.2658,0.1495927,-0.17968793
1.2659,0.14387543,-0.18429722
1.266,0.13801624,-0.18872467
1.2661,0.13202089,-0.19296591
1.2661999,0.12589531,-0.19701676
1.2663,0.11964553,-0.20087324
1.2664,0.11327773,-0.20453152
1.2665,0.10679818,-0.20798801
1.2666,0.10021328,-0.21123928
1.2667,0.09352953,-0.21428216
1.2668,0.086753517,-0.2171136
1.2668999,0.079891928,-0.21973084
1.267,0.072951533,-0.2221313
1.2671,0.065939188,-0.22431259
1.2672,0.0588618,-0.22627258
1.2673,0.051726356,-0.22800933
1.2674,0.044539895,-0.22952111
1.2675,0.037309509,-0.23080646
1.2676001,0.03004233,-0.23186408
1.2677,0.022745527,-0.23269296
1.2678,0.015426302,-0.23329225
1.2679,0.0080918744,-0.2336614
1.268,0.00074947882,-0.23379999
1.2681,-0.006593639,-0.23370793
1.2682,-0.013930235,-0.23338531
1.2683001,-0.02125307,-0.23283242
1.2684,-0.028554922,-0.23204982
1.2685,-0.035828583,-0.2310383
1.2686,-0.043066882,-0.22979882
1.2687,-0.050262675,-0.22833264
1.2688,-0.057408862,-0.22664119
1.2689,-0.064498395,-0.22472616
1.2690001,-0.071524277,-0.2225894
1.2691,-0.078479581,-0.22023305
1.2692,-0.085357435,-0.21765941
1.2693,-0.092151068,-0.21487106
1.2694,-0.098853767,-0.21187072
1.2695,-0.10545892,-0.20866135
1.2696,-0.11196002,-0.20524614
1.2697001,-0.11835065,-0.20162843
1.2697999,-0.1246245,-0.1978118
1.2699,-0.13077538,-0.19380003
1.27,-0.13679722,-0.18959707
1.2701,-0.14268409,-0.18520707
1.2702,-0.14843017,-0.18063433
1.2703,-0.1540298,-0.17588341
1.2704,-0.15947746,-0.17095898
1.2704999,-0.16476777,-0.1658659
1.2706,-0.1698955,-0.16060917
1.2707,-0.1748556,-0.15519401
1.2708,-0.1796432,-0.14962575
1.2709,-0.18425353,-0.14390987
1.271,-0.18868208,-0.13805205
1.2711,-0.19292447,-0.13205802
1.2711999,-0.19697651,-0.12593372
1.2713,-0.20083421,-0.1196852
1.2714,-0.20449376,-0.1133186
1.2715,-0.20795155,-0.10684023
1.2716,-0.21120417,-0.10025646
1.2717,-0.2142484,-0.093573794
1.2718,-0.21708126,-0.086798824
1.2719001,-0.21969995,-0.079938233
1.272,-0.22210187,-0.072998792
1.2721,-0.22428466,-0.065987349
1.2722,-0.22624618,-0.058910821
1.2723,-0.22798447,-0.051776186
1.2724,-0.22949785,-0.044590488
1.2725,-0.23078479,-0.03736081
1.2726001,-0.23184405,-0.030094292
1.2727,-0.23267455,-0.022798099
1.2728,-0.23327552,-0.015479429
1.2729,-0.23364633,-0.0081455037
1.273,-0.23378663,-0.00080355932
1.2731,-0.23369628,0.0065391609
1.2732,-0.23337537,0.013875414
1.2733001,-0.23282422,0.02119796
1.2733999,-0.23204336,0.028499577
1.2735,-0.23103358,0.035773061
1.2736,-0.22979586,0.043011233
1.2737,-0.22833143,0.050206956
1.2738,-0.22664173,0.057353128
1.2739,-0.22472844,0.064442702
1.274,-0.22259344,0.071468681
1.2740999,-0.22023883,0.078424133
1.2742,-0.21766695,0.085302196
1.2743,-0.21488033,0.09209609
1.2744,-0.21188171,0.098799102
1.2745,-0.20867406,0.10540463
1.2746,-0.20526055,0.11190616
1.2747,-0.20164452,0.11829726
1.2747999,-0.19782957,0.12457163
1.2749,-0.19381946,0.13072309
1.275,-0.18961814,0.13674557
1.2751,-0.18522975,0.14263313
1.2752,-0.18065861,0.14837995
1.2753,-0.17590927,0.15398036
1.2754,-0.17098637,0.15942885
1.2755001,-0.16589481,0.16472004
1.2756,-0.16063957,0.16984871
1.2757,-0.15522587,0.17480978
1.2758,-0.14965904,0.17959841
1.2759,-0.14394456,0.18420981
1.276,-0.13808808,0.18863946
1.2761,-0.13209538,0.192883
1.2762001,-0.12597238,0.19693623
1.2763,-0.1197251,0.20079517
1.2764,-0.11335973,0.20445599
1.2765,-0.10688252,0.2079151
1.2766,-0.10029987,0.21116905
1.2767,-0.093618296,0.21421468
1.2768,-0.08684437,0.21704896
1.2769001,-0.079984777,0.21966909
1.277,-0.073046289,0.22207248
1.2771,-0.066035748,0.22425678
1.2772,-0.058960076,0.22621983
1.2773,-0.05182625,0.22795969
1.2774,-0.044641308,0.22947465
1.2775,-0.037412342,0.23076321
1.2776,-0.03014648,0.23182409
1.2776999,-0.022850892,0.23265626
1.2778,-0.015532776,0.23325889
1.2779,-0.0081993518,0.23363139
1.278,-0.00085785461,0.23377338
1.2781,0.0064844722,0.23368475
1.2782,0.013820386,0.23336557
1.2783,0.021142647,0.23281614
1.2783999,0.028444033,0.23203704
1.2785,0.035717342,0.23102899
1.2786,0.042955395,0.22979303
1.2787,0.050151054,0.22833036
1.2788,0.057297215,0.22664243
1.2789,0.064386837,0.22473089
1.279,0.071412914,0.22259764
1.2790999,0.078368522,0.2202448
1.2792,0.085246801,0.21767466
1.2793,0.092040956,0.21488978
1.2794,0.098744296,0.21189289
1.2795,0.1053502,0.20868696
1.2796,0.11185215,0.20527515
1.2797,0.11824373,0.20166083
1.2798001,0.12451865,0.19784756
1.2799,0.1306707,0.1938391
1.28,0.13669382,0.18963942
1.2801,0.14258206,0.18525264
1.2802,0.14832963,0.18068312
1.2803,0.15393083,0.17593534
1.2804,0.15938017,0.171014
1.2805001,0.16467224,0.16592394
1.2806,0.16980185,0.16067021
1.2807,0.17476392,0.15525796
1.2808,0.17955355,0.14969255
1.2809,0.18416603,0.14397947
1.281,0.18859681,0.13812436
1.2811,0.19284151,0.13213299
1.2812001,0.19689594,0.12601128
1.2812999,0.20075612,0.11976525
1.2814,0.20441823,0.11340109
1.2815,0.20787863,0.10692505
1.2816,0.21113396,0.10034354
1.2817,0.21418098,0.093663044
1.2818,0.21701667,0.086890161
1.2819,0.21963826,0.080031566
1.2819999,0.22204314,0.073094025
1.2821,0.22422896,0.066084392
1.2822,0.22619355,0.059009571
1.2823,0.22793497,0.051876549
1.2824,0.22945152,0.044692364
1.2825,0.23074169,0.037464105
1.2826,0.23180422,0.030198894
1.2826999,0.23263805,0.02290391
1.2828,0.23324235,0.015586345
1.2829,0.23361655,0.008253417
1.283,0.23376025,0.0009123644
1.2831,0.23367333,-0.0064295731
1.2832,0.23335588,-0.013765151
1.2833,0.2328082,-0.021087131
1.2834001,0.23203084,-0.028388292
1.2835,0.23102456,-0.035661429
1.2836,0.22979036,-0.042899366
1.2837,0.22832945,-0.050094966
1.2838,0.22664329,-0.057241123
1.2839,0.22473352,-0.064330794
1.284,0.22260204,-0.071356982
1.2841001,0.22025095,-0.078312755
1.2842,0.21768256,-0.085191242
1.2843,0.21489942,-0.09198568
1.2844,0.21190427,-0.09868934
1.2845,0.20870006,-0.10529562
1.2846,0.20528997,-0.11179801
1.2847,0.20167734,-0.11819009
1.2848001,0.19786575,-0.12446554
1.2849,0.19385897,-0.13061818
1.285,0.18966092,-0.13664195
1.2851,0.18527576,-0.1425309
1.2852,0.18070784,-0.1482792
1.2853,0.17596164,-0.15388122
1.2854,0.17104185,-0.1593314
1.2855,0.16595331,-0.16462438
1.2855999,0.16070107,-0.16975492
1.2857,0.15529029,-0.17471799
1.2858,0.14972632,-0.17950866
1.2859,0.14401464,-0.18412222
1.286,0.13816088,-0.18855412
1.2861,0.13217084,-0.1928
1.2862,0.12605041,-0.19685563
1.2862999,0.11980565,-0.20071706
1.2864,0.11344269,-0.20438045
1.2865,0.10696782,-0.2078422
1.2866,0.10038744,-0.21109888
1.2867,0.093708031,-0.21414728
1.2868,0.086936191,-0.21698441
1.2869,0.080078587,-0.21960746
1.2869999,0.073142,-0.22201383
1.2871,0.066133268,-0.22420117
1.2872,0.0590593,-0.22616732
1.2873,0.051927082,-0.22791032
1.2874,0.044743653,-0.22942847
1.2875,0.037516091,-0.23072027
1.2876,0.030251538,-0.23178443
1.2877001,0.022957152,-0.23261993
1.2878,0.015640134,-0.23322591
1.2879,0.008307701,-0.23360181
1.288,0.00096708769,-0.23374723
1.2881,-0.0063744634,-0.23366204
1.2882,-0.013709709,-0.23334633
1.2883,-0.021031413,-0.23280039
1.2884001,-0.028332353,-0.23202479
1.2885,-0.035605323,-0.23102029
1.2886,-0.042843152,-0.22978784
1.2887,-0.050038692,-0.22832872
1.2888,-0.057184853,-0.22664431
1.2889,-0.064274579,-0.22473632
1.289,-0.071300879,-0.2226066
1.2891001,-0.078256816,-0.22025727
1.2891999,-0.085135534,-0.21769065
1.2893,-0.091930248,-0.21490926
1.2894,-0.098634243,-0.21191585
1.2895,-0.10524091,-0.20871337
1.2896,-0.11174374,-0.205305
1.2897,-0.11813631,-0.20169406
1.2898,-0.12441232,-0.19788416
1.2898999,-0.13056557,-0.19387904
1.29,-0.13658999,-0.18968263
1.2901,-0.14247964,-0.18529911
1.2902,-0.1482287,-0.18073279
1.2903,-0.15383153,-0.17598817
1.2904,-0.15928257,-0.17106992
1.2905,-0.16457644,-0.16598292
1.2905999,-0.16970794,-0.16073216
1.2907,-0.17467201,-0.15532286
1.2908,-0.17946371,-0.14976032
1.2909,-0.18407838,-0.14405003
1.291,-0.18851142,-0.13819766
1.2911,-0.19275846,-0.13220894
1.2912,-0.19681531,-0.12608981
1.2913001,-0.20067799,-0.11984628
1.2914,-0.20434268,-0.11348454
1.2915,-0.20780575,-0.10701084
1.2916,-0.2110638,-0.10043159
1.2917,-0.21411362,-0.093753263
1.2918,-0.21695219,-0.086982459
1.2919,-0.2195767,-0.080125853
1.2920001,-0.22198458,-0.073190212
1.2921,-0.22417346,-0.066182375
1.2922,-0.22614115,-0.059109263
1.2923,-0.22788574,-0.05197785
1.2924,-0.22940549,-0.04479517
1.2925,-0.23069893,-0.037568312
1.2926,-0.23176475,-0.030304406
1.2927001,-0.23260191,-0.023010617
1.2927999,-0.2332096,-0.015694143
1.2929,-0.23358719,-0.008362201
1.293,-0.23373432,-0.0010220243
1.2931,-0.23365088,0.0063191443
1.2932,-0.23333691,0.013654063
1.2933,-0.23279274,0.020975495
1.2934,-0.23201889,0.028276216
1.2934999,-0.23101614,0.035549026
1.2936,-0.22978549,0.042786747
1.2937,-0.22832812,0.049982239
1.2938,-0.2266455,0.057128407
1.2939,-0.22473928,0.064218193
1.294,-0.22261134,0.071244612
1.2941,-0.22026378,0.07820072
1.2941999,-0.21769892,0.08507967
1.2943,-0.21491928,0.091874667
1.2944,-0.21192762,0.098578997
1.2945,-0.20872688,0.10518607
1.2946,-0.20532021,0.11168934
1.2947,-0.201711,0.11808242
1.2948,-0.19790278,0.12435898
1.2948999,-0.19389932,0.13051283
1.295,-0.18970458,0.13653792
1.2951,-0.18532269,0.14242828
1.2952,-0.18075797,0.14817812
1.2953,-0.17601493,0.15378174
1.2954,-0.17109823,0.15923364
1.2955,-0.16601276,0.16452844
1.2956001,-0.16076352,0.1696609
1.2957,-0.15535566,0.17462596
1.2958,-0.14979456,0.17941874
1.2959,-0.14408568,0.18403448
1.296,-0.13823466,0.18846866
1.2961,-0.13224727,0.1927169
1.2962,-0.12612943,0.19677497
1.2963001,-0.11988716,0.20063892
1.2964,-0.11352663,0.2043049
1.2965,-0.10705411,0.20776932
1.2966,-0.10047598,0.21102875
1.2967,-0.093798742,0.21407998
1.2968,-0.087028973,0.21691999
1.2969,-0.080173358,0.21954599
1.2970001,-0.073238663,0.22195537
1.2970999,-0.066231728,0.22414578
1.2972,-0.059159465,0.22611505
1.2973,-0.05202885,0.22786123
1.2974,-0.044846918,0.22938259
1.2975,-0.037620761,0.23067766
1.2976,-0.030357501,0.23174514
1.2977,-0.023064306,0.23258398
1.2977999,-0.015748372,0.23319337
1.2979,-0.0084169162,0.23357268
1.298,-0.0010771736,0.23372155
1.2981,0.0062636165,0.23363984
1.2982,0.013598211,0.23332761
1.2983,0.020919375,0.23278521
1.2984,0.028219884,0.23201314
1.2984999,0.035492536,0.23101217
1.2986,0.042730156,0.22978328
1.2987,0.049925603,0.22832771
1.2988,0.057071783,0.22664687
1.2989,0.064161636,0.22474243
1.299,0.071188174,0.22261627
1.2991,0.078144468,0.22027048
1.2992001,0.085023649,0.21770738
1.2993,0.091818936,0.21492951
1.2994,0.098523617,0.21193959
1.2995,0.10513108,0.20874058
1.2996,0.11163482,0.20533565
1.2997,0.1180284,0.20172814
1.2998,0.12430552,0.19792162
1.2999001,0.13045999,0.19391984
1.3,0.13648574,0.18972674
1.3001,0.14237683,0.18534648
1.3002,0.14812744,0.18078338
1.3003,0.15373188,0.17604192
1.3004,0.15918466,0.17112678
1.3005,0.16448037,0.16604283
1.3006001,0.16961379,0.16079508
1.3006999,0.17457987,0.1553887
1.3008,0.17937371,0.14982903
1.3009,0.18399057,0.14412156
1.301,0.18842588,0.13827191
1.3011,0.19267531,0.13228585
1.3012,0.19673462,0.12616929
1.3013,0.20059983,0.11992829
1.3013999,0.20426714,0.11356896
1.3015,0.2077329,0.10709761
1.3016,0.21099372,0.10052061
1.3017,0.21404636,0.093844451
1.3018,0.21688783,0.087075725
1.3019,0.21951531,0.080221109
1.302,0.22192621,0.073287353
1.3020999,0.22411816,0.066281319
1.3022,0.226089,0.059209898
1.3023,0.22783677,0.05208008
1.3024,0.22935978,0.044898901
1.3025,0.23065649,0.037673436
1.3026,0.23172563,0.030410819
1.3027,0.23256616,0.023118217
1.3028001,0.23317724,0.015802819
1.3029,0.23355828,0.0084718484
1.303,0.23370889,0.0011325344
1.3031,0.23362891,-0.0062078815
1.3032,0.23331846,-0.013542157
1.3033,0.23277782,-0.020863056
1.3034,0.23200752,-0.028163357
1.3035001,0.23100834,-0.035435855
1.3036,0.22978124,-0.042673383
1.3037,0.22832745,-0.049868789
1.3038,0.22664841,-0.057014983
1.3039,0.22474575,-0.064104915
1.304,0.22262137,-0.07113158
1.3041,0.22027735,-0.07808806
1.3042001,0.21771604,-0.084967479
1.3043,0.21493992,-0.091763064
1.3044,0.21195176,-0.098468095
1.3045,0.20875449,-0.10507597
1.3046,0.20535129,-0.11158016
1.3047,0.2017455,-0.11797426
1.3048,0.19794066,-0.12425195
1.3049001,0.19394056,-0.13040705
1.3049999,0.18974912,-0.13643348
1.3051,0.1853705,-0.14232528
1.3052,0.18080901,-0.14807667
1.3053,0.17606913,-0.15368195
1.3054,0.17115556,-0.15913561
1.3055,0.16607314,-0.16443224
1.3056,0.16082689,-0.16956665
1.3056999,0.15542199,-0.17453374
1.3058,0.14986375,-0.17932865
1.3059,0.14415768,-0.18394661
1.306,0.1383094,-0.18838309
1.3061,0.13232468,-0.1926337
1.3062,0.12620941,-0.19669427
1.3063,0.11996965,-0.20056076
1.3063999,0.11361154,-0.20422937
1.3065,0.10714136,-0.2076965
1.3066,0.10056549,-0.2109587
1.3067,0.093890414,-0.21401277
1.3068,0.087122723,-0.2168557
1.3069,0.080269091,-0.21948467
1.307,0.073336281,-0.2218971
1.3071001,0.066331141,-0.22409061
1.3072,0.05926057,-0.22606303
1.3073,0.052131549,-0.22781241
1.3074,0.044951107,-0.22933704
1.3075,0.037726339,-0.23063539
1.3076,0.030464362,-0.23170622
1.3077,0.023172347,-0.23254845
1.3078001,0.015857484,-0.23316124
1.3079,0.0085269939,-0.23354399
1.308,0.0011881058,-0.23369634
1.3081,-0.0061519393,-0.23361814
1.3082,-0.013485899,-0.23330945
1.3083,-0.02080654,-0.23277058
1.3084,-0.028106637,-0.23200205
1.3085001,-0.035378989,-0.23100466
1.3085999,-0.042616423,-0.22977935
1.3087,-0.049811795,-0.22832735
1.3088,-0.056958012,-0.2266501
1.3089,-0.064048015,-0.22474924
1.309,-0.071074821,-0.22262664
1.3091,-0.078031488,-0.22028442
1.3092,-0.08491116,-0.21772487
1.3092999,-0.091707043,-0.21495053
1.3094,-0.098412432,-0.21196413
1.3095,-0.10502072,-0.20876861
1.3096,-0.11152539,-0.20536713
1.3097,-0.11792,-0.20176305
1.3098,-0.12419827,-0.19795993
1.3099,-0.130354,-0.1939615
1.3099999,-0.1363811,-0.18977174
1.3101,-0.14227365,-0.18539475
1.3102,-0.14802583,-0.18083486
1.3103,-0.15363194,-0.17609657
1.3104,-0.15908648,-0.17118457
1.3105,-0.16438405,-0.16610369
1.3106,-0.16951944,-0.16085894
1.3107001,-0.17448756,-0.15545551
1.3108,-0.17928353,-0.14989871
1.3109,-0.18390262,-0.14419405
1.311,-0.18834026,-0.13834713
1.3111,-0.19259208,-0.13236374
1.3112,-0.19665389,-0.12624978
1.3113,-0.20052168,-0.12001126
1.3114001,-0.20419163,-0.11365436
1.3115,-0.20766011,-0.10718535
1.3116,-0.21092372,-0.10061061
1.3117,-0.21397921,-0.093936615
1.3118,-0.21682361,-0.087169953
1.3119,-0.21945408,-0.080317318
1.312,-0.22186804,-0.073385447
1.3121001,-0.22406311,-0.066381201
1.3122,-0.22603711,-0.059311472
1.3123,-0.22778811,-0.052183244
1.3124,-0.22931437,-0.045003548
1.3125,-0.23061439,-0.037779469
1.3126,-0.23168691,-0.030518131
1.3127,-0.23253082,-0.023226699
1.3128,-0.23314534,-0.015912369
1.3128999,-0.23352984,-0.0085823536
1.313,-0.23368393,-0.0012438875
1.3131,-0.23360749,0.0060957908
1.3132,-0.23330055,0.01342944
1.3133,-0.23276347,0.020749824
1.3134,-0.23199674,0.028049722
1.3135,-0.23100114,0.035321932
1.3135999,-0.22977762,0.042559281
1.3137,-0.22832742,0.049754623
1.3138,-0.22665197,0.056900866
1.3139,-0.2247529,0.063990958
1.314,-0.22263211,0.071017899
1.3141,-0.22029167,0.077974766
1.3142,-0.21773392,0.084854685
1.3142999,-0.21496134,0.091650881
1.3144,-0.21197671,0.098356634
1.3145,-0.20878294,0.10496534
1.3146,-0.2053832,0.11147048
1.3147,-0.20178084,0.11786563
1.3148,-0.19797942,0.12414449
1.3149,-0.19398268,0.13030085
1.3150001,-0.18979457,0.13632864
1.3151,-0.18541922,0.14222193
1.3152,-0.18086095,0.14797489
1.3153,-0.17612426,0.15358186
1.3154,-0.17121382,0.15903728
1.3155,-0.16613448,0.16433579
1.3156,-0.16089123,0.16947217
1.3157001,-0.15548927,0.17444134
1.3158,-0.14993392,0.17923839
1.3159,-0.14423065,0.1838586
1.316,-0.1383851,0.18829742
1.3161,-0.13240305,0.19255045
1.3162,-0.12629037,0.19661352
1.3163,-0.12005311,0.20048259
1.3164001,-0.11369743,0.20415387
1.3164999,-0.10722958,0.20762374
1.3166,-0.10065597,0.21088874
1.3167,-0.093983054,0.21394569
1.3168,-0.087217435,0.21679156
1.3169,-0.080365784,0.21942355
1.317,-0.07343486,0.22183904
1.3171,-0.066431493,0.22403568
1.3171999,-0.059362609,0.22601128
1.3173,-0.052235175,0.22776389
1.3174,-0.045056216,0.2292918
1.3175,-0.037832826,0.23059349
1.3176,-0.030572122,0.23166768
1.3177,-0.023281273,0.23251331
1.3178,-0.01596747,0.23312955
1.3178999,-0.0086379275,0.23351578
1.318,-0.0012998795,0.23367164
1.3181,0.0060394364,0.23359695
1.3182,0.013372779,0.2332918
1.3183,0.020692913,0.23275651
1.3184,0.027992617,0.23199157
1.3185,0.035264689,0.23099777
1.3186001,0.042501956,0.22977607
1.3187,0.049697276,0.22832768
1.3188,0.056843549,0.22665402
1.3189,0.06393373,0.22475676
1.319,0.07096082,0.22263776
1.3191,0.077917889,0.22029912
1.3192,0.084798068,0.21774314
1.3193001,0.091594577,0.21497235
1.3194,0.098300703,0.21198948
1.3195,0.10490984,0.20879747
1.3196,0.11141545,0.20539947
1.3197,0.11781114,0.20179884
1.3198,0.12409058,0.19799912
1.3199,0.13024759,0.19400407
1.3200001,0.13627608,0.18981762
1.3200999,0.14217012,0.18544392
1.3202,0.14792387,0.18088728
1.3203,0.15353169,0.17615218
1.3204,0.15898801,0.1712433
1.3205,0.16428748,0.16616549
1.3206,0.16942485,0.16092376
1.3207,0.17439507,0.15552327
1.3207999,0.17919321,0.14996935
1.3209,0.18381456,0.1442675
1.321,0.18825455,0.13842332
1.3211,0.19250882,0.13244259
1.3212,0.19657314,0.12633123
1.3213,0.20044352,0.12009522
1.3214,0.20411614,0.11374074
1.3214999,0.20758738,0.10727406
1.3216,0.2108538,0.10070157
1.3217,0.2139122,0.094029739
1.3218,0.21675955,0.087265149
1.3219,0.21939304,0.080414489
1.322,0.22181009,0.073484503
1.3221,0.22400831,0.06648203
1.3221999,0.22598551,0.059413984
1.3223,0.22773975,0.052287336
1.3224,0.22926931,0.045109116
1.3225,0.23057267,0.037886407
1.3226,0.23164856,0.030626338
1.3227,0.2324959,0.023336066
1.3228,0.23311387,0.016022786
1.3229001,0.23350185,0.0086937146
1.323,0.23365948,0.0013560803
1.3231,0.23358656,-0.0059828772
1.3232,0.23328321,-0.013315917
1.3233,0.2327497,-0.020635804
1.3234,0.23198657,-0.027935319
1.3235,0.23099457,-0.03520726
1.3236001,0.22977467,-0.042444449
1.3237,0.22832808,-0.04963975
1.3238,0.22665624,-0.056786064
1.3239,0.22476079,-0.063876338
1.324,0.2226436,-0.070903577
1.3241,0.22030675,-0.077860855
1.3242,0.21775258,-0.084741302
1.3243001,0.21498357,-0.091538131
1.3243999,0.21200246,-0.098244637
1.3245,0.20881221,-0.1048542
1.3246,0.20541595,-0.11136031
1.3247,0.20181705,-0.11775654
1.3248,0.19801904,-0.12403657
1.3249,0.19402568,-0.13019423
1.325,0.18984091,-0.13622342
1.3250999,0.18546885,-0.14211822
1.3252,0.18091384,-0.14787279
1.3253,0.17618033,-0.15348145
1.3254,0.17127302,-0.15893869
1.3255,0.16619675,-0.16423911
1.3256,0.16095653,-0.16937749
1.3257,0.15555751,-0.17434876
1.3257999,0.15000504,-0.179148
1.3259,0.1443046,-0.18377049
1.326,0.1384618,-0.18821166
1.3261,0.13248239,-0.19246715
1.3262,0.12637231,-0.19653274
1.3263,0.12013756,-0.20040444
1.3264,0.1137843,-0.20407841
1.3265001,0.10731879,-0.20755103
1.3266,0.10074742,-0.21081889
1.3267,0.094076663,-0.21387875
1.3268,0.087313116,-0.21672758
1.3269,0.080463432,-0.21936262
1.327,0.073534384,-0.22178121
1.3271,0.066532798,-0.22398099
1.3272001,0.059465591,-0.22595981
1.3273,0.052339729,-0.22771569
1.3274,0.045162246,-0.22924691
1.3275,0.037940219,-0.23055196
1.3276,0.030680776,-0.23162955
1.3277,0.023391079,-0.23247862
1.3278,0.016078321,-0.23309831
1.3279001,0.0087497141,-0.23348805
1.3279999,0.0014124895,-0.23364744
1.3281,-0.0059261136,-0.23357631
1.3282,-0.013258856,-0.23327474
1.3283,-0.020578502,-0.23274304
1.3284,-0.027877832,-0.23198171
1.3285,-0.035149641,-0.23099151
1.3286,-0.042386763,-0.22977343
1.3286999,-0.049582049,-0.22832868
1.3288,-0.056728404,-0.22665864
1.3289,-0.063818783,-0.224765
1.329,-0.070846178,-0.22264962
1.3291,-0.077803671,-0.22031459
1.3292,-0.084684387,-0.2177622
1.3293,-0.091481544,-0.21499497
1.3293999,-0.09818843,-0.21201564
1.3295,-0.10479844,-0.20882715
1.3296,-0.11130504,-0.20543265
1.3297,-0.11770182,-0.20183548
1.3298,-0.12398246,-0.19803919
1.3299,-0.13014078,-0.19404753
1.33,-0.13617069,-0.18986443
1.3301001,-0.14206624,-0.18549402
1.3302,-0.14782162,-0.18094061
1.3303,-0.15343115,-0.17620872
1.3304,-0.15888931,-0.17130297
1.3305,-0.16419069,-0.16622825
1.3306,-0.16933008,-0.16098954
1.3307,-0.1743024,-0.15559199
1.3308001,-0.17910275,-0.15004097
1.3309,-0.1837264,-0.14434193
1.331,-0.18816876,-0.1385005
1.3311,-0.19242549,-0.13252243
1.3312,-0.19649236,-0.12641364
1.3313,-0.20036536,-0.12018015
1.3314,-0.20404071,-0.1138281
1.3315001,-0.20751472,-0.10736376
1.3316,-0.210784,-0.10079351
1.3317,-0.21384533,-0.094123833
1.3318,-0.21669567,-0.087361313
1.3319,-0.21933222,-0.080512613
1.332,-0.22175238,-0.073584504
1.3321,-0.22395375,-0.066583805
1.3322001,-0.22593419,-0.059517432
1.3322999,-0.22769171,-0.052392352
1.3324,-0.22922459,-0.045215599
1.3325,-0.23053133,-0.037994254
1.3326,-0.23161063,-0.030735437
1.3327,-0.23246142,-0.023446312
1.3328,-0.23308288,-0.01613407
1.3329,-0.23347437,-0.0088059241
1.3329999,-0.23363553,-0.0014691058
1.3331,-0.23356619,0.0058691469
1.3332,-0.23326643,0.013201595
1.3333,-0.23273653,0.020521006
1.3334,-0.23197702,0.027820155
1.3335,-0.23098864,0.035091843
1.3336,-0.22977237,0.042328898
1.3336999,-0.22832943,0.049524177
1.3338,-0.22666122,0.05667058
1.3339,-0.2247694,0.063761063
1.334,-0.22265583,0.070788622
1.3341,-0.22032261,0.077746339
1.3342,-0.21777202,0.08462733
1.3343,-0.21500659,0.091424823
1.3344001,-0.21202904,0.098132104
1.3345,-0.20884232,0.10474255
1.3346,-0.20544957,0.11124966
1.3347,-0.20185412,0.11764699
1.3348,-0.19805956,0.12392824
1.3349,-0.19406958,0.13008723
1.335,-0.18988816,0.13611785
1.3351001,-0.18551941,0.14201418
1.3352,-0.18096763,0.14777038
1.3353,-0.17623733,0.15338078
1.3354,-0.17133316,0.15883985
1.3355,-0.16625999,0.16414221
1.3356,-0.16102278,0.16928262
1.3357,-0.15562673,0.17425601
1.3358001,-0.15007715,0.17905748
1.3358999,-0.14437951,0.18368228
1.336,-0.13853946,0.18812585
1.3361,-0.13256273,0.19238381
1.3362,-0.12645523,0.19645198
1.3363,-0.12022299,0.20032631
1.3364,-0.11387214,0.20400301
1.3365,-0.10740897,0.20747842
1.3365999,-0.10083985,0.21074915
1.3367,-0.094171248,0.21381195
1.3368,-0.087409757,0.21666379
1.3369,-0.08056204,0.21930188
1.337,-0.073634855,0.22172362
1.3371,-0.066635042,0.22392659
1.3372,-0.059569504,0.22590864
1.3372999,-0.052445207,0.22766782
1.3374,-0.045269184,0.22920237
1.3375,-0.038048513,0.23051082
1.3376,-0.030790318,0.23159182
1.3377,-0.023501761,0.23244436
1.3378,-0.016190032,0.23306756
1.3379,-0.0088623445,0.23346083
1.3380001,-0.0015259287,0.23362377
1.3381,0.0058119791,0.23355623
1.3382,0.013144138,0.23325825
1.3383,0.020463316,0.23273017
1.3384,0.02776229,0.23197247
1.3385,0.035033859,0.23098591
1.3386,0.042270854,0.22977148
1.3387001,0.049466129,0.22833036
1.3388,0.056612588,0.22666398
1.3389,0.063703187,0.22477399
1.339,0.070730917,0.22266224
1.3391,0.07768885,0.22033082
1.3392,0.084570132,0.21778204
1.3393,0.09136796,0.21501841
1.3394001,0.098075636,0.21204264
1.3395,0.10468654,0.20885769
1.3396,0.11119416,0.20546669
1.3397,0.11759205,0.20187299
1.3398,0.12387392,0.19808014
1.3399,0.13003357,0.19409187
1.34,0.13606492,0.18991213
1.3401,0.14196202,0.18554503
1.3401999,0.14771906,0.1809949
1.3403,0.15333034,0.17626619
1.3404,0.15879035,0.17136361
1.3405,0.16409369,0.16629197
1.3406,0.16923513,0.16105627
1.3407,0.17420958,0.1556617
1.3408,0.17901216,0.15011357
1.3408999,0.18363814,0.14441735
1.341,0.18808292,0.13857865
1.3411,0.19234213,0.13260326
1.3412,0.19641159,0.12649706
1.3413,0.20028727,0.12026607
1.3414,0.20396532,0.11391643
1.3415,0.20744216,0.10745443
1.3415999,0.21071433,0.10088643
1.3417,0.2137786,0.094218902
1.3418,0.21663196,0.087458439
1.3419,0.2192716,0.080611706
1.342,0.22169492,0.073685452
1.3421,0.2238995,0.066686518
1.3422,0.22588317,0.059621807
1.3423001,0.22764401,0.052498292
1.3424,0.22918025,0.045322996
1.3425,0.23049039,0.038102996
1.3426,0.23157312,0.03084542
1.3427,0.2324274,0.023557428
1.3428,0.23305236,0.016246209
1.3429,0.2334474,0.0089189745
1.3430001,0.23361214,0.0015829564
1.3431,0.23354638,-0.0057546101
1.3432,0.23325023,-0.013086484
1.3433,0.23272395,-0.020405434
1.3434,0.23196808,-0.027704239
1.3435,0.23098336,-0.034975696
1.3436,0.22977075,-0.042212635
1.3437001,0.22833148,-0.049407914
1.3437999,0.22666693,-0.056554433
1.3439,0.22477876,-0.063645147
1.344,0.22266883,-0.070673056
1.3441,0.22033924,-0.07763122
1.3442,0.21779226,-0.084512793
1.3443,0.21503043,-0.09131097
1.3444,0.21205646,-0.098019049
1.3444999,0.20887327,-0.10463041
1.3446,0.20548405,-0.11113854
1.3447,0.20189208,-0.11753701
1.3448,0.19810095,-0.1238195
1.3449,0.19411439,-0.12997983
1.345,0.18993632,-0.13601191
1.3451,0.1855709,-0.14190979
1.3451999,0.18102238,-0.14766766
1.3453,0.17629528,-0.15327984
1.3454,0.17139427,-0.15874079
1.3455,0.16632418,-0.16404511
1.3456,0.16109,-0.16918758
1.3457,0.15569691,-0.17416312
1.3458,0.15015022,-0.17896684
1.3459001,0.14445542,-0.18359397
1.346,0.1386181,-0.18803997
1.3461,0.13264404,-0.19230045
1.3462,0.12653913,-0.19637121
1.3463,0.12030939,-0.20024823
1.3464,0.11396097,-0.20392767
1.3465,0.10750013,-0.20740592
1.3466001,0.10093325,-0.21067955
1.3467,0.094266795,-0.21374531
1.3468,0.08750736,-0.21660019
1.3469,0.080661602,-0.21924138
1.347,0.07373628,-0.22166628
1.3471,0.066738226,-0.22387247
1.3472,0.059674345,-0.22585779
1.3473001,0.052551605,-0.22762029
1.3474,0.045377031,-0.22915822
1.3475,0.038157701,-0.23047006
1.3476,0.030900743,-0.23155454
1.3477,0.023613311,-0.23241055
1.3478,0.016302597,-0.23303728
1.3479,0.0089758141,-0.23343411
1.348,0.0016401886,-0.23360063
1.3480999,-0.0056970404,-0.23353669
1.3482,-0.013028635,-0.23324235
1.3483,-0.020347362,-0.2327179
1.3484,-0.027646001,-0.23196386
1.3485,-0.034917351,-0.23098096
1.3486,-0.042154241,-0.2297702
1.3487,-0.049349528,-0.22833276
1.3487999,-0.056496114,-0.22667004
1.3489,-0.06358695,-0.22478372
1.349,-0.070615038,-0.22267562
1.3491,-0.077573448,-0.22034785
1.3492,-0.084455311,-0.21780269
1.3493,-0.091253839,-0.21504265
1.3494,-0.097962327,-0.21207048
1.3494999,-0.10457416,-0.20888908
1.3496,-0.11108281,-0.2055016
1.3497,-0.11748185,-0.20191139
1.3498,-0.12376498,-0.19812199
1.3499,-0.129926,-0.19413714
1.35,-0.13595882,-0.18996076
1.3501,-0.14185749,-0.18559697
1.3502001,-0.14761621,-0.18105011
1.3503,-0.15322928,-0.17632462
1.3504,-0.15869117,-0.17142518
1.3505,-0.16399649,-0.16635664
1.3506,-0.16914,-0.16112398
1.3507,-0.17411663,-0.15573236
1.3508,-0.17892148,-0.15018713
1.3509001,-0.18354981,-0.14449373
1.351,-0.18799703,-0.13865779
1.3511,-0.19225878,-0.13268507
1.3512,-0.19633085,-0.12658145
1.3513,-0.2002092,-0.12035296
1.3514,-0.20389004,-0.11400574
1.3515,-0.20736971,-0.10754608
1.3516001,-0.2106448,-0.10098031
1.3516999,-0.21371207,-0.094314933
1.3518,-0.21656847,-0.087556519
1.3519,-0.21921122,-0.080711745
1.352,-0.22163771,-0.073787346
1.3521,-0.22384553,-0.066790171
1.3522,-0.22583249,-0.059727114
1.3523,-0.22759666,-0.052605148
1.3523999,-0.22913629,-0.045431294
1.3525,-0.23044984,-0.038212631
1.3526,-0.23153605,-0.030956283
1.3527,-0.23239383,-0.02366941
1.3528,-0.23302233,-0.016359199
1.3529,-0.23342094,-0.0090328604
1.353,-0.23358926,-0.0016976247
1.3530999,-0.23352714,0.0056392718
1.3532,-0.23323461,0.012970591
1.3533,-0.232712,0.020289101
1.3534,-0.2319598,0.02758758
1.3535,-0.23097874,0.034858827
1.3536,-0.22976983,0.042095672
1.3537,-0.22833422,0.04929097
1.3538001,-0.22667335,0.05643763
1.3539,-0.22478886,0.063528597
1.354,-0.2226826,0.070556872
1.3541,-0.22035666,0.077515528
1.3542,-0.21781331,0.084397696
1.3543,-0.21505509,0.091196582
1.3544,-0.21208471,0.097905487
1.3545001,-0.2089051,0.10451779
1.3546,-0.20551939,0.11102697
1.3547,-0.20193093,0.1174266
1.3548,-0.19814326,0.12371036
1.3549,-0.1941601,0.12987207
1.355,-0.18998542,0.13590564
1.3551,-0.1856233,0.14180511
1.3552001,-0.18107806,0.14756468
1.3552999,-0.17635418,0.15317865
1.3554,-0.17145634,0.15864149
1.3555,-0.16638935,0.16394782
1.3556,-0.1611582,0.16909237
1.3557,-0.15576807,0.1740701
1.3558,-0.15022428,0.1788761
1.3559,-0.14453229,0.18350561
1.3559999,-0.13869773,0.18795407
1.3561,-0.13272634,0.1922171
1.3562,-0.126624,0.19629048
1.3563,-0.12039678,0.2001702
1.3564,-0.11405078,0.20385243
1.3565,-0.10759226,0.20733353
1.3566,-0.10102762,0.21061009
1.3566999,-0.094363309,0.21367885
1.3568,-0.087605923,0.21653681
1.3569,-0.080762118,0.21918114
1.357,-0.073838651,0.22160921
1.3571,-0.066842347,0.22381864
1.3572,-0.059780117,0.22580728
1.3573,-0.052658916,0.22757313
1.3573999,-0.04548578,0.22911444
1.3575,-0.038267784,0.23042974
1.3576,-0.031012045,0.23151769
1.3577,-0.023725724,0.23237723
1.3578,-0.01641601,0.23300751
1.3579,-0.0090901144,0.23340791
1.358,-0.0017552641,0.23357804
1.3581001,0.0055813049,0.23351774
1.3582,0.012912354,0.23322704
1.3583,0.020230649,0.23270626
1.3584,0.027528973,0.2319559
1.3585,0.034800123,0.2309767
1.3586,0.042036928,0.22976963
1.3587,0.049232248,0.22833587
1.3588001,0.056378987,0.22667685
1.3589,0.063470088,0.22479419
1.359,0.070498556,0.22268978
1.3591,0.077457465,0.22036567
1.3592,0.084339939,0.21782415
1.3593,0.09113919,0.21506774
1.3594,0.09784852,0.21209916
1.3595001,0.1044613,0.20892133
1.3595999,0.11097102,0.20553739
1.3597,0.11737124,0.20195068
1.3598,0.12365565,0.19816475
1.3599,0.12981805,0.19418332
1.36,0.13585238,0.19001031
1.3601,0.14175266,0.18564986
1.3602,0.14751309,0.18110627
1.3602999,0.15312797,0.176384
1.3604,0.15859178,0.17148773
1.3605,0.16389909,0.16642228
1.3606,0.16904472,0.16119266
1.3607,0.17402357,0.15580402
1.3608,0.1788307,0.15026167
1.3609,0.18346141,0.1445711
1.3609999,0.18791111,0.1387379
1.3611,0.19217542,0.13276786
1.3612,0.19625013,0.12666681
1.3613,0.20013121,0.12044084
1.3614,0.20381485,0.11409604
1.3615,0.2072974,0.10763869
1.3616,0.21057543,0.10107516
1.3617001,0.2136457,0.094411932
1.3618,0.2165052,0.087655567
1.3619,0.21915109,0.080812737
1.362,0.22158077,0.073890187
1.3621,0.22379185,0.066894762
1.3622,0.22578214,0.059833348
1.3623,0.22754967,0.052712917
1.3624001,0.22909272,0.045540493
1.3625,0.23040973,0.038323157
1.3626,0.23149943,0.031068023
1.3627,0.23236075,0.023782253
1.3628,0.23299281,0.016473033
1.3629,0.23339503,0.0091475742
1.363,0.23356697,0.0018131046
1.3631001,0.23350848,-0.0055231405
1.3631999,0.23321962,-0.012853923
1.3633,0.23270069,-0.020172011
1.3634,0.23195218,-0.027470186
1.3635,0.23097482,-0.034741245
1.3636,0.2297696,-0.041978016
1.3637,0.22833771,-0.049173363
1.3638,0.22668053,-0.056320179
1.3638999,0.22479974,-0.063411422
1.364,0.22269715,-0.070440091
1.3641,0.22037488,-0.077399254
1.3642,0.21783519,-0.084282048
1.3643,0.2150806,-0.091081679
1.3644,0.21211381,-0.097791433
1.3645,0.20893778,-0.1044047
1.3645999,0.20555562,-0.11091496
1.3647,0.20197067,-0.11731578
1.3648,0.19818647,-0.12360084
1.3649,0.19420674,-0.12976396
1.365,0.19003543,-0.13579904
1.3651,0.18567666,-0.14170013
1.3652,0.1811347,-0.14746143
1.3653001,0.17641404,-0.15307723
1.3654,0.17151935,-0.15854199
1.3655,0.16645546,-0.16385034
1.3656,0.16122736,-0.16899703
1.3657,0.1558402,-0.17397699
1.3658,0.15029931,-0.17878529
1.3659,0.14461015,-0.1834172
1.3660001,0.13877834,-0.18786815
1.3661,0.13280961,-0.19213375
1.3662,0.12670988,-0.19620979
1.3663,0.12048514,-0.20009224
1.3664,0.11414155,-0.20377728
1.3665,0.10768537,-0.20726129
1.3666,0.10112296,-0.2105408
1.3667001,0.094460793,-0.2136126
1.3668,0.087705448,-0.21647365
1.3669,0.080863588,-0.21912113
1.367,0.073941968,-0.22155243
1.3671,0.066947401,-0.22376515
1.3672,0.059886806,-0.22575709
1.3673,0.052767143,-0.22752632
1.3674001,0.04559543,-0.22907108
1.3674999,0.038378749,-0.23038983
1.3676,0.031124219,-0.2314813
1.3677,0.023838993,-0.23234439
1.3678,0.016530264,-0.23297825
1.3679,0.0092052389,-0.23338227
1.368,0.0018711456,-0.23355603
1.3681,-0.0054647806,-0.23349938
1.3681999,-0.012795302,-0.23321237
1.3683,-0.020113189,-0.23269527
1.3684,-0.027411217,-0.23194861
1.3685,-0.034682192,-0.23097311
1.3686,-0.041918933,-0.22976975
1.3687,-0.049114309,-0.22833972
1.3688,-0.056261219,-0.22668441
1.3688999,-0.063352607,-0.22480546
1.369,-0.070381485,-0.22270472
1.3691,-0.077340908,-0.22038428
1.3692,-0.084224023,-0.21784644
1.3693,-0.091024034,-0.21509366
1.3694,-0.097734228,-0.2121287
1.3695,-0.10434799,-0.20895445
1.3696001,-0.11085879,-0.20557407
1.3697,-0.11726022,-0.20199087
1.3698,-0.12354594,-0.19820842
1.3699,-0.12970978,-0.19423041
1.37,-0.13574563,-0.19006079
1.3701,-0.14164755,-0.18570368
1.3702,-0.14740971,-0.18116337
1.3703001,-0.15302643,-0.17644434
1.3704,-0.15849218,-0.17155123
1.3705,-0.16380155,-0.1664889
1.3706,-0.16894931,-0.16126232
1.3707,-0.17393038,-0.15587665
1.3708,-0.17873986,-0.1503372
1.3709,-0.18337297,-0.14464946
1.3710001,-0.18782519,-0.13881901
1.3710999,-0.19209208,-0.13285163
1.3712,-0.19616947,-0.12675318
1.3713,-0.2000533,-0.1205297
1.3714,-0.20373976,-0.11418732
1.3715,-0.20722522,-0.10773229
1.3716,-0.21050623,-0.10117099
1.3717,-0.21357955,-0.094509892
1.3717999,-0.21644217,-0.087755568
1.3719,-0.21909124,-0.080914676
1.372,-0.22152415,-0.073993973
1.3721,-0.22373852,-0.067000277
1.3722,-0.22573215,-0.059940498
1.3723,-0.22750308,-0.052821591
1.3724,-0.22904955,-0.04565059
1.3724999,-0.23037006,-0.038434561
1.3726,-0.23146328,-0.03118063
1.3727,-0.23232815,-0.023895947
1.3728,-0.23296382,-0.016587703
1.3729,-0.23336965,-0.0092631076
1.373,-0.23354523,-0.0019293856
1.3731,-0.23349042,0.0054062265
1.3732001,-0.23320526,0.012736492
1.3733,-0.23269002,0.02005418
1.3734,-0.23194522,0.027352069
1.3735,-0.23097157,0.03462296
1.3736,-0.22977009,0.041859683
1.3737,-0.22834191,0.049055096
1.3738,-0.22668846,0.056202099
1.3739001,-0.22481138,0.063293643
1.374,-0.2227125,0.07032273
1.3741,-0.22039391,0.077282429
1.3742,-0.2178579,0.084165871
1.3743,-0.21510695,0.090966262
1.3744,-0.21214379,0.097676903
1.3745,-0.20897134,0.10429116
1.3746001,-0.20559274,0.11080252
1.3747,-0.20201132,0.11720456
1.3748,-0.19823059,0.12349095
1.3749,-0.19425431,0.12965551
1.375,-0.19008639,0.13569213
1.3751,-0.18573095,0.14159489
1.3752,-0.18119228,0.14735793
1.3753,-0.17647487,0.15297559
1.3753999,-0.17158335,0.15844232
1.3755,-0.16652256,0.16375272
1.3756,-0.16129752,0.16890156
1.3757,-0.15591332,0.17388377
1.3758,-0.15037534,0.17869441
1.3759,-0.14468901,0.18332875
1.376,-0.13885993,0.18778223
1.3760999,-0.13289388,0.19205043
1.3762,-0.12679672,0.19612916
1.3763,-0.1205745,0.20001438
1.3764,-0.11423331,0.20370227
1.3765,-0.10777945,0.20718919
1.3766,-0.10121927,0.2104717
1.3767,-0.094559237,0.21354656
1.3767999,-0.087805927,0.21641074
1.3769,-0.080966003,0.2190614
1.377,-0.074046209,0.22149596
1.3771,-0.067053385,0.22371197
1.3772,-0.059994414,0.22570729
1.3773,-0.052876268,0.22747992
1.3774,-0.04570597,0.22902814
1.3775001,-0.038490593,0.23035039
1.3776,-0.031237254,0.23144539
1.3777,-0.023953112,0.23231205
1.3778,-0.01664535,0.23294951
1.3779,-0.0093211774,0.23335716
1.378,-0.0019878238,0.23353459
1.3781,0.0053474791,0.23348162
1.3782001,0.012677494,0.2331983
1.3783,0.019994987,0.23268493
1.3784,0.027292743,0.23194198
1.3785,0.03456356,0.23097023
1.3786,0.041800264,0.2297706
1.3787,0.048995718,0.22834429
1.3788,0.056142826,0.22669272
1.3789001,0.06323453,0.22481748
1.3789999,0.070263833,0.22272047
1.3791,0.077223808,0.22040373
1.3792,0.084107585,0.21786955
1.3793,0.090908371,0.21512043
1.3794,0.097619459,0.2121591
1.3795,0.10423423,0.20898846
1.3796,0.11074615,0.20561163
1.3796999,0.11714881,0.20203197
1.3798,0.12343588,0.19825299
1.3799,0.12960117,0.19427845
1.38,0.13563856,0.19011222
1.3801,0.14154215,0.18575846
1.3802,0.14730608,0.18122144
1.3803,0.15292469,0.17650564
1.3803999,0.1583924,0.1716157
1.3805,0.16370384,0.16655648
1.3806,0.16885377,0.16133295
1.3807,0.17383713,0.15595025
1.3808,0.17864895,0.15041372
1.3809,0.18328452,0.14472879
1.381,0.18773927,0.1389011
1.3811001,0.19200878,0.13293637
1.3812,0.19608887,0.12684052
1.3813,0.19997549,0.12061954
1.3814,0.20366481,0.11427956
1.3815,0.2071532,0.10782686
1.3816,0.21043722,0.10126778
1.3817,0.21351363,0.094608814
1.3818001,0.21637937,0.087856524
1.3819,0.21903165,0.081017561
1.382,0.22146784,0.074098684
1.3821,0.22368552,0.067106724
1.3822,0.22568253,0.060048562
1.3823,0.22745687,0.052931171
1.3824,0.22900681,0.045761574
1.3825001,0.23033084,0.038546842
1.3825999,0.23142761,0.031294096
1.3827,0.23229606,0.024010485
1.3828,0.23293535,0.0167032
1.3829,0.23334482,0.0093794502
1.383,0.23352408,0.0020464584
1.3831,0.23347297,-0.0052885399
1.3832,0.23319152,-0.012618308
1.3832999,0.23267999,-0.019935615
1.3834,0.23193893,-0.027233241
1.3835,0.23096904,-0.034503989
1.3836,0.2297713,-0.041740682
1.3837,0.22834687,-0.048936184
1.3838,0.22669716,-0.056083396
1.3839,0.2248238,-0.063175268
1.3839999,0.22272865,-0.070204794
1.3841,0.22041376,-0.077165052
1.3842,0.21788143,-0.084049173
1.3843,0.21513414,-0.090850361
1.3844,0.21217462,-0.097561903
1.3845,0.20900579,-0.10417718
1.3846,0.20563075,-0.11068968
1.3846999,0.20205286,-0.11709296
1.3848,0.19827564,-0.12338071
1.3849,0.19430281,-0.12954673
1.385,0.1901383,-0.13558494
1.3851,0.1857862,-0.14148936
1.3852,0.18125083,-0.1472542
1.3853,0.17653665,-0.15287374
1.3854001,0.17164831,-0.15834245
1.3855,0.16659065,-0.16365495
1.3856,0.16136862,-0.16880597
1.3857,0.15598743,-0.17379045
1.3858,0.15045235,-0.17860349
1.3859,0.14476883,-0.18324028
1.386,0.13894251,-0.18769631
1.3861001,0.13297912,-0.19196714
1.3862,0.12688456,-0.1960486
1.3863,0.12066482,-0.19993661
1.3864,0.11432605,-0.20362739
1.3865,0.10787451,-0.20711726
1.3866,0.10131654,-0.21040279
1.3867,0.094658636,-0.21348074
1.3868001,0.087907352,-0.21634808
1.3868999,0.081069358,-0.21900196
1.387,0.074151397,-0.22143979
1.3871,0.067160286,-0.22365916
1.3872,0.060102932,-0.22565785
1.3873,0.052986298,-0.22743392
1.3874,0.045817398,-0.22898562
1.3875,0.03860331,-0.23031139
1.3875999,0.031351149,-0.23140997
1.3877,0.024068069,-0.23228022
1.3878,0.016761258,-0.23292132
1.3879,0.0094379224,-0.23333263
1.388,0.0021052889,-0.23351374
1.3881,-0.0052294089,-0.23346448
1.3882,-0.012558936,-0.23318489
1.3882999,-0.019876061,-0.23267524
1.3884,-0.027173564,-0.23193605
1.3885,-0.034444246,-0.23096804
1.3886,-0.041680936,-0.22977218
1.3887,-0.04887649,-0.22834963
1.3888,-0.056023818,-0.2267018
1.3889,-0.063115858,-0.22483031
1.3890001,-0.070145622,-0.22273703
1.3891,-0.07710617,-0.220424
1.3892,-0.083990633,-0.21789351
1.3893,-0.090792224,-0.21514808
1.3894,-0.097504236,-0.21219037
1.3895,-0.10412004,-0.20902334
1.3896,-0.11063311,-0.20565009
1.3897001,-0.11703703,-0.20207398
1.3898,-0.12332547,-0.1982985
1.3899,-0.12949222,-0.1943274
1.39,-0.13553123,-0.1901646
1.3901,-0.1414365,-0.18581419
1.3902,-0.14720224,-0.18128046
1.3903,-0.15282275,-0.1765679
1.3904001,-0.15829247,-0.17168117
1.3904999,-0.16360602,-0.16662505
1.3906,-0.16875815,-0.16140456
1.3907,-0.17374378,-0.15602484
1.3908,-0.17855801,-0.15049121
1.3909,-0.18319605,-0.14480913
1.391,-0.18765336,-0.13898417
1.3911,-0.19192554,-0.13302213
1.3911999,-0.19600835,-0.12692885
1.3913,-0.19989778,-0.12071036
1.3914,-0.20359001,-0.11437279
1.3915,-0.20708136,-0.1079224
1.3916,-0.21036842,-0.10136554
1.3917,-0.21344793,-0.094708696
1.3918,-0.21631685,-0.087958425
1.3918999,-0.21897237,-0.081121393
1.392,-0.22141184,-0.074204333
1.3921,-0.22363287,-0.067214079
1.3922,-0.22563328,-0.060157534
1.3923,-0.22741109,-0.053041644
1.3924,-0.22896452,-0.045873441
1.3925,-0.23029208,-0.03865999
1.3926001,-0.23139244,-0.031408411
1.3927,-0.2322645,-0.024125859
1.3928,-0.23290743,-0.016819518
1.3929,-0.23332058,-0.0094965948
1.393,-0.23350355,-0.0021643145
1.3931,-0.23345615,0.0051700887
1.3932,-0.23317842,0.01249938
1.3933001,-0.23267066,0.019816326
1.3934,-0.23193336,0.027113711
1.3935,-0.23096722,0.034384336
1.3936,-0.22977325,0.041621026
1.3937,-0.22835258,0.04881664
1.3938,-0.22670664,0.055964086
1.3939,-0.22483703,0.063056305
1.3940001,-0.22274561,0.070086308
1.3941,-0.22043444,0.077047147
1.3942,-0.21790582,0.083931968
1.3943,-0.2151622,0.090733975
1.3944,-0.21220633,0.097446457
1.3945,-0.20904112,0.10406279
1.3946,-0.20566967,0.11057644
1.3947001,-0.20209533,0.116981
1.3947999,-0.19832161,0.12327014
1.3949,-0.19435224,0.12943766
1.395,-0.19019113,0.13547745
1.3951,-0.18584241,0.1413836
1.3952,-0.18131034,0.14715025
1.3953,-0.1765994,0.15277171
1.3954,-0.17171425,0.15824245
1.3954999,-0.1666597,0.16355705
1.3956,-0.16144073,0.16871031
1.3957,-0.15606251,0.1736971
1.3958,-0.15053034,0.17851251
1.3959,-0.14484966,0.18315183
1.396,-0.13902608,0.18761042
1.3961,-0.13306536,0.19188394
1.3961999,-0.12697338,0.19596814
1.3963,-0.12075613,0.19985899
1.3964,-0.11441977,0.20355266
1.3965,-0.10797053,0.20704551
1.3966,-0.10141478,0.21033411
1.3967,-0.094758995,0.21341518
1.3968,-0.08800973,0.21628571
1.3969001,-0.081173651,0.21894284
1.397,-0.074257508,0.22138397
1.3971,-0.067268111,0.22360669
1.3972,-0.060212359,0.22560881
1.3973,-0.053097215,0.22738835
1.3974,-0.045929704,0.22894356
1.3975,-0.038716886,0.23027289
1.3976001,-0.031465888,0.23137504
1.3977,-0.024183858,0.23224893
1.3978,-0.016877981,0.23289369
1.3979,-0.0095554646,0.23330869
1.398,-0.0022235331,0.23349351
1.3981,0.0051105805,0.23344797
1.3982,0.01243964,0.23317213
1.3983001,0.019756416,0.23266624
1.3983999,0.027053688,0.23193082
1.3985,0.034324259,0.2309666
1.3986,0.041560955,0.2297745
1.3987,0.048756637,0.22835572
1.3988,0.055904206,0.22671166
1.3989,0.062996611,0.22484395
1.399,0.070026852,0.2227544
1.3990999,0.076988004,0.22044511
1.3992,0.083873183,0.21791834
1.3993,0.090675607,0.21517657
1.3994,0.097388566,0.21222253
1.3995,0.10400543,0.20905912
1.3996,0.11051968,0.20568947
1.3997,0.11692489,0.20211691
1.3997999,0.12321473,0.19834495
1.3999,0.129383,0.1943773
1.4,0.13542362,0.19021791
1.4001,0.14133063,0.18587087
1.4002,0.1470982,0.18134046
1.4003,0.15272063,0.17663114
1.4004,0.15819238,0.17174758
1.4005001,0.16350807,0.1666946
1.4006,0.16866243,0.16147716
1.4007,0.1736504,0.15610042
1.4008,0.17846704,0.15056969
1.4009,0.18310758,0.14489043
1.401,0.1875675,0.13906823
1.4011,0.19184235,0.13310885
1.4012001,0.19592793,0.12701815
1.4013,0.19982022,0.12080216
1.4014,0.20351537,0.11446699
1.4015,0.20700972,0.1080189
1.4016,0.21029985,0.10146426
1.4017,0.2133825,0.094809532
1.4018,0.21625462,0.088061273
1.4019001,0.21891339,0.081226148
1.402,0.2213562,0.074310906
1.4021,0.22358061,0.067322358
1.4022,0.22558445,0.060267407
1.4023,0.22736573,0.053153008
1.4024,0.22892269,0.045986179
1.4025,0.23025382,0.038773999
1.4026,0.23135778,0.031523574
1.4026999,0.23223348,0.024242062
1.4028,0.23288009,0.016936645
1.4029,0.23329693,0.009614531
1.403,0.23348361,0.0022829429
1.4031,0.23343995,-0.0050508855
1.4032,0.23316599,-0.012379719
1.4033,0.23266201,-0.019696329
1.4033999,0.23192848,-0.026993494
1.4035,0.23096614,-0.034264017
1.4036,0.22977595,-0.041500725
1.4037,0.22835906,-0.048696481
1.4038,0.22671689,-0.05584418
1.4039,0.22485106,-0.062936775
1.404,0.2227634,-0.06996727
1.4040999,0.22045597,-0.076928727
1.4042,0.21793106,-0.083814278
1.4043,0.21519114,-0.090617128
1.4044,0.21223894,-0.09733057
1.4045,0.20907736,-0.10394798
1.4046,0.2057095,-0.11046283
1.4047,0.20213872,-0.11686869
1.4048001,0.19836852,-0.12315924
1.4049,0.19440261,-0.12932828
1.405,0.19024493,-0.13536972
1.4051,0.18589957,-0.1412776
1.4052,0.18137081,-0.14704609
1.4053,0.17666313,-0.1526695
1.4054,0.17178117,-0.1581423
1.4055001,0.16672973,-0.16345905
1.4056,0.16151382,-0.16861455
1.4057,0.15613858,-0.17360368
1.4058,0.15060931,-0.17842154
1.4059,0.14493147,-0.18306337
1.406,0.13911064,-0.18752459
1.4061,0.13315257,-0.1918008
1.4062001,0.12706317,-0.19588777
1.4062999,0.12084842,-0.19978149
1.4064,0.11451445,-0.20347811
1.4065,0.10806752,-0.20697397
1.4066,0.10151397,-0.21026565
1.4067,0.0948603,-0.21334988
1.4068,0.088113047,-0.21622361
1.4069,0.081278883,-0.21888404
1.4069999,0.074364536,-0.2213285
1.4071,0.067376837,-0.22355461
1.4072,0.060322676,-0.22556017
1.4073,0.053209018,-0.22734322
1.4074,0.046042874,-0.22890195
1.4075,0.03883132,-0.23023486
1.4076,0.031581469,-0.23134065
1.4076999,0.024300469,-0.23221818
1.4078,0.016995508,-0.23286663
1.4079,0.0096737919,-0.23328534
1.408,0.0023425424,-0.23347388
1.4081,-0.0049910056,-0.23343211
1.4082,-0.012319619,-0.23316003
1.4083,-0.019636067,-0.23265794
1.4084001,-0.026933132,-0.23192631
1.4085,-0.034203611,-0.23096587
1.4086,-0.041440338,-0.22977757
1.4087,-0.048636172,-0.22836259
1.4088,-0.055784009,-0.22672233
1.4089,-0.062876806,-0.22485839
1.409,-0.069907553,-0.2227726
1.4091001,-0.076869324,-0.22046705
1.4092,-0.083755255,-0.21794401
1.4093,-0.090558536,-0.21520594
1.4094,-0.097272471,-0.21225557
1.4095,-0.10389043,-0.20909581
1.4096,-0.11040588,-0.20572977
1.4097,-0.11681241,-0.20216076
1.4098001,-0.12310368,-0.19839232
1.4099,-0.12927349,-0.19442815
1.41,-0.13531576,-0.19027218
1.4101,-0.14122452,-0.18592851
1.4102,-0.14699395,-0.1814014
1.4103,-0.15261835,-0.17669535
1.4104,-0.15809217,-0.17181498
1.4105,-0.16341002,-0.16676512
1.4105999,-0.16856664,-0.16155075
1.4107,-0.17355697,-0.15617698
1.4108,-0.17837605,-0.15064916
1.4109,-0.18301916,-0.14497273
1.411,-0.1874817,-0.13915329
1.4111,-0.19175926,-0.13319656
1.4112,-0.19584765,-0.12710844
1.4112999,-0.19974281,-0.12089492
1.4114,-0.2034409,-0.11456215
1.4115,-0.20693828,-0.10811637
1.4116,-0.21023151,-0.10156393
1.4117,-0.21331732,-0.094911307
1.4118,-0.21619268,-0.08816506
1.4119,-0.21885476,-0.081331842
1.4119999,-0.2213009,-0.074418396
1.4121,-0.22352873,-0.067431539
1.4122,-0.22553602,-0.060378172
1.4123,-0.22732081,-0.053265247
1.4124,-0.22888133,-0.046099786
1.4125,-0.23021606,-0.038888853
1.4126,-0.23132364,-0.031639569
1.4127001,-0.23220302,-0.024359079
1.4128,-0.23285331,-0.017054569
1.4129,-0.23327388,-0.0097332457
1.413,-0.23346432,-0.002402331
1.4131,-0.23342443,0.0049309428
1.4132,-0.23315424,0.012259341
1.4133,-0.23265405,0.019575633
1.4134001,-0.23192431,0.026872601
1.4135,-0.23096579,0.034143046
1.4136,-0.22977941,0.041379798
1.4137,-0.22836632,0.048575714
1.4138,-0.22672795,0.055723697
1.4139,-0.2248659,0.062816694
1.414,-0.22278202,0.06984771
1.4141001,-0.22047834,0.076809801
1.4141999,-0.21795717,0.083696112
1.4143,-0.21522096,0.090499833
1.4144,-0.21227244,0.097214267
1.4145,-0.20911449,0.10383278
1.4146,-0.20575026,0.11034885
1.4147,-0.20218304,0.11675604
1.4148,-0.19841635,0.12304804
1.4148999,-0.19445394,0.12921864
1.415,-0.19029967,0.13526174
1.4151,-0.18595769,0.1411714
1.4152,-0.18143225,0.14694177
1.4153,-0.17672782,0.15256715
1.4154,-0.17184906,0.15804201
1.4155,-0.16680075,0.16336097
1.4155999,-0.16158789,0.16851874
1.4157,-0.15621564,0.17351025
1.4158,-0.15068927,0.17833057
1.4159,-0.14501424,0.18297495
1.416,-0.13919617,0.18743882
1.4161,-0.13324077,0.19171776
1.4162,-0.12715395,0.19580755
1.4163001,-0.12094168,0.19970416
1.4164,-0.1146101,0.20340374
1.4165,-0.10816547,0.20690265
1.4166,-0.10161413,0.21019743
1.4167,-0.094962552,0.21328485
1.4168,-0.088217303,0.21616183
1.4169,-0.081385031,0.21882556
1.4170001,-0.07447248,0.22127341
1.4171,-0.067486465,0.22350293
1.4172,-0.060433887,0.22551197
1.4173,-0.053321697,0.22729853
1.4174,-0.046156909,0.22886084
1.4175,-0.038946599,0.23019736
1.4176,-0.031697873,0.23130678
1.4177001,-0.02441789,0.232188
1.4177999,-0.017113827,0.23284015
1.4179,-0.0097928923,0.23326258
1.418,-0.0024623068,0.2334549
1.4181,0.0048706974,0.2334169
1.4182,0.012198885,0.23314862
1.4183,0.019515026,0.23265032
1.4184,0.026811905,0.23192251
1.4184999,0.034082323,0.2309659
1.4186,0.041319102,0.22978142
1.4187,0.048515107,0.22837025
1.4188,0.055663243,0.22673379
1.4189,0.062756449,0.22487363
1.419,0.069787733,0.22279164
1.4191,0.076750159,0.22048986
1.4191999,0.083636858,0.21797055
1.4193,0.090441026,0.2152362
1.4194,0.097155966,0.21228951
1.4195,0.10377505,0.2091334
1.4196,0.11029173,0.20577097
1.4197,0.11669961,0.20220554
1.4198,0.12299234,0.19844063
1.4198999,0.12916371,0.19447996
1.42,0.13520767,0.19032741
1.4201,0.14111821,0.18598711
1.4202,0.14688952,0.18146333
1.4203,0.15251592,0.17676054
1.4204,0.15799184,0.17188336
1.4205,0.1633119,0.16683663
1.4206001,0.16847081,0.16162531
1.4207,0.17346352,0.15625453
1.4208,0.17828509,0.15072963
1.4209,0.18293077,0.14505601
1.421,0.18739596,0.13923931
1.4211,0.19167627,0.13328524
1.4212,0.19576749,0.12719969
1.4213001,0.19966556,0.12098867
1.4214,0.20336664,0.11465829
1.4215,0.20686708,0.1082148
1.4216,0.21016343,0.10166456
1.4217,0.21325244,0.095014036
1.4218,0.21613108,0.088269778
1.4219,0.21879646,0.081438452
1.4220001,0.22124599,0.074526794
1.4220999,0.22347726,0.067541622
1.4222,0.22548804,0.060489822
1.4223,0.22727636,0.053378362
1.4224,0.22884046,0.046214249
1.4225,0.2301788,0.039004553
1.4226,0.23129004,0.031756386
1.4227,0.23217312,0.024476903
1.4227999,0.23282713,0.017173283
1.4229,0.23325145,0.0098527307
1.423,0.23344566,0.0025224683
1.4231,0.23340955,-0.0048102713
1.4232,0.23314318,-0.012138254
1.4233,0.23264679,-0.019454252
1.4234,0.2319209,-0.026751045
1.4234999,0.2309662,-0.034021437
1.4236,0.22978362,-0.041258257
1.4237,0.22837438,-0.048454359
1.4238,0.22673982,-0.055602647
1.4239,0.22488157,-0.062696069
1.424,0.22280148,-0.069727637
1.4241,0.22050157,-0.076690398
1.4242001,0.21798414,-0.083577484
1.4243,0.21525167,-0.090382114
1.4244,0.21230683,-0.097097568
1.4245,0.20915255,-0.10371722
1.4246,0.20579192,-0.11023453
1.4247,0.20222828,-0.11664309
1.4248,0.19846514,-0.12293656
1.4249001,0.19450621,-0.12910874
1.425,0.19035539,-0.13515353
1.4251,0.18601678,-0.14106499
1.4252,0.18149467,-0.14683726
1.4253,0.1767935,-0.15246467
1.4254,0.17191793,-0.15794165
1.4255,0.16687275,-0.1632628
1.4256001,0.16166295,-0.16842289
1.4256999,0.15629368,-0.17341679
1.4258,0.15077022,-0.17823963
1.4259,0.14509803,-0.1828866
1.426,0.13928269,-0.18735313
1.4261,0.13332996,-0.19163483
1.4262,0.12724569,-0.19572747
1.4263,0.1210359,-0.199627
1.4263999,0.11470672,-0.20332959
1.4265,0.10826437,-0.20683157
1.4266,0.10171523,-0.2101295
1.4267,0.09506575,-0.21322012
1.4268,0.08832249,-0.21610038
1.4269,0.081492104,-0.21876745
1.427,0.074581333,-0.22121869
1.4270999,0.067596994,-0.22345167
1.4272,0.060545977,-0.22546421
1.4273,0.05343524,-0.22725432
1.4274,0.046271797,-0.22882022
1.4275,0.039062712,-0.23016037
1.4276,0.0318151,-0.23127346
1.4277,0.024536114,-0.23215838
1.4278001,0.017232932,-0.23281427
1.4279,0.0099127572,-0.23324047
1.428,0.0025828141,-0.23343657
1.4281,-0.004749666,-0.23340237
1.4282,-0.01207745,-0.23313791
1.4283,-0.019393308,-0.23264344
1.4284,-0.026690025,-0.23191945
1.4285001,-0.033960398,-0.23096667
1.4286,-0.041197259,-0.22978604
1.4287,-0.048393466,-0.2283787
1.4288,-0.055541918,-0.22674605
1.4289,-0.062635563,-0.22488973
1.429,-0.069667406,-0.22281154
1.4291,-0.07663051,-0.22051352
1.4292001,-0.083518006,-0.21799797
1.4293,-0.090323098,-0.21526735
1.4294,-0.097039066,-0.21232437
1.4295,-0.10365929,-0.20917191
1.4296,-0.11017725,-0.20581311
1.4297,-0.11658649,-0.20225127
1.4298,-0.12288071,-0.19848989
1.4299001,-0.1290537,-0.19453271
1.4299999,-0.13509935,-0.19038361
1.4301,-0.14101171,-0.18604669
1.4302,-0.14678496,-0.18152623
1.4303,-0.15241338,-0.1768267
1.4304,-0.15789142,-0.17195272
1.4305,-0.1632137,-0.16690911
1.4306,-0.16837496,-0.16170086
1.4306999,-0.17337008,-0.15633307
1.4308,-0.17819417,-0.15081106
1.4309,-0.18284245,-0.14514028
1.431,-0.18731032,-0.13932632
1.4311,-0.19159342,-0.13337491
1.4312,-0.19568749,-0.12729193
1.4313,-0.19958849,-0.12108338
1.4313999,-0.20329259,-0.11475538
1.4315,-0.20679612,-0.10831418
1.4316,-0.21009564,-0.10176613
1.4317,-0.21318787,-0.095117696
1.4318,-0.21606979,-0.088375427
1.4319,-0.21873854,-0.081545986
1.432,-0.22119148,-0.074636102
1.4321001,-0.22342619,-0.067652591
1.4322,-0.2254405,-0.060602352
1.4323,-0.22723238,-0.053492334
1.4324,-0.22880009,-0.046329554
1.4325,-0.23014207,-0.03912108
1.4326,-0.23125701,-0.03187402
1.4327,-0.2321438,-0.024595523
1.4328001,-0.23280156,-0.017292771
1.4329,-0.23322965,-0.0099729709
1.433,-0.23342764,-0.0026433426
1.4331,-0.23339535,0.0046888841
1.4332,-0.23313281,0.012016474
1.4333,-0.23264027,0.0193322
1.4334,-0.2319182,0.026628843
1.4335001,-0.23096736,0.033899203
1.4335999,-0.22978863,0.041136112
1.4337,-0.22838323,0.048332427
1.4338,-0.2267525,0.05548105
1.4339,-0.22489808,0.06257493
1.434,-0.22282179,0.069607064
1.4341,-0.22052568,0.076570518
1.4342,-0.21801201,0.083458416
1.4342999,-0.21528326,0.090263978
1.4344,-0.21234213,0.096980475
1.4345,-0.20919152,0.10360128
1.4346,-0.20583452,0.11011989
1.4347,-0.20227447,0.11652983
1.4348,-0.19851488,0.1228248
1.4349,-0.19455944,0.12899861
1.4349999,-0.19041206,0.13504513
1.4351,-0.18607683,0.1409584
1.4352,-0.18155806,0.14673261
1.4353,-0.17686015,0.15236206
1.4354,-0.17198777,0.15784119
1.4355,-0.16694574,0.16316459
1.4356,-0.16173899,0.168327
1.4357001,-0.15637271,0.17332336
1.4358,-0.15085216,0.17814872
1.4359,-0.14518279,0.18279831
1.436,-0.13937019,0.18726756
1.4361,-0.13342011,0.19155204
1.4362,-0.12733841,0.19564755
1.4363,-0.1211311,0.19955005
1.4364001,-0.11480429,0.20325565
1.4365,-0.10836422,0.20676075
1.4366,-0.10181727,0.21006185
1.4367,-0.095169872,0.21315572
1.4368,-0.088428594,0.21603929
1.4369,-0.081600085,0.21870971
1.437,-0.074691087,0.22116438
1.4371001,-0.06770841,0.22340083
1.4372,-0.060658943,0.2254169
1.4373,-0.053549644,0.22721058
1.4374,-0.046387523,0.22878011
1.4375,-0.039179649,0.23012392
1.4376,-0.031933136,0.2312407
1.4377,-0.024655126,0.23212937
1.4378,-0.017352803,0.23278901
1.4378999,-0.010033371,0.233219
1.438,-0.0027040509,0.2334189
1.4381,0.0046279272,0.23338851
1.4382,0.011955329,0.23312789
1.4383,0.019270927,0.23263727
1.4384,0.026567504,0.23191714
1.4385,0.033837859,0.23096822
1.4385999,0.041074824,0.22979143
1.4387,0.048271254,0.22838795
1.4388,0.055420052,0.22675917
1.4389,0.062514164,0.22490665
1.439,0.069546595,0.22283228
1.4391,0.076510407,0.22053805
1.4392,0.08339873,0.21802627
1.4392999,0.09020476,0.2152994
1.4394,0.096921794,0.21236011
1.4395,0.1035432,0.20921135
1.4396,0.11006244,0.20585617
1.4397,0.11647309,0.20229793
1.4398,0.12276883,0.19854011
1.4399,0.12894344,0.19458641
1.4400001,0.13499084,0.19044076
1.4401,0.14090505,0.18610723
1.4402,0.14668025,0.18159011
1.4403,0.15231073,0.17689385
1.4404,0.15779093,0.17202307
1.4405,0.16311547,0.16698259
1.4406,0.16827907,0.16177739
1.4407001,0.17327665,0.15641259
1.4408,0.17810328,0.15089348
1.4409,0.18275419,0.14522552
1.441,0.18722481,0.13941431
1.4411,0.19151071,0.13346554
1.4412,0.19560766,0.12738514
1.4413,0.19951163,0.12117905
1.4414001,0.20321877,0.11485343
1.4414999,0.20672543,0.10841451
1.4416,0.21002813,0.10186864
1.4417,0.21312363,0.095222279
1.4418,0.21600886,0.088481992
1.4419,0.21868099,0.081654415
1.442,0.22113737,0.074746296
1.4421,0.22337559,0.067764446
1.4421999,0.22539343,0.060715746
1.4423,0.2271889,0.053607162
1.4424,0.22876024,0.046445698
1.4425,0.23010591,0.039238423
1.4426,0.23122455,0.03199245
1.4427,0.23211507,0.024714923
1.4428,0.23277661,0.017413024
1.4428999,0.23320849,0.010093955
1.443,0.23341031,0.0027649377
1.4431,0.23338185,-0.0045667971
1.4432,0.23312315,-0.011894017
1.4433,0.23263447,-0.019209493
1.4434,0.23191628,-0.026506009
1.4435,0.23096928,-0.033776365
1.4436001,0.22979444,-0.041013386
1.4437,0.22839288,-0.048209939
1.4438,0.22676602,-0.05535892
1.4439,0.22491543,-0.062453277
1.444,0.22284296,-0.069486015
1.4441,0.22055064,-0.076450184
1.4442,0.21804075,-0.083338931
1.4443001,0.21531576,-0.090145446
1.4444,0.21237834,-0.096863016
1.4445,0.20923141,-0.10348503
1.4446,0.20587806,-0.11000492
1.4447,0.2023216,-0.1164163
1.4448,0.19856556,-0.12271281
1.4449,0.19461362,-0.12888825
1.4450001,0.1904697,-0.13493653
1.4450999,0.18613787,-0.14085166
1.4452,0.18162242,-0.14662784
1.4453,0.17692779,-0.15225936
1.4454,0.17205861,-0.15774067
1.4455,0.1670197,-0.16306634
1.4456,0.16181603,-0.16823113
1.4457,0.15645272,-0.17322995
1.4457999,0.15093507,-0.17805786
1.4459,0.14526851,-0.18271011
1.446,0.13945866,-0.18718208
1.4461,0.13351123,-0.1914694
1.4462,0.12743209,-0.19556782
1.4463,0.12122725,-0.19947329
1.4464,0.11490281,-0.20318197
1.4464999,0.10846502,-0.20669019
1.4466,0.10192025,-0.20999449
1.4467,0.095274925,-0.21309163
1.4468,0.088535614,-0.21597853
1.4469,0.081708968,-0.21865237
1.447,0.074801728,-0.22111048
1.4471,0.067820698,-0.22335045
1.4471999,0.060772765,-0.22537006
1.4473,0.053664889,-0.22716735
1.4474,0.04650408,-0.22874051
1.4475,0.039297402,-0.23008803
1.4476,0.032051962,-0.23120853
1.4477,0.024774913,-0.23210093
1.4478,0.017473431,-0.23276436
1.4479001,0.010154721,-0.23319817
1.448,0.002826002,-0.23340189
1.4481,-0.0045054951,-0.23337536
1.4482,-0.011832538,-0.23311859
1.4483,-0.019147899,-0.23263185
1.4484,-0.026444359,-0.23191559
1.4485,-0.033714719,-0.23097055
1.4486001,-0.040951811,-0.22979765
1.4487,-0.04814849,-0.22839803
1.4488,-0.055297662,-0.22677308
1.4489,-0.062392268,-0.22492443
1.449,-0.069425315,-0.22285387
1.4491,-0.076389857,-0.22056347
1.4492,-0.083279036,-0.21805546
1.4493001,-0.090086035,-0.21533234
1.4493999,-0.096804157,-0.21239679
1.4495,-0.10342677,-0.2092517
1.4496,-0.10994734,-0.20590018
1.4497,-0.11635943,-0.20234554
1.4498,-0.12265672,-0.19859126
1.4499,-0.128833,-0.19464108
1.45,-0.13488215,-0.19049889
1.4500999,-0.14079824,-0.18616875
1.4502,-0.14657542,-0.18165496
1.4503,-0.15220799,-0.17696197
1.4504,-0.15769039,-0.17209439
1.4505,-0.16301721,-0.16705705
1.4506,-0.16818321,-0.16185491
1.4507,-0.17318326,-0.15649308
1.4507999,-0.17801248,-0.1509769
1.4509,-0.18266605,-0.14531176
1.451,-0.18713941,-0.13950327
1.4511,-0.19142815,-0.13355716
1.4512,-0.19552803,-0.1274793
1.4513,-0.199435,-0.12127569
1.4514,-0.20314522,-0.11495243
1.4515001,-0.20665503,-0.10851578
1.4516,-0.20996094,-0.10197208
1.4517,-0.21305972,-0.095327795
1.4518,-0.2159483,-0.088589467
1.4519,-0.21862385,-0.081763752
1.452,-0.22108369,-0.074857377
1.4521,-0.22332543,-0.067877166
1.4522001,-0.22534683,-0.060829997
1.4523,-0.22714593,-0.053722829
1.4524,-0.22872093,-0.046562664
1.4525,-0.23007029,-0.039356578
1.4526,-0.23119266,-0.032111671
1.4527,-0.23208696,-0.024835095
1.4528,-0.23275229,-0.017534025
1.4529001,-0.23318799,-0.010215668
1.4529999,-0.23339365,-0.0028872418
1.4531,-0.23336905,0.0044440236
1.4532,-0.23311423,0.011770896
1.4533,-0.23262942,0.019086145
1.4534,-0.2319151,0.026382556
1.4535,-0.23097201,0.033652931
1.4536,-0.22980104,0.040890094
1.4536999,-0.22840337,0.048086911
1.4538,-0.22678037,0.055236276
1.4539,-0.22493364,0.06233114
1.454,-0.222865,0.069364503
1.4541,-0.22057651,0.076329425
1.4542,-0.2180704,0.083219036
1.4543,-0.21534915,0.090026535
1.4543999,-0.21241547,0.096745215
1.4545,-0.20927222,0.10336844
1.4546,-0.20592253,0.10988968
1.4547,-0.20236969,0.11630251
1.4548,-0.19861721,0.12260058
1.4549,-0.19466878,0.1287777
1.455,-0.1905283,0.13482775
1.4551001,-0.18619987,0.14074479
1.4552,-0.18168776,0.14652297
1.4553,-0.17699639,0.15215659
1.4554,-0.17213042,0.1576401
1.4555,-0.16709465,0.16296808
1.4556,-0.16189404,0.16813527
1.4557,-0.1565337,0.17313659
1.4558001,-0.15101896,0.1779671
1.4559,-0.14535522,0.18262202
1.456,-0.13954811,0.18709677
1.4561,-0.13360332,0.19138694
1.4562,-0.12752675,0.19548829
1.4563,-0.12132435,0.19939677
1.4564,-0.11500228,0.20310853
1.4565001,-0.10856677,0.20661993
1.4566,-0.10202415,0.20992747
1.4567,-0.095380887,0.21302791
1.4568,-0.088643543,0.21591817
1.4569,-0.081818752,0.21859542
1.457,-0.074913248,0.22105701
1.4571,-0.06793385,0.22330052
1.4572001,-0.060887441,0.22532372
1.4572999,-0.053780973,0.22712465
1.4574,-0.046621457,0.22870149
1.4575,-0.039415952,0.23005269
1.4576,-0.032171573,0.23117696
1.4577,-0.024895463,0.23207314
1.4578,-0.017594803,0.23274037
1.4579,-0.010276794,0.233178
1.4579999,-0.0029486548,0.23338558
1.4581,0.004382384,0.23336291
1.4582,0.01170909,0.23311004
1.4583,0.019024236,0.23262717
1.4584,0.026320605,0.23191482
1.4585,0.033590999,0.23097366
1.4586,0.040828243,0.22980465
1.4586999,0.048025198,0.22840892
1.4588,0.055174768,0.22678787
1.4589,0.062269893,0.22494306
1.459,0.06930358,0.22287636
1.4591,0.076268889,0.22058976
1.4592,0.08315894,0.21808556
1.4593,0.089966945,0.2153662
1.4594001,0.096686192,0.21243438
1.4595,0.10331003,0.20929299
1.4596,0.10983196,0.20594512
1.4597,0.11624552,0.20239408
1.4598,0.12254438,0.19864339
1.4599,0.12872234,0.19469671
1.46,0.13477331,0.19055797
1.4601001,0.14069131,0.18623124
1.4602,0.1464705,0.18172079
1.4603,0.15210518,0.17703107
1.4604,0.15758981,0.17216671
1.4605,0.16291896,0.1671325
1.4606,0.16808736,0.16193341
1.4607,0.17308994,0.15657456
1.4608001,0.17792174,0.15106127
1.4608999,0.18257803,0.14539894
1.461,0.18705417,0.1395932
1.4611,0.19134578,0.13364974
1.4612,0.19544861,0.12757443
1.4613,0.19935861,0.12137327
1.4614,0.20307194,0.11505237
1.4615,0.20658492,0.10861798
1.4615999,0.20989408,0.10207645
1.4617,0.21299617,0.095434219
1.4618,0.21588814,0.088697843
1.4619,0.2185671,0.081873968
1.462,0.22103046,0.074969336
1.4621,0.22327574,0.06799075
1.4622,0.22530074,0.060945094
1.4622999,0.22710349,0.053839322
1.4624,0.22868218,0.046680447
1.4625,0.23003525,0.039475523
1.4626,0.23116139,0.032231666
1.4627,0.23205948,0.024956021
1.4628,0.23272862,0.017655764
1.4629,0.23316817,0.010338097
1.4630001,0.23337768,0.0030102392
1.4631,0.23335697,-0.0043205782
1.4632,0.23310603,-0.011647125
1.4633,0.23262511,-0.018962173
1.4634,0.23191471,-0.026258504
1.4635,0.23097552,-0.03352892
1.4636,0.22980846,-0.040766254
1.4637001,0.22841468,-0.047963358
1.4638,0.22679555,-0.055113133
1.4639,0.2249527,-0.062208533
1.464,0.22288792,-0.069242552
1.4641,0.22060324,-0.076208249
1.4642,0.21810095,-0.083098754
1.4643,0.21538347,-0.089907274
1.4644001,0.21245353,-0.096627079
1.4645,0.20931399,-0.10325156
1.4646,0.20596795,-0.10977416
1.4647,0.20241873,-0.11618847
1.4648,0.19866981,-0.12248813
1.4649,0.19472489,-0.12866695
1.465,0.19058788,-0.13471884
1.4651,0.18626285,-0.1406378
1.4651999,0.18175407,-0.14641801
1.4653,0.17706598,-0.15205376
1.4654,0.17220323,-0.1575395
1.4655,0.16717058,-0.16286983
1.4656,0.16197303,-0.16803946
1.4657,0.15661567,-0.1730433
1.4658,0.15110382,-0.17787643
1.4658999,0.14544292,-0.18253405
1.466,0.13963853,-0.18701161
1.4661,0.13369638,-0.19130467
1.4662,0.12762235,-0.19540899
1.4663,0.12142241,-0.19932051
1.4664,0.11510269,-0.2030354
1.4665,0.10866944,-0.20654997
1.4665999,0.10212898,-0.20986077
1.4667,0.095487766,-0.21296455
1.4668,0.088752367,-0.21585821
1.4669,0.081929408,-0.21853891
1.467,0.07502564,-0.22100401
1.4671,0.068047859,-0.22325107
1.4672,0.061002955,-0.2252779
1.4673001,0.053897876,-0.22708246
1.4674,0.046739634,-0.228663
1.4675,0.039535291,-0.23001796
1.4676,0.032291953,-0.23114598
1.4677,0.025016762,-0.23204596
1.4678,0.017716903,-0.23271704
1.4679,0.010399573,-0.23315851
1.4680001,0.0030719929,-0.23336998
1.4681,-0.0042586098,-0.2333512
1.4682,-0.011585003,-0.2331022
1.4683,-0.018899959,-0.23262326
1.4684,-0.026196258,-0.23191482
1.4685,-0.033466708,-0.23097758
1.4686,-0.040704131,-0.22981247
1.4687001,-0.047901388,-0.22842064
1.4687999,-0.055051383,-0.22680348
1.4689,-0.062147059,-0.22496256
1.469,-0.069181412,-0.22289971
1.4691,-0.076147512,-0.22061695
1.4692,-0.083038472,-0.21811655
1.4693,-0.089847513,-0.21540098
1.4694,-0.096567899,-0.2124729
1.4694999,-0.10319301,-0.20933521
1.4696,-0.10971631,-0.20599101
1.4697,-0.11613137,-0.2024436
1.4698,-0.12243184,-0.19869646
1.4699,-0.12861153,-0.19475332
1.47,-0.13466433,-0.19061804
1.4701,-0.14058426,-0.1862947
1.4701999,-0.14636549,-0.1817876
1.4703,-0.15200233,-0.17710115
1.4704,-0.15748921,-0.17223999
1.4705,-0.1628207,-0.16720891
1.4706,-0.16799156,-0.16201288
1.4707,-0.17299668,-0.15665703
1.4708,-0.17783113,-0.15114662
1.4709001,-0.18249014,-0.14548711
1.471,-0.1869691,-0.1396841
1.4711,-0.1912636,-0.13374327
1.4712,-0.19536941,-0.1276705
1.4713,-0.19928248,-0.12147179
1.4714,-0.20299894,-0.11515325
1.4715,-0.20651512,-0.10872111
1.4716001,-0.20982757,-0.10218173
1.4717,-0.212933,-0.095541544
1.4718,-0.21582837,-0.088807106
1.4719,-0.21851081,-0.081985071
1.472,-0.22097768,-0.075082153
1.4721,-0.22322653,-0.068105176
1.4722,-0.22525518,-0.061061021
1.4723001,-0.22706158,-0.053956632
1.4724,-0.22864398,-0.046799023
1.4725,-0.23000081,-0.03959525
1.4726,-0.23113073,-0.032352425
1.4727,-0.23203263,-0.025077689
1.4728,-0.23270562,-0.017778222
1.4729,-0.23314902,-0.010461223
1.473,-0.23336244,-0.0031339135
1.4730999,-0.23334561,0.0041964799
1.4732,-0.23309858,0.011522725
1.4733,-0.2326216,0.018837593
1.4734,-0.23191512,0.026133871
1.4735,-0.23097984,0.033404358
1.4736,-0.22981669,0.040641878
1.4737,-0.22842683,0.047839299
1.4737999,-0.2268116,0.054989513
1.4739,-0.22497264,0.062085472
1.474,-0.22291172,0.069120169
1.4741,-0.22063088,0.07608667
1.4742,-0.21813239,0.082978107
1.4743,-0.21541871,0.089787669
1.4744,-0.21249251,0.096508645
1.4744999,-0.20935668,0.1031344
1.4746,-0.20601432,0.1096584
1.4747,-0.20246871,0.11607421
1.4748,-0.19872336,0.1223755
1.4749,-0.19478197,0.12855606
1.475,-0.19064842,0.13460979
1.4751,-0.1863268,0.14053071
1.4752001,-0.18182136,0.14631298
1.4753,-0.17713656,0.1519509
1.4754,-0.172277,0.1574389
1.4755,-0.16724749,0.1627716
1.4756,-0.16205299,0.16794369
1.4757,-0.15669861,0.17295009
1.4758,-0.15118967,0.17778587
1.4759001,-0.14553156,0.18244624
1.476,-0.1397299,0.18692663
1.4761,-0.13379039,0.19122259
1.4762,-0.1277189,0.1953299
1.4763,-0.12152141,0.19924451
1.4764,-0.11520404,0.20296255
1.4765,-0.10877302,0.20648035
1.4766001,-0.10223471,0.20979445
1.4766999,-0.095595539,0.21290156
1.4768,-0.088862069,0.21579865
1.4769,-0.082040943,0.21848284
1.477,-0.075138889,0.22095147
1.4771,-0.068162709,0.22320212
1.4772,-0.061119296,0.22523259
1.4773,-0.054015592,0.22704083
1.4773999,-0.046858605,0.2286251
1.4775,-0.039655402,0.22998381
1.4776,-0.032413084,0.23111564
1.4777,-0.025138795,0.23201945
1.4778,-0.017839715,0.23269437
1.4779,-0.010523044,0.23313972
1.478,-0.0031959987,0.23335508
1.4780999,0.0041341907,0.2333402
1.4782,0.011460294,0.23309514
1.4783,0.018775083,0.23262012
1.4784,0.02607134,0.23191561
1.4785,0.03334187,0.2309823
1.4786,0.040579498,0.22982113
1.4787,0.047777086,0.22843322
1.4788001,0.054927532,0.22681996
1.4789,0.062023778,0.22498292
1.479,0.069058828,0.22292395
1.4791,0.076025747,0.22064504
1.4792,0.082917653,0.21814846
1.4793,0.089727744,0.21543667
1.4794,0.096449308,0.21251234
1.4795001,0.10307572,0.20937838
1.4796,0.10960043,0.20603785
1.4797,0.11601701,0.20249406
1.4798,0.12231912,0.19875051
1.4799,0.12850057,0.19481088
1.48,0.13455522,0.19067906
1.4801,0.14047714,0.18635914
1.4802001,0.14626044,0.18185538
1.4802999,0.15189946,0.1771722
1.4804,0.15738861,0.17231426
1.4805,0.1627225,0.16728631
1.4806,0.16789584,0.16209333
1.4807,0.17290352,0.15674046
1.4808,0.17774065,0.15123294
1.4809,0.1824024,0.14557625
1.4809999,0.18688421,0.13977595
1.4811,0.19118164,0.13383774
1.4812,0.19529048,0.12776752
1.4813,0.19920662,0.12157125
1.4814,0.20292625,0.11525506
1.4815,0.20644566,0.10882516
1.4816,0.20976143,0.10228791
1.4816999,0.21287024,0.095649764
1.4818,0.21576904,0.088917255
1.4819,0.21845497,0.082097031
1.482,0.22092539,0.075195827
1.4821,0.22317785,0.068220444
1.4822,0.22521013,0.061177768
1.4823,0.22702023,0.054074746
1.4823999,0.22860636,0.046918385
1.4825,0.22996697,0.039715741
1.4826,0.23110069,0.032473926
1.4827,0.23200643,0.02520008
1.4828,0.23268329,0.017901383
1.4829,0.23313059,0.010585032
1.483,0.23334789,0.0032582472
1.4831001,0.23333499,-0.0040717442
1.4832,0.23309189,-0.011397711
1.4833,0.23261884,-0.018712426
1.4834,0.23191631,-0.026008673
1.4835,0.23098497,-0.033279251
1.4836,0.22982576,-0.040516991
1.4837,0.22843982,-0.047714755
1.4838001,0.22682852,-0.054865435
1.4839,0.22499344,-0.061961982
1.484,0.22293639,-0.068997391
1.4841,0.22065942,-0.075964727
1.4842,0.21816476,-0.08285711
1.4843,0.21545486,-0.089667745
1.4844,0.21253243,-0.096389912
1.4845001,0.20940031,-0.10301698
1.4845999,0.20606162,-0.10954241
1.4847,0.20251966,-0.11595976
1.4848,0.19877788,-0.12226271
1.4849,0.19484001,-0.12844503
1.485,0.19070995,-0.13450064
1.4851,0.18639173,-0.14042354
1.4852,0.18188962,-0.1462079
1.4852999,0.1772081,-0.15184802
1.4854,0.17235175,-0.15733832
1.4855,0.16732536,-0.16267341
1.4856,0.16213392,-0.16784801
1.4857,0.15678252,-0.172857
1.4858,0.15127647,-0.17769545
1.4859,0.14562118,-0.18235861
1.4859999,0.13982223,-0.18684185
1.4861,0.13388534,-0.19114076
1.4862,0.12781638,-0.19525109
1.4863,0.12162133,-0.1991688
1.4864,0.1153063,-0.20289002
1.4865,0.10887752,-0.20641108
1.4866,0.10234134,-0.20972849
1.4867001,0.095704205,-0.21283901
1.4868,0.088972658,-0.21573953
1.4869,0.082153335,-0.21842723
1.487,0.07525298,-0.22089942
1.4871,0.068278387,-0.2231537
1.4872,0.061236449,-0.22518781
1.4873,0.054134101,-0.22699977
1.4874001,0.046978354,-0.22858778
1.4875,0.039776269,-0.22995028
1.4876,0.032534953,-0.23108593
1.4877,0.025261546,-0.23199359
1.4878,0.017963223,-0.23267238
1.4879,0.010647188,-0.23312163
1.488,0.0033206569,-0.2333409
1.4881001,-0.0040091425,-0.23332997
1.4881999,-0.01133498,-0.23308884
1.4883,-0.018649627,-0.23261777
1.4884,-0.025945866,-0.2319172
1.4885,-0.033216503,-0.23098785
1.4886,-0.040454362,-0.22983061
1.4887,-0.047652304,-0.22844665
1.4888,-0.05480323,-0.22683729
1.4888999,-0.061900079,-0.22500418
1.489,-0.068935856,-0.22294907
1.4891,-0.075903617,-0.22067404
1.4892,-0.082796492,-0.21818128
1.4893,-0.089607671,-0.21547329
1.4894,-0.096330449,-0.21255274
1.4895,-0.10295818,-0.20942248
1.4895999,-0.10948433,-0.20608564
1.4897,-0.11590247,-0.20254548
1.4898,-0.12220626,-0.19880551
1.4899,-0.12838948,-0.1948694
1.49,-0.13444602,-0.19074106
1.4901,-0.14036994,-0.18642455
1.4902,-0.14615536,-0.18192413
1.4903001,-0.15179658,-0.17724423
1.4904,-0.15728804,-0.17238949
1.4905,-0.16262434,-0.16736467
1.4906,-0.16780019,-0.16217476
1.4907,-0.17281049,-0.15682484
1.4908,-0.1776503,-0.15132023
1.4909,-0.18231486,-0.14566635
1.4910001,-0.18679954,-0.13986875
1.4911,-0.19109994,-0.13393317
1.4912,-0.1952118,-0.12786548
1.4913,-0.19913107,-0.12167164
1.4914,-0.20285389,-0.11535778
1.4915,-0.20637657,-0.10893011
1.4916,-0.20969567,-0.102395
1.4917001,-0.21280788,-0.095758863
1.4918,-0.21571013,-0.089028269
1.4919,-0.2183996,-0.082209855
1.492,-0.22087358,-0.075310342
1.4921,-0.22312967,-0.068336539
1.4922,-0.22516564,-0.061295323
1.4923,-0.22697945,-0.054193649
1.4924001,-0.22856934,-0.047038514
1.4924999,-0.22993375,-0.039836984
1.4926,-0.23107131,-0.03259616
1.4927,-0.2319809,-0.025323184
1.4928,-0.23266165,-0.018025234
1.4929,-0.23311286,-0.010709508
1.493,-0.23333409,-0.0033832251
1.4931,-0.23332512,0.0039463886
1.4931999,-0.23308598,0.011272102
1.4933,-0.23261689,0.018586688
1.4934,-0.23191831,0.02588293
1.4935,-0.23099093,0.033153627
1.4936,-0.22983567,0.040391613
1.4937,-0.22845367,0.047589742
1.4938,-0.22684629,0.054740917
1.4938999,-0.22501513,0.061838079
1.494,-0.22296198,0.068874225
1.4941,-0.22068886,0.075842425
1.4942,-0.21819805,0.082735792
1.4943,-0.21549195,0.08954753
1.4944,-0.21257327,0.096270911
1.4945,-0.2094449,0.10289932
1.4946001,-0.2061099,0.10942621
1.4947,-0.20257154,0.11584513
1.4948,-0.19883336,0.12214977
1.4949,-0.19489904,0.12833388
1.495,-0.19077243,0.1343914
1.4951,-0.18645762,0.14031632
1.4952,-0.18195887,0.1461028
1.4953001,-0.17728062,0.15174514
1.4954,-0.17242748,0.15723778
1.4955,-0.16740422,0.16257529
1.4956,-0.16221583,0.16775241
1.4957,-0.15686741,0.17276403
1.4958,-0.15136424,0.1776052
1.4959,-0.14571175,0.18227115
1.4960001,-0.13991551,0.1867573
1.4960999,-0.13398124,0.19105917
1.4962,-0.1279148,0.19517256
1.4963,-0.12172218,0.19909342
1.4964,-0.11540948,0.20281783
1.4965,-0.10898293,0.20634218
1.4966,-0.10244887,0.20966293
1.4967,-0.095813744,0.21277685
1.4967999,-0.089084104,0.21568087
1.4969,-0.082266577,0.21837209
1.497,-0.075367905,0.22084787
1.4971,-0.068394884,0.22310579
1.4972,-0.061354399,0.2251436
1.4973,-0.054253388,0.22695929
1.4974,-0.047098864,0.22855107
1.4974999,-0.039897881,0.22991738
1.4976,-0.032657545,0.23105687
1.4977,-0.025384996,0.2319684
1.4978,-0.018087411,0.23265108
1.4979,-0.01077199,0.23310426
1.498,-0.0034459487,0.23332746
1.4981,0.003883485,0.23332047
1.4982001,0.01120908,0.23308332
1.4983,0.018523609,0.2326162
1.4984,0.025819859,0.23191962
1.4985,0.033090629,0.23099422
1.4986,0.040328745,0.22984095
1.4987,0.047527071,0.22846092
1.4988,0.0546785,0.22685552
1.4989001,0.061775979,0.22502631
1.499,0.068812512,0.22297511
1.4991,0.075781144,0.22070393
1.4992,0.08267501,0.21821502
1.4993,0.089487314,0.21551085
1.4994,0.096211322,0.21259406
1.4995,0.10284041,0.20946755
1.4996001,0.10936803,0.20613438
1.4997,0.11578776,0.20259786
1.4998,0.12209325,0.19886146
1.4999,0.12827827,0.1949289
1.5,0.13433675,0.19080403
1.5001,0.14026269,0.18649094
1.5002,0.14605024,0.18199386
1.5003,0.15169372,0.17731723
1.5003999,0.15718754,0.1724657
1.5005,0.16252626,0.16744401
1.5006,0.16770466,0.16225713
1.5007,0.1727176,0.15691021
1.5008,0.17756014,0.15140848
1.5009,0.18222751,0.14575738
1.501,0.1867151,0.13996249
1.5010999,0.19101848,0.13402954
1.5012,0.19513342,0.12796436
1.5013,0.19905584,0.12177294
1.5014,0.20278187,0.1154614
1.5015,0.20630786,0.10903596
1.5016,0.20963031,0.10250296
1.5017,0.21274595,0.095868833
1.5017999,0.21565171,0.08914014
1.5019,0.2183447,0.082323514
1.502,0.22082229,0.075425677
1.5021,0.22308204,0.068453431
1.5022,0.22512169,0.061413668
1.5023,0.22693926,0.054313321
1.5024,0.22853294,0.0471594
1.5025001,0.22990116,0.039958958
1.5026,0.23104258,0.032719105
1.5027,0.23195606,0.025446977
1.5028,0.23264071,0.018149754
1.5029,0.23309585,0.010834631
1.503,0.23332103,0.0035088256
1.5031,0.23331602,-0.0038204335
1.5032001,0.23308085,-0.011145918
1.5033,0.23261572,-0.018460399
1.5034,0.23192112,-0.025756661
1.5035,0.23099771,-0.033027507
1.5036,0.22984643,-0.040265761
1.5037,0.22846839,-0.047464289
1.5038,0.22686495,-0.054615982
1.5039001,0.22503771,-0.061713785
1.5039999,0.22298846,-0.068750702
1.5041,0.22071922,-0.075719789
1.5042,0.21823224,-0.082614169
1.5043,0.21552996,-0.089427032
1.5044,0.21261507,-0.096151672
1.5045,0.20949042,-0.10278145
1.5046,0.2061591,-0.10930982
1.5046999,0.20262441,-0.11573035
1.5048,0.19888981,-0.1220367
1.5049,0.19495901,-0.12822264
1.505,0.19083588,-0.1342821
1.5051,0.18652448,-0.14020906
1.5052,0.18202908,-0.1459977
1.5053,0.1773541,-0.15164231
1.5053999,0.17250416,-0.1571373
1.5055,0.16748405,-0.16247727
1.5056,0.16229869,-0.16765694
1.5057,0.15695325,-0.17267121
1.5058,0.15145296,-0.17751513
1.5059,0.14580326,-0.18218392
1.506,0.14000972,-0.18667297
1.5061001,0.13407807,-0.19097786
1.5062,0.12801415,-0.19509433
1.5063,0.12182394,-0.19901834
1.5064,0.11551356,-0.202746
1.5065,0.10908922,-0.20627365
1.5066,0.10255726,-0.20959778
1.5067,0.095924139,-0.21271515
1.5068001,0.089196391,-0.21562266
1.5069,0.082380652,-0.21831745
1.507,0.07548365,-0.22079685
1.5071,0.068512179,-0.22305843
1.5072,0.061473131,-0.22509995
1.5073,0.054373443,-0.2269194
1.5074,0.047220118,-0.22851498
1.5075001,0.040020216,-0.22988512
1.5075999,0.032780837,-0.23102847
1.5077,0.025509128,-0.23194391
1.5078,0.018212259,-0.23263051
1.5079,0.010897428,-0.23308761
1.508,0.0035718537,-0.23331478
1.5081,-0.0037572377,-0.23331176
1.5082,-0.011082616,-0.23307857
1.5082999,-0.018397054,-0.23261546
1.5084,-0.025693337,-0.23192284
1.5085,-0.032964263,-0.23100142
1.5086,-0.040202666,-0.22985213
1.5087,-0.047401398,-0.22847606
1.5088,-0.054553363,-0.2268746
1.5089,-0.061651502,-0.22504933
1.5089999,-0.06868881,-0.22300203
1.5091,-0.075658351,-0.22073475
1.5092,-0.082553245,-0.21824969
1.5093,-0.089366689,-0.21554932
1.5094,-0.096091971,-0.21263632
1.5095,-0.10272244,-0.20951353
1.5096,-0.10925157,-0.20618406
1.5096999,-0.11567291,-0.20265119
1.5098,-0.12198012,-0.19891839
1.5099,-0.128167,-0.19498937
1.51,-0.13422742,-0.19086796
1.5101,-0.14015543,-0.18655828
1.5102,-0.14594516,-0.18206455
1.5103,-0.1515909,-0.1773912
1.5104001,-0.15708709,-0.17254287
1.5105,-0.1624283,-0.16752431
1.5106,-0.16760926,-0.16234049
1.5107,-0.17262487,-0.15699652
1.5108,-0.17747016,-0.15149766
1.5109,-0.18214038,-0.14584936
1.511,-0.1866309,-0.14005718
1.5111001,-0.19093731,-0.13412683
1.5112,-0.19505534,-0.12806416
1.5113,-0.19898094,-0.12187516
1.5114,-0.20271023,-0.11556593
1.5115,-0.20623954,-0.10914269
1.5116,-0.20956537,-0.10261179
1.5117,-0.21268447,-0.095979661
1.5118001,-0.21559374,-0.089252852
1.5118999,-0.21829031,-0.082438
1.512,-0.22077154,-0.075541817
1.5121,-0.22303496,-0.068571128
1.5122,-0.22507834,-0.061532784
1.5123,-0.22689968,-0.054433748
1.5124,-0.22849718,-0.047281019
1.5125,-0.22986923,-0.04008165
1.5125999,-0.23101453,-0.032842744
1.5127,-0.23193191,-0.025571445
1.5128,-0.23262049,-0.018274924
1.5129,-0.23307958,-0.01096038
1.513,-0.23330872,-0.0036350305
1.5131,-0.23330769,0.0036938994
1.5132,-0.23307651,0.011019178
1.5132999,-0.23261538,0.01833358
1.5134,-0.23192476,0.025629889
1.5135,-0.23100536,0.032900907
1.5136,-0.22985804,0.040139459
1.5137,-0.22848396,0.047338407
1.5138,-0.22688448,0.054490648
1.5139,-0.22506118,0.061589126
1.5140001,-0.22301584,0.068626836
1.5141,-0.2207505,0.075596839
1.5142,-0.21826737,0.082492262
1.5143,-0.21556892,0.089306287
1.5144,-0.21265779,0.09603221
1.5145,-0.2095369,0.10266338
1.5146,-0.20620927,0.10919327
1.5147001,-0.20267822,0.11561543
1.5148,-0.19894722,0.12192353
1.5149,-0.19501996,0.12811133
1.515,-0.1909003,0.13417275
1.5151,-0.18659231,0.14010179
1.5152,-0.18210025,0.14589262
1.5153,-0.17742854,0.1515395
1.5154001,-0.17258181,0.1570369
1.5154999,-0.16756482,0.16237935
1.5156,-0.16238251,0.16756162
1.5157,-0.15704003,0.17257857
1.5158,-0.15154262,0.17742527
1.5159,-0.1458957,0.18209691
1.516,-0.14010487,0.18658891
1.5161,-0.13417582,0.19089684
1.5161999,-0.1281144,0.19501643
1.5163,-0.12192661,0.19894363
1.5164,-0.11561852,0.20267455
1.5165,-0.10919639,0.20620553
1.5166,-0.10266653,0.20953308
1.5167,-0.096035391,0.21265391
1.5168,-0.089309521,0.21556495
1.5168999,-0.082495548,0.21826331
1.517,-0.075600192,0.22074637
1.5171,-0.068630263,0.22301163
1.5172,-0.061592631,0.22505689
1.5173,-0.054494243,0.22688012
1.5174,-0.047342099,0.22847952
1.5175,-0.040143259,0.22985353
1.5176001,-0.032904819,0.23100077
1.5177,-0.025633924,0.23192011
1.5178,-0.018337747,0.23261066
1.5179,-0.011023485,0.23307171
1.518,-0.0036983534,0.23330285
1.5181,0.0036304204,0.23330383
1.5182,0.010955607,0.23307464
1.5183001,0.018269978,0.2326155
1.5184,0.025566321,0.2319269
1.5185,0.032837436,0.23100948
1.5186,0.040076148,0.22986417
1.5187,0.047275316,0.22849208
1.5188,0.054427844,0.22689459
1.5189,0.061526667,0.22507325
1.5190001,0.068564788,0.22302988
1.5191,0.07553526,0.22076647
1.5192,0.082431212,0.21828528
1.5193,0.089245833,0.21558875
1.5194,0.095972404,0.21267952
1.5195,0.10260429,0.20956048
1.5196,0.10913495,0.20623471
1.5197001,0.11555793,0.20270549
1.5197999,0.12186691,0.19897628
1.5199,0.12805566,0.19505079
1.52,0.13411808,0.19093287
1.5201,0.14004818,0.1866266
1.5202,0.14584009,0.18213621
1.5203,0.15148814,0.17746614
1.5204,0.15698673,0.172621
1.5204999,0.16233045,0.16760556
1.5206,0.16751401,0.16242479
1.5207,0.17253232,0.15708378
1.5208,0.17738041,0.1515878
1.5209,0.18205351,0.14594229
1.521,0.186547,0.14015278
1.5211,0.19085644,0.13422504
1.5211999,0.1949776,0.12816487
1.5213,0.19890641,0.12197827
1.5214,0.20263897,0.11567134
1.5215,0.20617163,0.10925029
1.5216,0.20950089,0.10272148
1.5217,0.21262346,0.09609133
1.5218,0.21553628,0.089366391
1.5219001,0.21823645,0.082553297
1.522,0.22072133,0.075658761
1.5221,0.22298846,0.068689592
1.5222,0.22503559,0.061652664
1.5223,0.22686072,0.054554917
1.5224,0.22846204,0.047403358
1.5225,0.22983797,0.040205039
1.5226001,0.23098716,0.032967061
1.5227,0.23190847,0.025696566
1.5228,0.232601,0.018400727
1.5229,0.23306406,0.011086739
1.523,0.23329718,0.0037618198
1.5231,0.23330015,-0.0035668039
1.5232,0.23307297,-0.010891904
1.5233001,0.23261584,-0.018206252
1.5233999,0.23192924,-0.025502633
1.5235,0.23101383,-0.032773852
1.5236,0.22987051,-0.040012728
1.5237,0.22850043,-0.047212128
1.5238,0.22690491,-0.054364946
1.5239,0.22508556,-0.061464123
1.524,0.22304414,-0.068502657
1.5240999,0.22078268,-0.075473607
1.5242,0.21830343,-0.082370095
1.5243,0.21560881,-0.08918532
1.5244,0.21270148,-0.095912546
1.5245,0.20958431,-0.10254515
1.5246,0.2062604,-0.10907659
1.5247,0.202733,-0.11550041
1.5247999,0.19900559,-0.12181028
1.5249,0.19508186,-0.12799998
1.525,0.19096568,-0.13406339
1.5251,0.18666111,-0.13999455
1.5252,0.18217239,-0.14578758
1.5253,0.17750396,-0.15143679
1.5254,0.17266043,-0.1569366
1.5255001,0.16764654,-0.16228157
1.5256,0.16246729,-0.16746646
1.5257,0.15712775,-0.17248613
1.5258,0.15163322,-0.17733562
1.5259,0.14598909,-0.18201016
1.526,0.14020093,-0.18650514
1.5261,0.13427448,-0.19081612
1.5262001,0.12821555,-0.19493885
1.5263,0.12203015,-0.19886927
1.5264,0.11572437,-0.20260349
1.5265,0.10930442,-0.20613784
1.5266,0.10277665,-0.20946881
1.5267,0.096147478,-0.21259314
1.5268,0.08942347,-0.21550773
1.5269001,0.08261124,-0.21820973
1.527,0.075717524,-0.22069643
1.5271,0.068749107,-0.22296542
1.5272,0.06171288,-0.22501443
1.5273,0.054615773,-0.22684148
1.5274,0.047464792,-0.22844473
1.5275,0.040266987,-0.22982259
1.5276,0.033029467,-0.23097374
1.5276999,0.025759365,-0.23189703
1.5278,0.018463857,-0.23259152
1.5279,0.011150139,-0.23305658
1.528,0.0038254273,-0.2332917
1.5281,-0.0035030537,-0.23329668
1.5282,-0.010828073,-0.23307151
1.5283,-0.018142404,-0.23261639
1.5283999,-0.025438832,-0.23193179
1.5285,-0.032710157,-0.23101839
1.5286,-0.039949208,-0.22987708
1.5287,-0.047148846,-0.22850898
1.5288,-0.054301959,-0.22691546
1.5289,-0.061401498,-0.22509807
1.529,-0.06844046,-0.22305863
1.5290999,-0.075411893,-0.22079913
1.5292,-0.082308926,-0.2183218
1.5293,-0.089124754,-0.2156291
1.5294,-0.095852651,-0.21272367
1.5295,-0.10248598,-0.20960838
1.5296,-0.1090182,-0.20628631
1.5297,-0.11544286,-0.20276073
1.5298001,-0.12175363,-0.19903512
1.5299,-0.12794429,-0.19511317
1.53,-0.13400872,-0.19099873
1.5301,-0.13994093,-0.18669586
1.5302,-0.14573509,-0.18220882
1.5303,-0.15138547,-0.17754203
1.5304,-0.1568865,-0.17270008
1.5305001,-0.16223276,-0.16768777
1.5306,-0.16741894,-0.16251002
1.5307,-0.17243998,-0.15717196
1.5308,-0.17729089,-0.15167886
1.5309,-0.18196689,-0.14603612
1.531,-0.18646337,-0.14024931
1.5311,-0.19077589,-0.13432415
1.5312001,-0.1949002,-0.12826647
1.5312999,-0.19883224,-0.12208226
1.5314,-0.20256811,-0.11577761
1.5315,-0.20610416,-0.10935875
1.5316,-0.20943686,-0.10283201
1.5317,-0.21256295,-0.096203826
1.5318,-0.21547933,-0.089480743
1.5319,-0.21818313,-0.082669385
1.5319999,-0.22067168,-0.075776473
1.5321,-0.22294253,-0.068808816
1.5322,-0.22499344,-0.061773278
1.5323,-0.22682239,-0.054676805
1.5324,-0.22842756,-0.047526397
1.5325,-0.22980739,-0.040329106
1.5326,-0.23096049,-0.033092033
1.5326999,-0.23188575,-0.025822321
1.5328,-0.23258224,-0.018527139
1.5329,-0.23304929,-0.011213684
1.533,-0.23328643,-0.0038891716
1.5331,-0.2332934,0.0034391722
1.5332,-0.23307024,0.010764117
1.5333,-0.23261714,0.018078439
1.5334001,-0.23193456,0.025374919
1.5335,-0.23102316,0.032646362
1.5336,-0.22988386,0.039885592
1.5337,-0.22851777,0.047085471
1.5338,-0.22692624,0.054238889
1.5339,-0.22511083,0.061338797
1.534,-0.22307335,0.068378188
1.5341001,-0.22081581,0.075350113
1.5342,-0.21834041,0.082247697
1.5343,-0.21564963,0.089064144
1.5344,-0.2127461,0.095792711
1.5345,-0.20963268,0.10242677
1.5346,-0.20631246,0.10895979
1.5347,-0.20278871,0.1153853
1.5348001,-0.19906491,0.12169698
1.5349,-0.19514473,0.12788859
1.535,-0.19103202,0.13395405
1.5351,-0.18673086,0.13988733
1.5352,-0.18224549,0.14568262
1.5353,-0.17758033,0.15133417
1.5354,-0.17273998,0.15683644
1.5355,-0.16772923,0.16218396
1.5355999,-0.162553,0.16737148
1.5357,-0.15721641,0.17239389
1.5358,-0.15172474,0.17724621
1.5359,-0.14608338,0.18192369
1.536,-0.1402979,0.18642168
1.5361,-0.13437404,0.19073574
1.5362,-0.12831759,0.19486165
1.5362999,-0.12213458,0.19879532
1.5364,-0.11583107,0.20253286
1.5365,-0.1094133,0.20607059
1.5366,-0.10288759,0.20940502
1.5367,-0.096260384,0.21253288
1.5368,-0.089538217,0.21545105
1.5369,-0.082727723,0.21815668
1.5369999,-0.075835623,0.22064708
1.5371,-0.068868712,0.22291981
1.5372,-0.061833862,0.22497262
1.5373,-0.054738019,0.22680348
1.5374,-0.047588181,0.2284106
1.5375,-0.040391397,0.22979237
1.5376,-0.033154771,0.23094745
1.5377001,-0.02588544,0.23187469
1.5378,-0.018590579,0.23257318
1.5379,-0.011277381,0.23304223
1.538,-0.0039530643,0.23328136
1.5381,0.0033751484,0.23329036
1.5382,0.010700027,0.23306921
1.5383,0.018014343,0.23261814
1.5384001,0.025310883,0.23193757
1.5385,0.032582451,0.2310282
1.5386,0.039821867,0.2298909
1.5387,0.047021993,0.22852682
1.5388,0.054175727,0.22693728
1.5389,0.061276007,0.22512387
1.539,0.068315834,0.22308835
1.5391001,0.075288258,0.22083277
1.5391999,0.082186408,0.21835932
1.5393,0.089003474,0.21567045
1.5394,0.095732726,0.21276882
1.5395,0.10236753,0.2096573
1.5396,0.10890134,0.20633893
1.5397,0.11532772,0.20281701
1.5398,0.12164031,0.199095
1.5398999,0.1278329,0.19517659
1.54,0.13389938,0.19106562
1.5401,0.13983375,0.18676618
1.5402,0.14563017,0.18228248
1.5403,0.15128291,0.17761895
1.5404,0.1567864,0.1727802
1.5405,0.16213521,0.167771
1.5405999,0.16732408,0.1625963
1.5407,0.17234787,0.15726119
1.5408,0.17720163,0.15177093
1.5409,0.18188056,0.14613096
1.541,0.18638007,0.14034683
1.5411,0.1906957,0.13442424
1.5412,0.19482321,0.12836905
1.5413001,0.1987585,0.12218721
1.5414,0.20249772,0.11588485
1.5415,0.20603715,0.10946815
1.5416,0.20937333,0.10294347
1.5417,0.21250296,0.096317239
1.5418,0.21542293,0.089595996
1.5419,0.21813038,0.082786359
1.5420001,0.22062264,0.075895056
1.5421,0.22289725,0.06892889
1.5422,0.22495195,0.061894726
1.5423,0.22678475,0.054799501
1.5424,0.22839379,0.047650222
1.5425,0.22977753,0.040453941
1.5426,0.23093459,0.03321775
1.5427001,0.23186381,0.0259488
1.5427999,0.23256429,0.018654251
1.5429,0.23303534,0.011341305
1.543,0.2332765,0.0040171752
1.5431,0.23328751,-0.0033109132
1.5432,0.23306839,-0.010635731
1.5433,0.23261933,-0.017950051
1.5434,0.23194079,-0.025246657
1.5434999,0.23103343,-0.032518353
1.5436,0.22989814,-0.039757963
1.5437,0.22853605,-0.04695835
1.5438,0.22694851,-0.054112401
1.5439,0.22513708,-0.061213065
1.544,0.22310355,-0.068253338
1.5441,0.22084992,-0.07522627
1.5441999,0.21837841,-0.082124986
1.5443,0.21569146,-0.088942677
1.5444,0.21279174,-0.095672622
1.5445,0.20968209,-0.10230818
1.5446,0.20636559,-0.1088428
1.5447,0.20284548,-0.11527003
1.5448,0.19912528,-0.12158355
1.5448999,0.19520864,-0.12777711
1.545,0.19109941,-0.13384463
1.5451,0.18680166,-0.13978009
1.5452,0.18231964,-0.14557764
1.5453,0.17765774,-0.15123159
1.5454,0.17282058,-0.15673631
1.5455,0.16781294,-0.16208643
1.5456001,0.16263975,-0.16727664
1.5457,0.15730612,-0.17230181
1.5458,0.15181729,-0.177157
1.5459,0.14617869,-0.18183742
1.546,0.14039589,-0.18633845
1.5461,0.13447459,-0.19065565
1.5462,0.12842064,-0.19478475
1.5463001,0.12223998,-0.19872169
1.5464,0.11593875,-0.20246258
1.5465,0.10952313,-0.20600374
1.5466,0.10299948,-0.20934166
1.5467,0.096374214,-0.21247305
1.5468,0.089653879,-0.21539484
1.5469,0.082845099,-0.21810412
1.5470001,0.075954594,-0.22059825
1.5470999,0.068989165,-0.22287475
1.5472,0.061955675,-0.22493136
1.5473,0.054861072,-0.22676606
1.5474,0.047712352,-0.22837707
1.5475,0.040516563,-0.22976276
1.5476,0.033280808,-0.23092179
1.5477,0.026012227,-0.23185301
1.5477999,0.018717987,-0.23255549
1.5479,0.011405285,-0.23302856
1.548,0.0040813372,-0.23327172
1.5481,-0.0032466331,-0.23328477
1.5482,-0.010571396,-0.23306766
1.5483,-0.017885726,-0.23262063
1.5484,-0.025182405,-0.23194411
1.5484999,-0.032454237,-0.23103876
1.5486,-0.039694048,-0.2299055
1.5487,-0.046894696,-0.22854543
1.5488,-0.054049075,-0.22695988
1.5489,-0.06115013,-0.22515044
1.549,-0.06819085,-0.22311889
1.5491,-0.075164303,-0.2208672
1.5492001,-0.082063593,-0.21839765
1.5493,-0.088881917,-0.21571262
1.5494,-0.095612556,-0.21281479
1.5495,-0.10224887,-0.20970702
1.5496,-0.1087843,-0.20639236
1.5497,-0.11521241,-0.20287411
1.5498,-0.12152686,-0.1991557
1.5499001,-0.12772141,-0.19524083
1.55,-0.13378996,-0.19113334
1.5501,-0.13972652,-0.1868373
1.5502,-0.14552522,-0.18235694
1.5503,-0.15118036,-0.17769668
1.5504,-0.15668635,-0.17286111
1.5505,-0.16203776,-0.16785502
1.5506001,-0.16722932,-0.16268335
1.5506999,-0.17225589,-0.15735118
1.5508,-0.17711253,-0.15186377
1.5509,-0.18179443,-0.14622656
1.551,-0.18629698,-0.1404451
1.5511,-0.19061576,-0.13452508
1.5512,-0.19474646,-0.12847234
1.5513,-0.19868505,-0.12229288
1.5513999,-0.20242763,-0.11599276
1.5515,-0.2059705,-0.10957823
1.5516,-0.20931017,-0.10305559
1.5517,-0.21244335,-0.096431293
1.5518,-0.21536696,-0.089711867
1.5519,-0.21807808,-0.082903937
1.552,-0.22057407,-0.076014221
1.5520999,-0.22285245,-0.06904953
1.5522,-0.22491097,-0.062016711
1.5523,-0.22674763,-0.054922722
1.5524,-0.22836058,-0.04777455
1.5525,-0.22974823,-0.040579252
1.5526,-0.23090924,-0.033343926
1.5527,-0.23184246,-0.02607571
1.5528001,-0.23254696,-0.018781772
1.5529,-0.23302202,-0.01146931
1.553,-0.23326722,-0.0041455375
1.5531,-0.23328228,0.0031823211
1.5532,-0.2330672,0.010507036
1.5533,-0.23262221,0.017821381
1.5534,-0.23194771,0.025118141
1.5535001,-0.2310444,0.032390118
1.5536,-0.22991315,0.039630134
1.5537,-0.22855507,0.046831053
1.5538,-0.22697154,0.053985767
1.5539,-0.22516409,0.061087217
1.554,-0.2231345,0.0681284
1.5541,-0.22088479,0.075102367
1.5542001,-0.21841715,0.082002237
1.5543,-0.21573406,0.08882121
1.5544,-0.21283814,0.095552549
1.5545,-0.20973225,0.10218962
1.5546,-0.20641945,0.10872588
1.5547,-0.20290302,0.11515487
1.5548,-0.19918641,0.12147026
1.5549001,-0.1952733,0.1276658
1.5549999,-0.19116755,0.1337354
1.5551,-0.18687321,0.13967305
1.5552,-0.18239452,0.14547291
1.5553,-0.17773589,0.15112926
1.5554,-0.17290193,0.15663652
1.5555,-0.16789739,0.16198924
1.5556,-0.16272722,0.16718215
1.5556999,-0.15739651,0.17221013
1.5558,-0.15191053,0.1770682
1.5559,-0.1462747,0.18175161
1.556,-0.14049456,0.18625569
1.5561,-0.13457581,0.19057603
1.5562,-0.12852432,0.19470836
1.5563,-0.12234602,0.1986486
1.5563999,-0.11604704,0.20239288
1.5565,-0.10963357,0.20593747
1.5566,-0.10311195,0.2092789
1.5567,-0.09648861,0.21241388
1.5568,-0.089770086,0.21533929
1.5569,-0.082963005,0.21805225
1.557,-0.076074079,0.22055012
1.5571001,-0.06911011,0.2228304
1.5572,-0.062077962,0.22489084
1.5573,-0.054984577,0.22672942
1.5574,-0.047836952,0.22834434
1.5575,-0.040642139,0.22973397
1.5576,-0.033407234,0.23089696
1.5577,-0.026139377,0.23183218
1.5578001,-0.018845735,0.23253867
1.5579,-0.011533506,0.23301576
1.558,-0.0042099026,0.23326299
1.5581,0.003117851,0.23328008
1.5582,0.010442524,0.23306704
1.5583,0.017756892,0.23262405
1.5584,0.02505374,0.23195159
1.5585001,0.032325864,0.2310503
1.5585999,0.039566096,0.22992107
1.5587,0.046767294,0.22856502
1.5588,0.053922348,0.22698349
1.5589,0.0610242,0.22517802
1.559,0.068065852,0.22315042
1.5591,0.075040348,0.22090267
1.5592,0.081940807,0.21843699
1.5592999,0.088760428,0.21575581
1.5594,0.095492482,0.21286179
1.5595,0.10213033,0.20975778
1.5596,0.10866741,0.20644684
1.5597,0.11509729,0.20293222
1.5598,0.12141362,0.19921742
1.5599,0.12761016,0.19530608
1.5599999,0.13368082,0.19120207
1.5601,0.13961959,0.18690944
1.5602,0.14542061,0.18243241
1.5603,0.15107818,0.17777541
1.5604,0.15658669,0.17294304
1.5605,0.16194072,0.16794005
1.5606,0.167135,0.16277139
1.5607001,0.1721644,0.15744214
1.5608,0.17702393,0.15195759
1.5609,0.18170883,0.14632311
1.561,0.18621446,0.1405443
1.5611,0.19053638,0.13462684
1.5612,0.19467033,0.12857656
1.5613,0.19861224,0.12239944
1.5614001,0.2023582,0.11610158
1.5615,0.20590453,0.10968918
1.5616,0.20924772,0.10316857
1.5617,0.21238449,0.096546188
1.5618,0.21531174,0.089828558
1.5619,0.21802656,0.083022319
1.562,0.22052629,0.076134175
1.5621001,0.22280847,0.069170922
1.5622,0.22487085,0.062139444
1.5623,0.22671136,0.055046659
1.5624,0.22832824,0.047899574
1.5625,0.22971985,0.040705241
1.5626,0.23088484,0.03347075
1.5627,0.23182206,0.026203247
1.5628,0.23253056,0.018909894
1.5628999,0.23300968,0.011597891
1.563,0.23325892,0.0042744493
1.5631,0.23327805,-0.0030532053
1.5632,0.23306704,-0.010377845
1.5633,0.2326261,-0.017692242
1.5634,0.23195566,-0.024989182
1.5635,0.23105641,-0.032261465
1.5635999,0.22992919,-0.03950192
1.5637,0.22857517,-0.046703402
1.5638,0.22699563,-0.053858802
1.5639,0.22519216,-0.060961068
1.564,0.22316653,-0.068003193
1.5641,0.22092074,-0.074978225
1.5642,0.21845701,-0.081879281
1.5642999,0.21577777,-0.088699564
1.5644,0.21288565,-0.095432334
1.5645,0.20978352,-0.10207096
1.5646,0.20647444,-0.10860888
1.5647,0.20296165,-0.11503965
1.5648,0.19924864,-0.12135693
1.5649,0.19533908,-0.12755449
1.5650001,0.19123681,-0.13362621
1.5651,0.18694587,-0.13956609
1.5652,0.18247052,-0.14536829
1.5653,0.17781514,-0.15102708
1.5654,0.17298435,-0.15653686
1.5655,0.16798291,-0.16189222
1.5656,0.16281575,-0.16708787
1.5657001,0.15748797,-0.17211868
1.5658,0.15200484,-0.17697968
1.5659,0.14637174,-0.18166608
1.566,0.14059424,-0.18617326
1.5661,0.13467805,-0.19049679
1.5662,0.128629,-0.19463237
1.5663,0.12245305,-0.19857593
1.5664001,0.11615629,-0.2023236
1.5664999,0.10974496,-0.20587167
1.5666,0.10322536,-0.20921664
1.5667,0.09660393,-0.2123552
1.5668,0.089887194,-0.21528427
1.5669,0.083081789,-0.21800095
1.567,0.076194428,-0.22050257
1.5671,0.069231898,-0.22278666
1.5671999,0.062201068,-0.22485095
1.5673,0.055108882,-0.22669344
1.5674,0.047962334,-0.22831227
1.5675,0.040768471,-0.22970587
1.5676,0.033534393,-0.23087285
1.5677,0.026267232,-0.23181207
1.5678,0.018974165,-0.23252261
1.5678999,0.011662382,-0.23300374
1.568,0.0043390957,-0.23325501
1.5681,-0.002988467,-0.23327617
1.5682,-0.010313079,-0.2330672
1.5683,-0.017627513,-0.2326283
1.5684,-0.024924552,-0.23195991
1.5685,-0.032197002,-0.23106268
1.5686001,-0.039437685,-0.22993751
1.5687,-0.046639457,-0.22858548
1.5688,-0.053795215,-0.22700796
1.5689,-0.060897898,-0.22520648
1.569,-0.067940503,-0.22318284
1.5691,-0.074916072,-0.22093901
1.5692,-0.081817739,-0.21847723
1.5693001,-0.088638686,-0.21579991
1.5694,-0.095372185,-0.2129097
1.5695,-0.10201159,-0.20980945
1.5696,-0.10855036,-0.20650221
1.5697,-0.11498204,-0.20299126
1.5698,-0.12130028,-0.19928007
1.5699,-0.12749885,-0.19537225
1.5700001,-0.13357164,-0.19127172
1.5700999,-0.13951264,-0.18698248
1.5702,-0.14531602,-0.1825088
1.5703,-0.15097605,-0.17785504
1.5704,-0.15648711,-0.17302585
1.5705,-0.16184381,-0.16802596
1.5706,-0.16704082,-0.1628603
1.5707,-0.17207305,-0.15753399
1.5707999,-0.17693552,-0.15205225
1.5709,-0.18162344,-0.14642052
1.571,-0.18613218,-0.14064434
1.5711,-0.1904573,-0.13472943
1.5712,-0.19459452,-0.12868159
1.5713,-0.19853976,-0.12250681
1.5714,-0.20228913,-0.11621118
1.5714999,-0.20583895,-0.1098009
1.5716,-0.20918569,-0.1032823
1.5717,-0.21232606,-0.096661814
1.5718,-0.21525697,-0.089945972
1.5719,-0.21797551,-0.083141394
1.572,-0.22047903,-0.076254807
1.5721,-0.22276503,-0.069292985
1.5721999,-0.22483125,-0.062262814
1.5723,-0.22667569,-0.055171218
1.5724,-0.22829649,-0.048025198
1.5725,-0.22969207,-0.040831801
1.5726,-0.23086105,-0.033598129
1.5727,-0.2318023,-0.026331311
1.5728,-0.23251484,-0.019038521
1.5729001,-0.23299801,-0.01172695
1.573,-0.23325133,-0.0044038147
1.5731,-0.23327453,0.0029236628
1.5732,-0.2330676,0.010248253
1.5733,-0.23263074,0.01756273
1.5734,-0.23196438,0.024859877
1.5735,-0.23106919,0.032132495
1.5736001,-0.22994603,0.039373413
1.5737,-0.22859603,0.046575487
1.5738,-0.22702052,0.053731605
1.5739,-0.22522104,0.060834713
1.574,-0.22319938,0.067877807
1.5741,-0.22095752,0.074853934
1.5742,-0.21849769,0.081756212
1.5743001,-0.21582229,0.088577829
1.5743999,-0.21293399,0.095312059
1.5745,-0.20983563,0.10195226
1.5746,-0.20653024,0.10849188
1.5747,-0.20302112,0.11492447
1.5748,-0.19931172,0.12124367
1.5749,-0.19540569,0.12744327
1.575,-0.19130689,0.13351713
1.5750999,-0.18701935,0.13945928
1.5752,-0.18254732,0.14526384
1.5753,-0.1778952,0.1509251
1.5754,-0.17306758,0.15643746
1.5755,-0.16806923,0.16179548
1.5756,-0.16290508,0.16699389
1.5757,-0.15758023,0.17202754
1.5757999,-0.15209991,0.17689149
1.5759,-0.14646953,0.18158093
1.576,-0.14069468,0.18609124
1.5761,-0.13478102,0.19041796
1.5762,-0.12873439,0.19455682
1.5763,-0.12256078,0.19850375
1.5764,-0.11626626,0.20225483
1.5765001,-0.10985704,0.20580639
1.5766,-0.10333943,0.20915492
1.5767,-0.096719891,0.21229711
1.5768,-0.090004936,0.21522985
1.5769,-0.083201185,0.21795027
1.577,-0.076315366,0.22045568
1.5771,-0.069354251,0.22274359
1.5772001,-0.062324725,0.22481176
1.5773,-0.055233717,0.22665815
1.5774,-0.048088219,0.22828093
1.5775,-0.040895283,0.22967851
1.5776,-0.033662006,0.23084949
1.5777,-0.026395526,0.23179275
1.5778,-0.019103006,0.23250732
1.5779001,-0.011791645,0.23299253
1.5779999,-0.0044686515,0.23324788
1.5781,0.002858747,0.23327312
1.5782,0.010183322,0.23306824
1.5783,0.017497849,0.23263343
1.5784,0.024795111,0.2319691
1.5785,0.03206791,0.23107594
1.5786,0.03930907,0.22995482
1.5786999,0.046511445,0.22860685
1.5788,0.053667936,0.22703335
1.5789,0.060771476,0.22523586
1.579,0.067815065,0.22321619
1.5791,0.074791744,0.22097629
1.5792,0.08169464,0.21851841
1.5793,0.088516943,0.21584494
1.5793999,0.095251918,0.21295856
1.5795,0.10189292,0.20986207
1.5796,0.1084334,0.20655854
1.5797,0.1148669,0.20305125
1.5798,0.12118708,0.19934364
1.5799,0.1273877,0.19543938
1.58,0.13346265,0.19134231
1.5801001,0.13940595,0.18705647
1.5802,0.1452117,0.1825861
1.5803,0.1508742,0.1779356
1.5804,0.15638785,0.17310958
1.5805,0.16174722,0.16811277
1.5806,0.16694702,0.16295011
1.5807,0.17198212,0.1576267
1.5808001,0.17684755,0.1521478
1.5809,0.18153852,0.1465188
1.581,0.18605039,0.14074525
1.5811,0.19037873,0.13483286
1.5812,0.19451924,0.12878744
1.5813,0.19846784,0.12261499
1.5814,0.20222066,0.11632156
1.5815001,0.20577398,0.10991339
1.5816,0.20912428,0.10339679
1.5817,0.21226829,0.096778184
1.5818,0.2152029,0.090064101
1.5819,0.21792518,0.083261177
1.582,0.22043249,0.076376118
1.5821,0.22272232,0.069415711
1.5822001,0.22479244,0.062386822
1.5822999,0.22664079,0.055296391
1.5824,0.22826555,0.048151411
1.5825,0.22966512,0.040958934
1.5826,0.23083812,0.033726048
1.5827,0.23178339,0.026459895
1.5828,0.2325,0.019167639
1.5829,0.23298724,0.011856479
1.5829999,0.23324463,0.0045336219
1.5831,0.23327193,-0.0027937039
1.5832,0.23306909,-0.010118271
1.5833,0.23263632,-0.017432855
1.5834,0.23197405,-0.024730237
1.5835,0.23108293,-0.03200322
1.5836,0.22996384,-0.039244629
1.5836999,0.22861788,-0.046447322
1.5838,0.22704639,-0.053604189
1.5839,0.22525091,-0.060708169
1.584,0.22323322,-0.067752257
1.5841,0.22099529,-0.07472951
1.5842,0.21853936,-0.081633031
1.5843,0.21586783,-0.08845602
1.5844001,0.21298334,-0.095191739
1.5845,0.20988874,-0.10183355
1.5846,0.20658708,-0.10837489
1.5847,0.20308161,-0.11480933
1.5848,0.19937579,-0.12113049
1.5849,0.1954733,-0.12733215
1.585,0.19137795,-0.13340819
1.5851001,0.18709382,-0.13935263
1.5852,0.1826251,-0.14515959
1.5853,0.17797624,-0.15082334
1.5854,0.17315179,-0.15633829
1.5855,0.16815652,-0.16169901
1.5856,0.16299537,-0.1669002
1.5857,0.1576734,-0.17193675
1.5858001,0.1521959,-0.17680368
1.5858999,0.14656825,-0.18149619
1.586,0.14079602,-0.18600963
1.5861,0.13488488,-0.19033958
1.5862,0.12884068,-0.19448175
1.5863,0.12266938,-0.19843204
1.5864,0.11637706,-0.20218658
1.5865,0.10996993,-0.20574167
1.5865999,0.10345432,-0.20909378
1.5867,0.096836649,-0.21223961
1.5868,0.090123445,-0.21517606
1.5869,0.083321333,-0.21790023
1.587,0.076437026,-0.22040944
1.5871,0.06947732,-0.22270121
1.5872,0.062449068,-0.22477326
1.5872999,0.055359211,-0.22662358
1.5874,0.048214745,-0.22825032
1.5875,0.041022714,-0.2296519
1.5876,0.033790216,-0.23082691
1.5877,0.026524384,-0.23177421
1.5878,0.019232387,-0.23249285
1.5879,0.01192142,-0.23298213
1.5880001,0.0045986939,-0.23324157
1.5881,-0.0027285668,-0.23327091
1.5882,-0.010053134,-0.23307012
1.5883,-0.01736778,-0.2326394
1.5884,-0.02466529,-0.23197918
1.5885,-0.031938467,-0.2310901
1.5886,-0.039180133,-0.22997305
1.5887001,-0.046383142,-0.22862913
1.5888,-0.053540394,-0.22705965
1.5889,-0.060644824,-0.22526617
1.589,-0.067689426,-0.22325046
1.5891,-0.074667245,-0.22101451
1.5892,-0.0815714,-0.21856052
1.5893,-0.088395081,-0.21589091
1.5894001,-0.095131561,-0.21300833
1.5895,-0.10177419,-0.20991561
1.5896,-0.10831641,-0.20661581
1.5897,-0.11475176,-0.20311217
1.5898,-0.12107392,-0.19940816
1.5899,-0.12727663,-0.19550742
1.59,-0.13335377,-0.1914138
1.5901,-0.13929936,-0.18713138
1.5901999,-0.14510752,-0.18266432
1.5903,-0.15077253,-0.17801706
1.5904,-0.1562888,-0.1731942
1.5905,-0.16165088,-0.16820046
1.5906,-0.16685349,-0.1630408
1.5907,-0.17189148,-0.1577203
1.5908,-0.1767599,-0.1522442
1.5908999,-0.18145394,-0.1466179
1.591,-0.18596898,-0.14084698
1.5911,-0.19030054,-0.13493709
1.5912,-0.19444437,-0.12889411
1.5913,-0.19839637,-0.12272394
1.5914,-0.20215265,-0.11643272
1.5915,-0.2057095,-0.11002664
1.5915999,-0.20906341,-0.10351201
1.5917,-0.21221107,-0.096895263
1.5918,-0.21514939,-0.090182938
1.5919,-0.21787544,-0.083381638
1.592,-0.22038655,-0.076498084
1.5921,-0.22268026,-0.069539063
1.5922,-0.22475427,-0.062511444
1.5923001,-0.22660656,-0.055422153
1.5924,-0.2282353,-0.048278194
1.5925,-0.22963887,-0.041086607
1.5926,-0.2308159,-0.033854488
1.5927,-0.23176523,-0.026588973
1.5928,-0.23248591,-0.019297229
1.5929,-0.23297724,-0.011986449
1.5930001,-0.23323873,-0.0046638465
1.5931,-0.23327011,0.0026633553
1.5932,-0.23307139,0.009987927
1.5933,-0.23264271,0.017302645
1.5934,-0.23198454,0.02460029
1.5935,-0.2310975,0.031873666
1.5936,-0.22998248,0.039115597
1.5937001,-0.22864059,0.046318933
1.5937999,-0.22707312,0.053476576
1.5939,-0.22528166,0.060581461
1.594,-0.22326793,0.067626581
1.5941,-0.22103395,0.074604981
1.5942,-0.21858191,0.081509776
1.5943,-0.21591425,0.088334158
1.5944,-0.21303357,0.095071398
1.5944999,-0.20994273,0.10171485
1.5946,-0.20664477,0.10825795
1.5947,-0.20314296,0.11469425
1.5948,-0.19944075,0.1210174
1.5949,-0.19554177,0.12722117
1.595,-0.1914499,0.13329941
1.5951,-0.18716915,0.13924617
1.5951999,-0.18270375,0.14505553
1.5953,-0.17805812,0.15072182
1.5954,-0.17323683,0.15623939
1.5955,-0.16824463,0.16160284
1.5956,-0.16308646,0.16680686
1.5957,-0.1577674,0.17184632
1.5958,-0.1522927,0.17671624
1.5959001,-0.14666776,0.18141183
1.596,-0.14089814,0.18592845
1.5961,-0.1349895,0.19026165
1.5962,-0.12894771,0.19440715
1.5963,-0.1227787,0.19836086
1.5964,-0.11648857,0.20211887
1.5965,-0.11008352,0.20567749
1.5966001,-0.10356988,0.20903321
1.5967,-0.096954055,0.2121827
1.5968,-0.090242594,0.21512288
1.5969,-0.083442099,0.21785083
1.597,-0.07655929,0.22036386
1.5971,-0.069600962,0.2226595
1.5972,-0.062573962,0.22473547
1.5973001,-0.055485237,0.22658974
1.5974,-0.048341777,0.22822046
1.5975,-0.041150626,0.22962606
1.5976,-0.03391888,0.2308051
1.5977,-0.026653677,0.23175646
1.5978,-0.019362178,0.23247918
1.5979,-0.01205158,0.23297256
1.598,-0.0047290944,0.2332361
1.5980999,0.0025980549,0.23326954
1.5982,0.0099226395,0.23307286
1.5983,0.017237434,0.23264626
1.5984,0.024535222,0.23199013
1.5985,0.031808805,0.23110515
1.5986,0.039051004,0.22999217
1.5987,0.046254676,0.2286523
1.5987999,0.053412717,0.22708684
1.5989,0.060518064,0.22529738
1.599,0.067563705,0.22328565
1.5991,0.074542694,0.22105363
1.5992,0.081448138,0.21860355
1.5993,0.088273235,0.21593781
1.5994,0.095011242,0.21305904
1.5994999,0.10165552,0.20997009
1.5996,0.10819951,0.20667398
1.5997,0.11463676,0.203174
1.5998,0.12096091,0.19947357
1.5999,0.12716573,0.19557637
1.6,0.1332451,0.19148621
1.6001,0.13919301,0.18720716
1.6002001,0.14500362,0.18274343
1.6003,0.15067117,0.17809941
1.6004,0.15619007,0.17327969
1.6005,0.16155489,0.16828902
1.6006,0.16676033,0.16313234
1.6007,0.17180125,0.15781473
1.6008,0.17667268,0.15234143
1.6009001,0.18136983,0.14671783
1.601,0.18588804,0.1409495
1.6011,0.19022287,0.13504213
1.6012,0.19437005,0.12900153
1.6013,0.19832547,0.12283366
1.6014,0.20208523,0.11654462
1.6015,0.20564564,0.1101406
1.6016001,0.20900317,0.10362793
1.6016999,0.21215449,0.097013026
1.6018,0.21509655,0.090302423
1.6019,0.21782638,0.083502732
1.602,0.22034134,0.076620668
1.6021,0.22263892,0.069663011
1.6022,0.22471686,0.062636636
1.6023,0.22657311,0.05554847
1.6023999,0.22820583,0.048405502
1.6025,0.22961342,0.041214783
1.6026,0.2307945,0.033983406
1.6027,0.2317479,0.026718503
1.6028,0.23247266,0.019427244
1.6029,0.23296809,0.012116821
1.603,0.23323369,0.0047944454
1.6030999,0.2332692,-0.0025326586
1.6032,0.23307458,-0.0098572634
1.6033,0.23265001,-0.017172141
1.6034,0.23199594,-0.024470078
1.6035,0.231113,-0.031743873
1.6036,0.23000206,-0.038986351
1.6037,0.22866422,-0.046190366
1.6038001,0.2271008,-0.053348813
1.6039,0.22531334,-0.060454629
1.604,0.22330359,-0.0675008
1.6041,0.22107355,-0.074480385
1.6042,0.21862543,-0.081386484
1.6043,0.21596161,-0.088212296
1.6044,0.21308474,-0.094951086
1.6045001,0.20999767,-0.1015962
1.6046,0.20670342,-0.10814109
1.6047,0.20320526,-0.11457929
1.6048,0.19950664,-0.12090445
1.6049,0.19561119,-0.12711035
1.605,0.19152276,-0.13319083
1.6051,0.1872454,-0.13913992
1.6052001,0.18278332,-0.14495175
1.6052999,0.17814091,-0.15062058
1.6054,0.17332277,-0.1561408
1.6055,0.16833363,-0.16150701
1.6056,0.16317844,-0.16671388
1.6057,0.15786226,-0.17175627
1.6058,0.15239036,-0.17662923
1.6059,0.14676811,-0.18132792
1.6059999,0.14100108,-0.18584774
1.6061,0.13509494,-0.19018422
1.6062,0.12905553,-0.19433308
1.6063,0.1228888,-0.19829021
1.6064,0.11660085,-0.20205173
1.6065,0.11019786,-0.20561391
1.6066,0.10368616,-0.20897326
1.6066999,0.097072169,-0.21212645
1.6068,0.090362422,-0.21507037
1.6069,0.083563529,-0.21780211
1.607,0.076682195,-0.22031899
1.6071,0.069725215,-0.22261851
1.6072,0.062699452,-0.22469841
1.6073,0.055611834,-0.22655664
1.6073999,0.048469357,-0.22819138
1.6075,0.041279063,-0.229601
1.6076,0.034048047,-0.2307841
1.6077,0.026783442,-0.23173954
1.6078,0.019492416,-0.23246634
1.6079,0.01218216,-0.23296383
1.608,0.004859888,-0.23323148
1.6081001,-0.0024671776,-0.23326905
1.6082,-0.0097918082,-0.23307648
1.6083,-0.017106779,-0.23265399
1.6084,-0.02440487,-0.23200198
1.6085,-0.031678885,-0.23112108
1.6086,-0.03892165,-0.23001219
1.6087,-0.046126012,-0.22867638
1.6088001,-0.053284872,-0.22711498
1.6089,-0.060391165,-0.2253295
1.609,-0.06743788,-0.22332175
1.6091,-0.07441806,-0.22109368
1.6092,-0.081324823,-0.21864751
1.6093,-0.088151366,-0.21598563
1.6094,-0.094890937,-0.21311067
1.6095001,-0.10153689,-0.21002547
1.6095999,-0.10808268,-0.20673309
1.6097,-0.11452185,-0.20323676
1.6098,-0.12084803,-0.19953991
1.6099,-0.12705499,-0.19564623
1.61,-0.13313662,-0.19155954
1.6101,-0.13908689,-0.18728386
1.6102,-0.14489995,-0.18282342
1.6102999,-0.15057006,-0.17818263
1.6104,-0.15609163,-0.17336605
1.6105,-0.16145922,-0.16837846
1.6106,-0.16666752,-0.16322474
1.6107,-0.17171139,-0.15791
1.6108,-0.17658587,-0.15243949
1.6109,-0.18128614,-0.14681858
1.6109999,-0.18580757,-0.14105283
1.6111,-0.19014569,-0.13514794
1.6112,-0.19429623,-0.12910971
1.6113,-0.19825509,-0.12294412
1.6114,-0.20201837,-0.11665724
1.6115,-0.20558234,-0.11025528
1.6116,-0.20894352,-0.10374455
1.6117001,-0.21209855,-0.097131468
1.6118,-0.21504435,-0.090422571
1.6119,-0.217778,-0.083624467
1.612,-0.2202968,-0.076743864
1.6121,-0.22259827,-0.069787554
1.6122,-0.22468016,-0.062762402
1.6123,-0.22654037,-0.055675328
1.6124001,-0.22817712,-0.048533332
1.6125,-0.22958875,-0.041343454
1.6126,-0.2307739,-0.034112792
1.6127,-0.23173137,-0.026848478
1.6128,-0.23246023,-0.019557679
1.6129,-0.23295976,-0.012247585
1.613,-0.23322949,-0.0049254098
1.6131001,-0.23326911,0.0024016241
1.6131999,-0.23307861,0.0097262878
1.6133,-0.23265818,0.017041355
1.6134,-0.23200822,0.024339611
1.6135,-0.23112938,0.031613853
1.6136,-0.23002253,0.038856909
1.6137,-0.22868875,0.046061631
1.6138,-0.22712937,0.053220909
1.6138999,-0.22534591,0.060327683
1.614,-0.22334015,0.067374945
1.6141,-0.22111405,0.074355736
1.6142,-0.21866983,0.08126317
1.6143,-0.21600989,0.088090442
1.6144,-0.21313684,0.094830804
1.6145,-0.21005352,0.10147762
1.6145999,-0.20676298,0.10802431
1.6147,-0.20326847,0.11446445
1.6148,-0.19957341,0.12079166
1.6149,-0.1956815,0.12699971
1.615,-0.19159652,0.13308245
1.6151,-0.18732253,0.13903393
1.6152,-0.18286374,0.14484823
1.6153001,-0.17822456,0.15051964
1.6154,-0.17340955,0.15604255
1.6155,-0.16842347,0.16141152
1.6156,-0.16327125,0.16662127
1.6157,-0.15795794,0.17166662
1.6158,-0.15248881,0.17654262
1.6159,-0.14686924,0.18124448
1.6160001,-0.14110479,0.18576752
1.6161,-0.13520113,0.1901073
1.6162,-0.12916408,0.19425952
1.6163,-0.12299962,0.19822012
1.6164,-0.11671382,0.20198515
1.6165,-0.11031287,0.20555092
1.6166,-0.10380311,0.20891392
1.6167001,-0.097190931,0.21207082
1.6168,-0.090482876,0.2150185
1.6169,-0.083685555,0.21775407
1.617,-0.076805681,0.22027479
1.6171,-0.069850028,0.22257823
1.6172,-0.062825479,0.22466208
1.6173,-0.055738941,0.22652431
1.6174001,-0.048597421,0.22816305
1.6174999,-0.041407958,0.22957671
1.6176,-0.034177646,0.23076388
1.6177,-0.026913615,0.23172341
1.6178,-0.019623034,0.23245433
1.6179,-0.012313096,0.23295592
1.618,-0.0049910103,0.2332277
1.6181,0.002335998,0.23326939
1.6181999,0.0096607022,0.23308097
1.6183,0.016975874,0.2326626
1.6184,0.024274301,0.2320147
1.6185,0.031548779,0.23113792
1.6186,0.038792133,0.2300331
1.6187,0.045997217,0.22870135
1.6188,0.053156924,0.227144
1.6188999,0.060264189,0.22536255
1.619,0.067312002,0.22335878
1.6191,0.074293412,0.22113466
1.6192,0.081201524,0.21869238
1.6193,0.088029534,0.21603437
1.6194,0.0947707,0.21316321
1.6195,0.10141837,0.21008179
1.6196001,0.10796598,0.2067931
1.6197,0.11440709,0.2033004
1.6198,0.12073533,0.19960715
1.6199,0.12694447,0.19571698
1.62,0.13302836,0.19163373
1.6201,0.13898103,0.18736142
1.6202,0.14479658,0.18290429
1.6203001,0.15046929,0.1782667
1.6204,0.15599355,0.17345327
1.6205,0.16136393,0.16846871
1.6206,0.1665751,0.16331795
1.6207,0.17162196,0.15800609
1.6208,0.17649952,0.15253833
1.6209,0.18120293,0.1469201
1.6210001,0.1857276,0.14115693
1.6210999,0.19006903,0.1352545
1.6212,0.19422296,0.12921864
1.6213,0.19818528,0.1230553
1.6214,0.20195208,0.11677057
1.6215,0.20551968,0.11037064
1.6216,0.20888449,0.10386182
1.6217,0.21204326,0.097250544
1.6217999,0.21499282,0.09054333
1.6219,0.2177303,0.083746791
1.622,0.22025298,0.076867633
1.6221,0.22255838,0.069912642
1.6222,0.22464421,0.062888682
1.6223,0.22650842,0.055802681
1.6224,0.22814919,0.048661631
1.6224999,0.22956488,0.041472573
1.6226,0.23075409,0.0342426
1.6227,0.23171565,0.02697885
1.6228,0.23244864,0.019688483
1.6229,0.2329523,0.012378693
1.623,0.23322614,0.0050566904
1.6231,0.2332699,-0.0022703004
1.6232001,0.23308355,-0.0095950514
1.6233,0.23266724,-0.016910337
1.6234,0.23202139,-0.024208939
1.6235,0.23114666,-0.031483658
1.6236,0.2300439,-0.038727317
1.6237,0.2287142,-0.045932774
1.6238,0.22715886,-0.053092916
1.6239001,0.22537941,-0.060200676
1.624,0.22337763,-0.067249052
1.6241,0.22115548,-0.074231081
1.6242,0.21871516,-0.081139885
1.6243,0.21605907,-0.08796864
1.6244,0.21318983,-0.094710611
1.6245,0.21011028,-0.10135914
1.6246001,0.20682344,-0.10790769
1.6247,0.20333257,-0.11434978
1.6248,0.19964111,-0.12067906
1.6249,0.19575268,-0.12688929
1.625,0.19167116,-0.13297433
1.6251,0.18740053,-0.1389282
1.6252,0.18294504,-0.14474501
1.6253,0.17830907,-0.15041903
1.6253999,0.17349719,-0.15594465
1.6255,0.16851415,-0.16131642
1.6256,0.16336487,-0.16652906
1.6257,0.15805443,-0.17157742
1.6258,0.15258805,-0.17645651
1.6259,0.14697115,-0.18116151
1.626,0.14120926,-0.1856878
1.6260999,0.13530806,-0.1900309
1.6262,0.12927337,-0.19418654
1.6263,0.12311115,-0.1981506
1.6264,0.11682749,-0.20191918
1.6265,0.11042856,-0.20548856
1.6266,0.1039207,-0.20885523
1.6267,0.09731032,-0.21201585
1.6267999,0.090603933,-0.21496733
1.6269,0.083808169,-0.21770671
1.627,0.076929726,-0.22023134
1.6271,0.069975384,-0.22253869
1.6272,0.062952019,-0.22462651
1.6273,0.055866543,-0.22649273
1.6274,0.048725955,-0.22813551
1.6275001,0.041537296,-0.22955324
1.6276,0.034307662,-0.23074448
1.6277,0.027044181,-0.23170811
1.6278,0.01975402,-0.23244315
1.6279,0.012444371,-0.23294887
1.628,0.0051224455,-0.23322479
1.6281,-0.0022045341,-0.23327063
1.6282001,-0.0095293391,-0.23308633
1.6283,-0.016844742,-0.2326721
1.6284,-0.02414353,-0.23202832
1.6285,-0.031418499,-0.23115563
1.6286,-0.038662471,-0.23005491
1.6287,-0.045868304,-0.22872725
1.6288,-0.053028885,-0.22717394
1.6289001,-0.060137156,-0.2253965
1.6289999,-0.067186095,-0.22339672
1.6291,-0.074168757,-0.22117653
1.6292,-0.081078254,-0.21873817
1.6293,-0.087907761,-0.216084
1.6294,-0.094650544,-0.21321666
1.6295,-0.10129996,-0.21013899
1.6296,-0.10784943,-0.206854
1.6296999,-0.11429251,-0.20336495
1.6298,-0.12062284,-0.19967528
1.6299,-0.12683417,-0.19578861
1.63,-0.13292037,-0.1917088
1.6301,-0.13887544,-0.18743986
1.6302,-0.14469352,-0.18298601
1.6303,-0.15036885,-0.17835164
1.6303999,-0.15589583,-0.17354132
1.6305,-0.16126902,-0.16855979
1.6306,-0.16648312,-0.16341197
1.6307,-0.17153299,-0.15810296
1.6308,-0.17641363,-0.15263796
1.6309,-0.18112022,-0.14702238
1.631,-0.18564814,-0.14126177
1.6311001,-0.18999292,-0.13536179
1.6312,-0.19415025,-0.12932828
1.6313,-0.19811606,-0.12316717
1.6314,-0.20188643,-0.11688457
1.6315,-0.20545763,-0.11048665
1.6316,-0.20882614,-0.10397973
1.6317,-0.21198863,-0.097370237
1.6318001,-0.21494199,-0.090664685
1.6319,-0.21768332,-0.083869688
1.632,-0.22020988,-0.076991953
1.6321,-0.2225192,-0.070038259
1.6322,-0.22460902,-0.063015468
1.6323,-0.22647724,-0.055930518
1.6324,-0.22812204,-0.048790388
1.6325001,-0.22954179,-0.041602124
1.6325999,-0.23073509,-0.034372818
1.6327,-0.23170078,-0.027109601
1.6328,-0.23243788,-0.01981964
1.6329,-0.23294567,-0.012510126
1.633,-0.23322366,-0.0051882695
1.6331,-0.23327157,0.0021387055
1.6332,-0.23308934,0.009463571
1.6332999,-0.23267718,0.016779101
1.6334,-0.23203546,0.024078079
1.6335,-0.23116484,0.031353302
1.6336,-0.23006617,0.038597599
1.6337,-0.22874053,0.045803815
1.6338,-0.22718924,0.052964848
1.6339,-0.22541381,0.060073629
1.6339999,-0.22341602,0.067123145
1.6341,-0.22119781,0.074106447
1.6342,-0.2187614,0.081016637
1.6343,-0.21610916,0.087846905
1.6344,-0.21324372,0.094590507
1.6345,-0.21016793,0.1012408
1.6346,-0.20688479,0.10779122
1.6346999,-0.20339756,0.11423529
1.6348,-0.19970967,0.12056667
1.6349,-0.19582476,0.12677911
1.635,-0.19174665,0.13286649
1.6351,-0.18747939,0.13882278
1.6352,-0.18302718,0.14464211
1.6353,-0.17839441,0.15031877
1.6354001,-0.17358564,0.15584712
1.6355,-0.16860564,0.16122173
1.6356,-0.16345929,0.1664373
1.6357,-0.15815169,0.17148866
1.6358,-0.15268806,0.17637086
1.6359,-0.14707381,0.18107906
1.636,-0.14131446,0.18560861
1.6361001,-0.1354157,0.18995507
1.6362,-0.12938336,0.19411412
1.6363,-0.12322336,0.19808169
1.6364,-0.11694181,0.20185383
1.6365,-0.11054489,0.20542684
1.6366,-0.10403892,0.2087972
1.6367,-0.097430304,0.21196157
1.6368001,-0.090725571,0.21491684
1.6368999,-0.083931342,0.21766008
1.637,-0.077054307,0.22018862
1.6371,-0.070101254,0.22249991
1.6372,-0.063079044,0.22459172
1.6373,-0.055994604,0.22646195
1.6374,-0.048854925,0.22810876
1.6375,-0.041667048,0.22953056
1.6375999,-0.034438062,0.23072591
1.6377,-0.027175104,0.23169364
1.6378,-0.019885337,0.23243281
1.6379,-0.012575951,0.23294267
1.638,-0.0052541578,0.23322274
1.6381,0.00207282,0.23327272
1.6382,0.0093977535,0.23309258
1.6382999,0.016713416,0.23268247
1.6384,0.024012592,0.23204282
1.6385,0.03128808,0.23117426
1.6386,0.038532704,0.23007764
1.6387,0.045739312,0.22875404
1.6388,0.052900799,0.22720477
1.6389,0.060010102,0.22543135
1.6390001,0.067060202,0.22343555
1.6391,0.074044146,0.22121932
1.6392,0.080955043,0.21878485
1.6393,0.087786078,0.21613455
1.6394,0.094530515,0.21327102
1.6395,0.10118169,0.21019709
1.6396,0.10773305,0.2069158
1.6397001,0.11417813,0.20343038
1.6398,0.12051057,0.19974427
1.6399,0.12672412,0.19586112
1.64,0.13281266,0.19178472
1.6401,0.13877018,0.18751915
1.6402,0.1445908,0.18306856
1.6403,0.15026878,0.17843738
1.6404001,0.15579851,0.17363018
1.6404999,0.16117455,0.16865167
1.6406,0.16639158,0.16350679
1.6407,0.17144448,0.15820061
1.6408,0.17632823,0.15273835
1.6409,0.18103802,0.14712541
1.641,0.18556923,0.14136733
1.6411,0.18991736,0.13546979
1.6411999,0.19407813,0.12943859
1.6413,0.19804746,0.12327971
1.6414,0.20182139,0.11699922
1.6415,0.20539623,0.11060329
1.6416,0.20876844,0.10409825
1.6417,0.21193469,0.097490512
1.6418,0.21489187,0.090786599
1.6418999,0.21763705,0.083993122
1.642,0.22016753,0.07711678
1.6421,0.2224808,0.070164368
1.6422,0.2245746,0.063142724
1.6423,0.22644685,0.056058794
1.6424,0.2280957,0.048919559
1.6425,0.22951953,0.041732062
1.6426001,0.23071693,0.034503397
1.6427,0.23168673,0.02724069
1.6428,0.23242795,0.019951107
1.6429,0.2329399,0.012641842
1.643,0.23322204,0.0053201052
1.6431,0.23327409,-0.0020068819
1.6432,0.23309602,-0.0093318904
1.6433001,0.23268799,-0.016647693
1.6434,0.2320504,-0.023947075
1.6435,0.2311839,-0.031222833
1.6436,0.23008934,-0.038467791
1.6437,0.22876778,-0.045674797
1.6438,0.22722054,-0.05283675
1.6439,0.22544913,-0.059946578
1.6440001,0.22345531,-0.066997267
1.6441,0.22124104,-0.073981859
1.6442,0.21880853,-0.080893472
1.6443,0.21616015,-0.087725282
1.6444,0.21329853,-0.094470553
1.6445,0.21022648,-0.10112263
1.6446,0.20694703,-0.10767494
1.6447001,0.20346342,-0.11412103
1.6447999,0.19977909,-0.12045453
1.6449,0.19589768,-0.12666921
1.645,0.19182301,-0.13275893
1.6451,0.1875591,-0.13871768
1.6452,0.18311015,-0.14453958
1.6453,0.17848057,-0.15021889
1.6454,0.17367491,-0.15575001
1.6454999,0.16869791,-0.16112748
1.6456,0.16355449,-0.16634598
1.6457,0.15824971,-0.1714004
1.6458,0.15278882,-0.17628571
1.6459,0.14717719,-0.18099713
1.646,0.14142038,-0.18552998
1.6461,0.13552405,-0.1898798
1.6461999,0.12949401,-0.19404231
1.6463,0.12333623,-0.19801338
1.6464,0.11705677,-0.20178913
1.6465,0.11066183,-0.20536578
1.6466,0.10415772,-0.20873985
1.6467,0.097550862,-0.21190798
1.6468,0.09084776,-0.21486707
1.6469001,0.084055036,-0.21761419
1.647,0.077179387,-0.22014663
1.6471,0.070227593,-0.22246189
1.6472,0.063206524,-0.22455768
1.6473,0.056123093,-0.22643195
1.6474,0.048984293,-0.22808284
1.6475,0.041797172,-0.2295087
1.6476001,0.034568813,-0.23070817
1.6477,0.027306352,-0.23168002
1.6478,0.02001695,-0.23242332
1.6479,0.0127078,-0.23293734
1.648,0.0053861104,-0.23322155
1.6481,-0.0019408928,-0.23327568
1.6482,-0.0092659825,-0.23309968
1.6483001,-0.016581934,-0.23269373
1.6483999,-0.023881527,-0.23205823
1.6485,-0.031157563,-0.23119378
1.6486,-0.038402863,-0.23010126
1.6487,-0.045610275,-0.22878173
1.6488,-0.052772697,-0.22723651
1.6489,-0.059883058,-0.22546712
1.649,-0.066934347,-0.22347529
1.6490999,-0.073919602,-0.22126301
1.6492,-0.08083193,-0.21883243
1.6493,-0.087664522,-0.21618597
1.6494,-0.094410636,-0.21332625
1.6495,-0.10106361,-0.21025607
1.6496,-0.10761689,-0.20697847
1.6497,-0.11406399,-0.20349668
1.6497999,-0.12039857,-0.19981413
1.6499,-0.12661438,-0.19593446
1.65,-0.13270529,-0.1918615
1.6501,-0.13866527,-0.18759926
1.6502,-0.14448845,-0.18315195
1.6503,-0.1501691,-0.17852394
1.6504,-0.15570162,-0.17371982
1.6505001,-0.16108052,-0.16874434
1.6506,-0.16630052,-0.16360237
1.6507,-0.17135645,-0.158299
1.6508,-0.17624335,-0.15283947
1.6509,-0.18095636,-0.14722915
1.651,-0.18549088,-0.14147359
1.6511,-0.1898424,-0.13557847
1.6512001,-0.19400664,-0.12954959
1.6513,-0.19797948,-0.1233929
1.6514,-0.20175701,-0.11711448
1.6515,-0.2053355,-0.11072053
1.6516,-0.20871143,-0.10421734
1.6517,-0.21188146,-0.097611345
1.6518,-0.21484247,-0.090909049
1.6519001,-0.21759152,-0.08411707
1.652,-0.22012593,-0.077242106
1.6521,-0.22244316,-0.070290938
1.6522,-0.22454096,-0.06327042
1.6523,-0.22641724,-0.056187488
1.6524,-0.22807017,-0.049049124
1.6525,-0.22949809,-0.041862369
1.6526,-0.2306996,-0.034634314
1.6526999,-0.23167352,-0.027372088
1.6528,-0.23241891,-0.020082859
1.6529,-0.232935,-0.012773816
1.653,-0.23322129,-0.00545217
1.6531,-0.2332775,0.0018748569
1.6532,-0.23310359,0.0092000356
1.6533,-0.23269971,0.01651614
1.6533999,-0.23206626,0.023815954
1.6535,-0.23120387,0.031092273
1.6536,-0.2301134,0.03833792
1.6537,-0.22879592,0.045545749
1.6538,-0.22725272,0.052708648
1.6539,-0.22548532,0.059819549
1.654,-0.2234955,0.066871442
1.6540999,-0.22128518,0.07385736
1.6542,-0.21885656,0.080770425
1.6543,-0.21621202,0.087603807
1.6544,-0.2133542,0.094350763
1.6545,-0.21028589,0.10100465
1.6546,-0.20701014,0.10755888
1.6547,-0.20353015,0.11400702
1.6548001,-0.19984938,0.12034268
1.6549,-0.19597144,0.12655963
1.655,-0.19190019,0.13265172
1.6551,-0.18763962,0.13861296
1.6552,-0.18319394,0.14443743
1.6553,-0.17856753,0.15011944
1.6554,-0.17376494,0.15565333
1.6555001,-0.16879095,0.16103368
1.6556,-0.16365044,0.16625516
1.6557,-0.15834847,0.17131265
1.6558,-0.15289029,0.17620111
1.6559,-0.14728129,0.18091576
1.656,-0.14152698,0.18545192
1.6561,-0.13563305,0.18980514
1.6562001,-0.12960532,0.19397111
1.6562999,-0.12344973,0.19794573
1.6564,-0.11717235,0.20172507
1.6565,-0.11077937,0.2053054
1.6566,-0.1042771,0.20868319
1.6567,-0.097671963,0.21185511
1.6568,-0.090970472,0.21481805
1.6569,-0.08417923,0.21756905
1.6569999,-0.077304937,0.22010541
1.6571,-0.070354387,0.22242464
1.6572,-0.06333442,0.22452445
1.6573,-0.05625198,0.22640276
1.6574,-0.049114037,0.22805771
1.6575,-0.041927647,0.22948767
1.6576,-0.034699887,0.23069125
1.6576999,-0.027437894,0.23166725
1.6578,-0.02014883,0.23241469
1.6579,-0.012839888,0.23293287
1.658,-0.0055182767,0.23322123
1.6581,0.0018087804,0.23327953
1.6582,0.0091340551,0.23310769
1.6583,0.016450321,0.23270589
1.6584001,0.023750361,0.23207451
1.6585,0.031026971,0.23121418
1.6586,0.038272977,0.23012577
1.6587,0.045481224,0.22881033
1.6588,0.052644607,0.22726914
1.6589,0.059756055,0.22550376
1.659,0.066808559,0.22351593
1.6591001,0.073795155,0.22130758
1.6592,0.080708951,0.21888089
1.6593,0.08754313,0.21623829
1.6594,0.094290942,0.21338236
1.6595,0.10094574,0.21031593
1.6596,0.10750096,0.20704199
1.6597,0.11395012,0.20356382
1.6598001,0.12028687,0.19988483
1.6599,0.12650496,0.19600864
1.66,0.13259825,0.19193909
1.6601,0.13856073,0.18768018
1.6602,0.14438652,0.18323612
1.6603,0.15006986,0.17861129
1.6604,0.15560517,0.17381026
1.6605,0.16098696,0.16883776
1.6605999,0.16620995,0.16369869
1.6607,0.17126895,0.15839812
1.6608,0.17615901,0.1529413
1.6609,0.18087529,0.14733359
1.661,0.18541312,0.14158054
1.6611,0.18976803,0.1356878
1.6612,0.19393575,0.1296612
1.6612999,0.19791214,0.1235067
1.6614,0.20169328,0.11723035
1.6615,0.20527546,0.11083834
1.6616,0.20865513,0.10433699
1.6617,0.21182895,0.097732708
1.6618,0.2147938,0.091032006
1.6619,0.21754676,0.084241495
1.6619999,0.2200851,0.077367879
1.6621,0.22240631,0.070417933
1.6622,0.22450812,0.063398518
1.6623,0.22638845,0.056316558
1.6624,0.22804545,0.049179036
1.6625,0.22947748,0.041992996
1.6626,0.23068312,0.034765527
1.6627001,0.23166117,0.027503761
1.6628,0.2324107,0.020214856
1.6629,0.23293094,0.012906007
1.663,0.23322141,0.0055844248
1.6631,0.23328178,-0.0017426697
1.6632,0.23311202,-0.0090680476
1.6633,0.2327123,-0.016384481
1.6634001,0.23208299,-0.023684753
1.6635,0.23122472,-0.030961664
1.6636,0.23013835,-0.03820803
1.6637,0.22882494,-0.045416709
1.6638,0.22728579,-0.052580584
1.6639,0.22552243,-0.059692588
1.664,0.22353657,-0.066745706
1.6641001,0.22133018,-0.07373298
1.6641999,0.21890546,-0.080647521
1.6643,0.21626477,-0.087482497
1.6644,0.21341074,-0.094231181
1.6645,0.21034616,-0.1008869
1.6646,0.20707408,-0.10744309
1.6647,0.20359771,-0.11389329
1.6648,0.19992049,-0.12023114
1.6648999,0.19604604,-0.12645037
1.665,0.19197819,-0.13254488
1.6651,0.18772094,-0.1385086
1.6652,0.1832785,-0.1443357
1.6653,0.17865525,-0.15002041
1.6654,0.17385575,-0.15555713
1.6655,0.16888474,-0.16094038
1.6655999,0.16374712,-0.16616486
1.6657,0.15844795,-0.17122541
1.6658,0.15299247,-0.17611706
1.6659,0.14738606,-0.18083496
1.666,0.14163424,-0.18537447
1.6661,0.13574271,-0.18973109
1.6662,0.12971725,-0.19390056
1.6663001,0.12356382,-0.19787873
1.6664,0.11728849,-0.20166169
1.6665,0.11089745,-0.2052457
1.6666,0.10439701,-0.20862725
1.6667,0.097793572,-0.21180297
1.6668,0.091093659,-0.21476975
1.6669,0.084303878,-0.21752466
1.6670001,0.077430926,-0.22006497
1.6671,0.070481591,-0.22238819
1.6672,0.063462712,-0.22449201
1.6673,0.056381226,-0.22637437
1.6674,0.049244117,-0.22803341
1.6675,0.042058423,-0.22946748
1.6676,0.034831237,-0.23067519
1.6677001,0.027569687,-0.23165533
1.6677999,0.020280937,-0.23240693
1.6679,0.012972175,-0.23292926
1.668,0.005650613,-0.2332218
1.6681,-0.0016765256,-0.23328425
1.6682,-0.0090020131,-0.23311658
1.6683,-0.016318623,-0.23271893
1.6684,-0.023619136,-0.23209168
1.6684999,-0.030896351,-0.23123549
1.6686,-0.038143087,-0.23015116
1.6687,-0.045352198,-0.2288398
1.6688,-0.052516572,-0.22730267
1.6689,-0.059629139,-0.22554131
1.669,-0.066682883,-0.22355743
1.6691,-0.073670849,-0.22135302
1.6691999,-0.080586135,-0.21893024
1.6693,-0.087421924,-0.21629147
1.6694,-0.094171472,-0.21343933
1.6695,-0.10082812,-0.21037662
1.6696,-0.1073853,-0.20710638
1.6697,-0.11383655,-0.20363182
1.6698,-0.1201755,-0.19995636
1.6698999,-0.12639588,-0.19608365
1.67,-0.13249159,-0.19201748
1.6701,-0.13845658,-0.1877619
1.6702,-0.14428499,-0.18332107
1.6703,-0.14997107,-0.1786994
1.6704,-0.1555092,-0.17390144
1.6705,-0.16089392,-0.1689319
1.6706001,-0.1661199,-0.16379572
1.6707,-0.17118201,-0.15849794
1.6708,-0.17607525,-0.15304381
1.6709,-0.18079479,-0.14743869
1.671,-0.18533596,-0.14168812
1.6711,-0.18969432,-0.13579777
1.6712,-0.19386552,-0.12977344
1.6713001,-0.19784549,-0.12362108
1.6714,-0.20163026,-0.11734677
1.6715,-0.20521614,-0.1109567
1.6716,-0.20859955,-0.10445715
1.6717,-0.21177718,-0.097854562
1.6718,-0.21474589,-0.091155432
1.6719,-0.21750276,-0.084366374
1.6720001,-0.22004505,-0.077494077
1.6720999,-0.22237027,-0.070545338
1.6722,-0.2244761,-0.063526995
1.6723,-0.22636048,-0.056445979
1.6724,-0.22802158,-0.049309272
1.6725,-0.22945771,-0.042123925
1.6726,-0.23066747,-0.034897014
1.6727,-0.23164968,-0.027635673
1.6727999,-0.23240337,-0.020347066
1.6729,-0.23292778,-0.013038386
1.673,-0.23322241,-0.0057168384
1.6731,-0.23328695,0.0016103518
1.6732,-0.23312135,0.0089359563
1.6733,-0.23272577,0.016252747
1.6734,-0.23210061,0.023553509
1.6734999,-0.23124647,0.030831037
1.6736,-0.2301642,0.038078152
1.6737,-0.22885486,0.045287706
1.6738,-0.22731976,0.052452583
1.6739,-0.2255604,0.059565719
1.674,-0.22357853,0.066620097
1.6741,-0.22137608,0.073608749
1.6742001,-0.21895523,0.080524795
1.6743,-0.21631838,0.087361403
1.6744,-0.21346813,0.094111823
1.6745,-0.2104073,0.10076941
1.6746,-0.20713888,0.10732759
1.6747,-0.20366612,0.11377988
1.6748,-0.19999243,0.12011994
1.6749001,-0.19612145,0.12634149
1.675,-0.19205698,0.13243841
1.6751,-0.18780304,0.13840468
1.6752,-0.18336384,0.1442344
1.6753,-0.17874373,0.14992185
1.6754,-0.1739473,0.1554614
1.6755,-0.16897926,0.16084757
1.6756001,-0.16384451,0.16607508
1.6756999,-0.15854812,0.17113875
1.6758,-0.15309532,0.17603359
1.6759,-0.14749148,0.18075477
1.676,-0.14174214,0.18529764
1.6761,-0.13585296,0.18965769
1.6762,-0.12982976,0.19383065
1.6763,-0.12367849,0.19781241
1.6763999,-0.11740519,0.20159902
1.6765,-0.11101607,0.20518674
1.6766,-0.10451742,0.20857203
1.6767,-0.097915672,0.21175158
1.6768,-0.091217317,0.21472223
1.6769,-0.084428966,0.21748105
1.677,-0.077557333,0.22002532
1.6770999,-0.070609175,0.22235253
1.6772,-0.063591361,0.22446039
1.6773,-0.056510806,0.22634682
1.6774,-0.049374502,0.22800994
1.6775,-0.042189486,0.22944814
1.6776,-0.034962844,0.23065998
1.6777,-0.027701709,0.23164426
1.6778001,-0.02041324,0.23240003
1.6779,-0.013104632,0.23292652
1.678,-0.0057830932,0.23322323
1.6781,0.0015441553,0.23328985
1.6782,0.0088698836,0.23312634
1.6783,0.016186865,0.23273285
1.6784,0.023487881,0.23210976
1.6785001,0.030765727,0.23125768
1.6786,0.038013227,0.23017745
1.6787,0.045223229,0.22887015
1.6788,0.05238862,0.22733708
1.6789,0.059502333,0.22557972
1.679,0.066557348,0.22359982
1.6791,0.073546708,0.22139934
1.6792001,0.080463514,0.21898045
1.6793,0.087300941,0.21634552
1.6794,0.094052248,0.21349716
1.6795,0.10071077,0.21043818
1.6796,0.10726995,0.20717159
1.6797,0.11372331,0.20370062
1.6798,0.12006447,0.2000287
1.6799001,0.12628719,0.19615945
1.6799999,0.13238534,0.19209667
1.6801,0.13835289,0.18784438
1.6802,0.14418393,0.18340679
1.6803,0.14987276,0.17878826
1.6804,0.15541373,0.17399333
1.6805,0.16080138,0.16902678
1.6806,0.16603041,0.16389345
1.6806999,0.17109564,0.15859845
1.6808,0.17599207,0.15314698
1.6809,0.18071491,0.14754443
1.681,0.18525945,0.14179632
1.6811,0.18962124,0.13590832
1.6812,0.19379596,0.12988624
1.6813,0.19777951,0.12373602
1.6813999,0.20156793,0.11746373
1.6815,0.20515752,0.11107556
1.6816,0.20854472,0.10457781
1.6817,0.21172617,0.097976878
1.6818,0.21469875,0.091279298
1.6819,0.21745953,0.084491663
1.682,0.2200058,0.07762067
1.6821001,0.22233501,0.070673093
1.6822,0.22444488,0.063655801
1.6823,0.22633335,0.056575704
1.6824,0.22799852,0.049439792
1.6825,0.22943878,0.042255104
1.6826,0.23065269,0.035028726
1.6827,0.23163904,0.027767787
1.6828001,0.2323969,0.020479452
1.6829,0.23292547,0.013170909
1.683,0.23322427,0.0058493698
1.6831,0.233293,-0.0014779436
1.6832,0.23313156,-0.0088038025
1.6833,0.23274013,-0.01612098
1.6834,0.23211911,-0.023422256
1.6835001,0.23126909,-0.03070043
1.6835999,0.23019092,-0.037948322
1.6837,0.22888567,-0.045158781
1.6838,0.2273546,-0.05232469
1.6839,0.22559926,-0.059438985
1.684,0.22362134,-0.066494644
1.6841,0.22142282,-0.073484711
1.6842,0.21900587,-0.080402285
1.6842999,0.21637285,-0.087240547
1.6844,0.21352638,-0.093992747
1.6845,0.21046926,-0.10065222
1.6846,0.20720451,-0.1072124
1.6847,0.20373532,-0.11366682
1.6848,0.20006517,-0.12000911
1.6849,0.19619763,-0.12623301
1.6849999,0.19213656,-0.13233238
1.6851,0.18788591,-0.13830121
1.6852,0.18344992,-0.1441336
1.6853,0.17883295,-0.1498238
1.6854,0.17403956,-0.1553662
1.6855,0.16907446,-0.16075532
1.6856,0.16394258,-0.16598587
1.6857001,0.15864894,-0.17105266
1.6858,0.15319881,-0.17595072
1.6859,0.14759752,-0.18067521
1.686,0.14185064,-0.18522143
1.6861,0.13596381,-0.18958496
1.6862,0.12994285,-0.19376145
1.6863,0.12379369,-0.19774678
1.6864001,0.1175224,-0.20153704
1.6865,0.11113517,-0.20512849
1.6866,0.1046383,-0.20851757
1.6867,0.098038204,-0.21170095
1.6868,0.091341384,-0.21467547
1.6869,0.084554449,-0.21743822
1.687,0.077684097,-0.21998647
1.6871001,0.070737101,-0.2223177
1.6872,0.063720323,-0.22442959
1.6873,0.056640673,-0.22632009
1.6874,0.049505148,-0.22798732
1.6875,0.042320777,-0.22942963
1.6876,0.035094656,-0.23064561
1.6877,0.027833907,-0.23163405
1.6878,0.020545697,-0.23239398
1.6878999,0.013237214,-0.23292466
1.688,0.0059156683,-0.23322554
1.6881,-0.0014117174,-0.23329633
1.6882,-0.008737714,-0.233137
1.6883,-0.016055094,-0.23274764
1.6884,-0.023356641,-0.23212869
1.6885,-0.030635148,-0.23128073
1.6885999,-0.037883438,-0.23020461
1.6887,-0.04509436,-0.22890139
1.6888,-0.052260797,-0.22737235
1.6889,-0.059375681,-0.225619
1.689,-0.066431992,-0.22364308
1.6891,-0.073422775,-0.22144651
1.6892,-0.080341123,-0.2190315
1.6892999,-0.08718022,-0.2164004
1.6894,-0.093933314,-0.21355581
1.6895,-0.10059375,-0.21050054
1.6896,-0.10715494,-0.20723762
1.6897,-0.11361043,-0.20377024
1.6898,-0.11995385,-0.20010184
1.6899,-0.12617892,-0.19623601
1.6900001,-0.13227953,-0.19217663
1.6901,-0.13824964,-0.18792762
1.6902,-0.14408337,-0.18349324
1.6903,-0.14977497,-0.17887783
1.6904,-0.1553188,-0.17408594
1.6905,-0.16070941,-0.16912232
1.6906,-0.16594149,-0.16399185
1.6907001,-0.17100985,-0.1586996
1.6908,-0.17590953,-0.15325078
1.6909,-0.18063566,-0.14765078
1.691,-0.1851836,-0.1419051
1.6911,-0.18954885,-0.13601944
1.6912,-0.19372711,-0.12999959
1.6913,-0.19771425,-0.12385148
1.6914001,-0.20150635,-0.11758119
1.6914999,-0.20509966,-0.1111949
1.6916,-0.20849063,-0.10469891
1.6917,-0.21167593,-0.098099627
1.6918,-0.2146524,-0.091403566
1.6919,-0.21741712,-0.084617324
1.692,-0.21996735,-0.077747606
1.6921,-0.22230057,-0.070801184
1.6921999,-0.22441451,-0.063784912
1.6923,-0.22630705,-0.05670571
1.6924,-0.22797632,-0.04957056
1.6925,-0.22942071,-0.042386506
1.6926,-0.23063876,-0.035160631
1.6927,-0.23162928,-0.027900066
1.6928,-0.2323913,-0.020611975
1.6928999,-0.23292406,-0.013303543
1.693,-0.23322703,-0.0059819841
1.6931,-0.23329991,0.0013454808
1.6932,-0.23314264,0.0086716227
1.6933,-0.23275538,0.015989214
1.6934,-0.2321385,0.023291035
1.6935,-0.23129261,0.030569883
1.6936001,-0.23021853,0.037818577
1.6937,-0.22891735,0.045029968
1.6938,-0.22739032,0.052196939
1.6939,-0.22563897,0.059312422
1.694,-0.22366503,0.066369392
1.6941,-0.22147043,0.073360898
1.6942,-0.21905734,0.080280028
1.6943001,-0.21642815,0.087119967
1.6944,-0.21358545,0.09387397
1.6945,-0.21053204,0.10053536
1.6946,-0.20727092,0.10709757
1.6947,-0.20380534,0.11355414
1.6948,-0.20013869,0.11989869
1.6949,-0.19627459,0.12612495
1.6950001,-0.19221687,0.13222679
1.6950999,-0.18796952,0.13819821
1.6952,-0.18353674,0.14403328
1.6953,-0.17892288,0.14972626
1.6954,-0.17413251,0.15527155
1.6955,-0.16917035,0.16066365
1.6956,-0.1640413,0.16589725
1.6957,-0.15875041,0.17096721
1.6957999,-0.15330291,0.1758685
1.6959,-0.14770417,0.18059629
1.696,-0.14195971,0.18514591
1.6961,-0.13607521,0.18951291
1.6962,-0.13005646,0.19369294
1.6963,-0.1239094,0.19768189
1.6964,-0.1176401,0.20147583
1.6964999,-0.11125474,0.205071
1.6966,-0.10475963,0.20846388
1.6967,-0.098161153,0.2116511
1.6968,-0.091465838,0.21462952
1.6969,-0.084680289,0.2173962
1.697,-0.077811196,0.21994843
1.6971,-0.070865341,0.22228368
1.6971999,-0.063849568,0.22439963
1.6973,-0.056770802,0.2262942
1.6974,-0.049636025,0.22796555
1.6975,-0.042452279,0.22941199
1.6976,-0.035226647,0.23063211
1.6977,-0.027966259,0.23162472
1.6978,-0.020678278,0.23238882
1.6979001,-0.013369892,0.23292367
1.698,-0.0060483124,0.23322873
1.6981,0.0012792388,0.23330371
1.6982,0.0086055323,0.23314852
1.6983,0.015923342,0.23276334
1.6984,0.023225445,0.23214851
1.6985,0.03050464,0.23130468
1.6986001,0.03775375,0.23023266
1.6987,0.044965614,0.2289335
1.6988,0.052133124,0.2274085
1.6989,0.059249211,0.22565915
1.699,0.066306852,0.22368719
1.6991,0.07329908,0.22149454
1.6992,0.080219001,0.2190834
1.6993001,0.087059796,0.2164561
1.6993999,0.093814701,0.21361528
1.6995,0.10047706,0.21056372
1.6996,0.10704031,0.20730443
1.6997,0.11349796,0.20384063
1.6998,0.11984364,0.20017573
1.6999,0.1260711,0.19631335
1.7,0.13217419,0.19225731
1.7000999,0.13814689,0.18801159
1.7002,0.14398332,0.1835804
1.7003,0.14967769,0.17896809
1.7004,0.15522443,0.17417923
1.7005,0.16061802,0.16921853
1.7006,0.16585317,0.16409089
1.7007,0.17092469,0.15880136
1.7007999,0.17582762,0.15335518
1.7009,0.18055707,0.14775771
1.701,0.18510841,0.14201446
1.7011,0.18947715,0.13613111
1.7012,0.19365895,0.13011345
1.7013,0.19764972,0.12396743
1.7014,0.20144549,0.11769912
1.7015001,0.20504254,0.11131468
1.7016,0.20843731,0.10482043
1.7017,0.21162646,0.09822277
1.7018,0.21460684,0.0915282
1.7019,0.2173755,0.084743336
1.702,0.21992972,0.077874862
1.7021,0.22226697,0.070929565
1.7022001,0.22438496,0.063914284
1.7023,0.22628158,0.056835949
1.7024,0.22795498,0.049701538
1.7025,0.2294035,0.04251809
1.7026,0.23062569,0.035292696
1.7027,0.23162039,0.028032476
1.7028,0.23238657,0.020744599
1.7029001,0.23292351,0.013436251
1.7029999,0.23323065,0.006114644
1.7031,0.23330772,-0.0012129999
1.7032,0.23315461,-0.0085394522
1.7033,0.2327715,-0.015857484
1.7034,0.23215875,-0.023159878
1.7035,0.23131697,-0.030439429
1.7036,0.23024699,-0.037688956
1.7036999,0.22894987,-0.044901304
1.7038,0.22742689,-0.052069366
1.7039,0.22567953,-0.05918606
1.704,0.22370955,-0.066244371
1.7041,0.22151886,-0.073237337
1.7042,0.21910964,-0.080158055
1.7043,0.21648426,-0.086999699
1.7043999,0.21364532,-0.093755528
1.7045,0.21059561,-0.10041886
1.7046,0.20733814,-0.10698314
1.7047,0.20387612,-0.11344188
1.7048,0.20021297,-0.11978871
1.7049,0.1963523,-0.12601736
1.705,0.19229792,-0.13212171
1.7051001,0.18805385,-0.13809572
1.7052,0.18362424,-0.14393349
1.7053,0.17901348,-0.14962928
1.7054,0.17422612,-0.15517746
1.7055,0.16926686,-0.16057256
1.7056,0.16414064,-0.16580924
1.7057,0.15885247,-0.17088236
1.7058001,0.1534076,-0.17578691
1.7059,0.14781137,-0.18051805
1.706,0.14206932,-0.18507108
1.7061,0.13618712,-0.18944156
1.7062,0.13017057,-0.19362515
1.7063,0.12402558,-0.19761772
1.7064,0.11775824,-0.20141535
1.7065001,0.11137473,-0.20501427
1.7066,0.10488134,-0.20841095
1.7067,0.098284476,-0.21160203
1.7068,0.09159065,-0.21458437
1.7069,0.084806457,-0.217355
1.707,0.077938601,-0.21991122
1.7071,0.070993848,-0.22225049
1.7072001,0.063979059,-0.22437049
1.7072999,0.056901146,-0.22626917
1.7074,0.049767096,-0.22794463
1.7075,0.042583942,-0.22939521
1.7076,0.035358772,-0.23061949
1.7077,0.028098717,-0.23161626
1.7078,0.020810936,-0.23238453
1.7079,0.01350262,-0.23292355
1.7079999,0.0061809788,-0.2332328
1.7081,-0.0011467659,-0.23331194
1.7082,-0.0084733842,-0.23316093
1.7083,-0.015791647,-0.23277989
1.7084,-0.023094337,-0.23216921
1.7085,-0.030374249,-0.23132949
1.7086,-0.037624203,-0.23026155
1.7086999,-0.044837043,-0.22896646
1.7088,-0.052005656,-0.2274455
1.7089,-0.059122968,-0.22570014
1.709,-0.066181958,-0.22373213
1.7091,-0.073175669,-0.2215434
1.7092,-0.080097191,-0.2191361
1.7093,-0.0869397,-0.21651264
1.7094001,-0.093696445,-0.21367556
1.7095,-0.10036076,-0.21062769
1.7096,-0.10692608,-0.20737202
1.7097,-0.11338591,-0.2039118
1.7098,-0.11973388,-0.20025039
1.7099,-0.12596375,-0.19639142
1.71,-0.13206935,-0.19233872
1.7101001,-0.13804467,-0.18809626
1.7102,-0.14388381,-0.18366824
1.7103,-0.149581,-0.17905903
1.7104,-0.15513064,-0.17427316
1.7105,-0.16052724,-0.16931537
1.7106,-0.16576548,-0.16419053
1.7107,-0.17084019,-0.15890373
1.7108001,-0.17574637,-0.15346014
1.7108999,-0.18047917,-0.14786518
1.711,-0.18503393,-0.14212433
1.7111,-0.18940616,-0.13624327
1.7112,-0.19359154,-0.13022779
1.7113,-0.19758593,-0.12408384
1.7114,-0.20138539,-0.11781748
1.7115,-0.2049862,-0.11143488
1.7115999,-0.20838478,-0.10494234
1.7117,-0.2115778,-0.098346263
1.7118,-0.21456209,-0.091653168
1.7119,-0.2173347,-0.084869653
1.712,-0.21989292,-0.078002401
1.7121,-0.2222342,-0.071058199
1.7122,-0.22435626,-0.064043887
1.7122999,-0.22625698,-0.056966387
1.7124,-0.22793449,-0.049832687
1.7125,-0.22938713,-0.04264982
1.7126,-0.2306135,-0.035424873
1.7127,-0.23161235,-0.028164975
1.7128,-0.23238271,-0.020877283
1.7129,-0.23292382,-0.013568993
1.7130001,-0.23323515,-0.006247309
1.7131,-0.23331639,0.0010805423
1.7132,-0.23316745,0.0084073329
1.7133,-0.23278849,0.015725836
1.7134,-0.23217988,0.023028828
1.7135,-0.23134221,0.030309109
1.7136,-0.23027633,0.037559494
1.7137001,-0.22898327,0.044772834
1.7138,-0.2274643,0.051942006
1.7139,-0.22572094,0.05905994
1.714,-0.22375491,0.066119619
1.7141,-0.22156812,0.073114075
1.7142,-0.21916276,0.080036402
1.7143,-0.21654119,0.086879782
1.7144001,-0.21370599,0.093637459
1.7145,-0.21065997,0.10030276
1.7146,-0.20740612,0.10686912
1.7147,-0.20394765,0.11333005
1.7148,-0.20028798,0.11967919
1.7149,-0.19643073,0.12591027
1.715,-0.19237968,0.13201714
1.7151,-0.18813886,0.13799377
1.7151999,-0.18371241,0.14383426
1.7153,-0.17910473,0.14953288
1.7154,-0.17432036,0.15508398
1.7155,-0.16936401,0.16048208
1.7156,-0.16424058,0.16572188
1.7157,-0.15895511,0.17079818
1.7158,-0.15351284,0.175706
1.7158999,-0.1479191,0.18044049
1.716,-0.14217944,0.18499696
1.7161,-0.13629952,0.18937095
1.7162,-0.13028513,0.1935581
1.7163,-0.12414221,0.19755432
1.7164,-0.11787681,0.20135565
1.7165,-0.11149511,0.20495833
1.7165999,-0.10500342,0.20835882
1.7167,-0.098408133,0.21155377
1.7168,-0.091715768,0.21454002
1.7169,-0.084932908,0.21731462
1.717,-0.07806626,0.21987483
1.7171,-0.071122594,0.22221814
1.7172,-0.064108759,0.22434223
1.7173001,-0.057031669,0.22624499
1.7174,-0.049898311,0.22792457
1.7175,-0.042715725,0.22937928
1.7176,-0.035490993,0.23060772
1.7177,-0.028231243,0.23160866
1.7178,-0.020943634,0.23238111
1.7179,-0.013635361,0.23292431
1.7180001,-0.0063136294,0.23323773
1.7181,0.0010143359,0.23332106
1.7182,0.0083413068,0.23317419
1.7183,0.015660053,0.23279731
1.7184,0.022963358,0.23219077
1.7185,0.030244013,0.23135516
1.7186,0.037494838,0.23029131
1.7187001,0.04470868,0.22900029
1.7187999,0.051878419,0.22748333
1.7189,0.058996987,0.22574197
1.719,0.066057354,0.22377789
1.7191,0.073052563,0.22159307
1.7192,0.079975709,0.21918961
1.7193,0.086819969,0.21656995
1.7194,0.093578577,0.21373661
1.7194999,0.10024487,0.21069242
1.7196,0.10681228,0.20744038
1.7197,0.11327432,0.20398369
1.7198,0.11962462,0.20032576
1.7199,0.12585691,0.1964702
1.72,0.13196504,0.19242083
1.7201,0.137943,0.18818161
1.7201999,0.14378488,0.18375674
1.7203,0.1494849,0.1791506
1.7204,0.15503748,0.17436771
1.7205,0.16043709,0.16941281
1.7206,0.16567844,0.16429076
1.7207,0.17075635,0.15900664
1.7208,0.17566581,0.15356565
1.7209001,0.18040198,0.14797316
1.721,0.18496017,0.14223468
1.7211,0.18933591,0.13635589
1.7212,0.19352487,0.13034257
1.7213,0.19752291,0.12420066
1.7214,0.20132609,0.11793622
1.7215,0.20493066,0.11155543
1.7216001,0.20833308,0.10506459
1.7217,0.21152996,0.098470084
1.7218,0.21451816,0.091778427
1.7219,0.21729474,0.084996231
1.722,0.21985696,0.078130178
1.7221,0.22220229,0.071187042
1.7222,0.22432841,0.064173669
1.7223001,0.22623323,0.057096984
1.7224,0.22791487,0.049963966
1.7225,0.22937165,0.042781651
1.7226,0.23060217,0.035557128
1.7227,0.23160519,0.028297517
1.7228,0.23237973,0.021009987
1.7229,0.23292503,0.013701723
1.723,0.23324053,0.0063799368
1.7230999,0.23332593,-0.00094814983
1.7232,0.23318116,-0.0082753068
1.7233,0.23280635,-0.015594306
1.7234,0.23220187,-0.022897927
1.7235,0.23136832,-0.030178966
1.7236,0.23030651,-0.037430238
1.7237,0.2290175,-0.044644587
1.7237999,0.22750257,-0.051814903
1.7239,0.22576319,-0.058934107
1.724,0.22380109,-0.065995179
1.7241,0.22161821,-0.072991148
1.7242,0.21921667,-0.079915114
1.7243,0.2165989,-0.086760253
1.7244,0.21376742,-0.093519799
1.7244999,0.21072508,-0.1001871
1.7246,0.20747483,-0.10675556
1.7247,0.2040199,-0.11321872
1.7248,0.20036371,-0.11957018
1.7249,0.19650985,-0.12580369
1.725,0.19246213,-0.13191311
1.7251,0.18822452,-0.13789238
1.7252001,0.18380123,-0.14373563
1.7253,0.17919661,-0.14943708
1.7254,0.17441522,-0.15499114
1.7255,0.16946174,-0.16039227
1.7256,0.16434109,-0.16563518
1.7257,0.1590583,-0.17071471
1.7258,0.1536186,-0.1756258
1.7259001,0.14802735,-0.18036366
1.726,0.14229004,-0.18492357
1.7261,0.13641238,-0.18930107
1.7262,0.13040012,-0.19349182
1.7263,0.12425923,-0.19749169
1.7264,0.11799574,-0.20129673
1.7265,0.11161584,-0.20490319
1.7266001,0.10512583,-0.20830752
1.7266999,0.098532096,-0.21150634
1.7268,0.091841161,-0.21449651
1.7269,0.085059613,-0.21727508
1.727,0.078194149,-0.2198393
1.7271,0.071251534,-0.22218665
1.7272,0.064238623,-0.22431481
1.7273,0.057162333,-0.22622168
1.7273999,0.050029647,-0.22790538
1.7275,0.042847596,-0.22936425
1.7276,0.035623271,-0.23059684
1.7277,0.028363798,-0.23160194
1.7278,0.021076337,-0.23237857
1.7279,0.013768076,-0.23292595
1.728,0.006446227,-0.23324354
1.7280999,-0.00088198762,-0.23333104
1.7282,-0.0082093384,-0.23318835
1.7283,-0.015528596,-0.23281561
1.7284,-0.022832541,-0.23221318
1.7285,-0.030113969,-0.23138168
1.7286,-0.037365694,-0.23032191
1.7287,-0.04458056,-0.22903493
1.7288001,-0.051751457,-0.227522
1.7289,-0.058871303,-0.22578461
1.729,-0.065933079,-0.22382447
1.7291,-0.072929814,-0.22164354
1.7292,-0.079854615,-0.21924393
1.7293,-0.086700633,-0.21662804
1.7294,-0.093461134,-0.21379843
1.7295001,-0.10012943,-0.21075791
1.7296,-0.10669896,-0.20750947
1.7297,-0.11316323,-0.20405631
1.7298,-0.11951587,-0.20040184
1.7299,-0.12575062,-0.19654967
1.73,-0.1318613,-0.19250359
1.7301,-0.13784191,-0.1882676
1.7302001,-0.14368655,-0.18384588
1.7302999,-0.14938943,-0.17924277
1.7304,-0.15494494,-0.17446285
1.7305,-0.16034761,-0.16951081
1.7306,-0.16559209,-0.16439153
1.7307,-0.17067322,-0.15911008
1.7308,-0.17558597,-0.15367167
1.7309,-0.18032551,-0.14808163
1.7309999,-0.18488717,-0.14234552
1.7311,-0.18926643,-0.13646896
1.7312,-0.19345897,-0.13045777
1.7313,-0.19746067,-0.12431788
1.7314,-0.20126757,-0.11805534
1.7315,-0.20487593,-0.11167633
1.7316,-0.20828216,-0.10518714
1.7316999,-0.21148293,-0.098594181
1.7318,-0.21447507,-0.091903947
1.7319,-0.21725562,-0.08512304
1.732,-0.21982186,-0.078258157
1.7321,-0.22217123,-0.071316056
1.7322,-0.22430143,-0.064303599
1.7323,-0.22621034,-0.057227701
1.7323999,-0.22789611,-0.050095338
1.7325,-0.22935705,-0.042913549
1.7326,-0.23059171,-0.035689417
1.7327,-0.23159891,-0.028430073
1.7328,-0.23237762,-0.021142673
1.7329,-0.23292708,-0.013834409
1.733,-0.23324677,-0.006512491
1.7331001,-0.23333634,0.00081585848
1.7332,-0.23319574,0.0081434092
1.7333,-0.23282507,0.015462933
1.7334,-0.23222472,0.022767209
1.7335,-0.23139526,0.030049032
1.7336,-0.23033753,0.037301216
1.7337,-0.22905257,0.044516608
1.7338001,-0.22754164,0.05168809
1.7339,-0.22580624,0.058808587
1.734,-0.22384806,0.065871075
1.7341,-0.22166906,0.072868586
1.7342,-0.21927138,0.079794213
1.7343,-0.21665737,0.086641133
1.7344,-0.21382962,0.093402587
1.7345001,-0.21079093,0.1000719
1.7345999,-0.20754428,0.10664249
1.7347,-0.20409288,0.11310789
1.7348,-0.20044014,0.11946171
1.7349,-0.19658965,0.12569767
1.735,-0.19254522,0.13180965
1.7351,-0.18831083,0.1377916
1.7352,-0.18389067,0.14363761
1.7352999,-0.17928909,0.14934194
1.7354,-0.17451064,0.15489894
1.7355,-0.16956002,0.16030313
1.7356,-0.16444212,0.16554917
1.7357,-0.159162,0.17063192
1.7358,-0.15372485,0.17554633
1.7359,-0.14813603,0.18028757
1.7359999,-0.14240108,0.18485095
1.7361,-0.13652565,0.18923198
1.7362,-0.13051552,0.19342633
1.7363,-0.12437662,0.19742985
1.7364,-0.11811502,0.20123862
1.7365,-0.11173689,0.20484886
1.7366,-0.10524853,0.20825702
1.7367001,-0.098656319,0.21145973
1.7368,-0.091966785,0.21445383
1.7369,-0.085186519,0.21723638
1.737,-0.078322202,0.21980461
1.7371,-0.071380623,0.22215602
1.7372,-0.064368606,0.22428825
1.7373,-0.057293091,0.22619922
1.7374001,-0.050161045,0.22788705
1.7375,-0.042979505,0.22935006
1.7376,-0.035755564,0.23058681
1.7377,-0.028496336,0.2315961
1.7378,-0.021208992,0.23237689
1.7379,-0.013900719,0.23292845
1.738,-0.0065787248,0.23325022
1.7381001,0.00074976624,0.23334187
1.7381999,0.0080775246,0.23320334
1.7383,0.015397321,0.23283474
1.7384,0.022701934,0.23223644
1.7385,0.029984159,0.23140904
1.7386,0.03723681,0.23035336
1.7387,0.044452731,0.22907041
1.7388,0.051624808,0.22756149
1.7388999,0.058745962,0.22582805
1.739,0.065809168,0.22387184
1.7391,0.072807461,0.22169478
1.7392,0.079733931,0.219299
1.7393,0.086581744,0.21668689
1.7394,0.093344152,0.21386099
1.7395,0.10001449,0.21082412
1.7395999,0.10658615,0.20757926
1.7397,0.11305268,0.20412962
1.7398,0.11940768,0.2004786
1.7399,0.12564489,0.19662979
1.74,0.13175815,0.192587
1.7401,0.13774145,0.18835421
1.7402,0.14358886,0.18393561
1.7403001,0.14929461,0.17933555
1.7404,0.15485309,0.17455855
1.7405,0.16025881,0.16960935
1.7406,0.16550644,0.16449283
1.7407,0.1705908,0.15921402
1.7408,0.17550687,0.15377814
1.7409,0.1802498,0.14819054
1.7410001,0.18481492,0.14245676
1.7411,0.18919772,0.13658242
1.7412,0.19339387,0.13057333
1.7413,0.19739924,0.12443543
1.7414,0.20120987,0.11817477
1.7415,0.204822,0.11179752
1.7416,0.20823209,0.10530996
1.7417001,0.21143675,0.098718517
1.7418,0.21443282,0.092029676
1.7419,0.21721736,0.085250035
1.742,0.2197876,0.078386292
1.7421,0.22214103,0.071445212
1.7422,0.22427531,0.064433634
1.7423,0.22618833,0.057358496
1.7424001,0.22787823,0.050226759
1.7424999,0.22934331,0.043045465
1.7426,0.23058213,0.035821702
1.7427,0.23159349,0.02856259
1.7428,0.23237638,0.021275295
1.7429,0.23293002,0.013967003
1.743,0.23325388,0.0066449256
1.7431,0.23334762,-0.00068371411
1.7431999,0.23321116,-0.0080116866
1.7433,0.23284464,-0.015331762
1.7434,0.2322484,-0.022636719
1.7435,0.23142304,-0.029919352
1.7436,0.23036937,-0.037172478
1.7437,0.22908846,-0.044388935
1.7438,0.22758153,-0.051561613
1.7438999,0.22585008,-0.058683429
1.744,0.22389583,-0.065747358
1.7441,0.2217207,-0.072746433
1.7442,0.21932682,-0.079673752
1.7443,0.21671659,-0.086522475
1.7444,0.21389255,-0.093285851
1.7445,0.2108575,-0.099957205
1.7446001,0.20761442,-0.10652995
1.7447,0.20416653,-0.11299761
1.7448,0.20051722,-0.1193538
1.7449,0.19667009,-0.12559226
1.745,0.19262893,-0.13170682
1.7451,0.18839775,-0.13769145
1.7452,0.18398069,-0.14354025
1.7453001,0.17938213,-0.14924745
1.7454,0.17460661,-0.15480743
1.7455,0.16965882,-0.16021468
1.7456,0.16454366,-0.16546389
1.7457,0.15926616,-0.17054987
1.7458,0.15383154,-0.1754676
1.7459,0.14824516,-0.18021223
1.7460001,0.14251252,-0.18477909
1.7460999,0.13663928,-0.18916366
1.7462,0.13063125,-0.19336163
1.7463,0.12449433,-0.19736883
1.7464,0.1182346,-0.20118132
1.7465,0.11185821,-0.20479536
1.7466,0.10537147,-0.20820737
1.7467,0.098780766,-0.21141398
1.7467999,0.092092611,-0.21441202
1.7469,0.085313596,-0.21719855
1.747,0.078450412,-0.2197708
1.7471,0.071509823,-0.22212625
1.7472,0.064498685,-0.22426258
1.7473,0.057423908,-0.22617765
1.7474,0.050292473,-0.2278696
1.7474999,0.043111421,-0.22933677
1.7476,0.035887826,-0.23057768
1.7477,0.028628824,-0.23159112
1.7478,0.02134157,-0.23237608
1.7479,0.014033254,-0.23293182
1.748,0.0067110872,-0.23325776
1.7481,-0.00061770785,-0.23335359
1.7482001,-0.0079459008,-0.23321919
1.7483,-0.015266263,-0.23285472
1.7484,-0.022571571,-0.23226056
1.7485,-0.02985462,-0.23143724
1.7486,-0.037108224,-0.23038562
1.7487,-0.044325225,-0.22910669
1.7488,-0.05149851,-0.22760177
1.7489001,-0.058620993,-0.22587229
1.749,-0.065685652,-0.22392
1.7491,-0.072685525,-0.22174679
1.7492,-0.079613693,-0.21935484
1.7493,-0.086463325,-0.21674646
1.7494,-0.09322767,-0.21392427
1.7495,-0.099900052,-0.21089104
1.7496001,-0.10647389,-0.20764974
1.7497,-0.11294269,-0.20420359
1.7498,-0.11930007,-0.200556
1.7499,-0.12553978,-0.19671054
1.75,-0.13165563,-0.19267102
1.7501,-0.13764161,-0.18844141
1.7502,-0.14349182,-0.18402591
1.7503,-0.14920047,-0.17942886
1.7503999,-0.15476194,-0.17465478
1.7505,-0.16017073,-0.1697084
1.7506,-0.16542153,-0.16459459
1.7507,-0.17050913,-0.15931842
1.7508,-0.17542852,-0.15388505
1.7509,-0.18017486,-0.14829987
1.751,-0.18474345,-0.14256838
1.7510999,-0.1891298,-0.13669623
1.7512,-0.19332957,-0.13068923
1.7513,-0.19733863,-0.1245533
1.7514,-0.201153,-0.11829448
1.7515,-0.20476893,-0.11191896
1.7516,-0.20818286,-0.10543302
1.7517,-0.21139142,-0.098843053
1.7517999,-0.21439144,-0.092155576
1.7519,-0.21717995,-0.085377179
1.752,-0.21975422,-0.078514546
1.7521,-0.2221117,-0.07157445
1.7522,-0.22425006,-0.064563736
1.7523,-0.22616719,-0.057489321
1.7524,-0.22786121,-0.050358184
1.7525001,-0.22933044,-0.043177363
1.7526,-0.23057343,-0.035953935
1.7527,-0.23158896,-0.028695032
1.7528,-0.23237601,-0.021407811
1.7529,-0.23293383,-0.014099465
1.753,-0.23326185,-0.0067772013
1.7531,-0.23335975,0.00055175601
1.7532001,-0.23322743,0.0078801764
1.7533,-0.23286504,0.015200831
1.7534,-0.23227291,0.022506498
1.7535,-0.23145165,0.029789967
1.7536,-0.23040204,0.037044059
1.7537,-0.22912514,0.044261612
1.7538,-0.2276222,0.051435504
1.7539001,-0.2258947,0.058558665
1.7539999,-0.22394435,0.065624066
1.7541,-0.22177309,0.072624728
1.7542,-0.21938302,0.079553761
1.7543,-0.21677652,0.086404309
1.7544,-0.21395618,0.09316963
1.7545,-0.21092474,0.099843048
1.7546,-0.20768523,0.10641797
1.7546999,-0.20424083,0.11288791
1.7548,-0.20059493,0.1192465
1.7549,-0.19675115,0.12548745
1.755,-0.19271325,0.13160461
1.7551,-0.18848523,0.13759196
1.7552,-0.18407127,0.14344357
1.7553,-0.17947571,0.14915366
1.7553999,-0.17470308,0.15471663
1.7555,-0.16975811,0.16012697
1.7556,-0.16464566,0.16537935
1.7557,-0.15937077,0.17046858
1.7558,-0.15393865,0.17538965
1.7559,-0.14835466,0.18013769
1.756,-0.14262432,0.18470803
1.7561001,-0.13675326,0.18909615
1.7562,-0.1307473,0.19329773
1.7563,-0.12461233,0.19730863
1.7564,-0.11835443,0.20112488
1.7565,-0.11197976,0.20474271
1.7566,-0.10549461,0.20815857
1.7567,-0.098905385,0.21136908
1.7568001,-0.092218578,0.21437107
1.7569,-0.085440792,0.21716158
1.757,-0.078578703,0.21973786
1.7571,-0.071639091,0.22209737
1.7572,-0.064628795,0.22423777
1.7573,-0.057554733,0.22615695
1.7574,-0.050423887,0.22785303
1.7575001,-0.043243289,0.22932434
1.7575999,-0.036020018,0.23056941
1.7577,-0.028761208,0.23158701
1.7578,-0.021474017,0.23237616
1.7579,-0.014165632,0.23293605
1.758,-0.0068432647,0.23326616
1.7581,0.0004858617,0.23336613
1.7582,0.0078145172,0.2332359
1.7582999,0.015135471,0.23287556
1.7584,0.022441501,0.23228548
1.7585,0.029725401,0.23146625
1.7586,0.036979984,0.23041868
1.7587,0.044198092,0.22914378
1.7588,0.051372606,0.22764283
1.7589,0.058496445,0.22591731
1.7589999,0.065562591,0.22396891
1.7591,0.072564058,0.22179955
1.7592,0.079493947,0.21941139
1.7593,0.086345427,0.21680675
1.7594,0.093111731,0.21398824
1.7595,0.099786177,0.21095863
1.7596,0.1063622,0.20772088
1.7596999,0.11283329,0.20427822
1.7598,0.11919308,0.20063402
1.7599,0.12543529,0.19679189
1.76,0.13155377,0.19275562
1.7601,0.13754247,0.18852918
1.7602,0.14339548,0.18411675
1.7603,0.14910704,0.17952268
1.7604001,0.15467151,0.17475151
1.7605,0.1600834,0.16980793
1.7606,0.16533737,0.16469681
1.7607,0.17042823,0.15942322
1.7608,0.17535096,0.15399235
1.7609,0.18010071,0.14840956
1.761,0.1846728,0.14268035
1.7611001,0.18906271,0.13681038
1.7612,0.19326611,0.13080543
1.7613,0.19727884,0.12467143
1.7614,0.20109697,0.11841443
1.7615,0.20471671,0.11204062
1.7616,0.20813449,0.10555626
1.7617,0.21134695,0.098967753
1.7618001,0.21435092,0.09228161
1.7618999,0.21714342,0.08550442
1.762,0.21972172,0.078642875
1.7621,0.22208324,0.071703739
1.7622,0.22422569,0.064693853
1.7623,0.22614694,0.057620142
1.7624,0.22784507,0.050489575
1.7625,0.22931845,0.043309193
1.7625999,0.23056559,0.036086075
1.7627,0.23158529,0.028827352
1.7628,0.23237652,0.021540182
1.7629,0.2329385,0.014231752
1.763,0.23327067,0.006909274
1.7631,0.23337273,-0.00042002843
1.7632,0.23324455,-0.0077489242
1.7632999,0.23288628,-0.015070184
1.7634,0.23229825,-0.022376586
1.7635,0.23148106,-0.02966092
1.7636,0.23043551,-0.036916003
1.7637,0.22916262,-0.044134673
1.7638,0.22766365,-0.051309813
1.7639,0.22594009,-0.058434341
1.7640001,0.22399364,-0.065501228
1.7641,0.2218262,-0.072503507
1.7642,0.21943992,-0.079434268
1.7643,0.21683717,-0.086286679
1.7644,0.21402049,-0.093053967
1.7645,0.21099266,-0.099729463
1.7646,0.2077567,-0.10630658
1.7647001,0.20431577,-0.11277883
1.7648,0.20067325,-0.11913983
1.7649,0.19683279,-0.1253833
1.765,0.19279812,-0.13150309
1.7651,0.18857327,-0.13749315
1.7652,0.18416236,-0.14334758
1.7653,0.17956978,-0.14906061
1.7654001,0.17480004,-0.15462658
1.7654999,0.16985784,-0.16004001
1.7656,0.16474807,-0.16529557
1.7657,0.15947577,-0.17038807
1.7658,0.15404615,-0.17531247
1.7659,0.14846453,-0.18006395
1.766,0.14273645,-0.18463778
1.7661,0.13686755,-0.18902947
1.7661999,0.13086362,-0.19323468
1.7663,0.12473058,-0.19724926
1.7664,0.11847449,-0.20106927
1.7665,0.11210151,-0.20469092
1.7666,0.10561793,-0.20811063
1.7667,0.099030152,-0.21132505
1.7668,0.092344664,-0.21433099
1.7668999,0.08556807,-0.21712549
1.767,0.078707054,-0.21970579
1.7671,0.071768388,-0.22206935
1.7672,0.064758904,-0.22421384
1.7673,0.057685535,-0.22613713
1.7674,0.050555244,-0.22783734
1.7675,0.043375071,-0.22931278
1.7676001,0.036152098,-0.230562
1.7677,0.028893456,-0.23158377
1.7678,0.021606298,-0.23237708
1.7679,0.014297817,-0.23294114
1.768,0.0069752214,-0.2332754
1.7681,-0.00035426323,-0.23337953
1.7682,-0.007683407,-0.23325342
1.7683001,-0.015004979,-0.23289721
1.7684,-0.022311758,-0.23231123
1.7685,-0.029596534,-0.23149607
1.7686,-0.036852121,-0.23045254
1.7687,-0.044071361,-0.22918165
1.7688,-0.051247131,-0.22768466
1.7689,-0.058372352,-0.22596307
1.7690001,-0.065439999,-0.22401854
1.7691,-0.07244309,-0.22185303
1.7692,-0.079374731,-0.21946864
1.7693,-0.086228065,-0.21686774
1.7694,-0.092996351,-0.21405289
1.7695,-0.099672891,-0.21102686
1.7696,-0.10625112,-0.20779265
1.7697001,-0.11272453,-0.20435345
1.7697999,-0.11908674,-0.20071264
1.7699,-0.12533149,-0.19687381
1.77,-0.13145259,-0.19284077
1.7701,-0.13744402,-0.18861747
1.7702,-0.14329986,-0.1842081
1.7703,-0.14901434,-0.17961699
1.7704,-0.15458183,-0.17484868
1.7704999,-0.15999682,-0.16990787
1.7706,-0.16525398,-0.16479944
1.7707,-0.17034811,-0.15952842
1.7708,-0.17527421,-0.15410002
1.7709,-0.18002738,-0.14851958
1.771,-0.18460298,-0.14279263
1.7711,-0.18899645,-0.13692479
1.7711999,-0.19320348,-0.13092187
1.7713,-0.19721991,-0.12478978
1.7714,-0.20104179,-0.11853458
1.7715,-0.20466535,-0.11216243
1.7716,-0.20808698,-0.10567963
1.7717,-0.21130335,-0.099092565
1.7718,-0.21431127,-0.092407733
1.7719001,-0.21710777,-0.085631728
1.772,-0.21969008,-0.078771234
1.7721,-0.22205567,-0.071833029
1.7722,-0.2242022,-0.064823948
1.7723,-0.22612755,-0.057750907
1.7724,-0.22782981,-0.050620884
1.7725,-0.22930734,-0.043440916
1.7726001,-0.23055863,-0.036218081
1.7727,-0.23158248,-0.028959507
1.7728,-0.23237787,-0.021672357
1.7729,-0.232944,-0.014363818
1.773,-0.23328035,-0.007041099
1.7731,-0.23338653,0.0002885749
1.7732,-0.23326249,0.0076179733
1.7733001,-0.23290834,0.014939864
1.7733999,-0.23232441,0.022247026
1.7735,-0.23151127,0.02953225
1.7736,-0.23046975,0.036788348
1.7737,-0.22920087,0.044008162
1.7738,-0.22770587,0.051184569
1.7739,-0.22598623,0.05831049
1.774,-0.22404364,0.065378897
1.7740999,-0.22188003,0.072382815
1.7742,-0.21949752,0.079315327
1.7743,-0.21689847,0.086169608
1.7744,-0.21408544,0.092938885
1.7745,-0.21106122,0.09961649
1.7746,-0.20782878,0.10619582
1.7747,-0.20439129,0.1126704
1.7747999,-0.20075215,0.11903383
1.7749,-0.19691499,0.12527984
1.775,-0.19288354,0.13140227
1.7751,-0.1886618,0.13739507
1.7752,-0.18425395,0.14325234
1.7753,-0.17966431,0.14896829
1.7754,-0.17489743,0.15453729
1.7755001,-0.169958,0.15995383
1.7756,-0.16485089,0.16521259
1.7757,-0.15958115,0.17030837
1.7758,-0.15415397,0.17523614
1.7759,-0.14857471,0.17999104
1.776,-0.14284886,0.18456838
1.7761,-0.1369821,0.18896364
1.7762001,-0.13098018,0.19317248
1.7763,-0.12484904,0.19719078
1.7764,-0.11859472,0.20101453
1.7765,-0.1122234,0.20463999
1.7766,-0.10574136,0.20806357
1.7767,-0.099155001,0.2112819
1.7768,-0.09247081,0.21429178
1.7769001,-0.085695386,0.21709026
1.777,-0.078835413,0.2196746
1.7771,-0.071897663,0.22204222
1.7772,-0.064888969,0.22419079
1.7773,-0.057816252,0.22611819
1.7774,-0.050686494,0.22782253
1.7775,-0.043506719,0.22930211
1.7776,-0.036284018,0.23055547
1.7776999,-0.02902551,0.2315814
1.7778,-0.02173836,0.23237887
1.7779,-0.014429754,0.23294708
1.778,-0.0071069049,0.23328549
1.7781,0.00022296514,0.23339376
1.7782,0.0075526242,0.23327178
1.7783,0.014874841,0.23291966
1.7783999,0.022182394,0.23233777
1.7785,0.029468071,0.23152667
1.7786,0.036724687,0.23048717
1.7787,0.043945082,0.22922027
1.7788,0.051122133,0.22772725
1.7789,0.058248758,0.22600956
1.779,0.065317929,0.22406891
1.7790999,0.072322674,0.2219072
1.7792,0.07925608,0.21952657
1.7793,0.0861113,0.21692938
1.7794,0.092881583,0.21411817
1.7795,0.099560238,0.21109574
1.7796,0.10614069,0.20786503
1.7797,0.11261643,0.20442927
1.7798001,0.11898109,0.20079182
1.7799,0.12522838,0.19695628
1.78,0.13135213,0.19292644
1.7801,0.13734631,0.18870625
1.7802,0.143205,0.18429992
1.7803,0.14892243,0.17971174
1.7804,0.15449293,0.17494628
1.7805001,0.15991104,0.17000821
1.7806,0.1651714,0.16490243
1.7807,0.17026882,0.15963396
1.7808,0.17519827,0.154208
1.7809,0.17995489,0.1486299
1.781,0.18453398,0.14290516
1.7811,0.18893105,0.13703945
1.7812001,0.19314171,0.13103853
1.7812999,0.19716185,0.12490833
1.7814,0.20098749,0.11865489
1.7815,0.20461486,0.11228439
1.7816,0.20804037,0.10580311
1.7817,0.21126065,0.099217452
1.7818,0.21427251,0.092533894
1.7819,0.21707301,0.085759044
1.7819999,0.21965934,0.078899585
1.7821,0.22202899,0.071962282
1.7822,0.2241796,0.064953968
1.7823,0.22610906,0.057881575
1.7824,0.22781545,0.050752066
1.7825,0.2292971,0.043572482
1.7826,0.23055254,0.036349904
1.7826999,0.23158054,0.029091455
1.7828,0.23238008,0.021804299
1.7829,0.23295037,0.014495621
1.783,0.23329085,0.0071726344
1.7831,0.23340118,-0.00015743772
1.7832,0.23328125,-0.0074873641
1.7833,0.2329312,-0.014809913
1.7834001,0.23235135,-0.022117862
1.7835,0.23154227,-0.029403999
1.7836,0.23050477,-0.036661141
1.7837,0.22923987,-0.04388212
1.7838,0.22774881,-0.05105982
1.7839,0.22603308,-0.058187157
1.784,0.22409435,-0.065257102
1.7841001,0.22193454,-0.072262675
1.7842,0.2195558,-0.079196975
1.7843,0.21696045,-0.086053148
1.7844,0.21415105,-0.092824437
1.7845,0.2111304,-0.099504158
1.7846,0.20790143,-0.10608573
1.7847,0.20446739,-0.11256265
1.7848001,0.20083161,-0.11892853
1.7849,0.1969977,-0.1251771
1.785,0.19296946,-0.13130218
1.7851,0.18875082,-0.13729773
1.7852,0.18434599,-0.14315785
1.7853,0.17975928,-0.14887676
1.7854,0.17499523,-0.15444878
1.7855,0.17005853,-0.15986845
1.7855999,0.16495405,-0.16513042
1.7857,0.15968685,-0.17022948
1.7858,0.1542621,-0.17516062
1.7859,0.14868516,-0.17991896
1.786,0.14296153,-0.18449982
1.7861,0.13709685,-0.18889867
1.7862,0.13109691,-0.19311117
1.7862999,0.12496765,-0.19713315
1.7864,0.11871509,-0.20096068
1.7865,0.1123454,-0.20458995
1.7866,0.10586488,-0.20801739
1.7867,0.099279903,-0.21123962
1.7868,0.092596985,-0.21425347
1.7869,0.085822701,-0.21705595
1.7869999,0.078963742,-0.21964431
1.7871,0.072026879,-0.22201598
1.7872,0.065018944,-0.22416863
1.7873,0.057946857,-0.22610013
1.7874,0.050817598,-0.22780858
1.7875,0.043638196,-0.2292923
1.7876,0.036415733,-0.23054981
1.7877001,0.029157339,-0.23157988
1.7878,0.021870168,-0.23238151
1.7879,0.014561412,-0.23295386
1.788,0.0072382805,-0.23329641
1.7881,-9.2000664e-05,-0.23340881
1.7882,-0.0074222009,-0.23329094
1.7883,-0.014745089,-0.23294292
1.7884001,-0.022053439,-0.2323651
1.7885,-0.029340044,-0.23155805
1.7886,-0.036597714,-0.23052256
1.7887,-0.04381929,-0.22925964
1.7888,-0.050997645,-0.22777055
1.7889,-0.058125697,-0.22605677
1.789,-0.065196417,-0.22411996
1.7891001,-0.072202832,-0.22196205
1.7891999,-0.079138018,-0.21958518
1.7893,-0.085995153,-0.21699166
1.7894,-0.092767455,-0.21418408
1.7895,-0.099448241,-0.21116519
1.7896,-0.10603094,-0.20793799
1.7897,-0.11250903,-0.20450564
1.7898,-0.11887615,-0.20087153
1.7898999,-0.125126,-0.19703925
1.79,-0.13125242,-0.19301258
1.7901,-0.13724937,-0.18879551
1.7902,-0.1431109,-0.18439215
1.7903,-0.14883128,-0.1798069
1.7904,-0.15440483,-0.17504425
1.7905,-0.15982607,-0.17010891
1.7905999,-0.16508965,-0.16500576
1.7907,-0.17019036,-0.15973981
1.7908,-0.17512318,-0.15431626
1.7909,-0.17988326,-0.14874047
1.791,-0.18446587,-0.14301793
1.7911,-0.1888665,-0.1371543
1.7912,-0.19308083,-0.13115534
1.7913001,-0.19710468,-0.125027
1.7914,-0.20093408,-0.11877531
1.7915,-0.20456526,-0.11240643
1.7916,-0.20799464,-0.10592665
1.7917,-0.21121882,-0.099342361
1.7918,-0.21423465,-0.092660055
1.7919,-0.21703912,-0.085886337
1.7920001,-0.21962948,-0.079027876
1.7921,-0.22200319,-0.072091438
1.7922,-0.22415787,-0.065083876
1.7923,-0.22609143,-0.058012098
1.7924,-0.22780193,-0.050883077
1.7925,-0.22928771,-0.04370385
1.7926,-0.23054731,-0.0364815
1.7927001,-0.23157945,-0.029223148
1.7927999,-0.23238313,-0.021935957
1.7929,-0.23295757,-0.014627115
1.793,-0.23330219,-0.0073038335
1.7931,-0.23341665,2.6663269e-05
1.7932,-0.23330082,0.0073571438
1.7933,-0.23295486,0.014680376
1.7934,-0.23237906,0.021989137
1.7934999,-0.23157403,0.029276213
1.7936,-0.23054053,0.036534417
1.7937,-0.22927959,0.043756593
1.7938,-0.22779247,0.050935607
1.7939,-0.22608063,0.058064383
1.794,-0.22414574,0.065135889
1.7941,-0.22198972,0.072143145
1.7941999,-0.21961471,0.079079233
1.7943,-0.21702303,0.085937321
1.7944,-0.21421725,0.092710644
1.7945,-0.21120013,0.099392511
1.7946,-0.20797466,0.10597633
1.7947,-0.20454401,0.11245561
1.7948,-0.20091157,0.11882397
1.7948999,-0.19708091,0.1250751
1.795,-0.19305582,0.13120286
1.7951,-0.18884028,0.13720119
1.7952,-0.18443844,0.14306417
1.7953,-0.17985463,0.14878602
1.7954,-0.17509338,0.1543611
1.7955,-0.1701594,0.15978391
1.7956001,-0.16505753,0.16504909
1.7957,-0.15979283,0.17015146
1.7958,-0.15437049,0.17508596
1.7959,-0.14879583,0.17984776
1.796,-0.14307438,0.18443213
1.7961,-0.13721178,0.18883456
1.7962,-0.13121381,0.19305071
1.7963001,-0.12508638,0.19707642
1.7964,-0.11883555,0.20090771
1.7965,-0.11246746,0.2045408
1.7966,-0.10598842,0.20797211
1.7967,-0.099404812,0.21119826
1.7968,-0.092723124,0.21421605
1.7969,-0.08594995,0.21702252
1.7970001,-0.079091981,0.21961489
1.7970999,-0.072155975,0.22199062
1.7972,-0.065148771,0.22414735
1.7973,-0.058077291,0.22608295
1.7974,-0.050948504,0.22779551
1.7975,-0.043769445,0.22928336
1.7976,-0.036547195,0.23054501
1.7977,-0.029288882,0.23157923
1.7977999,-0.022001665,0.23238498
1.7979,-0.014692731,0.23296148
1.798,-0.007369292,0.23330817
1.7981,-3.8573118e-05,0.23342468
1.7982,0.0072921938,0.23331091
1.7983,0.014615778,0.23296697
1.7984,0.021924952,0.23239321
1.7984999,0.029212508,0.23159018
1.7986,0.036471255,0.23055868
1.7987,0.043694034,0.22929974
1.7988,0.050873715,0.22781457
1.7989,0.058003217,0.22610466
1.799,0.065075509,0.22417168
1.7991,0.072083615,0.22201756
1.7992001,0.079020612,0.2196444
1.7993,0.085879669,0.21705455
1.7994,0.092654005,0.21425056
1.7995,0.099336952,0.21123523
1.7996,0.10592191,0.20801148
1.7997,0.11240238,0.20458253
1.7998,0.11877197,0.20095173
1.7999001,0.12502439,0.19712269
1.8,0.13115349,0.19309919
1.8001,0.13715321,0.18888517
1.8002,0.14301763,0.18448481
1.8003,0.14874096,0.17990243
1.8004,0.15431757,0.17514259
1.8005,0.15974195,0.17020994
1.8006001,0.16500875,0.16510938
1.8006999,0.17011277,0.15984592
1.8008,0.17504898,0.15442476
1.8009,0.17981249,0.14885125
1.801,0.18439862,0.14313088
1.8011,0.18880285,0.1372693
1.8012,0.19302084,0.1312723
1.8013,0.1970484,0.12514578
1.8013999,0.20088156,0.11889579
1.8015,0.20451656,0.1125285
1.8016,0.2079498,0.10605019
1.8017,0.21117792,0.099467248
1.8018,0.21419768,0.092786171
1.8019,0.21700615,0.086013548
1.802,0.21960053,0.079156056
1.8020999,0.22197828,0.072220467
1.8022,0.22413704,0.065213621
1.8023,0.2260747,0.058142431
1.8024,0.22778931,0.051013872
1.8025,0.22927922,0.043834973
1.8026,0.23054293,0.03661282
1.8027,0.23157921,0.029354539
1.8028001,0.23238704,0.022067286
1.8029,0.2329656,0.014758254
1.803,0.23331434,0.0074346513
1.8031,0.2334329,0.0001037041
1.8032,0.23332119,-0.0072273561
1.8033,0.23297928,-0.014551297
1.8034,0.23240755,-0.021860894
1.8035001,0.23160653,-0.029148934
1.8036,0.23057702,-0.036408227
1.8037,0.22932005,-0.043631617
1.8038,0.22783683,-0.050811969
1.8039,0.22612886,-0.057942204
1.804,0.22419779,-0.065015294
1.8041,0.22204554,-0.072024249
1.8042001,0.21967424,-0.078962162
1.8043,0.21708621,-0.08582218
1.8044,0.21428403,-0.092597552
1.8045,0.21127044,-0.099281579
1.8046,0.20804842,-0.10586767
1.8047,0.20462115,-0.11234933
1.8048,0.20099202,-0.11872017
1.8049001,0.19716458,-0.12497389
1.8049999,0.19314264,-0.13110432
1.8051,0.18893015,-0.13710544
1.8052,0.18453127,-0.14297129
1.8053,0.17995034,-0.14869612
1.8054,0.17519186,-0.15427427
1.8055,0.17026056,-0.15970021
1.8056,0.16516128,-0.16496862
1.8056999,0.15989906,-0.1700743
1.8058,0.15447909,-0.1750122
1.8059,0.14890671,-0.17977744
1.806,0.1431874,-0.18436535
1.8061,0.13732685,-0.18877137
1.8062,0.1313308,-0.19299117
1.8063,0.12520519,-0.19702059
1.8063999,0.11895605,-0.20085564
1.8065,0.11258955,-0.20449255
1.8066,0.10611196,-0.20792773
1.8067,0.099529676,-0.21115778
1.8068,0.092849202,-0.21417955
1.8069,0.086077109,-0.21698999
1.807,0.079220101,-0.21958639
1.8071001,0.072284922,-0.22196616
1.8072,0.065278426,-0.22412696
1.8073,0.058207516,-0.22606665
1.8074,0.051079173,-0.22778332
1.8075,0.04390043,-0.22927529
1.8076,0.036678366,-0.23054107
1.8077,0.029420109,-0.23157941
1.8078001,0.022132816,-0.2323893
1.8079,0.014823678,-0.23296992
1.808,0.0074999058,-0.23332071
1.8081,0.00016872329,-0.23344134
1.8082,-0.0071626366,-0.23333167
1.8083,-0.014486941,-0.23299178
1.8084,-0.021796964,-0.23242207
1.8085001,-0.029085495,-0.23162305
1.8085999,-0.036345344,-0.23059554
1.8087,-0.043569345,-0.22934054
1.8088,-0.050750375,-0.22785927
1.8089,-0.057881352,-0.22615321
1.809,-0.064955235,-0.22422405
1.8091,-0.071965046,-0.22207369
1.8092,-0.078903876,-0.21970423
1.8092999,-0.085764877,-0.21711802
1.8094,-0.092541277,-0.21431762
1.8095,-0.099226385,-0.21130578
1.8096,-0.10581362,-0.20808549
1.8097,-0.11229648,-0.20465989
1.8098,-0.11866856,-0.2010324
1.8099,-0.12492358,-0.19720657
1.8099999,-0.13105537,-0.19318619
1.8101,-0.13705787,-0.18897521
1.8102,-0.14292517,-0.18457781
1.8103,-0.1486515,-0.17999831
1.8104,-0.15423116,-0.17524122
1.8105,-0.1596587,-0.17031124
1.8106,-0.16492872,-0.16521324
1.8107001,-0.17003605,-0.15995225
1.8108,-0.17497565,-0.15453345
1.8109,-0.17974262,-0.14896218
1.811,-0.18433228,-0.14324397
1.8111,-0.1887401,-0.13738441
1.8112,-0.19296174,-0.13138932
1.8113,-0.19699301,-0.12526461
1.8114001,-0.20082995,-0.1190163
1.8115,-0.20446877,-0.11265057
1.8116,-0.20790589,-0.1061737
1.8117,-0.21113791,-0.099592082
1.8118,-0.21416162,-0.092912197
1.8119,-0.21697406,-0.08614064
1.812,-0.21957247,-0.079284094
1.8121001,-0.22195427,-0.072349317
1.8122,-0.2241171,-0.065343164
1.8123,-0.22605884,-0.058272529
1.8124,-0.22777756,-0.051144402
1.8125,-0.22927158,-0.043965805
1.8126,-0.23053941,-0.036743823
1.8127,-0.23157981,-0.029485585
1.8128,-0.23239176,-0.022198245
1.8128999,-0.23297445,-0.014888994
1.813,-0.2333273,-0.0075650453
1.8131,-0.23344997,-0.00023362173
1.8132,-0.23334232,0.0070980433
1.8133,-0.23300448,0.014422718
1.8134,-0.23243678,0.021733174
1.8135,-0.23163976,0.0290222
1.8135999,-0.23061423,0.036282606
1.8137,-0.22936119,0.043507233
1.8138,-0.22788186,0.050688945
1.8139,-0.22617774,0.057820663
1.814,-0.22425047,0.064895354
1.8141,-0.22210197,0.07190603
1.8142,-0.21973436,0.078845777
1.8142999,-0.21714997,0.085707754
1.8144,-0.21435134,0.092485189
1.8145,-0.21134126,0.099171393
1.8146,-0.20812267,0.10575977
1.8147,-0.20469876,0.11224382
1.8148,-0.2010729,0.11861715
1.8149,-0.19724867,0.12487348
1.8150001,-0.19322984,0.13100661
1.8151,-0.18902038,0.13701053
1.8152,-0.18462443,0.14287928
1.8153,-0.18004635,0.14860709
1.8154,-0.17529064,0.15418829
1.8155,-0.17036198,0.15961739
1.8156,-0.16526526,0.16488904
1.8157001,-0.16000549,0.16999803
1.8158,-0.15458785,0.17493932
1.8159,-0.14901771,0.17970803
1.816,-0.14330055,0.18429945
1.8161,-0.13744201,0.18870908
1.8162,-0.13144785,0.19293253
1.8163,-0.12532403,0.19696566
1.8164001,-0.11907655,0.20080449
1.8164999,-0.11271159,0.20444523
1.8166,-0.10623543,0.20788427
1.8167,-0.099654451,0.21111824
1.8168,-0.092975155,0.21414393
1.8169,-0.086204126,0.21695837
1.817,-0.079348035,0.21955879
1.8171,-0.072413661,0.22194259
1.8171999,-0.065407835,0.22410746
1.8173,-0.058337476,0.22605123
1.8174,-0.05120955,0.22777201
1.8175,-0.044031095,0.22926807
1.8176,-0.036809191,0.23053797
1.8177,-0.029550962,0.23158044
1.8178,-0.02226357,0.23239444
1.8178999,-0.014954201,0.23297918
1.818,-0.0076300683,0.23333408
1.8181,-0.000298397,0.23345879
1.8182,0.00703358,0.23335318
1.8183,0.014358629,0.23301736
1.8184,0.021669526,0.23245166
1.8185,0.028959054,0.23165664
1.8186001,0.036220025,0.23063309
1.8187,0.043445274,0.22938201
1.8188,0.050627679,0.22790463
1.8189,0.057760146,0.22620241
1.819,0.064835638,0.22427703
1.8191,0.071847185,0.2221304
1.8192,0.078787863,0.21976463
1.8193001,0.085650824,0.21718204
1.8194,0.092429295,0.2143852
1.8195,0.099116594,0.21137685
1.8196,0.10570613,0.20815997
1.8197,0.11219138,0.20473772
1.8198,0.11856596,0.20111349
1.8199,0.12482359,0.19729085
1.8200001,0.13095808,0.19327357
1.8200999,0.1369634,0.18906562
1.8202,0.14283359,0.18467113
1.8203,0.14856289,0.18009447
1.8204,0.15414564,0.17534012
1.8205,0.15957633,0.17041278
1.8206,0.16484959,0.16531733
1.8207,0.16996023,0.16005877
1.8207999,0.17490321,0.1546423
1.8209,0.17967366,0.14907326
1.821,0.18426687,0.14335714
1.8211,0.18867828,0.1374996
1.8212,0.19290356,0.13150638
1.8213,0.19693856,0.12538344
1.8214,0.20077926,0.11913679
1.8214999,0.20442191,0.11277259
1.8216,0.20786288,0.10629713
1.8217,0.21109881,0.09971679
1.8218,0.21412647,0.093038075
1.8219,0.21694291,0.086267561
1.822,0.21954532,0.079411924
1.8221,0.22193114,0.072477944
1.8221999,0.22409804,0.065472446
1.8223,0.22604385,0.058402345
1.8224,0.22776666,0.051274616
1.8225,0.2292648,0.044096295
1.8226,0.23053674,0.036874462
1.8227,0.23158126,0.029616235
1.8228,0.23239732,0.022328781
1.8229001,0.2329841,0.015019288
1.823,0.23334105,0.0076949662
1.8231,0.2334678,0.00036304144
1.8232,0.23336422,-0.0069692531
1.8233,0.23303042,-0.014294684
1.8234,0.23246673,-0.021606024
1.8235,0.2316737,-0.028896062
1.8236001,0.23065212,-0.036157604
1.8237,0.22940299,-0.043383487
1.8238,0.22792755,-0.05056658
1.8239,0.22622724,-0.0576998
1.824,0.22430375,-0.064776108
1.8241,0.22215898,-0.071788527
1.8242,0.21979503,-0.078730136
1.8243001,0.21721426,-0.08559408
1.8243999,0.21441917,-0.092373595
1.8245,0.21141256,-0.099061996
1.8246,0.20819739,-0.10565268
1.8247,0.20477679,-0.11213914
1.8248,0.2011542,-0.11851498
1.8249,0.19733314,-0.12477392
1.825,0.1933174,-0.13090977
1.8250999,0.18911093,-0.13691649
1.8252,0.18471791,-0.14278813
1.8253,0.18014264,-0.14851893
1.8254,0.17538965,-0.15410322
1.8255,0.17046362,-0.15953548
1.8256,0.16536942,-0.16481037
1.8257,0.16011207,-0.16992268
1.8257999,0.15469676,-0.17486736
1.8259,0.14912882,-0.17963953
1.826,0.14341375,-0.1842345
1.8261,0.13755719,-0.18864772
1.8262,0.13156492,-0.19287483
1.8263,0.12544285,-0.19691168
1.8264,0.119197,-0.20075427
1.8265001,0.11283356,-0.20439883
1.8266,0.1063588,-0.20784172
1.8267,0.099779092,-0.2110796
1.8268,0.093100943,-0.21410924
1.8269,0.086330935,-0.21692766
1.827,0.079475753,-0.21953207
1.8271,0.072542153,-0.22191992
1.8272001,0.065536976,-0.22408883
1.8273,0.058467127,-0.22603668
1.8274,0.051339593,-0.22776155
1.8275,0.044161398,-0.22926173
1.8276,0.036939625,-0.23053572
1.8277,0.029681398,-0.23158228
1.8278,0.022393877,-0.23240039
1.8279001,0.015084253,-0.23298922
1.8279999,0.007759735,-0.23334822
1.8281,0.00042755017,-0.233477
1.8282,-0.0069050682,-0.23337545
1.8283,-0.014230886,-0.23304367
1.8284,-0.021542678,-0.23248197
1.8285,-0.028833227,-0.23169093
1.8286,-0.036095344,-0.23067132
1.8286999,-0.043321863,-0.22942413
1.8288,-0.050505657,-0.22795062
1.8289,-0.057639636,-0.22625223
1.829,-0.064716764,-0.22433062
1.8291,-0.071730055,-0.2221877
1.8292,-0.078672595,-0.21982558
1.8293,-0.085537538,-0.21724659
1.8293999,-0.092318103,-0.21445327
1.8295,-0.099007607,-0.21144839
1.8296,-0.10559944,-0.20823491
1.8297,-0.11208711,-0.20481597
1.8298,-0.11846422,-0.20119499
1.8299,-0.12472446,-0.19737551
1.83,-0.13086167,-0.1933613
1.8301001,-0.13686979,-0.18915634
1.8302,-0.1427429,-0.18476474
1.8303,-0.14847519,-0.18019088
1.8304,-0.15406102,-0.17543924
1.8305,-0.15949486,-0.17051451
1.8306,-0.16477138,-0.16542156
1.8307,-0.16988535,-0.16016541
1.8308001,-0.17483172,-0.15475124
1.8309,-0.17960563,-0.14918439
1.831,-0.18420237,-0.14347036
1.8311,-0.18861738,-0.13761479
1.8312,-0.19284633,-0.13162343
1.8313,-0.19688503,-0.12550223
1.8314,-0.2007295,-0.1192572
1.8315001,-0.20437597,-0.11289451
1.8316,-0.2078208,-0.10642042
1.8317,-0.21106063,-0.099841349
1.8318,-0.21409224,-0.093163766
1.8319,-0.21691264,-0.086394258
1.832,-0.21951906,-0.079539515
1.8321,-0.22190891,-0.072606288
1.8322001,-0.22407986,-0.065601423
1.8322999,-0.22602974,-0.058531824
1.8324,-0.22775665,-0.051404472
1.8325,-0.22925887,-0.044226397
1.8326,-0.2305349,-0.037004679
1.8327,-0.23158352,-0.029746443
1.8328,-0.23240367,-0.022458849
1.8329,-0.23299456,-0.015149088
1.8329999,-0.23335558,-0.0078243678
1.8331,-0.23348638,-0.00049191673
1.8332,-0.23338686,0.0068410314
1.8333,-0.23305708,0.014167243
1.8334,-0.23249739,0.021479489
1.8335,-0.23170833,0.028770559
1.8336,-0.23069069,0.036033258
1.8336999,-0.22944544,0.043260418
1.8338,-0.22797385,0.050444916
1.8339,-0.22627735,0.057579659
1.834,-0.22435762,0.064657606
1.8341,-0.22221655,0.071671784
1.8342,-0.21985625,0.078615263
1.8343,-0.21727905,0.085481197
1.8344001,-0.21448749,0.092262812
1.8345,-0.21148433,0.098953418
1.8346,-0.20827252,0.10554641
1.8347,-0.20485525,0.1120353
1.8348,-0.20123586,0.11841366
1.8349,-0.19741796,0.12467523
1.835,-0.19340527,0.13081381
1.8351001,-0.18920179,0.13682333
1.8352,-0.18481165,0.14269789
1.8353,-0.18023917,0.14843169
1.8354,-0.17548887,0.15401906
1.8355,-0.17056544,0.15945449
1.8356,-0.16547374,0.16473262
1.8357,-0.16021878,0.16984825
1.8358001,-0.15480575,0.17479633
1.8358999,-0.14923999,0.17957197
1.836,-0.14352699,0.18417047
1.8361,-0.13767238,0.18858729
1.8362,-0.13168195,0.19281806
1.8363,-0.12556159,0.19685863
1.8364,-0.11931737,0.20070498
1.8365,-0.11295541,0.20435335
1.8365999,-0.10648201,0.20780012
1.8367,-0.099903554,0.21104188
1.8368,-0.093226522,0.21407546
1.8369,-0.086457513,0.21689785
1.837,-0.079603203,0.21950626
1.8371,-0.072670341,0.22189814
1.8372,-0.065665781,0.2240711
1.8372999,-0.058596428,0.22602302
1.8374,-0.051469255,0.22775196
1.8375,-0.044291291,0.22925621
1.8376,-0.037069622,0.2305343
1.8377,-0.029811371,0.23158497
1.8378,-0.022523697,0.23240715
1.8379,-0.015213791,0.23300007
1.8380001,-0.0078888629,0.23336314
1.8381,-0.00055614044,0.23349597
1.8382,0.0067771436,0.23339845
1.8383,0.014103754,0.23307069
1.8384,0.021416463,0.23251298
1.8385,0.028708056,0.2317259
1.8386,0.03597134,0.23071021
1.8387001,0.043199152,0.22946692
1.8388,0.050384354,0.22799723
1.8389,0.057519864,0.22630262
1.839,0.064598642,0.22438475
1.8391,0.071613699,0.22224553
1.8392,0.078558125,0.21988705
1.8393,0.085425057,0.21731162
1.8394001,0.09220773,0.21452181
1.8395,0.098899446,0.21152037
1.8396,0.10549361,0.20831025
1.8397,0.11198371,0.2048946
1.8398,0.11836334,0.20127684
1.8399,0.12462621,0.19746049
1.84,0.13076615,0.19344932
1.8401,0.13677709,0.18924731
1.8401999,0.14265311,0.18485861
1.8403,0.1483884,0.18028751
1.8404,0.15397732,0.17553855
1.8405,0.15941434,0.1706164
1.8406,0.1646941,0.16552594
1.8407,0.1698114,0.16027217
1.8408,0.17476118,0.15486026
1.8408999,0.17953855,0.14929558
1.841,0.18413882,0.1435836
1.8411,0.18855743,0.13772996
1.8412,0.19279003,0.13174044
1.8413,0.19683245,0.12562093
1.8414,0.20068069,0.11937749
1.8415,0.20433097,0.11301627
1.8415999,0.20777966,0.10654355
1.8417,0.21102338,0.099965699
1.8418,0.21405892,0.093289219
1.8419,0.21688329,0.086520694
1.842,0.2194937,0.079666808
1.8421,0.22188757,0.072734311
1.8422,0.22406256,0.06573005
1.8423001,0.22601651,0.058660928
1.8424,0.22774747,0.051533926
1.8425,0.22925377,0.04435607
1.8426,0.2305339,0.037134442
1.8427,0.23158659,0.029876169
1.8428,0.23241083,0.022588409
1.8429,0.23300579,0.015278352
1.8430001,0.23337087,0.0079532107
1.8431,0.23350573,0.00062020967
1.8432,0.23341022,-0.006713416
1.8433,0.23308446,-0.014040431
1.8434,0.23252875,-0.021353608
1.8435,0.23174363,-0.02864573
1.8436,0.23072989,-0.035909604
1.8437001,0.22948852,-0.043138068
1.8437999,0.22802076,-0.050323986
1.8439,0.22632803,-0.057460267
1.844,0.22441204,-0.06453988
1.8441,0.22227463,-0.071555823
1.8442,0.21991795,-0.078501195
1.8443,0.21734431,-0.085369132
1.8444,0.21455625,-0.092152864
1.8444999,0.21155651,-0.098845698
1.8446,0.20834805,-0.10544102
1.8447,0.20493405,-0.11193234
1.8448,0.20131788,-0.11831324
1.8449,0.19750308,-0.12457743
1.845,0.19349344,-0.13071874
1.8451,0.18929289,-0.13673109
1.8451999,0.1849056,-0.14260857
1.8453,0.18033589,-0.14834537
1.8454,0.17558825,-0.15393583
1.8455,0.17066739,-0.15937443
1.8456,0.16557816,-0.16465582
1.8457,0.16032556,-0.16977479
1.8458,0.15491478,-0.17472626
1.8459001,0.14935116,-0.17950536
1.846,0.14364021,-0.18410741
1.8461,0.13778752,-0.18852781
1.8462,0.13179889,-0.19276224
1.8463,0.12568024,-0.19680652
1.8464,0.11943758,-0.20065664
1.8465,0.11307708,-0.20430881
1.8466001,0.10660502,-0.20775943
1.8467,0.10002778,-0.21100509
1.8468,0.093351841,-0.2140426
1.8469,0.086583801,-0.21686895
1.847,0.079730324,-0.21948135
1.8471,0.072798185,-0.22187725
1.8472,0.065794215,-0.22405425
1.8473001,0.05872532,-0.2260102
1.8474,0.051598482,-0.22774321
1.8475,0.044420727,-0.22925153
1.8476,0.037199132,-0.2305337
1.8477,0.029940831,-0.23158844
1.8478,0.022652978,-0.23241471
1.8479,0.015342765,-0.23301169
1.848,0.0080174031,-0.2333788
1.8480999,0.00068411796,-0.23351568
1.8482,-0.0066498546,-0.23342218
1.8483,-0.01397728,-0.2330984
1.8484,-0.021290928,-0.23254466
1.8485,-0.028583586,-0.23176152
1.8486,-0.035848059,-0.23074973
1.8487,-0.043077178,-0.22951028
1.8487999,-0.050263811,-0.22804442
1.8489,-0.057400871,-0.22635359
1.849,-0.064481318,-0.22443943
1.8491,-0.071498163,-0.22230387
1.8492,-0.078444481,-0.21994898
1.8493,-0.085313424,-0.21737711
1.8494,-0.092098221,-0.21459077
1.8494999,-0.098792166,-0.21159273
1.8496,-0.10538866,-0.20838596
1.8497,-0.1118812,-0.20497358
1.8498,-0.11826337,-0.20135899
1.8499,-0.12452888,-0.19754574
1.85,-0.13067156,-0.19353761
1.8501,-0.13668533,-0.18933852
1.8502001,-0.14256427,-0.18495265
1.8503,-0.14830257,-0.18038429
1.8504,-0.15389457,-0.17563799
1.8505,-0.15933476,-0.1707184
1.8506,-0.16461779,-0.16563037
1.8507,-0.16973841,-0.16037895
1.8508,-0.17469159,-0.15496929
1.8509001,-0.17947243,-0.14940673
1.851,-0.18407623,-0.14369678
1.8511,-0.18849844,-0.13784505
1.8512,-0.1927347,-0.13185732
1.8513,-0.19678082,-0.1257395
1.8514,-0.20063283,-0.11949762
1.8515,-0.20428689,-0.11313784
1.8516001,-0.20773944,-0.10666643
1.8516999,-0.21098705,-0.10008979
1.8518,-0.21402651,-0.093414389
1.8519,-0.21685484,-0.086646818
1.852,-0.21946923,-0.079793751
1.8521,-0.22186713,-0.072861962
1.8522,-0.22404614,-0.065858267
1.8523,-0.22600412,-0.0587896
1.8523999,-0.22773916,-0.051662918
1.8525,-0.22924951,-0.044485252
1.8526,-0.2305337,-0.037263691
1.8527,-0.23159048,-0.030005354
1.8528,-0.23241878,-0.022717403
1.8529,-0.23301779,-0.015407027
1.853,-0.23338692,-0.008081438
1.8530999,-0.2335258,-0.00074786338
1.8532,-0.2334343,0.0065864623
1.8533,-0.23311251,0.013914303
1.8534,-0.23256075,0.021228431
1.8535,-0.23177956,0.028521627
1.8536,-0.23076971,0.0357867
1.8537,-0.22953218,0.043016482
1.8538001,-0.22806823,0.050203837
1.8539,-0.22637926,0.05734168
1.854,-0.22446696,0.064422965
1.8541,-0.22233322,0.071440704
1.8542,-0.21998012,0.078387983
1.8543,-0.21741001,0.08525794
1.8544,-0.21462542,0.092043795
1.8545001,-0.21162906,0.098738864
1.8546,-0.20842394,0.10533653
1.8547,-0.20501319,0.11183029
1.8548,-0.20140018,0.11821374
1.8549,-0.19758847,0.12448058
1.855,-0.19358182,0.13062462
1.8551,-0.18938421,0.1366398
1.8552001,-0.18499973,0.1425202
1.8552999,-0.18043275,0.14826001
1.8554,-0.17568775,0.15385357
1.8555,-0.17076942,0.15929535
1.8556,-0.16568261,0.16457999
1.8557,-0.16043235,0.16970228
1.8558,-0.1550238,0.17465715
1.8559,-0.1494623,0.17943974
1.8559999,-0.14375333,0.1840453
1.8561,-0.13790256,0.18846931
1.8562,-0.13191572,0.19270739
1.8563,-0.12579872,0.19675536
1.8564,-0.1195576,0.20060924
1.8565,-0.11319853,0.20426522
1.8566,-0.10672778,0.20771968
1.8566999,-0.10015173,0.21096924
1.8568,-0.093476847,0.21401066
1.8569,-0.086709745,0.21684097
1.857,-0.079857081,0.21945734
1.8571,-0.072925627,0.22185723
1.8572,-0.065922216,0.22403826
1.8573,-0.05885376,0.22599825
1.8573999,-0.051727228,0.22773531
1.8575,-0.044549651,0.22924769
1.8576,-0.037328113,0.23053391
1.8577,-0.030069733,0.23159271
1.8578,-0.022781678,0.23242304
1.8579,-0.015471132,0.23302406
1.858,-0.0081453109,0.2333952
1.8581001,-0.00081144104,0.23353611
1.8582,0.0065232432,0.2334466
1.8583,0.013851505,0.2331268
1.8584,0.021166116,0.23257701
1.8585,0.028459858,0.23179777
1.8586,0.035725538,0.23078984
1.8587,0.042955983,0.22955424
1.8588001,0.050144069,0.22809216
1.8589,0.057282697,0.22640507
1.859,0.064364828,0.22449462
1.8591,0.071383469,0.22236268
1.8592,0.078331701,0.22001138
1.8593,0.085202672,0.21744302
1.8594,0.091989599,0.21466014
1.8595001,0.098685786,0.21166548
1.8595999,0.10528462,0.208462
1.8597,0.11177962,0.20505287
1.8598,0.11816434,0.20144142
1.8599,0.1244325,0.19763125
1.86,0.13057792,0.19362611
1.8601,0.13659452,0.18942992
1.8602,0.14247638,0.18504685
1.8602999,0.14821771,0.18048123
1.8604,0.1538128,0.17573753
1.8605,0.15925618,0.17082046
1.8606,0.16454244,0.16573486
1.8607,0.16966639,0.16048574
1.8608,0.17462297,0.15507829
1.8609,0.17940728,0.14951783
1.8609999,0.18401462,0.14380987
1.8611,0.18844041,0.13796002
1.8612,0.19268033,0.13197406
1.8613,0.19673015,0.12585787
1.8614,0.2005859,0.11961753
1.8615,0.20424378,0.11325917
1.8616,0.20770016,0.10678905
1.8617001,0.21095166,0.10021357
1.8618,0.21399504,0.093539216
1.8619,0.2168273,0.086772569
1.862,0.21944568,0.079920307
1.8621,0.22184756,0.072989188
1.8622,0.22403058,0.065986045
1.8623,0.22599261,0.058917794
1.8624001,0.22773167,0.051791403
1.8625,0.22924608,0.044613909
1.8626,0.23053433,0.037392385
1.8627,0.23159514,0.030133959
1.8628,0.23242749,0.02284579
1.8629,0.23303053,0.015535071
1.863,0.23340368,0.0082090115
1.8631001,0.23354657,0.00087484007
1.8631999,0.23345907,-0.006460208
1.8633,0.23314124,-0.013788897
1.8634,0.2325934,-0.021103995
1.8635,0.23181611,-0.028398288
1.8636,0.23081012,-0.035664577
1.8637,0.22957642,-0.042895697
1.8638,0.22811624,-0.050084513
1.8638999,0.226431,-0.057223927
1.864,0.22452238,-0.064306907
1.8641,0.22239226,-0.071326457
1.8642,0.22004274,-0.078275651
1.8643,0.21747611,-0.085147634
1.8644,0.21469495,-0.091935635
1.8645,0.21170197,-0.098632947
1.8645999,0.20850015,-0.10523297
1.8647,0.20509261,-0.11172918
1.8648,0.20148274,-0.11811519
1.8649,0.19767408,-0.12438467
1.865,0.19367042,-0.13053146
1.8651,0.18947567,-0.13654949
1.8652,0.185094,-0.14243282
1.8653001,0.18052971,-0.14817564
1.8654,0.17578731,-0.15377229
1.8655,0.1708715,-0.15921725
1.8656,0.16578709,-0.16450514
1.8657,0.16053912,-0.16963077
1.8658,0.15513277,-0.17458904
1.8659,0.14957336,-0.17937508
1.8660001,0.14386638,-0.18398418
1.8661,0.13801745,-0.18841177
1.8662,0.13203235,-0.19265351
1.8663,0.12591699,-0.19670518
1.8664,0.11967739,-0.2005628
1.8665,0.11331972,-0.20422257
1.8666,0.10685024,-0.20768088
1.8667001,0.10027534,-0.21093431
1.8668,0.093601495,-0.21397965
1.8669,0.086835302,-0.21681389
1.867,0.079983428,-0.21943425
1.8671,0.07305263,-0.22183812
1.8672,0.066049755,-0.22402315
1.8673,0.058981702,-0.22598717
1.8674001,0.051855449,-0.22772825
1.8674999,0.044678025,-0.22924468
1.8676,0.037456512,-0.23053494
1.8677,0.030198034,-0.23159778
1.8678,0.022909747,-0.23243214
1.8679,0.015598848,-0.2330372
1.868,0.0082725454,-0.23341236
1.8681,0.00093806692,-0.23355724
1.8681999,-0.0063973502,-0.23347172
1.8683,-0.013726471,-0.23315586
1.8684,-0.021042062,-0.23260999
1.8685,-0.028336911,-0.23183464
1.8686,-0.035603818,-0.23083057
1.8687,-0.042835612,-0.22959878
1.8688,-0.050025161,-0.22814046
1.8688999,-0.057165373,-0.22645709
1.869,-0.064249203,-0.22455029
1.8691,-0.071269661,-0.22242197
1.8692,-0.078219816,-0.22007421
1.8693,-0.085092828,-0.21750934
1.8694,-0.091881901,-0.21472989
1.8695,-0.098580338,-0.21173859
1.8696001,-0.10518154,-0.20853838
1.8697,-0.11167899,-0.20513244
1.8698,-0.11806627,-0.20152414
1.8699,-0.12433708,-0.197717
1.87,-0.13048525,-0.1937148
1.8701,-0.13650469,-0.18952149
1.8702,-0.14238949,-0.18514119
1.8703001,-0.1481338,-0.18057823
1.8704,-0.153732,-0.1758371
1.8705,-0.15917853,-0.17092249
1.8706,-0.16446804,-0.16583924
1.8707,-0.16959529,-0.16059238
1.8708,-0.17455526,-0.15518709
1.8709,-0.17934301,-0.14962867
1.8710001,-0.18395385,-0.14392264
1.8710999,-0.18838322,-0.13807462
1.8712,-0.19262677,-0.13209037
1.8713,-0.19668029,-0.12597582
1.8714,-0.20053977,-0.11973695
1.8715,-0.20420143,-0.11337997
1.8716,-0.20766164,-0.10691112
1.8717,-0.210917,-0.10033678
1.8717999,-0.21396427,-0.093663439
1.8719,-0.21680048,-0.086897686
1.872,-0.21942279,-0.080046184
1.8721,-0.22182864,-0.073115699
1.8722,-0.22401565,-0.06611307
1.8723,-0.22598167,-0.059045207
1.8724,-0.22772475,-0.051919073
1.8724999,-0.22924316,-0.044741705
1.8726,-0.23053543,-0.037520193
1.8727,-0.23160027,-0.030261645
1.8728,-0.23243661,-0.02297323
1.8729,-0.23304367,-0.015662139
1.873,-0.23342082,-0.0083355857
1.8731,-0.23356767,-0.0010007927
1.8732001,-0.2334841,0.006335001
1.8733,-0.2331702,0.013664558
1.8734,-0.23262627,0.020980647
1.8735,-0.23185283,0.028276054
1.8736,-0.23085065,0.03554358
1.8737,-0.22962075,0.042776052
1.8738,-0.2281643,0.049966339
1.8739001,-0.22648275,0.057107348
1.874,-0.22457775,0.064192027
1.8741,-0.22245122,0.071213394
1.8742,-0.22010522,0.078164525
1.8743,-0.21754205,0.08503855
1.8744,-0.21476428,0.091828696
1.8745,-0.21177463,0.098528266
1.8746001,-0.20857604,0.10513064
1.8747,-0.20517169,0.11162931
1.8748,-0.20156492,0.11801787
1.8749,-0.19775927,0.12429001
1.875,-0.19375853,0.13043955
1.8751,-0.18956663,0.13646041
1.8752,-0.18518771,0.14234667
1.8753,-0.18062608,0.14809249
1.8753999,-0.17588624,0.15369223
1.8755,-0.17097288,0.15914036
1.8756,-0.16589083,0.1644315
1.8757,-0.16064511,0.16956043
1.8758,-0.15524091,0.1745221
1.8759,-0.14968355,0.1793116
1.876,-0.14397849,0.1839242
1.8760999,-0.13813138,0.18835537
1.8762,-0.132148,0.19260073
1.8763,-0.12603423,0.19665609
1.8764,-0.11979613,0.20051746
1.8765,-0.11343983,0.20418102
1.8766,-0.1069716,0.20764315
1.8767,-0.10039783,0.21090044
1.8767999,-0.093725003,0.21394968
1.8769,-0.08695969,0.21678786
1.877,-0.080108576,0.21941216
1.8771,-0.073178411,0.22182001
1.8772,-0.066176042,0.22400902
1.8773,-0.059108369,0.22597705
1.8774,-0.051982373,0.22772214
1.8775001,-0.044805076,0.22924258
1.8776,-0.037583563,0.23053688
1.8777,-0.030324958,0.23160373
1.8778,-0.023036424,0.2324421
1.8779,-0.015725147,0.23305115
1.878,-0.0083983419,0.2334303
1.8781,-0.0010632359,0.23357916
1.8782001,0.0062729339,0.23349757
1.8783,0.013602931,0.23318565
1.8784,0.020919522,0.23264366
1.8785,0.028215492,0.23187217
1.8786,0.03548364,0.23087192
1.8787,0.042716797,0.2296439
1.8788,0.049907826,0.22818933
1.8789001,0.057049636,0.22650963
1.8789999,0.064135179,0.22460648
1.8791,0.071157463,0.22248173
1.8792,0.078109555,0.22013749
1.8793,0.084984615,0.21757607
1.8794,0.091775842,0.2148
1.8795,0.098476537,0.21181202
1.8796,0.10508011,0.20861506
1.8796999,0.11158001,0.20521231
1.8798,0.11796986,0.20160708
1.8799,0.12424333,0.19780296
1.88,0.13039425,0.19380368
1.8801,0.13641654,0.18961321
1.8802,0.14230427,0.18523565
1.8803,0.1480516,0.18067536
1.8803999,0.15365291,0.1759368
1.8805,0.15910263,0.17102468
1.8806,0.16439541,0.16594382
1.8807,0.16952601,0.16069923
1.8808,0.17448938,0.1552961
1.8809,0.17928061,0.14973976
1.881,0.18389499,0.14403567
1.8811001,0.18832797,0.13818948
1.8812,0.19257514,0.13220695
1.8813,0.19663236,0.12609397
1.8814,0.20049559,0.1198566
1.8815,0.20416103,0.11350095
1.8816,0.20762506,0.10703333
1.8817,0.21088427,0.1004601
1.8818001,0.21393545,0.093787752
1.8819,0.21677558,0.087022863
1.882,0.21940185,0.080172107
1.8821,0.22181167,0.073242247
1.8822,0.22400267,0.066240117
1.8823,0.2259727,0.059172619
1.8824,0.2277198,0.052046735
1.8825001,0.22924224,0.04486949
1.8825999,0.23053853,0.037647966
1.8827,0.23160738,0.030389287
1.8828,0.23244776,0.023100611
1.8829,0.23305881,0.015789131
1.883,0.23343994,0.0084620612
1.8831,0.23359077,0.0011266279
1.8832,0.23351115,-0.0062099313
1.8832999,0.23320116,-0.013540379
1.8834,0.23266111,-0.020857481
1.8835,0.23189154,-0.028154023
1.8836,0.23089319,-0.035422806
1.8837,0.22966705,-0.042656653
1.8838,0.22821434,-0.049848434
1.8839,0.22653648,-0.056991052
1.8839999,0.22463512,-0.064077459
1.8841,0.22251216,-0.07110066
1.8842,0.22016966,-0.078053743
1.8843,0.21760997,-0.084929824
1.8844,0.21483558,-0.091722138
1.8845,0.21184924,-0.09842398
1.8846,0.2086539,-0.10502873
1.8846999,0.20525271,-0.11152988
1.8848,0.20164901,-0.11792101
1.8849,0.19784638,-0.12419582
1.885,0.19384855,-0.13034813
1.8851,0.18965949,-0.13637184
1.8852,0.18528329,-0.14226103
1.8853,0.18072431,-0.1480099
1.8854001,0.17598702,-0.15361275
1.8855,0.1710761,-0.15906405
1.8856,0.1659964,-0.16435847
1.8857,0.16075294,-0.16949072
1.8858,0.15535086,-0.17445579
1.8859,0.14979553,-0.17924877
1.886,0.1440924,-0.18386491
1.8861001,0.1382471,-0.18829967
1.8862,0.1322654,-0.19254866
1.8863,0.12615322,-0.19660772
1.8864,0.11991655,-0.20047282
1.8865,0.11356158,-0.20414016
1.8866,0.10709456,-0.20760609
1.8867,0.10052187,-0.21086724
1.8868001,0.093850002,-0.21392035
1.8868999,0.08708553,-0.21676244
1.887,0.080235139,-0.21939068
1.8871,0.07330557,-0.22180249
1.8872,0.06630367,-0.22399548
1.8873,0.059236351,-0.2259675
1.8874,0.052110575,-0.22771658
1.8875,0.044933379,-0.22924103
1.8875999,0.037711836,-0.23053932
1.8877,0.030453077,-0.23161018
1.8878,0.023164259,-0.23245254
1.8879,0.015852574,-0.23306558
1.888,0.0085252365,-0.23344868
1.8881,0.0011894739,-0.2336015
1.8882,-0.0061474764,-0.23352385
1.8882999,-0.013478376,-0.23321581
1.8884,-0.020795994,-0.2326777
1.8885,-0.028093109,-0.23191004
1.8886,-0.035362523,-0.23091358
1.8887,-0.042597067,-0.22968931
1.8888,-0.049789596,-0.22823846
1.8889,-0.056933023,-0.22656243
1.8890001,-0.064020298,-0.22466287
1.8891,-0.07104443,-0.22254167
1.8892,-0.077998482,-0.22020093
1.8893,-0.084875599,-0.21764295
1.8894,-0.091669001,-0.21487023
1.8895,-0.098371975,-0.21188554
1.8896,-0.10497791,-0.20869181
1.8897001,-0.1114803,-0.20529218
1.8898,-0.11787272,-0.20169002
1.8899,-0.12414887,-0.19788887
1.89,-0.13030255,-0.19389249
1.8901,-0.1363277,-0.18970482
1.8902,-0.14221835,-0.18532999
1.8903,-0.14796872,-0.1807723
1.8904001,-0.15357313,-0.17603628
1.8904999,-0.15902603,-0.17112657
1.8906,-0.16432206,-0.16604804
1.8907,-0.16945599,-0.16080567
1.8908,-0.17442274,-0.15540466
1.8909,-0.17921744,-0.14985032
1.891,-0.18383534,-0.14414813
1.8911,-0.1882719,-0.13830373
1.8911999,-0.1925227,-0.13232286
1.8913,-0.1965836,-0.12621145
1.8914,-0.20045055,-0.11997551
1.8915,-0.20411977,-0.11362119
1.8916,-0.20758761,-0.10715477
1.8917,-0.21085069,-0.10058262
1.8918,-0.21390574,-0.093911231
1.8918999,-0.21674977,-0.087147176
1.892,-0.21937996,-0.080297142
1.8921,-0.22179374,-0.073367871
1.8922,-0.22398873,-0.066366203
1.8923,-0.22596273,-0.059299048
1.8924,-0.22771381,-0.05217338
1.8925,-0.22924024,-0.044996224
1.8926001,-0.23054053,-0.037774663
1.8927,-0.23161338,-0.030515824
1.8928,-0.23245773,-0.023226861
1.8929,-0.23307276,-0.015914971
1.893,-0.23345783,-0.0085873632
1.8931,-0.23361261,-0.0012512697
1.8932,-0.23353691,0.0060860734
1.8933001,-0.23323081,0.013417427
1.8934,-0.23269463,0.02073556
1.8935,-0.23192887,0.028033249
1.8936,-0.23093431,0.035303298
1.8937,-0.22971191,0.042538535
1.8938,-0.22826289,0.049731817
1.8939,-0.22658868,0.056876056
1.8940001,-0.22469091,0.063964196
1.8941,-0.22257149,0.070989244
1.8942,-0.22023247,0.077944279
1.8943,-0.21767618,0.084822424
1.8944,-0.21490514,0.091616906
1.8945,-0.21192208,0.098321021
1.8946,-0.20872995,0.10492815
1.8947001,-0.20533188,0.11143177
1.8947999,-0.20173123,0.11782548
1.8949,-0.19793157,0.12410296
1.895,-0.19393662,0.13025801
1.8951,-0.18975034,0.13628457
1.8952,-0.18537685,0.1421767
1.8953,-0.18082047,0.14792858
1.8954,-0.1760857,0.15353453
1.8954999,-0.17117719,0.15898901
1.8956,-0.1660998,0.16428667
1.8957,-0.16085854,0.16942225
1.8958,-0.15545857,0.1743907
1.8959,-0.14990522,0.17918712
1.896,-0.14420396,0.18380678
1.8961,-0.13836044,0.1882451
1.8961999,-0.1323804,0.19249773
1.8963,-0.12626976,0.19656046
1.8964,-0.12003452,0.20042926
1.8965,-0.11368085,0.20410036
1.8966,-0.10721502,0.20757011
1.8967,-0.1006434,0.21083508
1.8968,-0.093972482,0.21389206
1.8969001,-0.087208837,0.21673803
1.897,-0.080359146,0.21937019
1.8971,-0.073430158,0.22178593
1.8972,-0.066428714,0.22398289
1.8973,-0.059361722,0.22595887
1.8974,-0.052236151,0.22771193
1.8975,-0.045059033,0.22924036
1.8976001,-0.037837446,0.23054262
1.8977,-0.030578513,0.23161745
1.8978,-0.023289401,0.23246378
1.8979,-0.015977295,0.23308077
1.898,-0.0086494125,0.23346783
1.8981,-0.0013129811,0.23362455
1.8982,0.0060247611,0.23355079
1.8983001,0.013356575,0.23324662
1.8983999,0.020675227,0.23271236
1.8985,0.027973499,0.23194849
1.8986,0.035244189,0.23095581
1.8987,0.042480122,0.22973527
1.8988,0.049674165,0.22828808
1.8989,0.056819215,0.22661567
1.899,0.063908227,0.2247197
1.8990999,0.070934199,0.22260202
1.8992,0.077890217,0.22026473
1.8993,0.084769398,0.21771014
1.8994,0.091564968,0.21494076
1.8995,0.098270223,0.21195932
1.8996,0.10487854,0.20876876
1.8997,0.1113834,0.20537224
1.8997999,0.11777839,0.20177311
1.8999,0.1240572,0.19797491
1.9,0.13021365,0.19398138
1.9001,0.13624163,0.18979648
1.9002,0.14213522,0.18542433
1.9003,0.1478886,0.18086922
1.9004,0.1534961,0.17613569
1.9005001,0.15895218,0.17122838
1.9006,0.16425145,0.16615212
1.9007,0.16938868,0.16091195
1.9008,0.17435883,0.155513
1.9009,0.17915697,0.14996064
1.901,0.18377838,0.14426032
1.9011,0.18821847,0.13841765
1.9012001,0.1924729,0.13243844
1.9013,0.19653746,0.12632854
1.9014,0.20040813,0.120094
1.9015,0.2040811,0.11374097
1.9016,0.20755275,0.10727572
1.9017,0.21081963,0.10070463
1.9018,0.21387853,0.094034158
1.9019001,0.21672645,0.087270916
1.902,0.21936056,0.08042156
1.9021,0.22177826,0.073492847
1.9022,0.22397718,0.066491619
1.9023,0.22595513,0.059424777
1.9024,0.22771017,0.052299295
1.9025,0.22924058,0.045122202
1.9026,0.23054482,0.037900582
1.9026999,0.23162162,0.030641552
1.9028,0.23246993,0.023352278
1.9029,0.2330889,0.016039953
1.903,0.23347791,0.008711786
1.9031,0.23363657,0.0013750091
1.9032,0.23356476,-0.0059631392
1.9033,0.23326251,-0.01329542
1.9033999,0.23273015,-0.0206146
1.9035,0.23196818,-0.027913459
1.9036,0.23097736,-0.035184793
1.9037,0.22975868,-0.042421434
1.9038,0.22831331,-0.049616236
1.9039,0.22664271,-0.056762107
1.904,0.22474851,-0.063851997
1.9040999,0.22263257,-0.070878901
1.9042,0.22029699,-0.077835903
1.9043,0.21774408,-0.084716126
1.9044,0.21497636,-0.091512784
1.9045,0.21199653,-0.098219179
1.9046,0.20880756,-0.10482869
1.9047,0.20541257,-0.1113348
1.9048001,0.20181493,-0.11773108
1.9049,0.19801819,-0.12401123
1.905,0.19402608,-0.13016905
1.9051,0.18984255,-0.13619846
1.9052,0.18547173,-0.14209352
1.9053,0.1809179,-0.14784841
1.9054,0.17618559,-0.15345745
1.9055001,0.17127946,-0.15891512
1.9056,0.16620435,-0.16421601
1.9057,0.16096525,-0.1693549
1.9058,0.15556733,-0.17432673
1.9059,0.15001594,-0.17912661
1.906,0.14431652,-0.18374975
1.9061,0.13847473,-0.18819164
1.9062001,0.13249631,-0.19244787
1.9062999,0.12638716,-0.19651426
1.9064,0.12015332,-0.20038679
1.9065,0.11380093,-0.20406163
1.9066,0.10733625,-0.20753516
1.9067,0.10076567,-0.21080396
1.9068,0.094095655,-0.21386477
1.9069,0.087332793,-0.21671462
1.9069999,0.08048375,-0.21935065
1.9071,0.073555291,-0.22177029
1.9072,0.066554248,-0.22397113
1.9073,0.059487529,-0.22595102
1.9074,0.052362118,-0.22770801
1.9075,0.045185037,-0.22924037
1.9076,0.037963361,-0.23054656
1.9076999,0.030704223,-0.23162532
1.9078,0.023414787,-0.23247559
1.9079,0.016102234,-0.23309651
1.908,0.0087737814,-0.23348747
1.9081,0.0014366596,-0.23364809
1.9082,-0.0059018945,-0.23357821
1.9083,-0.013234642,-0.23327787
1.9084001,-0.020554351,-0.23274741
1.9085,-0.027853798,-0.23198733
1.9086,-0.035125785,-0.23099837
1.9087,-0.04236313,-0.22978151
1.9088,-0.049558699,-0.22833796
1.9089,-0.056705393,-0.22666913
1.909,-0.063796163,-0.22477669
1.9091001,-0.070824005,-0.22266248
1.9092,-0.07778199,-0.2203286
1.9093,-0.08466325,-0.21777736
1.9094,-0.091461003,-0.21501124
1.9095,-0.098168537,-0.21203302
1.9096,-0.10477924,-0.20884562
1.9097,-0.11128658,-0.20545214
1.9098001,-0.11768416,-0.201856
1.9099,-0.12396564,-0.19806071
1.91,-0.13012484,-0.19407001
1.9101,-0.13615566,-0.18988785
1.9102,-0.1420522,-0.18551834
1.9103,-0.1478086,-0.1809658
1.9104,-0.15341918,-0.17623472
1.9105,-0.15887843,-0.17132975
1.9105999,-0.16418095,-0.16625576
1.9107,-0.16932149,-0.16101773
1.9108,-0.17429501,-0.15562084
1.9109,-0.17909659,-0.1500704
1.911,-0.1837215,-0.14437191
1.9111,-0.18816514,-0.13853097
1.9112,-0.19242318,-0.13255335
1.9112999,-0.19649139,-0.12644494
1.9114,-0.20036577,-0.12021178
1.9115,-0.20404246,-0.11386001
1.9116,-0.20751788,-0.1073959
1.9117,-0.21078858,-0.10082582
1.9118,-0.21385133,-0.094156258
1.9119,-0.2167031,-0.08739379
1.9119999,-0.2193411,-0.08054509
1.9121,-0.22176272,-0.073616914
1.9122,-0.22396556,-0.066616096
1.9123,-0.22594744,-0.05954954
1.9124,-0.22770642,-0.052424219
1.9125,-0.22924076,-0.045247164
1.9126,-0.23054895,-0.038025457
1.9127001,-0.23162968,-0.030766219
1.9128,-0.23248193,-0.023476612
1.9129,-0.2331048,-0.01616383
1.913,-0.23349771,-0.0088350829
1.9131,-0.23366025,-0.0014976047
1.9132,-0.23359229,0.0058413669
1.9133,-0.23329388,0.013174593
1.9134001,-0.2327653,0.020494835
1.9135,-0.23200709,0.027794877
1.9136,-0.23101999,0.035067514
1.9137,-0.22980498,0.04230557
1.9138,-0.22836325,0.049501903
1.9139,-0.22669621,0.056649417
1.914,-0.22480553,0.063741058
1.9141001,-0.22269307,0.070769839
1.9141999,-0.22036089,0.077728808
1.9143,-0.21781133,0.08461111
1.9144,-0.21504687,0.091409959
1.9145,-0.21207024,0.09811864
1.9146,-0.2088844,0.10473053
1.9147,-0.20549248,0.11123912
1.9148,-0.20189781,0.11763798
1.9148999,-0.19810396,0.1239208
1.915,-0.19411466,0.13008137
1.9151,-0.18993384,0.13611363
1.9152,-0.18556564,0.14201163
1.9153,-0.18101436,0.14776953
1.9154,-0.17628448,0.15338166
1.9155,-0.17138068,0.15884247
1.9155999,-0.16630779,0.1641466
1.9157,-0.16107084,0.16928881
1.9158,-0.15567495,0.17426401
1.9159,-0.15012547,0.1790673
1.916,-0.14442788,0.18369395
1.9161,-0.13858779,0.18813938
1.9162,-0.13261095,0.1923992
1.9163001,-0.12650327,0.19646923
1.9164,-0.1202708,0.20034544
1.9165,-0.11391964,0.20402402
1.9166,-0.10745609,0.20750131
1.9167,-0.1008865,0.2107739
1.9168,-0.094217382,0.21383856
1.9169,-0.087455288,0.21669227
1.9170001,-0.080606908,0.2193322
1.9171,-0.073678985,0.22175576
1.9172,-0.06667836,0.22396055
1.9173,-0.059611935,0.22594438
1.9174,-0.052486688,0.22770533
1.9175,-0.04530964,0.22924164
1.9176,-0.038087878,0.23055178
1.9177001,-0.030828526,0.23163448
1.9177999,-0.023538744,0.23248866
1.9179,-0.016225724,0.23311348
1.918,-0.0088966787,0.23350833
1.9181,-0.0015588409,0.23367281
1.9182,0.0057805507,0.23360676
1.9183,0.013114256,0.23331024
1.9184,0.020435039,0.23278354
1.9184999,0.027735678,0.2320272
1.9186,0.035008971,0.23104195
1.9187,0.042247742,0.22982876
1.9188,0.049444851,0.22838883
1.9189,0.056593191,0.22672358
1.919,0.063685715,0.22483465
1.9191,0.070715435,0.2227239
1.9191999,0.077675395,0.22039342
1.9193,0.08455874,0.21784551
1.9194,0.091358684,0.21508268
1.9195,0.098068513,0.21210764
1.9196,0.1046816,0.20892335
1.9197,0.11119144,0.20553294
1.9198,0.11759159,0.20193975
1.9198999,0.12387574,0.19814733
1.92,0.1300377,0.1941594
1.9201,0.13607138,0.18997994
1.9202,0.14197084,0.18561304
1.9203,0.14773025,0.181063
1.9204,0.15334392,0.17633434
1.9205,0.15880632,0.17143169
1.9206001,0.16411206,0.1663599
1.9207,0.16925593,0.16112399
1.9208,0.17423281,0.15572912
1.9209,0.17903781,0.15018058
1.921,0.1836662,0.14448388
1.9211,0.18811339,0.13864462
1.9212,0.19237502,0.13266857
1.9213001,0.19644687,0.12656163
1.9214,0.20032492,0.1203298
1.9215,0.20400535,0.11397927
1.9216,0.20748453,0.10751626
1.9217,0.21075901,0.10094716
1.9218,0.21382558,0.09427847
1.9219,0.21668121,0.087516755
1.9220001,0.21932307,0.080668673
1.9220999,0.22174858,0.073741004
1.9222,0.2239553,0.066740565
1.9223,0.22594109,0.059674267
1.9224,0.227704,0.052549083
1.9225,0.22924225,0.045372043
1.9226,0.23055436,0.038150221
1.9227,0.23163901,0.03089075
1.9227999,0.23249514,0.023600785
1.9229,0.2331219,0.016287521
1.923,0.23351867,0.008958173
1.9231,0.23368508,0.0016199707
1.9232,0.23362094,-0.0057198452
1.9233,0.23332632,-0.013054035
1.9234,0.2328015,-0.020375362
1.9234999,0.23204702,-0.027676603
1.9236,0.2310636,-0.034950558
1.9237,0.22985223,-0.042190045
1.9238,0.2284141,-0.049387928
1.9239,0.22675061,-0.056537099
1.924,0.22486342,-0.063630514
1.9241,0.22275439,-0.070661165
1.9242001,0.22042559,-0.077622123
1.9243,0.21787934,-0.084506519
1.9244,0.21511811,-0.091307558
1.9245,0.21214467,-0.098018534
1.9246,0.20896192,-0.10463282
1.9247,0.20557301,-0.11114389
1.9248,0.20198129,-0.11754534
1.9249001,0.19819029,-0.12383083
1.925,0.19420375,-0.12999417
1.9251,0.19002563,-0.13602927
1.9252,0.18566002,-0.14193019
1.9253,0.18111123,-0.1476911
1.9254,0.17638375,-0.15330632
1.9255,0.17148226,-0.15877031
1.9256001,0.16641158,-0.16407767
1.9256999,0.16117671,-0.16922317
1.9258,0.15578282,-0.17420174
1.9259,0.15023524,-0.17900845
1.926,0.14453942,-0.18363857
1.9261,0.13870099,-0.18808754
1.9262,0.13272572,-0.19235095
1.9263,0.12661949,-0.19642462
1.9263999,0.12038833,-0.20030451
1.9265,0.11403839,-0.20398679
1.9266,0.10757592,-0.20746784
1.9267,0.10100731,-0.21074422
1.9268,0.094339043,-0.21381269
1.9269,0.087577693,-0.21667023
1.927,0.080729917,-0.21931402
1.9270999,0.073802486,-0.22174145
1.9272,0.066802233,-0.22395013
1.9273,0.059736058,-0.22593787
1.9274,0.052610934,-0.22770272
1.9275,0.04543389,-0.22924294
1.9276,0.038212005,-0.23055698
1.9277,0.030952411,-0.23164359
1.9278001,0.02366226,-0.23250166
1.9279,0.016348751,-0.23313035
1.928,0.0090190964,-0.23352905
1.9281,0.0016805271,-0.23369735
1.9282,-0.0056597162,-0.23363513
1.9283,-0.012994392,-0.23334238
1.9284,-0.020316266,-0.23281944
1.9285001,-0.02761811,-0.23206681
1.9286,-0.034892727,-0.23108523
1.9287,-0.042132933,-0.22987567
1.9288,-0.049331591,-0.22843932
1.9289,-0.056481596,-0.2267776
1.929,-0.063575894,-0.22489214
1.9291,-0.070607491,-0.22278482
1.9292001,-0.07756944,-0.22045769
1.9293,-0.084454879,-0.21791308
1.9294,-0.091257021,-0.21515346
1.9295,-0.097969137,-0.21218158
1.9296,-0.10458462,-0.20900038
1.9297,-0.11109694,-0.20561296
1.9298,-0.11749967,-0.20202269
1.9299001,-0.1237865,-0.19823311
1.9299999,-0.12995122,-0.19424796
1.9301,-0.13598774,-0.19007115
1.9302,-0.14189012,-0.18570682
1.9303,-0.14765254,-0.18115927
1.9304,-0.15326929,-0.17643298
1.9305,-0.15873486,-0.17153263
1.9306,-0.16404383,-0.16646303
1.9306999,-0.16919097,-0.16122921
1.9308,-0.17417121,-0.1558363
1.9309,-0.17897964,-0.15028965
1.931,-0.1836115,-0.14459471
1.9311,-0.18806222,-0.13875711
1.9312,-0.19232742,-0.13278259
1.9313,-0.19640289,-0.12667708
1.9313999,-0.20028462,-0.12044658
1.9315,-0.20396875,-0.11409723
1.9316,-0.20745167,-0.1076353
1.9317,-0.21072993,-0.10106717
1.9318,-0.2138003,-0.094399318
1.9319,-0.21665974,-0.087638326
1.932,-0.21930546,-0.080790848
1.9321001,-0.22173482,-0.073863655
1.9322,-0.22394542,-0.066863582
1.9323,-0.2259351,-0.059797518
1.9324,-0.2277019,-0.052672449
1.9325,-0.22924405,-0.045495398
1.9326,-0.23056003,-0.038273446
1.9327,-0.23164858,-0.03101372
1.9328001,-0.23250857,-0.023723381
1.9329,-0.23313919,-0.016409621
1.933,-0.23353982,-0.0090796547
1.9331,-0.23371004,-0.0017407138
1.9332,-0.23364969,0.0055999607
1.9333,-0.23335882,0.012935127
1.9334,-0.23283774,0.020257549
1.9335001,-0.23208696,0.027560001
1.9335999,-0.23110719,0.034835283
1.9337,-0.22989942,0.042076211
1.9338,-0.22846486,0.049275648
1.9339,-0.22680488,0.056426488
1.934,-0.22492115,0.063521676
1.9341,-0.22281553,0.070554212
1.9342,-0.22049007,0.077517159
1.9342999,-0.21794708,0.084403642
1.9344,-0.21518907,0.091206878
1.9345,-0.21221875,0.097920142
1.9346,-0.20903906,0.10453682
1.9347,-0.20565313,0.11105039
1.9348,-0.20206432,0.11745441
1.9349,-0.19827615,0.12374257
1.9349999,-0.19429235,0.12990867
1.9351,-0.19011685,0.13594662
1.9352,-0.18575381,0.14185046
1.9353,-0.18120748,0.14761436
1.9354,-0.17648238,0.15323266
1.9355,-0.17158315,0.1586998
1.9356,-0.16651464,0.16401038
1.9357001,-0.16128184,0.16915916
1.9358,-0.1558899,0.17414108
1.9359,-0.15034416,0.1789512
1.936,-0.1446501,0.18358479
1.9361,-0.13881332,0.18803728
1.9362,-0.13283956,0.19230425
1.9363,-0.12673475,0.19638152
1.9364001,-0.12050489,0.20026508
1.9365,-0.11415612,0.20395105
1.9366,-0.10769472,0.20743583
1.9367,-0.10112707,0.21071596
1.9368,-0.094459623,0.21378823
1.9369,-0.087698974,0.21664958
1.937,-0.080851786,0.2192972
1.9371001,-0.073924825,0.22172849
1.9372,-0.066924915,0.22394103
1.9373,-0.059858963,0.22593264
1.9374,-0.052733939,0.22770137
1.9375,-0.045556873,0.22924544
1.9376,-0.03833485,0.23056337
1.9377,-0.031074988,0.23165384
1.9378,-0.023784451,0.23251575
1.9378999,-0.016470434,0.23314829
1.938,-0.0091401516,0.23355082
1.9381,-0.0018008347,0.23372294
1.9382,0.0055402759,0.23366447
1.9383,0.012875937,0.23337547
1.9384,0.020198913,0.23285624
1.9385,0.027501978,0.23210728
1.9385999,0.034777928,0.23112935
1.9387,0.042019583,0.22992337
1.9388,0.049219802,0.22849056
1.9389,0.056371477,0.22683233
1.939,0.063467555,0.22495031
1.9391,0.070501037,0.22284637
1.9392,0.077464983,0.22052257
1.9392999,0.084352516,0.2179812
1.9394,0.091156848,0.21522479
1.9395,0.097871266,0.21225601
1.9396,0.10448914,0.20907785
1.9397,0.11100395,0.20569341
1.9398,0.11740926,0.20210601
1.9399,0.12369876,0.19831924
1.9400001,0.12986623,0.1943368
1.9401,0.13590559,0.19016261
1.9402,0.14181089,0.18580082
1.9403,0.1475763,0.18125571
1.9404,0.15319613,0.17653178
1.9405,0.15866484,0.17163368
1.9406,0.16397703,0.16656624
1.9407001,0.16912745,0.16133446
1.9408,0.17411104,0.1559435
1.9409,0.17892286,0.15039867
1.941,0.18355818,0.14470546
1.9411,0.18801242,0.13886948
1.9412,0.19228117,0.13289647
1.9413,0.19636025,0.12679236
1.9414001,0.20024562,0.12056313
1.9414999,0.20393343,0.11421494
1.9416,0.20742007,0.10775407
1.9417,0.21070208,0.10118686
1.9418,0.21377623,0.094519824
1.9419,0.21663947,0.087759517
1.942,0.219289,0.08091262
1.9421,0.2217222,0.073985875
1.9421999,0.22393666,0.066986129
1.9423,0.2259302,0.059920277
1.9424,0.22770086,0.052795295
1.9425,0.22924687,0.04561821
1.9426,0.23056671,0.038396105
1.9427,0.2316591,0.031136101
1.9428,0.23252295,0.023845365
1.9428999,0.2331574,0.016531086
1.943,0.23356181,0.0092004817
1.9431,0.23373581,0.0018607832
1.9432,0.23367922,-0.0054807677
1.9433,0.2333921,-0.012816928
1.9434,0.23287471,-0.020140462
1.9435,0.23212758,-0.027444141
1.9436001,0.23115145,-0.034720764
1.9437,0.22994725,-0.041963149
1.9438,0.22851621,-0.04916415
1.9439,0.2268597,-0.056316666
1.944,0.2249794,-0.063413635
1.9441,0.22287713,-0.070448063
1.9442,0.22055498,-0.077413008
1.9443001,0.21801522,-0.084301591
1.9444,0.21526037,-0.091107026
1.9445,0.21229316,-0.097822592
1.9446,0.20911649,-0.10444167
1.9447,0.20573352,-0.11095771
1.9448,0.20214756,-0.11736432
1.9449,0.19836217,-0.12365514
1.9450001,0.19438107,-0.129824
1.9450999,0.1902082,-0.13586478
1.9452,0.18584765,-0.14177154
1.9453,0.18130375,-0.14753844
1.9454,0.17658098,-0.1531598
1.9455,0.171684,-0.15863009
1.9456,0.16661762,-0.16394387
1.9457,0.16138683,-0.16909593
1.9457999,0.15599684,-0.17408119
1.9459,0.15045293,-0.1788947
1.946,0.14476056,-0.18353175
1.9461,0.13892537,-0.18798773
1.9462,0.13295312,-0.19225827
1.9463,0.12684968,-0.19633915
1.9464,0.12062108,-0.20022632
1.9464999,0.11427347,-0.20391597
1.9466,0.1078131,-0.20740446
1.9467,0.10124636,-0.21068834
1.9468,0.094579712,-0.21376437
1.9469,0.087819748,-0.21662951
1.947,0.080973119,-0.21928094
1.9471,0.074046597,-0.22171605
1.9471999,0.067047,-0.22393243
1.9473,0.059981249,-0.22592787
1.9474,0.0528563,-0.22770044
1.9475,0.045679193,-0.22924837
1.9476,0.038456999,-0.23057015
1.9477,0.031196851,-0.23166445
1.9478,0.023905909,-0.23253021
1.9479001,0.016591365,-0.23316655
1.948,0.0092604347,-0.23357287
1.9481,0.0019203522,-0.23374875
1.9482,-0.0054216427,-0.23369403
1.9483,-0.012758305,-0.23340875
1.9484,-0.020082399,-0.2328932
1.9485,-0.027386697,-0.23214789
1.9486001,-0.034663994,-0.23117355
1.9487,-0.041907106,-0.22997113
1.9488,-0.049108896,-0.22854182
1.9489,-0.056262251,-0.22688706
1.949,-0.063360117,-0.22500844
1.9491,-0.070395492,-0.22290784
1.9492,-0.077361435,-0.22058733
1.9493001,-0.084251069,-0.21804917
1.9493999,-0.091057599,-0.2152959
1.9495,-0.097774319,-0.21233022
1.9496,-0.10439458,-0.20915505
1.9497,-0.11091188,-0.20577353
1.9498,-0.11731977,-0.202189
1.9499,-0.12361193,-0.19840498
1.95,-0.12978216,-0.19442523
1.9500999,-0.13582435,-0.19025365
1.9502,-0.14173257,-0.18589436
1.9503,-0.14750098,-0.18135166
1.9504,-0.15312387,-0.17663005
1.9505,-0.15859571,-0.17173415
1.9506,-0.1639111,-0.16666883
1.9507,-0.1690648,-0.16143906
1.9507999,-0.17405172,-0.15605001
1.9509,-0.17886692,-0.150507
1.951,-0.18350568,-0.14481549
1.9511,-0.18796343,-0.13898109
1.9512,-0.19223572,-0.13300957
1.9513,-0.19631839,-0.12690681
1.9514,-0.20020738,-0.12067883
1.9515001,-0.20389888,-0.11433179
1.9516,-0.20738921,-0.10787193
1.9517,-0.21067494,-0.10130563
1.9518,-0.21375285,-0.094639376
1.9519,-0.21661988,-0.08787974
1.952,-0.21927321,-0.081033386
1.9521,-0.22171022,-0.074107073
1.9522001,-0.2239285,-0.067107633
1.9523,-0.22592588,-0.060041968
1.9524,-0.22770035,-0.052917052
1.9525,-0.22925021,-0.045739911
1.9526,-0.23057388,-0.038517632
1.9527,-0.2316701,-0.031257331
1.9528,-0.23253775,-0.02396618
1.9529001,-0.23317599,-0.016651366
1.9529999,-0.2335842,-0.0093201073
1.9531,-0.23376195,-0.0019796358
1.9532,-0.23370908,0.0053628059
1.9533,-0.23342565,0.012699974
1.9534,-0.23291193,0.020024631
1.9535,-0.23216842,0.027329549
1.9536,-0.23119587,0.034607522
1.9536999,-0.22999522,0.041851368
1.9538,-0.22856767,0.049053945
1.9539,-0.22691461,0.056208145
1.954,-0.22503769,0.063306905
1.9541,-0.22293875,0.070343226
1.9542,-0.22061986,0.077310167
1.9543,-0.21808331,0.084200859
1.9543999,-0.2153316,0.091008492
1.9545,-0.21236745,0.097726353
1.9546,-0.20919377,0.10434782
1.9547,-0.20581371,0.11086636
1.9548,-0.20223057,0.11727554
1.9549,-0.19844793,0.12356903
1.955,-0.1944695,0.12974063
1.9551001,-0.1902992,0.13578424
1.9552,-0.18594114,0.1416939
1.9553,-0.18139964,0.1474638
1.9554,-0.17667916,0.15308823
1.9555,-0.17178437,0.15856163
1.9556,-0.16672009,0.16387862
1.9557,-0.1614913,0.16903394
1.9558001,-0.15610321,0.17402251
1.9559,-0.15056108,0.17883942
1.956,-0.1448704,0.18347989
1.9561,-0.13903677,0.18793936
1.9562,-0.13306598,0.19221343
1.9563,-0.1269639,0.19629788
1.9564,-0.12073653,0.20018868
1.9565001,-0.11439004,0.20388199
1.9566,-0.10793068,0.20737417
1.9567,-0.10136482,0.21066177
1.9568,-0.094698951,0.21374154
1.9569,-0.087939635,0.21661045
1.957,-0.081093542,0.21926565
1.9571,-0.07416743,0.22170456
1.9572001,-0.067168131,0.22392474
1.9572999,-0.060102552,0.22592402
1.9574,-0.052977659,0.22770041
1.9575,-0.045800485,0.22925216
1.9576,-0.038578104,0.23057774
1.9577,-0.031317651,0.23167585
1.9578,-0.024026284,0.23254539
1.9579,-0.016711194,0.23318551
1.9579999,-0.0093796011,0.23359559
1.9581,-0.0020387366,0.23377521
1.9582,0.0053041568,0.23372421
1.9583,0.012641834,0.2334426
1.9584,0.019967057,0.2329307
1.9585,0.027272599,0.232189
1.9586,0.034551252,0.23121822
1.9586999,0.041795835,0.23001933
1.9588,0.048999202,0.2285935
1.9589,0.056154244,0.22694215
1.959,0.063253902,0.2250669
1.9591,0.070291176,0.22296961
1.9592,0.077259116,0.22065234
1.9593,0.084150858,0.21811737
1.9594001,0.090959594,0.21536721
1.9595,0.097678602,0.21240458
1.9596,0.10430127,0.20923238
1.9597,0.11082105,0.20585376
1.9598,0.11723151,0.20227203
1.9599,0.12352633,0.19849074
1.96,0.12969929,0.19451363
1.9601001,0.13574432,0.1903446
1.9602,0.14165545,0.18598777
1.9603,0.14742683,0.18144745
1.9604,0.15305278,0.1767281
1.9605,0.15852775,0.17183439
1.9606,0.16384633,0.16677114
1.9607,0.16900328,0.16154335
1.9608001,0.1739935,0.15615618
1.9608999,0.17881209,0.15061493
1.961,0.18345428,0.14492509
1.9611,0.18791549,0.13909224
1.9612,0.19219132,0.13312216
1.9613,0.19627754,0.12702073
1.9614,0.20017014,0.12079397
1.9615,0.20386526,0.11444803
1.9615999,0.20735927,0.10798915
1.9617,0.21064872,0.10142373
1.9618,0.21373035,0.094758235
1.9619,0.21660113,0.087999232
1.962,0.21925823,0.0811534
1.9621,0.22169901,0.074227482
1.9622,0.22392109,0.067228325
1.9622999,0.22592226,0.06016282
1.9624,0.22770055,0.053037945
1.9625,0.2292542,0.04586073
1.9626,0.23058167,0.038638253
1.9627,0.23168167,0.031377636
1.9628,0.23255311,0.024086049
1.9629,0.23319511,0.01677068
1.9630001,0.23360705,0.0094387485
1.9631,0.23378852,0.0020974872
1.9632,0.23373935,-0.0052458607
1.9633,0.23345958,-0.01258405
1.9634,0.23294948,-0.019909844
1.9635,0.23220956,-0.027216012
1.9636,0.23124056,-0.034495346
1.9637001,0.23004341,-0.041740667
1.9638,0.22861931,-0.048944823
1.9639,0.22696966,-0.056100711
1.964,0.22509608,-0.063201271
1.9641,0.22300042,-0.070239492
1.9642,0.22068475,-0.077208437
1.9643,0.21815136,-0.08410123
1.9644001,0.21540275,-0.090911061
1.9645,0.21244162,-0.097631223
1.9646,0.20927089,-0.10425508
1.9647,0.2058937,-0.1107761
1.9648,0.20231336,-0.11718784
1.9649,0.19853343,-0.12348399
1.965,0.19455762,-0.12965833
1.9651,0.19038986,-0.13570477
1.9651999,0.18603425,-0.14161734
1.9653,0.18149509,-0.1473902
1.9654,0.17677687,-0.15301768
1.9655,0.17188424,-0.1584942
1.9656,0.16682202,-0.16381438
1.9657,0.1615952,-0.16897294
1.9658,0.15620895,-0.17396483
1.9658999,0.15066858,-0.17878509
1.966,0.14497954,-0.18342899
1.9661,0.13914746,-0.18789192
1.9662,0.13317809,-0.1921695
1.9663,0.12707731,-0.1962575
1.9664,0.12085115,-0.20015189
1.9665,0.11450575,-0.20384884
1.9665999,0.10804737,-0.20734467
1.9667,0.10148236,-0.21063596
1.9668,0.094817236,-0.21371944
1.9669,0.088058539,-0.21659209
1.967,0.081212953,-0.21925105
1.9671,0.074287236,-0.22169372
1.9672,0.067288205,-0.22391769
1.9673001,0.060222775,-0.22592074
1.9674,0.053097911,-0.22770092
1.9675,0.045920648,-0.22925645
1.9676,0.038698062,-0.23058581
1.9677,0.031437282,-0.23168769
1.9678,0.024145469,-0.23256101
1.9679,0.016829818,-0.23320487
1.9680001,0.0094975447,-0.23361868
1.9681,0.0021558835,-0.23380199
1.9682,-0.0051879222,-0.23375465
1.9683,-0.012526628,-0.2334767
1.9684,-0.019852992,-0.23296839
1.9685,-0.02715979,-0.23223026
1.9686,-0.03443981,-0.23126301
1.9687001,-0.041685868,-0.2300676
1.9687999,-0.048890818,-0.22864521
1.9689,-0.056047551,-0.22699724
1.969,-0.063149013,-0.22512531
1.9691,-0.070188187,-0.2230313
1.9692,-0.077158131,-0.22071722
1.9693,-0.084051967,-0.2181854
1.9694,-0.090862907,-0.21543832
1.9694999,-0.09758421,-0.21247868
1.9696,-0.10420927,-0.20930941
1.9697,-0.11073152,-0.20593363
1.9698,-0.11714455,-0.20235468
1.9699,-0.12344202,-0.19857609
1.97,-0.12961774,-0.19460158
1.9701,-0.13566558,-0.19043507
1.9701999,-0.14157958,-0.18608066
1.9703,-0.14735395,-0.18154268
1.9704,-0.15298294,-0.17682557
1.9705,-0.158461,-0.17193401
1.9706,-0.16378276,-0.1668728
1.9707,-0.16894296,-0.16164695
1.9708,-0.17393649,-0.15626161
1.9709001,-0.17875841,-0.1507221
1.971,-0.18340401,-0.14503388
1.9711,-0.18786867,-0.13920255
1.9712,-0.192148,-0.13323388
1.9713,-0.19623777,-0.12713376
1.9714,-0.20013395,-0.12090818
1.9715,-0.2038327,-0.11456331
1.9716001,-0.20733035,-0.1081054
1.9717,-0.21062347,-0.10154082
1.9718,-0.2137088,-0.094876043
1.9719,-0.21658331,-0.088117659
1.972,-0.21924414,-0.081272312
1.9721,-0.22168869,-0.074346773
1.9722,-0.22391452,-0.067347869
1.9723001,-0.22591946,-0.060282506
1.9724,-0.22770151,-0.053157654
1.9725,-0.22925892,-0.045980338
1.9726,-0.23059016,-0.038757641
1.9727,-0.23169392,-0.031496689
1.9728,-0.2325691,-0.024204649
1.9729,-0.23321483,-0.016888708
1.973,-0.23363046,-0.0095560895
1.9730999,-0.23381563,-0.0022140241
1.9732,-0.2337701,0.0051302435
1.9733,-0.23349395,0.012469467
1.9734,-0.23298745,0.019796407
1.9735,-0.23225108,0.027103834
1.9736,-0.23128557,0.034384541
1.9737,-0.23009188,0.041631341
1.9737999,-0.22867119,0.048837088
1.9739,-0.22702491,0.055994671
1.974,-0.22515464,0.06309703
1.9741,-0.22306223,0.070137151
1.9742,-0.22074975,0.0771081
1.9743,-0.21821949,0.084002994
1.9744,-0.21547392,0.090815023
1.9744999,-0.21251577,0.09753748
1.9746,-0.20934795,0.10416373
1.9747,-0.20597358,0.11068722
1.9748,-0.20239601,0.11710154
1.9749,-0.19861874,0.12340033
1.975,-0.19464551,0.1295774
1.9751,-0.19048025,0.13562664
1.9752001,-0.18612704,0.14154211
1.9753,-0.1815902,0.14731795
1.9754,-0.17687421,0.15294844
1.9755,-0.17198369,0.15842807
1.9756,-0.16692349,0.16375141
1.9757,-0.16169861,0.16891322
1.9758,-0.15631418,0.17390838
1.9759001,-0.15077552,0.17873198
1.976,-0.14508809,0.18337928
1.9761,-0.13925752,0.18784565
1.9762,-0.13328953,0.19212672
1.9763,-0.12719004,0.19621825
1.9764,-0.12096506,0.20011622
1.9765,-0.11462071,0.20381676
1.9766001,-0.10816327,0.20731623
1.9766999,-0.1015991,0.21061118
1.9768,-0.09493468,0.21369836
1.9769,-0.088176586,0.21657471
1.977,-0.081331477,0.2192374
1.9771,-0.074406117,0.2216838
1.9772,-0.067407332,0.22391151
1.9773,-0.060342029,0.22591832
1.9773999,-0.053217176,0.22770225
1.9775,-0.046039801,0.22926153
1.9776,-0.038816988,0.23059465
1.9777,-0.031555865,0.23170026
1.9778,-0.024263587,0.23257728
1.9779,-0.016947355,0.23322487
1.978,-0.0096143866,0.23364235
1.9780999,-0.0022719137,0.23382933
1.9782,0.0050728186,0.23378561
1.9783,0.012412564,0.23351127
1.9784,0.019740082,0.23300654
1.9785,0.027048143,0.23227192
1.9786,0.034329537,0.23130816
1.9787,0.041577082,0.2301162
1.9788001,0.048783623,0.22869721
1.9789,0.055942055,0.22705258
1.979,0.063045315,0.22518395
1.9791,0.07008639,0.22309315
1.9792,0.077058338,0.22078225
1.9793,0.083954282,0.21825352
1.9794,0.090767421,0.21550947
1.9795001,0.097491018,0.2125528
1.9796,0.10411846,0.20938642
1.9797,0.11064319,0.20601346
1.9798,0.11705878,0.20243724
1.9799,0.1233589,0.19866128
1.98,0.12953733,0.19468933
1.9801,0.13558799,0.19052531
1.9802001,0.14150488,0.18617329
1.9802999,0.14728218,0.1816376
1.9804,0.15291421,0.17692269
1.9805,0.15839538,0.17203324
1.9806,0.16372029,0.16697404
1.9807,0.1688837,0.16175009
1.9808,0.1738805,0.15636656
1.9809,0.17870578,0.15082875
1.9809999,0.18335475,0.14514211
1.9811,0.18782285,0.13931228
1.9812,0.19210567,0.13334498
1.9813,0.19619896,0.12724613
1.9814,0.20009869,0.1210217
1.9815,0.20380102,0.11467788
1.9816,0.2073023,0.1082209
1.9816999,0.21059906,0.10165713
1.9818,0.21368808,0.094993055
1.9819,0.21656626,0.088235252
1.982,0.21923082,0.081390373
1.9821,0.22167908,0.074465185
1.9822,0.22390865,0.067466512
1.9823,0.22591731,0.060401265
1.9823999,0.22770311,0.053276408
1.9825,0.22926426,0.04609897
1.9826,0.23059922,0.038876038
1.9827,0.23170669,0.031614732
1.9828,0.23258558,0.024322217
1.9829,0.23323499,0.017005689
1.983,0.23365431,0.009672367
1.9831001,0.2338431,0.0023294834
1.9832,0.2338012,-0.0050157169
1.9833,0.23352863,-0.012355987
1.9834,0.23302567,-0.019684086
1.9835,0.23229282,-0.026992781
1.9836,0.23133078,-0.034274865
1.9837,0.23014052,-0.041523155
1.9838001,0.2287232,-0.048730493
1.9839,0.22708024,-0.055889774
1.984,0.22521323,-0.062993936
1.9841,0.22312403,-0.070035964
1.9842,0.2208147,-0.077008918
1.9843,0.21828751,-0.083905913
1.9844,0.21554495,-0.090720147
1.9845001,0.21258976,-0.097444892
1.9845999,0.20942481,-0.10407352
1.9847,0.20605323,-0.11059948
1.9848,0.20247836,-0.11701635
1.9849,0.19870372,-0.12331779
1.985,0.19473304,-0.12949759
1.9851,0.19057024,-0.13554963
1.9852,0.18621941,-0.14146797
1.9852999,0.18168485,-0.14724675
1.9854,0.17697103,-0.15288028
1.9855,0.1720826,-0.15836298
1.9856,0.16702439,-0.16368948
1.9857,0.1618014,-0.16885449
1.9858,0.15641874,-0.17385294
1.9859,0.15088177,-0.17867985
1.9859999,0.14519593,-0.18333052
1.9861,0.13936682,-0.18780033
1.9862,0.1334002,-0.19208486
1.9863,0.12730196,-0.1961799
1.9864,0.12107811,-0.20008141
1.9865,0.11473479,-0.20378552
1.9866,0.10827826,-0.20728861
1.9867001,0.10171489,-0.21058719
1.9868,0.095051162,-0.21367802
1.9869,0.088293634,-0.21655805
1.987,0.081448987,-0.21922444
1.9871,0.074523963,-0.22167455
1.9872,0.067525394,-0.22390597
1.9873,0.060460195,-0.22591649
1.9874001,0.053335331,-0.22770414
1.9875,0.046157826,-0.22926715
1.9876,0.038934767,-0.23060396
1.9877,0.031673279,-0.23171328
1.9878,0.024380522,-0.232594
1.9879,0.017063694,-0.23324524
1.988,0.009730014,-0.23366638
1.9881001,0.0023867169,-0.23385698
1.9881999,-0.0049589542,-0.23381688
1.9883,-0.012299751,-0.23354608
1.9884,-0.019628432,-0.23304488
1.9885,-0.026937766,-0.23231377
1.9886,-0.034220543,-0.23135345
1.9887,-0.041469574,-0.23016489
1.9888,-0.048677713,-0.22874925
1.9888999,-0.055837847,-0.22710793
1.989,-0.062942907,-0.22524253
1.9891,-0.069985889,-0.22315492
1.9892,-0.076959841,-0.22084714
1.9893,-0.083857886,-0.21832149
1.9894,-0.090673216,-0.21558043
1.9895,-0.097399108,-0.21262668
1.9895999,-0.10402893,-0.20946315
1.9897,-0.11055613,-0.20609295
1.9898,-0.11697427,-0.20251943
1.9899,-0.12327702,-0.19874609
1.99,-0.12945817,-0.19477667
1.9901,-0.13551162,-0.19061507
1.9902,-0.14143139,-0.18626541
1.9903001,-0.14721164,-0.18173198
1.9904,-0.15284668,-0.17701924
1.9905,-0.15833092,-0.17213184
1.9906,-0.16365898,-0.16707462
1.9907,-0.1688256,-0.16185254
1.9908,-0.17382565,-0.15647078
1.9909,-0.17865424,-0.15093464
1.9910001,-0.18330657,-0.14524956
1.9911,-0.18777809,-0.13942118
1.9912,-0.19206434,-0.13345522
1.9913,-0.19616112,-0.1273576
1.9914,-0.20006439,-0.1211343
1.9915,-0.20377029,-0.11479149
1.9916,-0.20727517,-0.10833541
1.9917001,-0.21057555,-0.10177243
1.9918,-0.2136682,-0.095109031
1.9919,-0.21655007,-0.088351779
1.992,-0.21921828,-0.081507348
1.9921,-0.22167023,-0.07458248
1.9922,-0.22390349,-0.067584015
1.9923,-0.22591586,-0.060518861
1.9924001,-0.22770536,-0.053393982
1.9924999,-0.2292702,-0.046216406
1.9926,-0.23060887,-0.038993213
1.9927,-0.23172002,-0.031731538
1.9928,-0.23260257,-0.024438536
1.9929,-0.23325564,-0.017121404
1.993,-0.23367858,-0.0097873639
1.9931,-0.23387098,-0.0024436486
1.9931999,-0.23383266,0.004902496
1.9933,-0.23356363,0.012243822
1.9934,-0.23306417,0.019573087
1.9935,-0.23233479,0.026883062
1.9936,-0.23137619,0.03416653
1.9937,-0.23018931,0.04141631
1.9938,-0.22877532,0.048625249
1.9938999,-0.22713564,0.055786233
1.994,-0.22527187,0.062892199
1.9941,-0.22318584,0.069936134
1.9942,-0.2208796,0.076911084
1.9943,-0.21835546,0.08381018
1.9944,-0.21561588,0.090626605
1.9945,-0.21266358,0.097353637
1.9946001,-0.20950145,0.10398465
1.9947,-0.20613264,0.11051308
1.9948,-0.20256044,0.11693249
1.9949,-0.19878839,0.12323657
1.995,-0.19482021,0.12941907
1.9951,-0.19065982,0.13547391
1.9952,-0.18631132,0.14139511
1.9953001,-0.181779,0.14717682
1.9954,-0.17706734,0.15281336
1.9955,-0.17218095,0.15829913
1.9956,-0.1671247,0.16362876
1.9957,-0.16190355,0.16879696
1.9958,-0.15652266,0.17379865
1.9959,-0.15098733,0.17862888
1.9960001,-0.14530303,0.18328288
1.9960999,-0.13947535,0.18775609
1.9962,-0.13351007,0.19204406
1.9963,-0.12741303,0.19614258
1.9964,-0.12119029,0.20004761
1.9965,-0.11484798,0.20375527
1.9966,-0.10839234,0.20726193
1.9967,-0.10182974,0.21056412
1.9967999,-0.095166661,0.21365859
1.9969,-0.088409685,0.21654226
1.997,-0.081565462,0.21921231
1.9971,-0.074640751,0.2216661
1.9972,-0.067642383,0.2239012
1.9973,-0.060577266,0.2259154
1.9974,-0.053452365,0.22770673
1.9974999,-0.04627471,0.22927341
1.9976,-0.039051387,0.2306139
1.9977,-0.031789515,0.23172688
1.9978,-0.024496263,0.23261125
1.9979,-0.017178826,0.23326613
1.998,-0.0098444205,0.23369087
1.9981,-0.0025002852,0.23388506
1.9982001,0.0048463359,0.23384851
1.9983,0.012188194,0.23358124
1.9984,0.019518046,0.23308353
1.9985,0.026828662,0.23235586
1.9986,0.034112826,0.23139895
1.9987,0.041363355,0.23021376
1.9988,0.048573092,0.22880143
1.9989001,0.055734929,0.22716336
1.999,0.062841795,0.22530118
1.9991,0.069886684,0.22321671
1.9992,0.076862641,0.22091202
1.9993,0.08376278,0.21838939
1.9994,0.090580299,0.21565127
1.9995,0.097308479,0.21270041
1.9996001,0.10394067,0.20953968
1.9997,0.11047032,0.20617223
1.9998,0.11689101,0.20260136
1.9999,0.1231964,0.19883059
2,0.12938026,0.19486366
2,0.12938026,0.19486366
2.0000999,0.14070618,0.18734527
2.0002,0.15176694,0.17949285
2.0002999,0.16255127,0.17131242
2.0004001,0.17304958,0.16281235
2.0005,0.1832519,0.15400188
2.0006001,0.19314897,0.14489043
2.0007,0.20273165,0.13548759
2.0007999,0.21199104,0.12580314
2.0009,0.22091873,0.11584722
2.0009999,0.22950643,0.10563005
2.0011001,0.2377466,0.095162474
2.0012,0.24563146,0.084455103
2.0013001,0.25315401,0.07351917
2.0014,0.26030737,0.062365867
2.0014999,0.26708516,0.051006731
2.0016,0.27348119,0.03945341
2.0016999,0.2794897,0.027717816
2.0018001,0.28510553,0.015812119
2.0019,0.29032362,0.0037486476
2.0020001,0.2951394,-0.0084602283
2.0021,0.29954869,-0.020802138
2.0021999,0.30354765,-0.033264227
2.0023,0.3071329,-0.045833763
2.0023999,0.31030142,-0.058498014
2.0025001,0.31305057,-0.07124386
2.0026,0.31537816,-0.0840583
2.0027001,0.31728238,-0.096928373
2.0028,0.31876183,-0.10984078
2.0028999,0.31981549,-0.12278236
2.003,0.3204428,-0.13574006
2.0030999,0.3206436,-0.14870045
2.0032001,0.32041809,-0.16165037
2.0033,0.31976697,-0.17457674
2.0034001,0.31869125,-0.18746622
2.0035,0.31719244,-0.20030563
2.0035999,0.31527242,-0.21308199
2.0037,0.31293347,-0.22578217
2.0037999,0.31017828,-0.23839323
2.0039001,0.30700991,-0.25090235
2.0039999,0.3034319,-0.26329675
2.0041001,0.29944813,-0.27556378
2.0042,0.29506287,-0.28769094
2.0043001,0.29028076,-0.29966584
2.0044,0.2851069,-0.31147629
2.0044999,0.27954665,-0.32311019
2.0046,0.27360585,-0.33455566
2.0046999,0.26729068,-0.34580097
2.0048001,0.26060763,-0.35683459
2.0049,0.25356358,-0.36764526
2.0050001,0.24616581,-0.37822184
2.0051,0.23842183,-0.38855353
2.0051999,0.23033959,-0.39862967
2.0053,0.2219273,-0.40843987
2.0053999,0.21319351,-0.41797408
2.0055001,0.2041471,-0.42722249
2.0056,0.19479722,-0.4361755
2.0057001,0.18515332,-0.44482386
2.0058,0.17522515,-0.45315862
2.0058999,0.16502272,-0.46117112
2.006,0.15455629,-0.46885303
2.0060999,0.14383642,-0.47619635
2.0062001,0.13287388,-0.48319334
2.0063,0.12167966,-0.48983672
2.0064001,0.110265,-0.49611947
2.0065,0.098641358,-0.5020349
2.0065999,0.086820364,-0.50757682
2.0067,0.074813858,-0.51273924
2.0067999,0.062633857,-0.51751661
2.0069001,0.050292537,-0.52190381
2.007,0.037802234,-0.52589607
2.0071001,0.025175424,-0.52948892
2.0072,0.012424713,-0.53267837
2.0072999,-0.00043716986,-0.53546083
2.0074,-0.013397394,-0.53783309
2.0074999,-0.026443036,-0.5397923
2.0076001,-0.039561089,-0.54133606
2.0077,-0.052738477,-0.54246241
2.0078001,-0.065962076,-0.54316968
2.0079,-0.079218708,-0.54345679
2.0079999,-0.092495173,-0.54332286
2.0081,-0.10577825,-0.54276758
2.0081999,-0.11905473,-0.54179096
2.0083001,-0.13231137,-0.54039353
2.0084,-0.14553501,-0.53857613
2.0085001,-0.15871248,-0.53634006
2.0086,-0.17183065,-0.533687
2.0086999,-0.18487649,-0.53061903
2.0088,-0.19783701,-0.52713871
2.0088999,-0.21069932,-0.52324891
2.0090001,-0.22345065,-0.51895303
2.0091,-0.23607826,-0.51425463
2.0092001,-0.24856964,-0.50915796
2.0093,-0.26091236,-0.50366741
2.0093999,-0.27309409,-0.49778795
2.0095,-0.28510275,-0.49152479
2.0095999,-0.29692641,-0.48488355
2.0097001,-0.30855325,-0.47787026
2.0098,-0.31997171,-0.47049129
2.0099001,-0.33117047,-0.46275339
2.01,-0.34213832,-0.45466357
2.0100999,-0.35286435,-0.44622934
2.0102,-0.36333787,-0.4374584
2.0102999,-0.37354848,-0.42835885
2.0104001,-0.38348597,-0.41893914
2.0105,-0.39314041,-0.40920794
2.0106001,-0.40250218,-0.3991743
2.0107,-0.41156197,-0.38884756
2.0107999,-0.42031065,-0.37823731
2.0109,-0.42873955,-0.36735347
2.0109999,-0.43684021,-0.35620618
2.0111001,-0.44460449,-0.34480584
2.0112,-0.45202467,-0.33316311
2.0113001,-0.45909327,-0.32128894
2.0114,-0.46580321,-0.30919442
2.0114999,-0.4721477,-0.29689088
2.0116,-0.47812042,-0.28438988
2.0116999,-0.48371533,-0.27170318
2.0118001,-0.48892674,-0.25884268
2.0118999,-0.49374938,-0.24582048
2.0120001,-0.49817839,-0.23264882
2.0121,-0.50220925,-0.21934012
2.0122001,-0.5058378,-0.20590688
2.0123,-0.50906038,-0.19236177
2.0123999,-0.5118736,-0.17871755
2.0125,-0.51427454,-0.16498709
2.0125999,-0.51626074,-0.15118332
2.0127001,-0.51783001,-0.13731927
2.0128,-0.51898068,-0.123408
2.0129001,-0.51971143,-0.10946263
2.013,-0.52002138,-0.095496327
2.0130999,-0.51991004,-0.081522264
2.0132,-0.51937735,-0.06755361
2.0132999,-0.51842368,-0.053603563
2.0134001,-0.51704979,-0.039685268
2.0135,-0.51525682,-0.025811858
2.0136001,-0.51304638,-0.01199642
2.0137,-0.51042044,0.0017480209
2.0137999,-0.50738138,0.015408506
2.0139,-0.50393206,0.028972158
2.0139999,-0.5000757,0.042426195
2.0141001,-0.49581578,0.055757944
2.0142,-0.49115637,0.068954848
2.0143001,-0.4861019,0.082004488
2.0144,-0.48065704,0.094894581
2.0144999,-0.47482702,0.107613
2.0146,-0.46861735,0.12014781
2.0146999,-0.46203393,0.13248721
2.0148001,-0.45508304,0.14461963
2.0149,-0.44777128,0.15653367
2.0150001,-0.44010565,0.1682182
2.0151,-0.43209344,0.17966224
2.0151999,-0.42374238,0.19085512
2.0153,-0.4150604,0.20178632
2.0153999,-0.40605584,0.21244569
2.0155001,-0.39673734,0.22282326
2.0156,-0.38711381,0.23290937
2.0157001,-0.37719452,0.24269465
2.0158,-0.36698899,0.25217
2.0158999,-0.356507,0.26132664
2.016,-0.34575868,0.27015612
2.0160999,-0.33475426,0.27865028
2.0162001,-0.32350442,0.28680128
2.0163,-0.31201994,0.29460165
2.0164001,-0.30031189,0.30204421
2.0165,-0.2883915,0.30912223
2.0165999,-0.2762703,0.31582925
2.0167,-0.26395988,0.32215917
2.0167999,-0.25147218,0.32810628
2.0169001,-0.23881917,0.33366531
2.017,-0.22601306,0.33883125
2.0171001,-0.21306618,0.34359953
2.0172,-0.19999097,0.34796602
2.0172999,-0.18680008,0.35192689
2.0174,-0.17350616,0.35547876
2.0174999,-0.16012205,0.35861865
2.0176001,-0.14666064,0.36134398
2.0177,-0.13313487,0.36365253
2.0178001,-0.1195578,0.36554256
2.0179,-0.10594248,0.36701268
2.0179999,-0.092302032,0.36806196
2.0181,-0.07864958,0.36868986
2.0181999,-0.064998269,0.36889622
2.0183001,-0.051361244,0.36868131
2.0184,-0.037751626,0.36804584
2.0185001,-0.024182506,0.36699092
2.0186,-0.010666939,0.36551803
2.0186999,0.0027820761,0.3636291
2.0188,0.016151609,0.36132649
2.0188999,0.02942881,0.35861287
2.0190001,0.042600919,0.3554914
2.0191,0.055655286,0.35196558
2.0192001,0.068579368,0.34803936
2.0193,0.081360772,0.34371704
2.0193999,0.093987219,0.33900332
2.0195,0.10644661,0.33390325
2.0195999,0.118727,0.32842234
2.0197001,0.13081662,0.32256636
2.0197999,0.14270389,0.31634152
2.0199001,0.15437743,0.30975437
2.02,0.16582608,0.3028118
2.0201001,0.17703891,0.29552108
2.0202,0.18800519,0.28788978
2.0202999,0.19871446,0.27992585
2.0204,0.20915651,0.27163747
2.0204999,0.21932139,0.26303324
2.0206001,0.22919942,0.25412202
2.0207,0.23878121,0.24491294
2.0208001,0.24805766,0.23541549
2.0209,0.25702,0.22563937
2.0209999,0.26565966,0.21559457
2.0211,0.27396858,0.20529139
2.0211999,0.28193882,0.19474031
2.0213001,0.28956291,0.18395208
2.0214,0.29683369,0.17293768
2.0215001,0.30374432,0.1617083
2.0216,0.31028831,0.15027535
2.0216999,0.3164596,0.13865043
2.0218,0.32225242,0.12684533
2.0218999,0.3276614,0.11487198
2.0220001,0.33268157,0.10274252
2.0221,0.33730826,0.090469219
2.0222001,0.34153733,0.078064471
2.0223,0.3453649,0.065540813
2.0223999,0.34878755,0.052910876
2.0225,0.35180223,0.040187411
2.0225999,0.3544063,0.027383251
2.0227001,0.35659754,0.014511296
2.0228,0.35837412,0.0015845151
2.0229001,0.35973459,-0.01138407
2.023,0.36067796,-0.024381408
2.0230999,0.36120361,-0.037394419
2.0232,0.36131138,-0.050410014
2.0232999,0.36100146,-0.063415103
2.0234001,0.36027446,-0.076396607
2.0235,0.35913143,-0.089341477
2.0236001,0.35757384,-0.10223672
2.0237,0.35560346,-0.11506936
2.0237999,0.35322264,-0.12782653
2.0239,0.35043398,-0.14049539
2.0239999,0.34724054,-0.15306325
2.0241001,0.34364575,-0.16551748
2.0242,0.33965352,-0.17784555
2.0243001,0.33526802,-0.19003513
2.0244,0.33049393,-0.20207396
2.0244999,0.32533619,-0.21394996
2.0246,0.3198002,-0.2256512
2.0246999,0.31389171,-0.23716596
2.0248001,0.3076168,-0.24848266
2.0249,0.300982,-0.25958994
2.0250001,0.29399407,-0.27047667
2.0251,0.28666022,-0.28113192
2.0251999,0.27898791,-0.29154494
2.0253,0.27098504,-0.30170533
2.0253999,0.2626597,-0.31160283
2.0255001,0.25402036,-0.32122755
2.0256,0.24507588,-0.33056977
2.0257001,0.23583527,-0.33962014
2.0258,0.2263079,-0.34836951
2.0258999,0.21650344,-0.35680908
2.026,0.20643179,-0.36493036
2.0260999,0.19610314,-0.37272519
2.0262001,0.18552792,-0.38018569
2.0263,0.17471677,-0.38730431
2.0264001,0.16368061,-0.39407387
2.0265,0.15243055,-0.40048757
2.0265999,0.14097792,-0.40653884
2.0267,0.12933424,-0.41222161
2.0267999,0.11751122,-0.41753009
2.0269001,0.10552073,-0.42245886
2.027,0.093374819,-0.42700291
2.0271001,0.081085689,-0.43115759
2.0272,0.068665661,-0.43491864
2.0272999,0.056127198,-0.43828222
2.0274,0.043482885,-0.44124481
2.0274999,0.03074538,-0.44380334
2.0276,0.017927457,-0.44595513
2.0276999,0.0050419606,-0.44769791
2.0278001,-0.0078982105,-0.44902977
2.0279,-0.020880094,-0.44994923
2.0280001,-0.033890694,-0.45045528
2.0281,-0.046916988,-0.45054722
2.0281999,-0.059945937,-0.45022479
2.0283,-0.072964512,-0.44948819
2.0283999,-0.08595968,-0.44833794
2.0285001,-0.098918445,-0.44677502
2.0286,-0.11182784,-0.44480085
2.0287001,-0.12467496,-0.4424172
2.0288,-0.13744695,-0.43962622
2.0288999,-0.15013106,-0.43643057
2.029,-0.16271459,-0.43283316
2.0290999,-0.17518494,-0.42883745
2.0292001,-0.18752965,-0.42444721
2.0293,-0.19973639,-0.41966653
2.0294001,-0.21179292,-0.41450006
2.0295,-0.22368722,-0.40895268
2.0295999,-0.23540737,-0.40302971
2.0297,-0.24694164,-0.3967368
2.0297999,-0.25827852,-0.39008006
2.0299001,-0.26940662,-0.38306582
2.03,-0.28031483,-0.37570086
2.0301001,-0.29099226,-0.36799228
2.0302,-0.30142814,-0.3599475
2.0302999,-0.31161207,-0.35157433
2.0304,-0.32153386,-0.34288085
2.0304999,-0.33118352,-0.33387539
2.0306001,-0.34055138,-0.32456675
2.0307,-0.34962809,-0.31496394
2.0308001,-0.35840449,-0.30507621
2.0309,-0.36687177,-0.2949132
2.0309999,-0.37502146,-0.28448471
2.0311,-0.38284531,-0.27380091
2.0311999,-0.3903355,-0.2628721
2.0313001,-0.39748445,-0.25170895
2.0314,-0.40428495,-0.24032229
2.0315001,-0.41073015,-0.22872317
2.0316,-0.41681355,-0.21692285
2.0316999,-0.42252895,-0.20493281
2.0318,-0.4278706,-0.1927647
2.0318999,-0.43283305,-0.18043037
2.0320001,-0.43741125,-0.16794178
2.0321,-0.4416005,-0.15531109
2.0322001,-0.44539657,-0.1425506
2.0323,-0.44879553,-0.12967274
2.0323999,-0.45179382,-0.11668999
2.0325,-0.45438841,-0.10361504
2.0325999,-0.4565765,-0.090460576
2.0327001,-0.45835584,-0.077239431
2.0328,-0.45972446,-0.063964464
2.0329001,-0.46068087,-0.0506486
2.033,-0.46122399,-0.037304807
2.0330999,-0.46135309,-0.023946084
2.0332,-0.46106786,-0.010585434
2.0332999,-0.46036845,0.0027641295
2.0334001,-0.4592554,0.016089603
2.0335,-0.45772961,0.029378008
2.0336001,-0.45579246,0.042616405
2.0337,-0.45344564,0.055791892
2.0337999,-0.45069134,0.068891644
2.0339,-0.44753209,0.081902899
2.0339999,-0.44397086,0.094812974
2.0341001,-0.44001096,0.10760931
2.0342,-0.43565616,0.12027943
2.0343001,-0.43091059,0.13281101
2.0344,-0.42577875,0.14519183
2.0344999,-0.4202655,0.15740985
2.0346,-0.41437617,0.16945314
2.0346999,-0.40811634,0.18131001
2.0348001,-0.40149206,0.19296889
2.0349,-0.39450967,0.20441845
2.0350001,-0.38717589,0.21564753
2.0351,-0.3794978,0.22664522
2.0352001,-0.37148276,0.2374008
2.0353,-0.3631385,0.24790381
2.0353999,-0.35447314,0.25814402
2.0355,-0.34549502,0.2681115
2.0355999,-0.33621278,0.27779654
2.0357001,-0.32663548,0.28718972
2.0358,-0.31677234,0.29628193
2.0359001,-0.30663291,0.30506432
2.036,-0.29622707,0.31352836
2.0360999,-0.28556484,0.32166585
2.0362,-0.27465662,0.32946888
2.0362999,-0.26351297,0.33692986
2.0364001,-0.25214472,0.34404162
2.0365,-0.24056292,0.35079721
2.0366001,-0.22877878,0.3571901
2.0367,-0.21680377,0.36321414
2.0367999,-0.20464954,0.36886346
2.0369,-0.1923279,0.37413263
2.0369999,-0.17985083,0.37901658
2.0371001,-0.16723046,0.38351059
2.0372,-0.15447906,0.38761035
2.0373001,-0.14160906,0.39131191
2.0374,-0.12863296,0.39461175
2.0374999,-0.1155634,0.39750668
2.0376,-0.1024131,0.39999399
2.0376999,-0.089194864,0.40207133
2.0378001,-0.075921558,0.40373671
2.0379,-0.062606104,0.40498865
2.0380001,-0.049261469,0.40582594
2.0381,-0.035900652,0.40624791
2.0381999,-0.022536663,0.40625423
2.0383,-0.0091825202,0.40584496
2.0383999,0.0041487692,0.40502059
2.0385001,0.017444219,0.40378207
2.0386,0.030690877,0.40213063
2.0387001,0.04387584,0.40006807
2.0388,0.056986265,0.39759645
2.0388999,0.070009373,0.39471832
2.039,0.082932487,0.39143658
2.0390999,0.095743008,0.38775453
2.0392001,0.10842846,0.38367593
2.0393,0.12097649,0.37920484
2.0394001,0.13337487,0.37434575
2.0395,0.14561151,0.36910352
2.0395999,0.15767452,0.3634834
2.0397,0.16955213,0.35749102
2.0397999,0.18123278,0.3511323
2.0399001,0.19270509,0.34441364
2.04,0.20395792,0.3373417
2.0401001,0.21498026,0.32992351
2.0402,0.22576143,0.32216647
2.0402999,0.2362909,0.3140783
2.0404,0.24655846,0.30566701
2.0404999,0.2565541,0.29694095
2.0406001,0.26626807,0.28790882
2.0407,0.27569097,0.27857956
2.0408001,0.28481364,0.26896241
2.0409,0.29362717,0.25906697
2.0409999,0.30212304,0.24890296
2.0411,0.31029296,0.23848052
2.0411999,0.31812903,0.22780998
2.0413001,0.32562363,0.21690188
2.0414,0.33276948,0.20576707
2.0415001,0.33955967,0.19441654
2.0416,0.34598762,0.18286154
2.0416999,0.35204709,0.17111352
2.0418,0.35773224,0.15918413
2.0418999,0.36303759,0.14708515
2.0420001,0.36795795,0.13482855
2.0421,0.37248868,0.12242651
2.0422001,0.3766253,0.10989127
2.0423,0.38036394,0.09723524
2.0423999,0.38370097,0.084470943
2.0425,0.38663319,0.071611017
2.0425999,0.38915783,0.058668181
2.0427001,0.39127249,0.045655251
2.0427999,0.39297515,0.032585088
2.0429001,0.39426431,0.019470632
2.043,0.39513871,0.0063248593
2.0431001,0.39559761,-0.0068392288
2.0432,0.39564061,-0.020008605
2.0432999,0.39526781,-0.033170242
2.0434,0.39447966,-0.046311114
2.0434999,0.39327696,-0.059418228
2.0436001,0.39166105,-0.072478607
2.0437,0.38963354,-0.085479334
2.0438001,0.38719654,-0.098407537
2.0439,0.38435254,-0.11125043
2.0439999,0.38110441,-0.12399531
2.0441,0.37745541,-0.13662955
2.0441999,0.37340921,-0.14914066
2.0443001,0.36896989,-0.16151625
2.0444,0.36414188,-0.17374405
2.0445001,0.35893005,-0.185812
2.0446,0.35333952,-0.19770811
2.0446999,0.34737593,-0.20942062
2.0448,0.34104523,-0.22093792
2.0448999,0.33435369,-0.23224862
2.0450001,0.32730797,-0.24334151
2.0451,0.31991509,-0.25420558
2.0452001,0.3121824,-0.26483008
2.0453,0.30411756,-0.27520448
2.0453999,0.29572862,-0.28531849
2.0455,0.28702384,-0.29516208
2.0455999,0.27801192,-0.30472547
2.0457001,0.26870176,-0.31399921
2.0458,0.25910261,-0.32297406
2.0459001,0.24922398,-0.33164114
2.046,0.23907565,-0.33999181
2.0460999,0.22866768,-0.34801778
2.0462,0.21801038,-0.35571107
2.0462999,0.20711432,-0.36306408
2.0464001,0.19599026,-0.37006941
2.0465,0.18464924,-0.3767201
2.0466001,0.17310248,-0.38300958
2.0467,0.16136141,-0.38893151
2.0467999,0.14943765,-0.39448005
2.0469,0.137343,-0.39964956
2.0469999,0.12508944,-0.40443495
2.0471001,0.11268907,-0.40883139
2.0472,0.10015419,-0.41283444
2.0473001,0.08749719,-0.41644013
2.0474,0.07473059,-0.41964477
2.0474999,0.061867025,-0.42244515
2.0476,0.048919223,-0.42483842
2.0476999,0.035899993,-0.42682213
2.0478001,0.022822218,-0.42839423
2.0479,0.0096988324,-0.42955309
2.0480001,-0.0034571732,-0.43029746
2.0481,-0.016632784,-0.43062654
2.0481999,-0.029814966,-0.43053991
2.0483,-0.04299067,-0.43003756
2.0483999,-0.056146864,-0.42911988
2.0485001,-0.069270521,-0.42778766
2.0486,-0.082348667,-0.42604217
2.0487001,-0.095368341,-0.42388499
2.0488,-0.10831666,-0.42131817
2.0488999,-0.12118081,-0.41834411
2.049,-0.13394806,-0.41496569
2.0490999,-0.14660576,-0.41118607
2.0492001,-0.15914138,-0.40700895
2.0493,-0.1715425,-0.40243825
2.0494001,-0.18379684,-0.39747846
2.0495,-0.19589226,-0.39213434
2.0495999,-0.20781678,-0.38641101
2.0497,-0.21955857,-0.38031405
2.0497999,-0.231106,-0.37384936
2.0499001,-0.24244763,-0.3670232
2.05,-0.2535722,-0.35984215
2.0501001,-0.26446867,-0.35231322
2.0502,-0.27512625,-0.34444374
2.0502999,-0.28553432,-0.3362413
2.0504,-0.29568261,-0.32771391
2.0504999,-0.30556101,-0.31886989
2.0506001,-0.31515968,-0.3097178
2.0506999,-0.32446912,-0.30026656
2.0508001,-0.33348006,-0.29052541
2.0509,-0.34218356,-0.28050381
2.0510001,-0.35057092,-0.27021155
2.0511,-0.35863379,-0.25965866
2.0511999,-0.36636415,-0.2488554
2.0513,-0.37375432,-0.23781236
2.0513999,-0.38079688,-0.22654028
2.0515001,-0.38748482,-0.21505016
2.0516,-0.39381143,-0.20335326
2.0517001,-0.39977044,-0.19146095
2.0518,-0.40535581,-0.17938489
2.0518999,-0.41056198,-0.16713685
2.052,-0.4153837,-0.1547288
2.0520999,-0.41981611,-0.14217287
2.0522001,-0.42385477,-0.12948135
2.0523,-0.42749557,-0.11666662
2.0524001,-0.43073481,-0.10374123
2.0525,-0.43356922,-0.0907178
2.0525999,-0.43599588,-0.077609085
2.0527,-0.43801227,-0.064427905
2.0527999,-0.43961632,-0.05118715
2.0529001,-0.44080633,-0.037899781
2.053,-0.44158098,-0.024578795
2.0531001,-0.44193941,-0.011237238
2.0532,-0.44188118,0.0021118352
2.0532999,-0.44140619,0.015455356
2.0534,-0.44051483,0.028780259
2.0534999,-0.43920779,0.042073496
2.0536001,-0.43748632,0.055322051
2.0537,-0.43535191,0.068512946
2.0538001,-0.43280661,0.081633255
2.0539,-0.42985272,0.094670139
2.0539999,-0.42649314,0.10761081
2.0541,-0.42273095,0.1204426
2.0541999,-0.4185698,0.13315292
2.0543001,-0.41401362,0.14572933
2.0544,-0.40906677,0.15815949
2.0545001,-0.40373403,0.17043121
2.0546,-0.39802051,0.18253249
2.0546999,-0.39193171,0.19445144
2.0548,-0.38547346,0.20617637
2.0548999,-0.37865207,0.21769579
2.0550001,-0.37147409,0.22899839
2.0551,-0.36394644,0.24007311
2.0552001,-0.35607642,0.25090909
2.0553,-0.34787169,0.26149565
2.0553999,-0.33934015,0.27182245
2.0555,-0.33049011,0.28187934
2.0555999,-0.32133016,0.29165643
2.0557001,-0.31186917,0.30114415
2.0558,-0.30211636,0.31033319
2.0559001,-0.29208118,0.31921452
2.056,-0.28177342,0.32777941
2.0560999,-0.27120307,0.33601949
2.0562,-0.26038045,0.34392661
2.0562999,-0.24931608,0.35149303
2.0564001,-0.23802073,0.3587113
2.0565,-0.22650541,0.36557436
2.0566001,-0.21478134,0.37207547
2.0567,-0.20285995,0.37820819
2.0567999,-0.19075285,0.38396654
2.0569,-0.17847185,0.38934484
2.0569999,-0.16602892,0.3943378
2.0571001,-0.15343621,0.3989405
2.0572,-0.14070602,0.40314841
2.0573001,-0.12785074,0.40695742
2.0574,-0.11488294,0.41036373
2.0574999,-0.10181528,0.41336402
2.0576,-0.088660501,0.41595533
2.0576999,-0.075431474,0.41813508
2.0578001,-0.062141106,0.41990113
2.0579,-0.04880238,0.42125171
2.0580001,-0.035428334,0.42218554
2.0581,-0.022032036,0.42270163
2.0581999,-0.0086265728,0.4227995
2.0583,0.0047749481,0.422479
2.0583999,0.01815943,0.42174044
2.0585001,0.031513784,0.42058456
2.0585999,0.044824954,0.41901243
2.0587001,0.058079924,0.41702563
2.0588,0.071265735,0.41462609
2.0589001,0.084369481,0.41181612
2.059,0.097378358,0.40859848
2.0590999,0.11027963,0.40497631
2.0592,0.12306067,0.40095317
2.0592999,0.13570899,0.39653298
2.0594001,0.14821219,0.39172009
2.0595,0.16055806,0.38651916
2.0596001,0.17273448,0.38093537
2.0597,0.18472959,0.3749741
2.0597999,0.19653159,0.36864126
2.0599,0.20812897,0.36194301
2.0599999,0.21951036,0.35488591
2.0601001,0.23066461,0.34747693
2.0602,0.24158081,0.33972332
2.0603001,0.25224829,0.33163267
2.0604,0.26265654,0.32321289
2.0604999,0.27279544,0.31447229
2.0606,0.282655,0.30541945
2.0606999,0.29222563,0.29606318
2.0608001,0.30149791,0.28641275
2.0609,0.31046277,0.27647758
2.0610001,0.31911141,0.26626742
2.0611,0.3274354,0.25579229
2.0611999,0.33542657,0.24506252
2.0613,0.34307706,0.2340886
2.0613999,0.35037941,0.22288132
2.0615001,0.35732645,0.21145169
2.0616,0.36391139,0.19981094
2.0617001,0.3701278,0.18797047
2.0618,0.37596953,0.17594194
2.0618999,0.38143089,0.16373716
2.062,0.38650653,0.15136813
2.0620999,0.39119148,0.13884698
2.0622001,0.39548114,0.12618603
2.0623,0.39937133,0.11339772
2.0624001,0.4028582,0.10049462
2.0625,0.40593839,0.087489389
2.0625999,0.40860882,0.074394837
2.0627,0.41086695,0.061223831
2.0627999,0.41271052,0.047989309
2.0629001,0.41413775,0.03470429
2.063,0.41514724,0.021381836
2.0631001,0.41573799,0.008035047
2.0632,0.41590944,-0.0053229537
2.0632999,0.41566142,-0.018679025
2.0634,0.41499421,-0.032020032
2.0634999,0.41390842,-0.045332849
2.0636001,0.41240516,-0.058604382
2.0637,0.41048592,-0.07182157
2.0638001,0.40815255,-0.084971413
2.0639,0.4054074,-0.098040961
2.0639999,0.40225312,-0.11101735
2.0641,0.39869285,-0.12388783
2.0641999,0.39473006,-0.1366397
2.0643001,0.3903687,-0.14926043
2.0644,0.38561299,-0.16173758
2.0645001,0.38046765,-0.17405885
2.0646,0.37493774,-0.18621214
2.0646999,0.36902872,-0.19818546
2.0648,0.36274633,-0.209967
2.0648999,0.3560968,-0.22154517
2.0650001,0.34908667,-0.23290856
2.0651,0.34172282,-0.24404596
2.0652001,0.33401248,-0.25494638
2.0653,0.32596323,-0.2655991
2.0653999,0.31758302,-0.27599362
2.0655,0.30888006,-0.28611964
2.0655999,0.29986292,-0.29596722
2.0657001,0.29054049,-0.30552661
2.0658,0.28092188,-0.3147884
2.0659001,0.2710166,-0.32374343
2.066,0.26083437,-0.33238286
2.0660999,0.25038522,-0.34069815
2.0662,0.23967943,-0.34868109
2.0662999,0.2287275,-0.35632378
2.0664001,0.21754025,-0.36361867
2.0664999,0.20612864,-0.37055853
2.0666001,0.19450393,-0.37713653
2.0667,0.18267754,-0.38334611
2.0668001,0.17066111,-0.38918114
2.0669,0.15846647,-0.39463583
2.0669999,0.14610562,-0.39970475
2.0671,0.13359073,-0.40438288
2.0671999,0.12093409,-0.4086656
2.0673001,0.10814819,-0.4125486
2.0674,0.095245592,-0.41602802
2.0675001,0.082239009,-0.4191004
2.0676,0.069141246,-0.42176265
2.0676999,0.055965196,-0.42401209
2.0678,0.042723835,-0.42584649
2.0678999,0.029430198,-0.42726395
2.0680001,0.016097376,-0.42826301
2.0681,0.0027385068,-0.42884269
2.0682001,-0.010633256,-0.42900231
2.0683,-0.024004743,-0.42874166
2.0683999,-0.037362773,-0.42806095
2.0685,-0.05069419,-0.42696077
2.0685999,-0.063985862,-0.42544219
2.0687001,-0.077224679,-0.42350659
2.0688,-0.090397604,-0.42115581
2.0689001,-0.10349164,-0.41839215
2.069,-0.1164939,-0.41521823
2.0690999,-0.12939154,-0.41163713
2.0692,-0.14217184,-0.40765229
2.0692999,-0.15482223,-0.40326759
2.0694001,-0.16733021,-0.39848724
2.0695,-0.17968343,-0.39331594
2.0696001,-0.19186972,-0.38775867
2.0697,-0.20387703,-0.38182083
2.0697999,-0.21569355,-0.37550822
2.0699,-0.22730757,-0.36882702
2.0699999,-0.23870766,-0.36178365
2.0701001,-0.24988253,-0.35438505
2.0702,-0.26082116,-0.34663841
2.0703001,-0.27151275,-0.33855131
2.0704,-0.28194672,-0.33013162
2.0704999,-0.29211277,-0.32138756
2.0706,-0.30200082,-0.31232771
2.0706999,-0.31160113,-0.30296087
2.0708001,-0.32090417,-0.29329625
2.0709,-0.32990074,-0.28334323
2.0710001,-0.33858192,-0.27311161
2.0711,-0.34693915,-0.26261139
2.0711999,-0.35496414,-0.25185281
2.0713,-0.3626489,-0.24084643
2.0713999,-0.36998585,-0.22960301
2.0715001,-0.3769677,-0.21813355
2.0716,-0.38358748,-0.2064493
2.0717001,-0.38983867,-0.19456169
2.0718,-0.39571503,-0.18248238
2.0718999,-0.40121067,-0.17022318
2.072,-0.40632018,-0.15779613
2.0720999,-0.41103843,-0.1452134
2.0722001,-0.41536072,-0.1324873
2.0723,-0.4192827,-0.11963034
2.0724001,-0.42280048,-0.10665511
2.0725,-0.4259105,-0.093574338
2.0725999,-0.42860964,-0.080400847
2.0727,-0.43089515,-0.067147568
2.0727999,-0.43276474,-0.053827498
2.0729001,-0.43421644,-0.040453706
2.073,-0.43524879,-0.027039316
2.0731001,-0.43586069,-0.013597492
2.0732,-0.43605146,-0.00014143092
2.0732999,-0.43582082,0.013315662
2.0734,-0.43516892,0.026760573
2.0734999,-0.43409634,0.040180098
2.0736001,-0.43260401,0.053561065
2.0737,-0.43069336,0.066890329
2.0738001,-0.42836621,0.080154791
2.0739,-0.42562473,0.093341433
2.0739999,-0.42247152,0.10643729
2.0741,-0.41890964,0.11942949
2.0741999,-0.4149425,0.13230528
2.0743001,-0.41057393,0.14505199
2.0743999,-0.40580812,0.15765709
2.0745001,-0.4006497,0.17010818
2.0746,-0.39510366,0.18239306
2.0747001,-0.38917542,0.1944996
2.0748,-0.38287064,0.20641591
2.0748999,-0.37619552,0.21813028
2.075,-0.36915651,0.22963117
2.0750999,-0.36176047,0.24090727
2.0752001,-0.35401461,0.25194746
2.0753,-0.34592643,0.26274094
2.0754001,-0.33750388,0.27327701
2.0755,-0.32875508,0.28354532
2.0755999,-0.31968868,0.29353577
2.0757,-0.3103134,0.30323854
2.0757999,-0.30063847,0.312644
2.0759001,-0.29067332,0.32174295
2.076,-0.28042766,0.33052641
2.0761001,-0.26991153,0.33898571
2.0762,-0.25913519,0.34711251
2.0762999,-0.24810916,0.35489875
2.0764,-0.23684424,0.36233684
2.0764999,-0.22535144,0.36941937
2.0766001,-0.213642,0.37613937
2.0767,-0.20172738,0.38249022
2.0768001,-0.18961923,0.38846561
2.0769,-0.17732941,0.39405969
2.0769999,-0.16486995,0.39926684
2.0771,-0.15225305,0.40408197
2.0771999,-0.13949104,0.40850031
2.0773001,-0.12659645,0.41251746
2.0774,-0.11358192,0.41612944
2.0775001,-0.10046016,0.41933268
2.0776,-0.087244064,0.42212397
2.0776999,-0.073946573,0.42450052
2.0778,-0.060580712,0.42646
2.0778999,-0.04715959,0.42800042
2.0780001,-0.033696368,0.42912021
2.0781,-0.020204246,0.42981824
2.0782001,-0.0066964556,0.43009382
2.0783,0.0068137534,0.4299466
2.0783999,0.020313131,0.42937666
2.0785,0.033788431,0.4283846
2.0785999,0.047226433,0.42697129
2.0787001,0.060613949,0.42513809
2.0788,0.073937841,0.42288679
2.0789001,0.087185033,0.42021954
2.079,0.10034252,0.41713893
2.0790999,0.11339738,0.41364795
2.0792,0.1263368,0.40974998
2.0792999,0.13914807,0.40544882
2.0794001,0.15181862,0.40074867
2.0795,0.16433598,0.39565411
2.0796001,0.17668787,0.39017013
2.0797,0.18886216,0.38430202
2.0797999,0.20084688,0.37805557
2.0799,0.21263026,0.37143686
2.0799999,0.22420071,0.36445239
2.0801001,0.23554687,0.35710898
2.0802,0.24665757,0.34941378
2.0803001,0.2575219,0.34137437
2.0804,0.26812917,0.3329986
2.0804999,0.27846894,0.32429466
2.0806,0.28853106,0.31527108
2.0806999,0.29830563,0.30593675
2.0808001,0.30778304,0.29630077
2.0809,0.31695393,0.28637257
2.0810001,0.32580933,0.27616194
2.0811,0.33434045,0.26567882
2.0811999,0.34253895,0.25493357
2.0813,0.35039678,0.24393669
2.0813999,0.3579061,0.23269896
2.0815001,0.36505961,0.22123143
2.0816,0.37185025,0.20954534
2.0817001,0.37827128,0.19765216
2.0818,0.38431638,0.18556356
2.0818999,0.38997966,0.17329144
2.082,0.39525545,0.16084781
2.0820999,0.40013856,0.14824492
2.0822001,0.40462419,0.13549513
2.0822999,0.40870792,0.12261095
2.0824001,0.4123857,0.10960507
2.0825,0.41565388,0.096490256
2.0826001,0.41850924,0.083279394
2.0827,0.42094898,0.069985457
2.0827999,0.42297062,0.056621529
2.0829,0.42457217,0.043200731
2.0829999,0.42575207,0.02973626
2.0831001,0.42650908,0.016241357
2.0832,0.42684248,0.0027292862
2.0833001,0.42675188,-0.010786663
2.0834,0.42623737,-0.024293195
2.0834999,0.42529944,-0.037777033
2.0836,0.42393896,-0.051224906
2.0836999,0.42215729,-0.064623587
2.0838001,0.41995609,-0.077959888
2.0839,0.41733754,-0.091220692
2.0840001,0.41430423,-0.10439295
2.0841,0.41085905,-0.1174637
2.0841999,0.4070054,-0.13042006
2.0843,0.40274704,-0.1432493
2.0843999,0.39808813,-0.15593876
2.0845001,0.39303324,-0.16847597
2.0846,0.38758731,-0.18084857
2.0847001,0.38175568,-0.19304438
2.0848,0.37554407,-0.20505138
2.0848999,0.36895859,-0.21685775
2.085,0.36200562,-0.22845183
2.0850999,0.35469204,-0.23982222
2.0852001,0.34702504,-0.25095773
2.0853,0.33901206,-0.26184735
2.0854001,0.33066106,-0.27248034
2.0855,0.32198018,-0.28284624
2.0855999,0.31297794,-0.29293481
2.0857,0.30366316,-0.3027361
2.0857999,0.29404506,-0.31224042
2.0859001,0.28413305,-0.32143846
2.086,0.27393684,-0.33032104
2.0861001,0.26346645,-0.3388795
2.0862,0.25273219,-0.34710529
2.0862999,0.24174461,-0.35499033
2.0864,0.23051448,-0.36252683
2.0864999,0.21905287,-0.36970732
2.0866001,0.20737101,-0.37652472
2.0867,0.19548041,-0.38297227
2.0868001,0.18339275,-0.3890436
2.0869,0.17111993,-0.39473268
2.0869999,0.15867399,-0.40003392
2.0871,0.14606719,-0.40494201
2.0871999,0.13331193,-0.40945211
2.0873001,0.12042075,-0.41355973
2.0874,0.10740633,-0.4172608
2.0875001,0.09428148,-0.4205516
2.0876,0.081059121,-0.42342889
2.0876999,0.067752242,-0.42588979
2.0878,0.054373961,-0.42793185
2.0878999,0.040937439,-0.42955297
2.0880001,0.027455896,-0.43075153
2.0881,0.01394261,-0.4315263
2.0882001,0.00041088459,-0.43187651
2.0883,-0.013125959,-0.43180174
2.0883999,-0.026654588,-0.43130201
2.0885,-0.04016168,-0.43037781
2.0885999,-0.053633932,-0.42902994
2.0887001,-0.067058071,-0.42725974
2.0888,-0.080420874,-0.42506889
2.0889001,-0.093709171,-0.42245945
2.089,-0.10690987,-0.41943401
2.0890999,-0.12000997,-0.41599548
2.0892,-0.13299654,-0.41214719
2.0892999,-0.14585681,-0.40789288
2.0894001,-0.15857807,-0.40323672
2.0895,-0.17114779,-0.3981832
2.0896001,-0.18355359,-0.3927373
2.0897,-0.19578321,-0.3869043
2.0897999,-0.20782459,-0.38068992
2.0899,-0.21966587,-0.37410021
2.0899999,-0.23129535,-0.36714163
2.0901,-0.24270155,-0.35982099
2.0901999,-0.25387323,-0.35214543
2.0903001,-0.26479936,-0.3441225
2.0904,-0.27546912,-0.33576003
2.0905001,-0.28587201,-0.32706618
2.0906,-0.29599774,-0.31804955
2.0906999,-0.30583632,-0.30871892
2.0908,-0.31537801,-0.29908341
2.0908999,-0.32461339,-0.28915256
2.0910001,-0.33353332,-0.278936
2.0911,-0.34212896,-0.26844385
2.0912001,-0.35039186,-0.25768632
2.0913,-0.35831383,-0.24667402
2.0913999,-0.36588699,-0.23541774
2.0915,-0.37310389,-0.22392853
2.0915999,-0.37995732,-0.21221766
2.0917001,-0.38644055,-0.20029663
2.0918,-0.3925471,-0.18817715
2.0919001,-0.39827093,-0.17587113
2.092,-0.40360638,-0.16339067
2.0920999,-0.40854815,-0.15074798
2.0922,-0.41309127,-0.13795553
2.0922999,-0.41723126,-0.12502588
2.0924001,-0.420964,-0.11197173
2.0925,-0.42428574,-0.098805904
2.0926001,-0.42719316,-0.085541353
2.0927,-0.42968336,-0.072191119
2.0927999,-0.43175381,-0.058768317
2.0929,-0.43340248,-0.04528616
2.0929999,-0.43462762,-0.031757899
2.0931001,-0.43542802,-0.018196838
2.0932,-0.43580279,-0.0046163206
2.0933001,-0.43575156,0.0089702951
2.0934,-0.4352743,0.022549642
2.0934999,-0.43437141,0.03610836
2.0936,-0.43304378,0.049633104
2.0936999,-0.43129256,0.063110568
2.0938001,-0.42911953,0.076527476
2.0939,-0.42652673,0.089870632
2.0940001,-0.42351663,0.1031269
2.0941,-0.4200922,0.11628322
2.0941999,-0.4162567,0.12932664
2.0943,-0.41201389,0.14224431
2.0943999,-0.40736786,0.15502353
2.0945001,-0.40232316,0.16765168
2.0946,-0.39688468,0.18011634
2.0947001,-0.39105776,0.19240522
2.0948,-0.38484806,0.20450622
2.0948999,-0.37826163,0.2164074
2.095,-0.3713049,0.22809705
2.0950999,-0.36398473,0.23956363
2.0952001,-0.35630819,0.25079584
2.0953,-0.34828287,0.26178259
2.0954001,-0.33991659,0.27251309
2.0955,-0.3312175,0.28297669
2.0955999,-0.32219416,0.29316312
2.0957,-0.31285542,0.30306232
2.0957999,-0.30321041,0.31266454
2.0959001,-0.29326856,0.32196024
2.096,-0.28303969,0.33094028
2.0961001,-0.27253371,0.33959582
2.0962,-0.26176104,0.34791827
2.0962999,-0.25073218,0.35589942
2.0964,-0.23945798,0.36353138
2.0964999,-0.22794947,0.37080663
2.0966001,-0.21621798,0.37771797
2.0967,-0.204275,0.38425854
2.0968001,-0.19213225,0.3904219
2.0969,-0.17980167,0.39620191
2.0969999,-0.16729538,0.40159288
2.0971,-0.15462562,0.40658948
2.0971999,-0.14180487,0.41118672
2.0973001,-0.12884572,0.41538003
2.0974,-0.11576089,0.41916531
2.0975001,-0.10256324,0.42253876
2.0976,-0.089265741,0.425497
2.0977001,-0.075881474,0.42803708
2.0978,-0.062423576,0.43015653
2.0978999,-0.048905283,0.43185315
2.098,-0.035339892,0.43312526
2.0980999,-0.021740738,0.43397158
2.0982001,-0.0081211906,0.43439123
2.0983,0.0055053532,0.43438378
2.0984001,0.01912549,0.43394914
2.0985,0.032725826,0.43308777
2.0985999,0.046292979,0.43180043
2.0987,0.0598136,0.4300884
2.0987999,0.073274389,0.42795327
2.0989001,0.086662091,0.42539713
2.099,0.099963546,0.42242247
2.0991001,0.11316565,0.41903216
2.0992,0.12625541,0.41522953
2.0992999,0.13921994,0.41101825
2.0994,0.15204649,0.40640247
2.0994999,0.16472241,0.40138668
2.0996001,0.17723522,0.39597577
2.0997,0.18957262,0.39017504
2.0998001,0.20172243,0.3839902
2.0999,0.21367268,0.37742725
2.0999999,0.22541164,0.37049267
2.1001,0.2369277,0.36319321
2.1001999,0.24820954,0.35553604
2.1003001,0.25924602,0.3475287
2.1004,0.27002627,0.33917901
2.1005001,0.28053969,0.33049515
2.1006,0.29077587,0.32148567
2.1006999,0.30072477,0.31215939
2.1008,0.31037652,0.30252549
2.1008999,0.31972167,0.29259339
2.1010001,0.32875094,0.28237289
2.1011,0.33745545,0.27187401
2.1012001,0.34582663,0.26110706
2.1013,0.35385618,0.25008261
2.1013999,0.3615362,0.23881151
2.1015,0.36885908,0.2273048
2.1015999,0.37581766,0.21557383
2.1017001,0.38240498,0.20363013
2.1018,0.38861457,0.19148542
2.1019001,0.39444029,0.17915165
2.102,0.39987642,0.16664095
2.1020999,0.40491751,0.15396562
2.1022,0.40955862,0.14113814
2.1022999,0.41379514,0.1281711
2.1024001,0.41762289,0.11507728
2.1025,0.42103809,0.10186955
2.1026001,0.42403731,0.088560916
2.1027,0.42661756,0.075164467
2.1027999,0.42877632,0.061693385
2.1029,0.43051144,0.048160937
2.1029999,0.43182117,0.034580428
2.1031001,0.43270415,0.020965241
2.1032,0.43315956,0.0073287748
2.1033001,0.43318686,-0.0063155484
2.1034,0.43278605,-0.01995429
2.1034999,0.43195748,-0.033574022
2.1036,0.43070191,-0.04716133
2.1036999,0.42902061,-0.060702831
2.1038001,0.42691517,-0.074185193
2.1039,0.4243876,-0.087595128
2.1040001,0.42144045,-0.10091943
2.1041,0.41807655,-0.11414496
2.1041999,0.41429916,-0.1272587
2.1043,0.41011202,-0.14024773
2.1043999,0.40551922,-0.15309924
2.1045001,0.40052524,-0.16580057
2.1046,0.39513499,-0.1783392
2.1047001,0.38935375,-0.19070275
2.1048,0.3831872,-0.20287906
2.1048999,0.37664136,-0.21485612
2.105,0.36972272,-0.2266221
2.1050999,0.36243799,-0.23816542
2.1052001,0.35479438,-0.24947469
2.1052999,0.34679937,-0.26053873
2.1054001,0.3384608,-0.27134666
2.1055,0.32978693,-0.2818878
2.1056001,0.32078621,-0.29215175
2.1057,0.31146753,-0.30212837
2.1057999,0.30184004,-0.31180784
2.1059,0.29191318,-0.32118058
2.1059999,0.28169674,-0.33023736
2.1061001,0.27120078,-0.33896923
2.1062,0.26043558,-0.34736753
2.1063001,0.24941175,-0.35542399
2.1064,0.23814014,-0.36313069
2.1064999,0.22663184,-0.37047994
2.1066,0.21489815,-0.37746453
2.1066999,0.20295066,-0.38407752
2.1068001,0.1908011,-0.3903124
2.1069,0.17846142,-0.39616299
2.1070001,0.16594379,-0.40162349
2.1071,0.15326051,-0.40668848
2.1071999,0.14042409,-0.41135299
2.1073,0.12744714,-0.41561234
2.1073999,0.11434246,-0.41946235
2.1075001,0.10112295,-0.42289919
2.1076,0.087801613,-0.42591944
2.1077001,0.074391596,-0.42852008
2.1078,0.060906086,-0.43069851
2.1078999,0.047358375,-0.43245262
2.108,0.033761814,-0.43378058
2.1080999,0.020129787,-0.43468106
2.1082001,0.0064757327,-0.43515319
2.1083,-0.0071868962,-0.43519643
2.1084001,-0.020844638,-0.43481073
2.1085,-0.034484033,-0.43399644
2.1085999,-0.048091635,-0.43275431
2.1087,-0.061654035,-0.43108553
2.1087999,-0.075157866,-0.42899173
2.1089001,-0.08858981,-0.42647499
2.109,-0.10193663,-0.42353767
2.1091001,-0.11518517,-0.42018268
2.1092,-0.12832236,-0.41641331
2.1092999,-0.14133525,-0.4122332
2.1094,-0.154211,-0.40764648
2.1094999,-0.1669369,-0.40265763
2.1096001,-0.17950043,-0.39727151
2.1097,-0.19188918,-0.39149344
2.1098001,-0.20409092,-0.38532907
2.1099,-0.21609363,-0.37878442
2.1099999,-0.22788544,-0.37186596
2.1101,-0.23945475,-0.36458042
2.1101999,-0.25079009,-0.35693502
2.1103001,-0.26188034,-0.34893721
2.1104,-0.27271447,-0.34059486
2.1105001,-0.28328186,-0.33191618
2.1106,-0.29357204,-0.32290971
2.1106999,-0.30357483,-0.31358427
2.1108,-0.31328037,-0.303949
2.1108999,-0.3226791,-0.29401344
2.1110001,-0.33176172,-0.28378731
2.1111,-0.34051922,-0.27328071
2.1112001,-0.34894297,-0.26250392
2.1113,-0.35702467,-0.25146756
2.1113999,-0.36475626,-0.24018247
2.1115,-0.37213016,-0.22865979
2.1115999,-0.37913907,-0.21691085
2.1117001,-0.38577601,-0.20494717
2.1118,-0.39203444,-0.19278057
2.1119001,-0.39790818,-0.18042299
2.112,-0.40339139,-0.16788661
2.1120999,-0.40847865,-0.15518376
2.1122,-0.41316488,-0.14232697
2.1122999,-0.41744548,-0.12932885
2.1124001,-0.42131621,-0.11620224
2.1125,-0.42477316,-0.10296005
2.1126001,-0.42781293,-0.089615315
2.1127,-0.4304325,-0.076181181
2.1127999,-0.43262926,-0.062670887
2.1129,-0.43440098,-0.049097721
2.1129999,-0.43574589,-0.035475072
2.1131001,-0.43666267,-0.021816347
2.1131999,-0.43715033,-0.0081350049
2.1133001,-0.43720841,0.0055554719
2.1134,-0.43683681,0.019241598
2.1135001,-0.43603584,0.032909885
2.1136,-0.43480626,0.046546865
2.1136999,-0.43314925,0.060139101
2.1138,-0.43106642,0.073673196
2.1138999,-0.42855981,0.087135807
2.1140001,-0.42563185,0.10051367
2.1141,-0.42228535,0.11379359
2.1142001,-0.41852361,0.12696248
2.1143,-0.41435033,0.14000736
2.1143999,-0.40976954,0.15291536
2.1145,-0.40478575,0.16567376
2.1145999,-0.39940384,0.17826997
2.1147001,-0.3936291,0.19069158
2.1148,-0.38746718,0.20292632
2.1149001,-0.38092411,0.21496215
2.115,-0.37400633,0.22678716
2.1150999,-0.36672062,0.23838973
2.1152,-0.35907412,0.24975838
2.1152999,-0.35107437,0.2608819
2.1154001,-0.34272918,0.27174932
2.1155,-0.33404681,0.28234991
2.1156001,-0.32503572,0.2926732
2.1157,-0.31570485,0.30270901
2.1157999,-0.30606329,0.31244746
2.1159,-0.29612055,0.32187888
2.1159999,-0.28588644,0.33099398
2.1161001,-0.27537096,0.33978379
2.1162,-0.26458451,0.34823957
2.1163001,-0.25353765,0.35635301
2.1164,-0.24224129,0.3641161
2.1164999,-0.23070651,0.37152115
2.1166,-0.21894468,0.37856084
2.1166999,-0.20696737,0.38522822
2.1168001,-0.19478635,0.39151666
2.1169,-0.18241364,0.39741999
2.1170001,-0.16986139,0.40293238
2.1171,-0.15714195,0.40804833
2.1171999,-0.14426787,0.41276279
2.1173,-0.13125181,0.4170711
2.1173999,-0.11810659,0.42096898
2.1175001,-0.10484515,0.42445257
2.1176,-0.091480538,0.42751843
2.1177001,-0.07802593,0.43016347
2.1178,-0.064494573,0.43238512
2.1178999,-0.050899796,0.43418112
2.118,-0.037254982,0.43554968
2.1180999,-0.023573577,0.43648946
2.1182001,-0.0098690586,0.43699947
2.1183,0.0038450737,0.43707919
2.1184001,0.017555306,0.43672857
2.1185,0.031248132,0.43594787
2.1185999,0.044910058,0.43473783
2.1187,0.058527622,0.43309969
2.1187999,0.072087407,0.43103498
2.1189001,0.085576043,0.42854571
2.119,0.098980248,0.42563435
2.1191001,0.1122868,0.42230374
2.1192,0.12548257,0.41855708
2.1192999,0.13855459,0.41439813
2.1194,0.15148994,0.4098309
2.1194999,0.16427588,0.4048599
2.1196001,0.17689981,0.39949
2.1197,0.18934926,0.39372647
2.1198001,0.20161197,0.38757497
2.1199,0.21367586,0.38104156
2.1199999,0.225529,0.3741326
2.1201,0.23715973,0.36685497
2.1201999,0.24855658,0.35921577
2.1203001,0.25970829,0.35122252
2.1204,0.27060387,0.34288305
2.1205001,0.28123257,0.3342056
2.1206,0.2915839,0.32519871
2.1206999,0.30164763,0.31587124
2.1208,0.31141388,0.30623233
2.1208999,0.32087296,0.2962915
2.1210001,0.3300156,0.28605852
2.1210999,0.33883271,0.27554345
2.1212001,0.34731558,0.26475665
2.1213,0.35545591,0.25370875
2.1214001,0.36324561,0.24241063
2.1215,0.37067699,0.23087341
2.1215999,0.37774274,0.21910842
2.1217,0.38443583,0.20712727
2.1217999,0.39074969,0.19494176
2.1219001,0.39667809,0.18256389
2.122,0.40221515,0.17000584
2.1221001,0.4073554,0.15728
2.1222,0.41209373,0.14439888
2.1222999,0.41642553,0.13137521
2.1224,0.42034644,0.11822177
2.1224999,0.42385259,0.10495155
2.1226001,0.42694056,0.091577612
2.1227,0.42960721,0.078113139
2.1228001,0.43184999,0.064571403
2.1229,0.43366659,0.050965745
2.1229999,0.43505526,0.037309568
2.1231,0.43601456,0.02361634
2.1231999,0.43654358,0.009899552
2.1233001,0.43664175,-0.0038272776
2.1234,0.43630898,-0.017550617
2.1235001,0.43554559,-0.031256936
2.1236,0.43435228,-0.044932727
2.1236999,0.43273023,-0.05856451
2.1238,0.43068102,-0.072138838
2.1238999,0.42820665,-0.085642338
2.1240001,0.42530954,-0.099061683
2.1241,0.42199257,-0.11238366
2.1242001,0.41825897,-0.12559511
2.1243,0.41411236,-0.13868302
2.1243999,0.4095569,-0.15163448
2.1245,0.40459698,-0.16443671
2.1245999,0.39923754,-0.1770771
2.1247001,0.39348385,-0.18954317
2.1248,0.3873415,-0.20182264
2.1249001,0.38081658,-0.21390337
2.125,0.37391552,-0.22577347
2.1250999,0.3666451,-0.23742121
2.1252,0.35901248,-0.2488351
2.1252999,0.35102516,-0.26000389
2.1254001,0.342691,-0.27091658
2.1255,0.3340182,-0.28156236
2.1256001,0.32501534,-0.29193074
2.1257,0.31569123,-0.30201149
2.1257999,0.30605507,-0.31179467
2.1259,0.29611638,-0.32127061
2.1259999,0.28588492,-0.33042994
2.1261001,0.27537075,-0.33926368
2.1262,0.2645843,-0.34776303
2.1263001,0.25353611,-0.35591966
2.1264,0.24223711,-0.36372548
2.1264999,0.23069844,-0.37117282
2.1266,0.21893144,-0.37825426
2.1266999,0.20694771,-0.38496289
2.1268001,0.19475909,-0.39129201
2.1269,0.18237755,-0.39723539
2.1270001,0.16981532,-0.40278715
2.1271,0.15708476,-0.40794182
2.1271999,0.14419843,-0.41269431
2.1273,0.13116905,-0.41703987
2.1273999,0.11800943,-0.42097425
2.1275001,0.10473256,-0.42449355
2.1276,0.091351517,-0.42759427
2.1277001,0.077879511,-0.43027335
2.1278,0.064329803,-0.43252814
2.1278999,0.050715759,-0.43435636
2.128,0.037050806,-0.43575627
2.1280999,0.023348413,-0.43672639
2.1282001,0.0096220942,-0.43726578
2.1283,-0.0041146171,-0.43737394
2.1284001,-0.017848177,-0.43705067
2.1285,-0.03156504,-0.43629631
2.1285999,-0.045251679,-0.43511161
2.1287,-0.058894601,-0.43349773
2.1287999,-0.072480343,-0.43145618
2.1289001,-0.08599551,-0.42898902
2.1289999,-0.099426769,-0.42609861
2.1291001,-0.11276087,-0.42278787
2.1292,-0.12598467,-0.41905999
2.1293001,-0.13908511,-0.41491866
2.1294,-0.15204929,-0.41036791
2.1294999,-0.16486439,-0.40541226
2.1296,-0.17751779,-0.40005654
2.1296999,-0.18999699,-0.39430606
2.1298001,-0.20228969,-0.38816646
2.1299,-0.21438375,-0.38164374
2.1300001,-0.22626726,-0.37474439
2.1301,-0.23792847,-0.36747518
2.1301999,-0.24935587,-0.35984322
2.1303,-0.26053819,-0.35185608
2.1303999,-0.27146441,-0.34352162
2.1305001,-0.28212371,-0.33484802
2.1306,-0.29250559,-0.32584381
2.1307001,-0.30259982,-0.31651789
2.1308,-0.31239641,-0.30687943
2.1308999,-0.3218857,-0.29693794
2.131,-0.33105832,-0.2867032
2.1310999,-0.3399052,-0.2761853
2.1312001,-0.34841761,-0.2653946
2.1313,-0.35658714,-0.25434175
2.1314001,-0.36440575,-0.2430376
2.1315,-0.37186569,-0.23149332
2.1315999,-0.3789596,-0.21972027
2.1317,-0.38568044,-0.20773008
2.1317999,-0.39202163,-0.19553453
2.1319001,-0.39797688,-0.18314567
2.132,-0.40354025,-0.17057569
2.1321001,-0.40870631,-0.157837
2.1322,-0.41346994,-0.14494215
2.1322999,-0.41782641,-0.13190384
2.1324,-0.42177141,-0.11873493
2.1324999,-0.42530105,-0.10544841
2.1326001,-0.42841181,-0.092057362
2.1327,-0.43110064,-0.078575008
2.1328001,-0.43336484,-0.065014631
2.1329,-0.43520221,-0.051389594
2.1329999,-0.43661088,-0.037713345
2.1331,-0.43758947,-0.023999363
2.1331999,-0.43813697,-0.010261171
2.1333001,-0.43825287,0.0034876834
2.1334,-0.43793702,0.01723364
2.1335001,-0.4371897,0.030963145
2.1336,-0.43601167,0.044662658
2.1336999,-0.43440405,0.058318667
2.1338,-0.43236843,0.071917705
2.1338999,-0.42990676,0.085446358
2.1340001,-0.42702153,0.098891281
2.1341,-0.4237155,0.11223922
2.1342001,-0.41999194,0.125477
2.1343,-0.41585454,0.13859157
2.1343999,-0.41130733,0.15156998
2.1345,-0.40635481,0.16439945
2.1345999,-0.40100181,0.17706729
2.1347001,-0.39525363,0.18956104
2.1348,-0.38911593,0.20186836
2.1349001,-0.3825947,0.21397708
2.135,-0.37569645,0.2258753
2.1350999,-0.36842787,0.23755124
2.1352,-0.36079618,0.24899341
2.1352999,-0.35280889,0.26019052
2.1354001,-0.34447387,0.27113146
2.1355,-0.33579931,0.28180552
2.1356001,-0.32679373,0.29220212
2.1357,-0.31746605,0.30231097
2.1357999,-0.30782545,0.31212217
2.1359,-0.29788139,0.32162598
2.1359999,-0.2876437,0.33081302
2.1361001,-0.2771225,0.33967426
2.1362,-0.2663281,0.34820092
2.1363001,-0.25527114,0.35638458
2.1364,-0.24396256,0.36421716
2.1364999,-0.23241347,0.37169096
2.1366,-0.22063525,0.37879854
2.1366999,-0.20863955,0.38553295
2.1368001,-0.19643813,0.39188749
2.1368999,-0.18404306,0.39785591
2.1370001,-0.17146657,0.40343231
2.1371,-0.15872103,0.40861115
2.1372001,-0.14581899,0.41338733
2.1373,-0.13277322,0.41775617
2.1373999,-0.11959653,0.42171329
2.1375,-0.10630195,0.42525482
2.1375999,-0.092902564,0.42837724
2.1377001,-0.079411589,0.43107745
2.1378,-0.065842323,0.4333528
2.1379001,-0.052208155,0.43520102
2.138,-0.038522523,0.4366203
2.1380999,-0.024798924,0.4376092
2.1382,-0.011050891,0.43816674
2.1382999,0.0027080229,0.43829235
2.1384001,0.016464246,0.43798596
2.1385,0.030204212,0.43724778
2.1386001,0.043914374,0.43607858
2.1387,0.057581205,0.43447948
2.1387999,0.071191236,0.43245205
2.1389,0.084731027,0.42999831
2.1389999,0.098187245,0.42712063
2.1391001,0.11154661,0.42382184
2.1392,0.12479593,0.42010522
2.1393001,0.13792215,0.41597438
2.1394,0.15091234,0.41143346
2.1394999,0.16375366,0.40648684
2.1396,0.17643344,0.40113944
2.1396999,0.1889392,0.3953965
2.1398001,0.20125857,0.38926372
2.1399,0.21337943,0.38274708
2.1400001,0.22528979,0.37585306
2.1401,0.23697793,0.36858842
2.1401999,0.24843231,0.3609603
2.1403,0.25964162,0.35297626
2.1403999,0.27059481,0.34464416
2.1405001,0.28128105,0.33597216
2.1406,0.29168981,0.32696885
2.1407001,0.30181086,0.31764311
2.1408,0.31163415,0.30800411
2.1408999,0.32115,0.29806134
2.141,0.33034906,0.28782463
2.1410999,0.33922222,0.27730408
2.1412001,0.34776074,0.26651004
2.1413,0.35595617,0.25545311
2.1414001,0.36380044,0.24414428
2.1415,0.37128583,0.23259462
2.1415999,0.37840489,0.22081557
2.1417,0.38515061,0.2088187
2.1417999,0.39151639,0.19661587
2.1419001,0.39749587,0.18421912
2.142,0.40308321,0.17164063
2.1421001,0.40827283,0.15889286
2.1422,0.41305968,0.14598833
2.1422999,0.41743895,0.1329398
2.1424,0.42140639,0.11976012
2.1424999,0.42495802,0.10646228
2.1426001,0.42809039,0.093059421
2.1427,0.43080038,0.079564735
2.1428001,0.43308526,0.065991543
2.1429,0.43494284,0.052353233
2.1429999,0.43637127,0.038663253
2.1431,0.43736911,0.024935102
2.1431999,0.43793538,0.011182323
2.1433001,0.43806952,-0.0025815177
2.1434,0.43777138,-0.016342849
2.1435001,0.43704128,-0.030088093
2.1436,0.43587989,-0.043803692
2.1436999,0.43428838,-0.057476122
2.1438,0.43226832,-0.07109189
2.1438999,0.4298217,-0.084637567
2.1440001,0.42695087,-0.098099798
2.1441,0.42365873,-0.11146529
2.1442001,0.41994849,-0.12472087
2.1443,0.41582379,-0.13785346
2.1443999,0.41128874,-0.15085009
2.1445,0.40634775,-0.16369796
2.1445999,0.40100572,-0.17638437
2.1447001,0.39526793,-0.18889683
2.1447999,0.38914001,-0.201223
2.1449001,0.38262799,-0.21335068
2.145,0.37573832,-0.22526795
2.1451001,0.36847779,-0.23696302
2.1452,0.36085352,-0.24842435
2.1452999,0.35287309,-0.25964066
2.1454,0.34454429,-0.27060086
2.1454999,0.33587539,-0.28129414
2.1456001,0.32687494,-0.29170996
2.1457,0.31755179,-0.30183801
2.1458001,0.30791512,-0.31166834
2.1459,0.29797447,-0.32119122
2.1459999,0.2877396,-0.33039728
2.1461,0.27722067,-0.33927739
2.1461999,0.26642799,-0.34782282
2.1463001,0.25537223,-0.35602513
2.1464,0.24406427,-0.36387622
2.1465001,0.23251529,-0.37136838
2.1466,0.22073668,-0.37849414
2.1466999,0.20874006,-0.38524652
2.1468,0.19653723,-0.39161885
2.1468999,0.18414026,-0.39760482
2.1470001,0.17156136,-0.40319854
2.1471,0.15881296,-0.40839449
2.1472001,0.1459076,-0.4131875
2.1473,0.13285802,-0.41757289
2.1473999,0.11967711,-0.42154631
2.1475,0.10637786,-0.42510384
2.1475999,0.092973389,-0.42824194
2.1477001,0.079476915,-0.43095756
2.1478,0.065901771,-0.43324795
2.1479001,0.052261323,-0.4351109
2.148,0.038569041,-0.43654457
2.1480999,0.024838433,-0.4375475
2.1482,0.01108304,-0.43811873
2.1482999,-0.0026835657,-0.43825766
2.1484001,-0.016447803,-0.43796417
2.1485,-0.030196093,-0.43723857
2.1486001,-0.043914873,-0.43608153
2.1487,-0.057590608,-0.4344942
2.1487999,-0.071209803,-0.43247816
2.1489,-0.084759027,-0.43003535
2.1489999,-0.098224908,-0.42716825
2.1491001,-0.11159416,-0.42387959
2.1492,-0.1248536,-0.42017269
2.1493001,-0.13799013,-0.41605118
2.1494,-0.1509908,-0.41151911
2.1494999,-0.16384278,-0.40658092
2.1496,-0.1765334,-0.40124154
2.1496999,-0.18905012,-0.3955062
2.1498001,-0.2013806,-0.38938057
2.1499,-0.21351267,-0.38287067
2.1500001,-0.22543436,-0.37598291
2.1501,-0.23713391,-0.36872411
2.1501999,-0.24859977,-0.36110142
2.1503,-0.25982061,-0.35312235
2.1503999,-0.27078539,-0.34479478
2.1505001,-0.28148329,-0.33612689
2.1506,-0.2919037,-0.32712728
2.1507001,-0.3020364,-0.31780478
2.1508,-0.31187138,-0.30816862
2.1508999,-0.32139888,-0.29822826
2.151,-0.33060956,-0.28799355
2.1510999,-0.33949432,-0.27747455
2.1512001,-0.34804434,-0.26668167
2.1513,-0.35625124,-0.25562552
2.1514001,-0.36410689,-0.24431702
2.1515,-0.37160355,-0.23276734
2.1515999,-0.37873381,-0.22098784
2.1517,-0.38549066,-0.20899017
2.1517999,-0.39186737,-0.19678615
2.1519001,-0.39785773,-0.18438782
2.152,-0.40345573,-0.17180742
2.1521001,-0.40865591,-0.15905733
2.1522,-0.41345313,-0.14615017
2.1522999,-0.41784263,-0.13309865
2.1524,-0.4218201,-0.11991563
2.1524999,-0.42538157,-0.10661414
2.1526,-0.4285236,-0.0932073
2.1526999,-0.431243,-0.079708323
2.1528001,-0.43353713,-0.066130534
2.1529,-0.4354037,-0.052487329
2.1530001,-0.43684089,-0.038792163
2.1531,-0.43784729,-0.025058553
2.1531999,-0.43842185,-0.011300044
2.1533,-0.43856403,0.0024697895
2.1533999,-0.4382737,0.016237361
2.1535001,-0.43755114,0.029989086
2.1536,-0.43639702,0.043711402
2.1537001,-0.43481252,0.057390768
2.1538,-0.43279916,0.071013682
2.1538999,-0.43035898,0.084566712
2.154,-0.42749432,0.098036483
2.1540999,-0.42420805,0.11140971
2.1542001,-0.42050335,0.12467318
2.1543,-0.41638395,0.13781382
2.1544001,-0.41185385,0.15081868
2.1545,-0.40691754,0.16367489
2.1545999,-0.40157992,0.1763698
2.1547,-0.39584619,0.18889087
2.1547999,-0.38972202,0.20122574
2.1549001,-0.38321346,0.21336226
2.155,-0.37632695,0.22528844
2.1551001,-0.36906925,0.23699249
2.1552,-0.36144751,0.2484629
2.1552999,-0.35346928,0.25968832
2.1554,-0.34514242,0.27065769
2.1554999,-0.33647513,0.28136021
2.1556001,-0.32747597,0.29178527
2.1557,-0.31815377,0.30192259
2.1558001,-0.30851781,0.31176221
2.1559,-0.29857752,0.3212944
2.1559999,-0.28834274,0.33050972
2.1561,-0.2778236,0.3393991
2.1561999,-0.26703039,0.34795377
2.1563001,-0.25597382,0.35616529
2.1564,-0.24466476,0.36402556
2.1565001,-0.23311441,0.37152681
2.1566,-0.22133411,0.37866166
2.1566999,-0.20933554,0.38542303
2.1568,-0.19713049,0.39180428
2.1568999,-0.18473101,0.39779907
2.1570001,-0.17214935,0.40340152
2.1571,-0.1593979,0.40860611
2.1572001,-0.14648925,0.41340768
2.1573,-0.13343614,0.4178015
2.1573999,-0.12025144,0.42178324
2.1575,-0.10694816,0.42534894
2.1575999,-0.093539417,0.42849511
2.1577001,-0.080038451,0.43121859
2.1578,-0.066458575,0.43351677
2.1579001,-0.052813184,0.43538734
2.158,-0.039115742,0.43682846
2.1580999,-0.025379768,0.43783867
2.1582,-0.011618807,0.43841702
2.1582999,0.0021535598,0.43856293
2.1584001,0.015923748,0.4382762
2.1585,0.02967817,0.43755719
2.1586001,0.043403257,0.43640658
2.1587,0.057085466,0.43482545
2.1587999,0.070711292,0.43281543
2.1589,0.084267311,0.43037847
2.1589999,0.097740121,0.42751697
2.1591001,0.11111645,0.42423376
2.1592,0.1243831,0.42053208
2.1593001,0.13752696,0.41641554
2.1594,0.15053509,0.41188827
2.1594999,0.16339464,0.40695471
2.1596,0.17609292,0.40161967
2.1596999,0.18861741,0.39588848
2.1598001,0.20095575,0.38976675
2.1599,0.21309575,0.38326058
2.1600001,0.22502546,0.3763763
2.1601,0.23673309,0.36912078
2.1602001,0.24820709,0.36150113
2.1603,0.25943613,0.35352486
2.1603999,0.27040917,0.34519988
2.1605,0.28111535,0.33653438
2.1605999,0.29154408,0.32753691
2.1607001,0.30168512,0.31821635
2.1608,0.31152847,0.30858189
2.1609001,0.32106435,0.29864302
2.161,0.33028343,0.28840959
2.1610999,0.33917654,0.27789164
2.1612,0.34773496,0.26709956
2.1612999,0.35595024,0.25604406
2.1614001,0.36381423,0.24473596
2.1615,0.37131923,0.23318645
2.1616001,0.37845778,0.22140695
2.1617,0.38522288,0.20940904
2.1617999,0.39160782,0.19720459
2.1619,0.39760631,0.18480563
2.1619999,0.40321246,0.17222439
2.1621001,0.40842068,0.15947329
2.1622,0.41322589,0.1465649
2.1623001,0.41762331,0.13351196
2.1624,0.4216086,0.12032735
2.1624999,0.42517787,0.10702408
2.1626,0.42832753,0.093615271
2.1626999,0.43105453,0.080114156
2.1628001,0.43335617,0.066534057
2.1629,0.43523014,0.052888371
2.1630001,0.43667462,0.039190561
2.1631,0.4376882,0.025454145
2.1631999,0.43826985,0.011692674
2.1633,0.43841901,-0.0020802727
2.1633999,0.43813553,-0.015851106
2.1635001,0.43741968,-0.02960624
2.1636,0.43627217,-0.0433321
2.1637001,0.43469414,-0.057015147
2.1638,0.43268713,-0.070641875
2.1638999,0.43025315,-0.08419884
2.164,0.42739457,-0.097672671
2.1640999,0.42411423,-0.11105006
2.1642001,0.42041534,-0.12431782
2.1643,0.41630158,-0.13746287
2.1644001,0.41177699,-0.15047221
2.1645,0.40684608,-0.16333303
2.1645999,0.40151364,-0.17603262
2.1647,0.39578497,-0.18855846
2.1647999,0.38966572,-0.2008982
2.1649001,0.38316193,-0.21303965
2.165,0.37628001,-0.22497082
2.1651001,0.36902678,-0.23667997
2.1652,0.36140934,-0.24815552
2.1652999,0.35343525,-0.25938615
2.1654,0.34511238,-0.27036077
2.1654999,0.33644891,-0.28106859
2.1656001,0.3274534,-0.29149902
2.1657,0.31813475,-0.30164173
2.1658001,0.30850214,-0.31148678
2.1659,0.29856506,-0.32102442
2.1659999,0.28833333,-0.33024523
2.1661,0.27781704,-0.33914012
2.1661999,0.26702657,-0.34770033
2.1663001,0.25597256,-0.35591739
2.1664,0.24466595,-0.36378321
2.1665001,0.23311785,-0.37129003
2.1666,0.22133967,-0.37843043
2.1666999,0.20934306,-0.38519734
2.1668,0.19713981,-0.39158413
2.1668999,0.184742,-0.39758447
2.1670001,0.17216186,-0.40319246
2.1671,0.15941177,-0.40840253
2.1672001,0.14650436,-0.41320959
2.1673,0.13345233,-0.41760886
2.1673999,0.12026856,-0.42159602
2.1675,0.10696608,-0.42516711
2.1675999,0.093557999,-0.42831862
2.1677001,0.080057561,-0.43104744
2.1677999,0.066478074,-0.43335086
2.1679001,0.052832946,-0.43522665
2.168,0.039135639,-0.43667293
2.1681001,0.025399672,-0.43768826
2.1682,0.011638596,-0.43827167
2.1682999,-0.0021340116,-0.43842256
2.1684,-0.015904557,-0.43814081
2.1684999,-0.029659454,-0.43742666
2.1686001,-0.043385129,-0.43628085
2.1687,-0.057068035,-0.43470445
2.1688001,-0.070694678,-0.43269911
2.1689,-0.084251605,-0.43026674
2.1689999,-0.097725436,-0.42740974
2.1691,-0.11110289,-0.42413098
2.1691999,-0.12437075,-0.42043361
2.1693001,-0.13751593,-0.41632137
2.1694,-0.15052545,-0.41179827
2.1695001,-0.16338649,-0.40686879
2.1696,-0.17608635,-0.40153778
2.1696999,-0.18861249,-0.39581051
2.1698,-0.20095257,-0.38969263
2.1698999,-0.2130944,-0.38319016
2.1700001,-0.22502598,-0.37630954
2.1701,-0.23673558,-0.36905757
2.1702001,-0.24821161,-0.36144137
2.1703,-0.25944275,-0.35346848
2.1703999,-0.27041793,-0.34514675
2.1705,-0.28112632,-0.3364844
2.1705999,-0.29155734,-0.32748997
2.1707001,-0.30170068,-0.31817237
2.1708,-0.31154639,-0.30854076
2.1709001,-0.32108471,-0.29860467
2.171,-0.33030623,-0.28837386
2.1710999,-0.33920187,-0.27785847
2.1712,-0.34776279,-0.26706886
2.1712999,-0.35598063,-0.25601569
2.1714001,-0.36384726,-0.24470983
2.1715,-0.37135485,-0.23316248
2.1716001,-0.37849608,-0.221385
2.1717,-0.38526383,-0.20938905
2.1717999,-0.39165148,-0.19718644
2.1719,-0.39765269,-0.18478921
2.1719999,-0.40326154,-0.17220961
2.1721001,-0.40847254,-0.15946002
2.1722,-0.41328049,-0.14655307
2.1723001,-0.41768065,-0.13350146
2.1724,-0.42166871,-0.12031808
2.1724999,-0.42524073,-0.10701595
2.1726,-0.42839316,-0.093608178
2.1726999,-0.4311229,-0.080108009
2.1728001,-0.43342727,-0.066528752
2.1729,-0.43530399,-0.052883819
2.1730001,-0.43675122,-0.039186668
2.1731,-0.43776748,-0.025450815
2.1731999,-0.43835184,-0.011689818
2.1733,-0.43850365,0.0020827465
2.1733999,-0.43822283,0.015853288
2.1735001,-0.4375096,0.029608212
2.1736,-0.43636468,0.043333955
2.1737001,-0.43478924,0.057016965
2.1738,-0.4327848,0.070643745
2.1738999,-0.43035331,0.084200837
2.174,-0.42749721,0.097674876
2.1740999,-0.42421931,0.11105257
2.1742001,-0.42052284,0.1243207
2.1743,-0.41641146,0.13746618
2.1744001,-0.41188923,0.15047604
2.1745,-0.40696058,0.16333745
2.1745999,-0.40163037,0.17603771
2.1747,-0.39590392,0.18856429
2.1747999,-0.38978684,0.20090482
2.1749001,-0.38328514,0.21304713
2.175,-0.3764053,0.22497924
2.1751001,-0.36915407,0.23668936
2.1752,-0.36153859,0.24816597
2.1752999,-0.35356641,0.25939772
2.1754,-0.34524536,0.27037349
2.1754999,-0.3365837,0.28108254
2.1756001,-0.32758993,0.29151422
2.1756999,-0.31827298,0.30165827
2.1758001,-0.30864197,0.31150469
2.1759,-0.29870647,0.32104376
2.1760001,-0.28847623,0.33026603
2.1761,-0.2779614,0.33916244
2.1761999,-0.26717231,0.3477242
2.1763,-0.25611964,0.35594285
2.1763999,-0.24481428,0.36381027
2.1765001,-0.23326738,0.37131876
2.1766,-0.22149034,0.37846082
2.1767001,-0.20949478,0.3852295
2.1768,-0.19729257,0.39161804
2.1768999,-0.18489569,0.39762017
2.177,-0.17231643,0.40322995
2.1770999,-0.15956718,0.40844187
2.1772001,-0.14666051,0.41325077
2.1773,-0.13360916,0.41765192
2.1774001,-0.12042602,0.42164096
2.1775,-0.1071241,0.42521396
2.1775999,-0.093716517,0.42836738
2.1777,-0.080216505,0.43109813
2.1777999,-0.066637389,0.43340352
2.1779001,-0.05299256,0.43528125
2.178,-0.039295495,0.43672949
2.1781001,-0.025559701,0.43774679
2.1782,-0.011798736,0.43833217
2.1782999,0.0019738202,0.43848506
2.1784,0.015744379,0.43820524
2.1784999,0.029499352,0.43749309
2.1786001,0.043225162,0.43634921
2.1787,0.056908268,0.43477482
2.1788001,0.070535168,0.43277141
2.1789,0.084092408,0.43034098
2.1789999,0.09756662,0.42748594
2.1791,0.1109445,0.42420909
2.1791999,0.12421285,0.42051366
2.1793001,0.13735859,0.41640332
2.1794,0.15036872,0.4118821
2.1795001,0.16323042,0.4069545
2.1796,0.17593099,0.40162534
2.1796999,0.18845791,0.39589989
2.1798,0.20079881,0.38978383
2.1798999,0.21294151,0.38328317
2.1800001,0.22487402,0.37640432
2.1801,0.23658459,0.36915407
2.1802001,0.24806164,0.3615396
2.1803,0.25929385,0.35356838
2.1803999,0.27027017,0.34524834
2.1805,0.28097972,0.33658761
2.1805999,0.29141194,0.32759482
2.1807001,0.30155656,0.31827879
2.1808,0.31140354,0.30864871
2.1809001,0.32094321,0.2987141
2.181,0.3301661,0.28848478
2.1810999,0.33906317,0.27797085
2.1812,0.34762558,0.26718265
2.1812999,0.35584491,0.25613084
2.1814001,0.36371306,0.24482632
2.1815,0.37122223,0.23328026
2.1816001,0.37836504,0.22150405
2.1817,0.38513443,0.2095093
2.1817999,0.39152375,0.19730785
2.1819,0.39752665,0.18491177
2.1819999,0.40313724,0.17233326
2.1821001,0.40834996,0.15958473
2.1822,0.4131597,0.14667879
2.1823001,0.41756165,0.13362816
2.1824,0.42155156,0.12044571
2.1824999,0.42512542,0.10714445
2.1826,0.42827973,0.093737528
2.1826999,0.43101135,0.080238149
2.1828001,0.43331763,0.066659644
2.1829,0.43519628,0.053015418
2.1830001,0.43664542,0.039318927
2.1831,0.43766367,0.025583694
2.1831999,0.43824998,0.011823267
2.1833,0.43840379,-0.0019487719
2.1833999,0.43812495,-0.015718831
2.1835001,0.43741375,-0.029473323
2.1835999,0.43627086,-0.043198675
2.1837001,0.43469742,-0.056881342
2.1838,0.432695,-0.070507824
2.1839001,0.43026555,-0.08406467
2.184,0.4274115,-0.097538501
2.1840999,0.42413566,-0.11091603
2.1842,0.42044121,-0.12418404
2.1842999,0.41633189,-0.13732946
2.1844001,0.41181168,-0.15033929
2.1845,0.40688506,-0.16320072
2.1846001,0.40155694,-0.17590104
2.1847,0.39583251,-0.18842773
2.1847999,0.38971743,-0.20076841
2.1849,0.38321778,-0.21291092
2.1849999,0.37633994,-0.22484328
2.1851001,0.36909071,-0.23655368
2.1852,0.36147723,-0.24803062
2.1853001,0.35350704,-0.25926271
2.1854,0.34518796,-0.27023894
2.1854999,0.33652827,-0.28094843
2.1856,0.32753646,-0.29138061
2.1856999,0.31822142,-0.30152521
2.1858001,0.30859235,-0.31137219
2.1859,0.29865873,-0.32091185
2.1860001,0.28843039,-0.33013478
2.1861,0.27791741,-0.33903188
2.1861999,0.26713017,-0.34759435
2.1863,0.25607932,-0.35581377
2.1863999,0.24477576,-0.36368203
2.1865001,0.23323064,-0.37119132
2.1866,0.22145537,-0.37833428
2.1867001,0.20946155,-0.38510385
2.1868,0.19726102,-0.39149335
2.1868999,0.18486585,-0.39749646
2.187,0.17228824,-0.40310726
2.1870999,0.15954061,-0.40832022
2.1872001,0.14663553,-0.41313016
2.1873,0.13358577,-0.41753241
2.1874001,0.12040417,-0.42152259
2.1875,0.10710376,-0.42509675
2.1875999,0.09369766,-0.42825136
2.1877,0.0801991,-0.43098333
2.1877999,0.066621408,-0.43328995
2.1879001,0.052977968,-0.43516895
2.188,0.039282259,-0.43661848
2.1881001,0.025547786,-0.43763709
2.1882,0.011788111,-0.43822381
2.1882999,-0.0019831916,-0.43837801
2.1884,-0.015752532,-0.43809959
2.1884999,-0.029506316,-0.43738884
2.1886001,-0.043230977,-0.43624637
2.1887,-0.05691297,-0.4346734
2.1888001,-0.070538789,-0.43267143
2.1889,-0.084094994,-0.43024248
2.1889999,-0.097568199,-0.42738891
2.1891,-0.11094512,-0.42411354
2.1891999,-0.12421254,-0.4204196
2.1893001,-0.13735738,-0.41631079
2.1894,-0.15036666,-0.41179112
2.1895001,-0.16322754,-0.40686503
2.1896,-0.17592734,-0.40153739
2.1896999,-0.18845351,-0.39581352
2.1898,-0.20079371,-0.38969898
2.1898999,-0.21293575,-0.38319987
2.1900001,-0.22486764,-0.3763226
2.1901,-0.23657762,-0.36907393
2.1902001,-0.24805412,-0.36146101
2.1903,-0.25928584,-0.3534914
2.1903999,-0.27026165,-0.34517291
2.1905,-0.28097078,-0.33651376
2.1905999,-0.29140261,-0.32752252
2.1907001,-0.30154687,-0.31820807
2.1908,-0.31139353,-0.30857956
2.1909001,-0.32093292,-0.29864654
2.191,-0.33015555,-0.28841877
2.1910999,-0.33905241,-0.27790636
2.1912,-0.34761465,-0.26711971
2.1912999,-0.35583383,-0.25606942
2.1914001,-0.36370188,-0.24476644
2.1914999,-0.37121099,-0.2332219
2.1916001,-0.37835377,-0.22144718
2.1917,-0.38512316,-0.20945394
2.1918001,-0.39151251,-0.19725399
2.1919,-0.39751551,-0.18485937
2.1919999,-0.40312618,-0.17228231
2.1921,-0.40833905,-0.15953523
2.1921999,-0.41314897,-0.1466307
2.1923001,-0.41755113,-0.13358147
2.1924,-0.42154127,-0.12040041
2.1925001,-0.42511538,-0.10710053
2.1926,-0.42826998,-0.093694948
2.1926999,-0.43100196,-0.08019691
2.1928,-0.4333086,-0.066619717
2.1928999,-0.43518761,-0.052976776
2.1930001,-0.43663719,-0.039281558
2.1931,-0.43765587,-0.02554757
2.1932001,-0.43824264,-0.011788366
2.1933,-0.43839696,0.0019824707
2.1933999,-0.43811864,0.015751354
2.1935,-0.43740794,0.029504696
2.1935999,-0.43626562,0.043228921
2.1937001,-0.43469277,0.056910489
2.1938,-0.43269095,0.070535898
2.1939001,-0.43026215,0.084091693
2.194,-0.42740875,0.097564511
2.1940999,-0.42413357,0.11094104
2.1942,-0.42043984,0.12420809
2.1942999,-0.41633117,0.13735257
2.1944001,-0.41181171,0.15036151
2.1945,-0.40688583,0.16322206
2.1946001,-0.40155843,0.17592153
2.1947,-0.39583477,0.1884474
2.1947999,-0.3897205,0.20078729
2.1949,-0.38322163,0.21292904
2.1949999,-0.37634459,0.22486067
2.1951001,-0.36909619,0.23657039
2.1952,-0.36148354,0.24804664
2.1953001,-0.35351419,0.25927812
2.1954,-0.34519598,0.27025372
2.1954999,-0.33653712,0.28096265
2.1956,-0.32754615,0.29139426
2.1956999,-0.318232,0.30153835
2.1958001,-0.30860376,0.31138486
2.1959,-0.29867104,0.32092407
2.1960001,-0.28844357,0.33014661
2.1961,-0.27793148,0.33904332
2.1961999,-0.26714513,0.34760544
2.1963,-0.25609514,0.35582453
2.1963999,-0.24479246,0.36369249
2.1965001,-0.23324822,0.37120152
2.1966,-0.22147383,0.37834424
2.1967001,-0.20948088,0.3851136
2.1968,-0.19728123,0.39150292
2.1968999,-0.1848869,0.39750588
2.197,-0.17231016,0.40311655
2.1970999,-0.15956338,0.40832943
2.1972001,-0.14665915,0.41313934
2.1973,-0.13361022,0.41754156
2.1974001,-0.12042946,0.42153174
2.1975,-0.10712987,0.4251059
2.1975999,-0.093724586,0.42826059
2.1977,-0.080226824,0.43099263
2.1977999,-0.066649921,0.43329936
2.1979001,-0.05300726,0.43517849
2.198,-0.039312314,0.43662816
2.1981001,-0.025578596,0.43764696
2.1982,-0.011819657,0.43823388
2.1982999,0.0019509224,0.43838832
2.1984,0.015719552,0.43811017
2.1984999,0.029472647,0.43739966
2.1986001,0.04319663,0.43625751
2.1987,0.056877963,0.43468484
2.1988001,0.070503145,0.43268323
2.1989,0.084058717,0.43025461
2.1989999,0.097531319,0.42740142
2.1991,0.11090765,0.42412648
2.1991999,0.12417451,0.42043296
2.1993001,0.13731879,0.41632459
2.1993999,0.15032753,0.41180533
2.1995001,0.16318791,0.40687972
2.1996,0.17588723,0.40155259
2.1997001,0.18841293,0.3958292
2.1998,0.20075268,0.38971519
2.1998999,0.21289429,0.38321662
2.2,0.22482578,0.37633988
2.2000999,0.23653537,0.36909175
2.2002001,0.24801153,0.3614794
2.2003,0.25924289,0.35351035
2.2004001,0.2702184,0.34519243
2.2005,0.28092724,0.3365339
2.2005999,0.2913588,0.32754326
2.2007,0.30150282,0.31822941
2.2007999,0.31134927,0.30860153
2.2009001,0.32088843,0.29866913
2.201,0.33011091,0.28844199
2.2011001,0.33900762,0.27793023
2.2012,0.3475697,0.2671442
2.2012999,0.3557888,0.25609457
2.2014,0.36365676,0.24479222
2.2014999,0.37116581,0.23324832
2.2016001,0.37830856,0.22147426
2.2017,0.38507795,0.20948167
2.2018001,0.39146733,0.19728236
2.2019,0.39747033,0.18488838
2.2019999,0.40308109,0.17231198
2.2021,0.40829402,0.15956554
2.2021999,0.41310403,0.14666165
2.2023001,0.41750634,0.13361306
2.2024,0.4214966,0.12043264
2.2025001,0.42507088,0.10713339
2.2026,0.4282257,0.093728438
2.2026999,0.43095785,0.080231011
2.2028,0.43326473,0.066654436
2.2028999,0.43514401,0.053012103
2.2030001,0.43659386,0.039317481
2.2031,0.4376128,0.025584083
2.2032001,0.43819991,0.011825463
2.2033,0.43835452,-0.0019448034
2.2033999,0.43807656,-0.015713124
2.2035,0.43736625,-0.029465912
2.2035999,0.43622431,-0.043189596
2.2037001,0.43465188,-0.056870636
2.2038,0.43265048,-0.070495524
2.2039001,0.43022209,-0.084050812
2.204,0.42736915,-0.097523138
2.2040999,0.42409444,-0.11089919
2.2042,0.42040116,-0.12416577
2.2042999,0.41629303,-0.13730979
2.2044001,0.41177407,-0.15031829
2.2045,0.40684873,-0.16317841
2.2046001,0.40152186,-0.17587748
2.2047,0.39579874,-0.18840295
2.2047999,0.38968503,-0.20074247
2.2049,0.38318676,-0.21288386
2.2049999,0.37631029,-0.22481513
2.2051001,0.36906248,-0.23652451
2.2052,0.36145043,-0.24800046
2.2053001,0.35348168,-0.25923163
2.2054,0.34516409,-0.27020696
2.2054999,0.33650589,-0.28091562
2.2056,0.32751557,-0.291347
2.2056999,0.31820202,-0.30149084
2.2058001,0.30857447,-0.31133714
2.2059,0.2986424,-0.32087618
2.2060001,0.28841561,-0.33009851
2.2061,0.27790418,-0.33899507
2.2061999,0.26711848,-0.34755704
2.2063,0.25606918,-0.35577601
2.2063999,0.24476719,-0.36364385
2.2065001,0.23322363,-0.37115282
2.2066,0.22144991,-0.37829548
2.2067001,0.20945767,-0.38506478
2.2068,0.1972587,-0.39145407
2.2068999,0.18486507,-0.397457
2.207,0.172289,-0.40306771
2.2070999,0.15954292,-0.40828058
2.2072001,0.14663938,-0.41309056
2.2072999,0.13359113,-0.41749281
2.2074001,0.12041105,-0.42148304
2.2075,0.10711213,-0.42505732
2.2076001,0.093707524,-0.42821211
2.2077,0.080210432,-0.43094426
2.2077999,0.066634193,-0.43325114
2.2079,0.052992195,-0.43513042
2.2079999,0.039297909,-0.43658027
2.2081001,0.025564838,-0.43759924
2.2082,0.011806545,-0.43818638
2.2083001,-0.0019633956,-0.43834105
2.2084,-0.015731396,-0.43806311
2.2084999,-0.029483866,-0.43735284
2.2086,-0.043207236,-0.43621096
2.2086999,-0.056887962,-0.43463859
2.2088001,-0.070512541,-0.43263724
2.2089,-0.084067531,-0.43020895
2.2090001,-0.097539552,-0.42735606
2.2091,-0.11091531,-0.42408144
2.2091999,-0.1241816,-0.42038828
2.2093,-0.13732533,-0.41628024
2.2093999,-0.15033355,-0.41176137
2.2095001,-0.16319339,-0.40683612
2.2096,-0.17589219,-0.40150937
2.2097001,-0.18841739,-0.39578637
2.2098,-0.20075664,-0.38967279
2.2098999,-0.21289778,-0.38317463
2.21,-0.22482879,-0.37629831
2.2100999,-0.23653793,-0.36905062
2.2102001,-0.24801365,-0.36143872
2.2103,-0.25924459,-0.35347012
2.2104001,-0.27021968,-0.34515268
2.2105,-0.28092811,-0.33649459
2.2105999,-0.29135928,-0.32750443
2.2107,-0.30150291,-0.31819105
2.2107999,-0.311349,-0.30856365
2.2109001,-0.32088783,-0.29863173
2.211,-0.33010995,-0.28840509
2.2111001,-0.33900633,-0.27789384
2.2112,-0.34756812,-0.26710832
2.2112999,-0.35578692,-0.25605917
2.2114,-0.36365458,-0.24475734
2.2114999,-0.3711634,-0.23321396
2.2116001,-0.37830588,-0.22144042
2.2117,-0.38507503,-0.20944834
2.2118001,-0.39146417,-0.19724955
2.2119,-0.39746696,-0.18485609
2.2119999,-0.40307751,-0.17228019
2.2121,-0.40829027,-0.15953428
2.2121999,-0.41310009,-0.14663091
2.2123001,-0.41750225,-0.13358285
2.2124,-0.42149237,-0.12040294
2.2125001,-0.42506653,-0.1071042
2.2126,-0.4282212,-0.093699761
2.2126999,-0.43095326,-0.080202848
2.2128,-0.43326005,-0.06662678
2.2128999,-0.43513924,-0.052984953
2.2130001,-0.436589,-0.039290834
2.2131,-0.43760791,-0.025557935
2.2132001,-0.43819496,-0.011799809
2.2133,-0.43834957,0.0019699656
2.2133999,-0.43807158,0.0157378
2.2135,-0.43736127,0.02949011
2.2135999,-0.43621933,0.043213319
2.2137001,-0.4346469,0.056893885
2.2138,-0.4326455,0.070518307
2.2139001,-0.43021718,0.084073141
2.214,-0.42736426,0.097545013
2.2140999,-0.42408958,0.11092062
2.2142,-0.42039642,0.12418676
2.2142999,-0.41628835,0.13733035
2.2144001,-0.41176945,0.15033843
2.2145,-0.4068442,0.16319813
2.2146001,-0.40151745,0.17589679
2.2147,-0.39579445,0.18842186
2.2147999,-0.38968083,0.20076099
2.2149,-0.38318267,0.21290198
2.2149999,-0.37630635,0.22483288
2.2151,-0.36905867,0.2365419
2.2151999,-0.36144677,0.24801749
2.2153001,-0.35347816,0.25924832
2.2154,-0.34516075,0.27022329
2.2155001,-0.33650267,0.28093162
2.2156,-0.32751253,0.29136267
2.2156999,-0.31819919,0.30150622
2.2158,-0.30857179,0.31135219
2.2158999,-0.29863989,0.32089093
2.2160001,-0.28841329,0.33011299
2.2161,-0.27790204,0.33900926
2.2162001,-0.26711655,0.34757099
2.2163,-0.25606745,0.35578969
2.2163999,-0.24476564,0.3636573
2.2165,-0.23322228,0.37116599
2.2165999,-0.22144876,0.37830842
2.2167001,-0.20945671,0.38507751
2.2168,-0.19725795,0.39146659
2.2169001,-0.18486454,0.39746931
2.217,-0.17228867,0.40307981
2.2170999,-0.1595428,0.4082925
2.2172,-0.14663947,0.4131023
2.2172999,-0.13359143,0.4175044
2.2174001,-0.12041155,0.42149445
2.2175,-0.10711285,0.42506859
2.2176001,-0.093708448,0.42822322
2.2177,-0.080211565,0.43095526
2.2177999,-0.066635534,0.43326199
2.2179,-0.052993741,0.43514118
2.2179999,-0.039299656,0.43659091
2.2181001,-0.025566788,0.43760979
2.2182,-0.011808694,0.43819681
2.2183001,0.0019610501,0.43835139
2.2184,0.015728854,0.4380734
2.2184999,0.029481133,0.43736306
2.2186,0.043204315,0.43622109
2.2186999,0.056884851,0.43464866
2.2188001,0.070509247,0.43264729
2.2189,0.084064059,0.43021894
2.2190001,0.097535901,0.42736602
2.2191,0.11091149,0.42409137
2.2191999,0.12417761,0.42039818
2.2193,0.13732119,0.4162901
2.2193999,0.15032923,0.41177121
2.2195001,0.16318892,0.40684596
2.2196,0.17588755,0.40151921
2.2197001,0.18841262,0.39579624
2.2198,0.20075172,0.38968262
2.2198999,0.21289271,0.38318449
2.22,0.22482361,0.37630817
2.2200999,0.23653261,0.36906052
2.2202001,0.24800819,0.36144862
2.2203,0.25923902,0.35348004
2.2204001,0.27021399,0.34516263
2.2205,0.28092229,0.33650458
2.2205999,0.29135337,0.32751447
2.2207,0.30149689,0.31820112
2.2207999,0.3113429,0.30857375
2.2209001,0.32088163,0.29864189
2.221,0.33010367,0.28841528
2.2211001,0.33899996,0.27790406
2.2212,0.34756169,0.2671186
2.2212999,0.35578039,0.25606951
2.2214,0.36364803,0.24476774
2.2214999,0.37115675,0.23322441
2.2216001,0.37829918,0.22145092
2.2217,0.3850683,0.2094589
2.2218001,0.39145735,0.19726016
2.2219,0.3974601,0.18486676
2.2219999,0.40307063,0.17229094
2.2221,0.40828335,0.15954506
2.2221999,0.41309315,0.14664176
2.2223001,0.41749528,0.13359375
2.2224,0.42148536,0.1204139
2.2225001,0.42505953,0.10711522
2.2226,0.42821419,0.09371084
2.2227001,0.43094623,0.080213986
2.2228,0.43325299,0.066637971
2.2228999,0.43513221,0.0529962
2.223,0.43658197,0.039302133
2.2230999,0.43760088,0.025569286
2.2232001,0.43818796,0.011811213
2.2233,0.43834257,-0.0019585125
2.2234001,0.43806458,-0.0157263
2.2235,0.4373543,-0.029478559
2.2235999,0.43621236,-0.043201722
2.2237,0.43463996,-0.056882247
2.2237999,0.43263862,-0.070506625
2.2239001,0.43021029,-0.084061421
2.224,0.42735744,-0.097533248
2.2241001,0.42408279,-0.11090882
2.2242,0.42038965,-0.12417494
2.2242999,0.41628161,-0.13731849
2.2244,0.41176277,-0.15032654
2.2244999,0.40683755,-0.16318621
2.2246001,0.40151083,-0.17588484
2.2247,0.39578789,-0.18840989
2.2248001,0.38967434,-0.20074899
2.2249,0.38317621,-0.21288997
2.2249999,0.37629995,-0.22482085
2.2251,0.36905232,-0.23652986
2.2251999,0.36144048,-0.24800543
2.2253001,0.35347193,-0.25923625
2.2254,0.34515455,-0.27021122
2.2255001,0.33649656,-0.28091952
2.2256,0.32750645,-0.2913506
2.2256999,0.31819317,-0.30149412
2.2258,0.30856583,-0.31134012
2.2258999,0.29863399,-0.32087886
2.2260001,0.28840744,-0.33010089
2.2261,0.27789626,-0.33899719
2.2262001,0.26711082,-0.34755892
2.2263,0.25606176,-0.35577762
2.2263999,0.24476002,-0.36364526
2.2265,0.23321673,-0.37115398
2.2265999,0.22144327,-0.37829641
2.2267001,0.20945127,-0.38506553
2.2268,0.19725257,-0.39145461
2.2269001,0.1848592,-0.39745736
2.227,0.1722834,-0.40306789
2.2270999,0.15953757,-0.40828061
2.2272,0.1466343,-0.41309041
2.2272999,0.1335863,-0.41749254
2.2274001,0.12040649,-0.42148265
2.2275,0.10710783,-0.42505679
2.2276001,0.093703479,-0.42821145
2.2277,0.080206648,-0.43094352
2.2277999,0.066630654,-0.43325028
2.2279,0.052988909,-0.43512949
2.2279999,0.039294869,-0.43657926
2.2281001,0.025562042,-0.4375982
2.2282,0.011803989,-0.43818524
2.2283001,-0.001965713,-0.43833986
2.2284,-0.015733479,-0.43806189
2.2284999,-0.029485721,-0.43735158
2.2286,-0.043208864,-0.43620968
2.2286999,-0.05688937,-0.43463728
2.2288001,-0.070513733,-0.43263593
2.2289,-0.084068507,-0.43020761
2.2290001,-0.097540319,-0.42735475
2.2291,-0.11091588,-0.4240801
2.2291999,-0.12418197,-0.42038697
2.2293,-0.13732551,-0.41627893
2.2293999,-0.15033354,-0.41176009
2.2295001,-0.16319321,-0.40683487
2.2296,-0.17589182,-0.40150815
2.2297001,-0.18841685,-0.39578518
2.2298,-0.20075594,-0.38967165
2.2298999,-0.21289691,-0.38317353
2.23,-0.22482778,-0.37629724
2.2300999,-0.23653677,-0.36904961
2.2302001,-0.24801233,-0.36143777
2.2302999,-0.25924313,-0.35346919
2.2304001,-0.2702181,-0.34515181
2.2305,-0.28092641,-0.33649379
2.2306001,-0.29135746,-0.32750368
2.2307,-0.30150098,-0.3181904
2.2307999,-0.31134695,-0.30856305
2.2309,-0.32088566,-0.29863119
2.2309999,-0.33010772,-0.28840461
2.2311001,-0.33900398,-0.27789342
2.2312,-0.34756568,-0.26710796
2.2313001,-0.35578442,-0.2560589
2.2314,-0.36365199,-0.24475715
2.2314999,-0.37116072,-0.23321383
2.2316,-0.37830314,-0.22144036
2.2316999,-0.38507223,-0.20944834
2.2318001,-0.39146131,-0.19724961
2.2319,-0.39746404,-0.18485622
2.2320001,-0.40307453,-0.1722804
2.2321,-0.40828726,-0.15953454
2.2321999,-0.41309705,-0.14663124
2.2323,-0.41749915,-0.13358323
2.2323999,-0.42148924,-0.12040338
2.2325001,-0.42506337,-0.1071047
2.2326,-0.42821801,-0.09370032
2.2327001,-0.43095005,-0.080203459
2.2328,-0.4332568,-0.066627443
2.2328999,-0.43513599,-0.052985664
2.233,-0.43658575,-0.03929159
2.2330999,-0.43760464,-0.025558738
2.2332001,-0.43819168,-0.011800654
2.2333,-0.43834627,0.001969082
2.2334001,-0.43806827,0.01573688
2.2335,-0.43735793,0.029489152
2.2335999,-0.436216,0.043212332
2.2337,-0.43464357,0.056892868
2.2337999,-0.43264219,0.070517264
2.2339001,-0.43021384,0.084072076
2.234,-0.42736092,0.097543925
2.2341001,-0.42408627,0.11091951
2.2342,-0.42039308,0.12418564
2.2342999,-0.41628501,0.13732922
2.2344,-0.41176614,0.15033728
2.2344999,-0.40684086,0.16319698
2.2346001,-0.40151411,0.17589563
2.2347,-0.39579111,0.1884207
2.2348001,-0.38967752,0.20075981
2.2349,-0.38317937,0.21290082
2.2349999,-0.37630305,0.22483172
2.2351,-0.36905536,0.23654075
2.2351999,-0.36144346,0.24801634
2.2353001,-0.35347486,0.25924718
2.2354,-0.34515741,0.27022219
2.2355001,-0.33649933,0.28093049
2.2356,-0.32750919,0.29136157
2.2356999,-0.31819582,0.30150515
2.2358,-0.30856842,0.31135115
2.2358999,-0.29863653,0.32088989
2.2360001,-0.28840989,0.33011195
2.2361,-0.27789864,0.33900827
2.2362001,-0.26711312,0.34757
2.2363,-0.256064,0.35578874
2.2363999,-0.24476215,0.36365637
2.2365,-0.23321877,0.3711651
2.2365999,-0.22144523,0.37830755
2.2367001,-0.20945315,0.38507667
2.2368,-0.19725436,0.39146575
2.2369001,-0.1848609,0.39746851
2.237,-0.17228501,0.40307903
2.2370999,-0.15953907,0.40829176
2.2372,-0.14663571,0.41310155
2.2372999,-0.13358763,0.41750368
2.2374001,-0.1204077,0.42149377
2.2375,-0.10710894,0.42506793
2.2376001,-0.093704492,0.42822257
2.2377,-0.080207549,0.43095464
2.2377999,-0.066631459,0.43326139
2.2379,-0.052989606,0.43514058
2.2379999,-0.039295457,0.43659031
2.2381001,-0.025562523,0.43760923
2.2381999,-0.011804363,0.43819627
2.2383001,0.0019654525,0.43835086
2.2384,0.01573333,0.43807283
2.2385001,0.029485682,0.43736252
2.2386,0.043208938,0.43622056
2.2386999,0.056889556,0.43464813
2.2388,0.070514031,0.43264675
2.2388999,0.084068924,0.43021837
2.2390001,0.097540848,0.42736545
2.2391,0.11091652,0.42409077
2.2392001,0.12418272,0.42039758
2.2393,0.13732639,0.41628948
2.2393999,0.15033452,0.41177058
2.2395,0.1631943,0.4068453
2.2395999,0.17589302,0.40151852
2.2397001,0.18841818,0.39579549
2.2398,0.20075737,0.38968185
2.2399001,0.21289845,0.38318366
2.24,0.22482944,0.37630731
2.2400999,0.23653853,0.36905959
2.2402,0.2480142,0.36144766
2.2402999,0.25924513,0.35347903
2.2404001,0.27022019,0.34516153
2.2405,0.28092858,0.33650342
2.2406001,0.29135975,0.32751325
2.2407,0.30150336,0.31819981
2.2407999,0.31134942,0.30857238
2.2409,0.32088825,0.29864043
2.2409999,0.3301104,0.28841373
2.2411001,0.33900675,0.27790242
2.2412,0.34756857,0.26711687
2.2413001,0.35578737,0.25606769
2.2414,0.36365503,0.2447658
2.2414999,0.37116385,0.23322237
2.2416,0.37830636,0.22144876
2.2416999,0.38507551,0.20945662
2.2418001,0.39146465,0.19725777
2.2419,0.39746746,0.18486424
2.2420001,0.40307805,0.17228828
2.2421,0.40829083,0.15954229
2.2421999,0.41310069,0.14663886
2.2423,0.41750285,0.1335907
2.2423999,0.42149299,0.12041072
2.2425001,0.42506719,0.10711189
2.2426,0.42822188,0.093707368
2.2427001,0.43095398,0.080210358
2.2428,0.43326077,0.066634193
2.2428999,0.43513998,0.052992269
2.243,0.43658978,0.039298046
2.2430999,0.43760869,0.025565041
2.2432001,0.43819577,0.011806805
2.2433,0.43835038,-0.0019630827
2.2434001,0.43807238,-0.015731035
2.2435,0.43736207,-0.029483464
2.2435999,0.43622017,-0.043206792
2.2437,0.43464774,-0.056887485
2.2437999,0.43264636,-0.070512041
2.2439001,0.43021804,-0.084067002
2.244,0.42736512,-0.097539008
2.2441001,0.42409045,-0.11091475
2.2442,0.42039725,-0.12418104
2.2442999,0.41628915,-0.13732477
2.2444,0.41177025,-0.15033299
2.2444999,0.406845,-0.16319284
2.2446001,0.4015182,-0.17589164
2.2447,0.39579517,-0.18841685
2.2448001,0.38968155,-0.20075613
2.2449,0.38318333,-0.21289729
2.2449999,0.37630698,-0.22482833
2.2451,0.36905923,-0.23653752
2.2451999,0.3614473,-0.24801324
2.2453001,0.35347864,-0.25924423
2.2454,0.34516114,-0.27021936
2.2455001,0.336503,-0.28092784
2.2456,0.3275128,-0.29135907
2.2456999,0.31819937,-0.30150273
2.2458,0.3085719,-0.31134889
2.2458999,0.29863992,-0.32088777
2.2460001,0.2884132,-0.33010998
2.2460999,0.27790186,-0.33900639
2.2462001,0.26711625,-0.34756824
2.2463,0.25606707,-0.35578713
2.2464001,0.24476513,-0.36365485
2.2465,0.23322165,-0.3711637
2.2465999,0.22144802,-0.37830627
2.2467,0.20945583,-0.38507548
2.2467999,0.19725694,-0.39146468
2.2469001,0.18486337,-0.39746755
2.247,0.17228737,-0.40307817
2.2471001,0.15954134,-0.40829101
2.2472,0.14663786,-0.4131009
2.2472999,0.13358966,-0.41750309
2.2474,0.12040962,-0.42149329
2.2474999,0.10711075,-0.42506751
2.2476001,0.093706161,-0.42822224
2.2477,0.080209106,-0.43095437
2.2478001,0.066632889,-0.43326122
2.2479,0.052990906,-0.43514046
2.2479999,0.039296631,-0.43659025
2.2481,0.02556357,-0.43760923
2.2481999,0.011805278,-0.4381963
2.2483001,-0.0019646666,-0.43835095
2.2484,-0.015732674,-0.43807298
2.2485001,-0.02948516,-0.4373627
2.2486,-0.043208551,-0.43622079
2.2486999,-0.056889299,-0.43464836
2.2488,-0.070513912,-0.43264702
2.2488999,-0.084068932,-0.4302187
2.2490001,-0.097540997,-0.42736578
2.2491,-0.1109168,-0.42409113
2.2492001,-0.12418314,-0.42039791
2.2493,-0.13732694,-0.41628984
2.2493999,-0.15033521,-0.41177094
2.2495,-0.16319512,-0.40684566
2.2495999,-0.17589398,-0.40151888
2.2497001,-0.18841925,-0.39579582
2.2498,-0.20075858,-0.3896822
2.2499001,-0.21289979,-0.38318399
2.25,-0.2248309,-0.37630761
2.2500999,-0.23654012,-0.36905986
2.2502,-0.24801593,-0.3614479
2.2502999,-0.25924695,-0.35347921
2.2504001,-0.27022216,-0.34516171
2.2505,-0.28093067,-0.33650354
2.2506001,-0.29136193,-0.32751331
2.2507,-0.30150568,-0.31819984
2.2507999,-0.31135187,-0.30857235
2.2509,-0.32089078,-0.29864034
2.2509999,-0.33011305,-0.28841358
2.2511001,-0.33900952,-0.27790222
2.2512,-0.34757143,-0.26711658
2.2513001,-0.35579032,-0.25606734
2.2514,-0.3636581,-0.24476537
2.2514999,-0.371167,-0.23322186
2.2516,-0.37830961,-0.22144818
2.2516999,-0.38507888,-0.20945595
2.2518001,-0.39146811,-0.19725701
2.2519,-0.39747101,-0.1848634
2.2520001,-0.40308166,-0.17228734
2.2521,-0.4082945,-0.15954126
2.2521999,-0.41310441,-0.14663774
2.2523,-0.41750666,-0.13358949
2.2523999,-0.42149687,-0.12040939
2.2525001,-0.42507112,-0.10711047
2.2526,-0.42822587,-0.093705833
2.2527001,-0.43095803,-0.080208719
2.2528,-0.43326488,-0.06663245
2.2528999,-0.43514416,-0.052990414
2.253,-0.43659398,-0.039296079
2.2530999,-0.43761295,-0.025562961
2.2532001,-0.43820006,-0.011804611
2.2533,-0.4383547,0.0019653924
2.2534001,-0.43807673,0.01573346
2.2535,-0.43736646,0.029486004
2.2535999,-0.43622455,0.043209452
2.2537,-0.43465215,0.056890264
2.2537999,-0.4326508,0.070514932
2.2539001,-0.43022245,0.084070019
2.2539999,-0.42736953,0.097542144
2.2541001,-0.42409489,0.11091801
2.2542,-0.42040166,0.12418441
2.2543001,-0.41629359,0.13732827
2.2544,-0.41177467,0.15033659
2.2544999,-0.40684938,0.16319656
2.2546,-0.40152258,0.17589548
2.2546999,-0.39579952,0.18842082
2.2548001,-0.38968587,0.20076022
2.2549,-0.38318762,0.21290147
2.2550001,-0.37631121,0.22483264
2.2551,-0.36906347,0.23654193
2.2551999,-0.36145145,0.24801779
2.2553,-0.35348275,0.25924888
2.2553999,-0.34516522,0.27022412
2.2555001,-0.33650702,0.28093269
2.2556,-0.32751676,0.29136401
2.2557001,-0.31820324,0.3015078
2.2558,-0.30857572,0.31135404
2.2558999,-0.29864368,0.32089305
2.256,-0.28841689,0.33011532
2.2560999,-0.27790546,0.33901185
2.2562001,-0.2671198,0.34757382
2.2563,-0.25607049,0.35579276
2.2564001,-0.24476849,0.36366057
2.2565,-0.23322493,0.37116954
2.2565999,-0.22145119,0.37831217
2.2567,-0.20945892,0.38508147
2.2567999,-0.19725993,0.39147073
2.2569001,-0.18486626,0.39747369
2.257,-0.17229016,0.40308437
2.2571001,-0.15954404,0.40829727
2.2572,-0.14664043,0.41310722
2.2572999,-0.13359213,0.4175095
2.2574,-0.12041198,0.42149973
2.2574999,-0.107113,0.42507401
2.2576001,-0.093708307,0.4282288
2.2577,-0.080211133,0.43096098
2.2578001,-0.066634797,0.43326783
2.2579,-0.052992702,0.43514714
2.2579999,-0.039298303,0.43659699
2.2581,-0.025565123,0.43761596
2.2581999,-0.01180671,0.4382031
2.2583001,0.001963357,0.43835777
2.2584,0.015731489,0.4380798
2.2585001,0.029484099,0.43736956
2.2586,0.043207612,0.43622765
2.2586999,0.056888487,0.43465525
2.2588,0.070513226,0.4326539
2.2588999,0.084068373,0.43022558
2.2590001,0.097540565,0.42737266
2.2591,0.1109165,0.42409799
2.2592001,0.12418296,0.42040479
2.2593,0.13732688,0.41629669
2.2593999,0.15033528,0.41177779
2.2595,0.16319531,0.40685248
2.2595999,0.17589429,0.40152568
2.2597001,0.1884197,0.39580262
2.2598,0.20075916,0.38968894
2.2599001,0.21290049,0.38319069
2.26,0.22483172,0.37631428
2.2600999,0.23654106,0.36906651
2.2602,0.24801697,0.36145449
2.2602999,0.25924814,0.35348576
2.2604001,0.27022344,0.3451682
2.2605,0.28093207,0.33650997
2.2606001,0.29136345,0.32751969
2.2607,0.30150729,0.31820616
2.2607999,0.31135359,0.30857861
2.2609,0.32089263,0.29864651
2.2609999,0.33011499,0.28841969
2.2611001,0.33901158,0.27790827
2.2612,0.34757358,0.26712254
2.2613001,0.35579258,0.25607324
2.2614,0.36366045,0.24477118
2.2614999,0.37116945,0.23322758
2.2616,0.37831214,0.22145382
2.2616999,0.3850815,0.2094615
2.2618001,0.39147082,0.19726247
2.2618999,0.39747381,0.18486877
2.2620001,0.40308455,0.17229262
2.2621,0.40829748,0.15954643
2.2622001,0.41310748,0.1466428
2.2623,0.41750979,0.13359445
2.2623999,0.42150006,0.12041426
2.2625,0.42507437,0.10711522
2.2625999,0.42822918,0.093710482
2.2627001,0.4309614,0.080213264
2.2628,0.43326831,0.066636883
2.2629001,0.43514764,0.052994732
2.263,0.43659753,0.039300285
2.2630999,0.43761653,0.025567053
2.2632,0.43820366,0.011808587
2.2632999,0.43835837,-0.0019615316
2.2634001,0.43808046,-0.015729716
2.2635,0.43737021,-0.029482378
2.2636001,0.43622833,-0.043205947
2.2637,0.43465596,-0.056886874
2.2637999,0.43265462,-0.070511661
2.2639,0.4302263,-0.084066868
2.2639999,0.42737341,-0.097539112
2.2641001,0.42409876,-0.11091509
2.2642,0.42040557,-0.12418162
2.2643001,0.4162975,-0.13732558
2.2644,0.41177857,-0.15033405
2.2644999,0.40685329,-0.16319413
2.2646,0.40152648,-0.17589317
2.2646999,0.39580342,-0.18841863
2.2648001,0.38968974,-0.20075813
2.2649,0.3831915,-0.21289952
2.2650001,0.37631509,-0.22483079
2.2651,0.36906731,-0.2365402
2.2651999,0.36145529,-0.24801616
2.2653,0.35348657,-0.25924736
2.2653999,0.34516898,-0.27022272
2.2655001,0.33651078,-0.28093141
2.2656,0.32752046,-0.29136285
2.2657001,0.31820694,-0.30150676
2.2658,0.30857936,-0.31135309
2.2658999,0.29864725,-0.32089218
2.266,0.28842044,-0.33011457
2.2660999,0.27790898,-0.33901119
2.2662001,0.26712325,-0.34757325
2.2663,0.25607389,-0.35579231
2.2664001,0.24477184,-0.36366022
2.2665,0.23322821,-0.37116924
2.2665999,0.22145443,-0.37831199
2.2667,0.20946209,-0.38508138
2.2667999,0.19726303,-0.39147073
2.2669001,0.1848693,-0.39747375
2.267,0.17229313,-0.40308455
2.2671001,0.15954693,-0.40829751
2.2672,0.14664327,-0.41310754
2.2672999,0.13359489,-0.41750988
2.2674,0.12041466,-0.42150021
2.2674999,0.1071156,-0.42507455
2.2676001,0.093710825,-0.42822939
2.2677,0.080213569,-0.43096164
2.2678001,0.066637158,-0.43326858
2.2679,0.052994978,-0.43514791
2.2679999,0.039300498,-0.43659782
2.2681,0.025567234,-0.43761688
2.2681999,0.011808733,-0.43820405
2.2683001,-0.0019614208,-0.43835875
2.2684,-0.01572964,-0.43808085
2.2685001,-0.029482337,-0.43737063
2.2686,-0.043205939,-0.43622878
2.2686999,-0.056886904,-0.43465641
2.2688,-0.070511729,-0.4326551
2.2688999,-0.084066972,-0.4302268
2.2690001,-0.097539246,-0.42737392
2.2691,-0.11091527,-0.42409927
2.2692001,-0.12418183,-0.4204061
2.2693,-0.13732584,-0.41629803
2.2693999,-0.15033433,-0.41177911
2.2695,-0.16319445,-0.40685382
2.2695999,-0.17589353,-0.40152705
2.2697001,-0.18841901,-0.39580399
2.2697999,-0.20075856,-0.38969031
2.2699001,-0.21289998,-0.38319206
2.27,-0.2248313,-0.37631565
2.2701001,-0.23654073,-0.36906788
2.2702,-0.24801674,-0.36145586
2.2702999,-0.25924799,-0.35348713
2.2704,-0.27022338,-0.34516954
2.2704999,-0.2809321,-0.33651131
2.2706001,-0.29136357,-0.327521
2.2707,-0.3015075,-0.31820747
2.2708001,-0.31135389,-0.30857989
2.2709,-0.32089299,-0.29864779
2.2709999,-0.33011544,-0.28842095
2.2711,-0.33901209,-0.27790946
2.2711999,-0.34757417,-0.26712373
2.2713001,-0.35579324,-0.25607437
2.2714,-0.3636612,-0.2447723
2.2715001,-0.37117025,-0.23322867
2.2716,-0.378313,-0.22145486
2.2716999,-0.38508245,-0.20946251
2.2718,-0.39147183,-0.19726343
2.2718999,-0.39747488,-0.18486968
2.2720001,-0.40308568,-0.1722935
2.2721,-0.40829867,-0.15954727
2.2722001,-0.41310874,-0.14664358
2.2723,-0.41751111,-0.13359518
2.2723999,-0.42150143,-0.12041494
2.2725,-0.4250758,-0.10711585
2.2725999,-0.42823067,-0.093711063
2.2727001,-0.43096292,-0.080213785
2.2728,-0.43326989,-0.066637345
2.2729001,-0.43514925,-0.052995138
2.273,-0.43659917,-0.039300632
2.2730999,-0.43761823,-0.025567342
2.2732,-0.43820542,-0.011808817
2.2732999,-0.43836015,0.0019613637
2.2734001,-0.43808225,0.01572961
2.2735,-0.43737206,0.029482335
2.2736001,-0.43623021,0.043205965
2.2737,-0.43465784,0.05688696
2.2737999,-0.43265656,0.07051181
2.2739,-0.43022826,0.084067084
2.2739999,-0.42737538,0.097539388
2.2741001,-0.42410076,0.11091544
2.2742,-0.42040756,0.12418202
2.2743001,-0.41629949,0.13732606
2.2744,-0.4117806,0.15033458
2.2744999,-0.40685531,0.16319473
2.2746,-0.40152854,0.17589384
2.2746999,-0.39580548,0.18841936
2.2748001,-0.3896918,0.20075893
2.2749,-0.38319355,0.21290039
2.2750001,-0.37631714,0.22483173
2.2751,-0.36906937,0.2365412
2.2751999,-0.36145732,0.24801722
2.2753,-0.35348859,0.2592485
2.2753999,-0.345171,0.27022392
2.2755001,-0.33651277,0.28093266
2.2756,-0.32752246,0.29136416
2.2757001,-0.3182089,0.3015081
2.2758,-0.30858132,0.31135452
2.2758999,-0.29864922,0.32089368
2.276,-0.28842238,0.33011612
2.2760999,-0.27791089,0.3390128
2.2762001,-0.26712513,0.34757492
2.2763,-0.25607577,0.35579401
2.2764001,-0.24477367,0.36366197
2.2765,-0.23323002,0.37117109
2.2765999,-0.2214562,0.37831387
2.2767,-0.20946383,0.38508329
2.2767999,-0.19726475,0.39147273
2.2769001,-0.18487097,0.39747578
2.277,-0.17229477,0.4030866
2.2771001,-0.15954852,0.40829962
2.2772,-0.14664483,0.41310969
2.2772999,-0.13359641,0.41751209
2.2774,-0.12041614,0.42150244
2.2774999,-0.10711703,0.42507684
2.2776,-0.093712218,0.42823172
2.2776999,-0.080214925,0.43096399
2.2778001,-0.066638462,0.43327096
2.2779,-0.052996237,0.43515036
2.2780001,-0.039301712,0.4366003
2.2781,-0.025568396,0.43761936
2.2781999,-0.011809846,0.43820655
2.2783,0.001960356,0.43836129
2.2783999,0.015728626,0.43808344
2.2785001,0.029481376,0.43737322
2.2786,0.04320503,0.43623137
2.2787001,0.056886047,0.43465903
2.2788,0.070510924,0.43265775
2.2788999,0.08406622,0.43022946
2.279,0.097538546,0.4273766
2.2790999,0.11091463,0.42410198
2.2792001,0.12418124,0.42040882
2.2793,0.1373253,0.41630074
2.2794001,0.15033384,0.41178185
2.2795,0.16319402,0.40685657
2.2795999,0.17589316,0.40152979
2.2797,0.1884187,0.39580673
2.2797999,0.20075829,0.38969305
2.2799001,0.21289977,0.3831948
2.28,0.22483113,0.3763184
2.2801001,0.23654063,0.36907062
2.2802,0.24801669,0.3614586
2.2802999,0.25924796,0.35348985
2.2804,0.27022341,0.34517229
2.2804999,0.28093219,0.33651403
2.2806001,0.29136372,0.32752371
2.2807,0.30150771,0.31821015
2.2808001,0.31135413,0.30858257
2.2809,0.32089329,0.29865044
2.2809999,0.3301158,0.2884236
2.2811,0.33901247,0.27791211
2.2811999,0.34757462,0.26712635
2.2813001,0.35579374,0.25607696
2.2814,0.36366174,0.24477488
2.2815001,0.37117085,0.23323122
2.2816,0.37831366,0.22145739
2.2816999,0.38508311,0.20946501
2.2818,0.39147255,0.19726591
2.2818999,0.39747563,0.18487214
2.2820001,0.40308648,0.17229591
2.2821,0.40829951,0.15954965
2.2822001,0.4131096,0.14664595
2.2823,0.41751203,0.13359751
2.2823999,0.42150238,0.12041724
2.2825,0.42507681,0.10711812
2.2825999,0.42823172,0.093713291
2.2827001,0.43096399,0.080215983
2.2828,0.43327099,0.066639505
2.2829001,0.43515038,0.052997265
2.283,0.43660033,0.039302722
2.2830999,0.43761942,0.025569396
2.2832,0.43820664,0.011810832
2.2832999,0.43836138,-0.0019593881
2.2834001,0.43808353,-0.015727673
2.2835,0.43737334,-0.029480437
2.2836001,0.43623152,-0.04320411
2.2837,0.43465918,-0.056885142
2.2837999,0.4326579,-0.070510037
2.2839,0.43022963,-0.084065348
2.2839999,0.42737678,-0.097537696
2.2841001,0.42410216,-0.11091378
2.2842,0.42040899,-0.12418041
2.2843001,0.41630095,-0.1373245
2.2844,0.41178206,-0.15033306
2.2844999,0.40685681,-0.16319326
2.2846,0.40153003,-0.1758924
2.2846999,0.39580697,-0.18841796
2.2848001,0.38969332,-0.20075758
2.2849,0.38319507,-0.21289907
2.2850001,0.37631866,-0.22483046
2.2851,0.36907089,-0.23653996
2.2852001,0.36145887,-0.24801604
2.2853,0.35349014,-0.25924733
2.2853999,0.34517255,-0.27022281
2.2855,0.33651432,-0.28093159
2.2855999,0.32752401,-0.29136315
2.2857001,0.31821045,-0.30150715
2.2858,0.30858287,-0.31135359
2.2859001,0.29865074,-0.32089278
2.286,0.2884239,-0.33011526
2.2860999,0.27791241,-0.339012
2.2862,0.26712665,-0.34757414
2.2862999,0.25607726,-0.35579327
2.2864001,0.24477518,-0.36366129
2.2865,0.23323151,-0.37117043
2.2866001,0.22145768,-0.37831324
2.2867,0.2094653,-0.38508272
2.2867999,0.19726621,-0.39147216
2.2869,0.18487242,-0.39747527
2.2869999,0.1722962,-0.40308613
2.2871001,0.15954994,-0.40829918
2.2872,0.14664622,-0.4131093
2.2873001,0.13359779,-0.41751173
2.2874,0.12041751,-0.42150211
2.2874999,0.10711838,-0.42507651
2.2876,0.093713552,-0.42823145
2.2876999,0.080216236,-0.43096375
2.2878001,0.066639751,-0.43327075
2.2879,0.052997511,-0.43515018
2.2880001,0.03930296,-0.43660012
2.2881,0.025569625,-0.43761924
2.2881999,0.011811057,-0.43820646
2.2883,-0.0019591691,-0.43836123
2.2883999,-0.015727462,-0.43808338
2.2885001,-0.029480232,-0.43737319
2.2886,-0.043203909,-0.43623137
2.2887001,-0.056884952,-0.43465906
2.2888,-0.070509851,-0.43265778
2.2888999,-0.084065169,-0.43022951
2.289,-0.097537525,-0.42737669
2.2890999,-0.11091363,-0.42410207
2.2892001,-0.12418026,-0.42040893
2.2893,-0.13732435,-0.41630089
2.2894001,-0.15033293,-0.411782
2.2895,-0.16319312,-0.40685675
2.2895999,-0.17589228,-0.40152997
2.2897,-0.18841785,-0.39580694
2.2897999,-0.20075747,-0.38969329
2.2899001,-0.21289898,-0.38319504
2.29,-0.22483037,-0.37631866
2.2901001,-0.2365399,-0.36907086
2.2902,-0.24801597,-0.36145887
2.2902999,-0.2592473,-0.35349014
2.2904,-0.27022275,-0.34517255
2.2904999,-0.28093156,-0.33651432
2.2906001,-0.29136312,-0.32752401
2.2907,-0.30150712,-0.31821045
2.2908001,-0.31135359,-0.30858287
2.2909,-0.32089278,-0.29865077
2.2909999,-0.33011529,-0.28842393
2.2911,-0.339012,-0.27791244
2.2911999,-0.34757417,-0.26712668
2.2913001,-0.35579333,-0.25607729
2.2914,-0.36366135,-0.24477521
2.2915001,-0.37117049,-0.23323154
2.2916,-0.3783133,-0.22145772
2.2916999,-0.38508278,-0.20946534
2.2918,-0.39147225,-0.19726624
2.2918999,-0.39747536,-0.18487246
2.2920001,-0.40308622,-0.17229624
2.2921,-0.4082993,-0.15954998
2.2922001,-0.41310939,-0.14664626
2.2923,-0.41751185,-0.13359784
2.2923999,-0.42150223,-0.12041755
2.2925,-0.42507666,-0.10711843
2.2925999,-0.4282316,-0.093713596
2.2927001,-0.4309639,-0.080216281
2.2927999,-0.4332709,-0.066639796
2.2929001,-0.43515033,-0.052997548
2.293,-0.4366003,-0.039303001
2.2931001,-0.43761942,-0.025569661
2.2932,-0.43820664,-0.01181109
2.2932999,-0.43836141,0.0019591374
2.2934,-0.43808359,0.015727432
2.2934999,-0.4373734,0.029480206
2.2936001,-0.43623161,0.043203887
2.2937,-0.43465927,0.05688493
2.2938001,-0.43265802,0.070509836
2.2939,-0.43022975,0.084065154
2.2939999,-0.42737693,0.097537518
2.2941,-0.42410231,0.11091362
2.2941999,-0.42040917,0.12418026
2.2943001,-0.41630113,0.13732435
2.2944,-0.41178226,0.15033293
2.2945001,-0.40685701,0.16319314
2.2946,-0.40153024,0.17589229
2.2946999,-0.39580721,0.18841787
2.2948,-0.38969356,0.2007575
2.2948999,-0.38319534,0.212899
2.2950001,-0.37631893,0.2248304
2.2951,-0.36907116,0.23653993
2.2952001,-0.36145914,0.24801601
2.2953,-0.35349041,0.25924733
2.2953999,-0.34517285,0.27022281
2.2955,-0.33651462,0.28093162
2.2955999,-0.3275243,0.29136315
2.2957001,-0.31821078,0.30150717
2.2958,-0.3085832,0.31135365
2.2959001,-0.29865107,0.32089284
2.296,-0.28842422,0.33011535
2.2960999,-0.27791274,0.33901209
2.2962,-0.26712701,0.34757426
2.2962999,-0.25607762,0.35579342
2.2964001,-0.24477553,0.36366144
2.2965,-0.23323187,0.37117058
2.2966001,-0.22145805,0.37831342
2.2967,-0.20946567,0.3850829
2.2967999,-0.19726658,0.39147237
2.2969,-0.18487281,0.39747548
2.2969999,-0.17229658,0.40308633
2.2971001,-0.15955032,0.40829942
2.2972,-0.1466466,0.41310954
2.2973001,-0.13359816,0.41751197
2.2974,-0.12041789,0.42150238
2.2974999,-0.10711877,0.42507681
2.2976,-0.093713932,0.42823175
2.2976999,-0.080216616,0.43096405
2.2978001,-0.066640131,0.43327108
2.2979,-0.052997887,0.43515047
2.2980001,-0.039303336,0.43660048
2.2981,-0.02557,0.4376196
2.2981999,-0.011811426,0.43820682
2.2983,0.0019588026,0.43836159
2.2983999,0.015727097,0.43808377
2.2985001,0.029479872,0.43737358
2.2986,0.043203555,0.43623179
2.2987001,0.056884598,0.43465948
2.2988,0.070509508,0.43265823
2.2988999,0.084064826,0.43022996
2.299,0.09753719,0.42737713
2.2990999,0.11091329,0.42410254
2.2992001,0.12417994,0.42040938
2.2993,0.13732404,0.41630137
2.2994001,0.1503326,0.4117825
2.2995,0.16319281,0.40685725
2.2995999,0.17589198,0.40153047
2.2997,0.18841755,0.39580745
2.2997999,0.20075719,0.3896938
2.2999001,0.21289869,0.38319558
2.3,0.22483009,0.37631917
2.3001001,0.23653962,0.36907142
2.3002,0.2480157,0.3614594
2.3002999,0.25924703,0.35349068
2.3004,0.27022251,0.34517312
2.3004999,0.28093132,0.33651492
2.3006001,0.29136288,0.3275246
2.3006999,0.30150688,0.31821105
2.3008001,0.31135336,0.30858347
2.3009,0.32089254,0.29865137
2.3010001,0.33011508,0.28842452
2.3011,0.33901182,0.27791303
2.3011999,0.34757397,0.26712731
2.3013,0.35579315,0.25607792
2.3013999,0.36366117,0.24477583
2.3015001,0.37117031,0.23323219
2.3016,0.37831315,0.22145836
2.3017001,0.38508263,0.20946598
2.3018,0.3914721,0.19726689
2.3018999,0.39747524,0.18487312
2.302,0.4030861,0.1722969
2.3020999,0.40829918,0.15955064
2.3022001,0.4131093,0.14664693
2.3023,0.41751173,0.13359849
2.3024001,0.42150214,0.12041821
2.3025,0.42507657,0.10711909
2.3025999,0.42823151,0.093714267
2.3027,0.43096384,0.080216944
2.3027999,0.43327084,0.066640466
2.3029001,0.4351503,0.052998222
2.303,0.43660027,0.039303675
2.3031001,0.43761939,0.025570339
2.3032,0.43820661,0.011811769
2.3032999,0.43836141,-0.0019584594
2.3034,0.43808359,-0.015726753
2.3034999,0.43737343,-0.029479526
2.3036001,0.43623161,-0.043203209
2.3037,0.4346593,-0.056884252
2.3038001,0.43265805,-0.070509158
2.3039,0.43022981,-0.084064476
2.3039999,0.42737699,-0.09753684
2.3041,0.4241024,-0.11091294
2.3041999,0.42040926,-0.12417959
2.3043001,0.41630122,-0.13732368
2.3044,0.41178235,-0.15033226
2.3045001,0.4068571,-0.16319247
2.3046,0.40153036,-0.17589162
2.3046999,0.39580733,-0.1884172
2.3048,0.38969368,-0.20075683
2.3048999,0.38319546,-0.21289834
2.3050001,0.37631908,-0.22482975
2.3051,0.3690713,-0.23653926
2.3052001,0.36145931,-0.24801536
2.3053,0.35349059,-0.25924668
2.3053999,0.34517303,-0.27022216
2.3055,0.33651483,-0.28093097
2.3055999,0.32752451,-0.29136252
2.3057001,0.31821099,-0.30150655
2.3058,0.30858341,-0.311353
2.3059001,0.29865131,-0.32089221
2.306,0.28842446,-0.33011472
2.3060999,0.277913,-0.33901146
2.3062,0.26712725,-0.34757364
2.3062999,0.25607789,-0.35579279
2.3064001,0.2447758,-0.36366081
2.3065,0.23323216,-0.37116998
2.3066001,0.22145833,-0.37831283
2.3067,0.20946595,-0.3850823
2.3067999,0.19726686,-0.39147177
2.3069,0.1848731,-0.39747491
2.3069999,0.17229688,-0.40308577
2.3071001,0.15955064,-0.40829885
2.3072,0.14664693,-0.41310897
2.3073001,0.13359849,-0.41751143
2.3074,0.12041822,-0.42150185
2.3074999,0.10711911,-0.42507628
2.3076,0.093714282,-0.42823121
2.3076999,0.080216967,-0.43096355
2.3078001,0.066640489,-0.43327054
2.3079,0.052998252,-0.43514997
2.3080001,0.039303709,-0.43659997
2.3081,0.025570374,-0.43761909
2.3081999,0.011811808,-0.43820632
2.3083,-0.0019584147,-0.43836111
2.3083999,-0.015726706,-0.43808329
2.3085001,-0.029479476,-0.43737313
2.3085999,-0.043203153,-0.43623134
2.3087001,-0.056884192,-0.43465903
2.3088,-0.070509091,-0.43265778
2.3089001,-0.084064409,-0.43022954
2.309,-0.097536772,-0.42737672
2.3090999,-0.11091287,-0.42410213
2.3092,-0.12417951,-0.42040899
2.3092999,-0.1373236,-0.41630098
2.3094001,-0.15033217,-0.41178212
2.3095,-0.16319238,-0.40685686
2.3096001,-0.17589153,-0.40153012
2.3097,-0.18841711,-0.39580709
2.3097999,-0.20075674,-0.38969347
2.3099,-0.21289824,-0.38319522
2.3099999,-0.22482964,-0.37631884
2.3101001,-0.23653917,-0.3690711
2.3102,-0.24801525,-0.36145911
2.3103001,-0.25924659,-0.35349038
2.3104,-0.27022207,-0.34517282
2.3104999,-0.28093085,-0.33651462
2.3106,-0.2913624,-0.32752433
2.3106999,-0.30150643,-0.31821078
2.3108001,-0.31135291,-0.30858323
2.3109,-0.3208921,-0.29865113
2.3110001,-0.3301146,-0.28842428
2.3111,-0.33901134,-0.27791283
2.3111999,-0.34757352,-0.26712707
2.3113,-0.35579267,-0.25607771
2.3113999,-0.36366069,-0.24477564
2.3115001,-0.37116987,-0.23323199
2.3116,-0.37831271,-0.22145818
2.3117001,-0.38508219,-0.20946582
2.3118,-0.39147165,-0.19726673
2.3118999,-0.3974748,-0.18487297
2.312,-0.40308565,-0.17229675
2.3120999,-0.40829873,-0.1595505
2.3122001,-0.41310886,-0.14664681
2.3123,-0.41751128,-0.13359837
2.3124001,-0.4215017,-0.12041811
2.3125,-0.42507616,-0.107119
2.3125999,-0.42823109,-0.093714178
2.3127,-0.4309634,-0.08021687
2.3127999,-0.43327042,-0.066640399
2.3129001,-0.43514985,-0.052998163
2.313,-0.43659985,-0.039303623
2.3131001,-0.43761897,-0.025570296
2.3132,-0.4382062,-0.011811732
2.3132999,-0.43836099,0.0019584855
2.3134,-0.43808317,0.015726771
2.3134999,-0.43737301,0.029479537
2.3136001,-0.43623123,0.043203209
2.3137,-0.43465891,0.056884244
2.3138001,-0.43265766,0.070509143
2.3139,-0.43022943,0.084064454
2.3139999,-0.4273766,0.09753681
2.3141,-0.42410201,0.1109129
2.3141999,-0.4204089,0.12417954
2.3143001,-0.41630086,0.13732363
2.3144,-0.411782,0.1503322
2.3145001,-0.40685678,0.16319241
2.3146,-0.40153003,0.17589155
2.3146999,-0.395807,0.18841712
2.3148,-0.38969335,0.20075674
2.3148999,-0.38319516,0.21289825
2.3150001,-0.37631878,0.22482964
2.3151,-0.36907101,0.23653917
2.3152001,-0.36145902,0.24801525
2.3153,-0.35349032,0.25924656
2.3153999,-0.34517276,0.27022204
2.3155,-0.33651456,0.28093085
2.3155999,-0.32752424,0.2913624
2.3157001,-0.31821072,0.3015064
2.3158,-0.30858317,0.31135288
2.3159001,-0.29865107,0.32089207
2.316,-0.28842422,0.33011457
2.3160999,-0.27791277,0.33901131
2.3162,-0.26712704,0.34757349
2.3162999,-0.25607768,0.35579264
2.3164001,-0.24477559,0.36366066
2.3164999,-0.23323196,0.37116981
2.3166001,-0.22145815,0.37831265
2.3167,-0.20946579,0.38508216
2.3168001,-0.1972667,0.39147159
2.3169,-0.18487294,0.39747474
2.3169999,-0.17229673,0.40308559
2.3171,-0.15955049,0.40829867
2.3171999,-0.1466468,0.4131088
2.3173001,-0.13359837,0.41751125
2.3174,-0.12041811,0.42150164
2.3175001,-0.107119,0.4250761
2.3176,-0.093714185,0.42823103
2.3176999,-0.080216885,0.43096334
2.3178,-0.066640414,0.43327036
2.3178999,-0.052998185,0.43514979
2.3180001,-0.039303645,0.43659979
2.3181,-0.025570326,0.43761891
2.3182001,-0.011811767,0.43820617
2.3183,0.0019584487,0.43836093
2.3183999,0.01572673,0.43808311
2.3185,0.029479491,0.43737295
2.3185999,0.04320316,0.43623117
2.3187001,0.056884192,0.43465886
2.3188,0.070509084,0.4326576
2.3189001,0.084064394,0.43022937
2.319,0.097536743,0.42737657
2.3190999,0.11091284,0.42410198
2.3192,0.12417947,0.42040884
2.3192999,0.13732356,0.41630083
2.3194001,0.15033211,0.41178197
2.3195,0.16319232,0.40685672
2.3196001,0.17589147,0.40152997
2.3197,0.18841703,0.39580694
2.3197999,0.20075665,0.38969332
2.3199,0.21289815,0.3831951
2.3199999,0.22482955,0.37631872
2.3201001,0.23653907,0.36907098
2.3202,0.24801514,0.36145899
2.3203001,0.25924647,0.35349029
2.3204,0.27022192,0.34517273
2.3204999,0.28093073,0.33651453
2.3206,0.29136229,0.32752424
2.3206999,0.30150628,0.31821069
2.3208001,0.31135276,0.30858314
2.3209,0.32089195,0.29865104
2.3210001,0.33011445,0.28842422
2.3211,0.33901119,0.27791277
2.3211999,0.34757334,0.26712704
2.3213,0.35579249,0.25607768
2.3213999,0.36366054,0.24477559
2.3215001,0.37116969,0.23323196
2.3216,0.3783125,0.22145815
2.3217001,0.38508201,0.20946579
2.3218,0.39147148,0.19726671
2.3218999,0.39747459,0.18487296
2.322,0.40308547,0.17229676
2.3220999,0.40829852,0.15955052
2.3222001,0.41310865,0.14664683
2.3223,0.41751111,0.1335984
2.3224001,0.42150149,0.12041814
2.3225,0.42507595,0.10711904
2.3225999,0.42823088,0.093714222
2.3227,0.43096319,0.080216929
2.3227999,0.43327022,0.066640459
2.3229001,0.43514964,0.052998234
2.323,0.43659964,0.039303701
2.3231001,0.43761876,0.025570381
2.3232,0.43820602,0.011811827
2.3232999,0.43836078,-0.0019583839
2.3234,0.43808296,-0.015726663
2.3234999,0.4373728,-0.02947942
2.3236001,0.43623102,-0.043203086
2.3237,0.43465871,-0.056884114
2.3238001,0.43265745,-0.070509002
2.3239,0.43022922,-0.084064312
2.3239999,0.42737639,-0.097536653
2.3241,0.42410183,-0.11091274
2.3241999,0.4204087,-0.12417937
2.3243001,0.41630068,-0.13732345
2.3243999,0.41178182,-0.15033202
2.3245001,0.40685657,-0.16319221
2.3246,0.40152982,-0.17589135
2.3247001,0.39580682,-0.18841693
2.3248,0.38969317,-0.20075653
2.3248999,0.38319498,-0.21289803
2.325,0.3763186,-0.22482942
2.3250999,0.36907083,-0.23653893
2.3252001,0.36145887,-0.24801502
2.3253,0.35349014,-0.25924632
2.3254001,0.34517261,-0.2702218
2.3255,0.33651441,-0.28093058
2.3255999,0.32752413,-0.29136214
2.3257,0.3182106,-0.30150616
2.3257999,0.30858302,-0.31135261
2.3259001,0.29865095,-0.3208918
2.326,0.2884241,-0.33011431
2.3261001,0.27791265,-0.33901104
2.3262,0.26712692,-0.34757319
2.3262999,0.25607756,-0.35579234
2.3264,0.24477549,-0.36366037
2.3264999,0.23323187,-0.37116951
2.3266001,0.22145806,-0.37831235
2.3267,0.2094657,-0.38508183
2.3268001,0.19726664,-0.3914713
2.3269,0.18487288,-0.39747444
2.3269999,0.17229667,-0.40308529
2.3271,0.15955044,-0.40829837
2.3271999,0.14664675,-0.4131085
2.3273001,0.13359833,-0.41751093
2.3274,0.12041808,-0.42150134
2.3275001,0.10711898,-0.42507577
2.3276,0.093714163,-0.4282307
2.3276999,0.08021687,-0.43096304
2.3278,0.066640407,-0.43327004
2.3278999,0.052998185,-0.43514946
2.3280001,0.039303657,-0.43659946
2.3281,0.02557034,-0.43761858
2.3282001,0.011811788,-0.43820584
2.3283,-0.0019584184,-0.43836063
2.3283999,-0.015726693,-0.43808278
2.3285,-0.029479448,-0.43737262
2.3285999,-0.043203108,-0.43623084
2.3287001,-0.056884136,-0.43465856
2.3288,-0.070509024,-0.4326573
2.3289001,-0.084064327,-0.43022907
2.329,-0.097536668,-0.42737624
2.3290999,-0.11091275,-0.42410165
2.3292,-0.12417938,-0.42040852
2.3292999,-0.13732345,-0.41630051
2.3294001,-0.150332,-0.41178164
2.3295,-0.16319221,-0.40685642
2.3296001,-0.17589135,-0.40152967
2.3297,-0.18841691,-0.39580664
2.3297999,-0.20075652,-0.38969302
2.3299,-0.21289802,-0.3831948
2.3299999,-0.22482941,-0.37631842
2.3301001,-0.23653892,-0.36907068
2.3302,-0.24801499,-0.36145869
2.3303001,-0.25924629,-0.35349
2.3304,-0.27022177,-0.34517246
2.3304999,-0.28093055,-0.33651426
2.3306,-0.29136211,-0.32752395
2.3306999,-0.3015061,-0.31821045
2.3308001,-0.31135258,-0.30858287
2.3309,-0.32089177,-0.2986508
2.3310001,-0.33011428,-0.28842399
2.3311,-0.33901098,-0.2779125
2.3311999,-0.34757316,-0.26712677
2.3313,-0.35579231,-0.25607744
2.3313999,-0.36366034,-0.24477537
2.3315001,-0.37116945,-0.23323174
2.3316,-0.37831229,-0.22145794
2.3317001,-0.38508177,-0.20946558
2.3318,-0.39147124,-0.1972665
2.3318999,-0.39747438,-0.18487276
2.332,-0.40308523,-0.17229657
2.3320999,-0.40829828,-0.15955032
2.3322001,-0.41310841,-0.14664665
2.3322999,-0.41751087,-0.13359822
2.3324001,-0.42150125,-0.12041797
2.3325,-0.42507571,-0.10711887
2.3326001,-0.42823064,-0.093714066
2.3327,-0.43096295,-0.080216773
2.3327999,-0.43326998,-0.066640317
2.3329,-0.4351494,-0.052998096
2.3329999,-0.43659937,-0.039303567
2.3331001,-0.43761852,-0.025570257
2.3332,-0.43820575,-0.011811708
2.3333001,-0.43836054,0.0019584976
2.3334,-0.43808272,0.015726767
2.3334999,-0.43737257,0.02947952
2.3336,-0.43623075,0.043203179
2.3336999,-0.43465847,0.056884199
2.3338001,-0.43265721,0.070509084
2.3339,-0.43022898,0.084064387
2.3340001,-0.42737615,0.097536728
2.3341,-0.42410156,0.11091281
2.3341999,-0.42040843,0.12417943
2.3343,-0.41630042,0.1373235
2.3343999,-0.41178158,0.15033205
2.3345001,-0.40685633,0.16319224
2.3346,-0.40152958,0.17589138
2.3347001,-0.39580655,0.18841694
2.3348,-0.38969293,0.20075656
2.3348999,-0.38319474,0.21289805
2.335,-0.37631837,0.22482944
2.3350999,-0.36907059,0.23653895
2.3352001,-0.36145863,0.24801502
2.3353,-0.35348994,0.25924632
2.3354001,-0.34517238,0.27022177
2.3355,-0.33651417,0.28093058
2.3355999,-0.32752389,0.29136211
2.3357,-0.31821036,0.30150613
2.3357999,-0.30858281,0.31135258
2.3359001,-0.29865071,0.32089177
2.336,-0.2884239,0.33011428
2.3361001,-0.27791244,0.33901098
2.3362,-0.26712671,0.34757316
2.3362999,-0.25607738,0.35579228
2.3364,-0.24477531,0.36366031
2.3364999,-0.23323168,0.37116945
2.3366001,-0.22145787,0.37831229
2.3367,-0.20946552,0.38508177
2.3368001,-0.19726644,0.39147124
2.3369,-0.1848727,0.39747435
2.3369999,-0.17229651,0.4030852
2.3371,-0.15955028,0.40829828
2.3371999,-0.14664659,0.41310841
2.3373001,-0.13359818,0.41751084
2.3374,-0.12041792,0.42150125
2.3375001,-0.10711883,0.42507568
2.3376,-0.093714021,0.42823061
2.3376999,-0.080216736,0.43096292
2.3378,-0.066640273,0.43326995
2.3378999,-0.052998058,0.43514937
2.3380001,-0.039303534,0.43659934
2.3381,-0.025570221,0.43761846
2.3382001,-0.011811676,0.43820572
2.3383,0.0019585271,0.43836051
2.3383999,0.015726797,0.43808267
2.3385,0.029479546,0.43737251
2.3385999,0.043203201,0.43623072
2.3387001,0.056884222,0.43465841
2.3388,0.070509106,0.43265718
2.3389001,0.084064402,0.43022892
2.339,0.097536735,0.42737612
2.3390999,0.11091282,0.42410153
2.3392,0.12417944,0.4204084
2.3392999,0.13732351,0.41630039
2.3394001,0.15033206,0.41178152
2.3395,0.16319226,0.4068563
2.3396001,0.17589138,0.40152955
2.3397,0.18841694,0.39580652
2.3397999,0.20075655,0.3896929
2.3399,0.21289805,0.38319468
2.3399999,0.22482944,0.37631834
2.3401,0.23653893,0.36907056
2.3401999,0.248015,0.36145857
2.3403001,0.25924632,0.35348988
2.3404,0.27022177,0.34517235
2.3405001,0.28093055,0.33651415
2.3406,0.29136211,0.32752386
2.3406999,0.3015061,0.31821033
2.3408,0.31135255,0.30858278
2.3408999,0.32089174,0.29865068
2.3410001,0.33011425,0.28842387
2.3411,0.33901095,0.27791241
2.3412001,0.34757313,0.26712668
2.3413,0.35579225,0.25607735
2.3413999,0.36366028,0.24477527
2.3415,0.37116942,0.23323165
2.3415999,0.37831226,0.22145784
2.3417001,0.38508174,0.20946549
2.3418,0.39147118,0.19726643
2.3419001,0.39747432,0.18487267
2.342,0.40308517,0.17229648
2.3420999,0.40829822,0.15955025
2.3422,0.41310835,0.14664656
2.3422999,0.41751078,0.13359816
2.3424001,0.42150119,0.12041791
2.3425,0.42507562,0.10711882
2.3426001,0.42823055,0.093714006
2.3427,0.43096289,0.080216721
2.3427999,0.43326989,0.066640265
2.3429,0.43514931,0.052998044
2.3429999,0.43659931,0.039303523
2.3431001,0.43761843,0.025570212
2.3432,0.43820566,0.011811668
2.3433001,0.43836045,-0.001958532
2.3434,0.43808261,-0.015726801
2.3434999,0.43737245,-0.029479548
2.3436,0.43623066,-0.043203201
2.3436999,0.43465838,-0.056884222
2.3438001,0.43265712,-0.070509106
2.3439,0.43022889,-0.084064402
2.3440001,0.42737606,-0.097536735
2.3441,0.42410147,-0.11091281
2.3441999,0.42040834,-0.12417943
2.3443,0.41630033,-0.1373235
2.3443999,0.41178146,-0.15033205
2.3445001,0.40685624,-0.16319224
2.3446,0.40152949,-0.17589137
2.3447001,0.39580646,-0.18841693
2.3448,0.38969284,-0.20075653
2.3448999,0.38319463,-0.21289803
2.345,0.37631825,-0.22482941
2.3450999,0.3690705,-0.23653892
2.3452001,0.36145854,-0.24801497
2.3453,0.35348982,-0.25924629
2.3454001,0.34517229,-0.27022174
2.3455,0.33651409,-0.28093052
2.3455999,0.3275238,-0.29136208
2.3457,0.31821027,-0.30150607
2.3457999,0.30858272,-0.31135252
2.3459001,0.29865062,-0.32089171
2.346,0.28842381,-0.33011422
2.3461001,0.27791235,-0.33901092
2.3462,0.26712662,-0.34757307
2.3462999,0.25607729,-0.35579222
2.3464,0.24477522,-0.36366025
2.3464999,0.23323159,-0.37116939
2.3466001,0.22145779,-0.3783122
2.3467,0.20946544,-0.38508168
2.3468001,0.19726637,-0.39147115
2.3469,0.18487263,-0.39747426
2.3469999,0.17229643,-0.40308511
2.3471,0.1595502,-0.40829819
2.3471999,0.14664653,-0.41310832
2.3473001,0.13359812,-0.41751075
2.3474,0.12041786,-0.42150113
2.3475001,0.10711878,-0.42507559
2.3476,0.093713969,-0.42823049
2.3477001,0.080216683,-0.43096283
2.3478,0.066640228,-0.43326983
2.3478999,0.05299801,-0.43514925
2.348,0.039303489,-0.43659925
2.3480999,0.02557018,-0.43761837
2.3482001,0.011811636,-0.4382056
2.3483,-0.0019585639,-0.43836039
2.3484001,-0.015726831,-0.43808258
2.3485,-0.029479578,-0.43737242
2.3485999,-0.043203231,-0.4362306
2.3487,-0.056884248,-0.43465832
2.3487999,-0.070509128,-0.43265706
2.3489001,-0.084064424,-0.43022883
2.349,-0.097536758,-0.427376
2.3491001,-0.11091284,-0.42410141
2.3492,-0.12417945,-0.42040828
2.3492999,-0.13732353,-0.41630027
2.3494,-0.15033206,-0.4117814
2.3494999,-0.16319226,-0.40685618
2.3496001,-0.1758914,-0.40152943
2.3497,-0.18841694,-0.3958064
2.3498001,-0.20075655,-0.38969278
2.3499,-0.21289805,-0.3831946
2.3499999,-0.22482942,-0.37631822
2.3501,-0.23653892,-0.36907044
2.3501999,-0.24801499,-0.36145848
2.3503001,-0.25924629,-0.35348979
2.3504,-0.27022174,-0.34517223
2.3505001,-0.28093055,-0.33651403
2.3506,-0.29136208,-0.32752374
2.3506999,-0.30150607,-0.31821021
2.3508,-0.31135252,-0.30858266
2.3508999,-0.32089171,-0.29865059
2.3510001,-0.33011422,-0.28842378
2.3511,-0.33901092,-0.27791232
2.3512001,-0.34757307,-0.26712659
2.3513,-0.35579222,-0.25607723
2.3513999,-0.36366025,-0.24477518
2.3515,-0.37116939,-0.23323154
2.3515999,-0.3783122,-0.22145775
2.3517001,-0.38508168,-0.2094654
2.3518,-0.39147115,-0.19726633
2.3519001,-0.39747426,-0.18487258
2.352,-0.40308511,-0.17229639
2.3520999,-0.40829819,-0.15955016
2.3522,-0.41310829,-0.14664648
2.3522999,-0.41751075,-0.13359807
2.3524001,-0.42150113,-0.12041782
2.3525,-0.42507556,-0.10711873
2.3526001,-0.42823049,-0.093713924
2.3527,-0.43096283,-0.080216639
2.3527999,-0.43326983,-0.066640183
2.3529,-0.43514925,-0.052997969
2.3529999,-0.43659925,-0.039303444
2.3531001,-0.43761835,-0.025570137
2.3532,-0.4382056,-0.011811596
2.3533001,-0.43836039,0.0019586042
2.3534,-0.43808255,0.01572687
2.3534999,-0.43737239,0.029479615
2.3536,-0.4362306,0.043203268
2.3536999,-0.43465829,0.056884285
2.3538001,-0.43265706,0.070509166
2.3539,-0.4302288,0.084064461
2.3540001,-0.427376,0.097536795
2.3541,-0.42410141,0.11091287
2.3541999,-0.42040828,0.12417949
2.3543,-0.41630027,0.13732356
2.3543999,-0.4117814,0.15033211
2.3545001,-0.40685615,0.16319229
2.3546,-0.4015294,0.17589143
2.3547001,-0.3958064,0.18841697
2.3548,-0.38969278,0.20075658
2.3548999,-0.38319457,0.21289808
2.355,-0.37631819,0.22482945
2.3550999,-0.36907044,0.23653895
2.3552001,-0.36145845,0.24801502
2.3552999,-0.35348976,0.25924632
2.3554001,-0.3451722,0.27022177
2.3555,-0.33651403,0.28093058
2.3556001,-0.32752374,0.29136211
2.3557,-0.31821021,0.3015061
2.3557999,-0.30858266,0.31135255
2.3559,-0.29865056,0.32089174
2.3559999,-0.28842375,0.33011425
2.3561001,-0.27791229,0.33901095
2.3562,-0.26712656,0.3475731
2.3563001,-0.25607723,0.35579225
2.3564,-0.24477515,0.36366028
2.3564999,-0.23323153,0.37116939
2.3566,-0.22145772,0.37831223
2.3566999,-0.20946537,0.38508171
2.3568001,-0.19726631,0.39147118
2.3569,-0.18487257,0.39747429
2.3570001,-0.17229638,0.40308514
2.3571,-0.15955015,0.40829819
2.3571999,-0.14664645,0.41310832
2.3573,-0.13359804,0.41751075
2.3573999,-0.1204178,0.42150116
2.3575001,-0.10711871,0.42507559
2.3576,-0.093713909,0.42823052
2.3577001,-0.080216616,0.43096283
2.3578,-0.066640168,0.43326983
2.3578999,-0.052997947,0.43514928
2.358,-0.039303429,0.43659925
2.3580999,-0.025570121,0.43761837
2.3582001,-0.011811578,0.4382056
2.3583,0.001958621,0.43836039
2.3584001,0.015726889,0.43808258
2.3585,0.029479634,0.43737242
2.3585999,0.043203287,0.4362306
2.3587,0.056884304,0.43465832
2.3587999,0.07050918,0.43265706
2.3589001,0.084064476,0.43022883
2.359,0.09753681,0.427376
2.3591001,0.11091288,0.42410141
2.3592,0.1241795,0.42040828
2.3592999,0.13732357,0.41630027
2.3594,0.15033212,0.4117814
2.3594999,0.1631923,0.40685618
2.3596001,0.17589144,0.4015294
2.3597,0.18841699,0.3958064
2.3598001,0.20075659,0.38969278
2.3599,0.21289808,0.38319457
2.3599999,0.22482947,0.37631819
2.3601,0.23653896,0.36907044
2.3601999,0.24801503,0.36145845
2.3603001,0.25924632,0.35348976
2.3604,0.2702218,0.3451722
2.3605001,0.28093058,0.33651403
2.3606,0.29136211,0.32752371
2.3606999,0.3015061,0.31821021
2.3608,0.31135255,0.30858263
2.3608999,0.32089174,0.29865056
2.3610001,0.33011425,0.28842375
2.3611,0.33901095,0.27791229
2.3612001,0.3475731,0.26712656
2.3613,0.35579225,0.2560772
2.3613999,0.36366028,0.24477515
2.3615,0.37116939,0.23323153
2.3615999,0.37831223,0.22145772
2.3617001,0.38508171,0.20946537
2.3618,0.39147118,0.19726631
2.3619001,0.39747429,0.18487257
2.362,0.40308514,0.17229636
2.3620999,0.40829819,0.15955015
2.3622,0.41310832,0.14664645
2.3622999,0.41751075,0.13359804
2.3624001,0.42150116,0.1204178
2.3625,0.42507559,0.1071187
2.3626001,0.42823052,0.093713902
2.3627,0.43096283,0.080216616
2.3627999,0.43326986,0.066640161
2.3629,0.43514925,0.052997943
2.3629999,0.43659925,0.039303426
2.3631001,0.43761837,0.025570117
2.3631999,0.4382056,0.011811573
2.3633001,0.43836039,-0.0019586256
2.3634,0.43808258,-0.015726892
2.3635001,0.43737239,-0.029479638
2.3636,0.4362306,-0.043203291
2.3636999,0.43465832,-0.056884307
2.3638,0.43265703,-0.070509188
2.3638999,0.4302288,-0.084064476
2.3640001,0.427376,-0.09753681
2.3641,0.42410141,-0.11091289
2.3642001,0.42040828,-0.1241795
2.3643,0.41630027,-0.13732357
2.3643999,0.4117814,-0.15033212
2.3645,0.40685615,-0.1631923
2.3645999,0.4015294,-0.17589144
2.3647001,0.3958064,-0.18841699
2.3648,0.38969278,-0.20075661
2.3649001,0.38319457,-0.21289809
2.365,0.37631819,-0.22482947
2.3650999,0.36907044,-0.23653896
2.3652,0.36145845,-0.24801503
2.3652999,0.35348976,-0.25924635
2.3654001,0.3451722,-0.2702218
2.3655,0.336514,-0.28093058
2.3656001,0.32752371,-0.29136211
2.3657,0.31821018,-0.3015061
2.3657999,0.30858263,-0.31135255
2.3659,0.29865056,-0.32089174
2.3659999,0.28842375,-0.33011425
2.3661001,0.27791229,-0.33901095
2.3662,0.26712656,-0.3475731
2.3663001,0.2560772,-0.35579225
2.3664,0.24477515,-0.36366028
2.3664999,0.23323151,-0.37116939
2.3666,0.22145772,-0.37831223
2.3666999,0.20946537,-0.38508171
2.3668001,0.1972663,-0.39147118
2.3669,0.18487255,-0.39747429
2.3670001,0.17229636,-0.40308514
2.3671,0.15955013,-0.40829819
2.3671999,0.14664644,-0.41310832
2.3673,0.13359804,-0.41751075
2.3673999,0.12041779,-0.42150116
2.3675001,0.1071187,-0.42507559
2.3676,0.093713894,-0.42823052
2.3677001,0.080216601,-0.43096283
2.3678,0.066640154,-0.43326986
2.3678999,0.052997936,-0.43514928
2.368,0.039303415,-0.43659925
2.3680999,0.025570106,-0.43761837
2.3682001,0.011811564,-0.4382056
2.3683,-0.0019586368,-0.43836039
2.3684001,-0.015726903,-0.43808258
2.3685,-0.029479649,-0.43737242
2.3685999,-0.043203302,-0.4362306
2.3687,-0.056884319,-0.43465832
2.3687999,-0.070509195,-0.43265706
2.3689001,-0.084064491,-0.4302288
2.369,-0.097536825,-0.427376
2.3691001,-0.1109129,-0.42410141
2.3692,-0.12417952,-0.42040828
2.3692999,-0.13732359,-0.41630027
2.3694,-0.15033214,-0.4117814
2.3694999,-0.16319232,-0.40685615
2.3696001,-0.17589146,-0.4015294
2.3697,-0.188417,-0.3958064
2.3698001,-0.20075661,-0.38969275
2.3699,-0.21289811,-0.38319457
2.3699999,-0.22482948,-0.37631819
2.3701,-0.23653898,-0.36907044
2.3701999,-0.24801505,-0.36145845
2.3703001,-0.25924635,-0.35348976
2.3704,-0.2702218,-0.3451722
2.3705001,-0.28093058,-0.336514
2.3706,-0.29136214,-0.32752371
2.3706999,-0.30150613,-0.31821018
2.3708,-0.31135258,-0.30858263
2.3708999,-0.32089177,-0.29865056
2.3710001,-0.33011425,-0.28842372
2.3710999,-0.33901098,-0.27791229
2.3712001,-0.34757313,-0.26712656
2.3713,-0.35579228,-0.2560772
2.3714001,-0.36366031,-0.24477515
2.3715,-0.37116942,-0.23323151
2.3715999,-0.37831226,-0.2214577
2.3717,-0.38508174,-0.20946535
2.3717999,-0.39147118,-0.1972663
2.3719001,-0.39747429,-0.18487254
2.372,-0.40308517,-0.17229636
2.3721001,-0.40829822,-0.15955013
2.3722,-0.41310835,-0.14664644
2.3722999,-0.41751078,-0.13359803
2.3724,-0.42150116,-0.12041778
2.3724999,-0.42507559,-0.10711869
2.3726001,-0.42823052,-0.093713887
2.3727,-0.43096286,-0.080216594
2.3728001,-0.43326986,-0.066640146
2.3729,-0.43514928,-0.052997928
2.3729999,-0.43659928,-0.039303403
2.3731,-0.43761837,-0.025570096
2.3731999,-0.43820563,-0.011811554
2.3733001,-0.43836039,0.0019586463
2.3734,-0.43808258,0.015726913
2.3735001,-0.43737242,0.02947966
2.3736,-0.43623063,0.043203313
2.3736999,-0.43465832,0.05688433
2.3738,-0.43265706,0.07050921
2.3738999,-0.43022883,0.084064506
2.3740001,-0.427376,0.09753684
2.3741,-0.42410141,0.11091291
2.3742001,-0.42040828,0.12417953
2.3743,-0.41630027,0.1373236
2.3743999,-0.41178143,0.15033215
2.3745,-0.40685618,0.16319233
2.3745999,-0.40152943,0.17589147
2.3747001,-0.3958064,0.18841702
2.3748,-0.38969278,0.20075662
2.3749001,-0.38319457,0.21289812
2.375,-0.37631822,0.22482949
2.3750999,-0.36907044,0.23653899
2.3752,-0.36145845,0.24801506
2.3752999,-0.35348976,0.25924638
2.3754001,-0.3451722,0.27022183
2.3755,-0.33651403,0.28093061
2.3756001,-0.32752374,0.29136214
2.3757,-0.31821021,0.30150616
2.3757999,-0.30858263,0.31135258
2.3759,-0.29865056,0.32089177
2.3759999,-0.28842375,0.33011428
2.3761001,-0.27791229,0.33901098
2.3762,-0.26712656,0.34757316
2.3763001,-0.2560772,0.35579228
2.3764,-0.24477515,0.36366031
2.3764999,-0.23323151,0.37116945
2.3766,-0.22145772,0.37831226
2.3766999,-0.20946537,0.38508174
2.3768001,-0.1972663,0.39147121
2.3769,-0.18487255,0.39747432
2.3770001,-0.17229636,0.40308517
2.3771,-0.15955013,0.40829825
2.3771999,-0.14664644,0.41310835
2.3773,-0.13359803,0.41751078
2.3773999,-0.12041779,0.42150119
2.3775001,-0.10711869,0.42507562
2.3776,-0.093713887,0.42823055
2.3777001,-0.080216601,0.43096286
2.3778,-0.066640146,0.43326989
2.3778999,-0.052997928,0.43514931
2.378,-0.039303407,0.43659928
2.3780999,-0.025570098,0.4376184
2.3782001,-0.011811554,0.43820563
2.3783,0.0019586452,0.43836042
2.3784001,0.015726913,0.43808261
2.3785,0.02947966,0.43737245
2.3785999,0.043203313,0.43623066
2.3787,0.05688433,0.43465835
2.3787999,0.07050921,0.43265709
2.3789001,0.084064506,0.43022886
2.3789999,0.09753684,0.42737603
2.3791001,0.11091292,0.42410144
2.3792,0.12417953,0.42040831
2.3793001,0.1373236,0.4163003
2.3794,0.15033215,0.41178143
2.3794999,0.16319233,0.40685621
2.3796,0.17589147,0.40152943
2.3796999,0.18841703,0.39580643
2.3798001,0.20075664,0.38969281
2.3799,0.21289812,0.3831946
2.3800001,0.22482949,0.37631822
2.3801,0.23653901,0.36907047
2.3801999,0.24801506,0.36145848
2.3803,0.25924638,0.35348979
2.3803999,0.27022183,0.34517223
2.3805001,0.28093061,0.33651403
2.3806,0.29136217,0.32752374
2.3807001,0.30150616,0.31821021
2.3808,0.31135261,0.30858266
2.3808999,0.32089177,0.29865056
2.381,0.33011428,0.28842375
2.3810999,0.33901101,0.27791229
2.3812001,0.34757316,0.26712656
2.3813,0.35579231,0.25607723
2.3814001,0.36366031,0.24477516
2.3815,0.37116945,0.23323153
2.3815999,0.37831229,0.22145773
2.3817,0.38508177,0.20946537
2.3817999,0.39147121,0.19726631
2.3819001,0.39747432,0.18487257
2.382,0.40308517,0.17229636
2.3821001,0.40829825,0.15955013
2.3822,0.41310838,0.14664645
2.3822999,0.41751081,0.13359804
2.3824,0.42150119,0.12041779
2.3824999,0.42507562,0.1071187
2.3826001,0.42823055,0.093713894
2.3827,0.43096286,0.080216601
2.3828001,0.43326989,0.066640154
2.3829,0.43514931,0.052997932
2.3829999,0.43659928,0.039303411
2.3831,0.4376184,0.025570102
2.3831999,0.43820566,0.011811558
2.3833001,0.43836042,-0.0019586431
2.3834,0.43808261,-0.015726909
2.3835001,0.43737245,-0.029479656
2.3836,0.43623066,-0.043203309
2.3836999,0.43465835,-0.05688433
2.3838,0.43265709,-0.07050921
2.3838999,0.43022886,-0.084064506
2.3840001,0.42737603,-0.09753684
2.3841,0.42410144,-0.11091291
2.3842001,0.42040831,-0.12417953
2.3843,0.4163003,-0.1373236
2.3843999,0.41178143,-0.15033215
2.3845,0.40685621,-0.16319233
2.3845999,0.40152946,-0.17589147
2.3847001,0.39580643,-0.18841703
2.3848,0.38969278,-0.20075664
2.3849001,0.3831946,-0.21289812
2.385,0.37631822,-0.22482949
2.3850999,0.36907047,-0.23653901
2.3852,0.36145848,-0.24801508
2.3852999,0.35348979,-0.25924638
2.3854001,0.34517223,-0.27022183
2.3855,0.33651403,-0.28093061
2.3856001,0.32752374,-0.29136217
2.3857,0.31821021,-0.30150616
2.3857999,0.30858266,-0.31135261
2.3859,0.29865056,-0.3208918
2.3859999,0.28842375,-0.33011428
2.3861001,0.27791229,-0.33901101
2.3862,0.26712656,-0.34757316
2.3863001,0.25607723,-0.35579231
2.3864,0.24477516,-0.36366034
2.3864999,0.23323153,-0.37116945
2.3866,0.22145773,-0.37831229
2.3866999,0.20946538,-0.38508177
2.3868001,0.19726631,-0.39147121
2.3868999,0.18487257,-0.39747432
2.3870001,0.17229638,-0.4030852
2.3871,0.15955015,-0.40829825
2.3872001,0.14664645,-0.41310838
2.3873,0.13359804,-0.41751081
2.3873999,0.12041779,-0.42150119
2.3875,0.1071187,-0.42507562
2.3875999,0.093713894,-0.42823055
2.3877001,0.080216601,-0.43096289
2.3878,0.066640154,-0.43326989
2.3879001,0.052997932,-0.43514931
2.388,0.039303411,-0.43659931
2.3880999,0.0255701,-0.4376184
2.3882,0.011811558,-0.43820566
2.3882999,-0.0019586438,-0.43836045
2.3884001,-0.015726911,-0.43808261
2.3885,-0.029479658,-0.43737245
2.3886001,-0.043203313,-0.43623066
2.3887,-0.05688433,-0.43465835
2.3887999,-0.07050921,-0.43265709
2.3889,-0.084064506,-0.43022886
2.3889999,-0.09753684,-0.42737603
2.3891001,-0.11091292,-0.42410144
2.3892,-0.12417953,-0.42040831
2.3893001,-0.1373236,-0.4163003
2.3894,-0.15033215,-0.41178146
2.3894999,-0.16319235,-0.40685621
2.3896,-0.17589147,-0.40152946
2.3896999,-0.18841703,-0.39580643
2.3898001,-0.20075664,-0.38969281
2.3899,-0.21289812,-0.3831946
2.3900001,-0.22482951,-0.37631822
2.3901,-0.23653901,-0.36907047
2.3901999,-0.24801508,-0.36145848
2.3903,-0.25924638,-0.35348979
2.3903999,-0.27022183,-0.34517223
2.3905001,-0.28093064,-0.33651403
2.3906,-0.29136217,-0.32752374
2.3907001,-0.30150616,-0.31821021
2.3908,-0.31135261,-0.30858266
2.3908999,-0.3208918,-0.29865059
2.391,-0.33011431,-0.28842378
2.3910999,-0.33901101,-0.27791229
2.3912001,-0.34757316,-0.26712659
2.3913,-0.35579231,-0.25607723
2.3914001,-0.36366034,-0.24477516
2.3915,-0.37116948,-0.23323154
2.3915999,-0.37831229,-0.22145773
2.3917,-0.38508177,-0.20946538
2.3917999,-0.39147124,-0.19726631
2.3919001,-0.39747435,-0.18487257
2.392,-0.4030852,-0.17229638
2.3921001,-0.40829825,-0.15955015
2.3922,-0.41310838,-0.14664645
2.3922999,-0.41751081,-0.13359804
2.3924,-0.42150122,-0.1204178
2.3924999,-0.42507565,-0.1071187
2.3926001,-0.42823058,-0.093713894
2.3927,-0.43096289,-0.080216609
2.3928001,-0.43326992,-0.066640154
2.3929,-0.43514934,-0.052997936
2.3929999,-0.43659931,-0.039303415
2.3931,-0.43761843,-0.025570102
2.3931999,-0.43820566,-0.011811558
2.3933001,-0.43836045,0.0019586419
2.3934,-0.43808264,0.015726911
2.3935001,-0.43737248,0.029479658
2.3936,-0.43623069,0.043203313
2.3936999,-0.43465838,0.05688433
2.3938,-0.43265712,0.07050921
2.3938999,-0.43022889,0.084064506
2.3940001,-0.42737606,0.09753684
2.3941,-0.42410147,0.11091292
2.3942001,-0.42040834,0.12417954
2.3943,-0.41630033,0.1373236
2.3943999,-0.41178146,0.15033215
2.3945,-0.40685624,0.16319235
2.3945999,-0.40152946,0.17589149
2.3947001,-0.39580646,0.18841703
2.3947999,-0.38969281,0.20075665
2.3949001,-0.38319463,0.21289814
2.395,-0.37631825,0.22482951
2.3951001,-0.3690705,0.23653902
2.3952,-0.36145851,0.24801508
2.3952999,-0.35348979,0.25924638
2.3954,-0.34517226,0.27022186
2.3954999,-0.33651406,0.28093064
2.3956001,-0.32752377,0.29136217
2.3957,-0.31821024,0.30150616
2.3958001,-0.30858269,0.31135261
2.3959,-0.29865059,0.3208918
2.3959999,-0.28842378,0.33011431
2.3961,-0.27791232,0.33901101
2.3961999,-0.26712659,0.34757319
2.3963001,-0.25607726,0.35579231
2.3964,-0.24477518,0.36366034
2.3965001,-0.23323154,0.37116948
2.3966,-0.22145775,0.37831229
2.3966999,-0.2094654,0.38508177
2.3968,-0.19726633,0.39147124
2.3968999,-0.18487258,0.39747435
2.3970001,-0.17229639,0.4030852
2.3971,-0.15955016,0.40829828
2.3972001,-0.14664647,0.41310841
2.3973,-0.13359806,0.41751084
2.3973999,-0.1204178,0.42150122
2.3975,-0.10711871,0.42507565
2.3975999,-0.093713909,0.42823058
2.3977001,-0.080216616,0.43096292
2.3978,-0.066640161,0.43326992
2.3979001,-0.052997943,0.43514934
2.398,-0.039303418,0.43659931
2.3980999,-0.025570111,0.43761843
2.3982,-0.011811566,0.43820569
2.3982999,0.0019586359,0.43836045
2.3984001,0.015726903,0.43808264
2.3985,0.029479653,0.43737248
2.3986001,0.043203305,0.43623069
2.3987,0.056884326,0.43465838
2.3987999,0.070509203,0.43265712
2.3989,0.084064506,0.43022889
2.3989999,0.09753684,0.42737606
2.3991001,0.11091291,0.42410147
2.3992,0.12417953,0.42040834
2.3993001,0.1373236,0.41630033
2.3994,0.15033215,0.41178146
2.3994999,0.16319235,0.40685624
2.3996,0.17589147,0.40152949
2.3996999,0.18841703,0.39580646
2.3998001,0.20075664,0.38969284
2.3999,0.21289814,0.38319463
2.4000001,0.22482951,0.37631825
2.4001,0.23653901,0.3690705
2.4001999,0.24801508,0.36145851
2.4003,0.25924638,0.35348982
2.4003999,0.27022186,0.34517226
2.4005001,0.28093064,0.33651406
2.4006,0.29136217,0.32752377
2.4007001,0.30150616,0.31821024
2.4008,0.31135261,0.30858269
2.4008999,0.3208918,0.29865059
2.401,0.33011431,0.28842378
2.4010999,0.33901101,0.27791232
2.4012001,0.34757319,0.26712659
2.4013,0.35579231,0.25607726
2.4014001,0.36366034,0.24477519
2.4015,0.37116948,0.23323156
2.4015999,0.37831229,0.22145775
2.4017,0.3850818,0.2094654
2.4017999,0.39147124,0.19726634
2.4019001,0.39747435,0.18487258
2.402,0.4030852,0.17229639
2.4021001,0.40829828,0.15955016
2.4022,0.41310841,0.14664647
2.4022999,0.41751084,0.13359806
2.4024,0.42150122,0.12041781
2.4024999,0.42507565,0.10711872
2.4026,0.42823058,0.093713917
2.4026999,0.43096292,0.080216624
2.4028001,0.43326992,0.066640168
2.4029,0.43514934,0.05299795
2.4030001,0.43659931,0.039303426
2.4031,0.43761843,0.025570115
2.4031999,0.43820569,0.011811571
2.4033,0.43836045,-0.001958631
2.4033999,0.43808264,-0.0157269
2.4035001,0.43737248,-0.029479647
2.4036,0.43623069,-0.043203302
2.4037001,0.43465838,-0.056884322
2.4038,0.43265712,-0.070509203
2.4038999,0.43022889,-0.084064499
2.404,0.42737606,-0.097536832
2.4040999,0.42410147,-0.11091291
2.4042001,0.42040834,-0.12417953
2.4043,0.41630033,-0.1373236
2.4044001,0.41178146,-0.15033215
2.4045,0.40685624,-0.16319233
2.4045999,0.40152949,-0.17589147
2.4047,0.39580646,-0.18841703
2.4047999,0.38969284,-0.20075664
2.4049001,0.38319463,-0.21289812
2.405,0.37631825,-0.22482951
2.4051001,0.3690705,-0.23653901
2.4052,0.36145851,-0.24801508
2.4052999,0.35348982,-0.25924638
2.4054,0.34517226,-0.27022183
2.4054999,0.33651406,-0.28093064
2.4056001,0.32752377,-0.29136217
2.4057,0.31821024,-0.30150616
2.4058001,0.30858269,-0.31135261
2.4059,0.29865062,-0.3208918
2.4059999,0.28842378,-0.33011431
2.4061,0.27791232,-0.33901101
2.4061999,0.26712659,-0.34757319
2.4063001,0.25607726,-0.35579231
2.4064,0.24477519,-0.36366034
2.4065001,0.23323156,-0.37116948
2.4066,0.22145775,-0.37831229
2.4066999,0.2094654,-0.38508177
2.4068,0.19726634,-0.39147124
2.4068999,0.18487258,-0.39747435
2.4070001,0.17229639,-0.4030852
2.4071,0.15955016,-0.40829828
2.4072001,0.14664647,-0.41310838
2.4073,0.13359806,-0.41751084
2.4073999,0.12041781,-0.42150122
2.4075,0.10711872,-0.42507565
2.4075999,0.093713909,-0.42823058
2.4077001,0.080216624,-0.43096292
2.4078,0.066640168,-0.43326992
2.4079001,0.052997947,-0.43514934
2.408,0.039303426,-0.43659934
2.4080999,0.025570115,-0.43761843
2.4082,0.011811569,-0.43820569
2.4082999,-0.0019586312,-0.43836048
2.4084001,-0.0157269,-0.43808264
2.4085,-0.029479649,-0.43737248
2.4086001,-0.043203302,-0.43623069
2.4087,-0.056884322,-0.43465838
2.4087999,-0.070509203,-0.43265712
2.4089,-0.084064499,-0.43022889
2.4089999,-0.097536832,-0.42737606
2.4091001,-0.11091291,-0.42410147
2.4092,-0.12417953,-0.42040834
2.4093001,-0.1373236,-0.41630033
2.4094,-0.15033215,-0.41178146
2.4094999,-0.16319235,-0.40685624
2.4096,-0.17589147,-0.40152949
2.4096999,-0.18841703,-0.39580646
2.4098001,-0.20075664,-0.38969284
2.4099,-0.21289814,-0.38319463
2.4100001,-0.22482951,-0.37631825
2.4101,-0.23653902,-0.3690705
2.4102001,-0.24801508,-0.36145851
2.4103,-0.25924638,-0.35348982
2.4103999,-0.27022186,-0.34517226
2.4105,-0.28093064,-0.33651406
2.4105999,-0.29136217,-0.32752377
2.4107001,-0.30150616,-0.31821024
2.4108,-0.31135261,-0.30858269
2.4109001,-0.3208918,-0.29865062
2.411,-0.33011431,-0.28842378
2.4110999,-0.33901101,-0.27791232
2.4112,-0.34757319,-0.26712659
2.4112999,-0.35579231,-0.25607726
2.4114001,-0.36366034,-0.24477519
2.4115,-0.37116948,-0.23323156
2.4116001,-0.37831232,-0.22145776
2.4117,-0.3850818,-0.2094654
2.4117999,-0.39147124,-0.19726634
2.4119,-0.39747435,-0.1848726
2.4119999,-0.4030852,-0.17229639
2.4121001,-0.40829828,-0.15955016
2.4122,-0.41310841,-0.14664648
2.4123001,-0.41751084,-0.13359806
2.4124,-0.42150125,-0.12041781
2.4124999,-0.42507568,-0.10711872
2.4126,-0.42823058,-0.093713917
2.4126999,-0.43096292,-0.080216624
2.4128001,-0.43326992,-0.066640168
2.4129,-0.43514934,-0.05299795
2.4130001,-0.43659934,-0.039303426
2.4131,-0.43761846,-0.025570117
2.4131999,-0.43820569,-0.011811571
2.4133,-0.43836048,0.00195863
2.4133999,-0.43808267,0.015726898
2.4135001,-0.43737248,0.029479647
2.4136,-0.43623069,0.043203302
2.4137001,-0.43465841,0.056884322
2.4138,-0.43265712,0.070509203
2.4138999,-0.43022889,0.084064499
2.414,-0.42737609,0.097536832
2.4140999,-0.42410147,0.11091291
2.4142001,-0.42040837,0.12417953
2.4143,-0.41630033,0.1373236
2.4144001,-0.41178149,0.15033215
2.4145,-0.40685624,0.16319235
2.4145999,-0.40152949,0.17589147
2.4147,-0.39580646,0.18841703
2.4147999,-0.38969284,0.20075664
2.4149001,-0.38319466,0.21289814
2.415,-0.37631828,0.22482951
2.4151001,-0.3690705,0.23653902
2.4152,-0.36145854,0.24801508
2.4152999,-0.35348982,0.25924638
2.4154,-0.34517229,0.27022186
2.4154999,-0.33651409,0.28093064
2.4156001,-0.3275238,0.29136217
2.4157,-0.31821027,0.30150616
2.4158001,-0.30858272,0.31135264
2.4159,-0.29865062,0.3208918
2.4159999,-0.28842381,0.33011431
2.4161,-0.27791235,0.33901104
2.4161999,-0.26712662,0.34757319
2.4163001,-0.25607726,0.35579234
2.4164,-0.24477521,0.36366034
2.4165001,-0.23323157,0.37116948
2.4166,-0.22145776,0.37831232
2.4166999,-0.20946541,0.3850818
2.4168,-0.19726634,0.39147124
2.4168999,-0.1848726,0.39747438
2.4170001,-0.1722964,0.40308523
2.4171,-0.15955018,0.40829828
2.4172001,-0.14664648,0.41310841
2.4173,-0.13359807,0.41751084
2.4173999,-0.12041782,0.42150125
2.4175,-0.10711873,0.42507568
2.4175999,-0.093713924,0.42823061
2.4177001,-0.080216631,0.43096292
2.4177999,-0.066640176,0.43326995
2.4179001,-0.052997958,0.43514937
2.418,-0.039303433,0.43659934
2.4181001,-0.025570124,0.43761846
2.4182,-0.011811579,0.43820569
2.4182999,0.0019586238,0.43836048
2.4184,0.015726892,0.43808267
2.4184999,0.02947964,0.43737251
2.4186001,0.043203298,0.43623069
2.4187,0.056884315,0.43465841
2.4188001,0.070509195,0.43265715
2.4189,0.084064491,0.43022889
2.4189999,0.097536832,0.42737609
2.4191,0.1109129,0.4241015
2.4191999,0.12417953,0.42040837
2.4193001,0.1373236,0.41630036
2.4194,0.15033215,0.41178149
2.4195001,0.16319233,0.40685624
2.4196,0.17589147,0.40152949
2.4196999,0.18841703,0.39580649
2.4198,0.20075664,0.38969284
2.4198999,0.21289812,0.38319466
2.4200001,0.22482951,0.37631828
2.4201,0.23653901,0.3690705
2.4202001,0.24801508,0.36145854
2.4203,0.25924638,0.35348982
2.4203999,0.27022183,0.34517229
2.4205,0.28093064,0.33651409
2.4205999,0.29136217,0.3275238
2.4207001,0.30150616,0.31821027
2.4208,0.31135261,0.30858272
2.4209001,0.3208918,0.29865062
2.421,0.33011431,0.28842381
2.4210999,0.33901101,0.27791235
2.4212,0.34757319,0.26712662
2.4212999,0.35579231,0.25607726
2.4214001,0.36366034,0.24477521
2.4215,0.37116948,0.23323157
2.4216001,0.37831229,0.22145776
2.4217,0.3850818,0.20946541
2.4217999,0.39147124,0.19726636
2.4219,0.39747435,0.1848726
2.4219999,0.40308523,0.1722964
2.4221001,0.40829828,0.15955018
2.4222,0.41310841,0.14664648
2.4223001,0.41751084,0.13359807
2.4224,0.42150125,0.12041783
2.4224999,0.42507565,0.10711873
2.4226,0.42823061,0.093713924
2.4226999,0.43096292,0.080216639
2.4228001,0.43326992,0.066640183
2.4229,0.43514934,0.052997962
2.4230001,0.43659934,0.039303437
2.4231,0.43761846,0.025570126
2.4231999,0.43820569,0.011811582
2.4233,0.43836048,-0.0019586198
2.4233999,0.43808264,-0.015726889
2.4235001,0.43737251,-0.029479638
2.4236,0.43623069,-0.043203294
2.4237001,0.43465838,-0.056884311
2.4238,0.43265715,-0.070509195
2.4238999,0.43022889,-0.084064491
2.424,0.42737606,-0.097536825
2.4240999,0.4241015,-0.1109129
2.4242001,0.42040837,-0.12417953
2.4243,0.41630033,-0.13732359
2.4244001,0.41178149,-0.15033214
2.4245,0.40685624,-0.16319233
2.4245999,0.40152949,-0.17589147
2.4247,0.39580649,-0.18841703
2.4247999,0.38969284,-0.20075664
2.4249001,0.38319463,-0.21289812
2.425,0.37631828,-0.22482951
2.4251001,0.3690705,-0.23653901
2.4252,0.36145851,-0.24801508
2.4252999,0.35348982,-0.25924638
2.4254,0.34517229,-0.27022183
2.4254999,0.33651409,-0.28093064
2.4256001,0.3275238,-0.29136217
2.4256999,0.31821027,-0.30150616
2.4258001,0.30858269,-0.31135261
2.4259,0.29865062,-0.3208918
2.4260001,0.28842381,-0.33011431
2.4261,0.27791235,-0.33901101
2.4261999,0.26712662,-0.34757319
2.4263,0.25607726,-0.35579231
2.4263999,0.24477519,-0.36366034
2.4265001,0.23323157,-0.37116948
2.4266,0.22145776,-0.37831229
2.4267001,0.20946541,-0.38508177
2.4268,0.19726634,-0.39147124
2.4268999,0.1848726,-0.39747435
2.427,0.1722964,-0.4030852
2.4270999,0.15955018,-0.40829828
2.4272001,0.14664648,-0.41310841
2.4273,0.13359807,-0.41751084
2.4274001,0.12041782,-0.42150125
2.4275,0.10711873,-0.42507565
2.4275999,0.093713917,-0.42823058
2.4277,0.080216631,-0.43096292
2.4277999,0.066640176,-0.43326992
2.4279001,0.052997958,-0.43514934
2.428,0.039303437,-0.43659934
2.4281001,0.025570124,-0.43761846
2.4282,0.011811578,-0.43820569
2.4282999,-0.0019586224,-0.43836048
2.4284,-0.015726892,-0.43808264
2.4284999,-0.02947964,-0.43737248
2.4286001,-0.043203294,-0.43623069
2.4287,-0.056884315,-0.43465838
2.4288001,-0.070509195,-0.43265712
2.4289,-0.084064491,-0.43022889
2.4289999,-0.097536825,-0.42737606
2.4291,-0.1109129,-0.42410147
2.4291999,-0.12417953,-0.42040837
2.4293001,-0.1373236,-0.41630033
2.4294,-0.15033215,-0.41178149
2.4295001,-0.16319233,-0.40685624
2.4296,-0.17589147,-0.40152949
2.4296999,-0.18841703,-0.39580646
2.4298,-0.20075664,-0.38969284
2.4298999,-0.21289812,-0.38319463
2.4300001,-0.22482951,-0.37631825
2.4301,-0.23653901,-0.3690705
2.4302001,-0.24801508,-0.36145851
2.4303,-0.25924638,-0.35348982
2.4303999,-0.27022186,-0.34517229
2.4305,-0.28093064,-0.33651409
2.4305999,-0.29136217,-0.32752377
2.4307001,-0.30150616,-0.31821027
2.4308,-0.31135261,-0.30858269
2.4309001,-0.3208918,-0.29865062
2.431,-0.33011431,-0.28842381
2.4310999,-0.33901101,-0.27791235
2.4312,-0.34757319,-0.26712662
2.4312999,-0.35579231,-0.25607726
2.4314001,-0.36366034,-0.24477519
2.4315,-0.37116948,-0.23323156
2.4316001,-0.37831232,-0.22145776
2.4317,-0.3850818,-0.20946541
2.4317999,-0.39147124,-0.19726634
2.4319,-0.39747435,-0.1848726
2.4319999,-0.40308523,-0.1722964
2.4321001,-0.40829828,-0.15955018
2.4322,-0.41310841,-0.14664648
2.4323001,-0.41751084,-0.13359807
2.4324,-0.42150122,-0.12041782
2.4324999,-0.42507568,-0.10711873
2.4326,-0.42823058,-0.093713924
2.4326999,-0.43096292,-0.080216631
2.4328001,-0.43326992,-0.066640176
2.4329,-0.43514934,-0.052997958
2.4330001,-0.43659934,-0.039303433
2.4331,-0.43761846,-0.025570124
2.4331999,-0.43820569,-0.011811578
2.4333,-0.43836048,0.0019586245
2.4333999,-0.43808267,0.015726892
2.4335001,-0.43737248,0.029479641
2.4335999,-0.43623069,0.043203298
2.4337001,-0.43465841,0.056884315
2.4338,-0.43265712,0.070509195
2.4339001,-0.43022889,0.084064491
2.434,-0.42737609,0.097536832
2.4340999,-0.4241015,0.1109129
2.4342,-0.42040837,0.12417953
2.4342999,-0.41630036,0.1373236
2.4344001,-0.41178149,0.15033215
2.4345,-0.40685624,0.16319233
2.4346001,-0.40152949,0.17589147
2.4347,-0.39580649,0.18841703
2.4347999,-0.38969284,0.20075664
2.4349,-0.38319466,0.21289812
2.4349999,-0.37631828,0.22482951
2.4351001,-0.3690705,0.23653901
2.4352,-0.36145854,0.24801508
2.4353001,-0.35348982,0.25924638
2.4354,-0.34517229,0.27022186
2.4354999,-0.33651409,0.28093064
2.4356,-0.3275238,0.29136217
2.4356999,-0.31821027,0.30150616
2.4358001,-0.30858272,0.31135261
2.4359,-0.29865062,0.3208918
2.4360001,-0.28842381,0.33011431
2.4361,-0.27791235,0.33901104
2.4361999,-0.26712662,0.34757319
2.4363,-0.25607726,0.35579231
2.4363999,-0.24477521,0.36366034
2.4365001,-0.23323157,0.37116948
2.4366,-0.22145776,0.37831232
2.4367001,-0.20946543,0.3850818
2.4368,-0.19726636,0.39147124
2.4368999,-0.1848726,0.39747435
2.437,-0.1722964,0.40308523
2.4370999,-0.15955018,0.40829828
2.4372001,-0.14664648,0.41310841
2.4373,-0.13359807,0.41751084
2.4374001,-0.12041783,0.42150125
2.4375,-0.10711873,0.42507568
2.4375999,-0.093713924,0.42823061
2.4377,-0.080216639,0.43096292
2.4377999,-0.066640183,0.43326992
2.4379001,-0.052997962,0.43514937
2.438,-0.039303437,0.43659934
2.4381001,-0.025570128,0.43761846
2.4382,-0.011811583,0.43820569
2.4382999,0.0019586189,0.43836048
2.4384,0.015726889,0.43808267
2.4384999,0.029479636,0.43737251
2.4386001,0.043203291,0.43623069
2.4387,0.056884311,0.43465841
2.4388001,0.070509195,0.43265715
2.4389,0.084064491,0.43022889
2.4389999,0.097536825,0.42737609
2.4391,0.1109129,0.4241015
2.4391999,0.12417953,0.42040837
2.4393001,0.13732359,0.41630036
2.4394,0.15033214,0.41178149
2.4395001,0.16319233,0.40685624
2.4396,0.17589147,0.40152949
2.4396999,0.18841703,0.39580649
2.4398,0.20075664,0.38969284
2.4398999,0.21289812,0.38319466
2.4400001,0.22482951,0.37631828
2.4401,0.23653901,0.3690705
2.4402001,0.24801508,0.36145854
2.4403,0.25924638,0.35348985
2.4403999,0.27022183,0.34517229
2.4405,0.28093064,0.33651409
2.4405999,0.29136217,0.3275238
2.4407001,0.30150616,0.31821027
2.4408,0.31135261,0.30858272
2.4409001,0.3208918,0.29865062
2.441,0.33011431,0.28842381
2.4410999,0.33901101,0.27791235
2.4412,0.34757319,0.26712662
2.4412999,0.35579231,0.25607726
2.4414001,0.36366034,0.24477521
2.4414999,0.37116948,0.23323157
2.4416001,0.37831229,0.22145778
2.4417,0.3850818,0.20946541
2.4418001,0.39147124,0.19726636
2.4419,0.39747435,0.1848726
2.4419999,0.4030852,0.1722964
2.4421,0.40829828,0.15955018
2.4421999,0.41310841,0.14664648
2.4423001,0.41751084,0.13359807
2.4424,0.42150125,0.12041783
2.4425001,0.42507565,0.10711873
2.4426,0.42823058,0.093713924
2.4426999,0.43096292,0.080216639
2.4428,0.43326992,0.066640183
2.4428999,0.43514934,0.052997962
2.4430001,0.43659934,0.039303441
2.4431,0.43761846,0.02557013
2.4432001,0.43820569,0.011811585
2.4433,0.43836048,-0.0019586156
2.4433999,0.43808264,-0.015726885
2.4435,0.43737248,-0.029479634
2.4435999,0.43623069,-0.043203287
2.4437001,0.43465838,-0.056884307
2.4438,0.43265712,-0.070509188
2.4439001,0.43022889,-0.084064484
2.444,0.42737606,-0.097536825
2.4440999,0.42410147,-0.1109129
2.4442,0.42040837,-0.12417952
2.4442999,0.41630033,-0.13732359
2.4444001,0.41178149,-0.15033214
2.4445,0.40685624,-0.16319233
2.4446001,0.40152949,-0.17589146
2.4447,0.39580646,-0.18841702
2.4447999,0.38969284,-0.20075662
2.4449,0.38319463,-0.21289812
2.4449999,0.37631828,-0.22482949
2.4451001,0.3690705,-0.23653901
2.4452,0.36145851,-0.24801506
2.4453001,0.35348982,-0.25924638
2.4454,0.34517229,-0.27022183
2.4454999,0.33651409,-0.28093061
2.4456,0.32752377,-0.29136217
2.4456999,0.31821027,-0.30150616
2.4458001,0.30858272,-0.31135261
2.4459,0.29865062,-0.3208918
2.4460001,0.28842381,-0.33011431
2.4461,0.27791235,-0.33901101
2.4461999,0.26712662,-0.34757316
2.4463,0.25607726,-0.35579231
2.4463999,0.24477519,-0.36366034
2.4465001,0.23323157,-0.37116948
2.4466,0.22145776,-0.37831229
2.4467001,0.20946541,-0.38508177
2.4468,0.19726634,-0.39147124
2.4468999,0.1848726,-0.39747435
2.447,0.1722964,-0.4030852
2.4470999,0.15955018,-0.40829828
2.4472001,0.14664648,-0.41310841
2.4473,0.13359807,-0.41751084
2.4474001,0.12041782,-0.42150122
2.4475,0.10711873,-0.42507565
2.4475999,0.093713924,-0.42823058
2.4477,0.080216631,-0.43096292
2.4477999,0.066640183,-0.43326992
2.4479001,0.052997958,-0.43514934
2.448,0.039303437,-0.43659934
2.4481001,0.025570126,-0.43761846
2.4482,0.011811581,-0.43820569
2.4482999,-0.001958621,-0.43836045
2.4484,-0.015726889,-0.43808264
2.4484999,-0.029479638,-0.43737248
2.4486001,-0.043203294,-0.43623069
2.4487,-0.056884311,-0.43465838
2.4488001,-0.070509195,-0.43265712
2.4489,-0.084064491,-0.43022889
2.4489999,-0.097536825,-0.42737606
2.4491,-0.1109129,-0.42410147
2.4491999,-0.12417953,-0.42040834
2.4493001,-0.13732359,-0.41630033
2.4493999,-0.15033214,-0.41178146
2.4495001,-0.16319233,-0.40685624
2.4496,-0.17589147,-0.40152949
2.4497001,-0.18841702,-0.39580646
2.4498,-0.20075664,-0.38969284
2.4498999,-0.21289812,-0.38319463
2.45,-0.22482949,-0.37631825
2.4500999,-0.23653901,-0.3690705
2.4502001,-0.24801508,-0.36145851
2.4503,-0.25924638,-0.35348982
2.4504001,-0.27022183,-0.34517226
2.4505,-0.28093064,-0.33651409
2.4505999,-0.29136217,-0.32752377
2.4507,-0.30150616,-0.31821024
2.4507999,-0.31135261,-0.30858269
2.4509001,-0.3208918,-0.29865062
2.451,-0.33011431,-0.28842381
2.4511001,-0.33901101,-0.27791235
2.4512,-0.34757316,-0.26712662
2.4512999,-0.35579231,-0.25607726
2.4514,-0.36366034,-0.24477519
2.4514999,-0.37116948,-0.23323156
2.4516001,-0.37831229,-0.22145776
2.4517,-0.3850818,-0.20946541
2.4518001,-0.39147124,-0.19726634
2.4519,-0.39747435,-0.1848726
2.4519999,-0.4030852,-0.1722964
2.4521,-0.40829828,-0.15955018
2.4521999,-0.41310841,-0.14664648
2.4523001,-0.41751084,-0.13359807
2.4524,-0.42150122,-0.12041782
2.4525001,-0.42507565,-0.10711873
2.4526,-0.42823058,-0.093713924
2.4526999,-0.43096292,-0.080216631
2.4528,-0.43326992,-0.066640176
2.4528999,-0.43514934,-0.052997958
2.4530001,-0.43659934,-0.039303433
2.4531,-0.43761846,-0.025570123
2.4532001,-0.43820569,-0.011811579
2.4533,-0.43836048,0.0019586235
2.4533999,-0.43808264,0.015726892
2.4535,-0.43737248,0.02947964
2.4535999,-0.43623069,0.043203294
2.4537001,-0.43465838,0.056884315
2.4538,-0.43265712,0.070509195
2.4539001,-0.43022889,0.084064491
2.454,-0.42737606,0.097536825
2.4540999,-0.42410147,0.1109129
2.4542,-0.42040837,0.12417953
2.4542999,-0.41630033,0.1373236
2.4544001,-0.41178149,0.15033215
2.4545,-0.40685624,0.16319233
2.4546001,-0.40152949,0.17589147
2.4547,-0.39580649,0.18841703
2.4547999,-0.38969284,0.20075664
2.4549,-0.38319463,0.21289812
2.4549999,-0.37631828,0.22482951
2.4551001,-0.3690705,0.23653901
2.4552,-0.36145851,0.24801508
2.4553001,-0.35348982,0.25924638
2.4554,-0.34517229,0.27022183
2.4554999,-0.33651409,0.28093064
2.4556,-0.3275238,0.29136217
2.4556999,-0.31821027,0.30150616
2.4558001,-0.30858272,0.31135261
2.4559,-0.29865062,0.3208918
2.4560001,-0.28842381,0.33011431
2.4561,-0.27791235,0.33901101
2.4561999,-0.26712662,0.34757319
2.4563,-0.25607726,0.35579231
2.4563999,-0.24477521,0.36366034
2.4565001,-0.23323157,0.37116948
2.4566,-0.22145776,0.37831229
2.4567001,-0.20946541,0.3850818
2.4568,-0.19726636,0.39147124
2.4568999,-0.1848726,0.39747435
2.457,-0.1722964,0.40308523
2.4570999,-0.15955018,0.40829828
2.4572001,-0.14664648,0.41310841
2.4572999,-0.13359807,0.41751084
2.4574001,-0.12041783,0.42150125
2.4575,-0.10711873,0.42507565
2.4576001,-0.093713924,0.42823058
2.4577,-0.080216639,0.43096292
2.4577999,-0.066640183,0.43326992
2.4579,-0.052997962,0.43514934
2.4579999,-0.039303437,0.43659934
2.4581001,-0.025570126,0.43761846
2.4582,-0.011811582,0.43820569
2.4583001,0.0019586189,0.43836048
2.4584,0.015726889,0.43808264
2.4584999,0.029479636,0.43737248
2.4586,0.043203291,0.43623069
2.4586999,0.056884311,0.43465838
2.4588001,0.070509195,0.43265712
2.4589,0.084064491,0.43022889
2.4590001,0.097536825,0.42737606
2.4591,0.1109129,0.4241015
2.4591999,0.12417953,0.42040837
2.4593,0.13732359,0.41630033
2.4593999,0.15033214,0.41178149
2.4595001,0.16319233,0.40685624
2.4596,0.17589147,0.40152949
2.4597001,0.18841702,0.39580649
2.4598,0.20075664,0.38969284
2.4598999,0.21289812,0.38319466
2.46,0.22482951,0.37631828
2.4600999,0.23653901,0.3690705
2.4602001,0.24801508,0.36145854
2.4603,0.25924638,0.35348982
2.4604001,0.27022183,0.34517229
2.4605,0.28093064,0.33651409
2.4605999,0.29136217,0.3275238
2.4607,0.30150616,0.31821027
2.4607999,0.31135261,0.30858272
2.4609001,0.3208918,0.29865062
2.461,0.33011431,0.28842381
2.4611001,0.33901101,0.27791235
2.4612,0.34757319,0.26712662
2.4612999,0.35579231,0.25607726
2.4614,0.36366034,0.24477521
2.4614999,0.37116948,0.23323157
2.4616001,0.37831229,0.22145778
2.4617,0.38508177,0.20946541
2.4618001,0.39147124,0.19726636
2.4619,0.39747435,0.1848726
2.4619999,0.4030852,0.1722964
2.4621,0.40829828,0.15955018
2.4621999,0.41310841,0.14664648
2.4623001,0.41751084,0.13359807
2.4624,0.42150122,0.12041783
2.4625001,0.42507565,0.10711873
2.4626,0.42823058,0.093713924
2.4626999,0.43096292,0.080216639
2.4628,0.43326992,0.066640183
2.4628999,0.43514934,0.052997962
2.4630001,0.43659934,0.039303441
2.4631,0.43761846,0.02557013
2.4632001,0.43820569,0.011811585
2.4633,0.43836048,-0.0019586163
2.4633999,0.43808264,-0.015726885
2.4635,0.43737248,-0.029479634
2.4635999,0.43623069,-0.043203291
2.4637001,0.43465838,-0.056884307
2.4638,0.43265712,-0.070509188
2.4639001,0.43022889,-0.084064484
2.464,0.42737606,-0.097536817
2.4640999,0.42410147,-0.1109129
2.4642,0.42040837,-0.12417952
2.4642999,0.41630033,-0.13732359
2.4644001,0.41178149,-0.15033214
2.4645,0.40685624,-0.16319233
2.4646001,0.40152949,-0.17589146
2.4647,0.39580646,-0.18841702
2.4647999,0.38969284,-0.20075662
2.4649,0.38319463,-0.21289812
2.4649999,0.37631825,-0.22482949
2.4651,0.3690705,-0.23653901
2.4651999,0.36145851,-0.24801506
2.4653001,0.35348982,-0.25924638
2.4654,0.34517229,-0.27022183
2.4655001,0.33651409,-0.28093061
2.4656,0.32752377,-0.29136217
2.4656999,0.31821027,-0.30150616
2.4658,0.30858272,-0.31135261
2.4658999,0.29865062,-0.3208918
2.4660001,0.28842381,-0.33011431
2.4661,0.27791235,-0.33901101
2.4662001,0.26712662,-0.34757316
2.4663,0.25607726,-0.35579231
2.4663999,0.24477519,-0.36366034
2.4665,0.23323156,-0.37116945
2.4665999,0.22145776,-0.37831229
2.4667001,0.20946541,-0.38508177
2.4668,0.19726634,-0.39147124
2.4669001,0.1848726,-0.39747435
2.467,0.1722964,-0.4030852
2.4670999,0.15955018,-0.40829825
2.4672,0.14664648,-0.41310838
2.4672999,0.13359807,-0.41751084
2.4674001,0.12041782,-0.42150122
2.4675,0.10711873,-0.42507565
2.4676001,0.093713924,-0.42823058
2.4677,0.080216631,-0.43096289
2.4677999,0.066640176,-0.43326992
2.4679,0.052997958,-0.43514934
2.4679999,0.039303437,-0.43659931
2.4681001,0.025570126,-0.43761843
2.4682,0.011811581,-0.43820569
2.4683001,-0.001958621,-0.43836045
2.4684,-0.015726889,-0.43808264
2.4684999,-0.029479638,-0.43737248
2.4686,-0.043203294,-0.43623069
2.4686999,-0.056884311,-0.43465838
2.4688001,-0.070509195,-0.43265712
2.4689,-0.084064491,-0.43022889
2.4690001,-0.097536825,-0.42737606
2.4691,-0.1109129,-0.42410147
2.4691999,-0.12417952,-0.42040834
2.4693,-0.13732359,-0.41630033
2.4693999,-0.15033214,-0.41178146
2.4695001,-0.16319233,-0.40685624
2.4696,-0.17589147,-0.40152949
2.4697001,-0.18841702,-0.39580646
2.4698,-0.20075662,-0.38969284
2.4698999,-0.21289812,-0.38319463
2.47,-0.22482949,-0.37631825
2.4700999,-0.23653901,-0.3690705
2.4702001,-0.24801508,-0.36145851
2.4703,-0.25924638,-0.35348982
2.4704001,-0.27022183,-0.34517226
2.4705,-0.28093061,-0.33651409
2.4705999,-0.29136217,-0.32752377
2.4707,-0.30150616,-0.31821024
2.4707999,-0.31135261,-0.30858269
2.4709001,-0.3208918,-0.29865062
2.471,-0.33011431,-0.28842378
2.4711001,-0.33901101,-0.27791235
2.4712,-0.34757316,-0.26712662
2.4712999,-0.35579231,-0.25607726
2.4714,-0.36366034,-0.24477519
2.4714999,-0.37116948,-0.23323156
2.4716001,-0.37831229,-0.22145776
2.4717,-0.38508177,-0.20946541
2.4718001,-0.39147124,-0.19726634
2.4719,-0.39747435,-0.1848726
2.4719999,-0.4030852,-0.1722964
2.4721,-0.40829828,-0.15955018
2.4721999,-0.41310838,-0.14664648
2.4723001,-0.41751084,-0.13359807
2.4724,-0.42150122,-0.12041782
2.4725001,-0.42507565,-0.10711873
2.4726,-0.42823058,-0.093713917
2.4727001,-0.43096292,-0.080216631
2.4728,-0.43326992,-0.066640176
2.4728999,-0.43514934,-0.052997954
2.473,-0.43659934,-0.039303433
2.4730999,-0.43761843,-0.025570121
2.4732001,-0.43820569,-0.011811578
2.4733,-0.43836048,0.001958624
2.4734001,-0.43808264,0.015726894
2.4735,-0.43737248,0.029479641
2.4735999,-0.43623069,0.043203298
2.4737,-0.43465838,0.056884315
2.4737999,-0.43265712,0.070509195
2.4739001,-0.43022889,0.084064491
2.474,-0.42737606,0.097536825
2.4741001,-0.42410147,0.1109129
2.4742,-0.42040837,0.12417953
2.4742999,-0.41630033,0.1373236
2.4744,-0.41178149,0.15033215
2.4744999,-0.40685624,0.16319233
2.4746001,-0.40152949,0.17589147
2.4747,-0.39580646,0.18841703
2.4748001,-0.38969284,0.20075664
2.4749,-0.38319463,0.21289812
2.4749999,-0.37631828,0.22482951
2.4751,-0.3690705,0.23653901
2.4751999,-0.36145851,0.24801508
2.4753001,-0.35348982,0.25924638
2.4754,-0.34517226,0.27022183
2.4755001,-0.33651409,0.28093064
2.4756,-0.3275238,0.29136217
2.4756999,-0.31821027,0.30150616
2.4758,-0.30858269,0.31135261
2.4758999,-0.29865062,0.3208918
2.4760001,-0.28842381,0.33011431
2.4761,-0.27791235,0.33901101
2.4762001,-0.26712662,0.34757319
2.4763,-0.25607726,0.35579231
2.4763999,-0.24477519,0.36366034
2.4765,-0.23323157,0.37116948
2.4765999,-0.22145776,0.37831229
2.4767001,-0.20946541,0.3850818
2.4768,-0.19726636,0.39147124
2.4769001,-0.1848726,0.39747435
2.477,-0.1722964,0.4030852
2.4770999,-0.15955018,0.40829828
2.4772,-0.14664648,0.41310841
2.4772999,-0.13359807,0.41751084
2.4774001,-0.12041783,0.42150125
2.4775,-0.10711873,0.42507565
2.4776001,-0.093713924,0.42823058
2.4777,-0.080216631,0.43096292
2.4777999,-0.066640176,0.43326992
2.4779,-0.052997958,0.43514934
2.4779999,-0.039303437,0.43659934
2.4781001,-0.025570126,0.43761846
2.4782,-0.01181158,0.43820569
2.4783001,0.0019586203,0.43836048
2.4784,0.01572689,0.43808264
2.4784999,0.029479638,0.43737248
2.4786,0.043203294,0.43623069
2.4786999,0.056884311,0.43465838
2.4788001,0.070509195,0.43265712
2.4789,0.084064491,0.43022889
2.4790001,0.097536825,0.42737609
2.4791,0.1109129,0.42410147
2.4791999,0.12417953,0.42040837
2.4793,0.13732359,0.41630033
2.4793999,0.15033214,0.41178149
2.4795001,0.16319233,0.40685624
2.4796,0.17589147,0.40152949
2.4797001,0.18841702,0.39580646
2.4798,0.20075664,0.38969284
2.4798999,0.21289812,0.38319466
2.48,0.22482949,0.37631828
2.4800999,0.23653901,0.3690705
2.4802001,0.24801508,0.36145854
2.4802999,0.25924638,0.35348982
2.4804001,0.27022183,0.34517229
2.4805,0.28093064,0.33651409
2.4806001,0.29136217,0.3275238
2.4807,0.30150616,0.31821027
2.4807999,0.31135261,0.30858272
2.4809,0.3208918,0.29865062
2.4809999,0.33011431,0.28842381
2.4811001,0.33901101,0.27791235
2.4812,0.34757316,0.26712662
2.4813001,0.35579231,0.25607726
2.4814,0.36366034,0.24477521
2.4814999,0.37116948,0.23323157
2.4816,0.37831229,0.22145778
2.4816999,0.3850818,0.20946541
2.4818001,0.39147124,0.19726636
2.4819,0.39747435,0.1848726
2.4820001,0.4030852,0.1722964
2.4821,0.40829828,0.15955018
2.4821999,0.41310841,0.14664648
2.4823,0.41751084,0.13359807
2.4823999,0.42150122,0.12041783
2.4825001,0.42507568,0.10711873
2.4826,0.42823058,0.093713924
2.4827001,0.43096292,0.080216639
2.4828,0.43326992,0.066640183
2.4828999,0.43514934,0.052997962
2.483,0.43659934,0.039303441
2.4830999,0.43761846,0.02557013
2.4832001,0.43820569,0.011811584
2.4833,0.43836048,-0.0019586177
2.4834001,0.43808267,-0.015726885
2.4835,0.43737248,-0.029479634
2.4835999,0.43623069,-0.043203291
2.4837,0.43465838,-0.056884307
2.4837999,0.43265712,-0.070509188
2.4839001,0.43022889,-0.084064484
2.484,0.42737609,-0.097536825
2.4841001,0.42410147,-0.1109129
2.4842,0.42040834,-0.12417952
2.4842999,0.41630033,-0.13732359
2.4844,0.41178149,-0.15033214
2.4844999,0.40685624,-0.16319233
2.4846001,0.40152949,-0.17589147
2.4847,0.39580646,-0.18841702
2.4848001,0.38969284,-0.20075662
2.4849,0.38319466,-0.21289812
2.4849999,0.37631828,-0.22482949
2.4851,0.3690705,-0.23653901
2.4851999,0.36145854,-0.24801508
2.4853001,0.35348982,-0.25924638
2.4854,0.34517226,-0.27022183
2.4855001,0.33651409,-0.28093061
2.4856,0.32752377,-0.29136217
2.4856999,0.31821027,-0.30150616
2.4858,0.30858272,-0.31135261
2.4858999,0.29865062,-0.3208918
2.4860001,0.28842381,-0.33011431
2.4861,0.27791235,-0.33901101
2.4862001,0.26712662,-0.34757316
2.4863,0.25607726,-0.35579231
2.4863999,0.24477521,-0.36366034
2.4865,0.23323157,-0.37116948
2.4865999,0.22145776,-0.37831229
2.4867001,0.20946541,-0.38508177
2.4868,0.19726634,-0.39147124
2.4869001,0.1848726,-0.39747435
2.487,0.1722964,-0.4030852
2.4870999,0.15955018,-0.40829828
2.4872,0.14664648,-0.41310838
2.4872999,0.13359807,-0.41751084
2.4874001,0.12041782,-0.42150122
2.4875,0.10711873,-0.42507565
2.4876001,0.093713924,-0.42823058
2.4877,0.080216631,-0.43096289
2.4877999,0.066640176,-0.43326992
2.4879,0.052997962,-0.43514934
2.4879999,0.039303437,-0.43659931
2.4881001,0.025570126,-0.43761843
2.4881999,0.011811582,-0.43820569
2.4883001,-0.0019586205,-0.43836045
2.4884,-0.015726889,-0.43808264
2.4885001,-0.029479636,-0.43737248
2.4886,-0.043203291,-0.43623069
2.4886999,-0.056884311,-0.43465838
2.4888,-0.070509195,-0.43265712
2.4888999,-0.084064491,-0.43022889
2.4890001,-0.097536825,-0.42737606
2.4891,-0.1109129,-0.42410147
2.4892001,-0.12417952,-0.42040834
2.4893,-0.13732359,-0.41630033
2.4893999,-0.15033214,-0.41178149
2.4895,-0.16319233,-0.40685624
2.4895999,-0.17589147,-0.40152949
2.4897001,-0.18841702,-0.39580646
2.4898,-0.20075662,-0.38969284
2.4899001,-0.21289812,-0.38319463
2.49,-0.22482949,-0.37631825
2.4900999,-0.23653901,-0.3690705
2.4902,-0.24801508,-0.36145851
2.4902999,-0.25924638,-0.35348982
2.4904001,-0.27022183,-0.34517226
2.4905,-0.28093061,-0.33651406
2.4906001,-0.29136217,-0.32752377
2.4907,-0.30150616,-0.31821024
2.4907999,-0.31135261,-0.30858269
2.4909,-0.3208918,-0.29865062
2.4909999,-0.33011431,-0.28842378
2.4911001,-0.33901101,-0.27791232
2.4912,-0.34757316,-0.26712662
2.4913001,-0.35579231,-0.25607726
2.4914,-0.36366034,-0.24477519
2.4914999,-0.37116948,-0.23323156
2.4916,-0.37831229,-0.22145776
2.4916999,-0.38508177,-0.20946541
2.4918001,-0.39147124,-0.19726634
2.4919,-0.39747435,-0.1848726
2.4920001,-0.4030852,-0.17229639
2.4921,-0.40829828,-0.15955018
2.4921999,-0.41310838,-0.14664648
2.4923,-0.41751084,-0.13359807
2.4923999,-0.42150122,-0.12041782
2.4925001,-0.42507565,-0.10711873
2.4926,-0.42823058,-0.093713917
2.4927001,-0.43096292,-0.080216631
2.4928,-0.43326992,-0.066640176
2.4928999,-0.43514934,-0.052997954
2.493,-0.43659934,-0.039303433
2.4930999,-0.43761843,-0.025570121
2.4932001,-0.43820569,-0.011811576
2.4933,-0.43836048,0.0019586242
2.4934001,-0.43808264,0.015726894
2.4935,-0.43737248,0.029479641
2.4935999,-0.43623069,0.043203298
2.4937,-0.43465838,0.056884315
2.4937999,-0.43265712,0.070509195
2.4939001,-0.43022889,0.084064491
2.494,-0.42737606,0.097536825
2.4941001,-0.42410147,0.1109129
2.4942,-0.42040837,0.12417953
2.4942999,-0.41630033,0.1373236
2.4944,-0.41178146,0.15033215
2.4944999,-0.40685624,0.16319233
2.4946001,-0.40152949,0.17589147
2.4947,-0.39580646,0.18841703
2.4948001,-0.38969284,0.20075664
2.4949,-0.38319463,0.21289812
2.4949999,-0.37631825,0.22482951
2.4951,-0.3690705,0.23653901
2.4951999,-0.36145851,0.24801508
2.4953001,-0.35348982,0.25924638
2.4954,-0.34517229,0.27022183
2.4955001,-0.33651409,0.28093064
2.4956,-0.32752377,0.29136217
2.4956999,-0.31821027,0.30150616
2.4958,-0.30858269,0.31135261
2.4958999,-0.29865062,0.3208918
2.4960001,-0.28842381,0.33011431
2.4960999,-0.27791235,0.33901101
2.4962001,-0.26712662,0.34757319
2.4963,-0.25607726,0.35579231
2.4964001,-0.24477519,0.36366034
2.4965,-0.23323156,0.37116948
2.4965999,-0.22145776,0.37831232
2.4967,-0.20946541,0.3850818
2.4967999,-0.19726634,0.39147124
2.4969001,-0.1848726,0.39747435
2.497,-0.1722964,0.4030852
2.4971001,-0.15955018,0.40829828
2.4972,-0.14664648,0.41310841
2.4972999,-0.13359807,0.41751084
2.4974,-0.12041782,0.42150122
2.4974999,-0.10711873,0.42507568
2.4976001,-0.093713924,0.42823058
2.4977,-0.080216631,0.43096292
2.4978001,-0.066640176,0.43326992
2.4979,-0.052997958,0.43514934
2.4979999,-0.039303433,0.43659934
2.4981,-0.025570124,0.43761846
2.4981999,-0.011811579,0.43820569
2.4983001,0.0019586228,0.43836048
2.4984,0.01572689,0.43808267
2.4985001,0.02947964,0.43737248
2.4986,0.043203294,0.43623069
2.4986999,0.056884315,0.43465841
2.4988,0.070509195,0.43265712
2.4988999,0.084064491,0.43022889
2.4990001,0.097536825,0.42737609
2.4991,0.1109129,0.42410147
2.4992001,0.12417953,0.42040837
2.4993,0.1373236,0.41630036
2.4993999,0.15033214,0.41178149
2.4995,0.16319233,0.40685624
2.4995999,0.17589147,0.40152949
2.4997001,0.18841703,0.39580646
2.4998,0.20075664,0.38969284
2.4999001,0.21289812,0.38319466
2.5,0.22482951,0.37631828
2.5,0.22482951,0.37631828
