"Time","aimc.stator.electroMagneticConverter.singlePhaseElectroMagneticConverter[2].Phi.im","aimc.stator.electroMagneticConverter.singlePhaseElectroMagneticConverter[1].Phi.re"
0,-0,-0
0.001,6.9426213e-05,-8.0995033e-09
0.0020000001,0.00027376707,-1.0281624e-07
0.003,0.00060770824,-4.7577231e-07
0.0040000002,0.0010663619,-1.4342274e-06
0.0049999999,0.0016448412,-3.4043128e-06
0.0060000001,0.0023388499,-6.9290754e-06
0.0070000002,0.0031446123,-1.2664211e-05
0.0080000004,0.004058742,-2.1366817e-05
0.0089999996,0.0050781495,-3.3898381e-05
0.0099999998,0.0062000407,-5.1211642e-05
0.011,0.0074220137,-7.4374795e-05
0.012,0.008741864,-0.00010454456
0.013,0.010157435,-0.0001429588
0.014,0.011666885,-0.00019095631
0.015,0.013268439,-0.00024995604
0.016000001,0.014960502,-0.00032146653
0.017000001,0.016741589,-0.00040707996
0.017999999,0.018610308,-0.00050847081
0.018999999,0.020565392,-0.00062739872
0.02,0.022605602,-0.00076569908
0.021,0.02472982,-0.00092529255
0.022,0.02693692,-0.0011081717
0.023,0.029225852,-0.0013164085
0.024,0.031595573,-0.0015521495
0.025,0.034045059,-0.0018176144
0.026000001,0.036573295,-0.0021150943
0.027000001,0.039179232,-0.0024469516
0.028000001,0.04186181,-0.0028156172
0.028999999,0.044620022,-0.0032235892
0.029999999,0.047452774,-0.0036734324
0.030999999,0.050358921,-0.0041677756
0.032000002,0.053337291,-0.0047093108
0.033,0.056386743,-0.0053007822
0.034000002,0.05950598,-0.0059450022
0.035,0.062693678,-0.0066448376
0.035999998,0.065948449,-0.0074032024
0.037,0.06926886,-0.0082230568
0.037999999,0.072653353,-0.0091074221
0.039000001,0.076100297,-0.010059363
0.039999999,0.079607971,-0.011081967
0.041000001,0.083174571,-0.01217837
0.041999999,0.086798154,-0.013351752
0.043000001,0.090476684,-0.014605322
0.044,0.094208032,-0.015942279
0.045000002,0.097989909,-0.017365888
0.046,0.10181992,-0.018879419
0.046999998,0.10569552,-0.020486148
0.048,0.1096141,-0.02218934
0.048999999,0.11357282,-0.023992296
0.050000001,0.11756874,-0.025898306
0.050999999,0.12159878,-0.027910618
0.052000001,0.12565969,-0.030032486
0.052999999,0.12974806,-0.032267153
0.054000001,0.13386033,-0.034617826
0.055,0.13799277,-0.037087627
0.056000002,0.14214148,-0.039679691
0.057,0.14630237,-0.042397089
0.057999998,0.1504712,-0.045242816
0.059,0.15464354,-0.04821977
0.059999999,0.15881477,-0.05133082
0.061000001,0.16298009,-0.054578736
0.061999999,0.16713452,-0.057966158
0.063000001,0.1712729,-0.061495621
0.064000003,0.17538986,-0.06516958
0.064999998,0.17947982,-0.068990342
0.066,0.1835371,-0.072960019
0.067000002,0.18755575,-0.077080645
0.068000004,0.19152962,-0.081354067
0.068999998,0.19545242,-0.085781962
0.07,0.19931771,-0.090365753
0.071000002,0.20311876,-0.095106758
0.071999997,0.2068487,-0.10000605
0.072999999,0.21050052,-0.10506444
0.074000001,0.21406704,-0.11028251
0.075000003,0.21754085,-0.11566064
0.075999998,0.22091435,-0.1211989
0.077,0.22417994,-0.12689705
0.078000002,0.22732975,-0.13275464
0.079000004,0.23035572,-0.13877085
0.079999998,0.23324975,-0.14494455
0.081,0.23600367,-0.15127428
0.082000002,0.23860903,-0.15775824
0.082999997,0.24105738,-0.16439424
0.083999999,0.24334016,-0.17117977
0.085000001,0.2454488,-0.17811188
0.086000003,0.24737455,-0.18518722
0.086999997,0.24910863,-0.19240203
0.088,0.25064236,-0.19975218
0.089000002,0.25196692,-0.20723301
0.090000004,0.25307354,-0.21483946
0.090999998,0.25395337,-0.22256598
0.092,0.25459784,-0.23040661
0.093000002,0.25499824,-0.23835486
0.093999997,0.255146,-0.24640371
0.094999999,0.25503263,-0.25454569
0.096000001,0.25464994,-0.26277289
0.097000003,0.2539897,-0.27107677
0.097999997,0.25304392,-0.27944827
0.098999999,0.25180495,-0.28787792
0.1,0.25026527,-0.29635566
0.101,0.24841759,-0.30487087
0.102,0.24625498,-0.31341237
0.103,0.24377097,-0.3219687
0.104,0.24095929,-0.3305276
0.105,0.23781407,-0.33907631
0.106,0.23432994,-0.34760168
0.107,0.23050201,-0.3560901
0.108,0.22632582,-0.36452726
0.109,0.22179751,-0.37289852
0.11,0.21691376,-0.38118878
0.111,0.21167187,-0.38938242
0.112,0.20606975,-0.3974635
0.113,0.20010598,-0.40541559
0.114,0.19377978,-0.4132219
0.115,0.18709111,-0.42086527
0.116,0.18004063,-0.42832834
0.117,0.17262967,-0.43559343
0.118,0.16486023,-0.44264278
0.119,0.15673496,-0.44945848
0.12,0.1482572,-0.4560225
0.121,0.13943101,-0.46231675
0.122,0.13026123,-0.46832311
0.123,0.12075345,-0.47402334
0.124,0.11091412,-0.47939926
0.125,0.10075054,-0.48443267
0.126,0.090270922,-0.48910543
0.127,0.079484381,-0.4933995
0.12800001,0.068401031,-0.49729693
0.12899999,0.057031941,-0.50077987
0.13,0.045389228,-0.50383079
0.131,0.033486046,-0.50643229
0.132,0.02133663,-0.50856739
0.133,0.0089563103,-0.51021934
0.134,-0.0036384726,-0.51137179
0.13500001,-0.016430138,-0.51200897
0.13600001,-0.029399965,-0.51211542
0.13699999,-0.042528059,-0.51167649
0.138,-0.05579336,-0.51067811
0.139,-0.069173634,-0.50910681
0.14,-0.082645491,-0.50695014
0.141,-0.09618438,-0.50419641
0.142,-0.10976458,-0.50083482
0.14300001,-0.12335926,-0.49685574
0.14399999,-0.13694046,-0.49225062
0.145,-0.15047908,-0.48701209
0.146,-0.16394503,-0.48113406
0.147,-0.17730729,-0.47461197
0.148,-0.19053367,-0.46744257
0.149,-0.20359129,-0.45962426
0.15000001,-0.21644638,-0.45115709
0.15099999,-0.22906424,-0.44204289
0.152,-0.24140982,-0.43228525
0.153,-0.25344723,-0.42188975
0.154,-0.26514003,-0.410864
0.155,-0.2764518,-0.39921752
0.156,-0.28734538,-0.38696218
0.15700001,-0.29778364,-0.37411201
0.15800001,-0.30772969,-0.3606832
0.15899999,-0.31714636,-0.3466945
0.16,-0.32599688,-0.33216694
0.161,-0.3342452,-0.31712386
0.162,-0.34185547,-0.30159134
0.163,-0.3487927,-0.28559774
0.164,-0.35502309,-0.26917383
0.16500001,-0.36051357,-0.25235322
0.16599999,-0.36523262,-0.23517166
0.167,-0.36915022,-0.21766742
0.168,-0.37223777,-0.19988148
0.169,-0.37446886,-0.18185674
0.17,-0.37581894,-0.16363864
0.171,-0.3762657,-0.1452751
0.17200001,-0.3757894,-0.12681544
0.17299999,-0.37437287,-0.10831168
0.17399999,-0.37200174,-0.08981771
0.175,-0.36866465,-0.071388401
0.176,-0.36435348,-0.053081118
0.177,-0.35906339,-0.034954391
0.178,-0.35279301,-0.017067362
0.17900001,-0.34554476,0.00051892921
0.18000001,-0.33732486,0.01774299
0.18099999,-0.32814324,0.034543123
0.182,-0.31801423,0.050856568
0.183,-0.3069559,0.066621281
0.184,-0.29499084,0.081775032
0.185,-0.28214589,0.096256018
0.186,-0.2684519,0.11000361
0.18700001,-0.25394469,0.12295786
0.18799999,-0.23866388,0.13506047
0.189,-0.22265373,0.14625485
0.19,-0.20596299,0.15648626
0.191,-0.18864407,0.1657027
0.192,-0.17075428,0.17385454
0.193,-0.15235457,0.18089539
0.19400001,-0.13350971,0.18678224
0.19499999,-0.11428882,0.19147575
0.19599999,-0.094763644,0.19494061
0.197,-0.075010173,0.19714592
0.198,-0.055107143,0.19806539
0.199,-0.035135809,0.1976776
0.2,-0.015180715,0.19596662
0.20100001,0.0046723317,0.19292162
0.20200001,0.024334896,0.18853787
0.20299999,0.043717213,0.18281649
0.204,0.062728964,0.17576453
0.205,0.081278339,0.16739589
0.206,0.099273972,0.15773046
0.207,0.11662441,0.14679506
0.208,0.1332389,0.1346232
0.20900001,0.14902827,0.12125474
0.20999999,0.16390467,0.10673691
0.211,0.17778282,0.091122977
0.212,0.19057989,0.074473642
0.213,0.2022166,0.056855481
0.214,0.21261728,0.03834207
0.215,0.22171071,0.019013027
0.21600001,0.22943057,-0.0010461995
0.21699999,0.23571587,-0.021743894
0.21799999,0.24051151,-0.042983685
0.219,0.24376892,-0.064663202
0.22,0.24544612,-0.086676456
0.221,0.24550872,-0.1089123
0.222,0.24392983,-0.1312564
0.223,0.24069071,-0.15359122
0.22400001,0.23578116,-0.17579621
0.22499999,0.22919942,-0.19774945
0.226,0.22095327,-0.21932684
0.227,0.21105896,-0.24040444
0.228,0.199543,-0.26085749
0.229,0.18644075,-0.28056249
0.23,0.17179745,-0.29939711
0.23100001,0.15566809,-0.31724122
0.23199999,0.13811663,-0.33397788
0.233,0.11921734,-0.34949353
0.234,0.099052586,-0.36367953
0.235,0.077714995,-0.37643215
0.236,0.055304904,-0.38765392
0.237,0.031931691,-0.39725405
0.23800001,0.0077121011,-0.40514937
0.23899999,-0.017229553,-0.41126487
0.23999999,-0.042762123,-0.41553441
0.241,-0.068748295,-0.41790149
0.242,-0.095045075,-0.41831961
0.243,-0.12150479,-0.41675299
0.244,-0.1479755,-0.41317716
0.245,-0.1743024,-0.407579
0.24600001,-0.20032799,-0.39995778
0.24699999,-0.22589383,-0.39032465
0.248,-0.2508406,-0.37870389
0.249,-0.27501008,-0.36513188
0.25,-0.29824516,-0.34965855
0.25099999,-0.32039174,-0.33234602
0.252,-0.34129912,-0.31326994
0.25299999,-0.36082157,-0.29251781
0.25400001,-0.37881902,-0.27019045
0.255,-0.39515841,-0.2463998
0.25600001,-0.40971461,-0.22127058
0.257,-0.42237136,-0.19493754
0.25799999,-0.43302262,-0.16754718
0.259,-0.44157305,-0.13925472
0.25999999,-0.44793954,-0.11022566
0.26100001,-0.45205137,-0.080632627
0.26199999,-0.45385194,-0.050656591
0.26300001,-0.45329854,-0.020483887
0.264,-0.45036399,0.009693291
0.26499999,-0.44503647,0.039679345
0.266,-0.43732065,0.06927561
0.26699999,-0.42723766,0.098282292
0.26800001,-0.41482568,0.12649956
0.26899999,-0.40014014,0.15372899
0.27000001,-0.38325354,0.1797753
0.271,-0.36425591,0.2044474
0.27200001,-0.34325394,0.22756055
0.273,-0.32037169,0.24893723
0.27399999,-0.29574868,0.26840934
0.27500001,-0.26954117,0.2858192
0.27599999,-0.24191937,0.30102146
0.27700001,-0.21306872,0.31388432
0.278,-0.18318672,0.32429111
0.27900001,-0.15248372,0.33214158
0.28,-0.12117957,0.33735305
0.28099999,-0.089503974,0.33986187
0.28200001,-0.057693791,0.33962411
0.28299999,-0.025991894,0.33661672
0.28400001,0.005354635,0.33083844
0.285,0.036096998,0.32230985
0.28600001,0.065985717,0.31107488
0.287,0.09477406,0.29719955
0.28799999,0.12221881,0.28077406
0.289,0.14808367,0.26191026
0.28999999,0.17214055,0.24074394
0.29100001,0.19417234,0.21743165
0.292,0.2139747,0.19215243
0.29300001,0.23135848,0.16510461
0.294,0.2461517,0.13650647
0.29499999,0.25820157,0.10659332
0.296,0.26737639,0.075617045
0.29699999,0.27356744,0.043843705
0.29800001,0.27669001,0.011550792
0.29899999,0.27668577,-0.02097345
0.30000001,0.27352294,-0.053433981
0.301,0.26719809,-0.085530266
0.30199999,0.25773653,-0.11695947
0.303,0.24519272,-0.14741942
0.30399999,0.22965127,-0.17661078
0.30500001,0.21122558,-0.20424104
0.30599999,0.19005884,-0.23002657
0.30700001,0.16632243,-0.25369623
0.308,0.14021507,-0.27499381
0.30899999,0.11196259,-0.29368114
0.31,0.081814684,-0.30954078
0.31099999,0.05004479,-0.3223787
0.31200001,0.016946653,-0.33202684
0.31299999,-0.017167725,-0.3383452
0.31400001,-0.051970076,-0.34122452
0.315,-0.087120183,-0.34058711
0.31600001,-0.12226751,-0.33638957
0.317,-0.15705574,-0.328623
0.31799999,-0.19112566,-0.31731436
0.31900001,-0.22411877,-0.30252749
0.31999999,-0.25568151,-0.28436208
0.32100001,-0.28546834,-0.26295519
0.322,-0.31314626,-0.23847893
0.32300001,-0.33839804,-0.21114053
0.324,-0.36092627,-0.1811811
0.32499999,-0.38045675,-0.14887246
0.32600001,-0.39674222,-0.11451709
0.32699999,-0.4095653,-0.078443393
0.32800001,-0.41874173,-0.041004363
0.329,-0.42412329,-0.0025737528
0.33000001,-0.42559943,0.036458377
0.331,-0.42310017,0.075688317
0.33199999,-0.41659749,0.11470351
0.333,-0.40610617,0.15308671
0.33399999,-0.39168546,0.19042027
0.33500001,-0.37343875,0.22629111
0.336,-0.35151312,0.26029566
0.33700001,-0.32609946,0.29204419
0.338,-0.29743063,0.32116601
0.33899999,-0.26577955,0.34731367
0.34,-0.23145777,0.37016767
0.34099999,-0.19481203,0.38944063
0.34200001,-0.15622087,0.40488124
0.34299999,-0.11609179,0.41627833
0.34400001,-0.074856155,0.42346391
0.345,-0.032964844,0.42631587
0.34599999,0.009116075,0.42476115
0.347,0.050911285,0.41877684
0.34799999,0.091941528,0.40839157
0.34900001,0.13172883,0.39368713
0.34999999,0.16980292,0.3747977
0.35100001,0.20570686,0.35190928
0.352,0.23900276,0.3252596
0.35299999,0.26927784,0.29513514
0.354,0.29614979,0.26186866
0.35499999,0.3192724,0.22583725
0.35600001,0.33834049,0.18745707
0.35699999,0.35309446,0.14717939
0.35800001,0.36332512,0.10548662
0.359,0.36887667,0.062885307
0.36000001,0.36964986,0.019900832
0.361,0.36560544,-0.02292832
0.36199999,0.35676455,-0.065058388
0.36300001,0.34321004,-0.10594671
0.36399999,0.32508785,-0.14505853
0.36500001,0.30260426,-0.18187498
0.366,0.27602625,-0.21589942
0.36700001,0.24567947,-0.2466649
0.368,0.21194251,-0.27374113
0.36899999,0.1752454,-0.29674074
0.37,0.13606456,-0.31532583
0.37099999,0.094915576,-0.32921293
0.37200001,0.052348357,-0.33817831
0.373,0.0089400923,-0.34206221
0.37400001,-0.034711953,-0.34077257
0.375,-0.077998795,-0.33428738
0.37599999,-0.12030783,-0.32265624
0.377,-0.1610312,-0.30600172
0.37799999,-0.19957471,-0.28451872
0.37900001,-0.23536646,-0.25847301
0.38,-0.26786539,-0.22819886
0.38100001,-0.29656956,-0.19409628
0.382,-0.32102439,-0.15662587
0.38299999,-0.34083009,-0.11630345
0.384,-0.35564834,-0.073693708
0.38499999,-0.3652091,-0.029403474
0.38600001,-0.36931536,0.015927276
0.38699999,-0.36784759,0.061633818
0.38800001,-0.36076719,0.10703605
0.389,-0.34811905,0.15144815
0.38999999,-0.33003175,0.19418927
0.391,-0.30671766,0.23459364
0.39199999,-0.27847153,0.27202088
0.39300001,-0.2456677,0.30586651
0.39399999,-0.20875533,0.33557183
0.39500001,-0.16825323,0.36063328
0.396,-0.12474374,0.38061169
0.39700001,-0.078864269,0.39514017
0.398,-0.031298336,0.4039312
0.39899999,0.017234111,0.40678263
0.40000001,0.065986849,0.40358314
0.40099999,0.1141996,0.39431509
0.40200001,0.16110955,0.37905684
0.403,0.20596346,0.35798302
0.40400001,0.2480299,0.33136481
0.405,0.28661194,0.29956582
0.40599999,0.32105884,0.26303852
0.40700001,0.35077751,0.22231877
0.40799999,0.37524381,0.17801891
0.40900001,0.39401218,0.1308182
0.41,0.40672424,0.081452742
0.41100001,0.41311675,0.030704817
0.412,0.41302779,-0.020609329
0.41299999,0.40640143,-0.071652576
0.414,0.39329046,-0.12158094
0.41499999,0.3738575,-0.16955785
0.41600001,0.34837416,-0.21476844
0.417,0.31721842,-0.25643399
0.41800001,0.28087047,-0.29382589
0.419,0.23990546,-0.32627928
0.41999999,0.19498572,-0.35320556
0.421,0.14685053,-0.37410423
0.42199999,0.096304581,-0.38857305
0.42300001,0.044205166,-0.39631706
0.42399999,-0.0085523548,-0.39715573
0.42500001,-0.061049785,-0.39102781
0.426,-0.112362,-0.37799478
0.42699999,-0.16157342,-0.35824183
0.428,-0.2077947,-0.33207658
0.42899999,-0.2501792,-0.29992616
0.43000001,-0.28793928,-0.26233068
0.43099999,-0.32036161,-0.21993579
0.43200001,-0.34682149,-0.17348249
0.433,-0.36679575,-0.12379513
0.43399999,-0.37987462,-0.071767911
0.435,-0.38577089,-0.018348994
0.43599999,-0.38432738,0.0354762
0.43700001,-0.3755222,0.088702753
0.43799999,-0.35947135,0.14032488
0.43900001,-0.33642894,0.18935487
0.44,-0.30678502,0.2348423
0.44100001,-0.27105981,0.27589285
0.442,-0.22989614,0.31168631
0.44299999,-0.18404926,0.34149367
0.44400001,-0.13437387,0.36469266
0.44499999,-0.081809752,0.38078204
0.44600001,-0.027364125,0.38939315
0.447,0.02790671,0.39029938
0.44800001,0.082917199,0.3834233
0.449,0.13657413,0.36883995
0.44999999,0.1877979,0.34677845
0.45100001,0.23554416,0.31762004
0.45199999,0.2788254,0.28189304
0.45300001,0.31673202,0.24026482
0.454,0.34845212,0.19352996
0.45500001,0.37328964,0.14259654
0.456,0.39068049,0.088469476
0.45699999,0.40020627,0.03223148
0.458,0.40160546,-0.024977997
0.45899999,0.39478138,-0.081985474
0.46000001,0.37980705,-0.13760734
0.461,0.35692641,-0.19067442
0.46200001,0.32655188,-0.24005681
0.463,0.28925878,-0.28468832
0.46399999,0.24577554,-0.32359025
0.465,0.19697084,-0.35589355
0.46599999,0.14383717,-0.38085932
0.46700001,0.087471709,-0.39789677
0.46799999,0.02905426,-0.40657827
0.46900001,-0.030176938,-0.40665153
0.47,-0.088951193,-0.39804763
0.47099999,-0.14599264,-0.38088575
0.472,-0.20004812,-0.35547343
0.47299999,-0.24991518,-0.32230282
0.47400001,-0.29446951,-0.28204289
0.47499999,-0.33269116,-0.23552731
0.47600001,-0.36368901,-0.1837384
0.477,-0.38672271,-0.12778749
0.47799999,-0.40122178,-0.06889195
0.479,-0.40680107,-0.0083494382
0.47999999,-0.40327257,0.052490365
0.48100001,-0.39065257,0.11225566
0.48199999,-0.36916465,0.16958351
0.48300001,-0.33923766,0.2231514
0.484,-0.30149898,0.27170819
0.48500001,-0.25676331,0.31410429
0.486,-0.20601633,0.34931993
0.48699999,-0.15039438,0.37649104
0.48800001,-0.091160178,0.39493161
0.48899999,-0.029675014,0.40415281
0.49000001,0.032631889,0.40387738
0.491,0.094296224,0.3940495
0.49200001,0.15385297,0.37483937
0.493,0.20987134,0.34664264
0.49399999,0.26098973,0.31007427
0.495,0.30594945,0.26595691
0.49599999,0.34362683,0.21530445
0.49700001,0.37306255,0.15929985
0.498,0.39348757,0.099269189
0.49900001,0.40434471,0.03665109
0.5,0.40530491,-0.027037725
0.50099999,0.39627919,-0.090237759
0.50199997,0.37742493,-0.15138449
0.50300002,0.34914514,-0.20894761
0.50400001,0.31208193,-0.26147005
0.505,0.26710391,-0.30760553
0.50599998,0.21528769,-0.3461538
0.50700003,0.1578939,-0.37609327
0.50800002,0.096337713,-0.39660946
0.509,0.032155022,-0.40711901
0.50999999,-0.033035055,-0.40728778
0.51099998,-0.097570509,-0.39704308
0.51200002,-0.1597887,-0.37657937
0.51300001,-0.21806937,-0.34635705
0.514,-0.27087745,-0.30709445
0.51499999,-0.31680423,-0.25975269
0.51599997,-0.35460609,-0.20551407
0.51700002,-0.38323963,-0.14575414
0.51800001,-0.40189207,-0.082008168
0.51899999,-0.41000602,-0.015932739
0.51999998,-0.40729809,0.05073658
0.52100003,-0.39377016,0.11623046
0.52200001,-0.3697136,0.17879274
0.523,-0.33570543,0.23672792
0.52399999,-0.29259673,0.28844777
0.52499998,-0.24149355,0.33251593
0.52600002,-0.18373032,0.36768919
0.52700001,-0.12083659,0.39295405
0.528,-0.054497872,0.4075579
0.52899998,0.013488614,0.41103327
0.52999997,0.081262045,0.40321478
0.53100002,0.14694871,0.38424793
0.53200001,0.20871399,0.35458931
0.53299999,0.26481423,0.3149983
0.53399998,0.31364682,0.26651976
0.53500003,0.35379732,0.2104587
0.53600001,0.38408199,0.14834695
0.537,0.40358457,0.081902795
0.53799999,0.411686,0.012984633
0.53899997,0.40808618,-0.056460217
0.54000002,0.39281696,-0.12445015
0.54100001,0.36624572,-0.18902588
0.542,0.32906926,-0.24830726
0.54299998,0.28229815,-0.300549
0.54400003,0.22723155,-0.34419322
0.54500002,0.16542307,-0.37791744
0.546,0.098638706,-0.40067664
0.54699999,0.028807778,-0.41173765
0.54799998,-0.042031944,-0.410705
0.54900002,-0.11179315,-0.3975372
0.55000001,-0.1784004,-0.3725526
0.551,-0.23985228,-0.33642489
0.55199999,-0.29428235,-0.29016736
0.55299997,-0.34001711,-0.23510721
0.55400002,-0.37562919,-0.17285006
0.55500001,-0.39998347,-0.10523357
0.55599999,-0.41227528,-0.034275051
0.55699998,-0.41205984,0.037886467
0.55800003,-0.39927077,0.10905441
0.55900002,-0.37422663,0.17704235
0.56,-0.33762592,0.2397414
0.56099999,-0.29053086,0.29518592
0.56199998,-0.23433925,0.34161645
0.56300002,-0.17074499,0.37753779
0.56400001,-0.10168882,0.40176886
0.565,-0.029300915,0.41348386
0.56599998,0.044163894,0.41224277
0.56699997,0.11639584,0.39801043
0.56800002,0.18510278,0.37116283
0.56900001,0.24808329,0.33248022
0.56999999,0.30329821,0.28312761
0.57099998,0.34893805,0.22462231
0.57200003,0.38348427,0.1587896
0.57300001,0.4057619,0.087707654
0.574,0.41498193,0.013643465
0.57499999,0.41077197,-0.061018411
0.57599998,0.3931936,-0.13385215
0.57700002,0.36274576,-0.20246959
0.57800001,0.32035401,-0.26459903
0.579,0.26734549,-0.3181617
0.57999998,0.20540991,-0.36134282
0.58099997,0.13654804,-0.39265525
0.58200002,0.063009016,-0.4109931
0.583,-0.012781714,-0.41567335
0.58399999,-0.088301517,-0.40646404
0.58499998,-0.16101423,-0.38359779
0.58600003,-0.22845559,-0.34776944
0.58700001,-0.28831753,-0.30011877
0.588,-0.33852872,-0.24219687
0.58899999,-0.37732798,-0.17591836
0.58999997,-0.40332845,-0.10350049
0.59100002,-0.41556975,-0.02739061
0.59200001,-0.41355649,0.049815215
0.59299999,-0.39728072,0.12546019
0.59399998,-0.36722839,0.19691813
0.59500003,-0.3243686,0.26168519
0.59600002,-0.27012563,0.31746885
0.597,-0.20633434,0.36227074
0.59799999,-0.13518089,0.39446059
0.59899998,-0.059129827,0.41283798
0.60000002,0.019159758,0.41668019
0.60100001,0.096926272,0.40577352
0.602,0.17140275,0.38042703
0.60299999,0.23991562,0.34146777
0.60399997,0.29998168,0.2902177
0.60500002,0.34939986,0.22845158
0.60600001,0.38633385,0.15833865
0.60699999,0.40938315,0.082368642
0.60799998,0.41763905,0.003265237
0.60900003,0.41072336,-0.076110691
0.61000001,0.38880867,-0.15286365
0.611,0.35261914,-0.22416936
0.61199999,0.30340993,-0.28737986
0.61299998,0.24292675,-0.34012327
0.61400002,0.17334725,-0.38039482
0.61500001,0.097205549,-0.40663582
0.616,0.017301543,-0.417797
0.61699998,-0.063400738,-0.41338366
0.61799997,-0.14188236,-0.39348048
0.61900002,-0.21518235,-0.35875583
0.62,-0.28051046,-0.31044278
0.62099999,-0.33535475,-0.25029895
0.62199998,-0.37758026,-0.18054585
0.62300003,-0.40551502,-0.1037899
0.62400001,-0.41801929,-0.022926772
0.625,-0.4145354,0.058966294
0.62599999,-0.3951157,0.13874696
0.62699997,-0.36042827,0.21332812
0.62800002,-0.31173757,0.27979848
0.62900001,-0.2508623,0.33553767
0.63,-0.1801105,0.37832147
0.63099998,-0.1021956,0.40641382
0.63200003,-0.020134032,0.41864035
0.63300002,0.062869944,0.41444096
0.634,0.14354876,0.39389852
0.63499999,0.21869993,0.35774389
0.63599998,0.28531432,0.30733359
0.63700002,0.34069827,0.24460283
0.63800001,0.38258469,0.17199448
0.639,0.40922901,0.092367448
0.63999999,0.41948536,0.0088859471
0.64099997,0.41285935,-0.075104833
0.64200002,0.38953522,-0.15621215
0.64300001,0.35037649,-0.23113273
0.64399999,0.29689813,-0.29678854
0.64499998,0.23121202,-0.35045511
0.64600003,0.15594657,-0.38987693
0.64700001,0.074145079,-0.41336572
0.648,-0.010855422,-0.41987625
0.64899999,-0.095559083,-0.40905687
0.64999998,-0.17645457,-0.3812713
0.65100002,-0.25016084,-0.33759189
0.65200001,-0.31356993,-0.27976277
0.653,-0.3639802,-0.21013391
0.65399998,-0.399214,-0.13156901
0.65499997,-0.41771534,-0.04733061
0.65600002,-0.41862288,0.039053127
0.65700001,-0.40181357,0.12393551
0.65799999,-0.36791599,0.203705
0.65899998,-0.31829175,0.27493945
0.66000003,-0.25498575,0.33455476
0.66100001,-0.18064542,0.37994087
0.662,-0.098413222,0.40907913
0.66299999,-0.011796415,0.42063582
0.66399997,0.075480327,0.41402769
0.66500002,0.15963492,0.38945523
0.66600001,0.23699179,0.34790221
0.667,0.30414358,0.29110092
0.66799998,0.35810333,0.22146535
0.66900003,0.39644048,0.14199154
0.67000002,0.41739377,0.056131925
0.671,0.41995591,-0.032352582
0.67199999,0.40392736,-0.1195554
0.67299998,0.36993307,-0.20159709
0.67400002,0.31940356,-0.2747986
0.67500001,0.25451896,-0.33584771
0.676,0.17812043,-0.38195184
0.67699999,0.093588643,-0.41096961
0.67799997,0.0046966546,-0.4215138
0.67900002,-0.084557563,-0.41302124
0.68000001,-0.17012835,-0.38578904
0.68099999,-0.24810672,-0.34096891
0.68199998,-0.31490088,-0.28052425
0.68300003,-0.36740384,-0.20714813
0.68400002,-0.40314081,-0.12414735
0.685,-0.42039055,-0.035297103
0.68599999,-0.41827208,0.055329297
0.68699998,-0.39679477,0.14354555
0.68800002,-0.35686722,0.22524589
0.68900001,-0.30026358,0.29659724
0.69,-0.22955076,0.35422131
0.69099998,-0.14797546,0.39535764
0.69199997,-0.059318721,0.41799951
0.69300002,0.032276262,0.42099705
0.69400001,0.12249707,0.4041194
0.69499999,0.20706414,0.36807632
0.69599998,0.28193498,0.31449348
0.69700003,0.34349924,0.24584404
0.69800001,0.38875604,0.16534014
0.699,0.41546372,0.076785319
0.69999999,0.42225584,-0.01560174
0.70099998,0.40871623,-0.10738651
0.70200002,0.37540779,-0.19413123
0.70300001,0.32385668,-0.27160981
0.704,0.25648677,-0.33601579
0.70499998,0.17651066,-0.38415208
0.70599997,0.087781288,-0.41359416
0.70700002,-0.0053918026,-0.42281574
0.708,-0.098448791,-0.41127419
0.70899999,-0.18680261,-0.37944672
0.70999998,-0.26606548,-0.32881641
0.71100003,-0.33226869,-0.26181033
0.71200001,-0.3820641,-0.18168662
0.713,-0.4128975,-0.092381306
0.71399999,-0.42314482,0.0016819391
0.71499997,-0.4122017,0.09580946
0.71600002,-0.38052583,0.18527023
0.71700001,-0.32962325,0.26553482
0.71799999,-0.2619825,0.33250615
0.71899998,-0.18095946,0.38273209
0.72000003,-0.090613551,0.41358691
0.72100002,0.0044910349,0.42341399
0.722,0.099514343,0.4116202
0.72299999,0.18958639,0.37871584
0.72399998,0.27005693,0.32630101
0.72500002,0.33673778,0.2569924
0.72600001,0.38612378,0.17429842
0.727,0.41558191,0.082446635
0.72799999,0.42349541,-0.013830303
0.72899997,0.40935996,-0.1095351
0.73000002,0.37381962,-0.19966547
0.73100001,0.31864423,-0.27947608
0.73199999,0.24664865,-0.34473053
0.73299998,0.16155298,-0.3919296
0.73400003,0.067795813,-0.41850358
0.73500001,-0.029694229,-0.42295769
0.736,-0.12575628,-0.40496099
0.73699999,-0.21526918,-0.36537698
0.73799998,-0.29342607,-0.30622762
0.73900002,-0.35599476,-0.2305965
0.74000001,-0.39955103,-0.14247435
0.741,-0.42166996,-0.046551134
0.74199998,-0.42106783,0.052028764
0.74299997,-0.39768192,0.14794195
0.74400002,-0.352685,0.23597306
0.745,-0.28843516,0.31129974
0.74599999,-0.20835637,0.36975965
0.74699998,-0.11676256,0.40808463
0.74800003,-0.018629231,0.42408925
0.74900001,0.080674939,0.41679978
0.75,0.1756794,0.38652173
0.75099999,0.2611143,0.33483341
0.75199997,0.33220425,0.26451069
0.75300002,0.38493952,0.17938566
0.75400001,0.41630551,0.084140286
0.755,0.42446131,-0.015946684
0.75599998,0.40885398,-0.11528842
0.75700003,0.37026283,-0.20830178
0.75800002,0.31076616,-0.28972298
0.759,0.23363771,-0.35490718
0.75999999,0.1431713,-0.40009755
0.76099998,0.044447262,-0.4226473
0.76200002,-0.056950014,-0.42118058
0.76300001,-0.15524597,-0.39568293
0.764,-0.24480486,-0.34751523
0.76499999,-0.3204543,-0.27934748
0.76599997,-0.37778768,-0.19501881
0.76700002,-0.41342479,-0.099325195
0.76800001,-0.42521805,0.0022475761
0.76899999,-0.41238704,0.10383686
0.76999998,-0.37557819,0.19953974
0.77100003,-0.31683862,0.28375721
0.77200001,-0.23951109,0.35152417
0.773,-0.14804856,0.39880607
0.77399999,-0.047764014,0.42274478
0.77499998,0.055475328,0.42183754
0.77600002,0.155589,0.39603817
0.77700001,0.2466415,0.34677362
0.778,0.32319579,0.27687186
0.77899998,0.38064167,0.19040766
0.77999997,0.41547784,0.092469551
0.78100002,0.42553246,-0.011133938
0.78200001,0.41010401,-0.11421724
0.78299999,0.37001869,-0.21058524
0.78399998,0.30759257,-0.2944071
0.78500003,0.22650707,-0.36057186
0.78600001,0.1315967,-0.40500411
0.787,0.028567189,-0.42492166
0.78799999,-0.07634493,-0.41901585
0.78899997,-0.17674764,-0.38754526
0.79000002,-0.26648346,-0.33233389
0.79100001,-0.34000903,-0.2566731
0.792,-0.39274213,-0.16513316
0.79299998,-0.42135173,-0.063291736
0.79400003,-0.42397681,0.04260036
0.79500002,-0.40035275,0.14600179
0.796,-0.35184434,0.24048354
0.79699999,-0.28137305,0.32013068
0.79799998,-0.19325073,0.37991631
0.79900002,-0.092920288,0.41602367
0.80000001,0.013374333,0.42609707
0.801,0.11897475,0.40940222
0.80199999,0.21722367,0.36688772
0.80299997,0.30188611,0.30113956
0.80400002,0.36754787,0.21623176
0.80500001,0.40996736,0.11748122
0.80599999,0.42635497,0.011119186
0.80699998,0.41556564,-0.096097283
0.80800003,0.37818453,-0.1973142
0.80900002,0.31650704,-0.28601891
0.81,0.23440389,-0.35646191
0.81099999,0.1370876,-0.40403482
0.81199998,0.030785413,-0.42557725
0.81300002,-0.077653632,-0.41959539
0.81400001,-0.18119927,-0.38637242
0.815,-0.2730954,-0.32796669
0.81599998,-0.34730384,-0.24809203
0.81699997,-0.39890519,-0.15188961
0.81800002,-0.42443192,-0.045603309
0.81900001,-0.4221077,0.063821726
0.81999999,-0.39198098,0.16918996
0.82099998,-0.33593529,0.26352924
0.82200003,-0.25758308,0.34055433
0.82300001,-0.16203803,0.39508957
0.824,-0.055590361,0.42342389
0.82499999,0.054704729,0.42356959
0.82599998,0.16149068,0.39541173
0.82700002,0.25760099,0.34073019
0.82800001,0.33654195,0.26309803
0.829,0.39293575,0.16765492
0.82999998,0.42289323,0.060774364
0.83099997,0.42428991,-0.050357282
0.83200002,0.39692453,-0.15822145
0.833,0.34255049,-0.25547555
0.83399999,0.26477104,-0.33545488
0.83499998,0.16881195,-0.39263475
0.83600003,0.061173789,-0.42301705
0.83700001,-0.050802764,-0.42441735
0.838,-0.15943184,-0.39663282
0.83899999,-0.25721252,-0.34147134
0.83999997,-0.33734813,-0.26264349
0.84100002,-0.39422309,-0.16552275
0.84200001,-0.42380327,-0.056784831
0.84299999,-0.42392984,0.056045476
0.84399998,-0.39448616,0.1651122
0.84500003,-0.337423,0.26277539
0.84600002,-0.25663874,0.34214842
0.847,-0.15772203,0.39758822
0.84799999,-0.047572602,0.42510393
0.84899998,0.066075869,0.42265171
0.85000002,0.17519563,0.39029595
0.85100001,0.27203202,0.33022285
0.852,0.34965736,0.24660191
0.85299999,0.40247154,0.14530553
0.85399997,0.42661309,0.033503648
0.85500002,0.42025068,-0.080838799
0.85600001,0.38373068,-0.18952745
0.85699999,0.31957045,-0.28472573
0.85799998,0.23229554,-0.35952318
0.85900003,0.12812823,-0.40844262
0.86000001,0.014551046,-0.42784855
0.861,-0.10022592,-0.41622657
0.86199999,-0.20785685,-0.37431136
0.86299998,-0.30046797,-0.30505082
0.86400002,-0.3712368,-0.21340911
0.86500001,-0.41490138,-0.10602
0.866,-0.42815918,0.0092878174
0.86699998,-0.40992606,0.12405677
0.86799997,-0.3614352,0.22981928
0.86900002,-0.28616425,0.31872433
0.87,-0.18959577,0.38412428
0.87099999,-0.078826383,0.42107841
0.87199998,0.037948251,0.42673567
0.87300003,0.15203696,0.4005633
0.87400001,0.25489876,0.34440595
0.875,0.33878452,0.26236731
0.87599999,0.39732605,0.16051905
0.87699997,0.42602649,0.04645969
0.87800002,0.42261526,-0.071246408
0.87900001,0.38723803,-0.18370946
0.88,0.32246447,-0.28238598
0.88099998,0.2331128,-0.3597306
0.88200003,0.12590142,-0.40977928
0.88300002,0.0089502269,-0.42861718
0.884,-0.10882904,-0.41469434
0.88499999,-0.21840975,-0.36896423
0.88599998,-0.3113437,-0.29483014
0.88700002,-0.38041636,-0.19790232
0.88800001,-0.42021358,-0.085582539
0.889,-0.42755583,0.033493694
0.88999999,-0.4017615,0.15011822
0.89099997,-0.34472007,0.25522068
0.89200002,-0.260766,0.34057641
0.89300001,-0.15635912,0.39945561
0.89399999,-0.039595783,0.42716134
0.89499998,0.080412656,0.42141414
0.89600003,0.19424804,0.38255113
0.89700001,0.2929253,0.31351882
0.898,0.36860472,0.21966161
0.89899999,0.4152219,0.10831852
0.89999998,0.4289822,-0.011744122
0.90100002,0.40868008,-0.1310178
0.90200001,0.35581583,-0.24000306
0.903,0.27449724,-0.3299683
0.90399998,0.17113049,-0.39365414
0.90499997,0.053925164,-0.42586669
0.90600002,-0.067750931,-0.42391208
0.90700001,-0.18411811,-0.38783172
0.90799999,-0.28577018,-0.32042065
0.90899998,-0.3644383,-0.2270236
0.91000003,-0.41367045,-0.11512095
0.91100001,-0.42936915,0.0062625133
0.912,-0.41014338,0.12727988
0.91299999,-0.35744426,0.23805919
0.91399997,-0.27546671,0.32951096
0.91500002,-0.17082766,0.39407846
0.91600001,-0.052041944,0.42637089
0.917,0.07116475,0.42362329
0.91799998,0.18864846,0.38594475
0.91900003,0.29068196,0.31633195
0.92000002,0.36876428,0.22044335
0.921,0.41633549,0.10614894
0.92199999,0.42933711,-0.017106913
0.92299998,0.40657097,-0.13908049
0.92400002,0.34981972,-0.24957941
0.92500001,0.26372084,-0.33931586
0.926,0.15540014,-0.4006933
0.92699999,0.033891436,-0.42845914
0.92799997,-0.090614103,-0.42016146
0.92900002,-0.20761375,-0.37638199
0.93000001,-0.3071833,-0.30070797
0.93099999,-0.38082287,-0.1994506
0.93199998,-0.4221895,-0.081129834
0.93300003,-0.42765468,0.044235136
0.93400002,-0.39663395,0.16596933
0.935,-0.33166054,0.27365053
0.93599999,-0.23819125,0.35800454
0.93699998,-0.12415998,0.41171065
0.93800002,0.00068658276,0.43004653
0.93900001,0.12561636,0.41131526
0.94,0.23983216,0.35701486
0.94099998,0.33340672,0.27173242
0.94199997,0.39815116,0.16276908
0.94300002,0.42834035,0.039525203
0.94400001,0.42123088,-0.087303504
0.94499999,0.37732273,-0.20665091
0.94599998,0.30033988,-0.30804655
0.94700003,0.19692764,-0.38253877
0.94800001,0.076090038,-0.42349297
0.949,-0.05158576,-0.42719361
0.94999999,-0.17485254,-0.39319393
0.95099998,-0.28279316,-0.32437962
0.95200002,-0.36579108,-0.22673801
0.95300001,-0.41639414,-0.1088488
0.954,-0.42999446,0.018860176
0.95499998,-0.40526038,0.14503004
0.95599997,-0.34427965,0.25837931
0.95700002,-0.25239784,0.34871522
0.958,-0.13776232,0.40785673
0.95899999,-0.010610089,0.43038535
0.95999998,0.11763977,0.41415402
0.96100003,0.23540886,0.36050504
0.96200001,0.33200639,0.27417424
0.963,0.39860544,0.1628862
0.96399999,0.42905909,0.036674388
0.96499997,0.42047974,-0.093016289
0.96600002,0.37352654,-0.2143635
0.96700001,0.292371,-0.31624597
0.96799999,0.18434037,-0.38926786
0.96899998,0.059267726,-0.42663413
0.97000003,-0.071394637,-0.42479479
0.97100002,-0.19561942,-0.38379586
0.972,-0.30191141,-0.30730119
0.97299999,-0.38037571,-0.20227963
0.97399998,-0.42364737,-0.078382455
0.97500002,-0.42759442,0.05293468
0.97600001,-0.39172599,0.17946565
0.977,-0.31926462,0.28938785
0.97799999,-0.21687163,0.37237069
0.97899997,-0.094047539,0.4205547
0.98000002,0.037739672,0.42930734
0.98100001,0.16611955,0.39768234
0.98199999,0.27897915,0.32853508
0.98299998,0.36560947,0.22828068
0.98400003,0.41772938,0.10631172
0.98500001,0.43028867,-0.025871379
0.986,0.40197119,-0.15573849
0.98699999,0.33534691,-0.27091587
0.98799998,0.23665439,-0.36036822
0.98900002,0.1152304,-0.41546372
0.99000001,-0.017362693,-0.43081811
0.991,-0.14843138,-0.40483502
0.99199998,-0.26536402,-0.33988619
0.99299997,-0.35684747,-0.24211158
0.99400002,-0.41396892,-0.12085248
0.995,-0.43109566,0.012229788
0.99599999,-0.40644449,0.14426826
0.99699998,-0.34228233,0.26243222
0.99800003,-0.24473402,0.35517669
0.99900001,-0.12321214,0.41337791
1,0.010480003,0.43124247
1,0.010480003,0.43124247
1.001,0.14322098,0.40692258
1.002,0.26195756,0.34277144
1.003,0.35506892,0.24506152
1.0039999,0.41343912,0.12335207
1.005,0.43135116,-0.010454025
1.006,0.40704238,-0.14326878
1.007,0.34287792,-0.26209724
1.008,0.24512106,-0.355308
1.0089999,0.12332257,-0.41377085
1.01,-0.010611713,-0.43175006
1.011,-0.14358363,-0.40746656
1.012,-0.26258272,-0.34327385
1.013,-0.35595822,-0.24542986
1.0140001,-0.41455904,-0.12348744
1.015,-0.43262979,0.010637948
1.016,-0.40837592,0.14383185
1.017,-0.34414136,0.26306248
1.018,-0.24618243,0.35665521
1.0190001,-0.1240583,0.41543519
1.02,0.010301351,0.43362644
1.021,0.14376152,0.40941912
1.022,0.2632657,0.34514949
1.023,0.35711306,0.24707443
1.024,0.4161039,0.12476231
1.025,0.43444151,-0.009840454
1.026,0.41030172,-0.14357631
1.027,0.34601435,-0.26336274
1.028,0.24783847,-0.35747221
1.029,0.12535293,-0.41668049
1.03,-0.0094782505,-0.43517098
1.031,-0.1434747,-0.41110629
1.0319999,-0.26352829,-0.34681091
1.033,-0.35788578,-0.24854687
1.034,-0.41729975,-0.12590376
1.035,-0.43593514,0.0091372114
1.036,-0.41194272,0.14337386
1.0369999,-0.34764254,0.26367408
1.038,-0.24929979,0.35826093
1.039,-0.12651438,0.41786581
1.04,0.0087165013,0.43663722
1.041,0.1431708,0.41271541
1.0420001,0.26369482,0.34841684
1.043,0.35849041,0.25000986
1.044,0.41827053,0.12710373
1.045,0.43716925,-0.0082901297
1.046,0.41331792,-0.14293221
1.0470001,0.34903002,-0.26365
1.048,0.25057682,-0.35862726
1.049,0.12757565,-0.41856101
1.05,-0.0079498487,-0.43757331
1.051,-0.14274541,-0.41378796
1.052,-0.26362276,-0.349516
1.053,-0.35875049,-0.25103116
1.054,-0.41881251,-0.12795748
1.0549999,-0.43792087,0.0076714223
1.056,-0.41419321,0.14258917
1.057,-0.34993857,0.26359469
1.058,-0.25143251,0.35884434
1.059,-0.12830439,0.41901144
1.0599999,0.0074042478,0.43820003
1.061,0.14241755,0.4145228
1.062,0.26352438,0.35028693
1.063,0.35887152,0.25176942
1.064,0.41912407,0.12860358
1.0650001,0.43837968,-0.0071630515
1.066,0.41474715,-0.14224744
1.067,0.3505322,-0.26343089
1.068,0.25201267,-0.35885295
1.069,0.12882462,-0.41917247
1.0700001,-0.0069801188,-0.43848234
1.071,-0.14211336,-0.41488826
1.072,-0.26335093,-0.35069469
1.073,-0.35882717,-0.25217977
1.074,-0.41919637,-0.12898147
1.075,-0.43854791,0.006845633
1.076,-0.41498515,0.14200985
1.077,-0.35081142,0.26328334
1.0779999,-0.25230488,0.35879683
1.079,-0.12910436,0.41920146
1.08,0.0067338082,0.43858418
1.081,0.14191586,0.41504651
1.082,0.26321161,0.35089079
1.0829999,0.35874957,0.25239491
1.084,0.41917881,0.12919804
1.085,0.43858454,-0.006642736
1.086,0.41506708,-0.14183258
1.087,0.35092786,-0.26314005
1.0880001,0.25244427,-0.35869241
1.089,0.1292554,-0.41913754
1.09,-0.0065816147,-0.43855959
1.091,-0.14177157,-0.41505793
1.092,-0.26308259,-0.35093322
1.0930001,-0.35864142,-0.25246233
1.094,-0.41909531,-0.12928382
1.095,-0.43852785,0.0065454352
1.096,-0.41503772,0.14173046
1.097,-0.35092503,0.2630395
1.098,-0.25246593,0.35859916
1.099,-0.12929836,0.41905668
1.1,0.0065213949,0.43849528
1.101,0.14169888,0.41501325
1.102,0.26300278,0.35091013
1.103,0.35856,0.2524614
1.104,0.41901785,0.12930438
1.105,0.43845952,-0.0065054321
1.1059999,0.41498303,-0.14167428
1.107,0.35088751,-0.26297143
1.108,0.25244781,-0.35852429
1.109,0.1293005,-0.41898045
1.11,-0.006499643,-0.43842316
1.1109999,-0.14165962,-0.41495028
1.112,-0.26294941,-0.35086051
1.113,-0.35849687,-0.25242829
1.114,-0.41895005,-0.12928948
1.115,-0.43839225,0.0065019028
1.1160001,-0.41492131,0.14165357
1.117,-0.35083565,0.26293612
1.118,-0.25240922,0.35847804
1.119,-0.12927729,0.41892761
1.12,0.0065067494,0.43836841
1.1210001,0.14165126,0.41489822
1.122,0.26292744,0.35081524
1.123,0.35846424,0.25239301
1.124,0.41891032,0.12926635
1.125,0.4383494,-0.0065118987
1.126,0.41487923,-0.14165065
1.127,0.35079786,-0.26292157
1.128,0.25237855,-0.35845408
1.1289999,0.12925576,-0.41889706
1.13,-0.0065181293,-0.43833438
1.131,-0.14165245,-0.4148638
1.132,-0.26291928,-0.35078329
1.133,-0.35844833,-0.25236589
1.1339999,-0.41888869,-0.12924571
1.135,-0.43832436,0.006525124
1.136,-0.41485313,0.14165628
1.137,-0.35077286,0.26292011
1.138,-0.25235644,0.35844654
1.1390001,-0.1292378,0.41888484
1.14,0.0065311552,0.43831909
1.141,0.1416603,0.41484708
1.142,0.2629222,0.3507666
1.143,0.35844687,0.25235048
1.1440001,0.41888371,0.12923251
1.145,0.43831685,-0.0065355278
1.146,0.4148441,-0.14166364
1.147,0.35076317,-0.26292449
1.148,0.2523469,-0.35844815
1.149,0.12922898,-0.41888413
1.15,-0.0065388693,-0.43831649
1.151,-0.1416667,-0.41484311
1.152,-0.26292717,-0.35076165
1.153,-0.35845047,-0.25234494
1.154,-0.41888601,-0.12922664
1.155,-0.43831789,0.0065415152
1.156,-0.41484398,0.14166957
1.1569999,-0.35076195,0.26293021
1.158,-0.25234461,0.35845354
1.159,-0.12922566,0.41888899
1.16,0.0065431595,0.43832067
1.161,0.14167182,0.41484633
1.1619999,0.26293299,0.35076374
1.163,0.3584567,0.25234568
1.164,0.41889235,0.12922592
1.165,0.43832397,-0.0065437392
1.166,0.41484937,-0.14167325
1.1670001,0.35076627,-0.26293516
1.168,0.25234753,-0.35845944
1.169,0.12922691,-0.41889548
1.17,-0.0065436838,-0.43832722
1.171,-0.14167413,-0.4148525
1.1720001,-0.26293689,-0.35076901
1.173,-0.35846189,-0.25234962
1.174,-0.4188984,-0.1292282
1.175,-0.43833038,0.0065433108
1.176,-0.4148556,0.14167468
1.177,-0.35077178,0.26293832
1.178,-0.25235185,0.35846403
1.179,-0.12922971,0.41890109
1.1799999,0.0065426398,0.43833333
1.181,0.14167488,0.41485858
1.182,0.26293933,0.35077456
1.183,0.35846576,0.25235415
1.184,0.41890332,0.12923138
1.1849999,0.4383359,-0.0065417024
1.186,0.4148612,-0.14167471
1.187,0.35077703,-0.2629399
1.188,0.25235626,-0.35846698
1.189,0.129233,-0.41890505
1.1900001,-0.0065406943,-0.43833792
1.191,-0.14167435,-0.41486335
1.192,-0.26294017,-0.35077909
1.193,-0.35846782,-0.25235808
1.194,-0.4189063,-0.12923442
1.1950001,-0.43833947,0.0065397546
1.196,-0.41486502,0.14167394
1.197,-0.35078073,0.26294026
1.198,-0.25235957,0.35846835
1.199,-0.12923563,0.4189072
1.2,0.0065388973,0.43834063
1.201,0.14167348,0.41486633
1.202,0.2629402,0.35078204
1.2029999,0.35846862,0.25236079
1.204,0.41890779,0.12923665
1.205,0.43834144,-0.006538114
1.206,0.41486725,-0.14167297
1.207,0.35078299,-0.26293999
1.2079999,0.25236169,-0.35846868
1.209,0.12923746,-0.41890806
1.21,-0.0065374579,-0.43834189
1.211,-0.14167249,-0.41486782
1.212,-0.26293969,-0.35078362
1.2130001,-0.35846859,-0.25236234
1.214,-0.41890815,-0.12923805
1.215,-0.43834209,0.0065369476
1.216,-0.41486812,0.14167209
1.217,-0.350784,0.26293939
1.2180001,-0.25236273,0.35846841
1.219,-0.12923846,0.41890806
1.22,0.0065365643,0.43834212
1.221,0.14167175,0.41486824
1.222,0.2629391,0.35078418
1.223,0.35846817,0.25236297
1.224,0.41890791,0.12923872
1.225,0.43834203,-0.0065362789
1.226,0.41486821,-0.14167145
1.227,0.35078421,-0.26293883
1.228,0.25236306,-0.35846791
1.229,0.12923886,-0.41890767
1.23,-0.0065360959,-0.43834183
1.2309999,-0.14167123,-0.41486806
1.232,-0.26293859,-0.35078412
1.233,-0.35846767,-0.25236303
1.234,-0.41890743,-0.1292389
1.235,-0.43834162,0.0065359944
1.2359999,-0.41486788,0.14167108
1.237,-0.35078397,0.26293838
1.238,-0.25236294,0.35846743
1.239,-0.12923889,0.4189072
1.24,0.0065359515,0.43834138
1.2410001,0.14167097,0.41486764
1.242,0.26293823,0.3507838
1.243,0.35846722,0.25236282
1.244,0.41890696,0.12923883
1.245,0.43834114,-0.0065359445
1.2460001,0.41486743,-0.1416709
1.247,0.35078362,-0.26293811
1.248,0.25236267,-0.35846707
1.249,0.12923872,-0.41890675
1.25,-0.0065359776,-0.43834093
1.251,-0.14167087,-0.41486722
1.252,-0.26293802,-0.35078344
1.253,-0.35846692,-0.25236252
1.2539999,-0.4189066,-0.12923862
1.255,-0.43834075,0.0065360297
1.256,-0.41486704,0.14167088
1.257,-0.35078326,0.26293796
1.258,-0.2523624,0.35846683
1.2589999,-0.12923853,0.41890648
1.26,0.0065360861,0.4383406
1.261,0.14167088,0.41486689
1.262,0.26293793,0.35078314
1.263,0.35846677,0.25236228
1.2640001,0.41890639,0.12923844
1.265,0.43834051,-0.0065361368
1.266,0.41486681,-0.14167091
1.267,0.35078302,-0.26293793
1.268,0.25236216,-0.35846674
1.2690001,0.12923837,-0.4189063
1.27,-0.006536196,-0.4383404
1.271,-0.14167093,-0.41486669
1.272,-0.26293793,-0.35078293
1.273,-0.35846671,-0.25236207
1.274,-0.41890627,-0.12923829
1.275,-0.43834037,0.00653625
1.276,-0.41486663,0.14167097
1.277,-0.35078287,0.26293793
1.278,-0.25236204,0.35846671
1.279,-0.12923823,0.41890627
1.28,0.006536291,0.43834034
1.281,0.141671,0.4148666
1.2819999,0.26293796,0.35078284
1.283,0.35846671,0.25236198
1.284,0.41890627,0.1292382
1.285,0.43834034,-0.0065363157
1.286,0.4148666,-0.14167102
1.2869999,0.35078281,-0.26293799
1.288,0.25236198,-0.35846674
1.289,0.12923819,-0.41890627
1.29,-0.0065363427,-0.43834031
1.291,-0.14167105,-0.41486657
1.2920001,-0.26293799,-0.35078278
1.293,-0.35846674,-0.25236195
1.294,-0.41890627,-0.12923816
1.295,-0.43834034,0.006536366
1.296,-0.4148666,0.14167108
1.2970001,-0.35078281,0.26293802
1.298,-0.25236195,0.35846677
1.299,-0.12923816,0.4189063
1.3,0.0065363767,0.43834037
1.301,0.14167108,0.4148666
1.302,0.26293805,0.35078281
1.303,0.35846677,0.25236195
1.304,0.4189063,0.12923816
1.3049999,0.43834037,-0.0065363743
1.306,0.41486663,-0.14167109
1.307,0.35078284,-0.26293805
1.308,0.25236198,-0.3584668
1.309,0.12923817,-0.41890633
1.3099999,-0.0065363757,-0.4383404
1.311,-0.14167109,-0.41486663
1.312,-0.26293805,-0.35078284
1.313,-0.3584668,-0.25236198
1.314,-0.41890633,-0.12923816
1.3150001,-0.4383404,0.0065363813
1.316,-0.41486666,0.14167111
1.317,-0.35078284,0.26293808
1.318,-0.25236198,0.35846683
1.319,-0.12923817,0.41890636
1.3200001,0.006536379,0.43834043
1.321,0.14167111,0.41486666
1.322,0.26293808,0.35078287
1.323,0.35846683,0.25236201
1.324,0.41890639,0.12923819
1.325,0.43834043,-0.0065363673
1.326,0.41486669,-0.14167111
1.327,0.3507829,-0.26293808
1.3279999,0.25236201,-0.35846683
1.329,0.1292382,-0.41890639
1.33,-0.0065363608,-0.43834046
1.331,-0.14167109,-0.41486669
1.332,-0.26293808,-0.3507829
1.3329999,-0.35846683,-0.25236201
1.334,-0.41890639,-0.12923819
1.335,-0.43834046,0.0065363632
1.336,-0.41486669,0.14167111
1.337,-0.3507829,0.26293808
1.3380001,-0.25236204,0.35846686
1.339,-0.1292382,0.41890639
1.34,0.0065363604,0.43834046
1.341,0.14167109,0.41486672
1.342,0.26293808,0.3507829
1.3430001,0.35846686,0.25236204
1.344,0.41890639,0.12923822
1.345,0.43834046,-0.0065363506
1.346,0.41486672,-0.14167109
1.347,0.35078293,-0.26293808
1.348,0.25236204,-0.35846686
1.349,0.12923822,-0.41890639
1.35,-0.0065363436,-0.43834046
1.351,-0.14167109,-0.41486672
1.352,-0.26293808,-0.3507829
1.353,-0.35846683,-0.25236204
1.354,-0.41890639,-0.12923822
1.355,-0.43834046,0.0065363483
1.3559999,-0.41486672,0.14167109
1.357,-0.35078293,0.26293808
1.358,-0.25236204,0.35846686
1.359,-0.12923822,0.41890639
1.36,0.0065363492,0.43834046
1.3609999,0.14167109,0.41486672
1.362,0.26293808,0.35078293
1.363,0.35846686,0.25236204
1.364,0.41890639,0.12923822
1.365,0.43834046,-0.0065363431
1.3660001,0.41486672,-0.14167109
1.367,0.35078293,-0.26293808
1.368,0.25236204,-0.35846686
1.369,0.12923823,-0.41890639
1.37,-0.0065363371,-0.43834046
1.3710001,-0.14167108,-0.41486672
1.372,-0.26293805,-0.35078293
1.373,-0.35846683,-0.25236204
1.374,-0.41890639,-0.12923822
1.375,-0.43834046,0.0065363427
1.376,-0.41486672,0.14167108
1.377,-0.3507829,0.26293808
1.378,-0.25236204,0.35846686
1.3789999,-0.12923822,0.41890639
1.38,0.0065363464,0.43834046
1.381,0.14167109,0.41486672
1.382,0.26293808,0.3507829
1.383,0.35846683,0.25236204
1.3839999,0.41890639,0.12923822
1.385,0.43834046,-0.0065363436
1.386,0.41486672,-0.14167108
1.387,0.35078293,-0.26293808
1.388,0.25236204,-0.35846686
1.3890001,0.12923823,-0.41890639
1.39,-0.0065363371,-0.43834046
1.391,-0.14167108,-0.41486672
1.392,-0.26293805,-0.3507829
1.393,-0.35846683,-0.25236204
1.3940001,-0.41890639,-0.12923822
1.395,-0.43834046,0.0065363422
1.396,-0.41486669,0.14167108
1.397,-0.3507829,0.26293805
1.398,-0.25236204,0.35846683
1.399,-0.12923822,0.41890639
1.4,0.0065363469,0.43834046
1.401,0.14167109,0.41486672
1.402,0.26293808,0.3507829
1.403,0.35846683,0.25236204
1.404,0.41890639,0.12923822
1.405,0.43834046,-0.0065363459
1.406,0.41486672,-0.14167108
1.4069999,0.35078293,-0.26293808
1.408,0.25236204,-0.35846686
1.409,0.12923822,-0.41890639
1.41,-0.0065363389,-0.43834046
1.411,-0.14167108,-0.41486672
1.4119999,-0.26293805,-0.3507829
1.413,-0.35846683,-0.25236204
1.414,-0.41890639,-0.12923822
1.415,-0.43834046,0.0065363427
1.416,-0.41486669,0.14167108
1.4170001,-0.3507829,0.26293805
1.418,-0.25236204,0.35846683
1.419,-0.12923822,0.41890639
1.42,0.0065363473,0.43834046
1.421,0.14167109,0.41486672
1.4220001,0.26293808,0.3507829
1.423,0.35846683,0.25236204
1.424,0.41890639,0.12923822
1.425,0.43834046,-0.0065363478
1.426,0.41486672,-0.14167109
1.427,0.3507829,-0.26293808
1.428,0.25236204,-0.35846686
1.429,0.12923822,-0.41890639
1.4299999,-0.0065363403,-0.43834046
1.431,-0.14167108,-0.41486672
1.432,-0.26293805,-0.3507829
1.433,-0.35846683,-0.25236204
1.434,-0.41890639,-0.12923822
1.4349999,-0.43834046,0.0065363422
1.436,-0.41486669,0.14167108
1.437,-0.3507829,0.26293805
1.438,-0.25236204,0.35846683
1.439,-0.12923822,0.41890639
1.4400001,0.0065363469,0.43834046
1.441,0.14167109,0.41486672
1.442,0.26293808,0.3507829
1.443,0.35846683,0.25236204
1.444,0.41890639,0.12923822
1.4450001,0.43834046,-0.0065363487
1.446,0.41486672,-0.14167109
1.447,0.3507829,-0.26293808
1.448,0.25236204,-0.35846686
1.449,0.12923822,-0.41890639
1.45,-0.0065363413,-0.43834046
1.451,-0.14167108,-0.41486672
1.452,-0.26293808,-0.35078293
1.4529999,-0.35846683,-0.25236204
1.454,-0.41890639,-0.12923822
1.455,-0.43834046,0.0065363417
1.456,-0.41486669,0.14167108
1.457,-0.3507829,0.26293805
1.4579999,-0.25236204,0.35846683
1.459,-0.12923822,0.41890639
1.46,0.0065363455,0.43834046
1.461,0.14167109,0.41486672
1.462,0.26293808,0.3507829
1.4630001,0.35846683,0.25236204
1.464,0.41890639,0.12923822
1.465,0.43834046,-0.0065363492
1.466,0.41486672,-0.14167109
1.467,0.3507829,-0.26293808
1.4680001,0.25236204,-0.35846683
1.469,0.12923822,-0.41890639
1.47,-0.0065363422,-0.43834046
1.471,-0.14167108,-0.41486672
1.472,-0.26293808,-0.35078293
1.473,-0.35846683,-0.25236204
1.474,-0.41890639,-0.12923822
1.475,-0.43834046,0.0065363408
1.476,-0.41486669,0.14167108
1.477,-0.3507829,0.26293805
1.478,-0.25236204,0.35846683
1.479,-0.12923822,0.41890639
1.48,0.0065363441,0.43834046
1.4809999,0.14167109,0.41486672
1.482,0.26293808,0.3507829
1.483,0.35846683,0.25236204
1.484,0.41890639,0.12923822
1.485,0.43834046,-0.0065363492
1.4859999,0.41486669,-0.14167109
1.487,0.3507829,-0.26293808
1.488,0.25236204,-0.35846683
1.489,0.12923822,-0.41890639
1.49,-0.0065363431,-0.43834046
1.4910001,-0.14167109,-0.41486672
1.492,-0.26293808,-0.35078293
1.493,-0.35846683,-0.25236204
1.494,-0.41890639,-0.12923822
1.495,-0.43834046,0.0065363408
1.4960001,-0.41486672,0.14167108
1.497,-0.3507829,0.26293805
1.498,-0.25236204,0.35846683
1.499,-0.12923822,0.41890639
1.5,0.0065363431,0.43834046
1.501,0.14167108,0.41486672
1.502,0.26293808,0.3507829
1.503,0.35846683,0.25236204
1.5039999,0.41890639,0.12923822
1.505,0.43834046,-0.0065363487
1.506,0.41486669,-0.14167109
1.507,0.3507829,-0.26293808
1.508,0.25236204,-0.35846683
1.5089999,0.12923822,-0.41890639
1.51,-0.006536345,-0.43834046
1.511,-0.14167109,-0.41486672
1.512,-0.26293808,-0.35078293
1.513,-0.35846683,-0.25236204
1.5140001,-0.41890639,-0.12923822
1.515,-0.43834046,0.0065363408
1.516,-0.41486672,0.14167108
1.517,-0.3507829,0.26293805
1.518,-0.25236204,0.35846683
1.5190001,-0.12923822,0.41890639
1.52,0.0065363427,0.43834046
1.521,0.14167108,0.41486672
1.522,0.26293808,0.3507829
1.523,0.35846683,0.25236204
1.524,0.41890639,0.12923822
1.525,0.43834046,-0.0065363483
1.526,0.41486669,-0.14167109
1.527,0.3507829,-0.26293808
1.528,0.25236204,-0.35846683
1.529,0.12923822,-0.41890639
1.53,-0.0065363464,-0.43834046
1.531,-0.14167109,-0.41486672
1.5319999,-0.26293808,-0.35078293
1.533,-0.35846686,-0.25236204
1.534,-0.41890639,-0.12923822
1.535,-0.43834046,0.0065363408
1.536,-0.41486672,0.14167108
1.5369999,-0.3507829,0.26293805
1.538,-0.25236204,0.35846683
1.539,-0.12923822,0.41890639
1.54,0.0065363417,0.43834046
1.541,0.14167108,0.41486672
1.5420001,0.26293808,0.3507829
1.543,0.35846683,0.25236204
1.544,0.41890639,0.12923822
1.545,0.43834046,-0.0065363473
1.546,0.41486669,-0.14167109
1.5470001,0.3507829,-0.26293808
1.548,0.25236204,-0.35846683
1.549,0.12923822,-0.41890639
1.55,-0.0065363478,-0.43834046
1.551,-0.14167109,-0.41486672
1.552,-0.26293808,-0.35078293
1.553,-0.35846686,-0.25236204
1.554,-0.41890639,-0.12923822
1.5549999,-0.43834046,0.0065363413
1.556,-0.41486672,0.14167108
1.557,-0.3507829,0.26293805
1.558,-0.25236204,0.35846683
1.559,-0.12923822,0.41890639
1.5599999,0.0065363413,0.43834046
1.561,0.14167108,0.41486672
1.562,0.26293808,0.3507829
1.563,0.35846683,0.25236204
1.564,0.41890639,0.12923822
1.5650001,0.43834046,-0.0065363464
1.566,0.41486669,-0.14167109
1.567,0.3507829,-0.26293808
1.568,0.25236204,-0.35846683
1.569,0.12923822,-0.41890639
1.5700001,-0.0065363487,-0.43834046
1.571,-0.14167109,-0.41486672
1.572,-0.26293808,-0.35078293
1.573,-0.35846686,-0.25236204
1.574,-0.41890639,-0.12923822
1.575,-0.43834046,0.0065363422
1.576,-0.41486672,0.14167108
1.577,-0.3507829,0.26293805
1.5779999,-0.25236204,0.35846683
1.579,-0.12923822,0.41890639
1.58,0.0065363408,0.43834046
1.581,0.14167108,0.41486672
1.582,0.26293808,0.35078293
1.5829999,0.35846683,0.25236204
1.584,0.41890639,0.12923822
1.585,0.43834046,-0.006536345
1.586,0.41486669,-0.14167108
1.587,0.3507829,-0.26293808
1.5880001,0.25236204,-0.35846683
1.589,0.12923822,-0.41890639
1.59,-0.0065363492,-0.43834046
1.591,-0.14167109,-0.41486672
1.592,-0.26293808,-0.35078293
1.5930001,-0.35846686,-0.25236204
1.594,-0.41890639,-0.12923822
1.595,-0.43834046,0.0065363431
1.596,-0.41486672,0.14167108
1.597,-0.3507829,0.26293808
1.598,-0.25236204,0.35846683
1.599,-0.12923822,0.41890639
1.6,0.0065363403,0.43834046
1.601,0.14167108,0.41486672
1.602,0.26293805,0.3507829
1.603,0.35846683,0.25236204
1.604,0.41890639,0.12923822
1.605,0.43834046,-0.0065363436
1.6059999,0.41486669,-0.14167108
1.607,0.3507829,-0.26293808
1.608,0.25236204,-0.35846683
1.609,0.1292382,-0.41890639
1.61,-0.0065363497,-0.43834046
1.6109999,-0.14167109,-0.41486672
1.612,-0.26293808,-0.3507829
1.613,-0.35846686,-0.25236204
1.614,-0.41890639,-0.12923822
1.615,-0.43834046,0.0065363441
1.6160001,-0.41486672,0.14167109
1.617,-0.35078293,0.26293808
1.618,-0.25236204,0.35846683
1.619,-0.12923822,0.41890639
1.62,0.0065363403,0.43834046
1.6210001,0.14167108,0.41486672
1.622,0.26293805,0.3507829
1.623,0.35846683,0.25236204
1.624,0.41890639,0.12923822
1.625,0.43834046,-0.0065363422
1.626,0.41486672,-0.14167108
1.627,0.3507829,-0.26293805
1.628,0.25236204,-0.35846683
1.6289999,0.12923822,-0.41890639
1.63,-0.0065363497,-0.43834046
1.631,-0.14167109,-0.41486669
1.632,-0.26293808,-0.3507829
1.633,-0.35846686,-0.25236204
1.6339999,-0.41890639,-0.12923822
1.635,-0.43834046,0.006536345
1.636,-0.41486672,0.14167109
1.637,-0.35078293,0.26293808
1.638,-0.25236204,0.35846683
1.6390001,-0.12923822,0.41890639
1.64,0.0065363403,0.43834046
1.641,0.14167108,0.41486672
1.642,0.26293805,0.3507829
1.643,0.35846683,0.25236204
1.6440001,0.41890639,0.12923822
1.645,0.43834046,-0.0065363408
1.646,0.41486672,-0.14167108
1.647,0.3507829,-0.26293805
1.648,0.25236204,-0.35846683
1.649,0.12923822,-0.41890639
1.65,-0.0065363492,-0.43834046
1.651,-0.14167109,-0.41486669
1.652,-0.26293808,-0.3507829
1.653,-0.35846686,-0.25236204
1.654,-0.41890639,-0.12923822
1.655,-0.43834046,0.0065363459
1.656,-0.41486672,0.14167109
1.6569999,-0.35078293,0.26293808
1.658,-0.25236204,0.35846683
1.659,-0.12923822,0.41890639
1.66,0.0065363408,0.43834046
1.661,0.14167108,0.41486672
1.6619999,0.26293805,0.3507829
1.663,0.35846683,0.25236204
1.664,0.41890639,0.12923822
1.665,0.43834046,-0.0065363399
1.666,0.41486672,-0.14167108
1.6670001,0.3507829,-0.26293805
1.668,0.25236204,-0.35846683
1.669,0.12923822,-0.41890639
1.67,-0.0065363483,-0.43834046
1.671,-0.14167109,-0.41486669
1.6720001,-0.26293808,-0.3507829
1.673,-0.35846683,-0.25236204
1.674,-0.41890639,-0.12923822
1.675,-0.43834046,0.0065363469
1.676,-0.41486672,0.14167109
1.677,-0.35078293,0.26293808
1.678,-0.25236204,0.35846686
1.679,-0.12923822,0.41890639
1.6799999,0.0065363413,0.43834046
1.681,0.14167108,0.41486672
1.682,0.26293805,0.3507829
1.683,0.35846683,0.25236204
1.684,0.41890639,0.12923822
1.6849999,0.43834046,-0.0065363389
1.686,0.41486672,-0.14167108
1.687,0.3507829,-0.26293805
1.688,0.25236204,-0.35846683
1.689,0.12923822,-0.41890639
1.6900001,-0.0065363473,-0.43834046
1.691,-0.14167109,-0.41486669
1.692,-0.26293808,-0.3507829
1.693,-0.35846683,-0.25236204
1.694,-0.41890639,-0.12923822
1.6950001,-0.43834046,0.0065363473
1.696,-0.41486672,0.14167109
1.697,-0.35078293,0.26293808
1.698,-0.25236204,0.35846686
1.699,-0.12923822,0.41890639
1.7,0.0065363422,0.43834046
1.701,0.14167108,0.41486672
1.702,0.26293805,0.3507829
1.7029999,0.35846683,0.25236204
1.704,0.41890639,0.12923822
1.705,0.43834046,-0.006536338
1.706,0.41486672,-0.14167108
1.707,0.3507829,-0.26293805
1.7079999,0.25236204,-0.35846683
1.709,0.12923822,-0.41890639
1.71,-0.0065363459,-0.43834046
1.711,-0.14167108,-0.41486669
1.712,-0.26293808,-0.3507829
1.7130001,-0.35846683,-0.25236204
1.714,-0.41890639,-0.12923822
1.715,-0.43834046,0.0065363483
1.716,-0.41486672,0.14167109
1.717,-0.35078293,0.26293808
1.7180001,-0.25236204,0.35846686
1.719,-0.12923822,0.41890639
1.72,0.0065363431,0.43834046
1.721,0.14167108,0.41486672
1.722,0.26293805,0.3507829
1.723,0.35846683,0.25236204
1.724,0.41890639,0.12923822
1.725,0.43834046,-0.006536338
1.726,0.41486672,-0.14167108
1.727,0.3507829,-0.26293805
1.728,0.25236204,-0.35846683
1.729,0.12923822,-0.41890639
1.73,-0.006536345,-0.43834046
1.7309999,-0.14167108,-0.41486669
1.732,-0.26293805,-0.3507829
1.733,-0.35846683,-0.25236204
1.734,-0.41890639,-0.12923822
1.735,-0.43834046,0.0065363492
1.7359999,-0.41486672,0.14167109
1.737,-0.3507829,0.26293808
1.738,-0.25236204,0.35846686
1.739,-0.12923822,0.41890639
1.74,0.0065363441,0.43834046
1.7410001,0.14167108,0.41486672
1.742,0.26293808,0.3507829
1.743,0.35846683,0.25236204
1.744,0.41890639,0.12923822
1.745,0.43834046,-0.0065363385
1.7460001,0.41486672,-0.14167108
1.747,0.35078293,-0.26293805
1.748,0.25236204,-0.35846683
1.749,0.12923822,-0.41890639
1.75,-0.0065363436,-0.43834046
1.751,-0.14167108,-0.41486669
1.752,-0.26293805,-0.3507829
1.753,-0.35846683,-0.25236204
1.7539999,-0.41890639,-0.1292382
1.755,-0.43834046,0.0065363497
1.756,-0.41486672,0.14167109
1.757,-0.3507829,0.26293808
1.758,-0.25236204,0.35846686
1.7589999,-0.12923822,0.41890639
1.76,0.0065363455,0.43834046
1.761,0.14167109,0.41486672
1.762,0.26293808,0.3507829
1.763,0.35846683,0.25236204
1.7640001,0.41890639,0.12923822
1.765,0.43834046,-0.0065363389
1.766,0.41486672,-0.14167108
1.767,0.35078293,-0.26293805
1.768,0.25236204,-0.35846683
1.7690001,0.12923822,-0.41890639
1.77,-0.0065363422,-0.43834046
1.771,-0.14167108,-0.41486669
1.772,-0.26293805,-0.3507829
1.773,-0.35846683,-0.25236204
1.774,-0.41890639,-0.1292382
1.775,-0.43834046,0.0065363497
1.776,-0.41486672,0.14167109
1.777,-0.3507829,0.26293808
1.778,-0.25236204,0.35846686
1.779,-0.12923822,0.41890639
1.78,0.0065363464,0.43834046
1.781,0.14167109,0.41486672
1.7819999,0.26293808,0.3507829
1.783,0.35846683,0.25236204
1.784,0.41890639,0.12923822
1.785,0.43834046,-0.0065363399
1.786,0.41486672,-0.14167108
1.7869999,0.35078293,-0.26293808
1.788,0.25236204,-0.35846683
1.789,0.12923822,-0.41890639
1.79,-0.0065363413,-0.43834046
1.791,-0.14167108,-0.41486669
1.7920001,-0.26293805,-0.3507829
1.793,-0.35846683,-0.25236204
1.794,-0.41890639,-0.12923822
1.795,-0.43834046,0.0065363492
1.796,-0.41486672,0.14167109
1.7970001,-0.3507829,0.26293808
1.798,-0.25236204,0.35846686
1.799,-0.12923822,0.41890639
1.8,0.0065363473,0.43834046
1.801,0.14167109,0.41486672
1.802,0.26293808,0.3507829
1.803,0.35846683,0.25236204
1.804,0.41890639,0.12923822
1.8049999,0.43834046,-0.0065363408
1.806,0.41486672,-0.14167108
1.807,0.35078293,-0.26293808
1.808,0.25236204,-0.35846683
1.809,0.12923822,-0.41890639
1.8099999,-0.0065363399,-0.43834046
1.811,-0.14167108,-0.41486672
1.812,-0.26293805,-0.3507829
1.813,-0.35846683,-0.25236204
1.814,-0.41890639,-0.12923822
1.8150001,-0.43834046,0.0065363487
1.816,-0.41486669,0.14167109
1.817,-0.3507829,0.26293808
1.818,-0.25236204,0.35846686
1.819,-0.12923822,0.41890639
1.8200001,0.0065363478,0.43834046
1.821,0.14167109,0.41486672
1.822,0.26293808,0.3507829
1.823,0.35846683,0.25236204
1.824,0.41890639,0.12923822
1.825,0.43834046,-0.0065363422
1.826,0.41486672,-0.14167108
1.827,0.35078293,-0.26293808
1.8279999,0.25236204,-0.35846683
1.829,0.12923822,-0.41890639
1.83,-0.0065363394,-0.43834046
1.831,-0.14167108,-0.41486672
1.832,-0.26293805,-0.3507829
1.8329999,-0.35846683,-0.25236204
1.834,-0.41890639,-0.12923822
1.835,-0.43834046,0.0065363478
1.836,-0.41486669,0.14167109
1.837,-0.3507829,0.26293808
1.8380001,-0.25236204,0.35846686
1.839,-0.12923822,0.41890639
1.84,0.0065363483,0.43834046
1.841,0.14167109,0.41486672
1.842,0.26293808,0.3507829
1.8430001,0.35846683,0.25236204
1.844,0.41890639,0.12923822
1.845,0.43834046,-0.0065363431
1.846,0.41486672,-0.14167108
1.847,0.35078293,-0.26293808
1.848,0.25236204,-0.35846683
1.849,0.12923822,-0.41890639
1.85,-0.0065363389,-0.43834046
1.851,-0.14167108,-0.41486672
1.852,-0.26293805,-0.3507829
1.853,-0.35846683,-0.25236204
1.854,-0.41890639,-0.12923822
1.855,-0.43834046,0.0065363464
1.8559999,-0.41486669,0.14167108
1.857,-0.3507829,0.26293808
1.858,-0.25236204,0.35846683
1.859,-0.12923822,0.41890639
1.86,0.0065363487,0.43834046
1.8609999,0.14167109,0.41486672
1.862,0.26293808,0.3507829
1.863,0.35846683,0.25236204
1.864,0.41890639,0.12923822
1.865,0.43834046,-0.0065363445
1.8660001,0.41486672,-0.14167108
1.867,0.3507829,-0.26293808
1.868,0.25236204,-0.35846683
1.869,0.12923822,-0.41890639
1.87,-0.0065363385,-0.43834046
1.8710001,-0.14167108,-0.41486672
1.872,-0.26293805,-0.3507829
1.873,-0.35846683,-0.25236204
1.874,-0.41890639,-0.12923822
1.875,-0.43834046,0.0065363455
1.876,-0.41486669,0.14167108
1.877,-0.3507829,0.26293805
1.878,-0.25236204,0.35846683
1.8789999,-0.12923822,0.41890639
1.88,0.0065363483,0.43834046
1.881,0.14167109,0.41486672
1.882,0.26293808,0.3507829
1.883,0.35846683,0.25236204
1.8839999,0.41890639,0.12923822
1.885,0.43834046,-0.0065363455
1.886,0.41486672,-0.14167108
1.887,0.3507829,-0.26293808
1.888,0.25236204,-0.35846683
1.8890001,0.12923822,-0.41890639
1.89,-0.0065363389,-0.43834046
1.891,-0.14167108,-0.41486672
1.892,-0.26293805,-0.3507829
1.893,-0.35846683,-0.25236204
1.8940001,-0.41890639,-0.12923822
1.895,-0.43834046,0.0065363441
1.896,-0.41486669,0.14167108
1.897,-0.3507829,0.26293805
1.898,-0.25236204,0.35846683
1.899,-0.12923822,0.41890639
1.9,0.0065363483,0.43834046
1.901,0.14167109,0.41486672
1.902,0.26293808,0.3507829
1.903,0.35846683,0.25236204
1.904,0.41890639,0.12923822
1.905,0.43834046,-0.0065363469
1.906,0.41486672,-0.14167109
1.9069999,0.3507829,-0.26293808
1.908,0.25236204,-0.35846683
1.909,0.12923822,-0.41890639
1.91,-0.0065363389,-0.43834046
1.911,-0.14167108,-0.41486672
1.9119999,-0.26293805,-0.3507829
1.913,-0.35846683,-0.25236204
1.914,-0.41890639,-0.12923822
1.915,-0.43834046,0.0065363431
1.916,-0.41486669,0.14167108
1.9170001,-0.3507829,0.26293805
1.918,-0.25236204,0.35846683
1.919,-0.12923822,0.41890639
1.92,0.0065363473,0.43834046
1.921,0.14167109,0.41486672
1.9220001,0.26293808,0.3507829
1.923,0.35846683,0.25236204
1.924,0.41890639,0.12923822
1.925,0.43834046,-0.0065363473
1.926,0.41486672,-0.14167109
1.927,0.3507829,-0.26293808
1.928,0.25236204,-0.35846683
1.929,0.12923822,-0.41890639
1.9299999,-0.0065363399,-0.43834046
1.931,-0.14167108,-0.41486672
1.932,-0.26293808,-0.35078293
1.933,-0.35846683,-0.25236204
1.934,-0.41890639,-0.12923822
1.9349999,-0.43834046,0.0065363417
1.936,-0.41486669,0.14167108
1.937,-0.3507829,0.26293805
1.938,-0.25236204,0.35846683
1.939,-0.12923822,0.41890639
1.9400001,0.0065363469,0.43834046
1.941,0.14167109,0.41486672
1.942,0.26293808,0.3507829
1.943,0.35846683,0.25236204
1.944,0.41890639,0.12923822
1.9450001,0.43834046,-0.0065363483
1.946,0.41486672,-0.14167109
1.947,0.3507829,-0.26293808
1.948,0.25236204,-0.35846683
1.949,0.12923822,-0.41890639
1.95,-0.0065363413,-0.43834046
1.951,-0.14167108,-0.41486672
1.952,-0.26293808,-0.35078293
1.9529999,-0.35846683,-0.25236204
1.954,-0.41890639,-0.12923822
1.955,-0.43834046,0.0065363413
1.956,-0.41486669,0.14167108
1.957,-0.3507829,0.26293805
1.9579999,-0.25236204,0.35846683
1.959,-0.12923822,0.41890639
1.96,0.0065363464,0.43834046
1.961,0.14167109,0.41486672
1.962,0.26293808,0.3507829
1.9630001,0.35846683,0.25236204
1.964,0.41890639,0.12923822
1.965,0.43834046,-0.0065363487
1.966,0.41486672,-0.14167109
1.967,0.3507829,-0.26293808
1.9680001,0.25236204,-0.35846683
1.969,0.12923822,-0.41890639
1.97,-0.0065363431,-0.43834046
1.971,-0.14167108,-0.41486672
1.972,-0.26293808,-0.35078293
1.973,-0.35846683,-0.25236204
1.974,-0.41890639,-0.12923822
1.975,-0.43834046,0.0065363403
1.976,-0.41486672,0.14167108
1.977,-0.3507829,0.26293805
1.978,-0.25236204,0.35846683
1.979,-0.12923822,0.41890639
1.98,0.0065363455,0.43834046
1.9809999,0.14167109,0.41486672
1.982,0.26293808,0.3507829
1.983,0.35846683,0.25236204
1.984,0.41890639,0.12923822
1.985,0.43834046,-0.0065363487
1.9859999,0.41486672,-0.14167109
1.987,0.3507829,-0.26293808
1.988,0.25236204,-0.35846683
1.989,0.12923822,-0.41890639
1.99,-0.0065363445,-0.43834046
1.9910001,-0.14167108,-0.41486672
1.992,-0.26293808,-0.35078293
1.993,-0.35846683,-0.25236204
1.994,-0.41890639,-0.12923822
1.995,-0.43834046,0.0065363403
1.9960001,-0.41486672,0.14167108
1.997,-0.3507829,0.26293805
1.998,-0.25236204,0.35846683
1.999,-0.12923822,0.41890639
2,0.0065363445,0.43834046
2.0009999,0.14167108,0.41486672
2.0020001,0.26293808,0.3507829
2.003,0.35846683,0.25236204
2.0039999,0.41890639,0.12923822
2.0050001,0.43834046,-0.0065363483
2.006,0.41486672,-0.14167109
2.007,0.3507829,-0.26293808
2.0079999,0.25236204,-0.35846683
2.0090001,0.12923822,-0.41890639
2.01,-0.0065363459,-0.43834046
2.0109999,-0.14167109,-0.41486672
2.0120001,-0.26293808,-0.35078293
2.013,-0.35846686,-0.25236204
2.0139999,-0.41890639,-0.12923822
2.0150001,-0.43834046,0.0065363399
2.016,-0.41486672,0.14167108
2.017,-0.3507829,0.26293805
2.0179999,-0.25236204,0.35846683
2.0190001,-0.12923822,0.41890639
2.02,0.0065363436,0.43834046
2.0209999,0.14167108,0.41486669
2.0220001,0.26293808,0.3507829
2.023,0.35846683,0.25236204
2.0239999,0.41890639,0.12923822
2.0250001,0.43834046,-0.0065363478
2.026,0.41486672,-0.14167109
2.027,0.3507829,-0.26293808
2.0280001,0.25236204,-0.35846683
2.029,0.12923822,-0.41890639
2.03,-0.0065363469,-0.43834046
2.0309999,-0.14167109,-0.41486672
2.0320001,-0.26293808,-0.35078293
2.033,-0.35846686,-0.25236204
2.0339999,-0.41890639,-0.12923822
2.0350001,-0.43834046,0.0065363403
2.036,-0.41486672,0.14167108
2.0369999,-0.3507829,0.26293805
2.0380001,-0.25236204,0.35846683
2.039,-0.12923822,0.41890639
2.04,0.0065363427,0.43834046
2.0409999,0.14167108,0.41486669
2.0420001,0.26293808,0.3507829
2.043,0.35846683,0.25236204
2.0439999,0.41890639,0.12923822
2.0450001,0.43834046,-0.0065363473
2.046,0.41486672,-0.14167109
2.0469999,0.3507829,-0.26293808
2.0480001,0.25236204,-0.35846683
2.049,0.12923822,-0.41890639
2.05,-0.0065363483,-0.43834046
2.0510001,-0.14167109,-0.41486672
2.052,-0.26293808,-0.35078293
2.053,-0.35846686,-0.25236204
2.0539999,-0.41890639,-0.12923822
2.0550001,-0.43834046,0.0065363408
2.056,-0.41486672,0.14167108
2.0569999,-0.3507829,0.26293805
2.0580001,-0.25236204,0.35846683
2.059,-0.12923822,0.41890639
2.0599999,0.0065363417,0.43834046
2.0610001,0.14167108,0.41486669
2.062,0.26293805,0.3507829
2.063,0.35846683,0.25236204
2.0639999,0.41890639,0.12923822
2.0650001,0.43834046,-0.0065363459
2.066,0.41486672,-0.14167109
2.0669999,0.3507829,-0.26293808
2.0680001,0.25236204,-0.35846683
2.069,0.12923822,-0.41890639
2.0699999,-0.0065363487,-0.43834046
2.0710001,-0.14167109,-0.41486672
2.072,-0.26293808,-0.3507829
2.073,-0.35846686,-0.25236204
2.0739999,-0.41890639,-0.12923822
2.075,-0.43834046,0.0065363417
2.076,-0.41486672,0.14167108
2.0769999,-0.35078293,0.26293808
2.0780001,-0.25236204,0.35846683
2.079,-0.12923822,0.41890639
2.0799999,0.0065363408,0.43834046
2.0810001,0.14167108,0.41486669
2.082,0.26293805,0.3507829
2.0829999,0.35846683,0.25236204
2.0840001,0.41890639,0.12923822
2.085,0.43834046,-0.006536345
2.086,0.41486672,-0.14167109
2.0869999,0.3507829,-0.26293808
2.0880001,0.25236204,-0.35846683
2.089,0.12923822,-0.41890639
2.0899999,-0.0065363492,-0.43834046
2.0910001,-0.14167109,-0.41486672
2.092,-0.26293808,-0.3507829
2.0929999,-0.35846686,-0.25236204
2.0940001,-0.41890639,-0.12923822
2.095,-0.43834046,0.0065363422
2.096,-0.41486672,0.14167108
2.0969999,-0.35078293,0.26293808
2.098,-0.25236204,0.35846683
2.099,-0.12923822,0.41890639
2.0999999,0.0065363403,0.43834046
2.1010001,0.14167108,0.41486672
2.102,0.26293805,0.3507829
2.1029999,0.35846683,0.25236204
2.1040001,0.41890639,0.12923822
2.105,0.43834046,-0.0065363436
2.1059999,0.41486672,-0.14167108
2.1070001,0.3507829,-0.26293808
2.108,0.25236204,-0.35846683
2.109,0.12923822,-0.41890639
2.1099999,-0.0065363492,-0.43834046
2.1110001,-0.14167109,-0.41486672
2.112,-0.26293808,-0.3507829
2.1129999,-0.35846686,-0.25236204
2.1140001,-0.41890639,-0.12923822
2.115,-0.43834046,0.0065363436
2.1159999,-0.41486672,0.14167109
2.1170001,-0.35078293,0.26293808
2.118,-0.25236204,0.35846683
2.119,-0.12923822,0.41890639
2.1199999,0.0065363399,0.43834046
2.1210001,0.14167108,0.41486672
2.122,0.26293805,0.3507829
2.1229999,0.35846683,0.25236204
2.1240001,0.41890639,0.12923822
2.125,0.43834046,-0.0065363422
2.1259999,0.41486672,-0.14167108
2.1270001,0.3507829,-0.26293808
2.128,0.25236204,-0.35846683
2.1289999,0.12923822,-0.41890639
2.1300001,-0.0065363492,-0.43834046
2.131,-0.14167109,-0.41486669
2.132,-0.26293808,-0.3507829
2.1329999,-0.35846683,-0.25236204
2.1340001,-0.41890639,-0.12923822
2.135,-0.43834046,0.0065363445
2.1359999,-0.41486672,0.14167109
2.1370001,-0.35078293,0.26293808
2.138,-0.25236204,0.35846683
2.1389999,-0.12923822,0.41890639
2.1400001,0.0065363399,0.43834046
2.141,0.14167108,0.41486672
2.142,0.26293805,0.3507829
2.1429999,0.35846683,0.25236204
2.1440001,0.41890639,0.12923822
2.145,0.43834046,-0.0065363408
2.1459999,0.41486672,-0.14167108
2.1470001,0.3507829,-0.26293808
2.148,0.25236204,-0.35846683
2.1489999,0.12923822,-0.41890639
2.1500001,-0.0065363487,-0.43834046
2.151,-0.14167109,-0.41486669
2.152,-0.26293808,-0.3507829
2.1530001,-0.35846683,-0.25236204
2.154,-0.41890639,-0.12923822
2.155,-0.43834046,0.0065363459
2.1559999,-0.41486672,0.14167109
2.1570001,-0.35078293,0.26293808
2.158,-0.25236204,0.35846686
2.1589999,-0.12923822,0.41890639
2.1600001,0.0065363403,0.43834046
2.161,0.14167108,0.41486672
2.1619999,0.26293805,0.3507829
2.1630001,0.35846683,0.25236204
2.164,0.41890639,0.12923822
2.165,0.43834046,-0.0065363403
2.1659999,0.41486672,-0.14167108
2.1670001,0.3507829,-0.26293805
2.168,0.25236204,-0.35846683
2.1689999,0.12923822,-0.41890639
2.1700001,-0.0065363478,-0.43834046
2.171,-0.14167109,-0.41486669
2.1719999,-0.26293808,-0.3507829
2.1730001,-0.35846683,-0.25236204
2.174,-0.41890639,-0.12923822
2.175,-0.43834046,0.0065363473
2.1760001,-0.41486672,0.14167109
2.177,-0.35078293,0.26293808
2.178,-0.25236204,0.35846686
2.1789999,-0.12923822,0.41890639
2.1800001,0.0065363408,0.43834046
2.181,0.14167108,0.41486672
2.1819999,0.26293805,0.3507829
2.1830001,0.35846683,0.25236204
2.184,0.41890639,0.12923822
2.1849999,0.43834046,-0.0065363399
2.1860001,0.41486672,-0.14167108
2.187,0.3507829,-0.26293805
2.188,0.25236204,-0.35846683
2.1889999,0.12923822,-0.41890639
2.1900001,-0.0065363469,-0.43834046
2.191,-0.14167109,-0.41486669
2.1919999,-0.26293808,-0.3507829
2.1930001,-0.35846683,-0.25236204
2.194,-0.41890639,-0.12923822
2.1949999,-0.43834046,0.0065363487
2.1960001,-0.41486672,0.14167109
2.197,-0.35078293,0.26293808
2.198,-0.25236204,0.35846686
2.1989999,-0.12923822,0.41890639
2.2,0.0065363413,0.43834046
2.201,0.14167108,0.41486672
2.2019999,0.26293805,0.3507829
2.2030001,0.35846683,0.25236204
2.204,0.41890639,0.12923822
2.2049999,0.43834046,-0.0065363394
2.2060001,0.41486672,-0.14167108
2.207,0.3507829,-0.26293805
2.2079999,0.25236204,-0.35846683
2.2090001,0.12923822,-0.41890639
2.21,-0.0065363459,-0.43834046
2.211,-0.14167109,-0.41486669
2.2119999,-0.26293808,-0.3507829
2.2130001,-0.35846683,-0.25236204
2.214,-0.41890639,-0.12923822
2.2149999,-0.43834046,0.0065363497
2.2160001,-0.41486672,0.14167109
2.217,-0.35078293,0.26293808
2.2179999,-0.25236204,0.35846686
2.2190001,-0.12923822,0.41890639
2.22,0.0065363422,0.43834046
2.221,0.14167108,0.41486672
2.2219999,0.26293805,0.3507829
2.223,0.35846683,0.25236204
2.224,0.41890639,0.12923822
2.2249999,0.43834046,-0.0065363394
2.2260001,0.41486672,-0.14167108
2.227,0.35078293,-0.26293805
2.2279999,0.25236204,-0.35846683
2.2290001,0.12923822,-0.41890639
2.23,-0.0065363445,-0.43834046
2.2309999,-0.14167108,-0.41486669
2.2320001,-0.26293808,-0.3507829
2.233,-0.35846683,-0.25236204
2.234,-0.41890639,-0.1292382
2.2349999,-0.43834046,0.0065363501
2.2360001,-0.41486672,0.14167109
2.237,-0.35078293,0.26293808
2.2379999,-0.25236204,0.35846686
2.2390001,-0.12923822,0.41890639
2.24,0.0065363436,0.43834046
2.2409999,0.14167108,0.41486672
2.2420001,0.26293808,0.35078293
2.243,0.35846683,0.25236204
2.244,0.41890639,0.12923822
2.2449999,0.43834046,-0.0065363394
2.2460001,0.41486672,-0.14167108
2.247,0.35078293,-0.26293805
2.2479999,0.25236204,-0.35846683
2.2490001,0.12923822,-0.41890639
2.25,-0.0065363431,-0.43834046
2.2509999,-0.14167108,-0.41486669
2.2520001,-0.26293805,-0.3507829
2.253,-0.35846683,-0.25236204
2.2539999,-0.41890639,-0.1292382
2.2550001,-0.43834046,0.0065363501
2.256,-0.41486672,0.14167109
2.257,-0.3507829,0.26293808
2.2579999,-0.25236204,0.35846686
2.2590001,-0.12923822,0.41890639
2.26,0.0065363445,0.43834046
2.2609999,0.14167109,0.41486672
2.2620001,0.26293808,0.35078293
2.263,0.35846683,0.25236204
2.2639999,0.41890639,0.12923822
2.2650001,0.43834046,-0.0065363394
2.266,0.41486672,-0.14167108
2.267,0.3507829,-0.26293805
2.2679999,0.25236204,-0.35846683
2.2690001,0.12923822,-0.41890639
2.27,-0.0065363417,-0.43834046
2.2709999,-0.14167108,-0.41486669
2.2720001,-0.26293805,-0.3507829
2.273,-0.35846683,-0.25236204
2.2739999,-0.41890639,-0.1292382
2.2750001,-0.43834046,0.0065363501
2.276,-0.41486669,0.14167109
2.277,-0.3507829,0.26293808
2.2780001,-0.25236204,0.35846686
2.279,-0.12923822,0.41890639
2.28,0.0065363455,0.43834046
2.2809999,0.14167109,0.41486672
2.2820001,0.26293808,0.35078293
2.283,0.35846683,0.25236204
2.2839999,0.41890639,0.12923822
2.2850001,0.43834046,-0.0065363403
2.286,0.41486672,-0.14167108
2.2869999,0.3507829,-0.26293805
2.2880001,0.25236204,-0.35846683
2.289,0.12923822,-0.41890639
2.29,-0.0065363408,-0.43834046
2.2909999,-0.14167108,-0.41486672
2.2920001,-0.26293805,-0.3507829
2.293,-0.35846683,-0.25236204
2.2939999,-0.41890639,-0.12923822
2.2950001,-0.43834046,0.0065363497
2.296,-0.41486669,0.14167109
2.2969999,-0.3507829,0.26293808
2.2980001,-0.25236204,0.35846686
2.299,-0.12923822,0.41890639
2.3,0.0065363464,0.43834046
2.3010001,0.14167109,0.41486672
2.302,0.26293808,0.35078293
2.303,0.35846683,0.25236204
2.3039999,0.41890639,0.12923822
2.3050001,0.43834046,-0.0065363408
2.306,0.41486672,-0.14167108
2.3069999,0.3507829,-0.26293805
2.3080001,0.25236204,-0.35846683
2.309,0.12923822,-0.41890639
2.3099999,-0.0065363399,-0.43834046
2.3110001,-0.14167108,-0.41486672
2.312,-0.26293805,-0.3507829
2.313,-0.35846683,-0.25236204
2.3139999,-0.41890639,-0.12923822
2.3150001,-0.43834046,0.0065363487
2.316,-0.41486669,0.14167109
2.3169999,-0.3507829,0.26293808
2.3180001,-0.25236204,0.35846683
2.319,-0.12923822,0.41890639
2.3199999,0.0065363473,0.43834046
2.3210001,0.14167109,0.41486672
2.322,0.26293808,0.3507829
2.323,0.35846683,0.25236204
2.3239999,0.41890639,0.12923822
2.325,0.43834046,-0.0065363417
2.326,0.41486672,-0.14167108
2.3269999,0.3507829,-0.26293805
2.3280001,0.25236204,-0.35846683
2.329,0.12923822,-0.41890639
2.3299999,-0.0065363389,-0.43834046
2.3310001,-0.14167108,-0.41486672
2.332,-0.26293805,-0.3507829
2.3329999,-0.35846683,-0.25236204
2.3340001,-0.41890639,-0.12923822
2.335,-0.43834046,0.0065363478
2.336,-0.41486669,0.14167109
2.3369999,-0.3507829,0.26293808
2.3380001,-0.25236204,0.35846683
2.339,-0.12923822,0.41890639
2.3399999,0.0065363478,0.43834046
2.3410001,0.14167109,0.41486672
2.342,0.26293808,0.3507829
2.3429999,0.35846686,0.25236204
2.3440001,0.41890639,0.12923822
2.345,0.43834046,-0.0065363427
2.346,0.41486672,-0.14167108
2.3469999,0.3507829,-0.26293805
2.348,0.25236204,-0.35846683
2.349,0.12923822,-0.41890639
2.3499999,-0.0065363385,-0.43834046
2.3510001,-0.14167108,-0.41486672
2.352,-0.26293805,-0.3507829
2.3529999,-0.35846683,-0.25236204
2.3540001,-0.41890639,-0.12923822
2.355,-0.43834046,0.0065363464
2.3559999,-0.41486669,0.14167108
2.3570001,-0.3507829,0.26293808
2.358,-0.25236204,0.35846683
2.359,-0.12923822,0.41890639
2.3599999,0.0065363483,0.43834046
2.3610001,0.14167109,0.41486672
2.362,0.26293808,0.3507829
2.3629999,0.35846686,0.25236204
2.3640001,0.41890639,0.12923822
2.365,0.43834046,-0.0065363441
2.3659999,0.41486672,-0.14167108
2.3670001,0.3507829,-0.26293805
2.368,0.25236204,-0.35846683
2.369,0.12923822,-0.41890639
2.3699999,-0.0065363385,-0.43834046
2.3710001,-0.14167108,-0.41486672
2.372,-0.26293805,-0.3507829
2.3729999,-0.35846683,-0.25236204
2.3740001,-0.41890639,-0.12923822
2.375,-0.43834046,0.006536345
2.3759999,-0.41486669,0.14167108
2.3770001,-0.3507829,0.26293805
2.378,-0.25236204,0.35846683
2.3789999,-0.12923822,0.41890639
2.3800001,0.0065363487,0.43834046
2.381,0.14167109,0.41486672
2.382,0.26293808,0.3507829
2.3829999,0.35846686,0.25236204
2.3840001,0.41890639,0.12923822
2.385,0.43834046,-0.006536345
2.3859999,0.41486672,-0.14167108
2.3870001,0.3507829,-0.26293808
2.388,0.25236204,-0.35846683
2.3889999,0.12923822,-0.41890639
2.3900001,-0.0065363394,-0.43834046
2.391,-0.14167108,-0.41486672
2.392,-0.26293805,-0.3507829
2.3929999,-0.35846683,-0.25236204
2.3940001,-0.41890639,-0.12923822
2.395,-0.43834046,0.0065363441
2.3959999,-0.41486669,0.14167108
2.3970001,-0.3507829,0.26293805
2.398,-0.25236204,0.35846683
2.3989999,-0.12923822,0.41890639
2.4000001,0.0065363492,0.43834046
2.401,0.14167109,0.41486672
2.402,0.26293808,0.3507829
2.4030001,0.35846686,0.25236204
2.404,0.41890639,0.12923822
2.405,0.43834046,-0.0065363459
2.4059999,0.41486672,-0.14167109
2.4070001,0.3507829,-0.26293808
2.408,0.25236204,-0.35846683
2.4089999,0.12923822,-0.41890639
2.4100001,-0.0065363403,-0.43834046
2.411,-0.14167108,-0.41486672
2.4119999,-0.26293808,-0.35078293
2.4130001,-0.35846683,-0.25236204
2.414,-0.41890639,-0.12923822
2.415,-0.43834046,0.0065363427
2.4159999,-0.41486669,0.14167108
2.4170001,-0.3507829,0.26293805
2.418,-0.25236204,0.35846683
2.4189999,-0.12923822,0.41890639
2.4200001,0.0065363487,0.43834046
2.421,0.14167109,0.41486672
2.4219999,0.26293808,0.3507829
2.4230001,0.35846686,0.25236204
2.424,0.41890639,0.12923822
2.425,0.43834046,-0.0065363469
2.4260001,0.41486672,-0.14167109
2.427,0.3507829,-0.26293808
2.428,0.25236204,-0.35846683
2.4289999,0.12923822,-0.41890639
2.4300001,-0.0065363413,-0.43834046
2.431,-0.14167108,-0.41486672
2.4319999,-0.26293808,-0.35078293
2.4330001,-0.35846683,-0.25236204
2.434,-0.41890639,-0.12923822
2.4349999,-0.43834046,0.0065363417
2.4360001,-0.41486669,0.14167108
2.437,-0.3507829,0.26293805
2.438,-0.25236204,0.35846683
2.4389999,-0.12923822,0.41890639
2.4400001,0.0065363483,0.43834046
2.441,0.14167109,0.41486672
2.4419999,0.26293808,0.3507829
2.4430001,0.35846686,0.25236204
2.444,0.41890639,0.12923822
2.4449999,0.43834046,-0.0065363478
2.4460001,0.41486672,-0.14167109
2.447,0.3507829,-0.26293808
2.448,0.25236204,-0.35846683
2.4489999,0.12923822,-0.41890639
2.45,-0.0065363422,-0.43834046
2.451,-0.14167108,-0.41486672
2.4519999,-0.26293808,-0.35078293
2.4530001,-0.35846683,-0.25236204
2.454,-0.41890639,-0.12923822
2.4549999,-0.43834046,0.0065363408
2.4560001,-0.41486672,0.14167108
2.457,-0.3507829,0.26293805
2.4579999,-0.25236204,0.35846683
2.4590001,-0.12923822,0.41890639
2.46,0.0065363478,0.43834046
2.461,0.14167109,0.41486669
2.4619999,0.26293808,0.3507829
2.4630001,0.35846686,0.25236204
2.464,0.41890639,0.12923822
2.4649999,0.43834046,-0.0065363478
2.4660001,0.41486672,-0.14167109
2.467,0.3507829,-0.26293808
2.4679999,0.25236204,-0.35846683
2.4690001,0.12923822,-0.41890639
2.47,-0.0065363436,-0.43834046
2.471,-0.14167108,-0.41486672
2.4719999,-0.26293808,-0.35078293
2.473,-0.35846683,-0.25236204
2.474,-0.41890639,-0.12923822
2.4749999,-0.43834046,0.0065363399
2.4760001,-0.41486672,0.14167108
2.477,-0.3507829,0.26293805
2.4779999,-0.25236204,0.35846683
2.4790001,-0.12923822,0.41890639
2.48,0.0065363464,0.43834046
2.4809999,0.14167108,0.41486669
2.4820001,0.26293808,0.3507829
2.483,0.35846686,0.25236204
2.484,0.41890639,0.12923822
2.4849999,0.43834046,-0.0065363483
2.4860001,0.41486672,-0.14167109
2.487,0.3507829,-0.26293808
2.4879999,0.25236204,-0.35846683
2.4890001,0.12923822,-0.41890639
2.49,-0.0065363445,-0.43834046
2.4909999,-0.14167108,-0.41486672
2.4920001,-0.26293808,-0.35078293
2.493,-0.35846686,-0.25236204
2.494,-0.41890639,-0.12923822
2.4949999,-0.43834046,0.0065363399
2.4960001,-0.41486672,0.14167108
2.497,-0.3507829,0.26293805
2.4979999,-0.25236204,0.35846683
2.4990001,-0.12923822,0.41890639
2.5,0.0065363455,0.43834046
2.5009999,0.14167108,0.41486669
2.5020001,0.26293808,0.3507829
2.503,0.35846683,0.25236204
2.5039999,0.41890639,0.12923822
2.5050001,0.43834046,-0.0065363483
2.506,0.41486672,-0.14167109
2.507,0.3507829,-0.26293808
2.5079999,0.25236204,-0.35846683
2.5090001,0.12923822,-0.41890639
2.51,-0.0065363459,-0.43834046
2.5109999,-0.14167108,-0.41486672
2.5120001,-0.26293808,-0.3507829
2.513,-0.35846686,-0.25236204
2.5139999,-0.41890639,-0.12923822
2.5150001,-0.43834046,0.0065363394
2.516,-0.41486672,0.14167108
2.517,-0.3507829,0.26293805
2.5179999,-0.25236204,0.35846683
2.5190001,-0.12923822,0.41890639
2.52,0.0065363441,0.43834046
2.5209999,0.14167108,0.41486669
2.5220001,0.26293805,0.3507829
2.523,0.35846683,0.25236204
2.5239999,0.41890639,0.12923822
2.5250001,0.43834046,-0.0065363478
2.526,0.41486672,-0.14167109
2.527,0.3507829,-0.26293808
2.5280001,0.25236204,-0.35846683
2.529,0.12923822,-0.41890639
2.53,-0.0065363469,-0.43834046
2.5309999,-0.14167109,-0.41486672
2.5320001,-0.26293808,-0.3507829
2.533,-0.35846686,-0.25236204
2.5339999,-0.41890639,-0.12923822
2.5350001,-0.43834046,0.0065363399
2.536,-0.41486672,0.14167108
2.5369999,-0.3507829,0.26293805
2.5380001,-0.25236204,0.35846683
2.539,-0.12923822,0.41890639
2.54,0.0065363427,0.43834046
2.5409999,0.14167108,0.41486669
2.5420001,0.26293805,0.3507829
2.543,0.35846683,0.25236204
2.5439999,0.41890639,0.12923822
2.5450001,0.43834046,-0.0065363469
2.546,0.41486672,-0.14167109
2.5469999,0.3507829,-0.26293808
2.5480001,0.25236204,-0.35846683
2.549,0.12923822,-0.41890639
2.55,-0.0065363478,-0.43834046
2.5510001,-0.14167109,-0.41486672
2.552,-0.26293808,-0.3507829
2.553,-0.35846683,-0.25236204
2.5539999,-0.41890639,-0.12923822
2.5550001,-0.43834046,0.0065363403
2.556,-0.41486672,0.14167108
2.5569999,-0.35078293,0.26293808
2.5580001,-0.25236204,0.35846683
2.559,-0.12923822,0.41890639
2.5599999,0.0065363417,0.43834046
2.5610001,0.14167108,0.41486669
2.562,0.26293805,0.3507829
2.563,0.35846683,0.25236204
2.5639999,0.41890639,0.12923822
2.5650001,0.43834046,-0.0065363459
2.566,0.41486672,-0.14167109
2.5669999,0.3507829,-0.26293808
2.5680001,0.25236204,-0.35846683
2.569,0.12923822,-0.41890639
2.5699999,-0.0065363483,-0.43834046
2.5710001,-0.14167109,-0.41486672
2.572,-0.26293808,-0.3507829
2.573,-0.35846683,-0.25236204
2.5739999,-0.41890639,-0.12923822
2.575,-0.43834046,0.0065363413
2.576,-0.41486672,0.14167108
2.5769999,-0.35078293,0.26293808
2.5780001,-0.25236204,0.35846683
2.579,-0.12923822,0.41890639
2.5799999,0.0065363408,0.43834046
2.5810001,0.14167108,0.41486669
2.582,0.26293805,0.3507829
2.5829999,0.35846683,0.25236204
2.5840001,0.41890639,0.12923822
2.585,0.43834046,-0.006536345
2.586,0.41486672,-0.14167109
2.5869999,0.3507829,-0.26293808
2.5880001,0.25236204,-0.35846683
2.589,0.12923822,-0.41890639
2.5899999,-0.0065363487,-0.43834046
2.5910001,-0.14167109,-0.41486672
2.592,-0.26293808,-0.3507829
2.5929999,-0.35846683,-0.25236204
2.5940001,-0.41890639,-0.12923822
2.595,-0.43834046,0.0065363422
2.596,-0.41486672,0.14167108
2.5969999,-0.35078293,0.26293808
2.598,-0.25236204,0.35846683
2.599,-0.12923822,0.41890639
2.5999999,0.0065363399,0.43834046
2.6010001,0.14167108,0.41486672
2.602,0.26293805,0.3507829
2.6029999,0.35846683,0.25236204
2.6040001,0.41890639,0.12923822
2.605,0.43834046,-0.0065363441
2.6059999,0.41486672,-0.14167109
2.6070001,0.3507829,-0.26293808
2.608,0.25236204,-0.35846683
2.609,0.12923822,-0.41890639
2.6099999,-0.0065363492,-0.43834046
2.6110001,-0.14167109,-0.41486672
2.612,-0.26293808,-0.3507829
2.6129999,-0.35846683,-0.25236204
2.6140001,-0.41890639,-0.12923822
2.615,-0.43834046,0.0065363441
2.6159999,-0.41486672,0.14167109
2.6170001,-0.35078293,0.26293808
2.618,-0.25236204,0.35846683
2.619,-0.12923822,0.41890639
2.6199999,0.0065363394,0.43834046
2.6210001,0.14167108,0.41486672
2.622,0.26293805,0.3507829
2.6229999,0.35846683,0.25236204
2.6240001,0.41890639,0.12923822
2.625,0.43834046,-0.0065363436
2.6259999,0.41486672,-0.14167108
2.6270001,0.3507829,-0.26293808
2.628,0.25236204,-0.35846683
2.6289999,0.12923822,-0.41890639
2.6300001,-0.0065363487,-0.43834046
2.631,-0.14167109,-0.41486672
2.632,-0.26293808,-0.3507829
2.6329999,-0.35846683,-0.25236204
2.6340001,-0.41890639,-0.12923822
2.635,-0.43834046,0.0065363455
2.6359999,-0.41486672,0.14167109
2.6370001,-0.35078293,0.26293808
2.638,-0.25236204,0.35846686
2.6389999,-0.12923822,0.41890639
2.6400001,0.0065363394,0.43834046
2.641,0.14167108,0.41486672
2.642,0.26293805,0.3507829
2.6429999,0.35846683,0.25236204
2.6440001,0.41890639,0.12923822
2.645,0.43834046,-0.0065363427
2.6459999,0.41486672,-0.14167108
2.6470001,0.3507829,-0.26293808
2.648,0.25236204,-0.35846683
2.6489999,0.12923822,-0.41890639
2.6500001,-0.0065363483,-0.43834046
2.651,-0.14167109,-0.41486669
2.652,-0.26293808,-0.3507829
2.6530001,-0.35846683,-0.25236204
2.654,-0.41890639,-0.12923822
2.655,-0.43834046,0.0065363469
2.6559999,-0.41486672,0.14167109
2.6570001,-0.35078293,0.26293808
2.658,-0.25236204,0.35846686
2.6589999,-0.12923822,0.41890639
2.6600001,0.0065363399,0.43834046
2.661,0.14167108,0.41486672
2.6619999,0.26293805,0.3507829
2.6630001,0.35846683,0.25236204
2.664,0.41890639,0.12923822
2.665,0.43834046,-0.0065363417
2.6659999,0.41486672,-0.14167108
2.6670001,0.3507829,-0.26293808
2.668,0.25236204,-0.35846683
2.6689999,0.12923822,-0.41890639
2.6700001,-0.0065363478,-0.43834046
2.671,-0.14167109,-0.41486669
2.6719999,-0.26293808,-0.3507829
2.6730001,-0.35846683,-0.25236204
2.674,-0.41890639,-0.12923822
2.675,-0.43834046,0.0065363483
2.6760001,-0.41486672,0.14167109
2.677,-0.35078293,0.26293808
2.678,-0.25236204,0.35846686
2.6789999,-0.12923822,0.41890639
2.6800001,0.0065363403,0.43834046
2.681,0.14167108,0.41486672
2.6819999,0.26293805,0.3507829
2.6830001,0.35846683,0.25236204
2.684,0.41890639,0.12923822
2.6849999,0.43834046,-0.0065363408
2.6860001,0.41486672,-0.14167108
2.687,0.3507829,-0.26293805
2.688,0.25236204,-0.35846683
2.6889999,0.12923822,-0.41890639
2.6900001,-0.0065363469,-0.43834046
2.691,-0.14167109,-0.41486669
2.6919999,-0.26293808,-0.3507829
2.6930001,-0.35846683,-0.25236204
2.694,-0.41890639,-0.12923822
2.6949999,-0.43834046,0.0065363492
2.6960001,-0.41486672,0.14167109
2.697,-0.35078293,0.26293808
2.698,-0.25236204,0.35846686
2.6989999,-0.12923822,0.41890639
2.7,0.0065363408,0.43834046
2.701,0.14167108,0.41486672
2.7019999,0.26293805,0.35078293
2.7030001,0.35846683,0.25236204
2.704,0.41890639,0.12923822
2.7049999,0.43834046,-0.0065363403
2.7060001,0.41486672,-0.14167108
2.707,0.3507829,-0.26293805
2.7079999,0.25236204,-0.35846683
2.7090001,0.12923822,-0.41890639
2.71,-0.0065363455,-0.43834046
2.711,-0.14167109,-0.41486669
2.7119999,-0.26293808,-0.3507829
2.7130001,-0.35846683,-0.25236204
2.714,-0.41890639,-0.12923822
2.7149999,-0.43834046,0.0065363497
2.7160001,-0.41486672,0.14167109
2.717,-0.3507829,0.26293808
2.7179999,-0.25236204,0.35846686
2.7190001,-0.12923822,0.41890639
2.72,0.0065363417,0.43834046
2.721,0.14167108,0.41486672
2.7219999,0.26293808,0.35078293
2.723,0.35846683,0.25236204
2.724,0.41890639,0.12923822
2.7249999,0.43834046,-0.0065363399
2.7260001,0.41486672,-0.14167108
2.727,0.3507829,-0.26293805
2.7279999,0.25236204,-0.35846683
2.7290001,0.12923822,-0.41890639
2.73,-0.0065363445,-0.43834046
2.7309999,-0.14167108,-0.41486672
2.7320001,-0.26293808,-0.3507829
2.733,-0.35846683,-0.25236204
2.734,-0.41890639,-0.1292382
2.7349999,-0.43834046,0.0065363501
2.7360001,-0.41486672,0.14167109
2.737,-0.3507829,0.26293808
2.7379999,-0.25236204,0.35846686
2.7390001,-0.12923822,0.41890639
2.74,0.0065363427,0.43834046
2.7409999,0.14167108,0.41486672
2.7420001,0.26293808,0.35078293
2.743,0.35846683,0.25236204
2.744,0.41890639,0.12923822
2.7449999,0.43834046,-0.0065363394
2.7460001,0.41486672,-0.14167108
2.747,0.3507829,-0.26293805
2.7479999,0.25236204,-0.35846683
2.7490001,0.12923822,-0.41890639
2.75,-0.0065363431,-0.43834046
2.7509999,-0.14167108,-0.41486672
2.7520001,-0.26293808,-0.3507829
2.753,-0.35846683,-0.25236204
2.7539999,-0.41890639,-0.1292382
2.7550001,-0.43834046,0.0065363501
2.756,-0.41486669,0.14167109
2.757,-0.3507829,0.26293808
2.7579999,-0.25236204,0.35846686
2.7590001,-0.12923822,0.41890639
2.76,0.0065363441,0.43834046
2.7609999,0.14167109,0.41486672
2.7620001,0.26293808,0.35078293
2.763,0.35846683,0.25236204
2.7639999,0.41890639,0.12923822
2.7650001,0.43834046,-0.0065363394
2.766,0.41486672,-0.14167108
2.767,0.3507829,-0.26293805
2.7679999,0.25236204,-0.35846683
2.7690001,0.12923822,-0.41890639
2.77,-0.0065363417,-0.43834046
2.7709999,-0.14167108,-0.41486672
2.7720001,-0.26293808,-0.3507829
2.773,-0.35846683,-0.25236204
2.7739999,-0.41890639,-0.12923822
2.7750001,-0.43834046,0.0065363497
2.776,-0.41486669,0.14167109
2.777,-0.3507829,0.26293808
2.7780001,-0.25236204,0.35846686
2.779,-0.12923822,0.41890639
2.78,0.006536345,0.43834046
2.7809999,0.14167109,0.41486672
2.7820001,0.26293808,0.35078293
2.783,0.35846683,0.25236204
2.7839999,0.41890639,0.12923822
2.7850001,0.43834046,-0.0065363399
2.786,0.41486672,-0.14167108
2.7869999,0.3507829,-0.26293805
2.7880001,0.25236204,-0.35846683
2.789,0.12923822,-0.41890639
2.79,-0.0065363408,-0.43834046
2.7909999,-0.14167108,-0.41486672
2.7920001,-0.26293805,-0.3507829
2.793,-0.35846683,-0.25236204
2.7939999,-0.41890639,-0.12923822
2.7950001,-0.43834046,0.0065363492
2.796,-0.41486669,0.14167109
2.7969999,-0.3507829,0.26293808
2.7980001,-0.25236204,0.35846683
2.799,-0.12923822,0.41890639
2.8,0.0065363459,0.43834046
2.8010001,0.14167109,0.41486672
2.802,0.26293808,0.35078293
2.803,0.35846686,0.25236204
2.8039999,0.41890639,0.12923822
2.8050001,0.43834046,-0.0065363403
2.806,0.41486672,-0.14167108
2.8069999,0.3507829,-0.26293805
2.8080001,0.25236204,-0.35846683
2.809,0.12923822,-0.41890639
2.8099999,-0.0065363399,-0.43834046
2.8110001,-0.14167108,-0.41486672
2.812,-0.26293805,-0.3507829
2.813,-0.35846683,-0.25236204
2.8139999,-0.41890639,-0.12923822
2.8150001,-0.43834046,0.0065363483
2.816,-0.41486669,0.14167109
2.8169999,-0.3507829,0.26293808
2.8180001,-0.25236204,0.35846683
2.819,-0.12923822,0.41890639
2.8199999,0.0065363473,0.43834046
2.8210001,0.14167109,0.41486672
2.822,0.26293808,0.35078293
2.823,0.35846686,0.25236204
2.8239999,0.41890639,0.12923822
2.825,0.43834046,-0.0065363413
2.826,0.41486672,-0.14167108
2.8269999,0.3507829,-0.26293805
2.8280001,0.25236204,-0.35846683
2.829,0.12923822,-0.41890639
2.8299999,-0.0065363399,-0.43834046
2.8310001,-0.14167108,-0.41486672
2.832,-0.26293805,-0.3507829
2.8329999,-0.35846683,-0.25236204
2.8340001,-0.41890639,-0.12923822
2.835,-0.43834046,0.0065363473
2.836,-0.41486669,0.14167109
2.8369999,-0.3507829,0.26293808
2.8380001,-0.25236204,0.35846683
2.839,-0.12923822,0.41890639
2.8399999,0.0065363487,0.43834046
2.8410001,0.14167109,0.41486672
2.842,0.26293808,0.35078293
2.8429999,0.35846686,0.25236204
2.8440001,0.41890639,0.12923822
2.845,0.43834046,-0.0065363422
2.846,0.41486672,-0.14167108
2.8469999,0.3507829,-0.26293805
2.848,0.25236204,-0.35846683
2.849,0.12923822,-0.41890639
2.8499999,-0.0065363399,-0.43834046
2.8510001,-0.14167108,-0.41486672
2.852,-0.26293805,-0.3507829
2.8529999,-0.35846683,-0.25236204
2.8540001,-0.41890639,-0.12923822
2.855,-0.43834046,0.0065363464
2.8559999,-0.41486669,0.14167109
2.8570001,-0.3507829,0.26293808
2.858,-0.25236204,0.35846683
2.859,-0.1292382,0.41890639
2.8599999,0.0065363497,0.43834046
2.8610001,0.14167109,0.41486672
2.862,0.26293808,0.35078293
2.8629999,0.35846686,0.25236204
2.8640001,0.41890639,0.12923822
2.865,0.43834046,-0.0065363431
2.8659999,0.41486672,-0.14167108
2.8670001,0.3507829,-0.26293805
2.868,0.25236204,-0.35846683
2.869,0.12923822,-0.41890639
2.8699999,-0.0065363399,-0.43834046
2.8710001,-0.14167108,-0.41486672
2.872,-0.26293805,-0.3507829
2.8729999,-0.35846683,-0.25236204
2.8740001,-0.41890639,-0.12923822
2.875,-0.43834046,0.006536345
2.8759999,-0.41486669,0.14167108
2.8770001,-0.3507829,0.26293805
2.878,-0.25236204,0.35846683
2.8789999,-0.1292382,0.41890639
2.8800001,0.0065363501,0.43834046
2.881,0.14167109,0.41486672
2.882,0.26293808,0.35078293
2.8829999,0.35846686,0.25236204
2.8840001,0.41890639,0.12923822
2.885,0.43834046,-0.0065363441
2.8859999,0.41486672,-0.14167108
2.8870001,0.3507829,-0.26293808
2.888,0.25236204,-0.35846683
2.8889999,0.12923822,-0.41890639
2.8900001,-0.0065363403,-0.43834046
2.891,-0.14167108,-0.41486672
2.892,-0.26293808,-0.35078293
2.8929999,-0.35846683,-0.25236204
2.8940001,-0.41890639,-0.12923822
2.895,-0.43834046,0.0065363436
2.8959999,-0.41486669,0.14167108
2.8970001,-0.3507829,0.26293805
2.898,-0.25236204,0.35846683
2.8989999,-0.1292382,0.41890639
2.9000001,0.0065363501,0.43834046
2.901,0.14167109,0.41486672
2.902,0.26293808,0.3507829
2.9030001,0.35846686,0.25236204
2.904,0.41890639,0.12923822
2.905,0.43834046,-0.0065363455
2.9059999,0.41486672,-0.14167109
2.9070001,0.3507829,-0.26293808
2.908,0.25236204,-0.35846683
2.9089999,0.12923822,-0.41890639
2.9100001,-0.0065363408,-0.43834046
2.911,-0.14167108,-0.41486672
2.9119999,-0.26293805,-0.35078293
2.9130001,-0.35846683,-0.25236204
2.914,-0.41890639,-0.12923822
2.915,-0.43834046,0.0065363422
2.9159999,-0.41486669,0.14167108
2.9170001,-0.3507829,0.26293805
2.918,-0.25236204,0.35846683
2.9189999,-0.1292382,0.41890639
2.9200001,0.0065363497,0.43834046
2.921,0.14167109,0.41486669
2.9219999,0.26293808,0.3507829
2.9230001,0.35846686,0.25236204
2.924,0.41890639,0.12923822
2.925,0.43834046,-0.0065363464
2.9260001,0.41486672,-0.14167109
2.927,0.3507829,-0.26293808
2.928,0.25236204,-0.35846683
2.9289999,0.12923822,-0.41890639
2.9300001,-0.0065363417,-0.43834046
2.931,-0.14167108,-0.41486672
2.9319999,-0.26293805,-0.3507829
2.9330001,-0.35846683,-0.25236204
2.934,-0.41890639,-0.12923822
2.9349999,-0.43834046,0.0065363413
2.9360001,-0.41486672,0.14167108
2.937,-0.3507829,0.26293805
2.938,-0.25236204,0.35846683
2.9389999,-0.12923822,0.41890639
2.9400001,0.0065363487,0.43834046
2.941,0.14167109,0.41486669
2.9419999,0.26293808,0.3507829
2.9430001,0.35846686,0.25236204
2.944,0.41890639,0.12923822
2.9449999,0.43834046,-0.0065363469
2.9460001,0.41486672,-0.14167109
2.947,0.3507829,-0.26293808
2.948,0.25236204,-0.35846683
2.9489999,0.12923822,-0.41890639
2.95,-0.0065363422,-0.43834046
2.951,-0.14167108,-0.41486672
2.9519999,-0.26293805,-0.3507829
2.9530001,-0.35846683,-0.25236204
2.954,-0.41890639,-0.12923822
2.9549999,-0.43834046,0.0065363403
2.9560001,-0.41486672,0.14167108
2.957,-0.3507829,0.26293805
2.9579999,-0.25236204,0.35846683
2.9590001,-0.12923822,0.41890639
2.96,0.0065363478,0.43834046
2.961,0.14167109,0.41486669
2.9619999,0.26293808,0.3507829
2.9630001,0.35846683,0.25236204
2.964,0.41890639,0.12923822
2.9649999,0.43834046,-0.0065363473
2.9660001,0.41486672,-0.14167109
2.967,0.3507829,-0.26293808
2.9679999,0.25236204,-0.35846683
2.9690001,0.12923822,-0.41890639
2.97,-0.0065363431,-0.43834046
2.971,-0.14167108,-0.41486672
2.9719999,-0.26293805,-0.3507829
2.973,-0.35846683,-0.25236204
2.974,-0.41890639,-0.12923822
2.9749999,-0.43834046,0.0065363399
2.9760001,-0.41486672,0.14167108
2.977,-0.3507829,0.26293805
2.9779999,-0.25236204,0.35846683
2.9790001,-0.12923822,0.41890639
2.98,0.0065363469,0.43834046
2.9809999,0.14167108,0.41486669
2.9820001,0.26293808,0.3507829
2.983,0.35846683,0.25236204
2.984,0.41890639,0.12923822
2.9849999,0.43834046,-0.0065363478
2.9860001,0.41486672,-0.14167109
2.987,0.3507829,-0.26293808
2.9879999,0.25236204,-0.35846683
2.9890001,0.12923822,-0.41890639
2.99,-0.0065363445,-0.43834046
2.9909999,-0.14167108,-0.41486672
2.9920001,-0.26293808,-0.3507829
2.993,-0.35846683,-0.25236204
2.994,-0.41890639,-0.12923822
2.9949999,-0.43834046,0.0065363394
2.9960001,-0.41486672,0.14167108
2.997,-0.3507829,0.26293805
2.9979999,-0.25236204,0.35846683
2.9990001,-0.12923822,0.41890639
3,0.0065363455,0.43834046
3.0009999,0.14167108,0.41486669
3.0020001,0.26293805,0.3507829
3.003,0.35846683,0.25236204
3.0039999,0.41890639,0.12923822
3.0050001,0.43834046,-0.0065363478
3.006,0.41486672,-0.14167109
3.007,0.3507829,-0.26293808
3.0079999,0.25236204,-0.35846683
3.0090001,0.12923822,-0.41890639
3.01,-0.0065363455,-0.43834046
3.0109999,-0.14167108,-0.41486672
3.0120001,-0.26293808,-0.3507829
3.013,-0.35846683,-0.25236204
3.0139999,-0.41890639,-0.12923822
3.0150001,-0.43834046,0.0065363394
3.016,-0.41486672,0.14167108
3.017,-0.3507829,0.26293805
3.0179999,-0.25236204,0.35846683
3.0190001,-0.12923822,0.41890639
3.02,0.0065363441,0.43834046
3.0209999,0.14167108,0.41486669
3.0220001,0.26293805,0.3507829
3.023,0.35846683,0.25236204
3.0239999,0.41890639,0.12923822
3.0250001,0.43834046,-0.0065363473
3.026,0.41486672,-0.14167109
3.027,0.3507829,-0.26293808
3.0280001,0.25236204,-0.35846686
3.029,0.12923822,-0.41890639
3.03,-0.0065363464,-0.43834046
3.0309999,-0.14167109,-0.41486672
3.0320001,-0.26293808,-0.3507829
3.033,-0.35846683,-0.25236204
3.0339999,-0.41890639,-0.12923822
3.0350001,-0.43834046,0.0065363399
3.036,-0.41486672,0.14167108
3.0369999,-0.35078293,0.26293808
3.0380001,-0.25236204,0.35846683
3.039,-0.12923822,0.41890639
3.04,0.0065363427,0.43834046
3.0409999,0.14167108,0.41486669
3.0420001,0.26293805,0.3507829
3.043,0.35846683,0.25236204
3.0439999,0.41890639,0.12923822
3.0450001,0.43834046,-0.0065363473
3.046,0.41486672,-0.14167109
3.0469999,0.3507829,-0.26293808
3.0480001,0.25236204,-0.35846686
3.049,0.12923822,-0.41890639
3.05,-0.0065363473,-0.43834046
3.0510001,-0.14167109,-0.41486672
3.052,-0.26293808,-0.3507829
3.053,-0.35846683,-0.25236204
3.0539999,-0.41890639,-0.12923822
3.0550001,-0.43834046,0.0065363408
3.056,-0.41486672,0.14167108
3.0569999,-0.35078293,0.26293808
3.0580001,-0.25236204,0.35846683
3.059,-0.12923822,0.41890639
3.0599999,0.0065363413,0.43834046
3.0610001,0.14167108,0.41486669
3.062,0.26293805,0.3507829
3.063,0.35846683,0.25236204
3.0639999,0.41890639,0.12923822
3.0650001,0.43834046,-0.0065363473
3.066,0.41486672,-0.14167109
3.0669999,0.3507829,-0.26293808
3.0680001,0.25236204,-0.35846686
3.069,0.12923822,-0.41890639
3.0699999,-0.0065363478,-0.43834046
3.0710001,-0.14167109,-0.41486672
3.072,-0.26293808,-0.3507829
3.073,-0.35846683,-0.25236204
3.0739999,-0.41890639,-0.12923822
3.075,-0.43834046,0.0065363422
3.076,-0.41486672,0.14167108
3.0769999,-0.35078293,0.26293808
3.0780001,-0.25236204,0.35846683
3.079,-0.12923822,0.41890639
3.0799999,0.0065363403,0.43834046
3.0810001,0.14167108,0.41486672
3.082,0.26293805,0.3507829
3.0829999,0.35846683,0.25236204
3.0840001,0.41890639,0.12923822
3.085,0.43834046,-0.0065363464
3.086,0.41486672,-0.14167109
3.0869999,0.3507829,-0.26293808
3.0880001,0.25236204,-0.35846683
3.089,0.12923822,-0.41890639
3.0899999,-0.0065363483,-0.43834046
3.0910001,-0.14167109,-0.41486672
3.092,-0.26293808,-0.3507829
3.0929999,-0.35846683,-0.25236204
3.0940001,-0.41890639,-0.12923822
3.095,-0.43834046,0.0065363436
3.096,-0.41486672,0.14167108
3.0969999,-0.35078293,0.26293808
3.098,-0.25236204,0.35846683
3.099,-0.12923822,0.41890639
3.0999999,0.0065363399,0.43834046
3.1010001,0.14167108,0.41486672
3.102,0.26293805,0.3507829
3.1029999,0.35846683,0.25236204
3.1040001,0.41890639,0.12923822
3.105,0.43834046,-0.0065363455
3.1059999,0.41486672,-0.14167108
3.1070001,0.3507829,-0.26293808
3.108,0.25236204,-0.35846683
3.109,0.12923822,-0.41890639
3.1099999,-0.0065363483,-0.43834046
3.1110001,-0.14167109,-0.41486672
3.112,-0.26293808,-0.3507829
3.1129999,-0.35846683,-0.25236204
3.1140001,-0.41890639,-0.12923822
3.115,-0.43834046,0.0065363445
3.1159999,-0.41486672,0.14167108
3.1170001,-0.35078293,0.26293808
3.118,-0.25236204,0.35846686
3.119,-0.12923822,0.41890639
3.1199999,0.0065363389,0.43834046
3.1210001,0.14167108,0.41486672
3.122,0.26293805,0.3507829
3.1229999,0.35846683,0.25236204
3.1240001,0.41890639,0.12923822
3.125,0.43834046,-0.0065363445
3.1259999,0.41486669,-0.14167108
3.1270001,0.3507829,-0.26293808
3.128,0.25236204,-0.35846683
3.1289999,0.12923822,-0.41890639
3.1300001,-0.0065363483,-0.43834046
3.131,-0.14167109,-0.41486672
3.132,-0.26293808,-0.3507829
3.1329999,-0.35846683,-0.25236204
3.1340001,-0.41890639,-0.12923822
3.135,-0.43834046,0.0065363459
3.1359999,-0.41486672,0.14167109
3.1370001,-0.35078293,0.26293808
3.138,-0.25236204,0.35846686
3.1389999,-0.12923822,0.41890639
3.1400001,0.0065363389,0.43834046
3.141,0.14167108,0.41486672
3.142,0.26293805,0.3507829
3.1429999,0.35846683,0.25236204
3.1440001,0.41890639,0.12923822
3.145,0.43834046,-0.0065363431
3.1459999,0.41486669,-0.14167108
3.1470001,0.3507829,-0.26293808
3.148,0.25236204,-0.35846683
3.1489999,0.12923822,-0.41890639
3.1500001,-0.0065363478,-0.43834046
3.151,-0.14167109,-0.41486672
3.152,-0.26293808,-0.3507829
3.1530001,-0.35846683,-0.25236204
3.154,-0.41890639,-0.12923822
3.155,-0.43834046,0.0065363469
3.1559999,-0.41486672,0.14167109
3.1570001,-0.35078293,0.26293808
3.158,-0.25236204,0.35846686
3.1589999,-0.12923822,0.41890639
3.1600001,0.0065363389,0.43834046
3.161,0.14167108,0.41486672
3.1619999,0.26293805,0.3507829
3.1630001,0.35846683,0.25236204
3.164,0.41890639,0.12923822
3.165,0.43834046,-0.0065363422
3.1659999,0.41486669,-0.14167108
3.1670001,0.3507829,-0.26293805
3.168,0.25236204,-0.35846683
3.1689999,0.12923822,-0.41890639
3.1700001,-0.0065363473,-0.43834046
3.171,-0.14167109,-0.41486672
3.1719999,-0.26293808,-0.3507829
3.1730001,-0.35846683,-0.25236204
3.174,-0.41890639,-0.12923822
3.175,-0.43834046,0.0065363483
3.1760001,-0.41486672,0.14167109
3.177,-0.3507829,0.26293808
3.178,-0.25236204,0.35846686
3.1789999,-0.12923822,0.41890639
3.1800001,0.0065363394,0.43834046
3.181,0.14167108,0.41486672
3.1819999,0.26293805,0.35078293
3.1830001,0.35846683,0.25236204
3.184,0.41890639,0.12923822
3.1849999,0.43834046,-0.0065363413
3.1860001,0.41486669,-0.14167108
3.187,0.3507829,-0.26293805
3.188,0.25236204,-0.35846683
3.1889999,0.12923822,-0.41890639
3.1900001,-0.0065363464,-0.43834046
3.191,-0.14167109,-0.41486672
3.1919999,-0.26293808,-0.3507829
3.1930001,-0.35846683,-0.25236204
3.194,-0.41890639,-0.12923822
3.1949999,-0.43834046,0.0065363487
3.1960001,-0.41486672,0.14167109
3.197,-0.3507829,0.26293808
3.198,-0.25236204,0.35846686
3.1989999,-0.12923822,0.41890639
3.2,0.0065363403,0.43834046
3.201,0.14167108,0.41486672
3.2019999,0.26293808,0.35078293
3.2030001,0.35846683,0.25236204
3.204,0.41890639,0.12923822
3.2049999,0.43834046,-0.0065363403
3.2060001,0.41486669,-0.14167108
3.207,0.3507829,-0.26293805
3.2079999,0.25236204,-0.35846683
3.2090001,0.12923822,-0.41890639
3.21,-0.0065363455,-0.43834046
3.211,-0.14167109,-0.41486672
3.2119999,-0.26293808,-0.3507829
3.2130001,-0.35846683,-0.25236204
3.214,-0.41890639,-0.12923822
3.2149999,-0.43834046,0.0065363497
3.2160001,-0.41486672,0.14167109
3.217,-0.3507829,0.26293808
3.2179999,-0.25236204,0.35846686
3.2190001,-0.12923822,0.41890639
3.22,0.0065363413,0.43834046
3.221,0.14167108,0.41486672
3.2219999,0.26293808,0.35078293
3.223,0.35846683,0.25236204
3.224,0.41890639,0.12923822
3.2249999,0.43834046,-0.0065363394
3.2260001,0.41486672,-0.14167108
3.227,0.3507829,-0.26293805
3.2279999,0.25236204,-0.35846683
3.2290001,0.12923822,-0.41890639
3.23,-0.0065363441,-0.43834046
3.2309999,-0.14167109,-0.41486672
3.2320001,-0.26293808,-0.3507829
3.233,-0.35846683,-0.25236204
3.234,-0.41890639,-0.12923822
3.2349999,-0.43834046,0.0065363497
3.2360001,-0.41486672,0.14167109
3.237,-0.3507829,0.26293808
3.2379999,-0.25236204,0.35846686
3.2390001,-0.12923822,0.41890639
3.24,0.0065363422,0.43834046
3.2409999,0.14167108,0.41486672
3.2420001,0.26293808,0.35078293
3.243,0.35846683,0.25236204
3.244,0.41890639,0.12923822
3.2449999,0.43834046,-0.0065363389
3.2460001,0.41486672,-0.14167108
3.247,0.3507829,-0.26293805
3.2479999,0.25236204,-0.35846683
3.2490001,0.12923822,-0.41890639
3.25,-0.0065363431,-0.43834046
3.2509999,-0.14167108,-0.41486672
3.2520001,-0.26293808,-0.3507829
3.253,-0.35846683,-0.25236204
3.2539999,-0.41890639,-0.12923822
3.2550001,-0.43834046,0.0065363497
3.256,-0.41486672,0.14167109
3.257,-0.3507829,0.26293808
3.2579999,-0.25236204,0.35846683
3.2590001,-0.12923822,0.41890639
3.26,0.0065363441,0.43834046
3.2609999,0.14167109,0.41486672
3.2620001,0.26293808,0.35078293
3.263,0.35846683,0.25236204
3.2639999,0.41890639,0.12923822
3.2650001,0.43834046,-0.0065363389
3.266,0.41486672,-0.14167108
3.267,0.3507829,-0.26293805
3.2679999,0.25236204,-0.35846683
3.2690001,0.12923822,-0.41890639
3.27,-0.0065363427,-0.43834046
3.2709999,-0.14167108,-0.41486672
3.2720001,-0.26293808,-0.3507829
3.273,-0.35846683,-0.25236204
3.2739999,-0.41890639,-0.12923822
3.2750001,-0.43834046,0.0065363497
3.276,-0.41486669,0.14167109
3.277,-0.3507829,0.26293808
3.2780001,-0.25236204,0.35846683
3.279,-0.12923822,0.41890639
3.28,0.0065363459,0.43834046
3.2809999,0.14167109,0.41486672
3.2820001,0.26293808,0.35078293
3.283,0.35846686,0.25236204
3.2839999,0.41890639,0.12923822
3.2850001,0.43834046,-0.0065363394
3.286,0.41486672,-0.14167108
3.2869999,0.3507829,-0.26293805
3.2880001,0.25236204,-0.35846683
3.289,0.12923822,-0.41890639
3.29,-0.0065363422,-0.43834046
3.2909999,-0.14167108,-0.41486672
3.2920001,-0.26293808,-0.3507829
3.293,-0.35846683,-0.25236204
3.2939999,-0.41890639,-0.12923822
3.2950001,-0.43834046,0.0065363487
3.296,-0.41486669,0.14167109
3.2969999,-0.3507829,0.26293808
3.2980001,-0.25236204,0.35846683
3.299,-0.12923822,0.41890639
3.3,0.0065363473,0.43834046
3.3010001,0.14167109,0.41486672
3.302,0.26293808,0.35078293
3.303,0.35846686,0.25236204
3.3039999,0.41890639,0.12923822
3.3050001,0.43834046,-0.0065363399
3.306,0.41486672,-0.14167108
3.3069999,0.3507829,-0.26293805
3.3080001,0.25236204,-0.35846683
3.309,0.12923822,-0.41890639
3.3099999,-0.0065363413,-0.43834046
3.3110001,-0.14167108,-0.41486672
3.312,-0.26293808,-0.3507829
3.313,-0.35846683,-0.25236204
3.3139999,-0.41890639,-0.12923822
3.3150001,-0.43834046,0.0065363483
3.316,-0.41486669,0.14167109
3.3169999,-0.3507829,0.26293808
3.3180001,-0.25236204,0.35846683
3.319,-0.12923822,0.41890639
3.3199999,0.0065363487,0.43834046
3.3210001,0.14167109,0.41486672
3.322,0.26293808,0.35078293
3.323,0.35846686,0.25236204
3.3239999,0.41890639,0.12923822
3.325,0.43834046,-0.0065363403
3.326,0.41486672,-0.14167108
3.3269999,0.3507829,-0.26293805
3.3280001,0.25236204,-0.35846683
3.329,0.12923822,-0.41890639
3.3299999,-0.0065363408,-0.43834046
3.3310001,-0.14167108,-0.41486672
3.332,-0.26293808,-0.3507829
3.3329999,-0.35846683,-0.25236204
3.3340001,-0.41890639,-0.12923822
3.335,-0.43834046,0.0065363473
3.336,-0.41486669,0.14167109
3.3369999,-0.3507829,0.26293808
3.3380001,-0.25236204,0.35846683
3.339,-0.1292382,0.41890639
3.3399999,0.0065363497,0.43834046
3.3410001,0.14167109,0.41486672
3.342,0.26293808,0.35078293
3.3429999,0.35846686,0.25236204
3.3440001,0.41890639,0.12923822
3.345,0.43834046,-0.0065363413
3.346,0.41486672,-0.14167108
3.3469999,0.3507829,-0.26293805
3.348,0.25236204,-0.35846683
3.349,0.12923822,-0.41890639
3.3499999,-0.0065363403,-0.43834046
3.3510001,-0.14167108,-0.41486672
3.352,-0.26293805,-0.3507829
3.3529999,-0.35846683,-0.25236204
3.3540001,-0.41890639,-0.12923822
3.355,-0.43834046,0.0065363459
3.3559999,-0.41486669,0.14167109
3.3570001,-0.3507829,0.26293808
3.358,-0.25236204,0.35846683
3.359,-0.1292382,0.41890639
3.3599999,0.0065363501,0.43834046
3.3610001,0.14167109,0.41486672
3.362,0.26293808,0.3507829
3.3629999,0.35846686,0.25236204
3.3640001,0.41890639,0.12923822
3.365,0.43834046,-0.0065363422
3.3659999,0.41486672,-0.14167108
3.3670001,0.3507829,-0.26293808
3.368,0.25236204,-0.35846683
3.369,0.12923822,-0.41890639
3.3699999,-0.0065363403,-0.43834046
3.3710001,-0.14167108,-0.41486672
3.372,-0.26293805,-0.3507829
3.3729999,-0.35846683,-0.25236204
3.3740001,-0.41890639,-0.12923822
3.375,-0.43834046,0.0065363445
3.3759999,-0.41486669,0.14167108
3.3770001,-0.3507829,0.26293808
3.378,-0.25236204,0.35846683
3.3789999,-0.1292382,0.41890639
3.3800001,0.0065363501,0.43834046
3.381,0.14167109,0.41486672
3.382,0.26293808,0.3507829
3.3829999,0.35846686,0.25236204
3.3840001,0.41890639,0.12923822
3.385,0.43834046,-0.0065363436
3.3859999,0.41486672,-0.14167108
3.3870001,0.35078293,-0.26293808
3.388,0.25236204,-0.35846683
3.3889999,0.12923822,-0.41890639
3.3900001,-0.0065363403,-0.43834046
3.391,-0.14167108,-0.41486672
3.392,-0.26293805,-0.3507829
3.3929999,-0.35846683,-0.25236204
3.3940001,-0.41890639,-0.12923822
3.395,-0.43834046,0.0065363436
3.3959999,-0.41486672,0.14167108
3.3970001,-0.3507829,0.26293808
3.398,-0.25236204,0.35846683
3.3989999,-0.1292382,0.41890639
3.4000001,0.0065363501,0.43834046
3.401,0.14167109,0.41486669
3.402,0.26293808,0.3507829
3.4030001,0.35846686,0.25236204
3.404,0.41890639,0.12923822
3.405,0.43834046,-0.0065363445
3.4059999,0.41486672,-0.14167109
3.4070001,0.35078293,-0.26293808
3.408,0.25236204,-0.35846683
3.4089999,0.12923822,-0.41890639
3.4100001,-0.0065363408,-0.43834046
3.411,-0.14167108,-0.41486672
3.4119999,-0.26293805,-0.3507829
3.4130001,-0.35846683,-0.25236204
3.414,-0.41890639,-0.12923822
3.415,-0.43834046,0.0065363422
3.4159999,-0.41486672,0.14167108
3.4170001,-0.3507829,0.26293805
3.418,-0.25236204,0.35846683
3.4189999,-0.12923822,0.41890639
3.4200001,0.0065363497,0.43834046
3.421,0.14167109,0.41486669
3.4219999,0.26293808,0.3507829
3.4230001,0.35846683,0.25236204
3.424,0.41890639,0.12923822
3.425,0.43834046,-0.0065363455
3.4260001,0.41486672,-0.14167109
3.427,0.35078293,-0.26293808
3.428,0.25236204,-0.35846683
3.4289999,0.12923822,-0.41890639
3.4300001,-0.0065363413,-0.43834046
3.431,-0.14167108,-0.41486672
3.4319999,-0.26293805,-0.3507829
3.4330001,-0.35846683,-0.25236204
3.434,-0.41890639,-0.12923822
3.4349999,-0.43834046,0.0065363413
3.4360001,-0.41486672,0.14167108
3.437,-0.3507829,0.26293805
3.438,-0.25236204,0.35846683
3.4389999,-0.12923822,0.41890639
3.4400001,0.0065363487,0.43834046
3.441,0.14167109,0.41486669
3.4419999,0.26293808,0.3507829
3.4430001,0.35846683,0.25236204
3.444,0.41890639,0.12923822
3.4449999,0.43834046,-0.0065363464
3.4460001,0.41486672,-0.14167109
3.447,0.35078293,-0.26293808
3.448,0.25236204,-0.35846683
3.4489999,0.12923822,-0.41890639
3.45,-0.0065363417,-0.43834046
3.451,-0.14167108,-0.41486672
3.4519999,-0.26293805,-0.3507829
3.4530001,-0.35846683,-0.25236204
3.454,-0.41890639,-0.12923822
3.4549999,-0.43834046,0.0065363403
3.4560001,-0.41486672,0.14167108
3.457,-0.3507829,0.26293805
3.4579999,-0.25236204,0.35846683
3.4590001,-0.12923822,0.41890639
3.46,0.0065363478,0.43834046
3.461,0.14167109,0.41486669
3.4619999,0.26293808,0.3507829
3.4630001,0.35846683,0.25236204
3.464,0.41890639,0.12923822
3.4649999,0.43834046,-0.0065363473
3.4660001,0.41486672,-0.14167109
3.467,0.35078293,-0.26293808
3.4679999,0.25236204,-0.35846686
3.4690001,0.12923822,-0.41890639
3.47,-0.0065363427,-0.43834046
3.471,-0.14167108,-0.41486672
3.4719999,-0.26293805,-0.3507829
3.473,-0.35846683,-0.25236204
3.474,-0.41890639,-0.12923822
3.4749999,-0.43834046,0.0065363399
3.4760001,-0.41486672,0.14167108
3.477,-0.3507829,0.26293805
3.4779999,-0.25236204,0.35846683
3.4790001,-0.12923822,0.41890639
3.48,0.0065363464,0.43834046
3.4809999,0.14167108,0.41486669
3.4820001,0.26293808,0.3507829
3.483,0.35846683,0.25236204
3.484,0.41890639,0.12923822
3.4849999,0.43834046,-0.0065363483
3.4860001,0.41486672,-0.14167109
3.487,0.3507829,-0.26293808
3.4879999,0.25236204,-0.35846686
3.4890001,0.12923822,-0.41890639
3.49,-0.0065363436,-0.43834046
3.4909999,-0.14167108,-0.41486672
3.4920001,-0.26293805,-0.3507829
3.493,-0.35846683,-0.25236204
3.494,-0.41890639,-0.12923822
3.4949999,-0.43834046,0.0065363403
3.4960001,-0.41486672,0.14167108
3.497,-0.3507829,0.26293805
3.4979999,-0.25236204,0.35846683
3.4990001,-0.12923822,0.41890639
3.5,0.006536345,0.43834046
3.5009999,0.14167108,0.41486669
3.5020001,0.26293805,0.3507829
3.503,0.35846683,0.25236204
3.5039999,0.41890639,0.12923822
3.5050001,0.43834046,-0.0065363487
3.506,0.41486672,-0.14167109
3.507,0.3507829,-0.26293808
3.5079999,0.25236204,-0.35846686
3.5090001,0.12923822,-0.41890639
3.51,-0.0065363445,-0.43834046
3.5109999,-0.14167108,-0.41486672
3.5120001,-0.26293808,-0.3507829
3.513,-0.35846683,-0.25236204
3.5139999,-0.41890639,-0.12923822
3.5150001,-0.43834046,0.0065363408
3.516,-0.41486672,0.14167108
3.517,-0.35078293,0.26293808
3.5179999,-0.25236204,0.35846683
3.5190001,-0.12923822,0.41890639
3.52,0.0065363436,0.43834046
3.5209999,0.14167108,0.41486669
3.5220001,0.26293805,0.3507829
3.523,0.35846683,0.25236204
3.5239999,0.41890639,0.1292382
3.5250001,0.43834046,-0.0065363492
3.526,0.41486672,-0.14167109
3.527,0.3507829,-0.26293808
3.5280001,0.25236204,-0.35846686
3.529,0.12923822,-0.41890639
3.53,-0.0065363455,-0.43834046
3.5309999,-0.14167109,-0.41486672
3.5320001,-0.26293808,-0.3507829
3.533,-0.35846683,-0.25236204
3.5339999,-0.41890639,-0.12923822
3.5350001,-0.43834046,0.0065363413
3.536,-0.41486672,0.14167108
3.5369999,-0.35078293,0.26293808
3.5380001,-0.25236204,0.35846683
3.539,-0.12923822,0.41890639
3.54,0.0065363422,0.43834046
3.5409999,0.14167108,0.41486669
3.5420001,0.26293805,0.3507829
3.543,0.35846683,0.25236204
3.5439999,0.41890639,0.12923822
3.5450001,0.43834046,-0.0065363487
3.546,0.41486672,-0.14167109
3.5469999,0.3507829,-0.26293808
3.5480001,0.25236204,-0.35846686
3.549,0.12923822,-0.41890639
3.55,-0.0065363464,-0.43834046
3.5510001,-0.14167109,-0.41486672
3.552,-0.26293808,-0.3507829
3.553,-0.35846683,-0.25236204
3.5539999,-0.41890639,-0.12923822
3.5550001,-0.43834046,0.0065363417
3.556,-0.41486672,0.14167108
3.5569999,-0.35078293,0.26293808
3.5580001,-0.25236204,0.35846683
3.559,-0.12923822,0.41890639
3.5599999,0.0065363413,0.43834046
3.5610001,0.14167108,0.41486672
3.562,0.26293805,0.3507829
3.563,0.35846683,0.25236204
3.5639999,0.41890639,0.12923822
3.5650001,0.43834046,-0.0065363483
3.566,0.41486669,-0.14167109
3.5669999,0.3507829,-0.26293808
3.5680001,0.25236204,-0.35846686
3.569,0.12923822,-0.41890639
3.5699999,-0.0065363473,-0.43834046
3.5710001,-0.14167109,-0.41486672
3.572,-0.26293808,-0.3507829
3.573,-0.35846683,-0.25236204
3.5739999,-0.41890639,-0.12923822
3.575,-0.43834046,0.0065363427
3.576,-0.41486672,0.14167108
3.5769999,-0.35078293,0.26293808
3.5780001,-0.25236204,0.35846683
3.579,-0.12923822,0.41890639
3.5799999,0.0065363403,0.43834046
3.5810001,0.14167108,0.41486672
3.582,0.26293805,0.3507829
3.5829999,0.35846683,0.25236204
3.5840001,0.41890639,0.12923822
3.585,0.43834046,-0.0065363473
3.586,0.41486669,-0.14167109
3.5869999,0.3507829,-0.26293808
3.5880001,0.25236204,-0.35846686
3.589,0.12923822,-0.41890639
3.5899999,-0.0065363478,-0.43834046
3.5910001,-0.14167109,-0.41486672
3.592,-0.26293808,-0.3507829
3.5929999,-0.35846683,-0.25236204
3.5940001,-0.41890639,-0.12923822
3.595,-0.43834046,0.0065363436
3.596,-0.41486672,0.14167108
3.5969999,-0.35078293,0.26293808
3.598,-0.25236204,0.35846686
3.599,-0.12923822,0.41890639
3.5999999,0.0065363394,0.43834046
3.6010001,0.14167108,0.41486672
3.602,0.26293805,0.3507829
3.6029999,0.35846683,0.25236204
3.6040001,0.41890639,0.12923822
3.605,0.43834046,-0.0065363459
3.6059999,0.41486669,-0.14167108
3.6070001,0.3507829,-0.26293808
3.608,0.25236204,-0.35846683
3.609,0.12923822,-0.41890639
3.6099999,-0.0065363478,-0.43834046
3.6110001,-0.14167109,-0.41486672
3.612,-0.26293808,-0.3507829
3.6129999,-0.35846683,-0.25236204
3.6140001,-0.41890639,-0.12923822
3.615,-0.43834046,0.0065363445
3.6159999,-0.41486672,0.14167108
3.6170001,-0.35078293,0.26293808
3.618,-0.25236204,0.35846683
3.619,-0.12923822,0.41890639
3.6199999,0.0065363389,0.43834046
3.6210001,0.14167108,0.41486672
3.622,0.26293805,0.3507829
3.6229999,0.35846683,0.25236204
3.6240001,0.41890639,0.12923822
3.625,0.43834046,-0.0065363445
3.6259999,0.41486669,-0.14167108
3.6270001,0.3507829,-0.26293805
3.628,0.25236204,-0.35846683
3.6289999,0.12923822,-0.41890639
3.6300001,-0.0065363478,-0.43834046
3.631,-0.14167109,-0.41486672
3.632,-0.26293808,-0.3507829
3.6329999,-0.35846686,-0.25236204
3.6340001,-0.41890639,-0.12923822
3.635,-0.43834046,0.0065363455
3.6359999,-0.41486672,0.14167108
3.6370001,-0.3507829,0.26293808
3.638,-0.25236204,0.35846683
3.6389999,-0.12923823,0.41890639
3.6400001,0.0065363385,0.43834046
3.641,0.14167108,0.41486672
3.642,0.26293805,0.3507829
3.6429999,0.35846683,0.25236204
3.6440001,0.41890639,0.12923822
3.645,0.43834046,-0.0065363436
3.6459999,0.41486669,-0.14167108
3.6470001,0.3507829,-0.26293805
3.648,0.25236204,-0.35846683
3.6489999,0.12923822,-0.41890639
3.6500001,-0.0065363478,-0.43834046
3.651,-0.14167109,-0.41486672
3.652,-0.26293808,-0.3507829
3.6530001,-0.35846686,-0.25236204
3.654,-0.41890639,-0.12923822
3.655,-0.43834046,0.0065363469
3.6559999,-0.41486672,0.14167109
3.6570001,-0.3507829,0.26293808
3.658,-0.25236204,0.35846683
3.6589999,-0.12923822,0.41890639
3.6600001,0.0065363385,0.43834046
3.661,0.14167108,0.41486672
3.6619999,0.26293805,0.35078293
3.6630001,0.35846683,0.25236204
3.664,0.41890639,0.12923822
3.665,0.43834046,-0.0065363422
3.6659999,0.41486669,-0.14167108
3.6670001,0.3507829,-0.26293805
3.668,0.25236204,-0.35846683
3.6689999,0.12923822,-0.41890639
3.6700001,-0.0065363473,-0.43834046
3.671,-0.14167109,-0.41486672
3.6719999,-0.26293808,-0.3507829
3.6730001,-0.35846686,-0.25236204
3.674,-0.41890639,-0.12923822
3.675,-0.43834046,0.0065363478
3.6760001,-0.41486672,0.14167109
3.677,-0.3507829,0.26293808
3.678,-0.25236204,0.35846683
3.6789999,-0.12923822,0.41890639
3.6800001,0.0065363389,0.43834046
3.681,0.14167108,0.41486672
3.6819999,0.26293808,0.35078293
3.6830001,0.35846683,0.25236204
3.684,0.41890639,0.12923822
3.6849999,0.43834046,-0.0065363408
3.6860001,0.41486669,-0.14167108
3.687,0.3507829,-0.26293805
3.688,0.25236204,-0.35846683
3.6889999,0.12923822,-0.41890639
3.6900001,-0.0065363469,-0.43834046
3.691,-0.14167109,-0.41486672
3.6919999,-0.26293808,-0.3507829
3.6930001,-0.35846686,-0.25236204
3.694,-0.41890639,-0.12923822
3.6949999,-0.43834046,0.0065363483
3.6960001,-0.41486672,0.14167109
3.697,-0.3507829,0.26293808
3.698,-0.25236204,0.35846683
3.6989999,-0.12923822,0.41890639
3.7,0.0065363403,0.43834046
3.701,0.14167108,0.41486672
3.7019999,0.26293808,0.35078293
3.7030001,0.35846683,0.25236204
3.704,0.41890639,0.12923822
3.7049999,0.43834046,-0.0065363399
3.7060001,0.41486669,-0.14167108
3.707,0.3507829,-0.26293805
3.7079999,0.25236204,-0.35846683
3.7090001,0.12923822,-0.41890639
3.71,-0.0065363464,-0.43834046
3.711,-0.14167109,-0.41486672
3.7119999,-0.26293808,-0.3507829
3.7130001,-0.35846683,-0.25236204
3.714,-0.41890639,-0.12923822
3.7149999,-0.43834046,0.0065363487
3.7160001,-0.41486672,0.14167109
3.717,-0.3507829,0.26293808
3.7179999,-0.25236204,0.35846683
3.7190001,-0.12923822,0.41890639
3.72,0.0065363422,0.43834046
3.721,0.14167108,0.41486672
3.7219999,0.26293808,0.35078293
3.723,0.35846683,0.25236204
3.724,0.41890639,0.12923822
3.7249999,0.43834046,-0.0065363389
3.7260001,0.41486672,-0.14167108
3.727,0.3507829,-0.26293805
3.7279999,0.25236204,-0.35846683
3.7290001,0.12923822,-0.41890639
3.73,-0.0065363459,-0.43834046
3.7309999,-0.14167109,-0.41486672
3.7320001,-0.26293808,-0.3507829
3.733,-0.35846683,-0.25236204
3.734,-0.41890639,-0.12923822
3.7349999,-0.43834046,0.0065363492
3.7360001,-0.41486672,0.14167109
3.737,-0.3507829,0.26293808
3.7379999,-0.25236204,0.35846683
3.7390001,-0.12923822,0.41890639
3.74,0.0065363436,0.43834046
3.7409999,0.14167108,0.41486672
3.7420001,0.26293808,0.35078293
3.743,0.35846683,0.25236204
3.744,0.41890639,0.12923822
3.7449999,0.43834046,-0.0065363385
3.7460001,0.41486672,-0.14167108
3.747,0.3507829,-0.26293805
3.7479999,0.25236204,-0.35846683
3.7490001,0.12923822,-0.41890639
3.75,-0.006536345,-0.43834046
3.7509999,-0.14167108,-0.41486672
3.7520001,-0.26293808,-0.3507829
3.753,-0.35846683,-0.25236204
3.7539999,-0.41890639,-0.12923822
3.7550001,-0.43834046,0.0065363492
3.756,-0.41486672,0.14167109
3.757,-0.3507829,0.26293808
3.7579999,-0.25236204,0.35846683
3.7590001,-0.12923822,0.41890639
3.76,0.006536345,0.43834046
3.7609999,0.14167109,0.41486672
3.7620001,0.26293808,0.35078293
3.763,0.35846686,0.25236204
3.7639999,0.41890639,0.12923822
3.7650001,0.43834046,-0.0065363385
3.766,0.41486672,-0.14167108
3.767,0.3507829,-0.26293805
3.7679999,0.25236204,-0.35846683
3.7690001,0.12923822,-0.41890639
3.77,-0.0065363441,-0.43834046
3.7709999,-0.14167108,-0.41486669
3.7720001,-0.26293808,-0.3507829
3.773,-0.35846683,-0.25236204
3.7739999,-0.41890639,-0.12923822
3.7750001,-0.43834046,0.0065363492
3.776,-0.41486672,0.14167109
3.777,-0.3507829,0.26293808
3.7780001,-0.25236204,0.35846683
3.779,-0.12923822,0.41890639
3.78,0.0065363464,0.43834046
3.7809999,0.14167109,0.41486672
3.7820001,0.26293808,0.35078293
3.783,0.35846686,0.25236204
3.7839999,0.41890639,0.12923822
3.7850001,0.43834046,-0.0065363385
3.786,0.41486672,-0.14167108
3.7869999,0.3507829,-0.26293805
3.7880001,0.25236204,-0.35846683
3.789,0.12923822,-0.41890639
3.79,-0.0065363431,-0.43834046
3.7909999,-0.14167108,-0.41486669
3.7920001,-0.26293808,-0.3507829
3.793,-0.35846683,-0.25236204
3.7939999,-0.41890639,-0.12923822
3.7950001,-0.43834046,0.0065363487
3.796,-0.41486672,0.14167109
3.7969999,-0.3507829,0.26293808
3.7980001,-0.25236204,0.35846683
3.799,-0.12923822,0.41890639
3.8,0.0065363478,0.43834046
3.8010001,0.14167109,0.41486672
3.802,0.26293808,0.35078293
3.803,0.35846686,0.25236204
3.8039999,0.41890639,0.12923822
3.8050001,0.43834046,-0.0065363389
3.806,0.41486672,-0.14167108
3.8069999,0.3507829,-0.26293805
3.8080001,0.25236204,-0.35846683
3.809,0.12923822,-0.41890639
3.8099999,-0.0065363422,-0.43834046
3.8110001,-0.14167108,-0.41486669
3.812,-0.26293805,-0.3507829
3.813,-0.35846683,-0.25236204
3.8139999,-0.41890639,-0.12923822
3.8150001,-0.43834046,0.0065363478
3.816,-0.41486672,0.14167109
3.8169999,-0.3507829,0.26293808
3.8180001,-0.25236204,0.35846683
3.819,-0.12923822,0.41890639
3.8199999,0.0065363487,0.43834046
3.8210001,0.14167109,0.41486672
3.822,0.26293808,0.3507829
3.823,0.35846686,0.25236204
3.8239999,0.41890639,0.12923822
3.825,0.43834046,-0.0065363399
3.826,0.41486672,-0.14167108
3.8269999,0.3507829,-0.26293805
3.8280001,0.25236204,-0.35846683
3.829,0.12923822,-0.41890639
3.8299999,-0.0065363413,-0.43834046
3.8310001,-0.14167108,-0.41486669
3.832,-0.26293805,-0.3507829
3.8329999,-0.35846683,-0.25236204
3.8340001,-0.41890639,-0.12923822
3.835,-0.43834046,0.0065363469
3.836,-0.41486672,0.14167109
3.8369999,-0.3507829,0.26293808
3.8380001,-0.25236204,0.35846683
3.839,-0.12923822,0.41890639
3.8399999,0.0065363492,0.43834046
3.8410001,0.14167109,0.41486672
3.842,0.26293808,0.3507829
3.8429999,0.35846686,0.25236204
3.8440001,0.41890639,0.12923822
3.845,0.43834046,-0.0065363408
3.846,0.41486672,-0.14167108
3.8469999,0.35078293,-0.26293805
3.848,0.25236204,-0.35846683
3.849,0.12923822,-0.41890639
3.8499999,-0.0065363408,-0.43834046
3.8510001,-0.14167108,-0.41486669
3.852,-0.26293805,-0.3507829
3.8529999,-0.35846683,-0.25236204
3.8540001,-0.41890639,-0.12923822
3.855,-0.43834046,0.0065363459
3.8559999,-0.41486672,0.14167109
3.8570001,-0.3507829,0.26293808
3.858,-0.25236204,0.35846683
3.859,-0.12923822,0.41890639
3.8599999,0.0065363497,0.43834046
3.8610001,0.14167109,0.41486672
3.862,0.26293808,0.3507829
3.8629999,0.35846686,0.25236204
3.8640001,0.41890639,0.12923822
3.865,0.43834046,-0.0065363417
3.8659999,0.41486672,-0.14167108
3.8670001,0.35078293,-0.26293808
3.868,0.25236204,-0.35846683
3.869,0.12923822,-0.41890639
3.8699999,-0.0065363403,-0.43834046
3.8710001,-0.14167108,-0.41486669
3.872,-0.26293805,-0.3507829
3.8729999,-0.35846683,-0.25236204
3.8740001,-0.41890639,-0.12923822
3.875,-0.43834046,0.0065363445
3.8759999,-0.41486672,0.14167109
3.8770001,-0.3507829,0.26293808
3.878,-0.25236204,0.35846683
3.8789999,-0.12923822,0.41890639
3.8800001,0.0065363501,0.43834046
3.881,0.14167109,0.41486669
3.882,0.26293808,0.3507829
3.8829999,0.35846683,0.25236204
3.8840001,0.41890639,0.12923822
3.885,0.43834046,-0.0065363431
3.8859999,0.41486672,-0.14167108
3.8870001,0.35078293,-0.26293808
3.888,0.25236204,-0.35846683
3.8889999,0.12923822,-0.41890639
3.8900001,-0.0065363399,-0.43834046
3.891,-0.14167108,-0.41486672
3.892,-0.26293805,-0.3507829
3.8929999,-0.35846683,-0.25236204
3.8940001,-0.41890639,-0.12923822
3.895,-0.43834046,0.0065363431
3.8959999,-0.41486672,0.14167108
3.8970001,-0.3507829,0.26293808
3.898,-0.25236204,0.35846683
3.8989999,-0.12923822,0.41890639
3.9000001,0.0065363497,0.43834046
3.901,0.14167109,0.41486669
3.902,0.26293808,0.3507829
3.9030001,0.35846683,0.25236204
3.904,0.41890639,0.12923822
3.905,0.43834046,-0.0065363445
3.9059999,0.41486672,-0.14167109
3.9070001,0.35078293,-0.26293808
3.908,0.25236204,-0.35846683
3.9089999,0.12923822,-0.41890639
3.9100001,-0.0065363403,-0.43834046
3.911,-0.14167108,-0.41486672
3.9119999,-0.26293805,-0.3507829
3.9130001,-0.35846683,-0.25236204
3.914,-0.41890639,-0.12923822
3.915,-0.43834046,0.0065363427
3.9159999,-0.41486672,0.14167108
3.9170001,-0.3507829,0.26293808
3.918,-0.25236204,0.35846683
3.9189999,-0.12923822,0.41890639
3.9200001,0.0065363492,0.43834046
3.921,0.14167109,0.41486669
3.9219999,0.26293808,0.3507829
3.9230001,0.35846683,0.25236204
3.924,0.41890639,0.12923822
3.925,0.43834046,-0.0065363459
3.9260001,0.41486672,-0.14167109
3.927,0.35078293,-0.26293808
3.928,0.25236204,-0.35846686
3.9289999,0.12923822,-0.41890639
3.9300001,-0.0065363408,-0.43834046
3.931,-0.14167108,-0.41486672
3.9319999,-0.26293805,-0.3507829
3.9330001,-0.35846683,-0.25236204
3.934,-0.41890639,-0.12923822
3.9349999,-0.43834046,0.0065363422
3.9360001,-0.41486672,0.14167108
3.937,-0.3507829,0.26293808
3.938,-0.25236204,0.35846683
3.9389999,-0.12923822,0.41890639
3.9400001,0.0065363487,0.43834046
3.941,0.14167109,0.41486669
3.9419999,0.26293808,0.3507829
3.9430001,0.35846683,0.25236204
3.944,0.41890639,0.12923822
3.9449999,0.43834046,-0.0065363473
3.9460001,0.41486672,-0.14167109
3.947,0.35078293,-0.26293808
3.948,0.25236204,-0.35846686
3.9489999,0.12923822,-0.41890639
3.95,-0.0065363413,-0.43834046
3.951,-0.14167108,-0.41486672
3.9519999,-0.26293805,-0.3507829
3.9530001,-0.35846683,-0.25236204
3.954,-0.41890639,-0.12923822
3.9549999,-0.43834046,0.0065363417
3.9560001,-0.41486672,0.14167108
3.957,-0.3507829,0.26293808
3.9579999,-0.25236204,0.35846683
3.9590001,-0.12923822,0.41890639
3.96,0.0065363473,0.43834046
3.961,0.14167109,0.41486669
3.9619999,0.26293808,0.3507829
3.9630001,0.35846683,0.25236204
3.964,0.41890639,0.12923822
3.9649999,0.43834046,-0.0065363487
3.9660001,0.41486672,-0.14167109
3.967,0.35078293,-0.26293808
3.9679999,0.25236204,-0.35846686
3.9690001,0.12923822,-0.41890639
3.97,-0.0065363422,-0.43834046
3.971,-0.14167108,-0.41486672
3.9719999,-0.26293805,-0.3507829
3.973,-0.35846683,-0.25236204
3.974,-0.41890639,-0.12923822
3.9749999,-0.43834046,0.0065363413
3.9760001,-0.41486672,0.14167108
3.977,-0.3507829,0.26293808
3.9779999,-0.25236204,0.35846683
3.9790001,-0.12923822,0.41890639
3.98,0.0065363464,0.43834046
3.9809999,0.14167109,0.41486669
3.9820001,0.26293808,0.3507829
3.983,0.35846683,0.25236204
3.984,0.41890639,0.1292382
3.9849999,0.43834046,-0.0065363492
3.9860001,0.41486672,-0.14167109
3.987,0.35078293,-0.26293808
3.9879999,0.25236204,-0.35846686
3.9890001,0.12923822,-0.41890639
3.99,-0.0065363431,-0.43834046
3.9909999,-0.14167108,-0.41486672
3.9920001,-0.26293808,-0.3507829
3.993,-0.35846683,-0.25236204
3.994,-0.41890639,-0.12923822
3.9949999,-0.43834046,0.0065363413
3.9960001,-0.41486672,0.14167108
3.997,-0.3507829,0.26293808
3.9979999,-0.25236204,0.35846683
3.9990001,-0.12923822,0.41890639
4,0.0065363394,0.43834049
4,0.0065363394,0.43834049
4,0.0065363534,0.43834049
4,0.0065363534,0.43834049
4.0009999,0.14160439,0.41489074
4.0019999,0.26271808,0.35094857
4.0029998,0.35811666,0.25286046
4.0040002,0.41859546,0.13026436
4.0050001,0.43838409,-0.0048756292
4.006,0.41567683,-0.13943739
4.007,0.35278195,-0.26041585
4.0079999,0.25587183,-0.35617566
4.0089998,0.13436431,-0.41756189
4.0100002,-2.9099351e-06,-0.43876261
4.0110002,-0.134312,-0.41784436
4.0120001,-0.25570822,-0.35691217
4.013,-0.35262668,-0.26188266
4.0139999,-0.41588604,-0.14189602
4.0149999,-0.43954647,-0.0084265331
4.0159998,-0.421453,0.12582147
4.0170002,-0.36341578,0.24812466
4.0180001,-0.27101409,0.34694386
4.0190001,-0.15304612,0.41300541
4.02,-0.020680396,0.44016039
4.0209999,0.11360891,0.42594311
4.0219998,0.23722029,0.37177923
4.0229998,0.33860549,0.28282818
4.0240002,0.40834203,0.16747768
4.0250001,0.43999866,0.036541261
4.026,0.43071496,-0.097763225
4.027,0.38144511,-0.22295728
4.0279999,0.29684502,-0.32746023
4.0289998,0.18481857,-0.40165487
4.0300002,0.055767335,-0.43876317
4.0310001,-0.078383751,-0.43545279
4.0320001,-0.20529261,-0.39212167
4.033,-0.31333536,-0.31283793
4.0339999,-0.3926664,-0.20494358
4.0349998,-0.43610686,-0.078362741
4.0359998,-0.43978238,0.055320397
4.0370002,-0.40345445,0.18392675
4.0380001,-0.33051845,0.29579264
4.039,-0.22767229,0.38082385
4.04,-0.10428878,0.43139872
4.0409999,0.028448222,0.44304007
4.0419998,0.15856341,0.41479781
4.0430002,0.2743721,0.34931111
4.0440001,0.3655268,0.25254774
4.0450001,0.42393488,0.13324726
4.046,0.44446665,0.002121682
4.0469999,0.42539278,-0.12911327
4.0479999,0.36851528,-0.24878748
4.0489998,0.27898329,-0.34631258
4.0500002,0.16481414,-0.41311279
4.0510001,0.036164384,-0.44336969
4.052,-0.095581077,-0.43451652
4.053,-0.21882018,-0.3874419
4.0539999,-0.32275483,-0.3063876
4.0549998,-0.39833218,-0.19855317
4.0560002,-0.43902475,-0.073445231
4.0570002,-0.44138247,0.057969019
4.0580001,-0.40531182,0.18422775
4.059,-0.3340601,0.29437479
4.0599999,-0.23390973,0.37890667
4.0609999,-0.11361277,0.43058521
4.0619998,0.016383165,0.44504663
4.0630002,0.14484785,0.42115721
4.0640001,0.26074037,0.3610875
4.0650001,0.35415572,0.27010199
4.066,0.41716501,0.1560856
4.0669999,0.44447911,0.028850524
4.0679998,0.43388036,-0.10071491
4.0689998,0.38638893,-0.22158106
4.0700002,0.30615234,-0.32351485
4.0710001,0.20007078,-0.39794126
4.072,0.077193223,-0.43865639
4.073,-0.05206228,-0.44233343
4.0739999,-0.17679612,-0.40878141
4.0749998,-0.28654671,-0.34093797
4.0760002,-0.37216434,-0.24459955
4.0770001,-0.42656708,-0.12791504
4.0780001,-0.44531649,-0.00068776822
4.079,-0.42696756,0.12645371
4.0799999,-0.37316614,0.24294539
4.0809999,-0.28848931,0.33916366
4.0819998,-0.18004416,0.40721473
4.0830002,-0.056861665,0.4415735
4.0840001,0.070862122,0.43952098
4.085,0.19261348,0.4013465
4.086,0.29842618,0.33030099
4.0869999,0.37969324,0.23230839
4.0879998,0.42985979,0.11546104
4.0890002,0.4449417,-0.010656482
4.0900002,0.42383003,-0.13575847
4.0910001,0.36835888,-0.24969839
4.092,0.28313431,-0.34328943
4.0929999,0.17514075,-0.40903971
4.0939999,0.053159531,-0.44174317
4.0949998,-0.072951563,-0.43888083
4.0960002,-0.19305797,-0.4008024
4.0970001,-0.2975623,-0.33067593
4.098,-0.37816736,-0.23421291
4.099,-0.42852777,-0.11919292
4.0999999,-0.44473976,0.0051713604
4.1009998,-0.42563224,0.12897688
4.1020002,-0.37283832,0.24242015
4.1030002,-0.29064435,0.33657143
4.1040001,-0.18563125,0.40407234
4.105,-0.066138618,0.43970272
4.1059999,0.058403846,0.44077384
4.1069999,0.17822376,0.40731937
4.1079998,0.28397268,0.34207144
4.1090002,0.36745214,0.25022647
4.1100001,0.42224267,0.13902131
4.1110001,0.44418839,0.017155284
4.112,0.43170142,-0.1058953
4.1129999,0.38586435,-0.22061601
4.1139998,0.31032574,-0.31818849
4.1149998,0.21099928,-0.39116371
4.1160002,0.095591627,-0.43402338
4.1170001,-0.027002128,-0.44358739
4.118,-0.14738792,-0.41923869
4.119,-0.25639328,-0.36295003
4.1199999,-0.34576359,-0.27911338
4.1209998,-0.4087818,-0.17418733
4.1220002,-0.44076514,-0.056191374
4.1230001,-0.43940303,0.065912731
4.1240001,-0.4049125,0.18290432
4.125,-0.34000194,0.28599983
4.1259999,-0.24964786,0.36750883
4.1269999,-0.1407041,0.42140141
4.1279998,-0.021374557,0.44374579
4.1290002,0.09940926,0.43298474
4.1300001,0.2126587,0.39003259
4.131,0.30999562,0.31818759
4.132,0.38426816,0.22286865
4.1329999,0.4300693,0.11119793
4.1339998,0.44412172,-0.0085379453
4.1350002,0.42550176,-0.12750669
4.1360002,0.37568831,-0.23698302
4.1370001,0.29843539,-0.32898661
4.138,0.19947946,-0.39685929
4.1389999,0.086105496,-0.43573949
4.1399999,-0.033395305,-0.44290149
4.1409998,-0.1503351,-0.41793475
4.1420002,-0.25626126,-0.36275807
4.1430001,-0.3435654,-0.28146029
4.1440001,-0.40602466,-0.17998706
4.145,-0.43923742,-0.065699875
4.1459999,-0.44092494,0.053163443
4.1469998,-0.41107652,0.16808592
4.1479998,-0.35193208,0.27088112
4.1490002,-0.26780424,0.35427356
4.1500001,-0.16475563,0.41240856
4.151,-0.05015409,0.44125542
4.152,0.067858674,0.43887761
4.1529999,0.1809478,0.4055523
4.1539998,0.28117365,0.34373325
4.1550002,0.36154625,0.25786003
4.1560001,0.41650704,0.15403102
4.1570001,0.44230562,0.039563484
4.158,0.43724698,-0.077526443
4.1589999,0.40179199,-0.18908758
4.1599998,0.33850771,-0.28740031
4.1609998,0.25187245,-0.36570743
4.1620002,0.14795089,-0.4186734
4.1630001,0.033962578,-0.4427399
4.164,-0.082223766,-0.43635592
4.165,-0.19263525,-0.40006745
4.1659999,-0.28974128,-0.33646303
4.1669998,-0.36696404,-0.2499799
4.1680002,-0.41911843,-0.14658628
4.1690001,-0.44275257,-0.033363421
4.1700001,-0.43636784,0.081983522
4.171,-0.40050346,0.19165193
4.1719999,-0.3376832,0.28826872
4.1729999,-0.25222898,0.36538273
4.1739998,-0.14995594,0.41789043
4.1750002,-0.037770178,0.44236615
4.1760001,0.076801717,0.43727681
4.177,0.18611938,0.40306833
4.178,0.28293762,0.34211934
4.1789999,0.3608838,0.25856721
4.1799998,0.41487193,0.15801923
4.1810002,0.4414275,0.047170192
4.1820002,0.43890283,-0.066647433
4.1830001,0.4075698,-0.17595075
4.184,0.34958553,-0.27359802
4.1849999,0.26883554,-0.3532525
4.1859999,0.17066583,-0.40978879
4.1869998,0.061522551,-0.4396162
4.1880002,-0.051475737,-0.44089839
4.1890001,-0.16100444,-0.41365722
4.1900001,-0.26000768,-0.35975569
4.191,-0.34215063,-0.28276241
4.1919999,-0.40222028,-0.18770696
4.1929998,-0.43644997,-0.080745645
4.1939998,-0.44274777,0.031242168
4.1950002,-0.42081594,0.14109884
4.1960001,-0.37215379,0.2418465
4.197,-0.29994747,0.32712829
4.198,-0.20885338,0.39160529
4.1989999,-0.10469192,0.43128544
4.1999998,0.0059298808,0.44376281
4.2010002,0.11604012,0.42835531
4.2020001,0.21874216,0.38613248
4.2030001,0.30764544,0.31983364
4.204,0.37725955,0.23368204
4.2049999,0.4233281,0.13310947
4.2059999,0.44308195,0.024408456
4.2069998,0.43539813,-0.085664615
4.2080002,0.40085435,-0.1903111
4.2090001,0.34167856,-0.2831091
4.21,0.26159778,-0.35840473
4.211,0.16559663,-0.41165212
4.2119999,0.059601102,-0.43968141
4.2129998,-0.04989085,-0.44088009
4.2140002,-0.15620962,-0.41527709
4.2150002,-0.25292021,-0.3645272
4.2160001,-0.33420965,-0.29179582
4.217,-0.39523247,-0.20155489
4.2179999,-0.43239367,-0.099301912
4.2189999,-0.44355401,0.0087791886
4.2199998,-0.42814496,0.11619487
4.2210002,-0.38718861,0.21653271
4.2220001,-0.32322282,0.30384281
4.223,-0.24013685,0.3729876
4.224,-0.14292845,0.41993922
4.2249999,-0.037398405,0.44200775
4.2259998,0.070198908,0.43798807
4.2270002,0.17352758,0.40821752
4.2280002,0.26654294,0.35454217
4.2290001,0.34384283,0.28019521
4.23,0.4009771,0.18959552
4.2309999,0.43469855,0.088079967
4.2319999,0.44314066,-0.018415244
4.2329998,0.42591307,-0.12370393
4.2340002,0.38411096,-0.22170964
4.2350001,0.3202385,-0.306815
4.2360001,0.2380521,-0.37418056
4.237,0.14233348,-0.42001531
4.2379999,0.038606882,-0.44178376
4.2389998,-0.067182727,-0.43833953
4.2399998,-0.16901191,-0.40997773
4.2410002,-0.2611213,-0.35840499
4.2420001,-0.33833912,-0.28663003
4.243,-0.39636791,-0.19878194
4.244,-0.43201846,-0.099867381
4.2449999,-0.44337872,0.0045187594
4.2459998,-0.42990914,0.10851204
4.2470002,-0.39246029,0.20630857
4.2480001,-0.33321273,0.29248798
4.2490001,-0.25554326,0.36231092
4.25,-0.16382697,0.41197556
4.2509999,-0.063186094,0.43881908
4.2519999,0.04079929,0.44145402
4.2529998,0.14240243,0.41983253
4.2540002,0.23606522,0.37523666
4.2550001,0.31670067,0.31019589
4.256,0.37996605,0.22833771
4.257,0.42249215,0.13417962
4.2579999,0.44205704,0.032876071
4.2589998,0.43769547,-0.070066601
4.2600002,0.40973952,-0.16909051
4.2610002,0.35978815,-0.25888601
4.2620001,0.29060975,-0.33467427
4.263,0.20598279,-0.39245802
4.2639999,0.11048478,-0.42922798
4.2649999,0.0092407707,-0.44311342
4.2659998,-0.092353873,-0.43347085
4.2670002,-0.18892173,-0.40090653
4.2680001,-0.27538723,-0.34723279
4.2690001,-0.34724116,-0.27536082
4.27,-0.40077209,-0.18913752
4.2709999,-0.4332532,-0.093134969
4.2719998,-0.4430756,0.0075951675
4.2729998,-0.42982119,0.10778962
4.2740002,-0.39427328,0.20224895
4.2750001,-0.33836424,0.28610626
4.276,-0.2650651,0.35507572
4.277,-0.17822202,0.40566772
4.2779999,-0.082350373,0.43536067
4.2789998,0.017603004,0.44272074
4.2800002,0.11651687,0.42746502
4.2810001,0.20935835,0.39046463
4.2820001,0.29143786,0.33368924
4.283,0.3586435,0.26009673
4.2839999,0.40764335,0.17347418
4.2849998,0.43604589,0.078238755
4.2859998,0.44251096,-0.020790391
4.2870002,0.42680693,-0.11863757
4.2880001,0.38981137,-0.21042085
4.289,0.33345655,-0.29159454
4.29,0.26062298,-0.35817188
4.2909999,0.17498745,-0.40691712
4.2919998,0.080833487,-0.43549833
4.2930002,-0.017165821,-0.44259334
4.2940001,-0.11418137,-0.4279449
4.2950001,-0.20546626,-0.39236265
4.296,-0.286587,-0.3376734
4.2969999,-0.35363665,-0.26662171
4.2979999,-0.40341941,-0.18272759
4.2989998,-0.43359846,-0.090108186
4.3000002,-0.44280055,0.0067271143
4.3010001,-0.43067259,0.1030979
4.302,-0.39788839,0.1943794
4.303,-0.34610617,0.27622357
4.3039999,-0.27787969,0.34476396
4.3049998,-0.19652748,0.39679545
4.3060002,-0.10596752,0.42991966
4.3070002,-0.01052571,0.44265059
4.3080001,0.08527264,0.43447572
4.309,0.17691797,0.40587047
4.3099999,0.26012817,0.35826579
4.3109999,0.33104676,0.29397154
4.3119998,0.38641876,0.21605988
4.3130002,0.42373636,0.12821446
4.3140001,0.44134751,0.034553174
4.3150001,0.43852395,-0.060566895
4.316,0.41548541,-0.15275298
4.3169999,0.37337998,-0.23777926
4.3179998,0.3142218,-0.31177908
4.3189998,0.24079023,-0.37141827
4.3200002,0.15649511,-0.41404179
4.3210001,0.06521529,-0.4377878
4.322,-0.028882191,-0.44166371
4.323,-0.12153355,-0.42558244
4.3239999,-0.20857149,-0.39035687
4.3249998,-0.28611165,-0.33765426
4.3260002,-0.35072386,-0.26991254
4.3270001,-0.39958072,-0.19022334
4.3280001,-0.43057749,-0.10218768
4.329,-0.44241816,-0.0097504994
4.3299999,-0.43466446,0.082977645
4.3309999,-0.40774634,0.17190389
4.3319998,-0.36293402,0.25313318
4.3330002,-0.3022736,0.32313719
4.3340001,-0.22848922,0.37890515
4.335,-0.14485709,0.41806972
4.336,-0.055057276,0.43900332
4.3369999,0.036990356,0.44088125
4.3379998,0.12729819,0.42370871
4.3390002,0.21198359,0.38831189
4.3400002,0.28743476,0.33629403
4.3410001,0.35046273,0.26995826
4.342,0.39843342,0.19220197
4.3429999,0.42937368,0.10638687
4.3439999,0.44204849,0.016191384
4.3449998,0.43600526,-0.074548557
4.3460002,0.41158482,-0.16200323
4.3470001,0.36989847,-0.2425103
4.348,0.3127732,-0.31272671
4.349,0.2426677,-0.36976528
4.3499999,0.16256297,-0.41131029
4.3509998,0.075832665,-0.43570763
4.3520002,-0.013900857,-0.44202638
4.3530002,-0.10291905,-0.4300895
4.3540001,-0.18756144,-0.40047318
4.355,-0.26437542,-0.35447484
4.3559999,-0.33025545,-0.29405236
4.3569999,-0.382566,-0.22173706
4.3579998,-0.41924408,-0.1405243
4.3590002,-0.43887642,-0.053747013
4.3600001,-0.44074979,0.035062816
4.3610001,-0.42487219,0.1223188
4.362,-0.39196464,0.20452492
4.3629999,-0.34342456,0.2784147
4.3639998,-0.28126243,0.34107918
4.3649998,-0.20801517,0.39007893
4.3660002,-0.12663965,0.42353582
4.3670001,-0.040390875,0.44020116
4.368,0.047309611,0.43949804
4.369,0.13301016,0.42153671
4.3699999,0.21336474,0.38710278
4.3709998,0.28526255,0.33761883
4.3720002,0.34594667,0.27508214
4.3730001,0.39311716,0.20198071
4.3740001,0.42501524,0.12119141
4.375,0.44048497,0.035864722
4.3759999,0.43901113,-0.050699599
4.3769999,0.42073181,-0.13518071
4.3779998,0.38642597,-0.2143639
4.3790002,0.33747646,-0.28526193
4.3800001,0.27581075,-0.3452259
4.381,0.20382187,-0.39204186
4.382,0.12427294,-0.42400956
4.3829999,0.04018886,-0.44000041
4.3839998,-0.045259919,-0.43949363
4.3850002,-0.12887765,-0.42258868
4.3860002,-0.20756264,-0.38999474
4.3870001,-0.2784214,-0.34299728
4.388,-0.33887339,-0.28340411
4.3889999,-0.38674271,-0.2134725
4.3899999,-0.42033359,-0.13582136
4.3909998,-0.43848705,-0.053330835
4.3920002,-0.44061714,0.030965807
4.3930001,-0.42672569,0.11399444
4.3940001,-0.39739567,0.19275218
4.395,-0.35376325,0.2644152
4.3959999,-0.29747066,0.32643861
4.3969998,-0.23060106,0.37664458
4.3979998,-0.15559912,0.41329637
4.3990002,-0.075179353,0.43515515
4.4000001,0.007773621,0.44151831
4.401,0.090309359,0.43223828
4.402,0.16951668,0.40772125
4.4029999,0.24262589,0.36890647
4.4039998,0.30710435,0.31722698
4.4050002,0.36074245,0.25455374
4.4060001,0.4017269,0.18312523
4.4070001,0.42869923,0.10546529
4.408,0.44079745,0.024292262
4.4089999,0.43768007,-0.057577174
4.4099998,0.41953182,-0.13732614
4.4109998,0.38705099,-0.21223423
4.4120002,0.34141946,-0.27976945
4.4130001,0.28425685,-0.33767223
4.414,0.21756026,-0.384029
4.415,0.14363216,-0.41733289
4.4159999,0.064999044,-0.43652976
4.4169998,-0.0156761,-0.44104815
4.4180002,-0.09568473,-0.43081284
4.4190001,-0.17236374,-0.4062413
4.4200001,-0.24318358,-0.36822408
4.421,-0.30583048,-0.31808937
4.4219999,-0.35828048,-0.25755402
4.4229999,-0.39886257,-0.18866228
4.4239998,-0.4263092,-0.11371468
4.4250002,-0.43979308,-0.035189718
4.4260001,-0.43894869,0.044339117
4.427,-0.42387867,0.12228811
4.428,-0.39514476,0.19614713
4.4289999,-0.35374406,0.26355973
4.4299998,-0.30107176,0.32239699
4.4310002,-0.23887156,0.37082314
4.4320002,-0.16917568,0.40735039
4.4330001,-0.094236732,0.43088225
4.434,-0.016453475,0.44074321
4.4349999,0.061706651,0.43669528
4.4359999,0.13778616,0.41893983
4.4369998,0.2094145,0.38810599
4.4380002,0.27438107,0.3452256
4.4390001,0.33070219,0.29169628
4.4400001,0.37667981,0.22923326
4.441,0.41095057,0.15981252
4.4419999,0.43252367,0.085606582
4.4429998,0.4408066,0.0089153545
4.4439998,0.43561843,-0.06790591
4.4450002,0.41719007,-0.14251913
4.4460001,0.38615218,-0.21267422
4.447,0.34351102,-0.27627617
4.448,0.29061335,-0.33144632
4.4489999,0.22910175,-0.37657613
4.4499998,0.16086149,-0.4103719
4.4510002,0.087961391,-0.43188953
4.4520001,0.012589802,-0.44055817
4.4530001,-0.063011706,-0.43619224
4.454,-0.13661522,-0.41899228
4.4549999,-0.20607185,-0.38953391
4.4559999,-0.26937383,-0.34874633
4.4569998,-0.32471117,-0.29788053
4.4580002,-0.37052205,-0.23846892
4.4590001,-0.40553471,-0.17227712
4.46,-0.42880058,-0.10125008
4.461,-0.4397175,-0.0274537
4.4619999,-0.43804237,0.046985947
4.4629998,-0.42389354,0.11994415
4.4640002,-0.39774281,0.18935804
4.4650002,-0.3603974,0.25328431
4.4660001,-0.31297275,0.30995259
4.467,-0.25685731,0.35781306
4.4679999,-0.19366968,0.39557695
4.4689999,-0.12521072,0.42224935
4.4699998,-0.053410798,0.43715283
4.4710002,0.019725366,0.4399423
4.4720001,0.092175111,0.43061006
4.473,0.16195376,0.40948159
4.474,0.22716853,0.37720215
4.4749999,0.2860691,0.33471513
4.4759998,0.33709332,0.28323227
4.4770002,0.37890717,0.22419725
4.4780002,0.41043764,0.15924363
4.4790001,0.43089831,0.090148345
4.48,0.43980646,0.018782144
4.4809999,0.43699199,-0.052941632
4.4819999,0.42259783,-0.12311855
4.4829998,0.39707175,-0.18990345
4.4840002,0.36115065,-0.25155836
4.4850001,0.3158372,-0.30649686
4.4860001,0.26236999,-0.35332343
4.487,0.2021879,-0.3908675
4.4879999,0.13689017,-0.41821077
4.4889998,0.068192631,-0.43470761
4.4899998,-0.0021180904,-0.43999788
4.4910002,-0.072231472,-0.4340125
4.4920001,-0.14035979,-0.41697109
4.493,-0.20478341,-0.38937256
4.494,-0.26389354,-0.35197842
4.4949999,-0.31623143,-0.30579013
4.4959998,-0.36052307,-0.25202036
4.4970002,-0.39570868,-0.19205976
4.4980001,-0.42096618,-0.12743962
4.4990001,-0.43572849,-0.059791848
4.5,-0.43969396,0.0091929613
4.5009999,-0.43283024,0.077808127
4.5019999,-0.41537127,0.1443731
4.5029998,-0.38780782,0.20727436
4.5040002,-0.35087195,0.26500386
4.5050001,-0.3055158,0.31619424
4.506,-0.25288543,0.35964993
4.507,-0.1942905,0.39437377
4.5079999,-0.13117035,0.419588
4.5089998,-0.065057814,0.43474984
4.5100002,0.0024586837,0.43956113
4.5110002,0.069773652,0.433972
4.5120001,0.13530274,0.41817838
4.513,0.19751978,0.39261404
4.5139999,0.25499177,0.35793689
4.5149999,0.30641094,0.31501052
4.5159998,0.35062361,0.26488104
4.5170002,0.38665447,0.20875035
4.5180001,0.41372669,0.14794603
4.5190001,0.43127689,0.083889052
4.52,0.4389649,0.018059947
4.5209999,0.43667844,-0.048035912
4.5219998,0.42453212,-0.11290278
4.5229998,0.4028618,-0.17508824
4.5240002,0.37221366,-0.23321532
4.5250001,0.33332893,-0.28601223
4.526,0.28712448,-0.33233929
4.527,0.23466983,-0.37121224
4.5279999,0.17716126,-0.40182191
4.5289998,0.11589348,-0.42354915
4.5300002,0.052229702,-0.4359757
4.5310001,-0.01242865,-0.43889159
4.5320001,-0.076673768,-0.43229496
4.533,-0.13912179,-0.41638988
4.5339999,-0.19844243,-0.39157832
4.5349998,-0.25338668,-0.35844898
4.5359998,-0.30281234,-0.31776199
4.5370002,-0.34570679,-0.27042979
4.5380001,-0.38120666,-0.21749578
4.539,-0.40861371,-0.16011
4.54,-0.42740709,-0.09950351
4.5409999,-0.43725163,-0.03696131
4.5419998,-0.43800196,0.026205303
4.5430002,-0.42970267,0.088686407
4.5440001,-0.4125846,0.14920054
4.5450001,-0.38705707,0.20652066
4.546,-0.35369688,0.25949854
4.5469999,-0.313234,0.30708691
4.5479999,-0.26653427,0.34835935
4.5489998,-0.21457982,0.38252711
4.5500002,-0.15844747,0.40895292
4.5510001,-0.099285722,0.42716151
4.552,-0.03829056,0.43684646
4.553,0.023318969,0.43787384
4.5539999,0.084325321,0.43028203
4.5549998,0.14353645,0.41427851
4.5560002,0.19980882,0.39023286
4.5570002,0.25206897,0.35866722
4.5580001,0.29933339,0.32024372
4.559,0.34072608,0.2757493
4.5599999,0.37549388,0.22607869
4.5609999,0.40301883,0.17221549
4.5619998,0.42282805,0.11521199
4.5630002,0.43460023,0.056167956
4.5640001,0.43816954,-0.0037908545
4.5650001,0.4335261,-0.063534416
4.566,0.42081371,-0.12194971
4.5669999,0.40032485,-0.17796126
4.5679998,0.37249267,-0.23055053
4.5689998,0.33788082,-0.2787739
4.5700002,0.29717088,-0.32177889
4.5710001,0.25114802,-0.35881832
4.572,0.20068489,-0.3892622
4.573,0.14672445,-0.4126074
4.5739999,0.090261593,-0.42848465
4.5749998,0.0323245,-0.43666297
4.5760002,-0.02604443,-0.43705165
4.5770001,-0.083807394,-0.42969954
4.5780001,-0.13994958,-0.41479182
4.579,-0.1934967,-0.39264464
4.5799999,-0.24353158,-0.3636972
4.5809999,-0.28920919,-0.32850221
4.5819998,-0.32977027,-0.28771421
4.5830002,-0.364553,-0.24207662
4.5840001,-0.39300302,-0.19240735
4.585,-0.41468087,-0.13958354
4.586,-0.42926788,-0.084525466
4.5869999,-0.43656948,-0.028180227
4.5879998,-0.43651631,0.02849484
4.5890002,-0.42916346,0.084548458
4.5900002,-0.41468734,0.1390513
4.5910001,-0.3933807,0.19111118
4.592,-0.36564577,0.23988722
4.5929999,-0.33198577,0.284603
4.5939999,-0.29299489,0.32455811
4.5949998,-0.24934697,0.35913852
4.5960002,-0.20178317,0.38782495
4.5970001,-0.1510987,0.41019985
4.598,-0.098129116,0.42595232
4.599,-0.043736156,0.43488118
4.5999999,0.011206549,0.4368965
4.6009998,0.065827556,0.43201897
4.6020002,0.11927141,0.42037758
4.6030002,0.17071187,0.40220594
4.6040001,0.21936437,0.37783656
4.605,0.26449752,0.34769401
4.6059999,0.30544356,0.3122867
4.6069999,0.3416076,0.27219757
4.6079998,0.3724755,0.22807376
4.6090002,0.39762026,0.18061557
4.6100001,0.41670698,0.13056484
4.6110001,0.42949641,0.07869298
4.612,0.43584672,0.025788795
4.6129999,0.43571404,-0.027353669
4.6139998,0.42915121,-0.079947092
4.6149998,0.41630533,-0.13122244
4.6160002,0.39741397,-0.18044004
4.6170001,0.37279981,-0.22689992
4.618,0.34286469,-0.26995131
4.619,0.30808207,-0.3090013
4.6199999,0.26898897,-0.34352231
4.6209998,0.22617707,-0.37305853
4.6220002,0.18028317,-0.39723119
4.6230001,0.13197939,-0.41574246
4.6240001,0.081962831,-0.42837831
4.625,0.030945392,-0.4350099
4.6259999,-0.020356582,-0.43559381
4.6269999,-0.071232364,-0.43017122
4.6279998,-0.12098663,-0.4188655
4.6290002,-0.1689488,-0.40187928
4.6300001,-0.21448179,-0.37948987
4.631,-0.25699013,-0.3520444
4.632,-0.29592726,-0.31995344
4.6329999,-0.33080202,-0.28368455
4.6339998,-0.36118433,-0.2437547
4.6350002,-0.3867096,-0.20072247
4.6360002,-0.40708253,-0.15517984
4.6370001,-0.42207959,-0.1077437
4.638,-0.43155074,-0.059047174
4.6389999,-0.43541983,-0.0097310739
4.6399999,-0.43368429,0.039564654
4.6409998,-0.42641369,0.088209204
4.6420002,-0.41374752,0.1355889
4.6430001,-0.39589196,0.1811147
4.6440001,-0.37311608,0.22422932
4.645,-0.34574705,0.26441365
4.6459999,-0.31416494,0.30119255
4.6469998,-0.27879697,0.33414
4.6479998,-0.24011119,0.36288348
4.6490002,-0.19860977,0.38710752
4.6500001,-0.15482233,0.40655646
4.651,-0.10929869,0.42103645
4.652,-0.062601842,0.43041661
4.6529999,-0.015300819,0.43462932
4.6539998,0.032036304,0.43366984
4.6550002,0.078849226,0.42759499
4.6560001,0.12459198,0.4165214
4.6570001,0.16873913,0.40062287
4.658,0.21079153,0.38012707
4.6589999,0.25028175,0.35531187
4.6599998,0.28677884,0.32650104
4.6609998,0.31989262,0.2940596
4.6620002,0.34927735,0.25838867
4.6630001,0.37463483,0.21992019
4.664,0.39571682,0.17911132
4.665,0.41232678,0.1364387
4.6659999,0.42432114,0.092392758
4.6669998,0.43160975,0.04747178
4.6680002,0.43415576,0.0021762743
4.6690001,0.43197501,-0.04299669
4.6700001,0.42513457,-0.087558873
4.671,0.41375124,-0.13103606
4.6719999,0.39798892,-0.17297295
4.6729999,0.37805605,-0.21293767
4.6739998,0.35420227,-0.25052601
4.6750002,0.32671502,-0.2853651
4.6760001,0.29591551,-0.31711677
4.677,0.26215479,-0.34548041
4.678,0.2258092,-0.37019533
4.6789999,0.18727599,-0.39104253
4.6799998,0.14696878,-0.40784636
4.6810002,0.10531281,-0.42047504
4.6820002,0.062740363,-0.42884144
4.6830001,0.019686211,-0.43290269
4.684,-0.023416916,-0.43265986
4.6849999,-0.066142634,-0.42815697
4.6859999,-0.10807505,-0.41947943
4.6869998,-0.14881273,-0.40675256
4.6880002,-0.18797229,-0.39013922
4.6890001,-0.22519192,-0.36983752
4.6900001,-0.26013428,-0.34607804
4.691,-0.29248944,-0.31912082
4.6919999,-0.32197708,-0.28925231
4.6929998,-0.34834871,-0.25678188
4.6939998,-0.37138927,-0.2220384
4.6950002,-0.39091831,-0.18536671
4.6960001,-0.40679118,-0.14712387
4.697,-0.41889933,-0.10767572
4.698,-0.4271706,-0.067393064
4.6989999,-0.4315691,-0.026648223
4.6999998,-0.43209466,0.014188461
4.7010002,-0.42878205,0.054751989
4.7020001,-0.42169982,0.094685897
4.7030001,-0.41094896,0.13364531
4.704,-0.39666116,0.17129976
4.7049999,-0.378997,0.20733581
4.7059999,-0.35814378,0.24145947
4.7069998,-0.33431327,0.27339834
4.7080002,-0.30773935,0.30290344
4.7090001,-0.27867532,0.3297509
4.71,-0.24739125,0.35374328
4.711,-0.21417145,0.37471068
4.7119999,-0.17931144,0.39251146
4.7129998,-0.14311534,0.40703285
4.7140002,-0.10589305,0.41819119
4.7150002,-0.067957446,0.42593199
4.7160001,-0.029621817,0.43022951
4.717,0.0088028517,0.43108648
4.7179999,0.047010325,0.42853332
4.7189999,0.084701531,0.42262715
4.7199998,0.1215868,0.41345075
4.7210002,0.15738802,0.40111127
4.7220001,0.1918405,0.38573873
4.723,0.22469486,0.36748442
4.724,0.25571853,0.34651923
4.7249999,0.28469723,0.32303172
4.7259998,0.31143618,0.2972264
4.7270002,0.33576107,0.26932144
4.7280002,0.35751894,0.23954695
4.7290001,0.3765789,0.20814277
4.73,0.39283234,0.17535634
4.7309999,0.40619341,0.14144081
4.7319999,0.41659904,0.10665283
4.7329998,0.42400873,0.071250618
4.7340002,0.42840439,0.035492025
4.7350001,0.42978981,-0.00036739098
4.7360001,0.42819017,-0.036076169
4.737,0.42365116,-0.071388654
4.7379999,0.41623828,-0.10606663
4.7389998,0.40603575,-0.13988082
4.7399998,0.39314544,-0.17261229
4.7410002,0.37768576,-0.20405376
4.7420001,0.35979024,-0.23401067
4.743,0.33960634,-0.26230228
4.744,0.31729409,-0.28876254
4.7449999,0.29302445,-0.3132408
4.7459998,0.26697809,-0.33560246
4.7470002,0.23934373,-0.35572949
4.7480001,0.21031675,-0.37352064
4.7490001,0.18009764,-0.38889167
4.75,0.14889066,-0.40177581
4.7509999,0.11690222,-0.41212368
4.7519999,0.084339567,-0.41990232
4.7529998,0.05140936,-0.42509618
4.7540002,0.018316457,-0.42770556
4.7550001,-0.014737551,-0.42774722
4.756,-0.047555279,-0.42525285
4.757,-0.079944909,-0.42026934
4.7579999,-0.11172108,-0.41285738
4.7589998,-0.14270587,-0.4030911
4.7600002,-0.17272995,-0.39105725
4.7610002,-0.2016328,-0.37685382
4.7620001,-0.22926429,-0.36058992
4.763,-0.25548431,-0.34238398
4.7639999,-0.28016433,-0.32236341
4.7649999,-0.30318689,-0.30066311
4.7659998,-0.32444686,-0.2774249
4.7670002,-0.34385088,-0.25279602
4.7680001,-0.36131832,-0.22692858
4.7690001,-0.37678069,-0.19997811
4.77,-0.39018229,-0.1721029
4.7709999,-0.40147975,-0.14346276
4.7719998,-0.41064194,-0.11421832
4.7729998,-0.41765022,-0.084529787
4.7740002,-0.42249742,-0.054556418
4.7750001,-0.42518836,-0.024455277
4.776,-0.42573872,0.0056191501
4.777,-0.42417532,0.03551615
4.7779999,-0.42053497,0.065089077
4.7789998,-0.4148646,0.094196416
4.7800002,-0.40722018,0.12270202
4.7810001,-0.39766648,0.15047596
4.7820001,-0.38627633,0.17739487
4.783,-0.37313002,0.20334239
4.7839999,-0.35831463,0.22820975
4.7849998,-0.34192336,0.25189564
4.7859998,-0.32405496,0.27430719
4.7870002,-0.30481294,0.2953594
4.7880001,-0.28430495,0.31497613
4.789,-0.26264209,0.33308938
4.79,-0.23993829,0.34964013
4.7909999,-0.21630962,0.36457774
4.7919998,-0.19187364,0.3778604
4.7930002,-0.16674882,0.38945472
4.7940001,-0.14105393,0.3993358
4.7950001,-0.11490743,0.40748706
4.796,-0.088426955,0.4138999
4.7969999,-0.06172872,0.4185738
4.7979999,-0.034927171,0.42151564
4.7989998,-0.0081342515,0.42273989
4.8000002,0.018540706,0.42226785
4.8010001,0.044991743,0.42012766
4.802,0.071116306,0.41635373
4.803,0.096815914,0.41098657
4.8039999,0.12199621,0.40407223
4.8049998,0.1465674,0.39566204
4.8060002,0.17044444,0.38581204
4.8070002,0.19354725,0.37458286
4.8080001,0.21580094,0.36203894
4.809,0.23713581,0.34824845
4.8099999,0.25748777,0.33328271
4.8109999,0.27679804,0.31721568
4.8119998,0.29501361,0.30012384
4.8130002,0.31208682,0.28208548
4.8140001,0.3279759,0.26318055
4.8150001,0.34264442,0.24349011
4.816,0.35606167,0.22309604
4.8169999,0.3682023,0.20208064
4.8179998,0.37904638,0.1805263
4.8189998,0.38857928,0.15851519
4.8200002,0.39679143,0.13612887
4.8210001,0.40367839,0.11344805
4.822,0.40924039,0.090552323
4.823,0.41348255,0.067519769
4.8239999,0.4164142,0.044426896
4.8249998,0.41804916,0.021348203
4.8260002,0.41840526,-0.0016438453
4.8270001,0.41750416,-0.02447919
4.8280001,0.41537115,-0.047090206
4.829,0.41203499,-0.069411978
4.8299999,0.40752757,-0.091382369
4.8309999,0.40188369,-0.11294218
4.8319998,0.39514092,-0.13403527
4.8330002,0.38733926,-0.15460859
4.8340001,0.378521,-0.17461234
4.835,0.36873028,-0.19399992
4.836,0.35801315,-0.21272811
4.8369999,0.34641716,-0.23075697
4.8379998,0.33399117,-0.24804994
4.8390002,0.32078505,-0.26457375
4.8400002,0.30684969,-0.28029856
4.8410001,0.29223651,-0.29519776
4.842,0.27699751,-0.309248
4.8429999,0.26118487,-0.32242921
4.8439999,0.24485096,-0.33472449
4.8449998,0.22804797,-0.34612
4.8460002,0.21082787,-0.3566049
4.8470001,0.19324221,-0.36617139
4.848,0.17534196,-0.37481445
4.849,0.15717737,-0.38253185
4.8499999,0.13879788,-0.38932395
4.8509998,0.1202519,-0.39519373
4.8520002,0.1015868,-0.4001466
4.8530002,0.082848713,-0.40419024
4.8540001,0.064082526,-0.40733463
4.855,0.045331728,-0.4095917
4.8559999,0.026638331,-0.41097552
4.8569999,0.0080428608,-0.4115018
4.8579998,-0.010415792,-0.41118813
4.8590002,-0.028700333,-0.41005364
4.8600001,-0.046775199,-0.40811893
4.8610001,-0.06460651,-0.40540597
4.862,-0.082162179,-0.4019379
4.8629999,-0.099411868,-0.39773908
4.8639998,-0.11632704,-0.39283475
4.8649998,-0.13288096,-0.38725114
4.8660002,-0.14904869,-0.38101512
4.8670001,-0.16480711,-0.37415436
4.868,-0.18013488,-0.36669695
4.869,-0.19501241,-0.35867155
4.8699999,-0.2094219,-0.35010707
4.8709998,-0.22334729,-0.34103271
4.8720002,-0.23677419,-0.33147788
4.8730001,-0.24968992,-0.32147199
4.8740001,-0.26208338,-0.31104448
4.875,-0.27394512,-0.30022466
4.8759999,-0.2852672,-0.28904179
4.8769999,-0.29604325,-0.27752471
4.8779998,-0.30626827,-0.26570213
4.8790002,-0.31593877,-0.25360233
4.8800001,-0.32505253,-0.24125309
4.881,-0.33360872,-0.22868186
4.882,-0.34160769,-0.21591543
4.8829999,-0.34905103,-0.20298009
4.8839998,-0.35594144,-0.18990149
4.8850002,-0.36228275,-0.1767046
4.8860002,-0.36807978,-0.16341373
4.8870001,-0.37333834,-0.15005247
4.888,-0.37806517,-0.13664366
4.8889999,-0.38226777,-0.12320934
4.8899999,-0.38595459,-0.10977079
4.8909998,-0.38913473,-0.096348464
4.8920002,-0.39181802,-0.082961999
4.8930001,-0.39401487,-0.069630191
4.8940001,-0.39573634,-0.056371037
4.895,-0.39699399,-0.043201648
4.8959999,-0.39779988,-0.03013831
4.8969998,-0.39816651,-0.017196439
4.8979998,-0.39810669,-0.004390582
4.8990002,-0.39763367,0.0082655894
4.9000001,-0.39676085,0.020759288
4.901,-0.39550209,0.033078231
4.902,-0.39387125,0.045211304
4.9029999,-0.39188245,0.057148125
4.9039998,-0.38954994,0.068878993
4.9050002,-0.38688809,0.080395028
4.9060001,-0.38391122,0.091688193
4.9070001,-0.38063371,0.10275113
4.908,-0.3770701,0.11357713
4.9089999,-0.3732346,0.12416033
4.9099998,-0.36914152,0.13449554
4.9109998,-0.36480516,0.1445781
4.9120002,-0.36023954,0.15440415
4.9130001,-0.3554585,0.16397041
4.914,-0.35047591,0.17327417
4.915,-0.34530532,0.18231334
4.9159999,-0.33996013,0.19108635
4.9169998,-0.3344534,0.19959223
4.9180002,-0.3287982,0.20783044
4.9190001,-0.32300711,0.21580099
4.9200001,-0.31709245,0.22350432
4.921,-0.31106654,0.23094134
4.9219999,-0.30494109,0.23811336
4.9229999,-0.29872763,0.24502209
4.9239998,-0.29243752,0.25166962
4.9250002,-0.28608164,0.2580584
4.9260001,-0.2796706,0.26419118
4.927,-0.27321467,0.27007106
4.928,-0.26672393,0.27570143
4.9289999,-0.26020801,0.28108591
4.9299998,-0.25367618,0.28622839
4.9310002,-0.24713753,0.29113302
4.9320002,-0.24060072,0.29580411
4.9330001,-0.23407407,0.30024618
4.934,-0.22756565,0.30446392
4.9349999,-0.22108318,0.30846223
4.9359999,-0.21463402,0.31224602
4.9369998,-0.20822524,0.31582049
4.9380002,-0.20186366,0.3191908
4.9390001,-0.19555572,0.32236233
4.9400001,-0.18930756,0.32534039
4.941,-0.18312506,0.32813054
4.9419999,-0.17701381,0.33073822
4.9429998,-0.17097905,0.33316895
4.9439998,-0.16502585,0.33542839
4.9450002,-0.15915893,0.33752206
4.9460001,-0.15338275,0.33945554
4.947,-0.14770155,0.34123448
4.948,-0.14211929,0.34286436
4.9489999,-0.13663971,0.34435079
4.9499998,-0.13126628,0.34569919
4.9510002,-0.12600231,0.3469151
4.9520001,-0.12085082,0.34800383
4.9530001,-0.11581466,0.34897077
4.954,-0.11089645,0.34982121
4.9549999,-0.10609863,0.35056031
4.9559999,-0.10142346,0.35119319
4.9569998,-0.096873023,0.35172486
4.9580002,-0.092449196,0.3521603
4.9590001,-0.088153727,0.35250434
4.96,-0.08398819,0.35276169
4.961,-0.079954013,0.35293701
4.9619999,-0.076052487,0.35303479
4.9629998,-0.072284773,0.3530595
4.9640002,-0.068651877,0.35301536
4.9650002,-0.065154709,0.35290658
4.9660001,-0.061794076,0.35273719
4.967,-0.058570649,0.35251111
4.9679999,-0.05548501,0.35223216
4.9689999,-0.052537657,0.351904
4.9699998,-0.04972899,0.35153013
4.9710002,-0.047059324,0.35111398
4.9720001,-0.044528905,0.3506588
4.973,-0.042137917,0.35016772
4.974,-0.03988646,0.34964374
4.9749999,-0.037773468,0.34908992
4.9759998,-0.035794396,0.34851003
4.9770002,-0.033944361,0.34790757
4.9780002,-0.032219198,0.34728563
4.9790001,-0.030615041,0.34664702
4.98,-0.029128091,0.34599456
4.9809999,-0.027754946,0.3453308
4.9819999,-0.026492598,0.34465799
4.9829998,-0.025338305,0.34397814
4.9840002,-0.024289565,0.34329313
4.9850001,-0.023344126,0.34260464
4.9860001,-0.022500012,0.34191406
4.987,-0.02175528,0.34122279
4.9879999,-0.021108251,0.340532
4.9889998,-0.020557318,0.33984268
4.9899998,-0.020101078,0.33915579
4.9910002,-0.019738177,0.33847204
4.9920001,-0.019467438,0.3377921
4.993,-0.019287737,0.33711645
4.994,-0.019198084,0.33644554
4.9949999,-0.019197546,0.33577961
4.9959998,-0.019285284,0.33511886
4.9970002,-0.019460516,0.33446336
4.9980001,-0.019722521,0.33381304
4.9990001,-0.020070624,0.33316779
5,-0.020504214,0.33252743
5,-0.020504214,0.33252743
5.0009999,-0.020953322,0.33189157
5.0019999,-0.021351922,0.33125988
5.0029998,-0.021704882,0.33063203
5.0040002,-0.022016661,0.33000779
5.0050001,-0.022291707,0.32938686
5.006,-0.022533912,0.32876903
5.007,-0.022746682,0.32815409
5.0079999,-0.022933047,0.32754183
5.0089998,-0.023095759,0.3269321
5.0100002,-0.023237284,0.32632473
5.0110002,-0.023359714,0.32571962
5.0120001,-0.02346495,0.32511663
5.013,-0.023554834,0.32451567
5.0139999,-0.023630897,0.32391661
5.0149999,-0.023694599,0.32331941
5.0159998,-0.023747215,0.32272393
5.0170002,-0.023789894,0.32213014
5.0180001,-0.023823678,0.32153797
5.0190001,-0.023849474,0.32094735
5.02,-0.023868131,0.32035825
5.0209999,-0.023880361,0.3197706
5.0219998,-0.023886843,0.31918436
5.0229998,-0.023888163,0.31859952
5.0240002,-0.023884859,0.31801599
5.0250001,-0.023877408,0.3174338
5.026,-0.023866238,0.3168529
5.027,-0.023851758,0.31627327
5.0279999,-0.023834348,0.31569484
5.0289998,-0.023814265,0.31511766
5.0300002,-0.02379181,0.31454167
5.0310001,-0.023767265,0.31396684
5.0320001,-0.023740871,0.31339321
5.033,-0.023712764,0.3128207
5.0339999,-0.023683164,0.31224933
5.0349998,-0.023652241,0.3116791
5.0359998,-0.023620132,0.31110999
5.0370002,-0.023586944,0.31054196
5.0380001,-0.023552807,0.30997506
5.039,-0.023517827,0.30940923
5.04,-0.023482084,0.30884448
5.0409999,-0.023445666,0.3082808
5.0419998,-0.023408655,0.30771819
5.0430002,-0.023371125,0.30715665
5.0440001,-0.023333117,0.30659616
5.0450001,-0.023294702,0.30603671
5.046,-0.023255941,0.30547833
5.0469999,-0.023216875,0.30492097
5.0479999,-0.023177529,0.30436468
5.0489998,-0.023137951,0.3038094
5.0500002,-0.02309818,0.30325514
5.0510001,-0.023058238,0.30270192
5.052,-0.023018142,0.30214971
5.053,-0.022977922,0.30159855
5.0539999,-0.022937594,0.30104837
5.0549998,-0.022897178,0.3004992
5.0560002,-0.022856688,0.29995108
5.0570002,-0.022816138,0.29940394
5.0580001,-0.022775542,0.29885781
5.059,-0.022734907,0.29831266
5.0599999,-0.022694243,0.29776856
5.0609999,-0.022653565,0.29722542
5.0619998,-0.022612881,0.29668328
5.0630002,-0.022572203,0.29614216
5.0640001,-0.022531539,0.29560199
5.0650001,-0.022490906,0.29506284
5.066,-0.02245027,0.29452467
5.0669999,-0.022409661,0.29398748
5.0679998,-0.022369083,0.29345125
5.0689998,-0.022328543,0.29291603
5.0700002,-0.022288051,0.29238179
5.0710001,-0.022247611,0.29184851
5.072,-0.022207232,0.29131621
5.073,-0.02216691,0.2907849
5.0739999,-0.022126643,0.29025453
5.0749998,-0.02208644,0.28972512
5.0760002,-0.022046302,0.2891967
5.0770001,-0.022006234,0.28866926
5.0780001,-0.021966238,0.28814274
5.079,-0.021926312,0.28761721
5.0799999,-0.021886459,0.28709263
5.0809999,-0.021846667,0.286569
5.0819998,-0.021806944,0.28604633
5.0830002,-0.021767287,0.28552464
5.0840001,-0.021727692,0.28500387
5.085,-0.02168816,0.28448406
5.086,-0.021648686,0.2839652
5.0869999,-0.021609267,0.28344727
5.0879998,-0.021569932,0.28293031
5.0890002,-0.021530667,0.28241429
5.0900002,-0.021491468,0.28189918
5.0910001,-0.02145233,0.28138503
5.092,-0.021413254,0.28087184
5.0929999,-0.021374239,0.28035957
5.0939999,-0.02133528,0.27984822
5.0949998,-0.021296389,0.27933782
5.0960002,-0.021257576,0.27882835
5.0970001,-0.021218827,0.27831981
5.098,-0.021180144,0.27781218
5.099,-0.021141527,0.27730551
5.0999999,-0.021102976,0.27679974
5.1009998,-0.021064492,0.27629489
5.1020002,-0.021026073,0.27579099
5.1030002,-0.020987725,0.27528799
5.1040001,-0.020949446,0.27478588
5.105,-0.020911233,0.27428472
5.1059999,-0.02087309,0.27378446
5.1069999,-0.020835016,0.27328512
5.1079998,-0.020797011,0.27278671
5.1090002,-0.020759074,0.27228919
5.1100001,-0.020721206,0.27179256
5.1110001,-0.02068341,0.27129686
5.112,-0.020645684,0.27080205
5.1129999,-0.020608027,0.27030814
5.1139998,-0.02057044,0.26981515
5.1149998,-0.020532927,0.26932305
5.1160002,-0.020495482,0.26883185
5.1170001,-0.020458104,0.26834154
5.118,-0.020420784,0.26785213
5.119,-0.020383533,0.26736361
5.1199999,-0.020346351,0.26687598
5.1209998,-0.020309236,0.26638922
5.1220002,-0.02027219,0.26590338
5.1230001,-0.020235211,0.26541841
5.1240001,-0.020198299,0.26493433
5.125,-0.020161455,0.26445115
5.1259999,-0.020124681,0.26396883
5.1269999,-0.020087974,0.26348737
5.1279998,-0.020051334,0.26300681
5.1290002,-0.020014763,0.26252714
5.1300001,-0.019978261,0.26204833
5.131,-0.019941825,0.26157039
5.132,-0.019905454,0.26109332
5.1329999,-0.019869147,0.26061714
5.1339998,-0.019832907,0.26014179
5.1350002,-0.019796735,0.25966734
5.1360002,-0.019760627,0.25919375
5.1370001,-0.019724585,0.25872102
5.138,-0.019688612,0.25824916
5.1389999,-0.019652702,0.25777817
5.1399999,-0.019616861,0.25730801
5.1409998,-0.019581083,0.25683871
5.1420002,-0.019545373,0.25637028
5.1430001,-0.019509727,0.25590271
5.1440001,-0.019474149,0.25543597
5.145,-0.019438634,0.2549701
5.1459999,-0.019403186,0.25450507
5.1469998,-0.019367801,0.2540409
5.1479998,-0.019332478,0.25357756
5.1490002,-0.019297222,0.25311509
5.1500001,-0.019262029,0.25265345
5.151,-0.019226899,0.25219265
5.152,-0.019191835,0.25173268
5.1529999,-0.019156834,0.25127354
5.1539998,-0.019121898,0.25081527
5.1550002,-0.019087026,0.25035784
5.1560001,-0.019052215,0.24990121
5.1570001,-0.019017469,0.24944542
5.158,-0.018982787,0.24899048
5.1589999,-0.018948168,0.24853636
5.1599998,-0.01891361,0.24808307
5.1609998,-0.018879117,0.2476306
5.1620002,-0.018844686,0.24717896
5.1630001,-0.018810319,0.24672815
5.164,-0.018776014,0.24627815
5.165,-0.018741773,0.24582899
5.1659999,-0.018707594,0.24538064
5.1669998,-0.018673476,0.24493311
5.1680002,-0.018639421,0.24448639
5.1690001,-0.01860543,0.2440405
5.1700001,-0.018571498,0.24359541
5.171,-0.018537629,0.24315114
5.1719999,-0.018503822,0.24270767
5.1729999,-0.018470077,0.24226502
5.1739998,-0.018436391,0.24182318
5.1750002,-0.018402768,0.24138214
5.1760001,-0.018369207,0.2409419
5.177,-0.018335707,0.24050248
5.178,-0.018302267,0.24006385
5.1789999,-0.018268889,0.23962602
5.1799998,-0.018235572,0.23918898
5.1810002,-0.018202314,0.23875275
5.1820002,-0.018169116,0.23831731
5.1830001,-0.018135982,0.23788267
5.184,-0.018102905,0.23744881
5.1849999,-0.018069889,0.23701575
5.1859999,-0.018036934,0.23658349
5.1869998,-0.018004037,0.23615201
5.1880002,-0.017971201,0.23572131
5.1890001,-0.017938424,0.23529139
5.1900001,-0.017905707,0.23486227
5.191,-0.017873051,0.23443393
5.1919999,-0.017840456,0.23400638
5.1929998,-0.01780792,0.23357961
5.1939998,-0.017775442,0.23315361
5.1950002,-0.017743023,0.23272839
5.1960001,-0.017710665,0.23230395
5.197,-0.017678365,0.23188028
5.198,-0.017646125,0.23145738
5.1989999,-0.017613942,0.23103525
5.1999998,-0.017581819,0.2306139
5.2010002,-0.017549753,0.23019332
5.2020001,-0.017517745,0.22977349
5.2030001,-0.017485797,0.22935444
5.204,-0.017453907,0.22893615
5.2049999,-0.017422074,0.22851862
5.2059999,-0.017390301,0.22810185
5.2069998,-0.017358584,0.22768585
5.2080002,-0.017326927,0.2272706
5.2090001,-0.017295325,0.22685611
5.21,-0.017263781,0.22644237
5.211,-0.017232295,0.22602938
5.2119999,-0.017200867,0.22561716
5.2129998,-0.017169496,0.22520567
5.2140002,-0.017138181,0.22479494
5.2150002,-0.017106924,0.22438496
5.2160001,-0.017075723,0.22397572
5.217,-0.01704458,0.22356723
5.2179999,-0.017013492,0.22315948
5.2189999,-0.01698246,0.22275248
5.2199998,-0.016951486,0.22234622
5.2210002,-0.01692057,0.22194071
5.2220001,-0.016889712,0.22153595
5.223,-0.016858909,0.22113192
5.224,-0.016828161,0.22072864
5.2249999,-0.01679747,0.22032608
5.2259998,-0.016766835,0.21992426
5.2270002,-0.016736256,0.21952316
5.2280002,-0.016705733,0.21912281
5.2290001,-0.016675266,0.21872319
5.23,-0.016644854,0.21832429
5.2309999,-0.016614497,0.21792611
5.2319999,-0.016584195,0.21752867
5.2329998,-0.01655395,0.21713196
5.2340002,-0.016523758,0.21673596
5.2350001,-0.016493622,0.21634069
5.2360001,-0.016463542,0.21594612
5.237,-0.016433517,0.2155523
5.2379999,-0.016403545,0.21515918
5.2389998,-0.016373627,0.21476677
5.2399998,-0.016343765,0.21437508
5.2410002,-0.016313957,0.21398412
5.2420001,-0.016284203,0.21359384
5.243,-0.016254505,0.21320429
5.244,-0.016224859,0.21281545
5.2449999,-0.016195267,0.21242732
5.2459998,-0.01616573,0.21203989
5.2470002,-0.016136246,0.21165316
5.2480001,-0.016106816,0.21126714
5.2490001,-0.01607744,0.21088183
5.25,-0.016048118,0.21049722
5.2509999,-0.016018851,0.21011333
5.2519999,-0.015989635,0.20973013
5.2529998,-0.015960474,0.20934764
5.2540002,-0.015931366,0.20896584
5.2550001,-0.015902311,0.20858474
5.256,-0.015873309,0.20820433
5.257,-0.01584436,0.20782462
5.2579999,-0.015815463,0.20744561
5.2589998,-0.01578662,0.20706727
5.2600002,-0.015757829,0.20668964
5.2610002,-0.01572909,0.20631269
5.2620001,-0.015700404,0.20593642
5.263,-0.015671769,0.20556085
5.2639999,-0.015643189,0.20518595
5.2649999,-0.015614659,0.20481174
5.2659998,-0.015586182,0.20443821
5.2670002,-0.015557756,0.20406535
5.2680001,-0.015529382,0.2036932
5.2690001,-0.01550106,0.2033217
5.27,-0.015472789,0.20295088
5.2709999,-0.015444569,0.20258075
5.2719998,-0.015416402,0.20221128
5.2729998,-0.015388286,0.20184249
5.2740002,-0.01536022,0.20147437
5.2750001,-0.015332206,0.20110691
5.276,-0.015304243,0.20074013
5.277,-0.015276331,0.20037401
5.2779999,-0.01524847,0.20000856
5.2789998,-0.015220659,0.19964378
5.2800002,-0.015192901,0.19927968
5.2810001,-0.015165192,0.19891624
5.2820001,-0.015137535,0.19855347
5.283,-0.015109928,0.19819136
5.2839999,-0.015082371,0.1978299
5.2849998,-0.015054865,0.19746912
5.2859998,-0.015027408,0.19710898
5.2870002,-0.015000002,0.19674951
5.2880001,-0.014972646,0.19639067
5.289,-0.014945339,0.19603251
5.29,-0.014918083,0.195675
5.2909999,-0.014890877,0.19531813
5.2919998,-0.014863719,0.19496192
5.2930002,-0.014836611,0.19460636
5.2940001,-0.014809553,0.19425145
5.2950001,-0.014782543,0.19389717
5.296,-0.014755583,0.19354355
5.2969999,-0.014728673,0.19319057
5.2979999,-0.014701812,0.19283824
5.2989998,-0.014674999,0.19248654
5.3000002,-0.014648234,0.19213548
5.3010001,-0.014621519,0.19178507
5.302,-0.014594852,0.19143529
5.303,-0.014568235,0.19108614
5.3039999,-0.014541665,0.19073765
5.3049998,-0.014515144,0.19038977
5.3060002,-0.01448867,0.19004254
5.3070002,-0.014462246,0.18969592
5.3080001,-0.014435869,0.18934995
5.309,-0.01440954,0.18900461
5.3099999,-0.01438326,0.18865991
5.3109999,-0.014357029,0.18831584
5.3119998,-0.014330844,0.18797238
5.3130002,-0.014304709,0.18762957
5.3140001,-0.01427862,0.18728736
5.3150001,-0.014252579,0.1869458
5.316,-0.014226585,0.18660484
5.3169999,-0.014200639,0.18626451
5.3179998,-0.01417474,0.18592481
5.3189998,-0.014148888,0.18558572
5.3200002,-0.014123083,0.18524724
5.3210001,-0.014097326,0.18490939
5.322,-0.014071615,0.18457216
5.323,-0.014045952,0.18423553
5.3239999,-0.014020335,0.18389952
5.3249998,-0.013994765,0.18356413
5.3260002,-0.013969241,0.18322934
5.3270001,-0.013943763,0.18289517
5.3280001,-0.013918333,0.18256161
5.329,-0.013892949,0.18222864
5.3299999,-0.013867611,0.1818963
5.3309999,-0.013842319,0.18156455
5.3319998,-0.013817073,0.18123341
5.3330002,-0.013791873,0.18090287
5.3340001,-0.01376672,0.18057294
5.335,-0.013741612,0.18024361
5.336,-0.01371655,0.17991488
5.3369999,-0.013691533,0.17958674
5.3379998,-0.013666562,0.1792592
5.3390002,-0.013641637,0.17893226
5.3400002,-0.013616757,0.17860591
5.3410001,-0.013591922,0.17828017
5.342,-0.013567133,0.17795502
5.3429999,-0.013542389,0.17763045
5.3439999,-0.01351769,0.17730649
5.3449998,-0.013493036,0.1769831
5.3460002,-0.013468427,0.17666031
5.3470001,-0.013443862,0.17633812
5.348,-0.013419342,0.17601649
5.349,-0.013394868,0.17569548
5.3499999,-0.013370438,0.17537503
5.3509998,-0.013346052,0.17505516
5.3520002,-0.013321711,0.17473589
5.3530002,-0.013297413,0.1744172
5.3540001,-0.013273161,0.17409909
5.355,-0.013248953,0.17378154
5.3559999,-0.013224788,0.1734646
5.3569999,-0.013200669,0.17314821
5.3579998,-0.013176592,0.17283241
5.3590002,-0.013152559,0.17251718
5.3600001,-0.013128571,0.17220253
5.3610001,-0.013104626,0.17188846
5.362,-0.013080725,0.17157495
5.3629999,-0.013056867,0.17126201
5.3639998,-0.013033053,0.17094964
5.3649998,-0.013009282,0.17063785
5.3660002,-0.012985555,0.17032662
5.3670001,-0.01296187,0.17001596
5.368,-0.012938228,0.16970587
5.369,-0.012914631,0.16939634
5.3699999,-0.012891077,0.16908738
5.3709998,-0.012867564,0.16877899
5.3720002,-0.012844095,0.16847114
5.3730001,-0.012820669,0.16816388
5.3740001,-0.012797286,0.16785716
5.375,-0.012773944,0.16755101
5.3759999,-0.012750646,0.1672454
5.3769999,-0.01272739,0.16694038
5.3779998,-0.012704177,0.16663589
5.3790002,-0.012681006,0.16633196
5.3800001,-0.012657877,0.16602859
5.381,-0.01263479,0.16572577
5.382,-0.012611745,0.1654235
5.3829999,-0.012588742,0.16512178
5.3839998,-0.012565782,0.16482061
5.3850002,-0.012542863,0.16452
5.3860002,-0.012519986,0.16421993
5.3870001,-0.01249715,0.1639204
5.388,-0.012474357,0.16362143
5.3889999,-0.012451605,0.163323
5.3899999,-0.012428895,0.16302511
5.3909998,-0.012406225,0.16272776
5.3920002,-0.012383597,0.16243096
5.3930001,-0.012361011,0.16213471
5.3940001,-0.012338465,0.16183898
5.395,-0.012315961,0.1615438
5.3959999,-0.012293498,0.16124916
5.3969998,-0.012271076,0.16095506
5.3979998,-0.012248694,0.16066149
5.3990002,-0.012226353,0.16036846
5.4000001,-0.012204054,0.16007596
5.401,-0.012181794,0.159784
5.402,-0.012159576,0.15949257
5.4029999,-0.012137398,0.15920167
5.4039998,-0.012115261,0.1589113
5.4050002,-0.012093163,0.15862148
5.4060001,-0.012071107,0.15833215
5.4070001,-0.01204909,0.15804338
5.408,-0.012027114,0.15775512
5.4089999,-0.012005177,0.1574674
5.4099998,-0.011983281,0.15718019
5.4109998,-0.011961425,0.15689352
5.4120002,-0.011939608,0.15660736
5.4130001,-0.011917831,0.15632173
5.414,-0.011896095,0.15603662
5.415,-0.011874397,0.15575203
5.4159999,-0.01185274,0.15546796
5.4169998,-0.011831122,0.1551844
5.4180002,-0.011809544,0.15490137
5.4190001,-0.011788004,0.15461884
5.4200001,-0.011766504,0.15433685
5.421,-0.011745044,0.15405536
5.4219999,-0.011723622,0.15377437
5.4229999,-0.011702239,0.1534939
5.4239998,-0.011680895,0.15321393
5.4250002,-0.011659589,0.15293449
5.4260001,-0.011638323,0.15265554
5.427,-0.011617095,0.15237711
5.428,-0.011595907,0.15209919
5.4289999,-0.011574756,0.15182178
5.4299998,-0.011553644,0.15154487
5.4310002,-0.011532571,0.15126845
5.4320002,-0.011511536,0.15099256
5.4330001,-0.011490541,0.15071715
5.434,-0.011469582,0.15044226
5.4349999,-0.011448663,0.15016787
5.4359999,-0.011427781,0.14989397
5.4369998,-0.011406938,0.14962058
5.4380002,-0.011386132,0.14934768
5.4390001,-0.011365364,0.14907528
5.4400001,-0.011344635,0.14880338
5.441,-0.011323943,0.14853197
5.4419999,-0.011303289,0.14826106
5.4429998,-0.011282672,0.14799064
5.4439998,-0.011262094,0.14772072
5.4450002,-0.011241552,0.1474513
5.4460001,-0.011221048,0.14718235
5.447,-0.011200582,0.1469139
5.448,-0.011180153,0.14664595
5.4489999,-0.011159761,0.14637847
5.4499998,-0.011139407,0.14611149
5.4510002,-0.011119089,0.145845
5.4520001,-0.011098809,0.14557898
5.4530001,-0.011078565,0.14531347
5.454,-0.011058359,0.14504842
5.4549999,-0.01103819,0.14478387
5.4559999,-0.011018057,0.14451979
5.4569998,-0.010997961,0.1442562
5.4580002,-0.010977902,0.14399309
5.4590001,-0.010957879,0.14373048
5.46,-0.010937893,0.14346832
5.461,-0.010917944,0.14320664
5.4619999,-0.01089803,0.14294545
5.4629998,-0.010878153,0.14268474
5.4640002,-0.010858313,0.14242449
5.4650002,-0.010838509,0.14216474
5.4660001,-0.01081874,0.14190544
5.467,-0.010799008,0.14164662
5.4679999,-0.010779313,0.14138827
5.4689999,-0.010759653,0.1411304
5.4699998,-0.010740029,0.140873
5.4710002,-0.01072044,0.14061606
5.4720001,-0.010700887,0.1403596
5.473,-0.01068137,0.14010361
5.474,-0.010661889,0.13984807
5.4749999,-0.010642443,0.13959299
5.4759998,-0.010623032,0.13933839
5.4770002,-0.010603656,0.13908425
5.4780002,-0.010584316,0.13883057
5.4790001,-0.010565011,0.13857736
5.48,-0.010545742,0.1383246
5.4809999,-0.010526507,0.13807231
5.4819999,-0.010507308,0.13782048
5.4829998,-0.010488143,0.13756911
5.4840002,-0.010469014,0.13731819
5.4850001,-0.010449919,0.13706774
5.4860001,-0.010430859,0.13681774
5.487,-0.010411834,0.13656819
5.4879999,-0.010392844,0.1363191
5.4889998,-0.010373889,0.13607047
5.4899998,-0.010354968,0.1358223
5.4910002,-0.010336081,0.13557456
5.4920001,-0.010317229,0.13532729
5.493,-0.010298411,0.13508047
5.494,-0.010279628,0.1348341
5.4949999,-0.010260879,0.13458817
5.4959998,-0.010242164,0.13434269
5.4970002,-0.010223483,0.13409767
5.4980001,-0.010204837,0.13385308
5.4990001,-0.010186223,0.13360894
5.5,-0.010167645,0.13336526
5.5009999,-0.0101491,0.13312201
5.5019999,-0.010130589,0.13287921
5.5029998,-0.010112112,0.13263685
5.5040002,-0.010093668,0.13239494
5.5050001,-0.010075259,0.13215345
5.506,-0.010056883,0.13191243
5.507,-0.01003854,0.13167183
5.5079999,-0.010020231,0.13143167
5.5089998,-0.010001955,0.13119195
5.5100002,-0.0099837128,0.13095267
5.5110002,-0.0099655036,0.13071384
5.5120001,-0.009947327,0.13047543
5.513,-0.0099291848,0.13023746
5.5139999,-0.0099110752,0.12999992
5.5149999,-0.0098929983,0.12976281
5.5159998,-0.0098749548,0.12952614
5.5170002,-0.009856944,0.1292899
5.5180001,-0.0098389667,0.12905408
5.5190001,-0.009821021,0.12881871
5.52,-0.0098031089,0.12858376
5.5209999,-0.0097852293,0.12834924
5.5219998,-0.0097673824,0.12811515
5.5229998,-0.0097495681,0.12788148
5.5240002,-0.0097317863,0.12764825
5.5250001,-0.0097140372,0.12741543
5.526,-0.0096963206,0.12718305
5.527,-0.0096786357,0.12695108
5.5279999,-0.0096609825,0.12671953
5.5289998,-0.0096433619,0.12648842
5.5300002,-0.0096257739,0.12625772
5.5310001,-0.0096082175,0.12602744
5.5320001,-0.0095906928,0.12579757
5.533,-0.0095732007,0.12556812
5.5339999,-0.0095557403,0.12533911
5.5349998,-0.0095383115,0.12511051
5.5359998,-0.0095209144,0.12488231
5.5370002,-0.0095035499,0.12465454
5.5380001,-0.0094862161,0.12442718
5.539,-0.009468914,0.12420024
5.54,-0.0094516436,0.12397371
5.5409999,-0.0094344048,0.12374759
5.5419998,-0.0094171977,0.12352189
5.5430002,-0.0094000222,0.1232966
5.5440001,-0.0093828775,0.12307172
5.5450001,-0.0093657635,0.12284725
5.546,-0.0093486821,0.12262319
5.5469999,-0.0093316305,0.12239954
5.5479999,-0.0093146106,0.1221763
5.5489998,-0.0092976224,0.12195346
5.5500002,-0.0092806639,0.12173103
5.5510001,-0.0092637371,0.12150901
5.552,-0.0092468411,0.12128738
5.553,-0.0092299758,0.12106617
5.5539999,-0.0092131421,0.12084536
5.5549998,-0.0091963382,0.12062495
5.5560002,-0.0091795651,0.12040494
5.5570002,-0.0091628227,0.12018534
5.5580001,-0.0091461102,0.11996613
5.559,-0.0091294292,0.11974733
5.5599999,-0.0091127781,0.11952893
5.5609999,-0.0090961577,0.11931092
5.5619998,-0.0090795672,0.11909331
5.5630002,-0.0090630073,0.11887609
5.5640001,-0.0090464773,0.11865928
5.5650001,-0.009029977,0.11844286
5.566,-0.0090135075,0.11822683
5.5669999,-0.0089970678,0.1180112
5.5679998,-0.0089806588,0.11779597
5.5689998,-0.0089642787,0.11758112
5.5700002,-0.0089479294,0.11736666
5.5710001,-0.0089316098,0.1171526
5.572,-0.0089153191,0.11693893
5.573,-0.0088990591,0.11672565
5.5739999,-0.0088828281,0.11651276
5.5749998,-0.0088666268,0.11630026
5.5760002,-0.0088504553,0.11608814
5.5770001,-0.0088343136,0.11587641
5.5780001,-0.0088182008,0.11566507
5.579,-0.0088021178,0.11545411
5.5799999,-0.0087860636,0.11524354
5.5809999,-0.0087700393,0.11503335
5.5819998,-0.0087540438,0.11482354
5.5830002,-0.0087380772,0.11461411
5.5840001,-0.0087221395,0.11440507
5.585,-0.0087062316,0.11419641
5.586,-0.0086903526,0.11398812
5.5869999,-0.0086745024,0.11378022
5.5879998,-0.0086586811,0.1135727
5.5890002,-0.0086428877,0.11336555
5.5900002,-0.0086271241,0.11315879
5.5910001,-0.0086113894,0.1129524
5.592,-0.0085956836,0.11274639
5.5929999,-0.0085800057,0.11254075
5.5939999,-0.0085643567,0.11233549
5.5949998,-0.0085487356,0.1121306
5.5960002,-0.0085331444,0.11192609
5.5970001,-0.0085175801,0.11172194
5.598,-0.0085020456,0.11151817
5.599,-0.0084865382,0.11131478
5.5999999,-0.0084710596,0.11111175
5.6009998,-0.0084556099,0.1109091
5.6020002,-0.0084401872,0.11070681
5.6030002,-0.0084247934,0.1105049
5.6040001,-0.0084094275,0.11030334
5.605,-0.0083940895,0.11010216
5.6059999,-0.0083787795,0.10990135
5.6069999,-0.0083634974,0.1097009
5.6079998,-0.0083482433,0.10950082
5.6090002,-0.0083330171,0.1093011
5.6100001,-0.0083178189,0.10910174
5.6110001,-0.0083026486,0.10890276
5.612,-0.0082875052,0.10870413
5.6129999,-0.0082723899,0.10850587
5.6139998,-0.0082573015,0.10830797
5.6149998,-0.0082422411,0.10811042
5.6160002,-0.0082272086,0.10791324
5.6170001,-0.0082122032,0.10771642
5.618,-0.0081972247,0.10751996
5.619,-0.0081822742,0.10732386
5.6199999,-0.0081673507,0.10712811
5.6209998,-0.0081524542,0.10693272
5.6220002,-0.0081375856,0.10673769
5.6230001,-0.0081227431,0.10654301
5.6240001,-0.0081079286,0.10634869
5.625,-0.0080931401,0.10615472
5.6259999,-0.0080783796,0.10596111
5.6269999,-0.008063646,0.10576785
5.6279998,-0.0080489386,0.10557495
5.6290002,-0.0080342581,0.10538239
5.6300001,-0.0080196057,0.10519019
5.631,-0.0080049783,0.10499834
5.632,-0.0079903789,0.10480683
5.6329999,-0.0079758056,0.10461568
5.6339998,-0.0079612583,0.10442487
5.6350002,-0.007946738,0.10423441
5.6360002,-0.0079322439,0.1040443
5.6370001,-0.0079177758,0.10385454
5.638,-0.0079033347,0.10366511
5.6389999,-0.0078889197,0.10347604
5.6399999,-0.0078745317,0.10328731
5.6409998,-0.0078601688,0.10309893
5.6420002,-0.007845833,0.10291088
5.6430001,-0.0078315232,0.10272319
5.6440001,-0.0078172386,0.10253583
5.645,-0.007802981,0.10234881
5.6459999,-0.0077887489,0.10216214
5.6469998,-0.0077745435,0.10197581
5.6479998,-0.0077603632,0.10178981
5.6490002,-0.0077462089,0.10160416
5.6500001,-0.0077320808,0.10141885
5.651,-0.0077179782,0.10123386
5.652,-0.0077039013,0.10104922
5.6529999,-0.0076898504,0.10086492
5.6539998,-0.0076758247,0.10068095
5.6550002,-0.007661825,0.10049732
5.6560001,-0.0076478506,0.10031403
5.6570001,-0.0076339017,0.10013106
5.658,-0.0076199779,0.099948436
5.6589999,-0.0076060798,0.099766135
5.6599998,-0.0075922073,0.099584177
5.6609998,-0.0075783599,0.099402547
5.6620002,-0.0075645377,0.099221244
5.6630001,-0.0075507411,0.099040277
5.664,-0.0075369691,0.098859638
5.665,-0.0075232224,0.098679326
5.6659999,-0.0075095007,0.09849935
5.6669998,-0.0074958042,0.098319694
5.6680002,-0.0074821329,0.098140374
5.6690001,-0.0074684862,0.097961374
5.6700001,-0.0074548647,0.097782701
5.671,-0.0074412678,0.097604357
5.6719999,-0.0074276957,0.09742634
5.6729999,-0.0074141487,0.097248644
5.6739998,-0.0074006259,0.097071275
5.6750002,-0.0073871282,0.096894227
5.6760001,-0.0073736552,0.096717507
5.677,-0.0073602065,0.096541107
5.678,-0.0073467824,0.096365027
5.6789999,-0.0073333825,0.096189268
5.6799998,-0.0073200078,0.096013829
5.6810002,-0.0073066568,0.095838718
5.6820002,-0.0072933305,0.09566392
5.6830001,-0.0072800284,0.095489442
5.684,-0.0072667506,0.095315285
5.6849999,-0.0072534974,0.095141441
5.6859999,-0.0072402679,0.094967917
5.6869998,-0.0072270627,0.094794706
5.6880002,-0.0072138812,0.094621807
5.6890001,-0.007200724,0.09444923
5.6900001,-0.0071875905,0.094276965
5.691,-0.0071744812,0.094105013
5.6919999,-0.0071613956,0.093933381
5.6929998,-0.0071483343,0.093762055
5.6939998,-0.0071352962,0.093591042
5.6950002,-0.0071222824,0.093420342
5.6960001,-0.0071092923,0.093249954
5.697,-0.0070963255,0.09307988
5.698,-0.0070833829,0.092910111
5.6989999,-0.0070704636,0.092740655
5.6999998,-0.0070575676,0.092571504
5.7010002,-0.0070446958,0.092402667
5.7020001,-0.0070318468,0.092234135
5.7030001,-0.0070190215,0.092065908
5.704,-0.0070062196,0.091897987
5.7049999,-0.0069934414,0.091730379
5.7059999,-0.006980686,0.091563076
5.7069998,-0.0069679539,0.091396071
5.7080002,-0.0069552455,0.091229379
5.7090001,-0.00694256,0.091062985
5.71,-0.0069298972,0.090896897
5.711,-0.0069172583,0.090731114
5.7119999,-0.0069046416,0.090565629
5.7129998,-0.0068920488,0.09040045
5.7140002,-0.0068794782,0.090235569
5.7150002,-0.006866931,0.090070985
5.7160001,-0.0068544066,0.089906707
5.717,-0.0068419049,0.089742728
5.7179999,-0.0068294262,0.089579053
5.7189999,-0.0068169702,0.089415669
5.7199998,-0.0068045366,0.089252584
5.7210002,-0.0067921262,0.089089796
5.7220001,-0.0067797382,0.088927306
5.723,-0.0067673726,0.088765115
5.724,-0.0067550298,0.088603221
5.7249999,-0.0067427093,0.088441618
5.7259998,-0.0067304117,0.088280313
5.7270002,-0.0067181364,0.088119298
5.7280002,-0.006705883,0.087958582
5.7290001,-0.0066936524,0.087798156
5.73,-0.0066814441,0.087638021
5.7309999,-0.0066692578,0.087478183
5.7319999,-0.0066570942,0.087318629
5.7329998,-0.0066449526,0.087159373
5.7340002,-0.0066328328,0.087000407
5.7350001,-0.0066207354,0.086841725
5.7360001,-0.0066086599,0.08668334
5.737,-0.0065966067,0.086525239
5.7379999,-0.0065845754,0.086367428
5.7389998,-0.006572566,0.086209908
5.7399998,-0.0065605785,0.086052671
5.7410002,-0.0065486128,0.085895717
5.7420001,-0.0065366691,0.085739061
5.743,-0.0065247468,0.085582681
5.744,-0.0065128468,0.085426591
5.7449999,-0.0065009682,0.085270785
5.7459998,-0.0064891111,0.085115261
5.7470002,-0.0064772759,0.084960021
5.7480001,-0.0064654625,0.084805064
5.7490001,-0.0064536701,0.08465039
5.75,-0.0064418996,0.084495999
5.7509999,-0.0064301505,0.084341891
5.7519999,-0.0064184228,0.084188059
5.7529998,-0.0064067165,0.084034517
5.7540002,-0.0063950312,0.083881244
5.7550001,-0.0063833678,0.083728261
5.756,-0.0063717254,0.083575554
5.757,-0.0063601043,0.083423123
5.7579999,-0.0063485042,0.083270967
5.7589998,-0.0063369256,0.083119094
5.7600002,-0.0063253678,0.082967497
5.7610002,-0.0063138311,0.082816176
5.7620001,-0.0063023157,0.08266513
5.763,-0.0062908214,0.082514361
5.7639999,-0.0062793475,0.082363866
5.7649999,-0.006267895,0.082213648
5.7659998,-0.0062564635,0.082063697
5.7670002,-0.0062450524,0.08191403
5.7680001,-0.0062336624,0.081764631
5.7690001,-0.0062222928,0.0816155
5.77,-0.0062109446,0.081466645
5.7709999,-0.0061996165,0.081318066
5.7719998,-0.0061883093,0.081169754
5.7729998,-0.0061770226,0.081021711
5.7740002,-0.0061657568,0.080873936
5.7750001,-0.0061545111,0.080726437
5.776,-0.0061432864,0.080579206
5.777,-0.0061320821,0.080432236
5.7779999,-0.0061208978,0.080285542
5.7789998,-0.0061097345,0.080139115
5.7800002,-0.0060985913,0.07999295
5.7810001,-0.006087468,0.07984706
5.7820001,-0.0060763657,0.079701431
5.783,-0.006065283,0.079556063
5.7839999,-0.0060542212,0.07941097
5.7849998,-0.006043179,0.079266138
5.7859998,-0.0060321572,0.079121567
5.7870002,-0.0060211555,0.078977264
5.7880001,-0.0060101738,0.078833222
5.789,-0.0059992122,0.078689441
5.79,-0.0059882705,0.078545921
5.7909999,-0.0059773484,0.078402668
5.7919998,-0.0059664468,0.078259677
5.7930002,-0.0059555653,0.078116938
5.7940001,-0.0059447032,0.077974468
5.7950001,-0.0059338608,0.077832259
5.796,-0.0059230388,0.077690303
5.7969999,-0.0059122359,0.077548608
5.7979999,-0.0059014531,0.077407174
5.7989998,-0.0058906898,0.077266
5.8000002,-0.0058799465,0.07712508
5.8010001,-0.0058692223,0.076984413
5.802,-0.0058585177,0.076844007
5.803,-0.0058478331,0.076703861
5.8039999,-0.0058371676,0.076563969
5.8049998,-0.0058265217,0.07642433
5.8060002,-0.0058158953,0.076284945
5.8070002,-0.005805288,0.076145813
5.8080001,-0.0057947002,0.076006941
5.809,-0.0057841321,0.075868316
5.8099999,-0.0057735825,0.075729944
5.8109999,-0.0057630525,0.075591825
5.8119998,-0.0057525421,0.075453959
5.8130002,-0.0057420502,0.075316347
5.8140001,-0.005731578,0.075178988
5.8150001,-0.0057211248,0.075041875
5.816,-0.0057106903,0.074905016
5.8169999,-0.0057002753,0.074768402
5.8179998,-0.0056898789,0.074632034
5.8189998,-0.0056795017,0.074495919
5.8200002,-0.0056691435,0.074360058
5.8210001,-0.005658804,0.074224435
5.822,-0.0056484835,0.074089065
5.823,-0.0056381817,0.073953941
5.8239999,-0.005627899,0.073819064
5.8249998,-0.0056176349,0.073684439
5.8260002,-0.0056073894,0.073550053
5.8270001,-0.0055971625,0.073415913
5.8280001,-0.0055869543,0.073282011
5.829,-0.0055767652,0.073148362
5.8299999,-0.0055665942,0.073014952
5.8309999,-0.0055564418,0.072881788
5.8319998,-0.0055463081,0.07274887
5.8330002,-0.0055361926,0.07261619
5.8340001,-0.0055260956,0.072483756
5.835,-0.0055160173,0.07235156
5.836,-0.0055059572,0.072219603
5.8369999,-0.0054959157,0.072087891
5.8379998,-0.0054858923,0.071956418
5.8390002,-0.0054758871,0.071825184
5.8400002,-0.0054659001,0.071694188
5.8410001,-0.0054559316,0.071563438
5.842,-0.0054459809,0.071432918
5.8429999,-0.0054360488,0.071302637
5.8439999,-0.0054261344,0.071172595
5.8449998,-0.0054162382,0.071042791
5.8460002,-0.0054063601,0.070913225
5.8470001,-0.0053965002,0.070783898
5.848,-0.005386658,0.070654802
5.849,-0.005376834,0.070525944
5.8499999,-0.0053670281,0.070397317
5.8509998,-0.0053572394,0.070268929
5.8520002,-0.0053474694,0.070140772
5.8530002,-0.0053377165,0.070012853
5.8540001,-0.0053279814,0.069885164
5.855,-0.0053182645,0.069757707
5.8559999,-0.0053085652,0.069630481
5.8569999,-0.0052988837,0.069503494
5.8579998,-0.0052892193,0.069376737
5.8590002,-0.0052795731,0.069250204
5.8600001,-0.0052699442,0.069123909
5.8610001,-0.005260333,0.068997838
5.862,-0.0052507394,0.068872005
5.8629999,-0.0052411631,0.068746395
5.8639998,-0.0052316044,0.068621017
5.8649998,-0.005222063,0.06849587
5.8660002,-0.0052125389,0.068370946
5.8670001,-0.0052030324,0.068246253
5.868,-0.0051935432,0.068121783
5.869,-0.0051840711,0.067997545
5.8699999,-0.0051746164,0.06787353
5.8709998,-0.0051651793,0.067749746
5.8720002,-0.0051557589,0.067626186
5.8730001,-0.0051463558,0.067502849
5.8740001,-0.00513697,0.067379735
5.875,-0.0051276013,0.067256846
5.8759999,-0.0051182494,0.067134187
5.8769999,-0.0051089148,0.067011744
5.8779998,-0.0050995974,0.066889532
5.8790002,-0.0050902967,0.066767536
5.8800001,-0.0050810128,0.066645764
5.881,-0.0050717462,0.066524215
5.882,-0.0050624963,0.06640289
5.8829999,-0.0050532632,0.066281781
5.8839998,-0.0050440473,0.066160902
5.8850002,-0.0050348477,0.066040233
5.8860002,-0.0050256653,0.065919787
5.8870001,-0.0050164992,0.065799564
5.888,-0.0050073499,0.065679558
5.8889999,-0.0049982173,0.065559767
5.8899999,-0.0049891016,0.0654402
5.8909998,-0.0049800025,0.065320849
5.8920002,-0.0049709198,0.065201715
5.8930001,-0.0049618538,0.065082796
5.8940001,-0.0049528042,0.064964101
5.895,-0.0049437708,0.064845614
5.8959999,-0.0049347542,0.064727344
5.8969998,-0.0049257544,0.064609297
5.8979998,-0.0049167704,0.064491458
5.8990002,-0.0049078031,0.064373836
5.9000001,-0.0048988527,0.064256437
5.901,-0.0048899185,0.064139247
5.902,-0.0048810006,0.064022273
5.9029999,-0.0048720986,0.063905515
5.9039998,-0.0048632133,0.063788965
5.9050002,-0.0048543438,0.063672632
5.9060001,-0.0048454907,0.063556507
5.9070001,-0.0048366538,0.063440599
5.908,-0.0048278333,0.063324898
5.9089999,-0.0048190285,0.063209414
5.9099998,-0.0048102397,0.063094132
5.9109998,-0.0048014671,0.062979065
5.9120002,-0.0047927103,0.062864207
5.9130001,-0.0047839698,0.062749557
5.914,-0.0047752452,0.062635124
5.915,-0.0047665364,0.062520891
5.9159999,-0.0047578434,0.062406871
5.9169998,-0.0047491663,0.062293056
5.9180002,-0.004740505,0.06217945
5.9190001,-0.0047318595,0.062066052
5.9200001,-0.0047232299,0.061952859
5.921,-0.0047146161,0.061839875
5.9219999,-0.0047060177,0.061727095
5.9229999,-0.0046974351,0.061614521
5.9239998,-0.0046888683,0.061502151
5.9250002,-0.0046803169,0.061389986
5.9260001,-0.0046717813,0.06127803
5.927,-0.0046632611,0.061166275
5.928,-0.0046547567,0.061054721
5.9289999,-0.0046462677,0.060943376
5.9299998,-0.0046377941,0.060832232
5.9310002,-0.0046293363,0.060721289
5.9320002,-0.0046208934,0.060610551
5.9330001,-0.0046124663,0.060500015
5.934,-0.0046040541,0.060389679
5.9349999,-0.0045956578,0.060279544
5.9359999,-0.0045872764,0.060169611
5.9369998,-0.0045789103,0.060059875
5.9380002,-0.0045705596,0.059950344
5.9390001,-0.0045622243,0.059841011
5.9400001,-0.0045539038,0.059731875
5.941,-0.0045455988,0.05962294
5.9419999,-0.0045373091,0.059514206
5.9429998,-0.0045290343,0.059405666
5.9439998,-0.0045207744,0.059297327
5.9450002,-0.0045125298,0.059189186
5.9460001,-0.0045043002,0.059081241
5.947,-0.0044960855,0.058973491
5.948,-0.0044878856,0.058865938
5.9489999,-0.0044797012,0.058758583
5.9499998,-0.0044715311,0.058651425
5.9510002,-0.0044633765,0.058544461
5.9520001,-0.0044552363,0.05843769
5.9530001,-0.0044471114,0.058331117
5.954,-0.004439001,0.058224734
5.9549999,-0.0044309055,0.058118548
5.9559999,-0.0044228244,0.058012556
5.9569998,-0.0044147586,0.057906754
5.9580002,-0.0044067069,0.05780115
5.9590001,-0.0043986705,0.057695735
5.96,-0.0043906486,0.057590514
5.961,-0.0043826411,0.057485484
5.9619999,-0.004374648,0.057380643
5.9629998,-0.0043666698,0.057275996
5.9640002,-0.0043587061,0.057171538
5.9650002,-0.0043507572,0.057067275
5.9660001,-0.0043428224,0.056963198
5.967,-0.0043349019,0.056859311
5.9679999,-0.0043269964,0.056755614
5.9689999,-0.0043191048,0.056652106
5.9699998,-0.0043112282,0.056548785
5.9710002,-0.0043033655,0.056445654
5.9720001,-0.0042955172,0.05634271
5.973,-0.0042876829,0.056239955
5.974,-0.0042798636,0.056137387
5.9749999,-0.0042720581,0.056035005
5.9759998,-0.0042642667,0.055932812
5.9770002,-0.0042564897,0.055830803
5.9780002,-0.0042487266,0.055728979
5.9790001,-0.004240978,0.055627342
5.98,-0.0042332434,0.055525891
5.9809999,-0.0042255232,0.055424623
5.9819999,-0.0042178165,0.055323541
5.9829998,-0.0042101243,0.055222642
5.9840002,-0.004202446,0.055121928
5.9850001,-0.0041947812,0.055021398
5.9860001,-0.0041871308,0.05492105
5.987,-0.0041794945,0.054820884
5.9879999,-0.004171872,0.054720905
5.9889998,-0.0041642631,0.054621104
5.9899998,-0.0041566687,0.054521482
5.9910002,-0.0041490877,0.054422047
5.9920001,-0.0041415202,0.05432279
5.993,-0.0041339668,0.054223716
5.994,-0.0041264272,0.054124821
5.9949999,-0.0041189012,0.054026108
5.9959998,-0.0041113892,0.053927574
5.9970002,-0.0041038906,0.053829219
5.9980001,-0.004096406,0.053731043
5.9990001,-0.0040889345,0.053633045
6,-0.0040814769,0.053535227
6.0009999,-0.0040740329,0.053437583
6.0019999,-0.0040666028,0.053340122
6.0029998,-0.0040591857,0.053242836
6.0040002,-0.0040517822,0.053145729
6.0050001,-0.0040443926,0.053048801
6.006,-0.0040370165,0.052952055
6.007,-0.0040296544,0.052855484
6.0079999,-0.0040223054,0.052759089
6.0089998,-0.0040149693,0.052662868
6.0100002,-0.0040076473,0.052566823
6.0110002,-0.0040003383,0.052470956
6.0120001,-0.0039930427,0.052375261
6.013,-0.0039857603,0.052279741
6.0139999,-0.0039784913,0.052184395
6.0149999,-0.0039712354,0.052089226
6.0159998,-0.0039639929,0.051994227
6.0170002,-0.0039567635,0.051899403
6.0180001,-0.0039495477,0.051804751
6.0190001,-0.0039423443,0.051710274
6.02,-0.0039351545,0.051615965
6.0209999,-0.0039279778,0.05152183
6.0219998,-0.003920814,0.051427867
6.0229998,-0.0039136633,0.051334076
6.0240002,-0.0039065261,0.051240455
6.0250001,-0.0038994015,0.051147006
6.026,-0.0038922899,0.051053725
6.027,-0.0038851914,0.050960615
6.0279999,-0.0038781057,0.050867677
6.0289998,-0.003871033,0.050774906
6.0300002,-0.0038639731,0.050682306
6.0310001,-0.0038569262,0.050589871
6.0320001,-0.0038498919,0.05049761
6.033,-0.0038428707,0.050405513
6.0339999,-0.0038358623,0.050313585
6.0349998,-0.0038288666,0.050221827
6.0359998,-0.0038218836,0.050130233
6.0370002,-0.0038149133,0.050038807
6.0380001,-0.0038079559,0.049947549
6.039,-0.003801011,0.049856454
6.04,-0.0037940789,0.049765527
6.0409999,-0.0037871595,0.049674768
6.0419998,-0.0037802525,0.049584173
6.0430002,-0.0037733582,0.049493741
6.0440001,-0.0037664764,0.049403477
6.0450001,-0.0037596072,0.049313378
6.046,-0.0037527506,0.049223438
6.0469999,-0.0037459063,0.049133666
6.0479999,-0.0037390746,0.049044058
6.0489998,-0.0037322554,0.048954614
6.0500002,-0.0037254486,0.048865329
6.0510001,-0.0037186542,0.048776209
6.052,-0.0037118723,0.048687253
6.053,-0.0037051025,0.048598457
6.0539999,-0.0036983453,0.048509825
6.0549998,-0.0036916002,0.048421353
6.0560002,-0.0036848674,0.048333041
6.0570002,-0.003678147,0.048244894
6.0580001,-0.0036714389,0.048156902
6.059,-0.0036647429,0.048069075
6.0599999,-0.0036580593,0.047981407
6.0609999,-0.0036513875,0.047893897
6.0619998,-0.0036447281,0.04780655
6.0630002,-0.003638081,0.047719359
6.0640001,-0.0036314458,0.047632329
6.0650001,-0.0036248227,0.047545455
6.066,-0.0036182117,0.047458742
6.0669999,-0.0036116128,0.047372185
6.0679998,-0.0036050258,0.047285788
6.0689998,-0.0035984509,0.047199547
6.0700002,-0.0035918879,0.047113463
6.0710001,-0.003585337,0.047027536
6.072,-0.0035787979,0.046941765
6.073,-0.0035722707,0.046856154
6.0739999,-0.0035657557,0.046770696
6.0749998,-0.0035592522,0.046685394
6.0760002,-0.0035527607,0.046600245
6.0770001,-0.003546281,0.046515252
6.0780001,-0.0035398132,0.046430416
6.079,-0.0035333571,0.046345737
6.0799999,-0.0035269128,0.046261206
6.0809999,-0.0035204801,0.046176832
6.0819998,-0.0035140594,0.046092615
6.0830002,-0.00350765,0.046008546
6.0840001,-0.0035012525,0.045924634
6.085,-0.0034948667,0.045840871
6.086,-0.0034884925,0.045757264
6.0869999,-0.0034821299,0.045673806
6.0879998,-0.003475779,0.045590505
6.0890002,-0.0034694395,0.045507353
6.0900002,-0.0034631116,0.04542435
6.0910001,-0.0034567951,0.045341503
6.092,-0.0034504903,0.045258801
6.0929999,-0.0034441969,0.045176253
6.0939999,-0.0034379151,0.045093857
6.0949998,-0.0034316445,0.04501161
6.0960002,-0.0034253856,0.044929512
6.0970001,-0.0034191378,0.044847563
6.098,-0.0034129014,0.044765763
6.099,-0.0034066765,0.044684112
6.0999999,-0.0034004629,0.044602614
6.1009998,-0.0033942612,0.044521265
6.1020002,-0.0033880705,0.044440065
6.1030002,-0.0033818912,0.044359013
6.1040001,-0.0033757233,0.044278111
6.105,-0.0033695665,0.044197354
6.1059999,-0.003363421,0.044116747
6.1069999,-0.0033572866,0.044036284
6.1079998,-0.0033511634,0.043955967
6.1090002,-0.0033450515,0.043875799
6.1100001,-0.0033389507,0.043795776
6.1110001,-0.003332861,0.043715902
6.112,-0.0033267823,0.043636169
6.1129999,-0.0033207147,0.043556586
6.1139998,-0.0033146583,0.043477144
6.1149998,-0.0033086129,0.043397848
6.1160002,-0.0033025786,0.043318696
6.1170001,-0.003296555,0.04323969
6.118,-0.0032905426,0.04316083
6.119,-0.0032845412,0.043082111
6.1199999,-0.0032785507,0.043003533
6.1209998,-0.0032725711,0.042925104
6.1220002,-0.0032666025,0.042846814
6.1230001,-0.0032606449,0.042768668
6.1240001,-0.0032546979,0.042690665
6.125,-0.0032487619,0.042612802
6.1259999,-0.0032428366,0.042535085
6.1269999,-0.003236922,0.042457506
6.1279998,-0.0032310183,0.042380068
6.1290002,-0.0032251256,0.042302776
6.1300001,-0.0032192434,0.042225622
6.131,-0.0032133718,0.042148609
6.132,-0.0032075113,0.042071734
6.1329999,-0.0032016612,0.041995004
6.1339998,-0.0031958218,0.041918408
6.1350002,-0.0031899931,0.041841958
6.1360002,-0.0031841751,0.041765641
6.1370001,-0.0031783676,0.041689467
6.138,-0.0031725706,0.041613434
6.1389999,-0.0031667843,0.041537534
6.1399999,-0.0031610087,0.041461777
6.1409998,-0.0031552434,0.041386157
6.1420002,-0.0031494887,0.041310675
6.1430001,-0.0031437445,0.041235328
6.1440001,-0.0031380106,0.041160122
6.145,-0.0031322874,0.041085053
6.1459999,-0.0031265744,0.041010119
6.1469998,-0.0031208722,0.040935323
6.1479998,-0.0031151799,0.04086066
6.1490002,-0.0031094984,0.040786136
6.1500001,-0.0031038271,0.040711749
6.151,-0.0030981661,0.040637497
6.152,-0.0030925155,0.040563378
6.1529999,-0.0030868752,0.040489394
6.1539998,-0.0030812451,0.040415548
6.1550002,-0.0030756253,0.040341835
6.1560001,-0.0030700157,0.040268257
6.1570001,-0.0030644163,0.040194813
6.158,-0.0030588272,0.040121503
6.1589999,-0.0030532484,0.040048327
6.1599998,-0.0030476798,0.039975286
6.1609998,-0.0030421212,0.039902374
6.1620002,-0.0030365726,0.039829597
6.1630001,-0.0030310343,0.039756954
6.164,-0.0030255062,0.039684441
6.165,-0.0030199878,0.039612062
6.1659999,-0.0030144798,0.039539814
6.1669998,-0.0030089817,0.039467696
6.1680002,-0.0030034936,0.039395712
6.1690001,-0.0029980156,0.039323859
6.1700001,-0.0029925476,0.03925214
6.171,-0.0029870896,0.039180547
6.1719999,-0.0029816416,0.039109085
6.1729999,-0.0029762033,0.039037757
6.1739998,-0.0029707751,0.038966555
6.1750002,-0.0029653567,0.038895484
6.1760001,-0.0029599483,0.038824543
6.177,-0.0029545496,0.038753729
6.178,-0.0029491608,0.038683049
6.1789999,-0.0029437819,0.038612492
6.1799998,-0.0029384126,0.038542069
6.1810002,-0.0029330533,0.038471773
6.1820002,-0.0029277036,0.038401604
6.1830001,-0.0029223638,0.038331561
6.184,-0.0029170336,0.038261648
6.1849999,-0.0029117132,0.038191862
6.1859999,-0.0029064026,0.038122207
6.1869998,-0.0029011015,0.038052674
6.1880002,-0.0028958102,0.037983268
6.1890001,-0.0028905284,0.037913989
6.1900001,-0.0028852564,0.03784484
6.191,-0.002879994,0.037775815
6.1919999,-0.0028747411,0.037706912
6.1929998,-0.0028694978,0.037638139
6.1939998,-0.002864264,0.037569489
6.1950002,-0.0028590397,0.037500966
6.1960001,-0.0028538252,0.037432566
6.197,-0.0028486201,0.037364297
6.198,-0.0028434247,0.037296146
6.1989999,-0.0028382386,0.037228126
6.1999998,-0.0028330621,0.037160225
6.2010002,-0.0028278949,0.037092451
6.2020001,-0.0028227372,0.0370248
6.2030001,-0.0028175889,0.036957271
6.204,-0.0028124501,0.036889866
6.2049999,-0.0028073203,0.036822584
6.2059999,-0.0028022001,0.036755424
6.2069998,-0.0027970893,0.036688387
6.2080002,-0.002791988,0.03662147
6.2090001,-0.0027868957,0.036554679
6.21,-0.0027818128,0.036488008
6.211,-0.002776739,0.036421459
6.2119999,-0.0027716747,0.03635503
6.2129998,-0.0027666194,0.036288723
6.2140002,-0.0027615735,0.036222536
6.2150002,-0.0027565367,0.036156472
6.2160001,-0.0027515092,0.036090527
6.217,-0.002746491,0.036024705
6.2179999,-0.0027414816,0.035959002
6.2189999,-0.0027364816,0.035893414
6.2199998,-0.0027314906,0.03582795
6.2210002,-0.0027265088,0.035762604
6.2220001,-0.002721536,0.035697378
6.223,-0.0027165723,0.035632271
6.224,-0.0027116176,0.035567284
6.2249999,-0.0027066721,0.035502415
6.2259998,-0.0027017354,0.035437662
6.2270002,-0.0026968077,0.035373028
6.2280002,-0.0026918892,0.035308514
6.2290001,-0.0026869797,0.035244118
6.23,-0.0026820789,0.035179839
6.2309999,-0.0026771871,0.035115674
6.2319999,-0.0026723044,0.035051629
6.2329998,-0.0026674306,0.034987699
6.2340002,-0.0026625656,0.034923885
6.2350001,-0.0026577094,0.03486019
6.2360001,-0.0026528621,0.03479661
6.237,-0.0026480237,0.034733146
6.2379999,-0.002643194,0.034669798
6.2389998,-0.0026383733,0.034606565
6.2399998,-0.0026335611,0.034543447
6.2410002,-0.0026287581,0.034480445
6.2420001,-0.0026239634,0.034417558
6.243,-0.0026191778,0.034354787
6.244,-0.0026144008,0.034292128
6.2449999,-0.0026096324,0.034229584
6.2459998,-0.0026048729,0.034167156
6.2470002,-0.002600122,0.034104839
6.2480001,-0.0025953797,0.034042638
6.2490001,-0.0025906463,0.033980548
6.25,-0.0025859212,0.033918571
6.2509999,-0.002581205,0.033856709
6.2519999,-0.0025764972,0.033794962
6.2529998,-0.0025717979,0.033733323
6.2540002,-0.0025671073,0.0336718
6.2550001,-0.0025624253,0.033610385
6.256,-0.002557752,0.033549085
6.257,-0.002553087,0.033487897
6.2579999,-0.0025484306,0.033426821
6.2589998,-0.0025437826,0.033365853
6.2600002,-0.002539143,0.033305001
6.2610002,-0.002534512,0.033244256
6.2620001,-0.0025298893,0.033183623
6.263,-0.0025252753,0.033123102
6.2639999,-0.0025206695,0.033062689
6.2649999,-0.0025160722,0.033002388
6.2659998,-0.0025114834,0.032942198
6.2670002,-0.0025069027,0.032882117
6.2680001,-0.0025023306,0.032822143
6.2690001,-0.0024977666,0.032762282
6.27,-0.0024932111,0.032702528
6.2709999,-0.0024886637,0.032642882
6.2719998,-0.0024841249,0.032583345
6.2729998,-0.0024795942,0.032523919
6.2740002,-0.0024750717,0.032464601
6.2750001,-0.0024705576,0.032405388
6.276,-0.0024660516,0.032346286
6.277,-0.0024615538,0.032287292
6.2779999,-0.0024570643,0.032228403
6.2789998,-0.0024525828,0.032169621
6.2800002,-0.0024481097,0.032110948
6.2810001,-0.0024436447,0.032052383
6.2820001,-0.0024391878,0.031993926
6.283,-0.0024347391,0.031935573
6.2839999,-0.0024302984,0.031877324
6.2849998,-0.002425866,0.031819187
6.2859998,-0.0024214415,0.031761151
6.2870002,-0.0024170249,0.031703223
6.2880001,-0.0024126167,0.031645399
6.289,-0.0024082162,0.031587683
6.29,-0.0024038241,0.031530071
6.2909999,-0.0023994397,0.031472564
6.2919998,-0.0023950636,0.031415164
6.2930002,-0.0023906955,0.03135787
6.2940001,-0.0023863353,0.031300675
6.2950001,-0.002381983,0.031243591
6.296,-0.0023776388,0.031186609
6.2969999,-0.0023733024,0.031129729
6.2979999,-0.002368974,0.031072956
6.2989998,-0.0023646534,0.031016285
6.3000002,-0.0023603407,0.030959716
6.3010001,-0.0023560359,0.030903252
6.302,-0.002351739,0.03084689
6.303,-0.0023474498,0.030790631
6.3039999,-0.0023431685,0.030734476
6.3049998,-0.0023388951,0.030678421
6.3060002,-0.0023346294,0.030622471
6.3070002,-0.0023303716,0.030566622
6.3080001,-0.0023261213,0.030510874
6.309,-0.0023218791,0.030455228
6.3099999,-0.0023176444,0.030399684
6.3109999,-0.0023134176,0.030344242
6.3119998,-0.0023091983,0.030288899
6.3130002,-0.0023049868,0.030233659
6.3140001,-0.0023007831,0.030178519
6.3150001,-0.0022965868,0.03012348
6.316,-0.0022923984,0.030068541
6.3169999,-0.0022882174,0.030013703
6.3179998,-0.0022840442,0.029958963
6.3189998,-0.0022798786,0.029904325
6.3200002,-0.0022757207,0.029849786
6.3210001,-0.0022715703,0.029795347
6.322,-0.0022674273,0.029741006
6.323,-0.002263292,0.029686764
6.3239999,-0.0022591644,0.029632622
6.3249998,-0.0022550442,0.02957858
6.3260002,-0.0022509315,0.029524634
6.3270001,-0.0022468262,0.029470788
6.3280001,-0.0022427284,0.02941704
6.329,-0.0022386382,0.029363388
6.3299999,-0.0022345553,0.029309837
6.3309999,-0.0022304801,0.029256381
6.3319998,-0.0022264121,0.029203024
6.3330002,-0.0022223517,0.029149765
6.3340001,-0.0022182986,0.029096602
6.335,-0.0022142529,0.029043537
6.336,-0.0022102145,0.028990567
6.3369999,-0.0022061837,0.028937694
6.3379998,-0.00220216,0.028884917
6.3390002,-0.0021981439,0.028832238
6.3400002,-0.0021941348,0.028779656
6.3410001,-0.0021901333,0.028727166
6.342,-0.0021861389,0.028674776
6.3429999,-0.0021821519,0.028622478
6.3439999,-0.0021781721,0.028570278
6.3449998,-0.0021741996,0.028518172
6.3460002,-0.0021702342,0.028466159
6.3470001,-0.0021662763,0.028414244
6.348,-0.0021623254,0.028362423
6.349,-0.0021583817,0.028310696
6.3499999,-0.0021544455,0.028259063
6.3509998,-0.0021505163,0.028207524
6.3520002,-0.002146594,0.028156079
6.3530002,-0.0021426792,0.02810473
6.3540001,-0.0021387713,0.028053472
6.355,-0.0021348707,0.028002309
6.3559999,-0.0021309771,0.027951239
6.3569999,-0.0021270907,0.02790026
6.3579998,-0.0021232113,0.027849376
6.3590002,-0.0021193391,0.027798586
6.3600001,-0.0021154736,0.027747886
6.3610001,-0.0021116156,0.027697278
6.362,-0.0021077644,0.027646765
6.3629999,-0.0021039201,0.027596343
6.3639998,-0.002100083,0.027546013
6.3649998,-0.002096253,0.027495774
6.3660002,-0.0020924297,0.027445626
6.3670001,-0.0020886136,0.027395571
6.368,-0.0020848042,0.027345607
6.369,-0.0020810021,0.027295733
6.3699999,-0.0020772067,0.02724595
6.3709998,-0.0020734181,0.027196258
6.3720002,-0.0020696367,0.027146658
6.3730001,-0.0020658621,0.027097147
6.3740001,-0.0020620942,0.027047725
6.375,-0.0020583333,0.026998395
6.3759999,-0.0020545791,0.026949154
6.3769999,-0.0020508319,0.026900003
6.3779998,-0.0020470915,0.026850943
6.3790002,-0.0020433581,0.02680197
6.3800001,-0.0020396311,0.026753087
6.381,-0.0020359112,0.026704293
6.382,-0.002032198,0.026655588
6.3829999,-0.0020284916,0.026606971
6.3839998,-0.0020247919,0.026558444
6.3850002,-0.0020210987,0.026510004
6.3860002,-0.0020174126,0.026461653
6.3870001,-0.0020137331,0.026413392
6.388,-0.0020100607,0.026365221
6.3889999,-0.0020063948,0.026317136
6.3899999,-0.0020027356,0.02626914
6.3909998,-0.001999083,0.026221232
6.3920002,-0.0019954371,0.026173411
6.3930001,-0.0019917979,0.026125677
6.3940001,-0.0019881653,0.026078029
6.395,-0.0019845394,0.02603047
6.3959999,-0.0019809201,0.025982996
6.3969998,-0.0019773075,0.025935609
6.3979998,-0.0019737014,0.025888309
6.3990002,-0.0019701018,0.025841095
6.4000001,-0.0019665088,0.025793968
6.401,-0.0019629223,0.025746925
6.402,-0.0019593425,0.025699969
6.4029999,-0.001955769,0.025653098
6.4039998,-0.0019522023,0.025606314
6.4050002,-0.001948642,0.025559613
6.4060001,-0.001945088,0.025512999
6.4070001,-0.0019415407,0.02546647
6.408,-0.0019379999,0.025420025
6.4089999,-0.0019344654,0.025373666
6.4099998,-0.0019309374,0.02532739
6.4109998,-0.0019274158,0.025281198
6.4120002,-0.0019239007,0.025235092
6.4130001,-0.0019203919,0.02518907
6.414,-0.0019168897,0.025143132
6.415,-0.0019133937,0.025097277
6.4159999,-0.0019099042,0.025051504
6.4169998,-0.0019064209,0.025005817
6.4180002,-0.0019029442,0.024960212
6.4190001,-0.0018994736,0.024914691
6.4200001,-0.0018960094,0.024869254
6.421,-0.0018925515,0.024823898
6.4219999,-0.0018891001,0.024778625
6.4229999,-0.0018856548,0.024733435
6.4239998,-0.0018822158,0.024688328
6.4250002,-0.0018787831,0.024643302
6.4260001,-0.0018753567,0.024598358
6.427,-0.0018719365,0.024553496
6.428,-0.0018685225,0.024508717
6.4289999,-0.0018651148,0.024464019
6.4299998,-0.0018617132,0.024419403
6.4310002,-0.0018583179,0.024374867
6.4320002,-0.0018549288,0.024330413
6.4330001,-0.0018515459,0.024286041
6.434,-0.001848169,0.024241749
6.4349999,-0.0018447984,0.024197537
6.4359999,-0.0018414339,0.024153406
6.4369998,-0.0018380756,0.024109356
6.4380002,-0.0018347234,0.024065387
6.4390001,-0.0018313773,0.024021497
6.4400001,-0.0018280373,0.023977688
6.441,-0.0018247033,0.023933958
6.4419999,-0.0018213756,0.023890307
6.4429998,-0.0018180538,0.023846736
6.4439998,-0.001814738,0.023803245
6.4450002,-0.0018114283,0.023759834
6.4460001,-0.0018081247,0.023716502
6.447,-0.001804827,0.023673248
6.448,-0.0018015355,0.023630073
6.4489999,-0.0017982498,0.023586975
6.4499998,-0.0017949702,0.023543959
6.4510002,-0.0017916965,0.02350102
6.4520001,-0.0017884289,0.023458159
6.4530001,-0.0017851671,0.023415376
6.454,-0.0017819114,0.023372671
6.4549999,-0.0017786615,0.023330044
6.4559999,-0.0017754176,0.023287494
6.4569998,-0.0017721796,0.023245022
6.4580002,-0.0017689475,0.023202628
6.4590001,-0.0017657212,0.02316031
6.46,-0.0017625008,0.023118071
6.461,-0.0017592864,0.023075908
6.4619999,-0.0017560777,0.023033822
6.4629998,-0.001752875,0.022991812
6.4640002,-0.001749678,0.022949878
6.4650002,-0.001746487,0.022908023
6.4660001,-0.0017433016,0.022866242
6.467,-0.0017401222,0.022824537
6.4679999,-0.0017369485,0.022782909
6.4689999,-0.0017337806,0.022741357
6.4699998,-0.0017306184,0.022699879
6.4710002,-0.001727462,0.022658478
6.4720001,-0.0017243114,0.022617154
6.473,-0.0017211664,0.022575902
6.474,-0.0017180273,0.022534726
6.4749999,-0.0017148938,0.022493627
6.4759998,-0.0017117661,0.0224526
6.4770002,-0.001708644,0.02241165
6.4780002,-0.0017055277,0.022370774
6.4790001,-0.0017024169,0.022329973
6.48,-0.0016993119,0.022289244
6.4809999,-0.0016962126,0.02224859
6.4819999,-0.0016931188,0.022208013
6.4829998,-0.0016900309,0.022167509
6.4840002,-0.0016869486,0.022127081
6.4850001,-0.001683872,0.022086725
6.4860001,-0.0016808009,0.022046443
6.487,-0.0016777355,0.022006234
6.4879999,-0.0016746756,0.0219661
6.4889998,-0.0016716213,0.021926038
6.4899998,-0.0016685727,0.021886051
6.4910002,-0.0016655296,0.021846134
6.4920001,-0.0016624919,0.021806292
6.493,-0.0016594599,0.021766521
6.494,-0.0016564335,0.021726824
6.4949999,-0.0016534124,0.021687198
6.4959998,-0.001650397,0.021647645
6.4970002,-0.0016473869,0.021608165
6.4980001,-0.0016443824,0.021568755
6.4990001,-0.0016413834,0.021529417
6.5,-0.0016383899,0.021490153
6.5009999,-0.0016354017,0.021450959
6.5019999,-0.0016324191,0.021411836
6.5029998,-0.0016294419,0.021372786
6.5040002,-0.0016264701,0.021333806
6.5050001,-0.0016235037,0.021294897
6.506,-0.0016205428,0.021256059
6.507,-0.0016175873,0.021217294
6.5079999,-0.0016146371,0.021178598
6.5089998,-0.0016116924,0.021139972
6.5100002,-0.0016087529,0.021101417
6.5110002,-0.0016058189,0.021062931
6.5120001,-0.0016028902,0.021024518
6.513,-0.0015999668,0.020986171
6.5139999,-0.0015970488,0.020947898
6.5149999,-0.0015941361,0.020909693
6.5159998,-0.0015912286,0.020871557
6.5170002,-0.0015883265,0.020833492
6.5180001,-0.0015854298,0.020795496
6.5190001,-0.0015825382,0.020757569
6.52,-0.001579652,0.020719711
6.5209999,-0.001576771,0.020681921
6.5219998,-0.0015738953,0.020644201
6.5229998,-0.0015710248,0.020606551
6.5240002,-0.0015681596,0.020568969
6.5250001,-0.0015652995,0.020531455
6.526,-0.0015624447,0.020494008
6.527,-0.0015595951,0.020456631
6.5279999,-0.0015567506,0.020419322
6.5289998,-0.0015539115,0.020382082
6.5300002,-0.0015510774,0.020344907
6.5310001,-0.0015482485,0.020307802
6.5320001,-0.0015454248,0.020270765
6.533,-0.0015426062,0.020233795
6.5339999,-0.0015397927,0.020196892
6.5349998,-0.0015369845,0.020160057
6.5359998,-0.0015341813,0.020123288
6.5370002,-0.0015313831,0.020086586
6.5380001,-0.0015285902,0.020049952
6.539,-0.0015258023,0.020013385
6.54,-0.0015230195,0.019976884
6.5409999,-0.0015202417,0.019940449
6.5419998,-0.0015174691,0.019904081
6.5430002,-0.0015147015,0.01986778
6.5440001,-0.001511939,0.019831544
6.5450001,-0.0015091815,0.019795375
6.546,-0.0015064289,0.019759271
6.5469999,-0.0015036814,0.019723233
6.5479999,-0.0015009389,0.019687261
6.5489998,-0.0014982015,0.019651355
6.5500002,-0.001495469,0.019615514
6.5510001,-0.0014927415,0.019579738
6.552,-0.0014900189,0.019544028
6.553,-0.0014873014,0.019508382
6.5539999,-0.0014845888,0.019472802
6.5549998,-0.0014818811,0.019437287
6.5560002,-0.0014791784,0.019401835
6.5570002,-0.0014764806,0.019366449
6.5580001,-0.0014737877,0.019331127
6.559,-0.0014710997,0.019295871
6.5599999,-0.0014684167,0.019260678
6.5609999,-0.0014657384,0.019225549
6.5619998,-0.0014630652,0.019190485
6.5630002,-0.0014603967,0.019155484
6.5640001,-0.0014577331,0.019120546
6.5650001,-0.0014550744,0.019085672
6.566,-0.0014524205,0.019050863
6.5669999,-0.0014497715,0.019016117
6.5679998,-0.0014471273,0.018981433
6.5689998,-0.0014444879,0.018946813
6.5700002,-0.0014418534,0.018912256
6.5710001,-0.0014392235,0.018877763
6.572,-0.0014365986,0.018843332
6.573,-0.0014339783,0.018808963
6.5739999,-0.0014313629,0.018774658
6.5749998,-0.0014287523,0.018740416
6.5760002,-0.0014261464,0.018706234
6.5770001,-0.0014235452,0.018672116
6.5780001,-0.0014209489,0.018638059
6.579,-0.0014183572,0.018604068
6.5799999,-0.0014157704,0.018570136
6.5809999,-0.0014131883,0.018536268
6.5819998,-0.0014106109,0.018502461
6.5830002,-0.0014080381,0.018468715
6.5840001,-0.0014054701,0.018435031
6.585,-0.0014029067,0.018401409
6.586,-0.001400348,0.018367846
6.5869999,-0.001397794,0.018334346
6.5879998,-0.0013952446,0.018300908
6.5890002,-0.0013926999,0.018267529
6.5900002,-0.0013901598,0.018234212
6.5910001,-0.0013876244,0.018200956
6.592,-0.0013850936,0.01816776
6.5929999,-0.0013825673,0.018134626
6.5939999,-0.0013800458,0.018101551
6.5949998,-0.0013775288,0.018068535
6.5960002,-0.0013750164,0.018035581
6.5970001,-0.0013725086,0.018002687
6.598,-0.0013700053,0.017969852
6.599,-0.0013675067,0.017937079
6.5999999,-0.0013650125,0.017904364
6.6009998,-0.0013625229,0.01787171
6.6020002,-0.0013600379,0.017839115
6.6030002,-0.0013575574,0.017806578
6.6040001,-0.0013550814,0.017774101
6.605,-0.00135261,0.017741684
6.6059999,-0.001350143,0.017709326
6.6069999,-0.0013476806,0.017677028
6.6079998,-0.0013452226,0.017644787
6.6090002,-0.0013427691,0.017612606
6.6100001,-0.0013403201,0.017580483
6.6110001,-0.0013378756,0.01754842
6.612,-0.0013354355,0.017516414
6.6129999,-0.0013329999,0.017484466
6.6139998,-0.0013305687,0.017452577
6.6149998,-0.0013281419,0.017420746
6.6160002,-0.0013257196,0.017388973
6.6170001,-0.0013233017,0.017357258
6.618,-0.0013208882,0.017325602
6.619,-0.0013184791,0.017294003
6.6199999,-0.0013160744,0.017262461
6.6209998,-0.001313674,0.017230976
6.6220002,-0.0013112781,0.01719955
6.6230001,-0.0013088866,0.017168181
6.6240001,-0.0013064994,0.017136868
6.625,-0.0013041164,0.017105613
6.6259999,-0.001301738,0.017074415
6.6269999,-0.0012993638,0.017043274
6.6279998,-0.0012969939,0.01701219
6.6290002,-0.0012946284,0.016981162
6.6300001,-0.0012922672,0.01695019
6.631,-0.0012899103,0.016919276
6.632,-0.0012875577,0.016888417
6.6329999,-0.0012852094,0.016857617
6.6339998,-0.0012828654,0.01682687
6.6350002,-0.0012805256,0.016796181
6.6360002,-0.0012781902,0.016765546
6.6370001,-0.0012758588,0.016734969
6.638,-0.0012735319,0.016704448
6.6389999,-0.0012712092,0.01667398
6.6399999,-0.0012688907,0.016643569
6.6409998,-0.0012665765,0.016613213
6.6420002,-0.0012642663,0.016582914
6.6430001,-0.0012619605,0.01655267
6.6440001,-0.0012596588,0.01652248
6.645,-0.0012573615,0.016492344
6.6459999,-0.0012550682,0.016462265
6.6469998,-0.0012527792,0.016432241
6.6479998,-0.0012504943,0.016402271
6.6490002,-0.0012482136,0.016372355
6.6500001,-0.001245937,0.016342495
6.651,-0.0012436645,0.016312689
6.652,-0.0012413963,0.016282937
6.6529999,-0.0012391321,0.016253239
6.6539998,-0.0012368722,0.016223595
6.6550002,-0.0012346163,0.016194005
6.6560001,-0.0012323646,0.016164469
6.6570001,-0.0012301168,0.016134987
6.658,-0.0012278733,0.016105559
6.6589999,-0.0012256338,0.016076185
6.6599998,-0.0012233984,0.016046865
6.6609998,-0.0012211672,0.016017597
6.6620002,-0.0012189399,0.015988383
6.6630001,-0.0012167167,0.015959222
6.664,-0.0012144975,0.015930114
6.665,-0.0012122825,0.015901061
6.6659999,-0.0012100714,0.015872059
6.6669998,-0.0012078644,0.01584311
6.6680002,-0.0012056615,0.015814215
6.6690001,-0.0012034625,0.015785372
6.6700001,-0.0012012675,0.015756581
6.671,-0.0011990765,0.015727842
6.6719999,-0.0011968896,0.015699157
6.6729999,-0.0011947065,0.015670523
6.6739998,-0.0011925276,0.015641943
6.6750002,-0.0011903526,0.015613414
6.6760001,-0.0011881816,0.015584938
6.677,-0.0011860146,0.015556514
6.678,-0.0011838515,0.015528142
6.6789999,-0.0011816924,0.015499821
6.6799998,-0.0011795372,0.015471552
6.6810002,-0.0011773858,0.015443334
6.6820002,-0.0011752385,0.015415168
6.6830001,-0.0011730951,0.015387054
6.684,-0.0011709556,0.01535899
6.6849999,-0.00116882,0.015330978
6.6859999,-0.0011666882,0.015303017
6.6869998,-0.0011645603,0.015275107
6.6880002,-0.0011624364,0.015247248
6.6890001,-0.0011603163,0.01521944
6.6900001,-0.0011582001,0.015191682
6.691,-0.0011560877,0.015163975
6.6919999,-0.0011539792,0.015136318
6.6929998,-0.0011518747,0.015108713
6.6939998,-0.0011497738,0.015081157
6.6950002,-0.0011476768,0.015053651
6.6960001,-0.0011455837,0.015026197
6.697,-0.0011434943,0.014998792
6.698,-0.0011414088,0.014971436
6.6989999,-0.0011393271,0.014944131
6.6999998,-0.0011372492,0.014916875
6.7010002,-0.001135175,0.014889671
6.7020001,-0.0011331047,0.014862514
6.7030001,-0.0011310381,0.014835408
6.704,-0.0011289753,0.01480835
6.7049999,-0.0011269163,0.014781343
6.7059999,-0.001124861,0.014754385
6.7069998,-0.0011228094,0.014727475
6.7080002,-0.0011207616,0.014700615
6.7090001,-0.0011187176,0.014673804
6.71,-0.0011166772,0.014647041
6.711,-0.0011146406,0.014620328
6.7119999,-0.0011126078,0.014593664
6.7129998,-0.0011105785,0.014567047
6.7140002,-0.001108553,0.01454048
6.7150002,-0.0011065312,0.01451396
6.7160001,-0.0011045132,0.01448749
6.717,-0.0011024987,0.014461068
6.7179999,-0.001100488,0.014434693
6.7189999,-0.0010984809,0.014408367
6.7199998,-0.0010964775,0.014382089
6.7210002,-0.0010944777,0.014355859
6.7220001,-0.0010924815,0.014329677
6.723,-0.0010904891,0.014303542
6.724,-0.0010885003,0.014277454
6.7249999,-0.001086515,0.014251416
6.7259998,-0.0010845334,0.014225423
6.7270002,-0.0010825555,0.014199479
6.7280002,-0.0010805811,0.014173581
6.7290001,-0.0010786103,0.014147731
6.73,-0.0010766431,0.014121929
6.7309999,-0.0010746795,0.014096173
6.7319999,-0.0010727196,0.014070464
6.7329998,-0.0010707631,0.014044803
6.7340002,-0.0010688102,0.014019188
6.7350001,-0.0010668609,0.013993619
6.7360001,-0.0010649151,0.013968097
6.737,-0.0010629729,0.013942622
6.7379999,-0.0010610343,0.013917193
6.7389998,-0.0010590991,0.013891811
6.7399998,-0.0010571675,0.013866475
6.7410002,-0.0010552395,0.013841185
6.7420001,-0.0010533149,0.013815941
6.743,-0.0010513938,0.013790743
6.744,-0.0010494763,0.013765591
6.7449999,-0.0010475622,0.013740486
6.7459998,-0.0010456516,0.013715425
6.7470002,-0.0010437445,0.01369041
6.7480001,-0.001041841,0.013665441
6.7490001,-0.0010399409,0.013640518
6.75,-0.0010380441,0.01361564
6.7509999,-0.001036151,0.013590807
6.7519999,-0.0010342612,0.01356602
6.7529998,-0.0010323748,0.013541278
6.7540002,-0.0010304919,0.013516581
6.7550001,-0.0010286125,0.013491929
6.756,-0.0010267365,0.013467322
6.757,-0.0010248639,0.013442759
6.7579999,-0.0010229946,0.013418242
6.7589998,-0.0010211288,0.013393769
6.7600002,-0.0010192666,0.013369341
6.7610002,-0.0010174075,0.013344957
6.7620001,-0.0010155519,0.013320618
6.763,-0.0010136997,0.013296323
6.7639999,-0.0010118509,0.013272072
6.7649999,-0.0010100054,0.013247866
6.7659998,-0.0010081632,0.013223704
6.7670002,-0.0010063245,0.013199585
6.7680001,-0.0010044891,0.013175511
6.7690001,-0.001002657,0.013151481
6.77,-0.0010008285,0.013127496
6.7709999,-0.00099900307,0.013103554
6.7719998,-0.00099718117,0.013079655
6.7729998,-0.00099536253,0.013055801
6.7740002,-0.00099354715,0.01303199
6.7750001,-0.00099173514,0.013008223
6.776,-0.00098992651,0.012984498
6.777,-0.00098812103,0.012960818
6.7779999,-0.00098631892,0.01293718
6.7789998,-0.00098452007,0.012913586
6.7800002,-0.0009827246,0.012890034
6.7810001,-0.00098093227,0.012866526
6.7820001,-0.00097914331,0.01284306
6.783,-0.00097735762,0.012819638
6.7839999,-0.00097557507,0.012796257
6.7849998,-0.00097379583,0.01277292
6.7859998,-0.00097201986,0.012749624
6.7870002,-0.00097024714,0.012726372
6.7880001,-0.00096847763,0.012703163
6.789,-0.00096671132,0.012679994
6.79,-0.00096494827,0.012656869
6.7909999,-0.00096318842,0.012633786
6.7919998,-0.00096143183,0.012610745
6.7930002,-0.00095967838,0.012587746
6.7940001,-0.00095792813,0.012564789
6.7950001,-0.00095618109,0.012541873
6.796,-0.00095443724,0.012519
6.7969999,-0.00095269654,0.012496168
6.7979999,-0.00095095905,0.012473378
6.7989998,-0.00094922475,0.01245063
6.8000002,-0.00094749359,0.012427922
6.8010001,-0.00094576558,0.012405257
6.802,-0.00094404072,0.012382632
6.803,-0.00094231899,0.012360049
6.8039999,-0.00094060041,0.012337508
6.8049998,-0.00093888497,0.012315007
6.8060002,-0.00093717268,0.012292547
6.8070002,-0.00093546353,0.012270128
6.8080001,-0.00093375746,0.012247751
6.809,-0.00093205448,0.012225414
6.8099999,-0.00093035464,0.012203117
6.8109999,-0.00092865789,0.012180861
6.8119998,-0.00092696422,0.012158646
6.8130002,-0.00092527363,0.012136471
6.8140001,-0.00092358619,0.012114338
6.8150001,-0.00092190178,0.012092244
6.816,-0.00092022045,0.01207019
6.8169999,-0.00091854215,0.012048177
6.8179998,-0.00091686693,0.012026204
6.8189998,-0.0009151948,0.012004271
6.8200002,-0.0009135257,0.011982379
6.8210001,-0.00091185962,0.011960525
6.822,-0.00091019657,0.011938712
6.823,-0.0009085366,0.011916938
6.8239999,-0.00090687961,0.011895204
6.8249998,-0.00090522569,0.01187351
6.8260002,-0.00090357475,0.011851856
6.8270001,-0.00090192683,0.01183024
6.8280001,-0.00090028194,0.011808665
6.829,-0.00089864002,0.011787128
6.8299999,-0.00089700107,0.011765631
6.8309999,-0.00089536514,0.011744173
6.8319998,-0.00089373218,0.011722754
6.8330002,-0.00089210219,0.011701374
6.8340001,-0.00089047517,0.011680033
6.835,-0.00088885118,0.011658732
6.836,-0.0008872301,0.011637469
6.8369999,-0.00088561192,0.011616244
6.8379998,-0.00088399678,0.011595058
6.8390002,-0.00088238454,0.011573912
6.8400002,-0.00088077522,0.011552803
6.8410001,-0.00087916886,0.011531733
6.842,-0.00087756547,0.011510701
6.8429999,-0.00087596494,0.011489708
6.8439999,-0.00087436737,0.011468752
6.8449998,-0.00087277265,0.011447836
6.8460002,-0.00087118091,0.011426957
6.8470001,-0.00086959201,0.011406116
6.848,-0.00086800603,0.011385313
6.849,-0.00086642295,0.011364548
6.8499999,-0.00086484273,0.011343822
6.8509998,-0.00086326536,0.011323133
6.8520002,-0.0008616909,0.011302481
6.8530002,-0.00086011935,0.011281868
6.8540001,-0.0008585506,0.011261291
6.855,-0.00085698476,0.011240751
6.8559999,-0.00085542176,0.01122025
6.8569999,-0.00085386157,0.011199786
6.8579998,-0.00085230422,0.01117936
6.8590002,-0.00085074978,0.011158969
6.8600001,-0.00084919808,0.011138617
6.8610001,-0.00084764929,0.011118302
6.862,-0.00084610324,0.011098024
6.8629999,-0.00084456004,0.011077782
6.8639998,-0.00084301969,0.011057577
6.8649998,-0.00084148219,0.01103741
6.8660002,-0.00083994749,0.011017281
6.8670001,-0.00083841564,0.010997187
6.868,-0.00083688652,0.010977131
6.869,-0.00083536026,0.010957112
6.8699999,-0.00083383673,0.010937128
6.8709998,-0.000832316,0.010917181
6.8720002,-0.00083079806,0.01089727
6.8730001,-0.00082928286,0.010877396
6.8740001,-0.00082777045,0.010857559
6.875,-0.00082626077,0.010837757
6.8759999,-0.00082475384,0.010817991
6.8769999,-0.00082324969,0.010798262
6.8779998,-0.00082174828,0.010778568
6.8790002,-0.00082024961,0.01075891
6.8800001,-0.00081875362,0.010739288
6.881,-0.00081726041,0.010719703
6.882,-0.00081576989,0.010700152
6.8829999,-0.0008142821,0.010680637
6.8839998,-0.00081279705,0.010661159
6.8850002,-0.00081131468,0.010641715
6.8860002,-0.00080983504,0.010622307
6.8870001,-0.00080835808,0.010602934
6.888,-0.00080688385,0.010583596
6.8889999,-0.00080541224,0.010564295
6.8899999,-0.00080394337,0.010545027
6.8909998,-0.00080247712,0.010525796
6.8920002,-0.00080101361,0.010506599
6.8930001,-0.00079955271,0.010487437
6.8940001,-0.00079809455,0.010468311
6.895,-0.00079663901,0.010449219
6.8959999,-0.00079518609,0.010430162
6.8969998,-0.00079373585,0.01041114
6.8979998,-0.00079228822,0.010392152
6.8990002,-0.00079084327,0.010373198
6.9000001,-0.00078940095,0.01035428
6.901,-0.0007879613,0.010335396
6.902,-0.00078652421,0.010316547
6.9029999,-0.00078508974,0.010297731
6.9039998,-0.00078365795,0.010278951
6.9050002,-0.00078222872,0.010260205
6.9060001,-0.0007808021,0.010241492
6.9070001,-0.00077937805,0.010222814
6.908,-0.00077795668,0.01020417
6.9089999,-0.00077653781,0.010185559
6.9099998,-0.00077512156,0.010166983
6.9109998,-0.00077370793,0.01014844
6.9120002,-0.00077229686,0.010129932
6.9130001,-0.00077088835,0.010111458
6.914,-0.0007694824,0.010093016
6.915,-0.00076807901,0.010074608
6.9159999,-0.00076667819,0.010056235
6.9169998,-0.00076527992,0.010037894
6.9180002,-0.00076388422,0.010019587
6.9190001,-0.00076249108,0.010001313
6.9200001,-0.00076110044,0.009983073
6.921,-0.00075971236,0.0099648656
6.9219999,-0.00075832679,0.0099466918
6.9229999,-0.00075694371,0.0099285506
6.9239998,-0.0007555632,0.0099104429
6.9250002,-0.0007541852,0.0098923687
6.9260001,-0.00075280975,0.0098743271
6.927,-0.00075143675,0.0098563181
6.928,-0.00075006631,0.0098383417
6.9289999,-0.00074869831,0.0098203989
6.9299998,-0.00074733282,0.0098024877
6.9310002,-0.00074596982,0.00978461
6.9320002,-0.00074460928,0.0097667649
6.9330001,-0.00074325129,0.0097489515
6.934,-0.0007418957,0.0097311717
6.9349999,-0.0007405426,0.0097134234
6.9359999,-0.00073919201,0.0096957078
6.9369998,-0.00073784386,0.0096780248
6.9380002,-0.00073649816,0.0096603734
6.9390001,-0.0007351549,0.0096427547
6.9400001,-0.00073381409,0.0096251676
6.941,-0.00073247572,0.0096076131
6.9419999,-0.00073113979,0.0095900903
6.9429998,-0.00072980631,0.0095726
6.9439998,-0.00072847528,0.0095551405
6.9450002,-0.00072714663,0.0095377136
6.9460001,-0.00072582043,0.0095203184
6.947,-0.00072449667,0.0095029548
6.948,-0.00072317524,0.0094856219
6.9489999,-0.00072185631,0.0094683217
6.9499998,-0.00072053971,0.0094510531
6.9510002,-0.00071922556,0.0094338153
6.9520001,-0.00071791379,0.0094166091
6.9530001,-0.00071660441,0.0093994346
6.954,-0.00071529741,0.0093822908
6.9549999,-0.00071399275,0.0093651786
6.9559999,-0.00071269053,0.0093480982
6.9569998,-0.00071139063,0.0093310475
6.9580002,-0.00071009313,0.0093140295
6.9590001,-0.000708798,0.0092970412
6.96,-0.00070750527,0.0092800846
6.961,-0.00070621487,0.0092631588
6.9619999,-0.0007049269,0.0092462646
6.9629998,-0.00070364121,0.0092294011
6.9640002,-0.00070235791,0.0092125684
6.9650002,-0.00070107693,0.0091957664
6.9660001,-0.00069979829,0.0091789952
6.967,-0.00069852202,0.0091622546
6.9679999,-0.00069724803,0.0091455439
6.9689999,-0.00069597637,0.0091288639
6.9699998,-0.00069470704,0.0091122147
6.9710002,-0.00069344003,0.0090955961
6.9720001,-0.00069217529,0.0090790074
6.973,-0.00069091289,0.0090624485
6.974,-0.00068965281,0.0090459203
6.9749999,-0.000688395,0.009029422
6.9759998,-0.00068713952,0.0090129543
6.9770002,-0.00068588631,0.0089965165
6.9780002,-0.00068463536,0.0089801084
6.9790001,-0.00068338669,0.0089637302
6.98,-0.00068214029,0.0089473817
6.9809999,-0.00068089622,0.0089310631
6.9819999,-0.00067965436,0.0089147752
6.9829998,-0.00067841483,0.0088985162
6.9840002,-0.00067717751,0.008882287
6.9850001,-0.00067594246,0.0088660866
6.9860001,-0.00067470968,0.008849917
6.987,-0.00067347911,0.0088337762
6.9879999,-0.00067225081,0.0088176653
6.9889998,-0.00067102473,0.0088015832
6.9899998,-0.00066980091,0.00878553
6.9910002,-0.00066857931,0.0087695075
6.9920001,-0.00066735991,0.008753513
6.993,-0.00066614279,0.0087375483
6.994,-0.00066492788,0.0087216124
6.9949999,-0.00066371512,0.0087057054
6.9959998,-0.00066250464,0.0086898282
6.9970002,-0.00066129636,0.008673979
6.9980001,-0.00066009024,0.0086581595
6.9990001,-0.00065888639,0.0086423689
7,-0.00065768469,0.0086266063
7.0009999,-0.00065648521,0.0086108726
7.0019999,-0.00065528788,0.0085951686
7.0029998,-0.00065409276,0.0085794916
7.0040002,-0.00065289979,0.0085638445
7.0050001,-0.00065170898,0.0085482253
7.006,-0.00065052038,0.0085326349
7.007,-0.00064933393,0.0085170725
7.0079999,-0.0006481497,0.008501539
7.0089998,-0.00064696756,0.0084860334
7.0100002,-0.00064578763,0.0084705567
7.0110002,-0.0006446098,0.0084551079
7.0120001,-0.00064343412,0.0084396871
7.013,-0.00064226059,0.0084242942
7.0139999,-0.00064108922,0.0084089302
7.0149999,-0.00063992001,0.0083935931
7.0159998,-0.00063875288,0.008378285
7.0170002,-0.00063758792,0.0083630048
7.0180001,-0.00063642504,0.0083477516
7.0190001,-0.00063526432,0.0083325263
7.02,-0.0006341057,0.008317329
7.0209999,-0.00063294917,0.0083021596
7.0219998,-0.0006317948,0.0082870182
7.0229998,-0.00063064246,0.0082719037
7.0240002,-0.00062949228,0.0082568172
7.0250001,-0.00062834419,0.0082417578
7.026,-0.0006271982,0.0082267262
7.027,-0.0006260543,0.0082117217
7.0279999,-0.00062491244,0.0081967451
7.0289998,-0.00062377274,0.0081817955
7.0300002,-0.00062263507,0.0081668729
7.0310001,-0.00062149944,0.0081519783
7.0320001,-0.0006203659,0.0081371097
7.033,-0.00061923446,0.0081222691
7.0339999,-0.00061810506,0.0081074554
7.0349998,-0.00061697775,0.0080926688
7.0359998,-0.00061585248,0.0080779083
7.0370002,-0.00061472924,0.0080631757
7.0380001,-0.00061360805,0.0080484692
7.039,-0.00061248889,0.0080337897
7.04,-0.00061137183,0.0080191372
7.0409999,-0.00061025674,0.0080045117
7.0419998,-0.00060914375,0.0079899123
7.0430002,-0.00060803274,0.0079753399
7.0440001,-0.00060692377,0.0079607945
7.0450001,-0.00060581678,0.0079462742
7.046,-0.00060471188,0.0079317819
7.0469999,-0.00060360896,0.0079173148
7.0479999,-0.00060250802,0.0079028746
7.0489998,-0.00060140912,0.0078884605
7.0500002,-0.00060031225,0.0078740735
7.0510001,-0.00059921737,0.0078597115
7.052,-0.00059812446,0.0078453766
7.053,-0.00059703353,0.0078310678
7.0539999,-0.00059594458,0.007816785
7.0549998,-0.00059485767,0.0078025274
7.0560002,-0.00059377274,0.0077882968
7.0570002,-0.00059268979,0.0077740923
7.0580001,-0.00059160881,0.0077599138
7.059,-0.00059052982,0.007745761
7.0599999,-0.0005894528,0.0077316337
7.0609999,-0.0005883777,0.0077175326
7.0619998,-0.00058730459,0.007703457
7.0630002,-0.00058623345,0.0076894071
7.0640001,-0.00058516429,0.0076753828
7.0650001,-0.000584097,0.0076613841
7.066,-0.00058303174,0.007647411
7.0669999,-0.00058196834,0.0076334635
7.0679998,-0.00058090698,0.0076195411
7.0689998,-0.00057984749,0.0076056444
7.0700002,-0.00057878991,0.0075917733
7.0710001,-0.00057773432,0.0075779269
7.072,-0.00057668064,0.007564106
7.073,-0.00057562883,0.0075503103
7.0739999,-0.000574579,0.0075365398
7.0749998,-0.00057353108,0.0075227944
7.0760002,-0.00057248503,0.0075090742
7.0770001,-0.00057144091,0.0074953791
7.0780001,-0.0005703987,0.0074817087
7.079,-0.00056935841,0.0074680634
7.0799999,-0.00056831999,0.0074544428
7.0809999,-0.00056728348,0.0074408469
7.0819998,-0.00056624884,0.0074272761
7.0830002,-0.00056521612,0.00741373
7.0840001,-0.0005641852,0.0074002086
7.085,-0.00056315627,0.0073867119
7.086,-0.00056212913,0.0073732398
7.0869999,-0.00056110392,0.0073597925
7.0879998,-0.00056008057,0.0073463693
7.0890002,-0.00055905909,0.0073329709
7.0900002,-0.00055803946,0.0073195966
7.0910001,-0.00055702165,0.007306247
7.092,-0.00055600575,0.0072929217
7.0929999,-0.00055499171,0.0072796205
7.0939999,-0.00055397948,0.0072663436
7.0949998,-0.00055296911,0.0072530913
7.0960002,-0.00055196061,0.0072398628
7.0970001,-0.0005509539,0.0072266585
7.098,-0.00054994907,0.0072134784
7.099,-0.00054894609,0.0072003221
7.0999999,-0.00054794486,0.00718719
7.1009998,-0.00054694549,0.0071740816
7.1020002,-0.00054594799,0.0071609975
7.1030002,-0.00054495229,0.0071479371
7.1040001,-0.00054395839,0.0071349004
7.105,-0.0005429663,0.0071218875
7.1059999,-0.00054197601,0.0071088984
7.1069999,-0.00054098753,0.007095933
7.1079998,-0.00054000085,0.0070829913
7.1090002,-0.00053901598,0.0070700729
7.1100001,-0.00053803291,0.0070571783
7.1110001,-0.00053705164,0.0070443074
7.112,-0.00053607213,0.0070314598
7.1129999,-0.00053509441,0.0070186355
7.1139998,-0.0005341185,0.0070058345
7.1149998,-0.0005331444,0.0069930572
7.1160002,-0.00053217198,0.0069803032
7.1170001,-0.00053120143,0.006967572
7.118,-0.00053023256,0.0069548646
7.119,-0.00052926556,0.00694218
7.1199999,-0.00052830024,0.0069295187
7.1209998,-0.00052733673,0.0069168801
7.1220002,-0.0005263749,0.0069042649
7.1230001,-0.00052541489,0.0068916725
7.1240001,-0.00052445661,0.0068791034
7.125,-0.00052350009,0.0068665571
7.1259999,-0.00052254531,0.0068540336
7.1269999,-0.00052159227,0.0068415329
7.1279998,-0.00052064098,0.006829055
7.1290002,-0.00051969144,0.0068166
7.1300001,-0.00051874359,0.0068041673
7.131,-0.00051779748,0.0067917579
7.132,-0.00051685312,0.0067793708
7.1329999,-0.00051591045,0.0067670061
7.1339998,-0.00051496946,0.0067546642
7.1350002,-0.00051403028,0.0067423447
7.1360002,-0.00051309273,0.0067300475
7.1370001,-0.00051215693,0.0067177732
7.138,-0.00051122287,0.0067055207
7.1389999,-0.00051029044,0.006693291
7.1399999,-0.00050935976,0.0066810832
7.1409998,-0.00050843076,0.0066688978
7.1420002,-0.00050750346,0.0066567347
7.1430001,-0.00050657784,0.006644594
7.1440001,-0.00050565391,0.0066324752
7.145,-0.00050473167,0.0066203782
7.1459999,-0.00050381111,0.0066083036
7.1469998,-0.00050289219,0.0065962509
7.1479998,-0.00050197501,0.0065842201
7.1490002,-0.00050105946,0.0065722112
7.1500001,-0.0005001456,0.0065602246
7.151,-0.00049923337,0.0065482594
7.152,-0.00049832289,0.0065363166
7.1529999,-0.00049741403,0.0065243957
7.1539998,-0.00049650687,0.0065124966
7.1550002,-0.00049560133,0.006500619
7.1560001,-0.00049469742,0.0064887628
7.1570001,-0.0004937952,0.0064769289
7.158,-0.00049289461,0.0064651161
7.1589999,-0.00049199566,0.006453325
7.1599998,-0.00049109838,0.0064415555
7.1609998,-0.00049020268,0.0064298073
7.1620002,-0.00048930867,0.0064180805
7.1630001,-0.00048841623,0.0064063752
7.164,-0.00048752548,0.0063946913
7.165,-0.00048663633,0.0063830283
7.1659999,-0.00048574881,0.0063713873
7.1669998,-0.00048486289,0.0063597672
7.1680002,-0.0004839786,0.006348168
7.1690001,-0.00048309591,0.0063365903
7.1700001,-0.00048221485,0.0063250335
7.171,-0.00048133539,0.0063134981
7.1719999,-0.00048045753,0.0063019837
7.1729999,-0.00047958127,0.0062904898
7.1739998,-0.00047870661,0.0062790173
7.1750002,-0.00047783356,0.0062675658
7.1760001,-0.00047696207,0.0062561352
7.177,-0.00047609219,0.0062447251
7.178,-0.0004752239,0.0062333359
7.1789999,-0.00047435719,0.0062219677
7.1799998,-0.00047349205,0.00621062
7.1810002,-0.00047262851,0.0061992933
7.1820002,-0.00047176654,0.006187987
7.1830001,-0.00047090612,0.0061767013
7.184,-0.00047004729,0.0061654365
7.1849999,-0.00046919001,0.0061541917
7.1859999,-0.00046833433,0.0061429678
7.1869998,-0.00046748016,0.0061317645
7.1880002,-0.00046662759,0.0061205812
7.1890001,-0.00046577657,0.0061094188
7.1900001,-0.00046492708,0.0060982765
7.191,-0.00046407914,0.0060871546
7.1919999,-0.00046323275,0.0060760528
7.1929998,-0.00046238792,0.0060649714
7.1939998,-0.00046154461,0.0060539101
7.1950002,-0.00046070287,0.0060428688
7.1960001,-0.00045986264,0.006031848
7.197,-0.00045902396,0.0060208472
7.198,-0.00045818678,0.0060098665
7.1989999,-0.00045735115,0.0059989057
7.1999998,-0.00045651704,0.005987965
7.2010002,-0.00045568444,0.0059770443
7.2020001,-0.00045485335,0.0059661432
7.2030001,-0.0004540238,0.0059552621
7.204,-0.00045319577,0.005944401
7.2049999,-0.00045236922,0.0059335595
7.2059999,-0.00045154418,0.005922738
7.2069998,-0.00045072066,0.0059119361
7.2080002,-0.00044989865,0.0059011541
7.2090001,-0.00044907813,0.0058903918
7.21,-0.00044825909,0.0058796485
7.211,-0.00044744156,0.0058689252
7.2119999,-0.00044662552,0.0058582216
7.2129998,-0.00044581096,0.0058475374
7.2140002,-0.00044499789,0.0058368728
7.2150002,-0.0004441863,0.0058262274
7.2160001,-0.00044337619,0.0058156014
7.217,-0.00044256757,0.0058049951
7.2179999,-0.00044176041,0.0057944078
7.2189999,-0.00044095473,0.0057838401
7.2199998,-0.0004401505,0.0057732915
7.2210002,-0.00043934776,0.0057627619
7.2220001,-0.00043854647,0.0057522515
7.223,-0.00043774664,0.0057417606
7.224,-0.00043694826,0.0057312888
7.2249999,-0.00043615134,0.0057208356
7.2259998,-0.00043535588,0.005710402
7.2270002,-0.00043456187,0.0056999875
7.2280002,-0.00043376931,0.0056895916
7.2290001,-0.00043297818,0.0056792148
7.23,-0.00043218851,0.0056688567
7.2309999,-0.00043140029,0.0056585176
7.2319999,-0.00043061347,0.0056481976
7.2329998,-0.0004298281,0.0056378962
7.2340002,-0.00042904416,0.0056276135
7.2350001,-0.00042826167,0.0056173499
7.2360001,-0.00042748058,0.0056071044
7.237,-0.00042670092,0.005596878
7.2379999,-0.00042592268,0.0055866702
7.2389998,-0.00042514584,0.0055764806
7.2399998,-0.00042437046,0.0055663101
7.2410002,-0.00042359644,0.0055561578
7.2420001,-0.00042282388,0.0055460245
7.243,-0.00042205269,0.005535909
7.244,-0.00042128292,0.0055258125
7.2449999,-0.00042051455,0.0055157337
7.2459998,-0.00041974761,0.0055056741
7.2470002,-0.00041898206,0.0054956325
7.2480001,-0.00041821791,0.0054856096
7.2490001,-0.00041745519,0.0054756049
7.25,-0.00041669383,0.0054656188
7.2509999,-0.00041593387,0.0054556509
7.2519999,-0.00041517531,0.0054457006
7.2529998,-0.00041441811,0.005435769
7.2540002,-0.00041366232,0.0054258555
7.2550001,-0.00041290789,0.0054159597
7.256,-0.00041215483,0.0054060821
7.257,-0.00041140316,0.0053962227
7.2579999,-0.00041065284,0.0053863814
7.2589998,-0.00040990391,0.0053765578
7.2600002,-0.00040915632,0.0053667519
7.2610002,-0.00040841012,0.0053569642
7.2620001,-0.00040766527,0.0053471946
7.263,-0.00040692178,0.0053374423
7.2639999,-0.00040617964,0.0053277081
7.2649999,-0.00040543886,0.0053179916
7.2659998,-0.00040469944,0.0053082928
7.2670002,-0.00040396137,0.0052986117
7.2680001,-0.00040322464,0.0052889483
7.2690001,-0.00040248924,0.0052793021
7.27,-0.00040175518,0.0052696741
7.2709999,-0.00040102247,0.0052600633
7.2719998,-0.00040029112,0.0052504702
7.2729998,-0.00039956108,0.0052408944
7.2740002,-0.00039883234,0.0052313362
7.2750001,-0.00039810498,0.0052217958
7.276,-0.00039737893,0.0052122721
7.277,-0.00039665418,0.005202766
7.2779999,-0.00039593078,0.0051932777
7.2789998,-0.00039520868,0.0051838062
7.2800002,-0.00039448793,0.0051743519
7.2810001,-0.00039376848,0.0051649152
7.2820001,-0.00039305032,0.0051554954
7.283,-0.00039233349,0.0051460932
7.2839999,-0.00039161797,0.0051367078
7.2849998,-0.00039090373,0.0051273396
7.2859998,-0.00039019081,0.0051179887
7.2870002,-0.00038947919,0.0051086545
7.2880001,-0.00038876888,0.0050993375
7.289,-0.00038805985,0.0050900374
7.29,-0.00038735211,0.0050807544
7.2909999,-0.00038664567,0.0050714882
7.2919998,-0.00038594051,0.0050622388
7.2930002,-0.00038523664,0.0050530066
7.2940001,-0.00038453407,0.0050437907
7.2950001,-0.00038383275,0.005034592
7.296,-0.00038313272,0.0050254101
7.2969999,-0.00038243397,0.0050162449
7.2979999,-0.00038173649,0.0050070961
7.2989998,-0.0003810403,0.0049979645
7.3000002,-0.00038034536,0.0049888492
7.3010001,-0.0003796517,0.0049797506
7.302,-0.00037895929,0.0049706688
7.303,-0.00037826813,0.0049616033
7.3039999,-0.00037757825,0.0049525541
7.3049998,-0.00037688963,0.0049435217
7.3060002,-0.00037620228,0.004934506
7.3070002,-0.00037551616,0.0049255062
7.3080001,-0.00037483129,0.0049165231
7.309,-0.00037414767,0.0049075563
7.3099999,-0.0003734653,0.0048986059
7.3109999,-0.00037278418,0.0048896722
7.3119998,-0.00037210429,0.0048807543
7.3130002,-0.00037142565,0.0048718527
7.3140001,-0.00037074825,0.0048629674
7.3150001,-0.00037007206,0.0048540984
7.316,-0.00036939714,0.0048452453
7.3169999,-0.00036872341,0.0048364084
7.3179998,-0.00036805094,0.0048275879
7.3189998,-0.00036737969,0.0048187831
7.3200002,-0.00036670963,0.0048099947
7.3210001,-0.00036604083,0.0048012221
7.322,-0.00036537324,0.0047924654
7.323,-0.00036470685,0.0047837249
7.3239999,-0.00036404168,0.0047750003
7.3249998,-0.00036337774,0.0047662915
7.3260002,-0.00036271501,0.0047575985
7.3270001,-0.00036205346,0.0047489214
7.3280001,-0.00036139315,0.0047402601
7.329,-0.000360734,0.0047316146
7.3299999,-0.00036007608,0.0047229845
7.3309999,-0.00035941935,0.0047143707
7.3319998,-0.00035876385,0.0047057723
7.3330002,-0.00035810951,0.0046971897
7.3340001,-0.00035745636,0.0046886229
7.335,-0.0003568044,0.004680071
7.336,-0.00035615364,0.0046715355
7.3369999,-0.00035550407,0.0046630153
7.3379998,-0.00035485567,0.0046545104
7.3390002,-0.00035420846,0.0046460209
7.3400002,-0.00035356241,0.0046375473
7.3410001,-0.00035291756,0.004629089
7.342,-0.00035227387,0.0046206457
7.3429999,-0.0003516314,0.0046122186
7.3439999,-0.0003509901,0.0046038069
7.3449998,-0.00035034996,0.0045954105
7.3460002,-0.00034971099,0.0045870296
7.3470001,-0.00034907318,0.0045786635
7.348,-0.00034843656,0.0045703133
7.349,-0.00034780108,0.0045619779
7.3499999,-0.00034716676,0.0045536575
7.3509998,-0.00034653358,0.0045453529
7.3520002,-0.00034590159,0.0045370627
7.3530002,-0.00034527073,0.0045287884
7.3540001,-0.00034464101,0.0045205285
7.355,-0.00034401246,0.004512284
7.3559999,-0.00034338507,0.0045040548
7.3569999,-0.00034275881,0.0044958401
7.3579998,-0.00034213369,0.0044876407
7.3590002,-0.0003415097,0.0044794562
7.3600001,-0.00034088685,0.0044712867
7.3610001,-0.00034026513,0.004463132
7.362,-0.00033964455,0.0044549918
7.3629999,-0.00033902514,0.0044468669
7.3639998,-0.0003384068,0.004438757
7.3649998,-0.00033778962,0.0044306614
7.3660002,-0.00033717355,0.0044225808
7.3670001,-0.00033655862,0.0044145146
7.368,-0.00033594482,0.0044064638
7.369,-0.00033533212,0.004398427
7.3699999,-0.00033472053,0.0043904055
7.3709998,-0.00033411008,0.004382398
7.3720002,-0.00033350073,0.0043744054
7.3730001,-0.00033289249,0.0043664277
7.3740001,-0.00033228536,0.0043584639
7.375,-0.00033167933,0.0043505151
7.3759999,-0.00033107441,0.0043425807
7.3769999,-0.00033047062,0.0043346607
7.3779998,-0.00032986791,0.0043267552
7.3790002,-0.00032926627,0.0043188636
7.3800001,-0.00032866577,0.004310987
7.381,-0.00032806635,0.0043031247
7.382,-0.00032746801,0.0042952765
7.3829999,-0.00032687077,0.0042874427
7.3839998,-0.00032627463,0.0042796233
7.3850002,-0.00032567958,0.0042718183
7.3860002,-0.0003250856,0.0042640273
7.3870001,-0.00032449269,0.0042562503
7.388,-0.00032390089,0.0042484878
7.3889999,-0.00032331015,0.0042407396
7.3899999,-0.0003227205,0.004233005
7.3909998,-0.00032213191,0.0042252848
7.3920002,-0.00032154442,0.004217579
7.3930001,-0.00032095797,0.0042098868
7.3940001,-0.00032037261,0.0042022089
7.395,-0.00031978829,0.0041945446
7.3959999,-0.00031920508,0.0041868947
7.3969998,-0.00031862289,0.0041792584
7.3979998,-0.0003180418,0.0041716364
7.3990002,-0.00031746173,0.004164028
7.4000001,-0.00031688274,0.0041564335
7.401,-0.00031630479,0.004148853
7.402,-0.00031572793,0.004141286
7.4029999,-0.00031515208,0.0041337335
7.4039998,-0.00031457731,0.0041261939
7.4050002,-0.00031400358,0.0041186684
7.4060001,-0.00031343088,0.0041111568
7.4070001,-0.00031285925,0.0041036587
7.408,-0.00031228864,0.0040961746
7.4089999,-0.00031171908,0.0040887035
7.4099998,-0.00031115056,0.0040812464
7.4109998,-0.00031058307,0.0040738028
7.4120002,-0.00031001662,0.0040663732
7.4130001,-0.00030945119,0.0040589566
7.414,-0.00030888681,0.004051554
7.415,-0.00030832345,0.0040441644
7.4159999,-0.0003077611,0.0040367884
7.4169998,-0.00030719981,0.0040294263
7.4180002,-0.00030663953,0.0040220772
7.4190001,-0.00030608027,0.0040147412
7.4200001,-0.000305522,0.0040074191
7.421,-0.00030496478,0.0040001101
7.4219999,-0.00030440858,0.0039928146
7.4229999,-0.00030385336,0.0039855321
7.4239998,-0.0003032992,0.0039782631
7.4250002,-0.00030274602,0.0039710072
7.4260001,-0.00030219383,0.0039637648
7.427,-0.00030164269,0.0039565354
7.428,-0.00030109251,0.003949319
7.4289999,-0.00030054338,0.0039421162
7.4299998,-0.00029999521,0.0039349264
7.4310002,-0.00029944806,0.0039277491
7.4320002,-0.0002989019,0.0039205854
7.4330001,-0.00029835675,0.0039134347
7.434,-0.00029781257,0.003906297
7.4349999,-0.00029726941,0.0038991726
7.4359999,-0.0002967272,0.0038920608
7.4369998,-0.00029618602,0.0038849621
7.4380002,-0.00029564579,0.0038778766
7.4390001,-0.00029510658,0.0038708039
7.4400001,-0.00029456837,0.0038637442
7.441,-0.00029403114,0.0038566974
7.4419999,-0.00029349487,0.0038496635
7.4429998,-0.00029295959,0.0038426423
7.4439998,-0.00029242528,0.0038356341
7.4450002,-0.00029189195,0.0038286385
7.4460001,-0.00029135958,0.0038216559
7.447,-0.0002908282,0.0038146856
7.448,-0.00029029779,0.0038077284
7.4489999,-0.00028976833,0.0038007838
7.4499998,-0.00028923983,0.0037938517
7.4510002,-0.0002887123,0.0037869324
7.4520001,-0.00028818575,0.0037800258
7.4530001,-0.00028766014,0.0037731316
7.454,-0.00028713551,0.0037662501
7.4549999,-0.00028661182,0.0037593811
7.4559999,-0.00028608908,0.0037525247
7.4569998,-0.00028556731,0.0037456807
7.4580002,-0.0002850465,0.0037388492
7.4590001,-0.00028452661,0.0037320303
7.46,-0.00028400769,0.0037252237
7.461,-0.0002834897,0.0037184295
7.4619999,-0.00028297267,0.0037116478
7.4629998,-0.00028245657,0.0037048783
7.4640002,-0.00028194144,0.0036981213
7.4650002,-0.0002814272,0.0036913767
7.4660001,-0.00028091393,0.0036846441
7.467,-0.00028040161,0.0036779239
7.4679999,-0.0002798902,0.0036712161
7.4689999,-0.00027937972,0.0036645203
7.4699998,-0.0002788702,0.0036578369
7.4710002,-0.00027836158,0.0036511656
7.4720001,-0.00027785389,0.0036445067
7.473,-0.00027734714,0.0036378596
7.474,-0.00027684131,0.0036312249
7.4749999,-0.00027633639,0.0036246022
7.4759998,-0.0002758324,0.0036179915
7.4770002,-0.00027532934,0.0036113928
7.4780002,-0.00027482718,0.0036048063
7.4790001,-0.00027432592,0.0035982318
7.48,-0.0002738256,0.0035916693
7.4809999,-0.00027332621,0.0035851186
7.4819999,-0.00027282769,0.00357858
7.4829998,-0.0002723301,0.0035720533
7.4840002,-0.00027183341,0.0035655384
7.4850001,-0.00027133766,0.0035590355
7.4860001,-0.00027084278,0.0035525444
7.487,-0.0002703488,0.0035460652
7.4879999,-0.00026985572,0.0035395978
7.4889998,-0.00026936358,0.0035331422
7.4899998,-0.00026887227,0.0035266983
7.4910002,-0.0002683819,0.0035202662
7.4920001,-0.00026789244,0.0035138458
7.493,-0.00026740384,0.0035074372
7.494,-0.00026691615,0.0035010402
7.4949999,-0.00026642933,0.0034946548
7.4959998,-0.00026594341,0.0034882813
7.4970002,-0.00026545837,0.0034819192
7.4980001,-0.00026497422,0.0034755687
7.4990001,-0.00026449095,0.0034692299
7.5,-0.00026400856,0.0034629025
7.5009999,-0.00026352704,0.0034565867
7.5019999,-0.00026304642,0.0034502824
7.5029998,-0.00026256667,0.0034439897
7.5040002,-0.00026208779,0.0034377084
7.5050001,-0.00026160976,0.0034314385
7.506,-0.00026113263,0.0034251802
7.507,-0.00026065638,0.0034189331
7.5079999,-0.00026018097,0.0034126975
7.5089998,-0.00025970646,0.0034064734
7.5100002,-0.00025923279,0.0034002603
7.5110002,-0.00025875997,0.0033940589
7.5120001,-0.00025828803,0.0033878686
7.513,-0.00025781695,0.0033816898
7.5139999,-0.00025734675,0.0033755219
7.5149999,-0.00025687739,0.0033693656
7.5159998,-0.00025640888,0.0033632203
7.5170002,-0.00025594121,0.0033570863
7.5180001,-0.00025547441,0.0033509634
7.5190001,-0.00025500846,0.0033448518
7.52,-0.00025454338,0.0033387512
7.5209999,-0.00025407912,0.0033326617
7.5219998,-0.00025361573,0.0033265834
7.5229998,-0.00025315315,0.0033205163
7.5240002,-0.00025269145,0.0033144599
7.5250001,-0.00025223056,0.0033084149
7.526,-0.00025177051,0.0033023807
7.527,-0.00025131131,0.0032963576
7.5279999,-0.00025085296,0.0032903454
7.5289998,-0.00025039545,0.0032843442
7.5300002,-0.00024993875,0.0032783542
7.5310001,-0.0002494829,0.0032723749
7.5320001,-0.00024902786,0.0032664062
7.533,-0.00024857366,0.0032604488
7.5339999,-0.00024812031,0.0032545023
7.5349998,-0.00024766778,0.0032485665
7.5359998,-0.00024721608,0.0032426417
7.5370002,-0.00024676521,0.0032367278
7.5380001,-0.00024631515,0.0032308246
7.539,-0.0002458659,0.0032249321
7.54,-0.0002454175,0.0032190504
7.5409999,-0.00024496988,0.0032131795
7.5419998,-0.00024452311,0.0032073192
7.5430002,-0.00024407715,0.0032014695
7.5440001,-0.00024363199,0.0031956306
7.5450001,-0.00024318765,0.0031898024
7.546,-0.00024274412,0.0031839849
7.5469999,-0.00024230141,0.0031781779
7.5479999,-0.00024185948,0.0031723813
7.5489998,-0.00024141838,0.0031665955
7.5500002,-0.00024097807,0.0031608203
7.5510001,-0.00024053857,0.0031550555
7.552,-0.00024009988,0.0031493013
7.553,-0.00023966198,0.0031435576
7.5539999,-0.00023922489,0.0031378241
7.5549998,-0.00023878858,0.0031321014
7.5560002,-0.00023835308,0.0031263891
7.5570002,-0.00023791836,0.0031206871
7.5580001,-0.00023748445,0.0031149955
7.559,-0.00023705131,0.0031093145
7.5599999,-0.00023661897,0.0031036437
7.5609999,-0.00023618744,0.0030979831
7.5619998,-0.00023575667,0.003092333
7.5630002,-0.00023532669,0.0030866931
7.5640001,-0.0002348975,0.0030810635
7.5650001,-0.00023446909,0.0030754444
7.566,-0.00023404146,0.0030698352
7.5669999,-0.00023361461,0.0030642364
7.5679998,-0.00023318855,0.003058648
7.5689998,-0.00023276325,0.0030530696
7.5700002,-0.00023233875,0.0030475012
7.5710001,-0.00023191499,0.0030419431
7.572,-0.00023149203,0.0030363952
7.573,-0.00023106983,0.0030308575
7.5739999,-0.00023064841,0.0030253297
7.5749998,-0.00023022774,0.0030198121
7.5760002,-0.00022980785,0.0030143044
7.5770001,-0.00022938872,0.0030088071
7.5780001,-0.00022897037,0.0030033195
7.579,-0.00022855276,0.0029978419
7.5799999,-0.00022813593,0.0029923746
7.5809999,-0.00022771985,0.002986917
7.5819998,-0.00022730454,0.0029814695
7.5830002,-0.00022688997,0.0029760317
7.5840001,-0.00022647617,0.002970604
7.585,-0.00022606312,0.0029651863
7.586,-0.00022565082,0.0029597783
7.5869999,-0.00022523927,0.0029543801
7.5879998,-0.00022482849,0.002948992
7.5890002,-0.00022441844,0.0029436136
7.5900002,-0.00022400914,0.002938245
7.5910001,-0.00022360058,0.0029328861
7.592,-0.00022319278,0.0029275371
7.5929999,-0.00022278572,0.0029221978
7.5939999,-0.0002223794,0.0029168683
7.5949998,-0.00022197382,0.0029115484
7.5960002,-0.00022156897,0.0029062382
7.5970001,-0.00022116488,0.0029009378
7.598,-0.00022076152,0.002895647
7.599,-0.00022035888,0.0028903659
7.5999999,-0.00021995699,0.0028850944
7.6009998,-0.00021955582,0.0028798324
7.6020002,-0.00021915539,0.0028745802
7.6030002,-0.0002187557,0.0028693373
7.6040001,-0.00021835673,0.0028641042
7.605,-0.00021795847,0.0028588807
7.6059999,-0.00021756096,0.0028536664
7.6069999,-0.00021716417,0.002848462
7.6079998,-0.00021676809,0.0028432668
7.6090002,-0.00021637275,0.0028380812
7.6100001,-0.00021597811,0.0028329049
7.6110001,-0.00021558421,0.0028277382
7.612,-0.00021519102,0.002822581
7.6129999,-0.00021479854,0.0028174329
7.6139998,-0.00021440678,0.0028122943
7.6149998,-0.00021401574,0.0028071653
7.6160002,-0.0002136254,0.0028020453
7.6170001,-0.00021323579,0.0027969349
7.618,-0.00021284688,0.0027918336
7.619,-0.00021245868,0.0027867418
7.6199999,-0.00021207119,0.0027816591
7.6209998,-0.0002116844,0.0027765858
7.6220002,-0.00021129831,0.0027715217
7.6230001,-0.00021091293,0.0027664669
7.6240001,-0.00021052825,0.0027614213
7.625,-0.00021014428,0.0027563847
7.6259999,-0.000209761,0.0027513574
7.6269999,-0.00020937843,0.0027463392
7.6279998,-0.00020899654,0.0027413303
7.6290002,-0.00020861537,0.0027363305
7.6300001,-0.00020823489,0.00273134
7.631,-0.00020785512,0.0027263586
7.632,-0.00020747603,0.0027213863
7.6329999,-0.00020709763,0.002716423
7.6339998,-0.00020671994,0.0027114688
7.6350002,-0.00020634291,0.0027065235
7.6360002,-0.00020596659,0.0027015875
7.6370001,-0.00020559094,0.0026966603
7.638,-0.000205216,0.0026917423
7.6389999,-0.00020484172,0.002686833
7.6399999,-0.00020446813,0.0026819329
7.6409998,-0.00020409522,0.0026770416
7.6420002,-0.000203723,0.0026721591
7.6430001,-0.00020335145,0.0026672857
7.6440001,-0.00020298058,0.0026624212
7.645,-0.00020261039,0.0026575655
7.6459999,-0.00020224087,0.0026527187
7.6469998,-0.00020187203,0.0026478807
7.6479998,-0.00020150385,0.0026430513
7.6490002,-0.00020113635,0.002638231
7.6500001,-0.00020076953,0.0026334196
7.651,-0.00020040336,0.0026286168
7.652,-0.00020003787,0.0026238228
7.6529999,-0.00019967304,0.0026190374
7.6539998,-0.00019930888,0.0026142609
7.6550002,-0.00019894539,0.002609493
7.6560001,-0.00019858255,0.0026047339
7.6570001,-0.00019822038,0.0025999832
7.658,-0.00019785887,0.0025952416
7.6589999,-0.00019749803,0.0025905084
7.6599998,-0.00019713782,0.0025857838
7.6609998,-0.00019677829,0.0025810678
7.6620002,-0.00019641941,0.0025763607
7.6630001,-0.00019606118,0.002571662
7.664,-0.00019570361,0.0025669718
7.665,-0.00019534669,0.0025622901
7.6659999,-0.00019499041,0.0025576171
7.6669998,-0.00019463479,0.0025529526
7.6680002,-0.00019427983,0.0025482965
7.6690001,-0.0001939255,0.0025436489
7.6700001,-0.00019357182,0.0025390098
7.671,-0.00019321879,0.0025343793
7.6719999,-0.0001928664,0.0025297571
7.6729999,-0.00019251465,0.0025251433
7.6739998,-0.00019216354,0.0025205382
7.6750002,-0.00019181309,0.0025159412
7.6760001,-0.00019146326,0.0025113525
7.677,-0.00019111407,0.0025067725
7.678,-0.00019076552,0.0025022007
7.6789999,-0.0001904176,0.0024976372
7.6799998,-0.00019007032,0.0024930821
7.6810002,-0.00018972367,0.0024885351
7.6820002,-0.00018937765,0.0024839966
7.6830001,-0.00018903227,0.0024794664
7.684,-0.00018868751,0.0024749443
7.6849999,-0.00018834339,0.0024704305
7.6859999,-0.00018799989,0.0024659249
7.6869998,-0.00018765702,0.0024614276
7.6880002,-0.00018731477,0.0024569384
7.6890001,-0.00018697315,0.0024524576
7.6900001,-0.00018663214,0.0024479846
7.691,-0.00018629176,0.0024435201
7.6919999,-0.000185952,0.0024390635
7.6929998,-0.00018561287,0.0024346153
7.6939998,-0.00018527434,0.002430175
7.6950002,-0.00018493643,0.0024257428
7.6960001,-0.00018459915,0.0024213186
7.697,-0.00018426248,0.0024169027
7.698,-0.00018392642,0.0024124947
7.6989999,-0.00018359096,0.0024080947
7.6999998,-0.00018325614,0.0024037028
7.7010002,-0.00018292191,0.0023993189
7.7020001,-0.00018258829,0.002394943
7.7030001,-0.00018225529,0.0023905751
7.704,-0.00018192288,0.0023862151
7.7049999,-0.00018159108,0.0023818631
7.7059999,-0.00018125989,0.0023775189
7.7069998,-0.0001809293,0.0023731827
7.7080002,-0.00018059932,0.0023688544
7.7090001,-0.00018026994,0.002364534
7.71,-0.00017994115,0.0023602215
7.711,-0.00017961298,0.0023559169
7.7119999,-0.00017928539,0.00235162
7.7129998,-0.00017895839,0.002347331
7.7140002,-0.00017863201,0.0023430497
7.7150002,-0.0001783062,0.0023387764
7.7160001,-0.000177981,0.0023345109
7.717,-0.00017765639,0.0023302531
7.7179999,-0.00017733236,0.002326003
7.7189999,-0.00017700893,0.0023217606
7.7199998,-0.0001766861,0.0023175261
7.7210002,-0.00017636384,0.0023132991
7.7220001,-0.00017604217,0.00230908
7.723,-0.0001757211,0.0023048685
7.724,-0.00017540059,0.0023006648
7.7249999,-0.0001750807,0.0022964687
7.7259998,-0.00017476139,0.0022922803
7.7270002,-0.00017444266,0.0022880998
7.7280002,-0.00017412452,0.0022839268
7.7290001,-0.00017380695,0.0022797615
7.73,-0.00017348996,0.0022756036
7.7309999,-0.00017317355,0.0022714534
7.7319999,-0.00017285772,0.0022673106
7.7329998,-0.00017254247,0.0022631756
7.7340002,-0.00017222778,0.0022590482
7.7350001,-0.00017191368,0.002254928
7.7360001,-0.00017160014,0.0022508155
7.737,-0.00017128719,0.0022467105
7.7379999,-0.00017097479,0.0022426131
7.7389998,-0.00017066297,0.002238523
7.7399998,-0.00017035172,0.0022344403
7.7410002,-0.00017004104,0.0022303653
7.7420001,-0.00016973092,0.0022262975
7.743,-0.00016942136,0.0022222372
7.744,-0.00016911238,0.0022181843
7.7449999,-0.00016880395,0.0022141389
7.7459998,-0.00016849609,0.0022101006
7.7470002,-0.00016818878,0.0022060699
7.7480001,-0.00016788204,0.0022020466
7.7490001,-0.00016757587,0.0021980305
7.75,-0.00016727023,0.0021940218
7.7509999,-0.00016696517,0.0021900204
7.7519999,-0.00016666067,0.0021860262
7.7529998,-0.00016635671,0.0021820394
7.7540002,-0.00016605332,0.0021780599
7.7550001,-0.00016575046,0.0021740876
7.756,-0.00016544817,0.0021701225
7.757,-0.00016514643,0.0021661646
7.7579999,-0.00016484525,0.0021622139
7.7589998,-0.0001645446,0.0021582705
7.7600002,-0.0001642445,0.0021543342
7.7610002,-0.00016394496,0.0021504052
7.7620001,-0.00016364595,0.0021464834
7.763,-0.0001633475,0.0021425686
7.7639999,-0.00016304958,0.002138661
7.7649999,-0.00016275221,0.0021347606
7.7659998,-0.0001624554,0.0021308672
7.7670002,-0.00016215911,0.002126981
7.7680001,-0.00016186337,0.0021231018
7.7690001,-0.00016156815,0.0021192296
7.77,-0.00016127349,0.0021153647
7.7709999,-0.00016097937,0.0021115066
7.7719998,-0.00016068577,0.0021076556
7.7729998,-0.00016039271,0.0021038118
7.7740002,-0.00016010019,0.0020999748
7.7750001,-0.0001598082,0.0020961449
7.776,-0.00015951674,0.0020923221
7.777,-0.00015922582,0.002088506
7.7779999,-0.00015893542,0.0020846971
7.7789998,-0.00015864555,0.002080895
7.7800002,-0.00015835621,0.0020770999
7.7810001,-0.0001580674,0.0020733115
7.7820001,-0.00015777911,0.0020695303
7.783,-0.00015749136,0.0020657559
7.7839999,-0.00015720412,0.0020619882
7.7849998,-0.00015691742,0.0020582275
7.7859998,-0.00015663123,0.0020544739
7.7870002,-0.00015634556,0.0020507269
7.7880001,-0.00015606041,0.0020469867
7.789,-0.00015577579,0.0020432535
7.79,-0.00015549168,0.0020395268
7.7909999,-0.00015520809,0.0020358071
7.7919998,-0.00015492503,0.0020320942
7.7930002,-0.00015464248,0.002028388
7.7940001,-0.00015436043,0.0020246885
7.7950001,-0.00015407891,0.0020209958
7.796,-0.0001537979,0.0020173099
7.7969999,-0.00015351739,0.0020136307
7.7979999,-0.0001532374,0.0020099583
7.7989998,-0.00015295792,0.0020062923
7.8000002,-0.00015267896,0.0020026332
7.8010001,-0.00015240049,0.0019989808
7.802,-0.00015212253,0.0019953349
7.803,-0.00015184509,0.0019916957
7.8039999,-0.00015156815,0.0019880633
7.8049998,-0.00015129171,0.0019844372
7.8060002,-0.00015101577,0.0019808181
7.8070002,-0.00015074035,0.0019772053
7.8080001,-0.00015046542,0.0019735992
7.809,-0.00015019099,0.0019699996
7.8099999,-0.00014991706,0.0019664066
7.8109999,-0.00014964363,0.0019628201
7.8119998,-0.00014937069,0.0019592403
7.8130002,-0.00014909827,0.0019556668
7.8140001,-0.00014882634,0.0019520998
7.8150001,-0.00014855489,0.0019485395
7.816,-0.00014828394,0.0019449856
7.8169999,-0.0001480135,0.0019414382
7.8179998,-0.00014774353,0.0019378972
7.8189998,-0.00014747406,0.0019343627
7.8200002,-0.00014720508,0.0019308346
7.8210001,-0.00014693661,0.0019273132
7.822,-0.00014666862,0.0019237981
7.823,-0.00014640113,0.0019202895
7.8239999,-0.00014613412,0.0019167872
7.8249998,-0.0001458676,0.0019132913
7.8260002,-0.00014560156,0.0019098019
7.8270001,-0.00014533602,0.0019063187
7.8280001,-0.00014507095,0.001902842
7.829,-0.00014480637,0.0018993715
7.8299999,-0.00014454227,0.0018959075
7.8309999,-0.00014427865,0.0018924497
7.8319998,-0.00014401552,0.0018889982
7.8330002,-0.00014375286,0.001885553
7.8340001,-0.00014349067,0.0018821141
7.835,-0.00014322899,0.0018786815
7.836,-0.00014296776,0.0018752551
7.8369999,-0.00014270701,0.0018718351
7.8379998,-0.00014244675,0.0018684212
7.8390002,-0.00014218694,0.0018650135
7.8400002,-0.00014192762,0.0018616121
7.8410001,-0.00014166877,0.0018582168
7.842,-0.00014141039,0.0018548279
7.8429999,-0.00014115249,0.0018514449
7.8439999,-0.00014089506,0.0018480683
7.8449998,-0.00014063809,0.0018446977
7.8460002,-0.0001403816,0.0018413333
7.8470001,-0.00014012556,0.0018379751
7.848,-0.00013987,0.001834623
7.849,-0.0001396149,0.001831277
7.8499999,-0.00013936027,0.0018279371
7.8509998,-0.00013910611,0.0018246033
7.8520002,-0.0001388524,0.0018212756
7.8530002,-0.00013859916,0.0018179539
7.8540001,-0.00013834638,0.0018146383
7.855,-0.00013809407,0.0018113287
7.8559999,-0.0001378422,0.0018080252
7.8569999,-0.0001375908,0.0018047277
7.8579998,-0.00013733987,0.0018014362
7.8590002,-0.00013708939,0.0017981507
7.8600001,-0.00013683936,0.0017948712
7.8610001,-0.00013658979,0.0017915977
7.862,-0.00013634068,0.0017883301
7.8629999,-0.00013609201,0.0017850685
7.8639998,-0.0001358438,0.001781813
7.8649998,-0.00013559606,0.0017785633
7.8660002,-0.00013534875,0.0017753195
7.8670001,-0.0001351019,0.0017720816
7.868,-0.00013485549,0.0017688497
7.869,-0.00013460955,0.0017656236
7.8699999,-0.00013436405,0.0017624034
7.8709998,-0.00013411899,0.0017591891
7.8720002,-0.00013387438,0.0017559807
7.8730001,-0.00013363021,0.0017527781
7.8740001,-0.00013338649,0.0017495813
7.875,-0.00013314323,0.0017463904
7.8759999,-0.00013290039,0.0017432052
7.8769999,-0.00013265801,0.0017400259
7.8779998,-0.00013241605,0.0017368525
7.8790002,-0.00013217455,0.0017336848
7.8800001,-0.0001319335,0.0017305228
7.881,-0.00013169287,0.0017273666
7.882,-0.00013145269,0.0017242162
7.8829999,-0.00013121293,0.0017210715
7.8839998,-0.00013097363,0.0017179325
7.8850002,-0.00013073476,0.0017147993
7.8860002,-0.00013049631,0.0017116718
7.8870001,-0.00013025831,0.00170855
7.888,-0.00013002074,0.0017054339
7.8889999,-0.0001297836,0.0017023234
7.8899999,-0.0001295469,0.0016992188
7.8909998,-0.00012931063,0.0016961197
7.8920002,-0.00012907479,0.0016930262
7.8930001,-0.00012883937,0.0016899384
7.8940001,-0.00012860438,0.0016868562
7.895,-0.00012836984,0.0016837796
7.8959999,-0.00012813571,0.0016807086
7.8969998,-0.00012790201,0.0016776433
7.8979998,-0.00012766873,0.0016745835
7.8990002,-0.00012743588,0.0016715293
7.9000001,-0.00012720346,0.0016684807
7.901,-0.00012697146,0.0016654376
7.902,-0.00012673988,0.0016624001
7.9029999,-0.00012650872,0.001659368
7.9039998,-0.00012627798,0.0016563416
7.9050002,-0.00012604767,0.0016533207
7.9060001,-0.00012581778,0.0016503052
7.9070001,-0.00012558831,0.0016472953
7.908,-0.00012535925,0.0016442909
7.9089999,-0.00012513061,0.0016412919
7.9099998,-0.00012490239,0.0016382984
7.9109998,-0.00012467458,0.0016353102
7.9120002,-0.00012444718,0.0016323277
7.9130001,-0.00012422021,0.0016293505
7.914,-0.00012399364,0.0016263787
7.915,-0.00012376749,0.0016234124
7.9159999,-0.00012354176,0.0016204516
7.9169998,-0.00012331645,0.0016174963
7.9180002,-0.00012309155,0.0016145463
7.9190001,-0.00012286706,0.0016116017
7.9200001,-0.00012264297,0.0016086624
7.921,-0.0001224193,0.0016057286
7.9219999,-0.00012219603,0.0016028001
7.9229999,-0.00012197318,0.001599877
7.9239998,-0.00012175072,0.0015969592
7.9250002,-0.00012152868,0.0015940467
7.9260001,-0.00012130704,0.0015911395
7.927,-0.0001210858,0.0015882377
7.928,-0.00012086497,0.0015853411
7.9289999,-0.00012064454,0.0015824498
7.9299998,-0.00012042452,0.0015795638
7.9310002,-0.0001202049,0.001576683
7.9320002,-0.00011998567,0.0015738076
7.9330001,-0.00011976685,0.0015709373
7.934,-0.00011954842,0.0015680724
7.9349999,-0.0001193304,0.0015652126
7.9359999,-0.00011911277,0.0015623581
7.9369998,-0.00011889554,0.0015595087
7.9380002,-0.0001186787,0.0015566646
7.9390001,-0.00011846227,0.0015538257
7.9400001,-0.00011824622,0.0015509919
7.941,-0.00011803058,0.0015481634
7.9419999,-0.00011781532,0.0015453399
7.9429998,-0.00011760046,0.0015425216
7.9439998,-0.00011738599,0.0015397086
7.9450002,-0.00011717191,0.0015369005
7.9460001,-0.00011695822,0.0015340977
7.947,-0.00011674492,0.0015312999
7.948,-0.00011653202,0.0015285073
7.9489999,-0.0001163195,0.0015257198
7.9499998,-0.00011610737,0.0015229373
7.9510002,-0.00011589562,0.00152016
7.9520001,-0.00011568427,0.0015173877
7.9530001,-0.0001154733,0.0015146205
7.954,-0.00011526271,0.0015118583
7.9549999,-0.00011505251,0.0015091011
7.9559999,-0.00011484269,0.0015063491
7.9569998,-0.00011463326,0.0015036019
7.9580002,-0.00011442421,0.0015008599
7.9590001,-0.00011421553,0.0014981228
7.96,-0.00011400724,0.0014953908
7.961,-0.00011379933,0.0014926638
7.9619999,-0.00011359181,0.0014899416
7.9629998,-0.00011338465,0.0014872245
7.9640002,-0.00011317788,0.0014845124
7.9650002,-0.00011297149,0.0014818051
7.9660001,-0.00011276547,0.0014791029
7.967,-0.00011255983,0.0014764055
7.9679999,-0.00011235456,0.0014737131
7.9689999,-0.00011214967,0.0014710256
7.9699998,-0.00011194516,0.0014683431
7.9710002,-0.00011174101,0.0014656654
7.9720001,-0.00011153724,0.0014629926
7.973,-0.00011133384,0.0014603247
7.974,-0.00011113082,0.0014576616
7.9749999,-0.00011092816,0.0014550035
7.9759998,-0.00011072587,0.0014523502
7.9770002,-0.00011052395,0.0014497017
7.9780002,-0.00011032241,0.001447058
7.9790001,-0.00011012123,0.0014444193
7.98,-0.00010992042,0.0014417854
7.9809999,-0.00010971997,0.0014391561
7.9819999,-0.00010951989,0.0014365318
7.9829998,-0.00010932017,0.0014339122
7.9840002,-0.00010912083,0.0014312974
7.9850001,-0.00010892184,0.0014286874
7.9860001,-0.00010872322,0.0014260821
7.987,-0.00010852496,0.0014234816
7.9879999,-0.00010832706,0.0014208859
7.9889998,-0.00010812953,0.001418295
7.9899998,-0.00010793236,0.0014157087
7.9910002,-0.00010773554,0.0014131272
7.9920001,-0.00010753909,0.0014105503
7.993,-0.00010734299,0.0014079782
7.994,-0.00010714725,0.0014054108
7.9949999,-0.00010695188,0.0014028481
7.9959998,-0.00010675685,0.0014002901
7.9970002,-0.00010656218,0.0013977367
7.9980001,-0.00010636787,0.0013951879
7.9990001,-0.00010617392,0.0013926439
8,-0.00010598032,0.0013901045
8.0010004,-0.00010578707,0.0013875698
8.0019999,-0.00010559418,0.0013850396
8.0030003,-0.00010540163,0.0013825141
8.0039997,-0.00010520944,0.0013799933
8.0050001,-0.00010501761,0.001377477
8.0059996,-0.00010482612,0.0013749653
8.007,-0.00010463498,0.0013724582
8.0080004,-0.00010444419,0.0013699557
8.0089998,-0.00010425375,0.0013674577
8.0100002,-0.00010406366,0.0013649644
8.0109997,-0.00010387391,0.0013624756
8.0120001,-0.00010368451,0.0013599913
8.0129995,-0.00010349545,0.0013575115
8.0139999,-0.00010330675,0.0013550363
8.0150003,-0.00010311839,0.0013525657
8.0159998,-0.00010293037,0.0013500995
8.0170002,-0.0001027427,0.0013476379
8.0179996,-0.00010255536,0.0013451807
8.0190001,-0.00010236838,0.001342728
8.0200005,-0.00010218173,0.0013402798
8.0209999,-0.00010199542,0.0013378361
8.0220003,-0.00010180946,0.0013353969
8.0229998,-0.00010162383,0.0013329621
8.0240002,-0.00010143855,0.0013305318
8.0249996,-0.0001012536,0.0013281059
8.026,-0.00010106899,0.0013256844
8.0270004,-0.00010088472,0.0013232674
8.0279999,-0.00010070078,0.0013208548
8.0290003,-0.00010051718,0.0013184466
8.0299997,-0.00010033392,0.0013160427
8.0310001,-0.00010015099,0.0013136433
8.0319996,-9.9968391e-05,0.0013112483
8.033,-9.9786135e-05,0.0013088577
8.0340004,-9.9604207e-05,0.0013064714
8.0349998,-9.9422614e-05,0.0013040894
8.0360003,-9.9241348e-05,0.0013017119
8.0369997,-9.9060417e-05,0.0012993388
8.0380001,-9.8879813e-05,0.0012969698
8.0389996,-9.8699544e-05,0.0012946053
8.04,-9.8519602e-05,0.0012922451
8.0410004,-9.8339988e-05,0.0012898892
8.0419998,-9.8160708e-05,0.0012875375
8.0430002,-9.7981749e-05,0.0012851902
8.0439997,-9.7803124e-05,0.0012828473
8.0450001,-9.7624819e-05,0.0012805085
8.0459995,-9.7446842e-05,0.0012781741
8.0469999,-9.7269192e-05,0.0012758438
8.0480003,-9.7091863e-05,0.001273518
8.0489998,-9.691486e-05,0.0012711963
8.0500002,-9.6738186e-05,0.0012688788
8.0509996,-9.6561831e-05,0.0012665656
8.052,-9.6385796e-05,0.0012642567
8.0530005,-9.6210082e-05,0.001261952
8.0539999,-9.6034695e-05,0.0012596514
8.0550003,-9.5859621e-05,0.0012573551
8.0559998,-9.5684874e-05,0.001255063
8.0570002,-9.5510441e-05,0.0012527751
8.0579996,-9.5336334e-05,0.0012504912
8.059,-9.5162541e-05,0.0012482117
8.0600004,-9.4989067e-05,0.0012459363
8.0609999,-9.4815907e-05,0.001243665
8.0620003,-9.4643066e-05,0.0012413979
8.0629997,-9.4470539e-05,0.001239135
8.0640001,-9.4298332e-05,0.0012368762
8.0649996,-9.4126437e-05,0.0012346215
8.066,-9.3954855e-05,0.001232371
8.0670004,-9.3783587e-05,0.0012301245
8.0679998,-9.3612631e-05,0.0012278821
8.0690002,-9.3441988e-05,0.0012256439
8.0699997,-9.3271665e-05,0.0012234098
8.0710001,-9.310164e-05,0.0012211797
8.0719995,-9.2931936e-05,0.0012189538
8.073,-9.2762537e-05,0.0012167318
8.0740004,-9.2593451e-05,0.0012145139
8.0749998,-9.2424671e-05,0.0012123002
8.0760002,-9.2256203e-05,0.0012100904
8.0769997,-9.2088041e-05,0.0012078846
8.0780001,-9.1920185e-05,0.001205683
8.0790005,-9.1752641e-05,0.0012034854
8.0799999,-9.1585403e-05,0.0012012917
8.0810003,-9.1418464e-05,0.0011991021
8.0819998,-9.1251837e-05,0.0011969164
8.0830002,-9.1085509e-05,0.0011947348
8.0839996,-9.0919486e-05,0.0011925572
8.085,-9.0753769e-05,0.0011903836
8.0860004,-9.0588357e-05,0.0011882138
8.0869999,-9.0423244e-05,0.0011860481
8.0880003,-9.0258436e-05,0.0011838864
8.0889997,-9.0093927e-05,0.0011817286
8.0900002,-8.9929716e-05,0.0011795748
8.0909996,-8.976581e-05,0.0011774248
8.092,-8.9602196e-05,0.0011752788
8.0930004,-8.9438887e-05,0.0011731368
8.0939999,-8.9275876e-05,0.0011709986
8.0950003,-8.9113164e-05,0.0011688643
8.0959997,-8.895075e-05,0.001166734
8.0970001,-8.8788627e-05,0.0011646076
8.0979996,-8.862681e-05,0.001162485
8.099,-8.8465284e-05,0.0011603663
8.1000004,-8.8304048e-05,0.0011582515
8.1009998,-8.8143111e-05,0.0011561406
8.1020002,-8.7982473e-05,0.0011540335
8.1029997,-8.7822125e-05,0.0011519303
8.1040001,-8.7662069e-05,0.0011498309
8.1049995,-8.7502303e-05,0.0011477353
8.1059999,-8.7342836e-05,0.0011456436
8.1070004,-8.718366e-05,0.0011435557
8.1079998,-8.7024782e-05,0.0011414718
8.1090002,-8.6866195e-05,0.0011393917
8.1099997,-8.6707892e-05,0.0011373154
8.1110001,-8.6549888e-05,0.0011352429
8.1120005,-8.6392167e-05,0.0011331741
8.1129999,-8.6234737e-05,0.0011311091
8.1140003,-8.6077591e-05,0.0011290479
8.1149998,-8.5920736e-05,0.0011269905
8.1160002,-8.5764172e-05,0.0011249369
8.1169996,-8.5607891e-05,0.001122887
8.118,-8.5451895e-05,0.0011208409
8.1190004,-8.5296182e-05,0.0011187985
8.1199999,-8.514076e-05,0.0011167598
8.1210003,-8.4985615e-05,0.0011147249
8.1219997,-8.4830761e-05,0.0011126937
8.1230001,-8.4676183e-05,0.0011106662
8.1239996,-8.4521896e-05,0.0011086424
8.125,-8.4367886e-05,0.0011066223
8.1260004,-8.421416e-05,0.001104606
8.1269999,-8.406071e-05,0.0011025933
8.1280003,-8.3907544e-05,0.0011005842
8.1289997,-8.3754661e-05,0.0010985789
8.1300001,-8.3602055e-05,0.0010965772
8.1309996,-8.3449726e-05,0.0010945792
8.132,-8.329768e-05,0.0010925848
8.1330004,-8.3145911e-05,0.0010905941
8.1339998,-8.2994418e-05,0.001088607
8.1350002,-8.2843202e-05,0.0010866236
8.1359997,-8.2692262e-05,0.0010846438
8.1370001,-8.2541599e-05,0.0010826676
8.1379995,-8.2391212e-05,0.0010806951
8.1389999,-8.2241102e-05,0.0010787261
8.1400003,-8.2091261e-05,0.0010767607
8.1409998,-8.1941696e-05,0.001074799
8.1420002,-8.1792408e-05,0.0010728408
8.1429996,-8.1643389e-05,0.0010708862
8.1440001,-8.1494647e-05,0.0010689351
8.1450005,-8.1346174e-05,0.0010669878
8.1459999,-8.1197977e-05,0.0010650438
8.1470003,-8.1050042e-05,0.0010631034
8.1479998,-8.0902384e-05,0.0010611666
8.1490002,-8.0754995e-05,0.0010592334
8.1499996,-8.0607875e-05,0.0010573037
8.151,-8.0461024e-05,0.0010553775
8.1520004,-8.0314443e-05,0.0010534548
8.1529999,-8.0168124e-05,0.0010515357
8.1540003,-8.0022081e-05,0.00104962
8.1549997,-7.9876299e-05,0.0010477079
8.1560001,-7.9730788e-05,0.0010457992
8.1569996,-7.9585538e-05,0.0010438941
8.158,-7.9440557e-05,0.0010419923
8.1590004,-7.9295838e-05,0.0010400942
8.1599998,-7.9151381e-05,0.0010381994
8.1610003,-7.9007194e-05,0.0010363081
8.1619997,-7.8863268e-05,0.0010344203
8.1630001,-7.8719604e-05,0.001032536
8.1639996,-7.8576209e-05,0.0010306551
8.165,-7.843307e-05,0.0010287776
8.1660004,-7.8290192e-05,0.0010269035
8.1669998,-7.8147576e-05,0.0010250328
8.1680002,-7.8005221e-05,0.0010231656
8.1689997,-7.7863129e-05,0.0010213018
8.1700001,-7.7721292e-05,0.0010194415
8.1709995,-7.7579716e-05,0.0010175845
8.1719999,-7.7438403e-05,0.0010157309
8.1730003,-7.7297344e-05,0.0010138807
8.1739998,-7.7156539e-05,0.0010120338
8.1750002,-7.7015997e-05,0.0010101903
8.1759996,-7.6875709e-05,0.0010083503
8.177,-7.6735676e-05,0.0010065135
8.1780005,-7.6595898e-05,0.0010046801
8.1789999,-7.6456381e-05,0.0010028501
8.1800003,-7.6317112e-05,0.0010010233
8.1809998,-7.6178105e-05,0.00099920004
8.1820002,-7.6039345e-05,0.00099738
8.1829996,-7.590084e-05,0.00099556323
8.184,-7.5762589e-05,0.00099374983
8.1850004,-7.5624586e-05,0.0009919398
8.1859999,-7.5486838e-05,0.00099013303
8.1870003,-7.5349344e-05,0.00098832953
8.1879997,-7.5212098e-05,0.00098652928
8.1890001,-7.5075106e-05,0.00098473241
8.1899996,-7.4938362e-05,0.0009829388
8.191,-7.4801865e-05,0.00098114845
8.1920004,-7.4665615e-05,0.00097936136
8.1929998,-7.452962e-05,0.00097757753
8.1940002,-7.4393873e-05,0.00097579695
8.1949997,-7.4258365e-05,0.00097401958
8.1960001,-7.4123112e-05,0.00097224553
8.1969995,-7.3988107e-05,0.00097047468
8.198,-7.3853342e-05,0.00096870703
8.1990004,-7.3718824e-05,0.00096694264
8.1999998,-7.3584553e-05,0.00096518145
8.2010002,-7.345053e-05,0.00096342346
8.2019997,-7.3316747e-05,0.00096166867
8.2030001,-7.3183211e-05,0.00095991715
8.2040005,-7.3049916e-05,0.00095816876
8.2049999,-7.2916861e-05,0.00095642358
8.2060003,-7.2784052e-05,0.00095468154
8.2069998,-7.2651485e-05,0.0009529427
8.2080002,-7.2519157e-05,0.00095120701
8.2089996,-7.2387076e-05,0.00094947452
8.21,-7.2255229e-05,0.00094774517
8.2110004,-7.2123628e-05,0.00094601896
8.2119999,-7.1992261e-05,0.0009442959
8.2130003,-7.1861134e-05,0.00094257598
8.2139997,-7.1730246e-05,0.0009408592
8.2150002,-7.1599599e-05,0.00093914551
8.2159996,-7.1469192e-05,0.00093743496
8.217,-7.1339018e-05,0.00093572756
8.2180004,-7.1209077e-05,0.00093402324
8.2189999,-7.1079383e-05,0.000932322
8.2200003,-7.0949915e-05,0.00093062385
8.2209997,-7.0820686e-05,0.00092892878
8.2220001,-7.0691691e-05,0.00092723686
8.2229996,-7.0562935e-05,0.00092554797
8.224,-7.0434413e-05,0.00092386216
8.2250004,-7.0306123e-05,0.00092217943
8.2259998,-7.0178059e-05,0.00092049973
8.2270002,-7.0050235e-05,0.00091882312
8.2279997,-6.9922644e-05,0.00091714953
8.2290001,-6.9795286e-05,0.00091547897
8.2299995,-6.9668153e-05,0.00091381144
8.2309999,-6.9541253e-05,0.00091214699
8.2320004,-6.9414586e-05,0.00091048551
8.2329998,-6.9288151e-05,0.00090882712
8.2340002,-6.9161943e-05,0.00090717169
8.2349997,-6.9035967e-05,0.00090551923
8.2360001,-6.8910216e-05,0.0009038698
8.2370005,-6.8784691e-05,0.0009022234
8.2379999,-6.8659399e-05,0.00090057997
8.2390003,-6.8534333e-05,0.0008989395
8.2399998,-6.8409492e-05,0.000897302
8.2410002,-6.8284877e-05,0.00089566753
8.2419996,-6.8160487e-05,0.00089403597
8.243,-6.803633e-05,0.00089240738
8.2440004,-6.7912391e-05,0.00089078175
8.2449999,-6.7788678e-05,0.0008891591
8.2460003,-6.7665191e-05,0.00088753935
8.2469997,-6.7541929e-05,0.00088592252
8.2480001,-6.7418885e-05,0.00088430865
8.2489996,-6.7296067e-05,0.0008826977
8.25,-6.7173474e-05,0.00088108965
8.2510004,-6.70511e-05,0.00087948452
8.2519999,-6.6928951e-05,0.0008778823
8.2530003,-6.6807021e-05,0.00087628298
8.2539997,-6.6685308e-05,0.00087468652
8.2550001,-6.6563814e-05,0.00087309303
8.2559996,-6.6442546e-05,0.00087150239
8.257,-6.6321496e-05,0.0008699146
8.2580004,-6.6200664e-05,0.00086832966
8.2589998,-6.6080051e-05,0.00086674764
8.2600002,-6.5959655e-05,0.00086516846
8.2609997,-6.5839478e-05,0.00086359214
8.2620001,-6.571952e-05,0.00086201867
8.2629995,-6.5599779e-05,0.000860448
8.2639999,-6.548025e-05,0.00085888023
8.2650003,-6.5360939e-05,0.00085731526
8.2659998,-6.5241838e-05,0.00085575314
8.2670002,-6.5122957e-05,0.00085419382
8.2679996,-6.5004293e-05,0.00085263728
8.2690001,-6.488584e-05,0.00085108361
8.2700005,-6.4767599e-05,0.00084953266
8.2709999,-6.4649576e-05,0.00084798457
8.2720003,-6.4531763e-05,0.00084643927
8.2729998,-6.4414162e-05,0.00084489677
8.2740002,-6.4296772e-05,0.000843357
8.2749996,-6.41796e-05,0.00084182003
8.276,-6.4062631e-05,0.00084028585
8.2770004,-6.3945874e-05,0.00083875441
8.2779999,-6.3829328e-05,0.0008372257
8.2790003,-6.3712992e-05,0.00083569979
8.2799997,-6.3596868e-05,0.00083417661
8.2810001,-6.3480948e-05,0.00083265617
8.2819996,-6.3365238e-05,0.00083113846
8.283,-6.3249739e-05,0.00082962343
8.2840004,-6.3134445e-05,0.0008281112
8.2849998,-6.3019361e-05,0.00082660164
8.2860003,-6.2904481e-05,0.00082509482
8.2869997,-6.2789812e-05,0.00082359067
8.2880001,-6.2675339e-05,0.00082208926
8.2889996,-6.2561077e-05,0.00082059053
8.29,-6.2447019e-05,0.00081909448
8.2910004,-6.2333173e-05,0.0008176011
8.2919998,-6.2219522e-05,0.00081611046
8.2930002,-6.2106075e-05,0.00081462244
8.2939997,-6.199284e-05,0.0008131371
8.2950001,-6.18798e-05,0.00081165438
8.2959995,-6.1766965e-05,0.00081017439
8.2969999,-6.1654333e-05,0.00080869702
8.2980003,-6.1541978e-05,0.00080722326
8.2989998,-6.1429921e-05,0.00080575346
8.3000002,-6.1318067e-05,0.00080428633
8.3009996,-6.1206418e-05,0.00080282189
8.302,-6.1094972e-05,0.00080136012
8.3030005,-6.0983733e-05,0.00079990103
8.3039999,-6.0872699e-05,0.00079844461
8.3050003,-6.0761864e-05,0.00079699088
8.3059998,-6.0651233e-05,0.00079553976
8.3070002,-6.0540802e-05,0.00079409126
8.3079996,-6.0430575e-05,0.0007926455
8.309,-6.0320552e-05,0.0007912023
8.3100004,-6.0210725e-05,0.00078976178
8.3109999,-6.0101102e-05,0.00078832387
8.3120003,-5.9991678e-05,0.00078688859
8.3129997,-5.9882455e-05,0.00078545598
8.3140001,-5.9773429e-05,0.00078402593
8.3149996,-5.9664606e-05,0.00078259851
8.316,-5.955598e-05,0.0007811737
8.3170004,-5.944755e-05,0.00077975151
8.3179998,-5.933932e-05,0.00077833189
8.3190002,-5.923129e-05,0.00077691488
8.3199997,-5.9123457e-05,0.00077550043
8.3210001,-5.9015816e-05,0.00077408861
8.3219995,-5.8908376e-05,0.00077267934
8.323,-5.8801132e-05,0.00077127264
8.3240004,-5.8694084e-05,0.00076986855
8.3249998,-5.8587229e-05,0.00076846697
8.3260002,-5.8480571e-05,0.00076706801
8.3269997,-5.8374109e-05,0.00076567155
8.3280001,-5.826784e-05,0.00076427765
8.3290005,-5.8161764e-05,0.00076288631
8.3299999,-5.8055884e-05,0.00076149753
8.3310003,-5.7950198e-05,0.00076011126
8.3319998,-5.7844703e-05,0.00075872749
8.3330002,-5.7739402e-05,0.00075734634
8.3339996,-5.763429e-05,0.00075596763
8.335,-5.7529374e-05,0.00075459149
8.3360004,-5.7424648e-05,0.00075321784
8.3369999,-5.7320114e-05,0.00075184664
8.3380003,-5.721577e-05,0.00075047801
8.3389997,-5.7111618e-05,0.00074911187
8.3400002,-5.7007652e-05,0.00074774824
8.3409996,-5.6903882e-05,0.00074638712
8.342,-5.6800298e-05,0.00074502843
8.3430004,-5.6696903e-05,0.00074367225
8.3439999,-5.6593697e-05,0.00074231852
8.3450003,-5.649068e-05,0.00074096728
8.3459997,-5.6387849e-05,0.0007396185
8.3470001,-5.6285207e-05,0.00073827221
8.3479996,-5.6182755e-05,0.00073692831
8.349,-5.6080487e-05,0.00073558692
8.3500004,-5.5978406e-05,0.00073424797
8.3509998,-5.5876513e-05,0.00073291146
8.3520002,-5.5774803e-05,0.0007315774
8.3529997,-5.5673281e-05,0.00073024578
8.3540001,-5.5571942e-05,0.00072891655
8.3549995,-5.5470791e-05,0.00072758977
8.3559999,-5.5369823e-05,0.00072626543
8.3570004,-5.526904e-05,0.00072494347
8.3579998,-5.5168439e-05,0.00072362396
8.3590002,-5.5068023e-05,0.00072230684
8.3599997,-5.496779e-05,0.0007209921
8.3610001,-5.4867742e-05,0.00071967981
8.3620005,-5.4767872e-05,0.00071836985
8.3629999,-5.4668188e-05,0.00071706233
8.3640003,-5.4568685e-05,0.0007157572
8.3649998,-5.4469361e-05,0.00071445439
8.3660002,-5.4370223e-05,0.00071315403
8.3669996,-5.4271262e-05,0.000711856
8.368,-5.417248e-05,0.00071056036
8.3690004,-5.4073884e-05,0.00070926704
8.3699999,-5.3975462e-05,0.00070797611
8.3710003,-5.3877222e-05,0.00070668751
8.3719997,-5.377916e-05,0.0007054013
8.3730001,-5.368128e-05,0.00070411741
8.3739996,-5.3583575e-05,0.00070283585
8.375,-5.3486052e-05,0.00070155668
8.3760004,-5.3388703e-05,0.00070027978
8.3769999,-5.3291533e-05,0.00069900526
8.3780003,-5.3194537e-05,0.00069773302
8.3789997,-5.3097723e-05,0.0006964631
8.3800001,-5.3001084e-05,0.00069519551
8.3809996,-5.2904619e-05,0.00069393025
8.382,-5.2808329e-05,0.00069266726
8.3830004,-5.2712217e-05,0.0006914066
8.3839998,-5.261628e-05,0.00069014821
8.3850002,-5.2520518e-05,0.00068889215
8.3859997,-5.242493e-05,0.00068763836
8.3870001,-5.2329513e-05,0.00068638683
8.3879995,-5.2234274e-05,0.00068513758
8.3889999,-5.2139207e-05,0.0006838906
8.3900003,-5.2044314e-05,0.00068264594
8.3909998,-5.1949592e-05,0.0006814035
8.3920002,-5.1855044e-05,0.00068016333
8.3929996,-5.1760668e-05,0.00067892543
8.3940001,-5.1666462e-05,0.00067768979
8.3950005,-5.1572428e-05,0.00067645643
8.3959999,-5.1478568e-05,0.00067522528
8.3970003,-5.1384875e-05,0.00067399634
8.3979998,-5.1291354e-05,0.00067276967
8.3990002,-5.1198003e-05,0.00067154522
8.3999996,-5.1104824e-05,0.00067032303
8.401,-5.1011815e-05,0.000669103
8.4020004,-5.091897e-05,0.00066788524
8.4029999,-5.08263e-05,0.00066666969
8.4040003,-5.0733794e-05,0.00066545635
8.4049997,-5.0641458e-05,0.00066424522
8.4060001,-5.054929e-05,0.00066303625
8.4069996,-5.0457289e-05,0.00066182954
8.408,-5.0365456e-05,0.000660625
8.4090004,-5.0273789e-05,0.00065942266
8.4099998,-5.0182291e-05,0.00065822247
8.4110003,-5.0090955e-05,0.0006570245
8.4119997,-4.9999791e-05,0.00065582868
8.4130001,-4.9908787e-05,0.00065463502
8.4139996,-4.9817951e-05,0.00065344357
8.415,-4.9727281e-05,0.00065225427
8.4160004,-4.9636776e-05,0.00065106712
8.4169998,-4.9546434e-05,0.00064988213
8.4180002,-4.9456256e-05,0.00064869929
8.4189997,-4.9366241e-05,0.00064751861
8.4200001,-4.927639e-05,0.00064634008
8.4209995,-4.9186699e-05,0.0006451637
8.4219999,-4.9097176e-05,0.00064398942
8.4230003,-4.9007813e-05,0.00064281729
8.4239998,-4.8918613e-05,0.00064164732
8.4250002,-4.8829577e-05,0.00064047944
8.4259996,-4.8740698e-05,0.00063931366
8.427,-4.8651982e-05,0.00063815003
8.4280005,-4.856343e-05,0.00063698849
8.4289999,-4.8475034e-05,0.00063582906
8.4300003,-4.8386803e-05,0.00063467171
8.4309998,-4.8298727e-05,0.00063351647
8.4320002,-4.8210815e-05,0.00063236337
8.4329996,-4.812306e-05,0.00063121232
8.434,-4.8035465e-05,0.00063006335
8.4350004,-4.794803e-05,0.00062891649
8.4359999,-4.7860751e-05,0.00062777166
8.4370003,-4.7773628e-05,0.00062662899
8.4379997,-4.7686666e-05,0.00062548829
8.4390001,-4.7599864e-05,0.00062434975
8.4399996,-4.7513215e-05,0.00062321319
8.441,-4.7426725e-05,0.00062207872
8.4420004,-4.7340392e-05,0.00062094635
8.4429998,-4.7254212e-05,0.00061981595
8.4440002,-4.7168192e-05,0.00061868766
8.4449997,-4.7082325e-05,0.0006175614
8.4460001,-4.6996614e-05,0.00061643717
8.4469995,-4.691106e-05,0.00061531493
8.448,-4.6825659e-05,0.00061419478
8.4490004,-4.674041e-05,0.00061307661
8.4499998,-4.6655317e-05,0.00061196048
8.4510002,-4.6570382e-05,0.00061084639
8.4519997,-4.6485595e-05,0.00060973433
8.4530001,-4.6400964e-05,0.00060862425
8.4540005,-4.6316483e-05,0.00060751615
8.4549999,-4.6232159e-05,0.00060641009
8.4560003,-4.6147987e-05,0.00060530601
8.4569998,-4.6063964e-05,0.0006042039
8.4580002,-4.5980094e-05,0.00060310384
8.4589996,-4.5896373e-05,0.00060200569
8.46,-4.5812805e-05,0.00060090958
8.4610004,-4.572939e-05,0.00059981545
8.4619999,-4.5646124e-05,0.00059872324
8.4630003,-4.5563007e-05,0.00059763307
8.4639997,-4.5480039e-05,0.00059654482
8.4650002,-4.5397224e-05,0.00059545855
8.4659996,-4.5314555e-05,0.00059437426
8.467,-4.5232038e-05,0.00059329189
8.4680004,-4.5149667e-05,0.00059221144
8.4689999,-4.5067449e-05,0.00059113296
8.4700003,-4.4985372e-05,0.00059005647
8.4709997,-4.4903449e-05,0.0005889819
8.4720001,-4.4821671e-05,0.00058790925
8.4729996,-4.4740042e-05,0.00058683852
8.474,-4.4658555e-05,0.00058576971
8.4750004,-4.457722e-05,0.00058470288
8.4759998,-4.4496028e-05,0.00058363791
8.4770002,-4.4414985e-05,0.00058257487
8.4779997,-4.4334083e-05,0.00058151374
8.4790001,-4.4253331e-05,0.00058045454
8.4799995,-4.4172721e-05,0.00057939719
8.4809999,-4.4092256e-05,0.00057834183
8.4820004,-4.4011937e-05,0.00057728827
8.4829998,-4.3931763e-05,0.00057623663
8.4840002,-4.3851731e-05,0.00057518692
8.4849997,-4.3771845e-05,0.00057413906
8.4860001,-4.36921e-05,0.00057309307
8.4870005,-4.3612501e-05,0.000572049
8.4879999,-4.353304e-05,0.00057100679
8.4890003,-4.3453761e-05,0.00056996691
8.4899998,-4.3374694e-05,0.00056892977
8.4910002,-4.3295771e-05,0.0005678946
8.4919996,-4.3216991e-05,0.00056686124
8.493,-4.3138356e-05,0.0005658298
8.4940004,-4.3059863e-05,0.00056480028
8.4949999,-4.2981512e-05,0.00056377257
8.4960003,-4.2903306e-05,0.00056274678
8.4969997,-4.2825242e-05,0.00056172285
8.4980001,-4.2747321e-05,0.00056070078
8.4989996,-4.2669544e-05,0.00055968057
8.5,-4.2591906e-05,0.00055866223
8.5010004,-4.251441e-05,0.00055764575
8.5019999,-4.2437056e-05,0.00055663113
8.5030003,-4.2359843e-05,0.00055561838
8.5039997,-4.2282769e-05,0.00055460742
8.5050001,-4.2205837e-05,0.00055359834
8.5059996,-4.2129046e-05,0.00055259111
8.507,-4.2052394e-05,0.00055158569
8.5080004,-4.197588e-05,0.00055058207
8.5089998,-4.1899508e-05,0.00054958032
8.5100002,-4.1823274e-05,0.00054858043
8.5109997,-4.1747182e-05,0.00054758228
8.5120001,-4.1671225e-05,0.000546586
8.5129995,-4.1595405e-05,0.00054559158
8.5139999,-4.1519728e-05,0.00054459891
8.5150003,-4.1444186e-05,0.00054360804
8.5159998,-4.1368785e-05,0.00054261903
8.5170002,-4.1293519e-05,0.00054163177
8.5179996,-4.1218387e-05,0.00054064638
8.5190001,-4.1143398e-05,0.00053966272
8.5200005,-4.1068542e-05,0.00053868088
8.5209999,-4.0993822e-05,0.00053770078
8.5220003,-4.091924e-05,0.00053672254
8.5229998,-4.0844792e-05,0.00053574605
8.5240002,-4.0770483e-05,0.0005347713
8.5249996,-4.0696304e-05,0.00053379836
8.526,-4.0622264e-05,0.00053282722
8.5270004,-4.0548359e-05,0.00053185783
8.5279999,-4.0474588e-05,0.00053089019
8.5290003,-4.0400952e-05,0.00052992435
8.5299997,-4.032745e-05,0.00052896026
8.5310001,-4.0254079e-05,0.00052799785
8.5319996,-4.0180847e-05,0.00052703731
8.533,-4.0107745e-05,0.00052607845
8.5340004,-4.0034774e-05,0.00052512134
8.5349998,-3.9961938e-05,0.00052416598
8.5360003,-3.9889237e-05,0.00052321237
8.5369997,-3.9816667e-05,0.00052226044
8.5380001,-3.9744227e-05,0.00052131031
8.5389996,-3.9671919e-05,0.00052036188
8.54,-3.9599745e-05,0.00051941519
8.5410004,-3.9527702e-05,0.00051847025
8.5419998,-3.9455786e-05,0.00051752699
8.5430002,-3.9384006e-05,0.00051658542
8.5439997,-3.9312356e-05,0.0005156456
8.5450001,-3.9240833e-05,0.00051470753
8.5459995,-3.9169445e-05,0.00051377108
8.5469999,-3.9098184e-05,0.00051283638
8.5480003,-3.9027051e-05,0.00051190343
8.5489998,-3.8956052e-05,0.00051097211
8.5500002,-3.8885177e-05,0.00051004248
8.5509996,-3.8814436e-05,0.00050911459
8.552,-3.8743819e-05,0.00050818839
8.5530005,-3.8673334e-05,0.00050726382
8.5539999,-3.8602975e-05,0.00050634093
8.5550003,-3.8532744e-05,0.0005054198
8.5559998,-3.8462644e-05,0.00050450023
8.5570002,-3.8392667e-05,0.00050358241
8.5579996,-3.8322822e-05,0.00050266628
8.559,-3.82531e-05,0.00050175178
8.5600004,-3.8183505e-05,0.00050083891
8.5609999,-3.8114038e-05,0.00049992773
8.5620003,-3.8044695e-05,0.00049901824
8.5629997,-3.7975482e-05,0.00049811031
8.5640001,-3.7906389e-05,0.00049720414
8.5649996,-3.7837428e-05,0.00049629953
8.566,-3.776859e-05,0.00049539661
8.5670004,-3.7699876e-05,0.00049449533
8.5679998,-3.7631286e-05,0.00049359567
8.5690002,-3.7562822e-05,0.00049269764
8.5699997,-3.7494483e-05,0.00049180124
8.5710001,-3.7426267e-05,0.00049090647
8.5719995,-3.7358175e-05,0.00049001334
8.573,-3.7290207e-05,0.00048912183
8.5740004,-3.7222362e-05,0.00048823195
8.5749998,-3.7154641e-05,0.00048734367
8.5760002,-3.708704e-05,0.00048645699
8.5769997,-3.7019567e-05,0.00048557195
8.5780001,-3.6952213e-05,0.0004846885
8.5790005,-3.688498e-05,0.00048380665
8.5799999,-3.681787e-05,0.00048292641
8.5810003,-3.6750884e-05,0.00048204776
8.5819998,-3.6684018e-05,0.00048117069
8.5830002,-3.6617272e-05,0.00048029522
8.5839996,-3.6550649e-05,0.00047942135
8.585,-3.6484147e-05,0.00047854905
8.5860004,-3.6417761e-05,0.00047767835
8.5869999,-3.6351499e-05,0.00047680919
8.5880003,-3.6285361e-05,0.00047594163
8.5889997,-3.6219339e-05,0.00047507565
8.5900002,-3.6153433e-05,0.00047421124
8.5909996,-3.6087651e-05,0.00047334839
8.592,-3.6021989e-05,0.0004724871
8.5930004,-3.5956444e-05,0.00047162737
8.5939999,-3.5891018e-05,0.00047076921
8.5950003,-3.5825709e-05,0.0004699126
8.5959997,-3.576052e-05,0.00046905753
8.5970001,-3.5695448e-05,0.000468204
8.5979996,-3.5630495e-05,0.00046735205
8.599,-3.5565659e-05,0.0004665016
8.6000004,-3.550094e-05,0.00046565273
8.6009998,-3.543634e-05,0.00046480537
8.6020002,-3.5371853e-05,0.00046395956
8.6029997,-3.5307487e-05,0.00046311526
8.6040001,-3.5243236e-05,0.0004622725
8.6049995,-3.5179102e-05,0.00046143125
8.6059999,-3.5115081e-05,0.00046059155
8.6070004,-3.5051176e-05,0.00045975336
8.6079998,-3.4987388e-05,0.00045891665
8.6090002,-3.4923716e-05,0.00045808149
8.6099997,-3.4860161e-05,0.00045724784
8.6110001,-3.4796718e-05,0.00045641567
8.6120005,-3.4733388e-05,0.00045558502
8.6129999,-3.4670175e-05,0.00045475588
8.6140003,-3.4607074e-05,0.00045392822
8.6149998,-3.4544089e-05,0.00045310205
8.6160002,-3.4481218e-05,0.0004522774
8.6169996,-3.4418459e-05,0.00045145419
8.618,-3.4355813e-05,0.00045063251
8.6190004,-3.429328e-05,0.0004498123
8.6199999,-3.4230863e-05,0.00044899358
8.6210003,-3.4168555e-05,0.00044817632
8.6219997,-3.4106361e-05,0.00044736054
8.6230001,-3.4044278e-05,0.00044654624
8.6239996,-3.3982309e-05,0.00044573337
8.625,-3.3920449e-05,0.00044492201
8.6260004,-3.3858701e-05,0.00044411208
8.6269999,-3.3797067e-05,0.00044330364
8.6280003,-3.3735541e-05,0.00044249665
8.6289997,-3.3674129e-05,0.00044169108
8.6300001,-3.3612825e-05,0.000440887
8.6309996,-3.3551631e-05,0.00044008435
8.632,-3.3490549e-05,0.00043928315
8.6330004,-3.3429576e-05,0.0004384834
8.6339998,-3.3368713e-05,0.00043768506
8.6350002,-3.3307959e-05,0.00043688819
8.6359997,-3.3247314e-05,0.00043609273
8.6370001,-3.3186778e-05,0.00043529872
8.6379995,-3.3126351e-05,0.0004345061
8.6389999,-3.3066033e-05,0.00043371494
8.6400003,-3.3005825e-05,0.00043292518
8.6409998,-3.2945722e-05,0.00043213688
8.6420002,-3.2885728e-05,0.00043134994
8.6429996,-3.2825843e-05,0.00043056445
8.6440001,-3.2766064e-05,0.00042978037
8.6450005,-3.2706394e-05,0.00042899768
8.6459999,-3.2646829e-05,0.00042821639
8.6470003,-3.2587373e-05,0.00042743652
8.6479998,-3.252802e-05,0.00042665802
8.6490002,-3.2468779e-05,0.00042588095
8.6499996,-3.240964e-05,0.00042510525
8.651,-3.2350606e-05,0.00042433097
8.6520004,-3.2291682e-05,0.00042355806
8.6529999,-3.223286e-05,0.00042278651
8.6540003,-3.2174146e-05,0.00042201637
8.6549997,-3.2115535e-05,0.00042124759
8.6560001,-3.2057029e-05,0.00042048021
8.6569996,-3.1998628e-05,0.00041971417
8.658,-3.1940333e-05,0.00041894952
8.6590004,-3.188214e-05,0.00041818625
8.6599998,-3.1824053e-05,0.00041742434
8.6610003,-3.1766067e-05,0.00041666377
8.6619997,-3.1708187e-05,0.00041590456
8.6630001,-3.1650412e-05,0.00041514673
8.6639996,-3.1592735e-05,0.00041439023
8.665,-3.1535164e-05,0.00041363511
8.6660004,-3.1477699e-05,0.00041288132
8.6669998,-3.1420332e-05,0.00041212887
8.6680002,-3.136307e-05,0.00041137775
8.6689997,-3.1305906e-05,0.00041062801
8.6700001,-3.1248848e-05,0.00040987958
8.6709995,-3.1191888e-05,0.00040913248
8.6719999,-3.1135034e-05,0.00040838672
8.6730003,-3.1078278e-05,0.00040764228
8.6739998,-3.1021624e-05,0.00040689917
8.6750002,-3.0965071e-05,0.00040615737
8.6759996,-3.0908617e-05,0.00040541691
8.677,-3.0852265e-05,0.00040467776
8.6780005,-3.0796014e-05,0.00040393992
8.6789999,-3.0739862e-05,0.00040320339
8.6800003,-3.0683834e-05,0.00040246852
8.6809998,-3.0627991e-05,0.000401736
8.6820002,-3.0572246e-05,0.00040100486
8.6829996,-3.0516605e-05,0.00040027502
8.684,-3.0461064e-05,0.00039954652
8.6850004,-3.0405625e-05,0.00039881933
8.6859999,-3.0350287e-05,0.00039809349
8.6870003,-3.029505e-05,0.00039736895
8.6879997,-3.0239913e-05,0.00039664574
8.6890001,-3.0184876e-05,0.00039592385
8.6899996,-3.0129939e-05,0.00039520327
8.691,-3.0075103e-05,0.000394484
8.6920004,-3.0020366e-05,0.00039376604
8.6929998,-2.9965729e-05,0.00039304938
8.6940002,-2.9911193e-05,0.00039233404
8.6949997,-2.9856754e-05,0.00039161998
8.6960001,-2.9802415e-05,0.00039090725
8.6969995,-2.9748175e-05,0.00039019578
8.698,-2.9694032e-05,0.00038948565
8.6990004,-2.963999e-05,0.00038877677
8.6999998,-2.9586046e-05,0.00038806922
8.7010002,-2.9532199e-05,0.00038736293
8.7019997,-2.9478451e-05,0.00038665792
8.7030001,-2.94248e-05,0.00038595422
8.7040005,-2.9371247e-05,0.00038525177
8.7049999,-2.9317793e-05,0.00038455063
8.7060003,-2.9264434e-05,0.00038385074
8.7069998,-2.9211173e-05,0.00038315213
8.7080002,-2.9158009e-05,0.0003824548
8.7089996,-2.9104942e-05,0.00038175876
8.71,-2.9051971e-05,0.00038106396
8.7110004,-2.8999097e-05,0.00038037042
8.7119999,-2.8946319e-05,0.00037967815
8.7130003,-2.8893637e-05,0.00037898714
8.7139997,-2.884105e-05,0.00037829738
8.7150002,-2.878856e-05,0.00037760887
8.7159996,-2.8736164e-05,0.00037692164
8.717,-2.8683864e-05,0.00037623564
8.7180004,-2.8631661e-05,0.00037555088
8.7189999,-2.857955e-05,0.00037486738
8.7200003,-2.8527536e-05,0.00037418513
8.7209997,-2.8475615e-05,0.0003735041
8.7220001,-2.842379e-05,0.00037282432
8.7229996,-2.8372058e-05,0.00037214579
8.724,-2.8320421e-05,0.00037146849
8.7250004,-2.8268878e-05,0.0003707924
8.7259998,-2.8217428e-05,0.00037011757
8.7270002,-2.8166072e-05,0.00036944394
8.7279997,-2.811481e-05,0.00036877155
8.7290001,-2.806364e-05,0.00036810039
8.7299995,-2.8012564e-05,0.00036743042
8.7309999,-2.796158e-05,0.0003667617
8.7320004,-2.791069e-05,0.00036609417
8.7329998,-2.7859891e-05,0.00036542787
8.7340002,-2.7809187e-05,0.00036476279
8.7349997,-2.7758571e-05,0.0003640989
8.7360001,-2.7708051e-05,0.00036343624
8.7370005,-2.7657621e-05,0.00036277476
8.7379999,-2.7607282e-05,0.00036211452
8.7390003,-2.7557036e-05,0.00036145543
8.7399998,-2.7506881e-05,0.00036079757
8.7410002,-2.7456817e-05,0.0003601409
8.7419996,-2.7406844e-05,0.00035948542
8.743,-2.7356962e-05,0.00035883114
8.7440004,-2.7307171e-05,0.00035817805
8.7449999,-2.7257469e-05,0.00035752612
8.7460003,-2.720786e-05,0.00035687542
8.7469997,-2.7158338e-05,0.00035622588
8.7480001,-2.7108908e-05,0.0003555775
8.7489996,-2.7059566e-05,0.00035493032
8.75,-2.7010316e-05,0.0003542843
8.7510004,-2.6961154e-05,0.00035363948
8.7519999,-2.6912083e-05,0.00035299582
8.7530003,-2.6863099e-05,0.00035235332
8.7539997,-2.6814205e-05,0.00035171199
8.7550001,-2.67654e-05,0.00035107182
8.7559996,-2.6716683e-05,0.00035043285
8.757,-2.6668054e-05,0.00034979501
8.7580004,-2.6619515e-05,0.00034915833
8.7589998,-2.6571064e-05,0.00034852279
8.7600002,-2.6522699e-05,0.00034788842
8.7609997,-2.6474423e-05,0.00034725521
8.7620001,-2.6426236e-05,0.00034662316
8.7629995,-2.6378135e-05,0.00034599222
8.7639999,-2.6330121e-05,0.00034536244
8.7650003,-2.6282196e-05,0.00034473382
8.7659998,-2.6234356e-05,0.00034410632
8.7670002,-2.6186603e-05,0.00034347997
8.7679996,-2.6138938e-05,0.00034285476
8.7690001,-2.6091358e-05,0.00034223069
8.7700005,-2.6043865e-05,0.00034160772
8.7709999,-2.5996458e-05,0.00034098592
8.7720003,-2.5949137e-05,0.00034036522
8.7729998,-2.5901903e-05,0.00033974566
8.7740002,-2.5854753e-05,0.00033912723
8.7749996,-2.5807691e-05,0.00033850991
8.776,-2.5760712e-05,0.0003378937
8.7770004,-2.5713818e-05,0.00033727862
8.7779999,-2.566701e-05,0.00033666467
8.7790003,-2.5620287e-05,0.0003360518
8.7799997,-2.5573649e-05,0.00033544007
8.7810001,-2.5527095e-05,0.00033482944
8.7819996,-2.5480625e-05,0.00033421992
8.783,-2.5434239e-05,0.0003336115
8.7840004,-2.5387939e-05,0.00033300417
8.7849998,-2.534172e-05,0.00033239796
8.7860003,-2.5295587e-05,0.00033179283
8.7869997,-2.5249537e-05,0.00033118881
8.7880001,-2.520357e-05,0.0003305859
8.7889996,-2.5157688e-05,0.00032998406
8.79,-2.5111887e-05,0.0003293833
8.7910004,-2.5066169e-05,0.00032878364
8.7919998,-2.5020534e-05,0.00032818509
8.7930002,-2.4974983e-05,0.00032758759
8.7939997,-2.4929514e-05,0.0003269912
8.7950001,-2.4884126e-05,0.00032639585
8.7959995,-2.4838821e-05,0.00032580161
8.7969999,-2.4793599e-05,0.00032520844
8.7980003,-2.4748457e-05,0.00032461635
8.7989998,-2.4703397e-05,0.00032402531
8.8000002,-2.465842e-05,0.00032343535
8.8009996,-2.4613522e-05,0.00032284646
8.802,-2.4568708e-05,0.00032225862
8.8030005,-2.4523973e-05,0.00032167186
8.8039999,-2.4479319e-05,0.00032108618
8.8050003,-2.4434747e-05,0.00032050151
8.8059998,-2.4390254e-05,0.00031991795
8.8070002,-2.4345843e-05,0.00031933541
8.8079996,-2.4301511e-05,0.00031875391
8.809,-2.4257261e-05,0.00031817349
8.8100004,-2.4213088e-05,0.00031759412
8.8109999,-2.4168998e-05,0.00031701577
8.8120003,-2.4124985e-05,0.0003164385
8.8129997,-2.4081053e-05,0.00031586224
8.8140001,-2.4037199e-05,0.00031528703
8.8149996,-2.3993425e-05,0.00031471287
8.816,-2.3949731e-05,0.00031413973
8.8170004,-2.3906116e-05,0.00031356764
8.8179998,-2.3862578e-05,0.00031299659
8.8190002,-2.3819119e-05,0.00031242656
8.8199997,-2.3775738e-05,0.00031185756
8.8210001,-2.3732437e-05,0.00031128956
8.8219995,-2.3689212e-05,0.00031072262
8.823,-2.3646066e-05,0.00031015667
8.8240004,-2.3602997e-05,0.00030959176
8.8249998,-2.3560007e-05,0.00030902788
8.8260002,-2.3517094e-05,0.00030846501
8.8269997,-2.3474257e-05,0.00030790313
8.8280001,-2.3431499e-05,0.00030734227
8.8290005,-2.3388817e-05,0.00030678243
8.8299999,-2.3346212e-05,0.00030622361
8.8310003,-2.3303684e-05,0.00030566577
8.8319998,-2.3261233e-05,0.00030510896
8.8330002,-2.3218858e-05,0.00030455313
8.8339996,-2.3176559e-05,0.00030399833
8.835,-2.3134335e-05,0.00030344451
8.8360004,-2.3092189e-05,0.00030289168
8.8369999,-2.3050117e-05,0.00030233985
8.8380003,-2.3008122e-05,0.000301789
8.8389997,-2.2966202e-05,0.00030123917
8.8400002,-2.2924358e-05,0.0003006903
8.8409996,-2.2882588e-05,0.00030014242
8.842,-2.2840894e-05,0.00029959553
8.8430004,-2.2799275e-05,0.00029904963
8.8439999,-2.2757729e-05,0.00029850472
8.8450003,-2.271626e-05,0.00029796077
8.8459997,-2.2674863e-05,0.00029741778
8.8470001,-2.2633543e-05,0.00029687581
8.8479996,-2.2592296e-05,0.00029633477
8.849,-2.2551121e-05,0.00029579471
8.8500004,-2.2510023e-05,0.00029525562
8.8509998,-2.2468997e-05,0.00029471752
8.8520002,-2.2428045e-05,0.00029418035
8.8529997,-2.2387167e-05,0.00029364417
8.8540001,-2.2346361e-05,0.00029310893
8.8549995,-2.2305629e-05,0.00029257467
8.8559999,-2.2264969e-05,0.00029204134
8.8570004,-2.2224382e-05,0.000291509
8.8579998,-2.2183867e-05,0.00029097759
8.8590002,-2.2143426e-05,0.00029044712
8.8599997,-2.2103057e-05,0.0002899176
8.8610001,-2.2062761e-05,0.00028938905
8.8620005,-2.2022536e-05,0.00028886145
8.8629999,-2.1982383e-05,0.00028833476
8.8640003,-2.1942302e-05,0.00028780903
8.8649998,-2.1902291e-05,0.00028728426
8.8660002,-2.1862354e-05,0.00028676039
8.8669996,-2.1822487e-05,0.00028623748
8.868,-2.1782691e-05,0.00028571548
8.8690004,-2.1742966e-05,0.00028519443
8.8699999,-2.1703312e-05,0.00028467432
8.8710003,-2.1663738e-05,0.00028415522
8.8719997,-2.1624293e-05,0.00028363784
8.8730001,-2.1584921e-05,0.00028312142
8.8739996,-2.154562e-05,0.00028260591
8.875,-2.150639e-05,0.00028209135
8.8760004,-2.1467233e-05,0.00028157776
8.8769999,-2.1428146e-05,0.00028106506
8.8780003,-2.1389131e-05,0.0002805533
8.8789997,-2.1350188e-05,0.0002800425
8.8800001,-2.1311314e-05,0.00027953263
8.8809996,-2.1272512e-05,0.00027902366
8.882,-2.123378e-05,0.00027851562
8.8830004,-2.1195119e-05,0.00027800855
8.8839998,-2.1156529e-05,0.00027750235
8.8850002,-2.1118009e-05,0.0002769971
8.8859997,-2.1079559e-05,0.00027649276
8.8870001,-2.104118e-05,0.00027598935
8.8879995,-2.100287e-05,0.00027548688
8.8889999,-2.096463e-05,0.0002749853
8.8900003,-2.092646e-05,0.00027448463
8.8909998,-2.0888359e-05,0.00027398489
8.8920002,-2.0850328e-05,0.00027348605
8.8929996,-2.0812366e-05,0.00027298811
8.8940001,-2.0774474e-05,0.00027249107
8.8950005,-2.073665e-05,0.00027199497
8.8959999,-2.0698895e-05,0.00027149974
8.8970003,-2.0661209e-05,0.00027100544
8.8979998,-2.0623593e-05,0.00027051201
8.8990002,-2.0586043e-05,0.00027001952
8.8999996,-2.0548565e-05,0.0002695279
8.901,-2.0511152e-05,0.00026903718
8.9020004,-2.0473808e-05,0.00026854736
8.9029999,-2.0436533e-05,0.00026805844
8.9040003,-2.0399326e-05,0.0002675704
8.9049997,-2.0362186e-05,0.00026708326
8.9060001,-2.0325113e-05,0.000266597
8.9069996,-2.0288109e-05,0.0002661116
8.908,-2.0251173e-05,0.00026562711
8.9090004,-2.0214302e-05,0.00026514352
8.9099998,-2.01775e-05,0.0002646608
8.9110003,-2.0140764e-05,0.00026417893
8.9119997,-2.0104097e-05,0.00026369799
8.9130001,-2.0067495e-05,0.00026321789
8.9139996,-2.0030959e-05,0.00026273867
8.915,-1.999449e-05,0.00026226032
8.9160004,-1.9958088e-05,0.00026178284
8.9169998,-1.9921752e-05,0.00026130627
8.9180002,-1.9885483e-05,0.00026083051
8.9189997,-1.984928e-05,0.00026035565
8.9200001,-1.9813142e-05,0.00025988166
8.9209995,-1.9777071e-05,0.00025940852
8.9219999,-1.9741065e-05,0.00025893623
8.9230003,-1.9705125e-05,0.00025846483
8.9239998,-1.9669251e-05,0.00025799428
8.9250002,-1.963344e-05,0.00025752457
8.9259996,-1.9597697e-05,0.00025705574
8.927,-1.9562018e-05,0.00025658775
8.9280005,-1.9526404e-05,0.00025612061
8.9289999,-1.9490853e-05,0.0002556543
8.9300003,-1.945537e-05,0.00025518888
8.9309998,-1.9419949e-05,0.00025472429
8.9320002,-1.9384595e-05,0.00025426055
8.9329996,-1.9349303e-05,0.00025379765
8.934,-1.9314077e-05,0.0002533356
8.9350004,-1.9278914e-05,0.00025287436
8.9359999,-1.9243816e-05,0.000252414
8.9370003,-1.9208781e-05,0.00025195448
8.9379997,-1.9173811e-05,0.00025149577
8.9390001,-1.9138903e-05,0.00025103791
8.9399996,-1.910406e-05,0.00025058087
8.941,-1.9069279e-05,0.00025012466
8.9420004,-1.9034562e-05,0.00024966931
8.9429998,-1.8999908e-05,0.00024921476
8.9440002,-1.8965318e-05,0.00024876106
8.9449997,-1.893079e-05,0.00024830818
8.9460001,-1.8896326e-05,0.00024785611
8.9469995,-1.8861923e-05,0.00024740485
8.948,-1.8827584e-05,0.00024695444
8.9490004,-1.8793307e-05,0.00024650485
8.9499998,-1.8759092e-05,0.00024605606
8.9510002,-1.8724941e-05,0.0002456081
8.9519997,-1.8690849e-05,0.00024516095
8.9530001,-1.8656821e-05,0.00024471461
8.9540005,-1.8622855e-05,0.00024426909
8.9549999,-1.8588951e-05,0.00024382438
8.9560003,-1.8555107e-05,0.00024338048
8.9569998,-1.8521327e-05,0.00024293737
8.9580002,-1.8487606e-05,0.00024249508
8.9589996,-1.8453948e-05,0.0002420536
8.96,-1.8420351e-05,0.00024161291
8.9610004,-1.8386814e-05,0.00024117302
8.9619999,-1.8353339e-05,0.00024073395
8.9630003,-1.8319924e-05,0.00024029566
8.9639997,-1.828657e-05,0.00023985817
8.9650002,-1.8253277e-05,0.00023942148
8.9659996,-1.8220044e-05,0.00023898558
8.967,-1.8186873e-05,0.00023855046
8.9680004,-1.815376e-05,0.00023811615
8.9689999,-1.8120709e-05,0.00023768262
8.9700003,-1.8087716e-05,0.00023724989
8.9709997,-1.8054785e-05,0.00023681793
8.9720001,-1.8021912e-05,0.00023638675
8.9729996,-1.7989099e-05,0.00023595637
8.974,-1.7956347e-05,0.00023552676
8.9750004,-1.7923654e-05,0.00023509793
8.9759998,-1.789102e-05,0.00023466989
8.9770002,-1.7858445e-05,0.00023424262
8.9779997,-1.7825931e-05,0.00023381611
8.9790001,-1.7793473e-05,0.0002333904
8.9799995,-1.7761076e-05,0.00023296545
8.9809999,-1.7728737e-05,0.00023254126
8.9820004,-1.7696457e-05,0.00023211786
8.9829998,-1.7664235e-05,0.00023169523
8.9840002,-1.7632072e-05,0.00023127336
8.9849997,-1.7599967e-05,0.00023085224
8.9860001,-1.756792e-05,0.00023043189
8.9870005,-1.7535931e-05,0.00023001232
8.9879999,-1.7504e-05,0.0002295935
8.9890003,-1.7472128e-05,0.00022917544
8.9899998,-1.7440314e-05,0.00022875813
8.9910002,-1.7408556e-05,0.00022834158
8.9919996,-1.7376857e-05,0.00022792579
8.993,-1.7345214e-05,0.00022751074
8.9940004,-1.7313629e-05,0.00022709646
8.9949999,-1.7282102e-05,0.00022668293
8.9960003,-1.725063e-05,0.00022627013
8.9969997,-1.7219218e-05,0.00022585809
8.9980001,-1.718786e-05,0.0002254468
8.9989996,-1.7156561e-05,0.00022503624
9,-1.7125316e-05,0.00022462643
9.0010004,-1.7094129e-05,0.00022421737
9.0019999,-1.7062999e-05,0.00022380904
9.0030003,-1.7031925e-05,0.00022340145
9.0039997,-1.7000906e-05,0.0002229946
9.0050001,-1.6969945e-05,0.00022258848
9.0059996,-1.6939039e-05,0.00022218311
9.007,-1.6908189e-05,0.00022177845
9.0080004,-1.6877395e-05,0.00022137455
9.0089998,-1.6846656e-05,0.00022097136
9.0100002,-1.6815973e-05,0.00022056889
9.0109997,-1.6785347e-05,0.00022016716
9.0120001,-1.6754773e-05,0.00021976615
9.0129995,-1.6724256e-05,0.00021936587
9.0139999,-1.6693795e-05,0.00021896632
9.0150003,-1.6663387e-05,0.00021856748
9.0159998,-1.6633036e-05,0.00021816937
9.0170002,-1.6602738e-05,0.00021777197
9.0179996,-1.6572496e-05,0.00021737529
9.0190001,-1.6542308e-05,0.00021697932
9.0200005,-1.6512173e-05,0.00021658407
9.0209999,-1.6482094e-05,0.00021618952
9.0220003,-1.645207e-05,0.00021579569
9.0229998,-1.6422098e-05,0.00021540259
9.0240002,-1.6392181e-05,0.00021501016
9.0249996,-1.6362317e-05,0.00021461847
9.026,-1.6332509e-05,0.00021422746
9.0270004,-1.6302753e-05,0.00021383718
9.0279999,-1.627305e-05,0.00021344758
9.0290003,-1.6243403e-05,0.00021305869
9.0299997,-1.6213808e-05,0.00021267051
9.0310001,-1.6184265e-05,0.000212283
9.0319996,-1.6154776e-05,0.00021189621
9.033,-1.6125341e-05,0.00021151012
9.0340004,-1.6095957e-05,0.00021112472
9.0349998,-1.6066628e-05,0.00021073999
9.0360003,-1.6037349e-05,0.00021035598
9.0369997,-1.6008125e-05,0.00020997264
9.0380001,-1.5978952e-05,0.00020959
9.0389996,-1.5949832e-05,0.00020920804
9.04,-1.5920765e-05,0.00020882678
9.0410004,-1.589175e-05,0.00020844619
9.0419998,-1.5862786e-05,0.00020806628
9.0430002,-1.5833873e-05,0.00020768706
9.0439997,-1.5805015e-05,0.00020730852
9.0450001,-1.5776206e-05,0.00020693065
9.0459995,-1.574745e-05,0.00020655346
9.0469999,-1.5718746e-05,0.00020617696
9.0480003,-1.5690091e-05,0.00020580112
9.0489998,-1.566149e-05,0.00020542595
9.0500002,-1.5632939e-05,0.00020505147
9.0509996,-1.5604439e-05,0.00020467765
9.052,-1.557599e-05,0.0002043045
9.0530005,-1.5547592e-05,0.00020393201
9.0539999,-1.5519245e-05,0.00020356018
9.0550003,-1.5490948e-05,0.00020318903
9.0559998,-1.5462701e-05,0.00020281854
9.0570002,-1.5434507e-05,0.0002024487
9.0579996,-1.5406362e-05,0.00020207954
9.059,-1.5378266e-05,0.00020171102
9.0600004,-1.5350221e-05,0.00020134317
9.0609999,-1.5322226e-05,0.00020097596
9.0620003,-1.5294283e-05,0.00020060944
9.0629997,-1.5266442e-05,0.00020024426
9.0640001,-1.5238652e-05,0.00019987975
9.0649996,-1.5210913e-05,0.00019951591
9.066,-1.5183225e-05,0.00019915272
9.0670004,-1.5155586e-05,0.00019879021
9.0679998,-1.5127999e-05,0.00019842836
9.0690002,-1.5100461e-05,0.00019806717
9.0699997,-1.5072975e-05,0.00019770663
9.0710001,-1.5045538e-05,0.00019734676
9.0719995,-1.5018152e-05,0.00019698754
9.073,-1.4990816e-05,0.00019662899
9.0740004,-1.4963529e-05,0.00019627107
9.0749998,-1.4936293e-05,0.00019591382
9.0760002,-1.4909106e-05,0.00019555722
9.0769997,-1.4881969e-05,0.00019520128
9.0780001,-1.4854882e-05,0.00019484598
9.0790005,-1.4827843e-05,0.00019449134
9.0799999,-1.4800855e-05,0.00019413733
9.0810003,-1.4773916e-05,0.00019378398
9.0819998,-1.4747025e-05,0.00019343127
9.0830002,-1.4720184e-05,0.00019307921
9.0839996,-1.4693393e-05,0.00019272779
9.085,-1.466665e-05,0.00019237702
9.0860004,-1.4639955e-05,0.00019202688
9.0869999,-1.4613311e-05,0.00019167738
9.0880003,-1.4586713e-05,0.00019132852
9.0889997,-1.4560165e-05,0.0001909803
9.0900002,-1.4533666e-05,0.00019063272
9.0909996,-1.4507214e-05,0.00019028576
9.092,-1.4480812e-05,0.00018993946
9.0930004,-1.4454457e-05,0.00018959377
9.0939999,-1.4428151e-05,0.00018924872
9.0950003,-1.4401892e-05,0.00018890429
9.0959997,-1.4375682e-05,0.0001885605
9.0970001,-1.434952e-05,0.00018821734
9.0979996,-1.4323405e-05,0.0001878748
9.099,-1.4297338e-05,0.00018753289
9.1000004,-1.4271318e-05,0.0001871916
9.1009998,-1.4245346e-05,0.00018685093
9.1020002,-1.4219421e-05,0.00018651089
9.1029997,-1.4193544e-05,0.00018617147
9.1040001,-1.4167714e-05,0.00018583266
9.1049995,-1.4141931e-05,0.00018549447
9.1059999,-1.4116195e-05,0.00018515691
9.1070004,-1.4090507e-05,0.00018481996
9.1079998,-1.4064864e-05,0.00018448362
9.1090002,-1.4039269e-05,0.00018414791
9.1099997,-1.4013722e-05,0.00018381279
9.1110001,-1.398822e-05,0.0001834783
9.1120005,-1.3962765e-05,0.00018314441
9.1129999,-1.3937355e-05,0.00018281113
9.1140003,-1.3911993e-05,0.00018247847
9.1149998,-1.3886677e-05,0.0001821464
9.1160002,-1.3861407e-05,0.00018181495
9.1169996,-1.3836183e-05,0.00018148409
9.118,-1.3811005e-05,0.00018115385
9.1190004,-1.3785873e-05,0.00018082419
9.1199999,-1.3760788e-05,0.00018049516
9.1210003,-1.3735747e-05,0.00018016671
9.1219997,-1.3710753e-05,0.00017983887
9.1230001,-1.3685803e-05,0.00017951163
9.1239996,-1.36609e-05,0.00017918496
9.125,-1.3636042e-05,0.00017885891
9.1260004,-1.3611229e-05,0.00017853346
9.1269999,-1.3586461e-05,0.00017820859
9.1280003,-1.3561739e-05,0.00017788431
9.1289997,-1.3537062e-05,0.00017756062
9.1300001,-1.3512429e-05,0.00017723754
9.1309996,-1.3487842e-05,0.00017691503
9.132,-1.3463299e-05,0.00017659311
9.1330004,-1.3438801e-05,0.00017627179
9.1339998,-1.3414347e-05,0.00017595103
9.1350002,-1.3389939e-05,0.00017563088
9.1359997,-1.3365575e-05,0.0001753113
9.1370001,-1.3341255e-05,0.0001749923
9.1379995,-1.3316979e-05,0.00017467389
9.1389999,-1.3292748e-05,0.00017435606
9.1400003,-1.326856e-05,0.0001740388
9.1409998,-1.3244417e-05,0.00017372212
9.1420002,-1.3220318e-05,0.00017340602
9.1429996,-1.3196262e-05,0.00017309049
9.1440001,-1.3172251e-05,0.00017277554
9.1450005,-1.3148283e-05,0.00017246116
9.1459999,-1.3124359e-05,0.00017214735
9.1470003,-1.3100477e-05,0.00017183412
9.1479998,-1.307664e-05,0.00017152145
9.1490002,-1.3052846e-05,0.00017120935
9.1499996,-1.3029095e-05,0.00017089782
9.151,-1.3005388e-05,0.00017058686
9.1520004,-1.2981724e-05,0.00017027647
9.1529999,-1.2958102e-05,0.00016996663
9.1540003,-1.2934524e-05,0.00016965736
9.1549997,-1.2910989e-05,0.00016934866
9.1560001,-1.2887495e-05,0.0001690405
9.1569996,-1.2864045e-05,0.00016873292
9.158,-1.2840637e-05,0.00016842589
9.1590004,-1.2817272e-05,0.00016811943
9.1599998,-1.279395e-05,0.00016781352
9.1610003,-1.277067e-05,0.00016750816
9.1619997,-1.2747432e-05,0.00016720335
9.1630001,-1.2724237e-05,0.0001668991
9.1639996,-1.2701083e-05,0.0001665954
9.165,-1.2677971e-05,0.00016629226
9.1660004,-1.2654901e-05,0.00016598965
9.1669998,-1.2631874e-05,0.00016568761
9.1680002,-1.2608887e-05,0.00016538611
9.1689997,-1.2585943e-05,0.00016508516
9.1700001,-1.256304e-05,0.00016478475
9.1709995,-1.2540179e-05,0.0001644849
9.1719999,-1.2517359e-05,0.00016418558
9.1730003,-1.2494581e-05,0.0001638868
9.1739998,-1.2471844e-05,0.00016358856
9.1750002,-1.2449148e-05,0.00016329087
9.1759996,-1.2426493e-05,0.00016299372
9.177,-1.240388e-05,0.00016269709
9.1780005,-1.2381307e-05,0.00016240102
9.1789999,-1.2358774e-05,0.00016210547
9.1800003,-1.2336283e-05,0.00016181047
9.1809998,-1.2313833e-05,0.000161516
9.1820002,-1.2291423e-05,0.00016122205
9.1829996,-1.2269054e-05,0.00016092864
9.184,-1.2246725e-05,0.00016063577
9.1850004,-1.2224436e-05,0.00016034342
9.1859999,-1.2202188e-05,0.0001600516
9.1870003,-1.217998e-05,0.0001597603
9.1879997,-1.2157813e-05,0.00015946953
9.1890001,-1.2135685e-05,0.0001591793
9.1899996,-1.2113597e-05,0.00015888957
9.191,-1.2091549e-05,0.00015860038
9.1920004,-1.2069541e-05,0.00015831171
9.1929998,-1.2047573e-05,0.00015802355
9.1940002,-1.2025645e-05,0.00015773592
9.1949997,-1.2003755e-05,0.00015744881
9.1960001,-1.1981905e-05,0.00015716223
9.1969995,-1.1960095e-05,0.00015687615
9.198,-1.1938324e-05,0.00015659058
9.1990004,-1.1916592e-05,0.00015630554
9.1999998,-1.18949e-05,0.00015602101
9.2010002,-1.1873247e-05,0.00015573698
9.2019997,-1.1851632e-05,0.00015545348
9.2030001,-1.1830057e-05,0.00015517048
9.2040005,-1.180852e-05,0.000154888
9.2049999,-1.1787022e-05,0.00015460601
9.2060003,-1.1765563e-05,0.00015432453
9.2069998,-1.1744142e-05,0.00015404356
9.2080002,-1.172276e-05,0.0001537631
9.2089996,-1.1701416e-05,0.00015348315
9.21,-1.1680111e-05,0.0001532037
9.2110004,-1.1658844e-05,0.00015292474
9.2119999,-1.1637615e-05,0.00015264629
9.2130003,-1.1616425e-05,0.00015236835
9.2139997,-1.1595272e-05,0.00015209088
9.2150002,-1.1574157e-05,0.00015181393
9.2159996,-1.155308e-05,0.00015153748
9.217,-1.1532041e-05,0.00015126151
9.2180004,-1.151104e-05,0.00015098604
9.2189999,-1.1490076e-05,0.00015071107
9.2200003,-1.1469149e-05,0.00015043659
9.2209997,-1.1448261e-05,0.0001501626
9.2220001,-1.142741e-05,0.00014988911
9.2229996,-1.1406595e-05,0.0001496161
9.224,-1.1385819e-05,0.00014934357
9.2250004,-1.1365079e-05,0.00014907154
9.2259998,-1.1344377e-05,0.0001488
9.2270002,-1.1323711e-05,0.00014852892
9.2279997,-1.1303083e-05,0.00014825835
9.2290001,-1.1282491e-05,0.00014798826
9.2299995,-1.1261935e-05,0.00014771865
9.2309999,-1.1241417e-05,0.00014744951
9.2320004,-1.1220935e-05,0.00014718086
9.2329998,-1.1200491e-05,0.00014691269
9.2340002,-1.1180082e-05,0.00014664499
9.2349997,-1.1159709e-05,0.00014637777
9.2360001,-1.1139373e-05,0.00014611104
9.2370005,-1.1119073e-05,0.00014584477
9.2379999,-1.1098809e-05,0.00014557898
9.2390003,-1.1078581e-05,0.00014531365
9.2399998,-1.105839e-05,0.00014504881
9.2410002,-1.1038234e-05,0.00014478443
9.2419996,-1.1018114e-05,0.00014452053
9.243,-1.099803e-05,0.00014425708
9.2440004,-1.0977981e-05,0.00014399411
9.2449999,-1.0957968e-05,0.00014373161
9.2460003,-1.093799e-05,0.00014346957
9.2469997,-1.0918048e-05,0.00014320799
9.2480001,-1.0898141e-05,0.00014294688
9.2489996,-1.087827e-05,0.00014268623
9.25,-1.0858433e-05,0.00014242604
9.2510004,-1.0838632e-05,0.00014216632
9.2519999,-1.0818865e-05,0.00014190705
9.2530003,-1.0799134e-05,0.00014164824
9.2539997,-1.0779485e-05,0.00014139051
9.2550001,-1.0759875e-05,0.00014113331
9.2559996,-1.0740301e-05,0.00014087655
9.257,-1.0720763e-05,0.00014062028
9.2580004,-1.0701261e-05,0.00014036447
9.2589998,-1.0681794e-05,0.00014010914
9.2600002,-1.0662363e-05,0.00013985427
9.2609997,-1.0642967e-05,0.00013959986
9.2620001,-1.0623607e-05,0.00013934591
9.2629995,-1.0604282e-05,0.00013909243
9.2639999,-1.0584992e-05,0.00013883942
9.2650003,-1.0565737e-05,0.00013858687
9.2659998,-1.0546518e-05,0.00013833477
9.2670002,-1.0527334e-05,0.00013808314
9.2679996,-1.0508184e-05,0.00013783197
9.2690001,-1.0489071e-05,0.00013758126
9.2700005,-1.0469991e-05,0.00013733101
9.2709999,-1.0450947e-05,0.00013708121
9.2720003,-1.0431938e-05,0.00013683186
9.2729998,-1.0412962e-05,0.00013658298
9.2740002,-1.0394022e-05,0.00013633454
9.2749996,-1.0375116e-05,0.00013608656
9.276,-1.0356245e-05,0.00013583904
9.2770004,-1.0337409e-05,0.00013559197
9.2779999,-1.0318607e-05,0.00013534534
9.2790003,-1.0299838e-05,0.00013509917
9.2799997,-1.0281105e-05,0.00013485344
9.2810001,-1.0262405e-05,0.00013460817
9.2819996,-1.024374e-05,0.00013436335
9.283,-1.0225109e-05,0.00013411896
9.2840004,-1.0206511e-05,0.00013387503
9.2849998,-1.0187948e-05,0.00013363153
9.2860003,-1.0169418e-05,0.00013338849
9.2869997,-1.0150922e-05,0.00013314589
9.2880001,-1.013246e-05,0.00013290373
9.2889996,-1.0114032e-05,0.00013266201
9.29,-1.0095638e-05,0.00013242074
9.2910004,-1.0077276e-05,0.00013217991
9.2919998,-1.0058949e-05,0.00013193951
9.2930002,-1.0040654e-05,0.00013169955
9.2939997,-1.0022393e-05,0.00013146002
9.2950001,-1.0004166e-05,0.00013122095
9.2959995,-9.9859717e-06,0.0001309823
9.2969999,-9.9678109e-06,0.00013074408
9.2980003,-9.9496829e-06,0.00013050631
9.2989998,-9.9315876e-06,0.00013026896
9.3000002,-9.9135259e-06,0.00013003204
9.3009996,-9.895497e-06,0.00012979558
9.302,-9.8775008e-06,0.00012955953
9.3030005,-9.8595374e-06,0.0001293239
9.3039999,-9.8416067e-06,0.00012908872
9.3050003,-9.8237088e-06,0.00012885395
9.3059998,-9.8058435e-06,0.00012861962
9.3070002,-9.7880111e-06,0.00012838571
9.3079996,-9.7702105e-06,0.00012815224
9.309,-9.7524426e-06,0.00012791918
9.3100004,-9.7347074e-06,0.00012768655
9.3109999,-9.7170041e-06,0.00012745435
9.3120003,-9.6993335e-06,0.00012722256
9.3129997,-9.6816948e-06,0.0001269912
9.3140001,-9.6640879e-06,0.00012676026
9.3149996,-9.6465137e-06,0.00012652975
9.316,-9.6289705e-06,0.00012629965
9.3170004,-9.61146e-06,0.00012606996
9.3179998,-9.5939813e-06,0.0001258407
9.3190002,-9.5765345e-06,0.00012561186
9.3199997,-9.5591195e-06,0.00012538343
9.3210001,-9.5417354e-06,0.00012515542
9.3219995,-9.524384e-06,0.00012492781
9.323,-9.5070636e-06,0.00012470063
9.3240004,-9.489775e-06,0.00012447387
9.3249998,-9.4725174e-06,0.0001242475
9.3260002,-9.4552915e-06,0.00012402156
9.3269997,-9.4380966e-06,0.00012379602
9.3280001,-9.4209336e-06,0.00012357089
9.3290005,-9.4038014e-06,0.00012334618
9.3299999,-9.3867002e-06,0.00012312188
9.3310003,-9.3696299e-06,0.00012289797
9.3319998,-9.3525914e-06,0.00012267448
9.3330002,-9.3355839e-06,0.0001224514
9.3339996,-9.3186063e-06,0.00012222871
9.335,-9.3016597e-06,0.00012200643
9.3360004,-9.2847449e-06,0.00012178456
9.3369999,-9.2678602e-06,0.00012156308
9.3380003,-9.2510063e-06,0.00012134202
9.3389997,-9.2341825e-06,0.00012112135
9.3400002,-9.2173896e-06,0.00012090109
9.3409996,-9.2006267e-06,0.00012068122
9.342,-9.1838947e-06,0.00012046175
9.3430004,-9.1671936e-06,0.00012024268
9.3439999,-9.1505217e-06,0.00012002401
9.3450003,-9.1338807e-06,0.00011980574
9.3459997,-9.1172697e-06,0.00011958785
9.3470001,-9.1006887e-06,0.00011937037
9.3479996,-9.0841386e-06,0.00011915328
9.349,-9.0676176e-06,0.00011893658
9.3500004,-9.0511267e-06,0.00011872028
9.3509998,-9.0346657e-06,0.00011850437
9.3520002,-9.0182348e-06,0.00011828884
9.3529997,-9.001833e-06,0.00011807372
9.3540001,-8.985462e-06,0.00011785897
9.3549995,-8.9691193e-06,0.00011764462
9.3559999,-8.9528075e-06,0.00011743066
9.3570004,-8.9365249e-06,0.00011721708
9.3579998,-8.9202713e-06,0.0001170039
9.3590002,-8.9040468e-06,0.00011679109
9.3599997,-8.8878523e-06,0.00011657867
9.3610001,-8.871687e-06,0.00011636664
9.3620005,-8.8555507e-06,0.00011615498
9.3629999,-8.8394445e-06,0.00011594372
9.3640003,-8.8233664e-06,0.00011573283
9.3649998,-8.8073175e-06,0.00011552232
9.3660002,-8.7912977e-06,0.0001153122
9.3669996,-8.7753069e-06,0.00011510246
9.368,-8.7593453e-06,0.00011489309
9.3690004,-8.7434119e-06,0.0001146841
9.3699999,-8.7275075e-06,0.00011447549
9.3710003,-8.7116323e-06,0.00011426726
9.3719997,-8.6957853e-06,0.0001140594
9.3730001,-8.6799664e-06,0.00011385191
9.3739996,-8.6641767e-06,0.0001136448
9.375,-8.648416e-06,0.00011343807
9.3760004,-8.6326827e-06,0.0001132317
9.3769999,-8.6169784e-06,0.00011302571
9.3780003,-8.6013015e-06,0.00011282009
9.3789997,-8.5856536e-06,0.00011261484
9.3800001,-8.570034e-06,0.00011240996
9.3809996,-8.5544425e-06,0.00011220545
9.382,-8.5388783e-06,0.00011200131
9.3830004,-8.5233432e-06,0.00011179753
9.3839998,-8.5078354e-06,0.00011159413
9.3850002,-8.4923558e-06,0.00011139108
9.3859997,-8.4769035e-06,0.0001111884
9.3870001,-8.4614794e-06,0.0001109861
9.3879995,-8.4460835e-06,0.00011078415
9.3889999,-8.4307148e-06,0.00011058256
9.3900003,-8.4153735e-06,0.00011038133
9.3909998,-8.4000594e-06,0.00011018047
9.3920002,-8.3847735e-06,0.00010997997
9.3929996,-8.3695149e-06,0.00010977983
9.3940001,-8.3542836e-06,0.00010958005
9.3950005,-8.3390796e-06,0.00010938062
9.3959999,-8.3239029e-06,0.00010918156
9.3970003,-8.3087534e-06,0.00010898284
9.3979998,-8.2936313e-06,0.00010878449
9.3990002,-8.2785364e-06,0.00010858649
9.3999996,-8.2634679e-06,0.00010838885
9.401,-8.2484266e-06,0.00010819156
9.4020004,-8.2334127e-06,0.00010799462
9.4029999,-8.2184251e-06,0.00010779804
9.4040003,-8.2034649e-06,0.00010760181
9.4049997,-8.188531e-06,0.00010740593
9.4060001,-8.1736243e-06,0.0001072104
9.4069996,-8.1587432e-06,0.00010701521
9.408,-8.1438893e-06,0.00010682039
9.4090004,-8.1290618e-06,0.0001066259
9.4099998,-8.1142616e-06,0.00010643176
9.4110003,-8.0994869e-06,0.00010623797
9.4119997,-8.0847385e-06,0.00010604453
9.4130001,-8.0700174e-06,0.00010585142
9.4139996,-8.0553218e-06,0.00010565867
9.415,-8.0406526e-06,0.00010546626
9.4160004,-8.0260088e-06,0.00010527419
9.4169998,-8.0113923e-06,0.00010508246
9.4180002,-7.9968004e-06,0.00010489107
9.4189997,-7.9822357e-06,0.00010470003
9.4200001,-7.9676965e-06,0.00010450932
9.4209995,-7.9531828e-06,0.00010431895
9.4219999,-7.9386955e-06,0.00010412893
9.4230003,-7.9242336e-06,0.00010393924
9.4239998,-7.9097972e-06,0.00010374988
9.4250002,-7.8953872e-06,0.00010356087
9.4259996,-7.8810017e-06,0.00010337219
9.427,-7.8666426e-06,0.00010318384
9.4280005,-7.852309e-06,0.00010299582
9.4289999,-7.8379999e-06,0.00010280815
9.4300003,-7.8237172e-06,0.0001026208
9.4309998,-7.809459e-06,0.00010243378
9.4320002,-7.7952263e-06,0.0001022471
9.4329996,-7.7810182e-06,0.00010206074
9.434,-7.7668365e-06,0.00010187471
9.4350004,-7.7526793e-06,0.00010168902
9.4359999,-7.7385466e-06,0.00010150365
9.4370003,-7.7244395e-06,0.00010131861
9.4379997,-7.7103568e-06,0.0001011339
9.4390001,-7.6962988e-06,0.0001009495
9.4399996,-7.6822662e-06,0.00010076544
9.441,-7.6682581e-06,0.0001005817
9.4420004,-7.6542747e-06,0.00010039829
9.4429998,-7.6403157e-06,0.0001002152
9.4440002,-7.6263818e-06,0.00010003243
9.4449997,-7.6125029e-06,9.9850382e-05
9.4460001,-7.5986559e-06,9.9668752e-05
9.4469995,-7.5848338e-06,9.9487457e-05
9.448,-7.5710373e-06,9.930649e-05
9.4490004,-7.5572652e-06,9.9125849e-05
9.4499998,-7.5435187e-06,9.8945544e-05
9.4510002,-7.5297971e-06,9.8765566e-05
9.4519997,-7.5161006e-06,9.8585908e-05
9.4530001,-7.5024291e-06,9.8406585e-05
9.4540005,-7.4887826e-06,9.8227589e-05
9.4549999,-7.4751606e-06,9.8048913e-05
9.4560003,-7.4615637e-06,9.7870565e-05
9.4569998,-7.4479913e-06,9.7692544e-05
9.4580002,-7.4344439e-06,9.7514843e-05
9.4589996,-7.4209206e-06,9.733747e-05
9.46,-7.4074223e-06,9.7160417e-05
9.4610004,-7.3939486e-06,9.6983691e-05
9.4619999,-7.3804995e-06,9.6807278e-05
9.4630003,-7.3670749e-06,9.6631193e-05
9.4639997,-7.3536748e-06,9.6455427e-05
9.4650002,-7.3402989e-06,9.6279982e-05
9.4659996,-7.3269475e-06,9.6104857e-05
9.467,-7.3136202e-06,9.5930045e-05
9.4680004,-7.3003171e-06,9.575556e-05
9.4689999,-7.2870384e-06,9.5581388e-05
9.4700003,-7.2737839e-06,9.5407529e-05
9.4709997,-7.2605535e-06,9.5233991e-05
9.4720001,-7.2473472e-06,9.5060772e-05
9.4729996,-7.234165e-06,9.4887859e-05
9.474,-7.2210064e-06,9.4715266e-05
9.4750004,-7.2078724e-06,9.4542993e-05
9.4759998,-7.1947616e-06,9.4371026e-05
9.4770002,-7.1816753e-06,9.4199371e-05
9.4779997,-7.1686122e-06,9.402803e-05
9.4790001,-7.1555733e-06,9.3857008e-05
9.4799995,-7.1425579e-06,9.3686285e-05
9.4809999,-7.1295663e-06,9.3515882e-05
9.4820004,-7.1165982e-06,9.3345785e-05
9.4829998,-7.1036538e-06,9.3176001e-05
9.4840002,-7.0907331e-06,9.3006522e-05
9.4849997,-7.0778356e-06,9.2837348e-05
9.4860001,-7.0649617e-06,9.2668488e-05
9.4870005,-7.0521114e-06,9.2499933e-05
9.4879999,-7.0392844e-06,9.2331684e-05
9.4890003,-7.0264805e-06,9.216374e-05
9.4899998,-7.0136998e-06,9.1996102e-05
9.4910002,-7.0009428e-06,9.182877e-05
9.4919996,-6.9882085e-06,9.1661743e-05
9.493,-6.9754974e-06,9.1495021e-05
9.4940004,-6.9628099e-06,9.1328599e-05
9.4949999,-6.9501448e-06,9.1162481e-05
9.4960003,-6.9375033e-06,9.0996662e-05
9.4969997,-6.9248845e-06,9.0831149e-05
9.4980001,-6.9122889e-06,9.0665933e-05
9.4989996,-6.8997156e-06,9.0501017e-05
9.5,-6.8871659e-06,9.0336398e-05
9.5010004,-6.8746385e-06,9.0172085e-05
9.5019999,-6.8621339e-06,9.000807e-05
9.5030003,-6.849652e-06,8.9844347e-05
9.5039997,-6.8371928e-06,8.9680929e-05
9.5050001,-6.8247564e-06,8.9517802e-05
9.5059996,-6.8123427e-06,8.9354973e-05
9.507,-6.7999513e-06,8.9192443e-05
9.5080004,-6.7875826e-06,8.9030204e-05
9.5089998,-6.7752362e-06,8.8868263e-05
9.5100002,-6.7629121e-06,8.8706613e-05
9.5109997,-6.7506107e-06,8.8545261e-05
9.5120001,-6.7383312e-06,8.8384193e-05
9.5129995,-6.7260744e-06,8.8223424e-05
9.5139999,-6.7138399e-06,8.8062952e-05
9.5150003,-6.7016272e-06,8.7902765e-05
9.5159998,-6.6894368e-06,8.7742868e-05
9.5170002,-6.6772686e-06,8.7583263e-05
9.5179996,-6.6651228e-06,8.7423941e-05
9.5190001,-6.6529988e-06,8.7264918e-05
9.5200005,-6.6408966e-06,8.7106178e-05
9.5209999,-6.6288162e-06,8.694773e-05
9.5220003,-6.6167581e-06,8.6789565e-05
9.5229998,-6.6047219e-06,8.6631691e-05
9.5240002,-6.5927075e-06,8.6474101e-05
9.5249996,-6.5807149e-06,8.6316795e-05
9.526,-6.5687436e-06,8.615978e-05
9.5270004,-6.5567947e-06,8.6003041e-05
9.5279999,-6.5448671e-06,8.5846594e-05
9.5290003,-6.5329609e-06,8.569043e-05
9.5299997,-6.5210766e-06,8.553455e-05
9.5310001,-6.5092136e-06,8.5378946e-05
9.5319996,-6.4973724e-06,8.5223626e-05
9.533,-6.4855526e-06,8.506859e-05
9.5340004,-6.4737542e-06,8.4913838e-05
9.5349998,-6.4619771e-06,8.4759362e-05
9.5360003,-6.4502215e-06,8.4605163e-05
9.5369997,-6.4384867e-06,8.4451247e-05
9.5380001,-6.4267738e-06,8.4297608e-05
9.5389996,-6.4150818e-06,8.4144252e-05
9.54,-6.4034107e-06,8.3991166e-05
9.5410004,-6.391761e-06,8.3838364e-05
9.5419998,-6.3801326e-06,8.3685838e-05
9.5430002,-6.3685247e-06,8.3533581e-05
9.5439997,-6.3569382e-06,8.3381608e-05
9.5450001,-6.3453726e-06,8.3229905e-05
9.5459995,-6.333828e-06,8.3078477e-05
9.5469999,-6.3223042e-06,8.2927327e-05
9.5480003,-6.3108014e-06,8.2776445e-05
9.5489998,-6.2993195e-06,8.262584e-05
9.5500002,-6.287858e-06,8.2475504e-05
9.5509996,-6.2764175e-06,8.2325445e-05
9.552,-6.2649974e-06,8.2175648e-05
9.5530005,-6.2535983e-06,8.2026127e-05
9.5539999,-6.2422196e-06,8.1876882e-05
9.5550003,-6.2308613e-06,8.17279e-05
9.5559998,-6.2195236e-06,8.1579186e-05
9.5570002,-6.2082063e-06,8.1430742e-05
9.5579996,-6.1969099e-06,8.1282567e-05
9.559,-6.1856335e-06,8.1134662e-05
9.5600004,-6.1743776e-06,8.0987025e-05
9.5609999,-6.1631422e-06,8.0839651e-05
9.5620003,-6.1519268e-06,8.0692545e-05
9.5629997,-6.1407318e-06,8.0545702e-05
9.5640001,-6.1295568e-06,8.0399128e-05
9.5649996,-6.1184019e-06,8.0252816e-05
9.566,-6.1072674e-06,8.0106765e-05
9.5670004,-6.0961529e-06,7.9960977e-05
9.5679998,-6.0850584e-06,7.9815458e-05
9.5690002,-6.073984e-06,7.9670201e-05
9.5699997,-6.0629295e-06,7.9525198e-05
9.5710001,-6.0518951e-06,7.9380465e-05
9.5719995,-6.0408802e-06,7.9235986e-05
9.573,-6.0298853e-06,7.9091777e-05
9.5740004,-6.0189104e-06,7.8947822e-05
9.5749998,-6.0079551e-06,7.8804122e-05
9.5760002,-5.9970198e-06,7.8660683e-05
9.5769997,-5.986104e-06,7.8517507e-05
9.5780001,-5.9752078e-06,7.8374585e-05
9.5790005,-5.9643312e-06,7.8231918e-05
9.5799999,-5.9534741e-06,7.8089513e-05
9.5810003,-5.9426366e-06,7.7947363e-05
9.5819998,-5.9318186e-06,7.7805467e-05
9.5830002,-5.9210201e-06,7.7663826e-05
9.5839996,-5.9102413e-06,7.752244e-05
9.585,-5.8994815e-06,7.7381315e-05
9.5860004,-5.8887408e-06,7.7240431e-05
9.5869999,-5.8780197e-06,7.7099809e-05
9.5880003,-5.8673181e-06,7.6959441e-05
9.5889997,-5.8566357e-06,7.681932e-05
9.5900002,-5.8459723e-06,7.6679447e-05
9.5909996,-5.835328e-06,7.6539836e-05
9.592,-5.8247028e-06,7.6400465e-05
9.5930004,-5.8140968e-06,7.6261349e-05
9.5939999,-5.8035093e-06,7.6122487e-05
9.5950003,-5.7929415e-06,7.5983866e-05
9.5959997,-5.7823922e-06,7.5845499e-05
9.5970001,-5.7718621e-06,7.5707379e-05
9.5979996,-5.7613506e-06,7.5569507e-05
9.599,-5.7508582e-06,7.5431875e-05
9.6000004,-5.7403845e-06,7.5294498e-05
9.6009998,-5.7299294e-06,7.5157368e-05
9.6020002,-5.7194934e-06,7.5020478e-05
9.6029997,-5.709076e-06,7.4883836e-05
9.6040001,-5.6986769e-06,7.4747433e-05
9.6049995,-5.6882968e-06,7.4611278e-05
9.6059999,-5.677935e-06,7.4475371e-05
9.6070004,-5.6675917e-06,7.4339703e-05
9.6079998,-5.6572671e-06,7.4204276e-05
9.6090002,-5.6469607e-06,7.4069096e-05
9.6099997,-5.636673e-06,7.3934156e-05
9.6110001,-5.6264034e-06,7.3799456e-05
9.6120005,-5.6161525e-06,7.3664996e-05
9.6129999,-5.6059198e-06,7.3530777e-05
9.6140003,-5.5957053e-06,7.339679e-05
9.6149998,-5.5855089e-06,7.3263051e-05
9.6160002,-5.5753308e-06,7.3129551e-05
9.6169996,-5.5651708e-06,7.2996285e-05
9.618,-5.555029e-06,7.2863259e-05
9.6190004,-5.5449054e-06,7.2730472e-05
9.6199999,-5.5347996e-06,7.2597919e-05
9.6210003,-5.5247119e-06,7.2465598e-05
9.6219997,-5.514642e-06,7.2333518e-05
9.6230001,-5.5045903e-06,7.220167e-05
9.6239996,-5.4945563e-06,7.2070063e-05
9.625,-5.48454e-06,7.1938681e-05
9.6260004,-5.4745419e-06,7.1807539e-05
9.6269999,-5.4645616e-06,7.167663e-05
9.6280003,-5.4545985e-06,7.1545946e-05
9.6289997,-5.4446537e-06,7.1415503e-05
9.6300001,-5.4347261e-06,7.1285293e-05
9.6309996,-5.4248162e-06,7.1155308e-05
9.632,-5.4149241e-06,7.1025555e-05
9.6330004,-5.4050497e-06,7.0896036e-05
9.6339998,-5.3951926e-06,7.0766742e-05
9.6350002,-5.3853528e-06,7.0637674e-05
9.6359997,-5.3755448e-06,7.0509028e-05
9.6370001,-5.36576e-06,7.0380687e-05
9.6379995,-5.3559929e-06,7.0252579e-05
9.6389999,-5.3462436e-06,7.0124697e-05
9.6400003,-5.3365125e-06,6.9997055e-05
9.6409998,-5.3267986e-06,6.9869646e-05
9.6420002,-5.3171025e-06,6.9742462e-05
9.6429996,-5.3074241e-06,6.9615511e-05
9.6440001,-5.297763e-06,6.9488793e-05
9.6450005,-5.2881196e-06,6.9362308e-05
9.6459999,-5.278494e-06,6.9236048e-05
9.6470003,-5.2688856e-06,6.9110021e-05
9.6479998,-5.259295e-06,6.8984227e-05
9.6490002,-5.2497217e-06,6.8858652e-05
9.6499996,-5.2401656e-06,6.8733316e-05
9.651,-5.2306273e-06,6.8608198e-05
9.6520004,-5.2211058e-06,6.8483314e-05
9.6529999,-5.211602e-06,6.8358655e-05
9.6540003,-5.2021155e-06,6.8234222e-05
9.6549997,-5.1926463e-06,6.8110021e-05
9.6560001,-5.1831939e-06,6.7986039e-05
9.6569996,-5.1737593e-06,6.7862282e-05
9.658,-5.1643415e-06,6.7738751e-05
9.6590004,-5.1549409e-06,6.7615452e-05
9.6599998,-5.1455572e-06,6.7492372e-05
9.6610003,-5.1361908e-06,6.736951e-05
9.6619997,-5.1268412e-06,6.7246881e-05
9.6630001,-5.1175089e-06,6.7124471e-05
9.6639996,-5.1081934e-06,6.7002286e-05
9.665,-5.0988951e-06,6.6880319e-05
9.6660004,-5.0896133e-06,6.6758577e-05
9.6669998,-5.0803487e-06,6.6637054e-05
9.6680002,-5.0711005e-06,6.6515749e-05
9.6689997,-5.0618696e-06,6.639467e-05
9.6700001,-5.0526555e-06,6.6273809e-05
9.6709995,-5.0434578e-06,6.6153167e-05
9.6719999,-5.0342769e-06,6.603275e-05
9.6730003,-5.0251128e-06,6.5912544e-05
9.6739998,-5.0159656e-06,6.5792563e-05
9.6750002,-5.0068347e-06,6.5672801e-05
9.6759996,-4.9977207e-06,6.5553249e-05
9.677,-4.988623e-06,6.5433916e-05
9.6780005,-4.9795417e-06,6.5314809e-05
9.6789999,-4.9704772e-06,6.5195913e-05
9.6800003,-4.9614291e-06,6.5077227e-05
9.6809998,-4.9523974e-06,6.4958767e-05
9.6820002,-4.9433825e-06,6.4840518e-05
9.6829996,-4.9343835e-06,6.4722481e-05
9.684,-4.9254008e-06,6.4604661e-05
9.6850004,-4.9164346e-06,6.4487052e-05
9.6859999,-4.9074852e-06,6.4369662e-05
9.6870003,-4.8985512e-06,6.4252483e-05
9.6879997,-4.8896341e-06,6.4135522e-05
9.6890001,-4.8807328e-06,6.4018765e-05
9.6899996,-4.871848e-06,6.3902226e-05
9.691,-4.862979e-06,6.3785898e-05
9.6920004,-4.8541265e-06,6.3669781e-05
9.6929998,-4.8452898e-06,6.3553874e-05
9.6940002,-4.8364691e-06,6.3438179e-05
9.6949997,-4.8276647e-06,6.3322695e-05
9.6960001,-4.8188763e-06,6.3207415e-05
9.6969995,-4.8101037e-06,6.3092353e-05
9.698,-4.8013471e-06,6.2977495e-05
9.6990004,-4.7926064e-06,6.2862848e-05
9.6999998,-4.7838816e-06,6.2748404e-05
9.7010002,-4.7751728e-06,6.2634172e-05
9.7019997,-4.7664798e-06,6.252015e-05
9.7030001,-4.7578023e-06,6.2406332e-05
9.7040005,-4.7491408e-06,6.2292718e-05
9.7049999,-4.7404951e-06,6.2179315e-05
9.7060003,-4.7318649e-06,6.2066116e-05
9.7069998,-4.7232502e-06,6.1953127e-05
9.7080002,-4.7146514e-06,6.1840336e-05
9.7089996,-4.7060685e-06,6.1727755e-05
9.71,-4.6975006e-06,6.1615377e-05
9.7110004,-4.6889486e-06,6.1503204e-05
9.7119999,-4.6804121e-06,6.1391234e-05
9.7130003,-4.6718915e-06,6.1279468e-05
9.7139997,-4.6633859e-06,6.1167906e-05
9.7150002,-4.6548957e-06,6.105654e-05
9.7159996,-4.6464211e-06,6.0945385e-05
9.717,-4.6379619e-06,6.0834427e-05
9.7180004,-4.6295177e-06,6.0723673e-05
9.7189999,-4.6210894e-06,6.0613118e-05
9.7200003,-4.6126761e-06,6.0502764e-05
9.7209997,-4.6042778e-06,6.0392609e-05
9.7220001,-4.5958955e-06,6.0282659e-05
9.7229996,-4.5875277e-06,6.0172904e-05
9.724,-4.5791753e-06,6.0063347e-05
9.7250004,-4.570838e-06,5.9953993e-05
9.7259998,-4.5625161e-06,5.9844835e-05
9.7270002,-4.5542092e-06,5.9735874e-05
9.7279997,-4.5459174e-06,5.9627113e-05
9.7290001,-4.5376405e-06,5.9518548e-05
9.7299995,-4.5293787e-06,5.941018e-05
9.7309999,-4.5211318e-06,5.9302012e-05
9.7320004,-4.5129e-06,5.9194037e-05
9.7329998,-4.5046827e-06,5.9086258e-05
9.7340002,-4.4964809e-06,5.8978676e-05
9.7349997,-4.4882936e-06,5.8871286e-05
9.7360001,-4.4801213e-06,5.8764093e-05
9.7370005,-4.4719641e-06,5.8657093e-05
9.7379999,-4.4638214e-06,5.8550289e-05
9.7390003,-4.4556932e-06,5.8443678e-05
9.7399998,-4.4475801e-06,5.833726e-05
9.7410002,-4.4394815e-06,5.8231035e-05
9.7419996,-4.4313979e-06,5.8125002e-05
9.743,-4.4233284e-06,5.8019163e-05
9.7440004,-4.4152739e-06,5.7913516e-05
9.7449999,-4.407234e-06,5.7808058e-05
9.7460003,-4.3992086e-06,5.7702793e-05
9.7469997,-4.3911978e-06,5.7597717e-05
9.7480001,-4.3832015e-06,5.7492834e-05
9.7489996,-4.3752198e-06,5.7388137e-05
9.75,-4.3672526e-06,5.7283632e-05
9.7510004,-4.3592995e-06,5.7179317e-05
9.7519999,-4.351361e-06,5.7075191e-05
9.7530003,-4.3434366e-06,5.6971254e-05
9.7539997,-4.3355271e-06,5.6867502e-05
9.7550001,-4.3276314e-06,5.676394e-05
9.7559996,-4.3197501e-06,5.6660567e-05
9.757,-4.3118835e-06,5.6557379e-05
9.7580004,-4.3040309e-06,5.6454377e-05
9.7589998,-4.2961924e-06,5.6351564e-05
9.7600002,-4.288368e-06,5.6248937e-05
9.7609997,-4.2805577e-06,5.6146491e-05
9.7620001,-4.272762e-06,5.6044235e-05
9.7629995,-4.2649799e-06,5.5942164e-05
9.7639999,-4.2572124e-06,5.5840275e-05
9.7650003,-4.2494585e-06,5.5738572e-05
9.7659998,-4.2417187e-06,5.5637054e-05
9.7670002,-4.233993e-06,5.5535718e-05
9.7679996,-4.2262814e-06,5.5434564e-05
9.7690001,-4.2185834e-06,5.5333596e-05
9.7700005,-4.2108995e-06,5.5232809e-05
9.7709999,-4.2032293e-06,5.5132205e-05
9.7720003,-4.1955732e-06,5.5031782e-05
9.7729998,-4.1879307e-06,5.4931541e-05
9.7740002,-4.1803023e-06,5.4831478e-05
9.7749996,-4.1726876e-06,5.4731598e-05
9.776,-4.1650865e-06,5.4631899e-05
9.7770004,-4.1574995e-06,5.4532382e-05
9.7779999,-4.1499256e-06,5.443304e-05
9.7790003,-4.1423659e-06,5.4333883e-05
9.7799997,-4.1348198e-06,5.4234901e-05
9.7810001,-4.127287e-06,5.4136097e-05
9.7819996,-4.1197682e-06,5.4037475e-05
9.783,-4.1122626e-06,5.3939028e-05
9.7840004,-4.1047706e-06,5.3840758e-05
9.7849998,-4.0972923e-06,5.3742668e-05
9.7860003,-4.0898276e-06,5.3644751e-05
9.7869997,-4.0823761e-06,5.3547014e-05
9.7880001,-4.0749378e-06,5.3449454e-05
9.7889996,-4.0675136e-06,5.3352069e-05
9.79,-4.0601021e-06,5.3254858e-05
9.7910004,-4.0527043e-06,5.3157823e-05
9.7919998,-4.0453197e-06,5.3060961e-05
9.7930002,-4.0379487e-06,5.2964278e-05
9.7939997,-4.0305908e-06,5.2867766e-05
9.7950001,-4.0232458e-06,5.2771429e-05
9.7959995,-4.0159143e-06,5.2675263e-05
9.7969999,-4.0085961e-06,5.2579271e-05
9.7980003,-4.001291e-06,5.2483454e-05
9.7989998,-3.9939991e-06,5.2387808e-05
9.8000002,-3.9867205e-06,5.2292336e-05
9.8009996,-3.9794545e-06,5.2197032e-05
9.802,-3.9722022e-06,5.2101903e-05
9.8030005,-3.9649622e-06,5.2006944e-05
9.8039999,-3.9577358e-06,5.1912157e-05
9.8050003,-3.9505221e-06,5.1817537e-05
9.8059998,-3.9433216e-06,5.1723087e-05
9.8070002,-3.9361339e-06,5.1628809e-05
9.8079996,-3.9289589e-06,5.1534702e-05
9.809,-3.9217971e-06,5.1440762e-05
9.8100004,-3.914648e-06,5.1346989e-05
9.8109999,-3.9075121e-06,5.1253388e-05
9.8120003,-3.9003885e-06,5.1159954e-05
9.8129997,-3.8932781e-06,5.1066687e-05
9.8140001,-3.8861799e-06,5.0973584e-05
9.8149996,-3.8790949e-06,5.0880652e-05
9.816,-3.8720227e-06,5.0787887e-05
9.8170004,-3.8649628e-06,5.0695286e-05
9.8179998,-3.8579155e-06,5.0602852e-05
9.8190002,-3.8508815e-06,5.0510585e-05
9.8199997,-3.8438593e-06,5.0418483e-05
9.8210001,-3.8368503e-06,5.0326544e-05
9.8219995,-3.8298535e-06,5.0234772e-05
9.823,-3.8228695e-06,5.0143164e-05
9.8240004,-3.8158978e-06,5.0051716e-05
9.8249998,-3.8089386e-06,4.9960436e-05
9.8260002,-3.8019919e-06,4.9869319e-05
9.8269997,-3.7950635e-06,4.9778446e-05
9.8280001,-3.7881516e-06,4.9687784e-05
9.8290005,-3.7812522e-06,4.9597285e-05
9.8299999,-3.7743655e-06,4.9506954e-05
9.8310003,-3.7674913e-06,4.9416787e-05
9.8319998,-3.7606296e-06,4.9326783e-05
9.8330002,-3.7537802e-06,4.9236947e-05
9.8339996,-3.7469435e-06,4.9147271e-05
9.835,-3.7401192e-06,4.9057759e-05
9.8360004,-3.7333075e-06,4.896841e-05
9.8369999,-3.7265079e-06,4.8879225e-05
9.8380003,-3.7197208e-06,4.87902e-05
9.8389997,-3.7129462e-06,4.8701339e-05
9.8400002,-3.7061839e-06,4.8612641e-05
9.8409996,-3.6994338e-06,4.8524103e-05
9.842,-3.6926961e-06,4.8435726e-05
9.8430004,-3.6859706e-06,4.8347512e-05
9.8439999,-3.6792574e-06,4.8259455e-05
9.8450003,-3.6725562e-06,4.8171562e-05
9.8459997,-3.6658676e-06,4.8083828e-05
9.8470001,-3.659191e-06,4.7996251e-05
9.8479996,-3.6525264e-06,4.7908838e-05
9.849,-3.6458741e-06,4.7821581e-05
9.8500004,-3.6392339e-06,4.7734484e-05
9.8509998,-3.6326057e-06,4.7647543e-05
9.8520002,-3.6259896e-06,4.7560763e-05
9.8529997,-3.6193858e-06,4.7474143e-05
9.8540001,-3.6127938e-06,4.7387679e-05
9.8549995,-3.6062138e-06,4.7301372e-05
9.8559999,-3.5996459e-06,4.7215221e-05
9.8570004,-3.5930898e-06,4.712923e-05
9.8579998,-3.5865457e-06,4.7043392e-05
9.8590002,-3.5800135e-06,4.695771e-05
9.8599997,-3.5734931e-06,4.6872188e-05
9.8610001,-3.5669848e-06,4.6786819e-05
9.8620005,-3.5604883e-06,4.6701607e-05
9.8629999,-3.5540036e-06,4.6616547e-05
9.8640003,-3.5475305e-06,4.6531644e-05
9.8649998,-3.5410694e-06,4.6446898e-05
9.8660002,-3.53462e-06,4.6362304e-05
9.8669996,-3.5281823e-06,4.6277863e-05
9.868,-3.5217565e-06,4.6193574e-05
9.8690004,-3.5153423e-06,4.6109442e-05
9.8699999,-3.5089397e-06,4.6025463e-05
9.8710003,-3.5025487e-06,4.5941637e-05
9.8719997,-3.4961695e-06,4.585796e-05
9.8730001,-3.4898019e-06,4.5774439e-05
9.8739996,-3.4834457e-06,4.5691067e-05
9.875,-3.4771012e-06,4.5607849e-05
9.8760004,-3.4707682e-06,4.5524783e-05
9.8769999,-3.4644468e-06,4.5441866e-05
9.8780003,-3.4581369e-06,4.5359102e-05
9.8789997,-3.4518384e-06,4.5276487e-05
9.8800001,-3.4455513e-06,4.5194021e-05
9.8809996,-3.4392758e-06,4.5111708e-05
9.882,-3.4330117e-06,4.5029541e-05
9.8830004,-3.4267589e-06,4.4947526e-05
9.8839998,-3.4205175e-06,4.4865661e-05
9.8850002,-3.4142874e-06,4.4783945e-05
9.8859997,-3.4080688e-06,4.4702378e-05
9.8870001,-3.4018612e-06,4.4620956e-05
9.8879995,-3.3956653e-06,4.4539684e-05
9.8889999,-3.3894803e-06,4.445856e-05
9.8900003,-3.3833066e-06,4.4377583e-05
9.8909998,-3.3771444e-06,4.4296754e-05
9.8920002,-3.3709932e-06,4.4216071e-05
9.8929996,-3.3648532e-06,4.4135533e-05
9.8940001,-3.3587244e-06,4.4055145e-05
9.8950005,-3.3526067e-06,4.3974898e-05
9.8959999,-3.3465001e-06,4.3894801e-05
9.8970003,-3.3404046e-06,4.3814849e-05
9.8979998,-3.3343201e-06,4.3735043e-05
9.8990002,-3.3282467e-06,4.3655382e-05
9.8999996,-3.3221845e-06,4.3575863e-05
9.901,-3.3161332e-06,4.349649e-05
9.9020004,-3.3100928e-06,4.3417262e-05
9.9029999,-3.3040635e-06,4.3338176e-05
9.9040003,-3.2980452e-06,4.3259235e-05
9.9049997,-3.2920375e-06,4.3180436e-05
9.9060001,-3.286041e-06,4.3101783e-05
9.9069996,-3.2800554e-06,4.3023272e-05
9.908,-3.2740804e-06,4.2944903e-05
9.9090004,-3.2681166e-06,4.2866675e-05
9.9099998,-3.2621635e-06,4.278859e-05
9.9110003,-3.2562211e-06,4.2710646e-05
9.9119997,-3.2502896e-06,4.2632844e-05
9.9130001,-3.2443688e-06,4.2555184e-05
9.9139996,-3.2384587e-06,4.2477663e-05
9.915,-3.2325595e-06,4.2400283e-05
9.9160004,-3.2266707e-06,4.2323045e-05
9.9169998,-3.2207929e-06,4.2245945e-05
9.9180002,-3.2149255e-06,4.2168987e-05
9.9189997,-3.2090688e-06,4.2092168e-05
9.9200001,-3.2032228e-06,4.2015487e-05
9.9209995,-3.1973875e-06,4.1938947e-05
9.9219999,-3.1915627e-06,4.1862546e-05
9.9230003,-3.1857483e-06,4.1786279e-05
9.9239998,-3.1799445e-06,4.1710155e-05
9.9250002,-3.1741513e-06,4.1634168e-05
9.9259996,-3.1683685e-06,4.1558316e-05
9.927,-3.1625964e-06,4.1482606e-05
9.9280005,-3.1568345e-06,4.1407027e-05
9.9289999,-3.1510831e-06,4.133159e-05
9.9300003,-3.1453421e-06,4.1256288e-05
9.9309998,-3.1396116e-06,4.1181123e-05
9.9320002,-3.1338914e-06,4.1106094e-05
9.9329996,-3.1281816e-06,4.1031199e-05
9.934,-3.122482e-06,4.0956442e-05
9.9350004,-3.1167929e-06,4.088182e-05
9.9359999,-3.111114e-06,4.0807328e-05
9.9370003,-3.1054453e-06,4.0732975e-05
9.9379997,-3.0997869e-06,4.0658757e-05
9.9390001,-3.0941387e-06,4.0584673e-05
9.9399996,-3.088501e-06,4.0510724e-05
9.941,-3.0828733e-06,4.0436906e-05
9.9420004,-3.0772555e-06,4.0363222e-05
9.9429998,-3.0716483e-06,4.0289673e-05
9.9440002,-3.066051e-06,4.0216255e-05
9.9449997,-3.0604638e-06,4.0142972e-05
9.9460001,-3.0548867e-06,4.0069819e-05
9.9469995,-3.0493197e-06,3.9996798e-05
9.948,-3.0437627e-06,3.9923911e-05
9.9490004,-3.0382159e-06,3.9851151e-05
9.9499998,-3.0326789e-06,3.9778526e-05
9.9510002,-3.0271519e-06,3.9706032e-05
9.9519997,-3.0216352e-06,3.9633669e-05
9.9530001,-3.0161282e-06,3.9561437e-05
9.9540005,-3.0106312e-06,3.9489332e-05
9.9549999,-3.005144e-06,3.9417362e-05
9.9560003,-2.9996668e-06,3.9345519e-05
9.9569998,-2.9941993e-06,3.9273804e-05
9.9580002,-2.9887419e-06,3.9202219e-05
9.9589996,-2.9832943e-06,3.9130766e-05
9.96,-2.9778564e-06,3.905944e-05
9.9610004,-2.9724283e-06,3.8988241e-05
9.9619999,-2.96701e-06,3.8917169e-05
9.9630003,-2.9616015e-06,3.8846229e-05
9.9639997,-2.9562027e-06,3.8775415e-05
9.9650002,-2.9508135e-06,3.8704729e-05
9.9659996,-2.9454341e-06,3.8634167e-05
9.967,-2.9400644e-06,3.8563736e-05
9.9680004,-2.9347043e-06,3.8493432e-05
9.9689999,-2.929354e-06,3.8423252e-05
9.9700003,-2.9240132e-06,3.8353199e-05
9.9709997,-2.918682e-06,3.828327e-05
9.9720001,-2.9133603e-06,3.8213468e-05
9.9729996,-2.9080481e-06,3.8143793e-05
9.974,-2.9027458e-06,3.8074242e-05
9.9750004,-2.8974528e-06,3.8004815e-05
9.9759998,-2.8921693e-06,3.7935512e-05
9.9770002,-2.8868951e-06,3.7866335e-05
9.9779997,-2.8816305e-06,3.7797283e-05
9.9790001,-2.8763754e-06,3.7728354e-05
9.9799995,-2.8711297e-06,3.7659545e-05
9.9809999,-2.8658935e-06,3.7590864e-05
9.9820004,-2.8606667e-06,3.7522303e-05
9.9829998,-2.8554491e-06,3.7453869e-05
9.9840002,-2.8502409e-06,3.7385555e-05
9.9849997,-2.845042e-06,3.7317361e-05
9.9860001,-2.8398524e-06,3.724929e-05
9.9870005,-2.8346722e-06,3.7181344e-05
9.9879999,-2.829501e-06,3.7113517e-05
9.9890003,-2.8243394e-06,3.7045811e-05
9.9899998,-2.8191866e-06,3.6978228e-05
9.9910002,-2.8140435e-06,3.6910766e-05
9.9919996,-2.8089094e-06,3.6843423e-05
9.993,-2.8037844e-06,3.67762e-05
9.9940004,-2.7986684e-06,3.6709098e-05
9.9949999,-2.7935619e-06,3.6642115e-05
9.9960003,-2.7884641e-06,3.6575253e-05
9.9969997,-2.7833757e-06,3.6508507e-05
9.9980001,-2.7782962e-06,3.6441885e-05
9.9989996,-2.773226e-06,3.6375379e-05
10,-2.7681647e-06,3.6308989e-05
10,-2.7681647e-06,3.6308989e-05
10.001,6.6663095e-05,3.6250869e-05
10.002,0.00027100899,3.6279482e-05
10.003,0.00060495519,3.6586454e-05
10.004,0.0010636139,3.7479051e-05
10.005,0.0016420982,3.9383391e-05
10.006,0.0023361121,4.284253e-05
10.007,0.0031418793,4.8512164e-05
10.008,0.0040560137,5.7149387e-05
10.009,0.0050754263,6.9615686e-05
10.01,0.0061973226,8.6863802e-05
10.011,0.0074193007,0.00010996193
10.012,0.0087391566,0.00014006678
10.013,0.010154732,0.00017841623
10.014,0.011664187,0.00022634908
10.015,0.013265746,0.00028528422
10.016,0.014957814,0.00035673028
10.017,0.016738907,0.00044227939
10.018,0.018607629,0.000543606
10.019,0.02056272,0.00066246983
10.02,0.022602933,0.00080070627
10.021,0.024727155,0.00096023589
10.022,0.026934262,0.0011430512
10.023,0.029223198,0.0013512244
10.024,0.031592924,0.0015869021
10.025,0.034042414,0.0018523035
10.026,0.036570653,0.0021497202
10.027,0.039176598,0.0024815144
10.028,0.041859176,0.0028501167
10.029,0.044617396,0.003258026
10.03,0.047450151,0.0037078061
10.031,0.050356306,0.0042020869
10.032,0.053334679,0.0047435593
10.033,0.056384135,0.0053349682
10.034,0.059503376,0.0059791259
10.035,0.062691078,0.0066788988
10.036,0.065945856,0.0074372017
10.037,0.069266275,0.0082569942
10.038,0.072650768,0.0091412971
10.039,0.076097719,0.010093177
10.04,0.079605401,0.011115719
10.041,0.083172001,0.01221206
10.042,0.086795591,0.013385381
10.043,0.090474129,0.01463889
10.044,0.094205476,0.015975785
10.045,0.097987361,0.017399332
10.046,0.10181737,0.018912803
10.047,0.10569298,0.020519471
10.048,0.10961156,0.022222603
10.049,0.11357029,0.024025496
10.05,0.11756621,0.025931446
10.051,0.12159625,0.027943699
10.052,0.12565717,0.030065507
10.053,0.12974554,0.032300111
10.054,0.13385782,0.034650728
10.055,0.13799027,0.037120465
10.056,0.14213897,0.03971247
10.057,0.14629987,0.042429809
10.058,0.15046871,0.045275476
10.059,0.15464105,0.04825237
10.06,0.1588123,0.05136336
10.061,0.16297762,0.054611217
10.062,0.16713205,0.057998579
10.063,0.17127043,0.061527982
10.064,0.1753874,0.065201879
10.065,0.17947736,0.069022581
10.066,0.18353465,0.072992206
10.067,0.1875533,0.077112772
10.068,0.19152717,0.081386134
10.069,0.19544998,0.085813969
10.07,0.19931526,0.090397708
10.071,0.20311633,0.095138654
10.072,0.20684627,0.10003788
10.073,0.21049809,0.10509621
10.074,0.21406463,0.11031423
10.075,0.21753843,0.1156923
10.076,0.22091193,0.1212305
10.077,0.22417754,0.1269286
10.078,0.22732735,0.13278612
10.079,0.23035333,0.13880228
10.08,0.23324735,0.14497592
10.081,0.23600128,0.15130559
10.082,0.23860665,0.15778948
10.083,0.241055,0.16442545
10.084,0.24333778,0.17121091
10.085,0.24544643,0.17814296
10.086,0.24737218,0.18521824
10.087,0.24910626,0.19243301
10.088,0.25064,0.19978309
10.089,0.25196457,0.20726386
10.09,0.25307119,0.21487026
10.091,0.25395101,0.22259672
10.092,0.25459552,0.23043731
10.093,0.25499591,0.23838548
10.094,0.25514364,0.24643429
10.095,0.2550303,0.25457624
10.096,0.25464761,0.26280338
10.097,0.2539874,0.27110717
10.098,0.2530416,0.27947861
10.099,0.25180262,0.2879082
10.1,0.25026295,0.29638588
10.101,0.24841528,0.30490103
10.102,0.24625267,0.3134425
10.103,0.24376868,0.32199878
10.104,0.24095701,0.33055761
10.105,0.23781179,0.33910629
10.106,0.23432766,0.3476316
10.107,0.23049974,0.35611996
10.108,0.22632356,0.36455706
10.109,0.22179525,0.37292826
10.11,0.21691149,0.38121846
10.111,0.21166961,0.38941208
10.112,0.2060675,0.39749309
10.113,0.20010373,0.40544513
10.114,0.19377753,0.41325137
10.115,0.18708886,0.42089471
10.116,0.18003839,0.42835769
10.117,0.17262743,0.43562272
10.118,0.16485798,0.44267204
10.119,0.15673272,0.44948769
10.12,0.14825496,0.45605165
10.121,0.13942878,0.46234587
10.122,0.13025898,0.46835214
10.123,0.1207512,0.47405234
10.124,0.11091186,0.4794282
10.125,0.10074827,0.48446158
10.126,0.090268634,0.48913431
10.127,0.079482086,0.49342832
10.128,0.068398714,0.49732569
10.129,0.057029597,0.5008086
10.13,0.045386851,0.50385946
10.131,0.033483632,0.50646096
10.132,0.021334173,0.508596
10.133,0.0089538023,0.51024789
10.134,-0.0036410375,0.51140034
10.135,-0.016432768,0.5120374
10.136,-0.029402668,0.51214385
10.137,-0.042530842,0.51170492
10.138,-0.055796232,0.51070648
10.139,-0.069176607,0.50913519
10.14,-0.082648575,0.50697845
10.141,-0.096187577,0.50422466
10.142,-0.10976791,0.50086302
10.143,-0.12336273,0.4968839
10.144,-0.13694407,0.49227872
10.145,-0.15048285,0.48704013
10.146,-0.16394898,0.48116207
10.147,-0.17731142,0.47463992
10.148,-0.19053799,0.46747044
10.149,-0.20359582,0.45965207
10.15,-0.21645111,0.45118484
10.151,-0.22906919,0.44207054
10.152,-0.24141501,0.43231285
10.153,-0.25345266,0.42191726
10.154,-0.26514569,0.41089138
10.155,-0.27645773,0.39924482
10.156,-0.28735161,0.38698936
10.157,-0.29779011,0.37413907
10.158,-0.30773646,0.36071014
10.159,-0.31715339,0.34672129
10.16,-0.32600421,0.33219358
10.161,-0.33425286,0.31715035
10.162,-0.34186339,0.30161765
10.163,-0.34880096,0.28562388
10.164,-0.35503164,0.26919979
10.165,-0.36052245,0.25237897
10.166,-0.3652418,0.23519722
10.167,-0.36915973,0.21769275
10.168,-0.37224761,0.19990659
10.169,-0.37447897,0.18188159
10.17,-0.37582937,0.16366324
10.171,-0.37627643,0.14529945
10.172,-0.37580046,0.12683952
10.173,-0.37438422,0.10833547
10.174,-0.37201339,0.089841217
10.175,-0.36867657,0.071411617
10.176,-0.36436567,0.053104028
10.177,-0.35907587,0.034976985
10.178,-0.35280576,0.017089637
10.179,-0.34555778,-0.00049698155
10.18,-0.33733815,-0.017721375
10.181,-0.32815677,-0.034521844
10.182,-0.318028,-0.050835636
10.183,-0.30696991,-0.066600695
10.184,-0.29500502,-0.081754796
10.185,-0.28216028,-0.096236132
10.186,-0.26846653,-0.10998409
10.187,-0.25395948,-0.12293869
10.188,-0.23867887,-0.13504167
10.189,-0.22266889,-0.1462364
10.19,-0.2059783,-0.15646817
10.191,-0.18865953,-0.16568497
10.192,-0.17076989,-0.17383717
10.193,-0.15237029,-0.18087837
10.194,-0.13352557,-0.18676558
10.195,-0.11430478,-0.19145945
10.196,-0.094779707,-0.19492465
10.197,-0.075026326,-0.19713031
10.198,-0.055123385,-0.1980501
10.199,-0.035152126,-0.19766267
10.2,-0.015197102,-0.195952
10.201,0.0046558832,-0.19290733
10.202,0.024318393,-0.18852389
10.203,0.043700658,-0.18280283
10.204,0.062712364,-0.17575118
10.205,0.081261702,-0.16738284
10.206,0.099257305,-0.15771769
10.207,0.1166077,-0.14678259
10.208,0.13322216,-0.134611
10.209,0.14901152,-0.12124281
10.21,0.1638879,-0.10672525
10.211,0.17776603,-0.091111571
10.212,0.19056308,-0.074462488
10.213,0.20219977,-0.056844573
10.214,0.21260044,-0.038331408
10.215,0.22169386,-0.0190026
10.216,0.2294137,0.0010563945
10.217,0.23569898,0.021753861
10.218,0.24049461,0.04299343
10.219,0.243752,0.064672731
10.22,0.24542919,0.086685762
10.221,0.24549177,0.10892139
10.222,0.24391288,0.13126528
10.223,0.24067374,0.15359989
10.224,0.23576419,0.17580467
10.225,0.22918242,0.19775771
10.226,0.22093625,0.2193349
10.227,0.21104194,0.24041229
10.228,0.19952597,0.26086515
10.229,0.1864237,0.28056991
10.23,0.17178041,0.29940435
10.231,0.15565103,0.31724826
10.232,0.13809957,0.3339847
10.233,0.11920028,0.34950015
10.234,0.099035539,0.36368594
10.235,0.077697963,0.37643835
10.236,0.055287886,0.38765991
10.237,0.0319147,0.39725983
10.238,0.0076951366,0.40515491
10.239,-0.017246481,0.4112702
10.24,-0.042779006,0.41553956
10.241,-0.068765126,0.4179064
10.242,-0.095061846,0.41832432
10.243,-0.1215215,0.41675752
10.244,-0.14799213,0.41318145
10.245,-0.17431894,0.40758312
10.246,-0.20034443,0.39996168
10.247,-0.22591016,0.39032838
10.248,-0.25085685,0.37870741
10.249,-0.2750262,0.36513525
10.25,-0.29826117,0.34966174
10.251,-0.3204076,0.33234906
10.252,-0.34131482,0.3132728
10.253,-0.36083716,0.29252052
10.254,-0.37883446,0.27019301
10.255,-0.3951737,0.24640223
10.256,-0.40972972,0.2212729
10.257,-0.42238635,0.19493975
10.258,-0.43303743,0.16754928
10.259,-0.44158772,0.13925672
10.26,-0.44795403,0.11022757
10.261,-0.45206574,0.080634452
10.262,-0.45386615,0.050658345
10.263,-0.45331261,0.020485571
10.264,-0.45037791,-0.0096916659
10.265,-0.44505027,-0.039677773
10.266,-0.43733433,-0.06927409
10.267,-0.42725119,-0.098280817
10.268,-0.41483912,-0.12649813
10.269,-0.40015346,-0.15372761
10.27,-0.38326678,-0.17977394
10.271,-0.36426905,-0.20444609
10.272,-0.34326702,-0.22755927
10.273,-0.32038465,-0.248936
10.274,-0.29576162,-0.26840815
10.275,-0.26955405,-0.28581807
10.276,-0.24193218,-0.30102035
10.277,-0.21308149,-0.3138833
10.278,-0.18319947,-0.32429013
10.279,-0.15249643,-0.33214068
10.28,-0.12119225,-0.33735225
10.281,-0.089516632,-0.33986112
10.282,-0.057706434,-0.33962345
10.283,-0.026004521,-0.33661616
10.284,0.0053420169,-0.33083799
10.285,0.036084391,-0.32230949
10.286,0.065973118,-0.31107464
10.287,0.094761468,-0.29719946
10.288,0.12220622,-0.28077409
10.289,0.1480711,-0.26191047
10.29,0.17212798,-0.24074428
10.291,0.19415978,-0.21743216
10.292,0.21396214,-0.1921531
10.293,0.23134595,-0.16510546
10.294,0.2461392,-0.1365075
10.295,0.25818908,-0.10659454
10.296,0.26736391,-0.075618468
10.297,0.27355501,-0.043845329
10.298,0.27667761,-0.011552626
10.299,0.27667344,0.020971399
10.3,0.27351066,0.053431705
10.301,0.26718584,0.085527763
10.302,0.25772437,0.11695674
10.303,0.24518064,0.14741644
10.304,0.22963928,0.17660758
10.305,0.21121368,0.20423758
10.306,0.19004704,0.23002288
10.307,0.16631076,0.25369227
10.308,0.14020352,0.2749896
10.309,0.11195117,0.2936767
10.31,0.081803426,0.30953607
10.311,0.050033692,0.32237375
10.312,0.01693573,0.33202165
10.313,-0.017178461,0.33833978
10.314,-0.051980611,0.34121886
10.315,-0.087130509,0.34058124
10.316,-0.12227761,0.33638346
10.317,-0.15706559,0.32861668
10.318,-0.19113527,0.31730783
10.319,-0.22412811,0.30252078
10.32,-0.25569057,0.28435519
10.321,-0.28547713,0.2629481
10.322,-0.31315476,0.2384717
10.323,-0.33840623,0.21113317
10.324,-0.36093417,0.18117361
10.325,-0.38046435,0.14886487
10.326,-0.3967495,0.1145094
10.327,-0.40957227,0.078435645
10.328,-0.41874838,0.040996559
10.329,-0.42412964,0.0025659206
10.33,-0.42560545,-0.036466222
10.331,-0.4231059,-0.075696155
10.332,-0.41660291,-0.11471133
10.333,-0.4061113,-0.15309449
10.334,-0.39169031,-0.19042799
10.335,-0.37344331,-0.22629875
10.336,-0.35151744,-0.2603032
10.337,-0.32610354,-0.29205164
10.338,-0.29743448,-0.32117334
10.339,-0.26578319,-0.34732088
10.34,-0.23146123,-0.37017477
10.341,-0.19481531,-0.3894476
10.342,-0.156224,-0.40488806
10.343,-0.11609477,-0.41628501
10.344,-0.074859016,-0.42347044
10.345,-0.032967605,-0.42632231
10.346,0.0091134012,-0.42476743
10.347,0.050908681,-0.41878301
10.348,0.091938972,-0.40839761
10.349,0.13172631,-0.39369309
10.35,0.16980043,-0.37480357
10.351,0.20570441,-0.35191506
10.352,0.23900031,-0.32526535
10.353,0.2692754,-0.29514083
10.354,0.29614735,-0.26187432
10.355,0.31926996,-0.22584288
10.356,0.33833805,-0.18746269
10.357,0.35309201,-0.14718504
10.358,0.36332268,-0.10549229
10.359,0.36887425,-0.062891029
10.36,0.36964747,-0.019906612
10.361,0.36560306,0.022922467
10.362,0.35676223,0.06505245
10.363,0.34320778,0.10594068
10.364,0.32508564,0.1450524
10.365,0.30260217,0.18186875
10.366,0.27602428,0.21589307
10.367,0.24567761,0.24665844
10.368,0.21194078,0.27373457
10.369,0.17524384,0.29673409
10.37,0.13606317,0.31531906
10.371,0.094914392,0.32920605
10.372,0.052347384,0.33817136
10.373,0.0089393519,0.34205517
10.374,-0.034712449,0.34076551
10.375,-0.077999033,0.33428025
10.376,-0.1203078,0.32264909
10.377,-0.16103089,0.30599457
10.378,-0.19957411,0.2845116
10.379,-0.23536558,0.25846592
10.38,-0.2678642,0.22819184
10.381,-0.29656807,0.19408934
10.382,-0.32102263,0.15661904
10.383,-0.34082803,0.11629675
10.384,-0.35564598,0.073687166
10.385,-0.36520645,0.029397108
10.386,-0.36931247,-0.015933443
10.387,-0.36784446,-0.061639763
10.388,-0.36076382,-0.10704176
10.389,-0.34811547,-0.1514536
10.39,-0.330028,-0.19419445
10.391,-0.30671373,-0.23459853
10.392,-0.27846745,-0.2720255
10.393,-0.24566348,-0.3058708
10.394,-0.20875102,-0.33557582
10.395,-0.16824885,-0.36063695
10.396,-0.12473932,-0.38061506
10.397,-0.078859828,-0.39514321
10.398,-0.031293903,-0.40393394
10.399,0.017238511,-0.40678507
10.4,0.065991193,-0.40358528
10.401,0.11420387,-0.394317
10.402,0.16111371,-0.37905848
10.403,0.20596752,-0.35798442
10.404,0.24803382,-0.331366
10.405,0.28661573,-0.29956681
10.406,0.32106245,-0.26303932
10.407,0.35078096,-0.22231942
10.408,0.37524712,-0.17801943
10.409,0.39401528,-0.13081861
10.41,0.40672719,-0.08145307
10.411,0.41311952,-0.030705083
10.412,0.41303042,0.020609103
10.413,0.4064039,0.071652368
10.414,0.39329278,0.12158074
10.415,0.37385967,0.16955763
10.416,0.34837624,0.21476819
10.417,0.31722042,0.2564337
10.418,0.28087237,0.29382554
10.419,0.23990731,0.32627887
10.42,0.19498752,0.35320508
10.421,0.14685233,0.37410372
10.422,0.096306384,0.38857245
10.423,0.044206981,0.39631644
10.424,-0.0085505052,0.39715505
10.425,-0.061047886,0.39102709
10.426,-0.11236004,0.37799406
10.427,-0.1615714,0.35824111
10.428,-0.20779257,0.33207586
10.429,-0.25017697,0.29992548
10.43,-0.28793699,0.26233003
10.431,-0.32035923,0.21993519
10.432,-0.34681898,0.17348199
10.433,-0.36679319,0.12379473
10.434,-0.37987196,0.071767628
10.435,-0.38576818,0.018348847
10.436,-0.38432461,-0.0354762
10.437,-0.37551942,-0.088702589
10.438,-0.35946855,-0.14032453
10.439,-0.33642614,-0.18935436
10.44,-0.30678225,-0.2348416
10.441,-0.27105707,-0.27589196
10.442,-0.22989346,-0.31168523
10.443,-0.18404667,-0.34149241
10.444,-0.13437138,-0.36469123
10.445,-0.08180739,-0.38078046
10.446,-0.027361913,-0.38939142
10.447,0.027908761,-0.3902975
10.448,0.082919076,-0.3834213
10.449,0.13657582,-0.36883786
10.45,0.18779939,-0.34677631
10.451,0.23554544,-0.31761783
10.452,0.2788265,-0.28189081
10.453,0.31673291,-0.24026257
10.454,0.34845281,-0.19352771
10.455,0.37329012,-0.14259434
10.456,0.39068076,-0.088467322
10.457,0.40020636,-0.032229397
10.458,0.40160537,0.024979988
10.459,0.39478114,0.081987359
10.46,0.3798067,0.13760909
10.461,0.3569259,0.19067606
10.462,0.32655132,0.2400583
10.463,0.28925809,0.28468966
10.464,0.24577482,0.32359144
10.465,0.19697008,0.3558946
10.466,0.14383639,0.38086021
10.467,0.087470926,0.39789751
10.468,0.029053492,0.4065789
10.469,-0.030177671,0.406652
10.47,-0.088951878,0.39804798
10.471,-0.14599326,0.38088602
10.472,-0.20004867,0.35547361
10.473,-0.24991566,0.32230291
10.474,-0.29446989,0.28204292
10.475,-0.33269146,0.23552731
10.476,-0.36368921,0.18373837
10.477,-0.38672283,0.12778744
10.478,-0.40122181,0.068891913
10.479,-0.40680104,0.0083494242
10.48,-0.40327245,-0.052490346
10.481,-0.39065239,-0.11225559
10.482,-0.36916441,-0.1695834
10.483,-0.33923739,-0.22315122
10.484,-0.30149871,-0.27170795
10.485,-0.25676301,-0.31410396
10.486,-0.20601605,-0.34931955
10.487,-0.15039413,-0.37649056
10.488,-0.091159947,-0.39493108
10.489,-0.029674824,-0.40415221
10.49,0.032632023,-0.40387675
10.491,0.094296299,-0.39404881
10.492,0.15385297,-0.37483865
10.493,0.20987126,-0.34664193
10.494,0.26098958,-0.31007355
10.495,0.30594921,-0.26595619
10.496,0.34362653,-0.21530375
10.497,0.37306216,-0.15929919
10.498,0.3934871,-0.099268571
10.499,0.4043442,-0.036650531
10.5,0.40530431,0.02703822
10.501,0.39627856,0.090238176
10.502,0.37742424,0.15138483
10.503,0.34914443,0.20894788
10.504,0.31208122,0.26147023
10.505,0.2671032,0.30760562
10.506,0.21528699,0.34615383
10.507,0.15789323,0.37609318
10.508,0.096337073,0.39660931
10.509,0.03215443,0.4071188
10.51,-0.033035591,0.40728748
10.511,-0.097570986,0.39704275
10.512,-0.1597891,0.37657899
10.513,-0.21806972,0.34635663
10.514,-0.27087772,0.30709401
10.515,-0.31680441,0.25975224
10.516,-0.35460621,0.20551363
10.517,-0.38323969,0.14575371
10.518,-0.40189204,0.082007758
10.519,-0.41000596,0.015932357
10.52,-0.40729794,-0.050736923
10.521,-0.39376998,-0.11623075
10.522,-0.36971337,-0.17879298
10.523,-0.33570516,-0.2367281
10.524,-0.29259646,-0.28844789
10.525,-0.24149328,-0.33251601
10.526,-0.18373005,-0.36768919
10.527,-0.12083632,-0.39295402
10.528,-0.054497629,-0.40755782
10.529,0.013488828,-0.41103315
10.53,0.081262223,-0.40321463
10.531,0.14694884,-0.38424775
10.532,0.2087141,-0.3545891
10.533,0.26481429,-0.31499806
10.534,0.31364685,-0.26651952
10.535,0.35379729,-0.21045846
10.536,0.38408193,-0.14834671
10.537,0.40358445,-0.081902571
10.538,0.41168582,-0.012984434
10.539,0.408086,0.056460388
10.54,0.39281675,0.1244503
10.541,0.36624548,0.18902598
10.542,0.32906902,0.24830732
10.543,0.28229791,0.30054903
10.544,0.22723129,0.34419319
10.545,0.16542281,0.37791738
10.546,0.098638475,0.40067655
10.547,0.028807567,0.41173753
10.548,-0.042032126,0.41070485
10.549,-0.11179329,0.39753702
10.55,-0.17840052,0.37255242
10.551,-0.23985237,0.33642468
10.552,-0.29428241,0.29016715
10.553,-0.34001711,0.23510699
10.554,-0.37562919,0.17284985
10.555,-0.39998344,0.10523338
10.556,-0.4122752,0.034274872
10.557,-0.41205972,-0.037886627
10.558,-0.39927065,-0.10905454
10.559,-0.37422648,-0.17704245
10.56,-0.33762577,-0.23974147
10.561,-0.29053068,-0.29518595
10.562,-0.2343391,-0.34161648
10.563,-0.17074482,-0.37753776
10.564,-0.10168868,-0.4017688
10.565,-0.029300781,-0.4134838
10.566,0.044164009,-0.41224268
10.567,0.11639594,-0.39801031
10.568,0.18510285,-0.37116271
10.569,0.24808334,-0.33248007
10.57,0.30329821,-0.28312746
10.571,0.34893805,-0.22462218
10.572,0.38348424,-0.15878949
10.573,0.40576187,-0.087707542
10.574,0.41498187,-0.013643363
10.575,0.41077191,0.061018497
10.576,0.39319351,0.13385223
10.577,0.36274567,0.20246963
10.578,0.3203539,0.26459906
10.579,0.2673454,0.3181617
10.58,0.20540981,0.36134282
10.581,0.13654794,0.39265525
10.582,0.063008919,0.41099307
10.583,-0.012781799,0.41567329
10.584,-0.088301584,0.40646398
10.585,-0.16101429,0.3835977
10.586,-0.22845563,0.34776935
10.587,-0.28831756,0.30011868
10.588,-0.33852872,0.24219677
10.589,-0.37732795,0.17591827
10.59,-0.40332842,0.1035004
10.591,-0.41556972,0.027390532
10.592,-0.41355643,-0.049815282
10.593,-0.39728066,-0.12546024
10.594,-0.3672283,-0.19691817
10.595,-0.32436854,-0.26168522
10.596,-0.27012554,-0.31746885
10.597,-0.20633426,-0.36227074
10.598,-0.13518082,-0.39446059
10.599,-0.059129763,-0.41283795
10.6,0.019159816,-0.41668016
10.601,0.096926317,-0.40577349
10.602,0.1714028,-0.38042697
10.603,0.23991565,-0.34146771
10.604,0.29998171,-0.29021764
10.605,0.34939986,-0.22845152
10.606,0.38633385,-0.15833859
10.607,0.40938312,-0.08236859
10.608,0.41763905,-0.0032651913
10.609,0.41072333,0.076110728
10.61,0.38880861,0.15286368
10.611,0.35261911,0.22416939
10.612,0.30340987,0.28737986
10.613,0.2429267,0.34012327
10.614,0.17334719,0.38039479
10.615,0.097205505,0.40663579
10.616,0.017301504,0.417797
10.617,-0.063400775,0.41338363
10.618,-0.14188239,0.39348045
10.619,-0.21518238,0.3587558
10.62,-0.28051046,0.31044272
10.621,-0.33535475,0.25029892
10.622,-0.37758026,0.18054582
10.623,-0.40551502,0.10378986
10.624,-0.41801926,0.02292674
10.625,-0.4145354,-0.05896632
10.626,-0.39511567,-0.13874698
10.627,-0.36042824,-0.21332814
10.628,-0.31173754,-0.27979851
10.629,-0.25086227,-0.33553767
10.63,-0.18011047,-0.37832147
10.631,-0.10219557,-0.40641382
10.632,-0.020134006,-0.41864035
10.633,0.062869966,-0.41444093
10.634,0.14354879,-0.39389849
10.635,0.21869993,-0.35774386
10.636,0.28531432,-0.30733356
10.637,0.34069827,-0.24460281
10.638,0.38258466,-0.17199445
10.639,0.40922901,-0.092367426
10.64,0.41948533,-0.0088859256
10.641,0.41285935,0.075104848
10.642,0.38953522,0.15621217
10.643,0.35037646,0.23113275
10.644,0.2968981,0.29678854
10.645,0.23121201,0.35045511
10.646,0.15594655,0.38987693
10.647,0.074145056,0.41336569
10.648,-0.010855439,0.41987625
10.649,-0.095559098,0.40905687
10.65,-0.17645457,0.3812713
10.651,-0.25016084,0.33759186
10.652,-0.31356996,0.27976274
10.653,-0.3639802,0.21013391
10.654,-0.39921397,0.131569
10.655,-0.41771534,0.047330596
10.656,-0.41862285,-0.039053138
10.657,-0.40181357,-0.12393552
10.658,-0.36791596,-0.20370501
10.659,-0.31829172,-0.27493945
10.66,-0.25498575,-0.33455476
10.661,-0.18064542,-0.37994087
10.662,-0.098413207,-0.40907913
10.663,-0.011796403,-0.42063579
10.664,0.075480334,-0.41402769
10.665,0.15963492,-0.38945523
10.666,0.23699181,-0.34790221
10.667,0.30414358,-0.29110092
10.668,0.35810333,-0.22146535
10.669,0.39644048,-0.14199154
10.67,0.41739374,-0.056131914
10.671,0.41995591,0.032352593
10.672,0.40392736,0.11955541
10.673,0.36993307,0.20159711
10.674,0.31940356,0.2747986
10.675,0.25451896,0.33584771
10.676,0.17812042,0.38195184
10.677,0.093588643,0.41096961
10.678,0.0046966523,0.4215138
10.679,-0.084557563,0.41302124
10.68,-0.17012835,0.38578904
10.681,-0.24810672,0.34096888
10.682,-0.31490088,0.28052425
10.683,-0.36740384,0.20714813
10.684,-0.40314078,0.12414734
10.685,-0.42039055,0.0352971
10.686,-0.41827205,-0.0553293
10.687,-0.39679474,-0.14354555
10.688,-0.35686722,-0.22524589
10.689,-0.30026355,-0.29659724
10.69,-0.22955076,-0.35422131
10.691,-0.14797544,-0.39535764
10.692,-0.059318714,-0.41799951
10.693,0.032276265,-0.42099705
10.694,0.12249707,-0.4041194
10.695,0.20706414,-0.36807632
10.696,0.28193501,-0.31449348
10.697,0.34349924,-0.24584404
10.698,0.38875604,-0.16534014
10.699,0.41546372,-0.076785311
10.7,0.42225584,0.015601745
10.701,0.40871623,0.10738651
10.702,0.37540779,0.19413123
10.703,0.32385665,0.27160981
10.704,0.25648677,0.33601579
10.705,0.17651066,0.38415208
10.706,0.087781288,0.41359416
10.707,-0.005391805,0.42281571
10.708,-0.098448791,0.41127419
10.709,-0.18680261,0.37944672
10.71,-0.26606548,0.32881641
10.711,-0.33226871,0.26181033
10.712,-0.3820641,0.18168662
10.713,-0.4128975,0.092381306
10.714,-0.42314479,-0.0016819405
10.715,-0.4122017,-0.09580946
10.716,-0.38052583,-0.18527023
10.717,-0.32962322,-0.26553482
10.718,-0.2619825,-0.33250615
10.719,-0.18095946,-0.38273209
10.72,-0.090613544,-0.41358691
10.721,0.0044910358,-0.42341399
10.722,0.099514343,-0.4116202
10.723,0.18958639,-0.37871584
10.724,0.27005693,-0.32630101
10.725,0.33673775,-0.2569924
10.726,0.38612378,-0.17429842
10.727,0.41558188,-0.082446627
10.728,0.42349541,0.013830305
10.729,0.40935996,0.1095351
10.73,0.37381962,0.19966547
10.731,0.31864423,0.27947608
10.732,0.24664865,0.34473053
10.733,0.16155297,0.3919296
10.734,0.067795813,0.41850358
10.735,-0.029694229,0.42295769
10.736,-0.12575628,0.40496099
10.737,-0.21526918,0.36537701
10.738,-0.29342607,0.30622762
10.739,-0.35599476,0.2305965
10.74,-0.39955106,0.14247435
10.741,-0.42166996,0.046551134
10.742,-0.42106783,-0.052028764
10.743,-0.39768192,-0.14794195
10.744,-0.352685,-0.23597306
10.745,-0.28843516,-0.31129974
10.746,-0.20835637,-0.36975962
10.747,-0.11676256,-0.40808463
10.748,-0.018629231,-0.42408925
10.749,0.080674939,-0.41679978
10.75,0.1756794,-0.38652173
10.751,0.2611143,-0.33483341
10.752,0.33220425,-0.26451069
10.753,0.38493952,-0.17938568
10.754,0.41630551,-0.084140293
10.755,0.42446131,0.015946681
10.756,0.40885398,0.11528841
10.757,0.37026283,0.20830178
10.758,0.31076616,0.28972298
10.759,0.23363771,0.35490718
10.76,0.1431713,0.40009755
10.761,0.044447262,0.4226473
10.762,-0.05695001,0.42118058
10.763,-0.15524597,0.39568293
10.764,-0.24480486,0.34751523
10.765,-0.3204543,0.27934748
10.766,-0.37778765,0.19501881
10.767,-0.41342479,0.099325188
10.768,-0.42521802,-0.0022475789
10.769,-0.41238704,-0.10383686
10.77,-0.37557817,-0.19953974
10.771,-0.31683862,-0.28375721
10.772,-0.23951109,-0.35152417
10.773,-0.14804856,-0.3988061
10.774,-0.047764014,-0.42274478
10.775,0.055475328,-0.42183754
10.776,0.155589,-0.39603817
10.777,0.2466415,-0.34677362
10.778,0.32319579,-0.27687186
10.779,0.38064167,-0.19040766
10.78,0.41547784,-0.092469551
10.781,0.42553246,0.011133936
10.782,0.41010401,0.11421723
10.783,0.37001869,0.21058524
10.784,0.30759257,0.2944071
10.785,0.22650707,0.36057186
10.786,0.1315967,0.40500411
10.787,0.028567191,0.42492166
10.788,-0.07634493,0.41901585
10.789,-0.17674764,0.38754526
10.79,-0.26648346,0.33233389
10.791,-0.34000903,0.2566731
10.792,-0.39274213,0.16513316
10.793,-0.42135173,0.063291736
10.794,-0.42397681,-0.04260036
10.795,-0.40035275,-0.14600179
10.796,-0.35184434,-0.24048354
10.797,-0.28137305,-0.32013068
10.798,-0.19325073,-0.37991631
10.799,-0.092920288,-0.41602367
10.8,0.013374333,-0.42609707
10.801,0.11897475,-0.40940222
10.802,0.21722367,-0.36688772
10.803,0.30188611,-0.30113956
10.804,0.36754787,-0.21623176
10.805,0.40996736,-0.11748123
10.806,0.42635497,-0.011119187
10.807,0.41556564,0.096097276
10.808,0.37818453,0.1973142
10.809,0.31650704,0.28601891
10.81,0.23440389,0.35646191
10.811,0.1370876,0.40403482
10.812,0.030785415,0.42557725
10.813,-0.077653632,0.41959539
10.814,-0.18119927,0.38637242
10.815,-0.2730954,0.32796669
10.816,-0.34730384,0.24809203
10.817,-0.39890519,0.15188961
10.818,-0.42443192,0.045603316
10.819,-0.42210767,-0.063821726
10.82,-0.39198098,-0.16918996
10.821,-0.33593529,-0.26352924
10.822,-0.25758308,-0.34055433
10.823,-0.16203803,-0.39508954
10.824,-0.055590361,-0.42342389
10.825,0.054704726,-0.42356959
10.826,0.16149066,-0.39541173
10.827,0.25760099,-0.34073019
10.828,0.33654192,-0.26309803
10.829,0.39293575,-0.16765493
10.83,0.42289323,-0.060774364
10.831,0.42428991,0.050357278
10.832,0.3969245,0.15822145
10.833,0.34255049,0.25547555
10.834,0.26477104,0.33545488
10.835,0.16881138,0.39263439
10.836,0.061172828,0.4230164
10.837,-0.050803266,0.42441708
10.838,-0.15943246,0.39663252
10.839,-0.25721312,0.34147099
10.84,-0.33734864,0.26264322
10.841,-0.39422366,0.16552246
10.842,-0.42380381,0.056784552
10.843,-0.42393029,-0.056045767
10.844,-0.39448664,-0.16511248
10.845,-0.33742344,-0.26277566
10.846,-0.25663909,-0.34214866
10.847,-0.15772241,-0.39758852
10.848,-0.047572974,-0.42510423
10.849,0.066075534,-0.42265204
10.85,0.17519532,-0.39029619
10.851,0.27203172,-0.33022311
10.852,0.34965712,-0.24660219
10.853,0.40247124,-0.14530574
10.854,0.42661288,-0.033503886
10.855,0.42025051,0.080838576
10.856,0.38373047,0.18952724
10.857,0.31957024,0.28472552
10.858,0.23229539,0.359523
10.859,0.12812808,0.40844247
10.86,0.014550871,0.42784831
10.861,-0.10022607,0.41622642
10.862,-0.207857,0.37431124
10.863,-0.30046809,0.30505061
10.864,-0.37123692,0.21340896
10.865,-0.41490152,0.10601988
10.866,-0.42815933,-0.0092879394
10.867,-0.40992615,-0.1240569
10.868,-0.36143532,-0.2298194
10.869,-0.2861644,-0.31872445
10.87,-0.18959582,-0.38412434
10.871,-0.07882648,-0.42107853
10.872,0.03794815,-0.42673582
10.873,0.15203689,-0.40056345
10.874,0.25489867,-0.34440604
10.875,0.33878446,-0.26236743
10.876,0.39732599,-0.16051917
10.877,0.42602637,-0.046459753
10.878,0.4226152,0.071246304
10.879,0.387238,0.18370937
10.88,0.32246441,0.28238589
10.881,0.23311274,0.35973051
10.882,0.1259014,0.40977925
10.883,0.0089502018,0.42861715
10.884,-0.10882908,0.41469422
10.885,-0.21840978,0.3689642
10.886,-0.31134373,0.29483011
10.887,-0.38041633,0.19790219
10.888,-0.42021361,0.085582487
10.889,-0.42755589,-0.033493739
10.89,-0.40176156,-0.15011828
10.891,-0.34472004,-0.25522071
10.892,-0.26076606,-0.34057647
10.893,-0.15635917,-0.39945567
10.894,-0.03959576,-0.42716128
10.895,0.080412634,-0.4214142
10.896,0.19424802,-0.38255122
10.897,0.29292527,-0.31351888
10.898,0.36860469,-0.21966162
10.899,0.4152219,-0.10831858
10.9,0.42898223,0.011744075
10.901,0.40867999,0.13101777
10.902,0.35581583,0.24000302
10.903,0.27449724,0.32996827
10.904,0.17113043,0.39365408
10.905,0.053925157,0.42586666
10.906,-0.067750931,0.42391208
10.907,-0.18411812,0.38783172
10.908,-0.28577015,0.32042056
10.909,-0.36443833,0.2270236
10.91,-0.41367048,0.11512095
10.911,-0.42936903,-0.0062625799
10.912,-0.41014338,-0.12727989
10.913,-0.35744432,-0.23805922
10.914,-0.27546674,-0.32951102
10.915,-0.17082763,-0.39407846
10.916,-0.052041963,-0.42637092
10.917,0.071164742,-0.42362332
10.918,0.18864845,-0.38594469
10.919,0.29068196,-0.31633198
10.92,0.36876431,-0.2204434
10.921,0.41633546,-0.10614894
10.922,0.42933711,0.017106904
10.923,0.406571,0.13908048
10.924,0.34981975,0.24957941
10.925,0.26372078,0.3393158
10.926,0.1554001,0.40069324
10.927,0.03389135,0.42845908
10.928,-0.09061414,0.42016146
10.929,-0.20761381,0.37638196
10.93,-0.30718336,0.30070797
10.931,-0.38082293,0.19945057
10.932,-0.42218953,0.081129782
10.933,-0.42765465,-0.044235189
10.934,-0.39663398,-0.16596936
10.935,-0.33166057,-0.27365056
10.936,-0.23819129,-0.35800457
10.937,-0.12416004,-0.41171071
10.938,0.00068653683,-0.43004659
10.939,0.12561633,-0.41131532
10.94,0.23983213,-0.35701492
10.941,0.33340672,-0.27173245
10.942,0.39815107,-0.16276906
10.943,0.42834029,-0.039525207
10.944,0.42123082,0.087303482
10.945,0.3773227,0.20665088
10.946,0.30033988,0.30804655
10.947,0.19692764,0.38253877
10.948,0.076090038,0.42349297
10.949,-0.051585771,0.42719364
10.95,-0.17485255,0.39319393
10.951,-0.28279319,0.32437962
10.952,-0.36579102,0.22673792
10.953,-0.41639411,0.10884875
10.954,-0.42999446,-0.018860195
10.955,-0.40526038,-0.14503005
10.956,-0.34427968,-0.25837934
10.957,-0.25239789,-0.34871525
10.958,-0.13776237,-0.40785676
10.959,-0.010610112,-0.43038541
10.96,0.11763976,-0.41415408
10.961,0.23540884,-0.36050507
10.962,0.33200634,-0.27417418
10.963,0.39860541,-0.16288619
10.964,0.42905909,-0.036674395
10.965,0.42047974,0.093016274
10.966,0.37352657,0.21436349
10.967,0.29237103,0.31624597
10.968,0.1843404,0.38926789
10.969,0.059267741,0.42663416
10.97,-0.071394637,0.42479482
10.971,-0.19561942,0.3837958
10.972,-0.30191138,0.3073011
10.973,-0.38037568,0.2022796
10.974,-0.42364737,0.078382447
10.975,-0.42759442,-0.05293468
10.976,-0.39172602,-0.17946567
10.977,-0.31926468,-0.28938785
10.978,-0.21687166,-0.37237072
10.979,-0.094047561,-0.42055473
10.98,0.037739664,-0.4293074
10.981,0.16611955,-0.39768225
10.982,0.27897912,-0.32853502
10.983,0.36560944,-0.22828066
10.984,0.41772938,-0.10631173
10.985,0.4302887,0.025871364
10.986,0.40197122,0.15573849
10.987,0.33534694,0.27091587
10.988,0.23665442,0.36036825
10.989,0.11523043,0.41546375
10.99,-0.017362686,0.43081814
10.991,-0.14843138,0.40483493
10.992,-0.26536402,0.33988613
10.993,-0.35684744,0.24211156
10.994,-0.41396892,0.12085248
10.995,-0.43109566,-0.01222978
10.996,-0.40644452,-0.14426826
10.997,-0.34228235,-0.26243222
10.998,-0.24473406,-0.35517672
10.999,-0.12321216,-0.41337797
11,0.01047996,-0.43124253
11,0.01047996,-0.43124253
11.001,0.14322093,-0.40692264
11.002,0.2619575,-0.3427715
11.003,0.35506889,-0.24506156
11.004,0.4134391,-0.12335212
11.005,0.43135113,0.010453982
11.006,0.40704235,0.14326873
11.007,0.34287789,0.26209718
11.008,0.24512105,0.35530797
11.009,0.12332254,0.41377082
11.01,-0.010611734,0.43175003
11.011,-0.14358364,0.40746653
11.012,-0.26258272,0.34327382
11.013,-0.35595825,0.24542983
11.014,-0.41455904,0.12348741
11.015,-0.43262982,-0.010637977
11.016,-0.40837592,-0.14383188
11.017,-0.34414139,-0.26306251
11.018,-0.24618243,-0.35665524
11.019,-0.12405831,-0.41543522
11.02,0.010301339,-0.43362647
11.021,0.14376152,-0.40941915
11.022,0.2632657,-0.34514952
11.023,0.35711306,-0.24707444
11.024,0.4161039,-0.12476233
11.025,0.43444151,0.0098404353
11.026,0.41030172,0.14357628
11.027,0.34601435,0.26336271
11.028,0.24783847,0.35747218
11.029,0.12535293,0.41668049
11.03,-0.0094782552,0.43517098
11.031,-0.1434747,0.41110626
11.032,-0.26352829,0.34681091
11.033,-0.35788578,0.24854685
11.034,-0.41729975,0.12590374
11.035,-0.43593517,-0.0091372225
11.036,-0.41194272,-0.14337388
11.037,-0.34764254,-0.26367411
11.038,-0.24929979,-0.35826093
11.039,-0.12651439,-0.41786581
11.04,0.0087164985,-0.43663722
11.041,0.1431708,-0.41271544
11.042,0.26369482,-0.34841684
11.043,0.35849041,-0.25000989
11.044,0.41827053,-0.12710375
11.045,0.43716925,0.0082901213
11.046,0.41331792,0.14293219
11.047,0.34903002,0.26365
11.048,0.25057682,0.35862726
11.049,0.12757565,0.41856101
11.05,-0.0079498496,0.43757331
11.051,-0.14274541,0.41378796
11.052,-0.26362276,0.349516
11.053,-0.35875049,0.25103116
11.054,-0.41881251,0.12795746
11.055,-0.43792087,-0.007671427
11.056,-0.41419321,-0.14258917
11.057,-0.34993857,-0.26359469
11.058,-0.25143251,-0.35884434
11.059,-0.12830439,-0.41901144
11.06,0.0074042478,-0.43820003
11.061,0.14241755,-0.4145228
11.062,0.26352438,-0.35028693
11.063,0.35887152,-0.25176942
11.064,0.41912407,-0.12860359
11.065,0.43837968,0.0071630478
11.066,0.41474715,0.14224744
11.067,0.3505322,0.26343089
11.068,0.25201267,0.35885295
11.069,0.12882462,0.41917247
11.07,-0.0069801183,0.43848231
11.071,-0.14211336,0.41488826
11.072,-0.26335093,0.35069469
11.073,-0.35882717,0.25217977
11.074,-0.41919637,0.12898147
11.075,-0.43854791,-0.0068456344
11.076,-0.41498515,-0.14200985
11.077,-0.35081142,-0.26328334
11.078,-0.25230488,-0.35879683
11.079,-0.12910436,-0.41920146
11.08,0.0067338082,-0.43858418
11.081,0.14191586,-0.41504651
11.082,0.26321161,-0.35089079
11.083,0.35874957,-0.25239491
11.084,0.41917881,-0.12919806
11.085,0.43858454,0.0066427337
11.086,0.41506708,0.14183258
11.087,0.35092786,0.26314005
11.088,0.25244427,0.35869241
11.089,0.1292554,0.41913754
11.09,-0.0065816143,0.43855959
11.091,-0.14177157,0.41505793
11.092,-0.26308259,0.35093322
11.093,-0.35864142,0.25246233
11.094,-0.41909531,0.12928383
11.095,-0.43852785,-0.0065454352
11.096,-0.41503772,-0.14173046
11.097,-0.35092503,-0.2630395
11.098,-0.25246593,-0.35859916
11.099,-0.12929836,-0.41905668
11.1,0.0065213949,-0.43849528
11.101,0.14169888,-0.41501325
11.102,0.26300278,-0.35091013
11.103,0.35856,-0.2524614
11.104,0.41901785,-0.12930439
11.105,0.43845952,0.0065054307
11.106,0.41498306,0.14167428
11.107,0.35088751,0.26297143
11.108,0.25244781,0.35852429
11.109,0.1293005,0.41898045
11.11,-0.0064996425,0.43842316
11.111,-0.14165962,0.41495025
11.112,-0.26294941,0.35086051
11.113,-0.35849687,0.25242829
11.114,-0.41895005,0.12928948
11.115,-0.43839225,-0.0065019019
11.116,-0.41492131,-0.14165357
11.117,-0.35083565,-0.26293612
11.118,-0.25240922,-0.35847804
11.119,-0.12927729,-0.41892761
11.12,0.006506749,-0.43836841
11.121,0.14165126,-0.41489822
11.122,0.26292744,-0.35081524
11.123,0.35846424,-0.25239301
11.124,0.41891032,-0.12926635
11.125,0.4383494,0.0065118978
11.126,0.41487923,0.14165065
11.127,0.35079786,0.26292157
11.128,0.25237855,0.35845408
11.129,0.12925576,0.41889706
11.13,-0.0065181288,0.43833438
11.131,-0.14165245,0.4148638
11.132,-0.26291928,0.35078329
11.133,-0.35844833,0.25236589
11.134,-0.41888869,0.12924571
11.135,-0.43832436,-0.006525123
11.136,-0.41485313,-0.14165628
11.137,-0.35077286,-0.26292011
11.138,-0.25235644,-0.35844654
11.139,-0.1292378,-0.41888484
11.14,0.0065311543,-0.43831909
11.141,0.14166029,-0.41484708
11.142,0.2629222,-0.3507666
11.143,0.35844687,-0.25235048
11.144,0.41888371,-0.12923251
11.145,0.43831685,0.0065355268
11.146,0.4148441,0.14166364
11.147,0.35076317,0.26292449
11.148,0.2523469,0.35844815
11.149,0.12922898,0.41888413
11.15,-0.0065388689,0.43831649
11.151,-0.14166668,0.41484311
11.152,-0.26292717,0.35076165
11.153,-0.35845047,0.25234494
11.154,-0.41888601,0.12922664
11.155,-0.43831789,-0.0065415143
11.156,-0.41484398,-0.14166957
11.157,-0.35076195,-0.26293021
11.158,-0.25234461,-0.35845354
11.159,-0.12922566,-0.41888899
11.16,0.006543159,-0.43832067
11.161,0.14167182,-0.41484633
11.162,0.26293299,-0.35076374
11.163,0.3584567,-0.25234568
11.164,0.41889235,-0.12922592
11.165,0.43832397,0.0065437383
11.166,0.41484937,0.14167325
11.167,0.35076627,0.26293516
11.168,0.25234753,0.35845944
11.169,0.12922691,0.41889548
11.17,-0.0065436829,0.43832722
11.171,-0.14167412,0.4148525
11.172,-0.26293689,0.35076901
11.173,-0.35846189,0.25234962
11.174,-0.4188984,0.1292282
11.175,-0.43833038,-0.0065433094
11.176,-0.4148556,-0.14167468
11.177,-0.35077178,-0.26293832
11.178,-0.25235185,-0.35846403
11.179,-0.12922971,-0.41890109
11.18,0.0065426393,-0.43833333
11.181,0.14167488,-0.41485858
11.182,0.26293933,-0.35077456
11.183,0.35846576,-0.25235415
11.184,0.41890335,-0.12923138
11.185,0.4383359,0.006541701
11.186,0.4148612,0.14167471
11.187,0.35077703,0.2629399
11.188,0.25235626,0.35846698
11.189,0.129233,0.41890505
11.19,-0.0065406933,0.43833792
11.191,-0.14167435,0.41486335
11.192,-0.26294017,0.35077909
11.193,-0.35846782,0.25235808
11.194,-0.4189063,0.12923442
11.195,-0.43833947,-0.0065397536
11.196,-0.41486502,-0.14167394
11.197,-0.35078073,-0.26294026
11.198,-0.25235957,-0.35846835
11.199,-0.12923563,-0.4189072
11.2,0.0065388964,-0.43834063
11.201,0.14167348,-0.41486633
11.202,0.2629402,-0.35078204
11.203,0.35846862,-0.25236079
11.204,0.41890779,-0.12923665
11.205,0.43834144,0.0065381131
11.206,0.41486725,0.14167297
11.207,0.35078299,0.26293999
11.208,0.25236169,0.35846868
11.209,0.12923746,0.41890806
11.21,-0.006537457,0.43834189
11.211,-0.14167249,0.41486782
11.212,-0.26293969,0.35078362
11.213,-0.35846859,0.25236231
11.214,-0.41890812,0.12923805
11.215,-0.43834209,-0.0065369466
11.216,-0.41486812,-0.14167209
11.217,-0.350784,-0.26293939
11.218,-0.25236273,-0.35846841
11.219,-0.12923846,-0.41890806
11.22,0.0065365634,-0.43834212
11.221,0.14167175,-0.41486824
11.222,0.2629391,-0.35078418
11.223,0.35846817,-0.25236297
11.224,0.41890791,-0.12923872
11.225,0.43834203,0.0065362779
11.226,0.41486821,0.14167145
11.227,0.35078421,0.26293883
11.228,0.25236306,0.35846791
11.229,0.12923886,0.41890767
11.23,-0.0065360949,0.43834183
11.231,-0.14167123,0.41486806
11.232,-0.26293859,0.35078412
11.233,-0.35846767,0.25236303
11.234,-0.41890743,0.1292389
11.235,-0.43834162,-0.0065359944
11.236,-0.41486788,-0.14167108
11.237,-0.35078397,-0.26293838
11.238,-0.25236294,-0.35846743
11.239,-0.12923889,-0.4189072
11.24,0.0065359501,-0.43834138
11.241,0.14167097,-0.41486764
11.242,0.26293823,-0.3507838
11.243,0.35846722,-0.25236282
11.244,0.41890696,-0.12923883
11.245,0.43834114,0.0065359445
11.246,0.41486743,0.1416709
11.247,0.35078362,0.26293811
11.248,0.25236267,0.35846707
11.249,0.12923874,0.41890675
11.25,-0.0065359762,0.43834093
11.251,-0.14167087,0.41486722
11.252,-0.26293802,0.35078344
11.253,-0.35846692,0.25236252
11.254,-0.4189066,0.12923862
11.255,-0.43834075,-0.0065360297
11.256,-0.41486704,-0.14167088
11.257,-0.35078329,-0.26293796
11.258,-0.2523624,-0.35846683
11.259,-0.12923853,-0.41890648
11.26,0.0065360847,-0.4383406
11.261,0.14167088,-0.41486689
11.262,0.26293793,-0.35078314
11.263,0.35846677,-0.25236228
11.264,0.41890639,-0.12923844
11.265,0.43834049,0.0065361373
11.266,0.41486681,0.1416709
11.267,0.35078302,0.26293793
11.268,0.25236219,0.35846674
11.269,0.12923837,0.4189063
11.27,-0.0065361946,0.43834043
11.271,-0.14167093,0.41486669
11.272,-0.26293793,0.35078293
11.273,-0.35846671,0.25236207
11.274,-0.41890627,0.12923829
11.275,-0.43834037,-0.0065362509
11.276,-0.41486663,-0.14167097
11.277,-0.35078287,-0.26293796
11.278,-0.25236204,-0.35846671
11.279,-0.12923825,-0.41890627
11.28,0.0065362896,-0.43834034
11.281,0.141671,-0.4148666
11.282,0.26293796,-0.35078284
11.283,0.35846671,-0.25236198
11.284,0.41890624,-0.1292382
11.285,0.43834034,0.0065363166
11.286,0.4148666,0.14167102
11.287,0.35078281,0.26293799
11.288,0.25236198,0.35846674
11.289,0.12923819,0.41890627
11.29,-0.0065363413,0.43834034
11.291,-0.14167105,0.41486657
11.292,-0.26293799,0.35078278
11.293,-0.35846674,0.25236195
11.294,-0.41890627,0.12923816
11.295,-0.43834034,-0.006536366
11.296,-0.4148666,-0.14167108
11.297,-0.35078281,-0.26293802
11.298,-0.25236195,-0.35846677
11.299,-0.12923816,-0.4189063
11.3,0.0065363753,-0.43834037
11.301,0.14167108,-0.4148666
11.302,0.26293805,-0.35078281
11.303,0.35846677,-0.25236195
11.304,0.4189063,-0.12923816
11.305,0.43834037,0.0065363743
11.306,0.41486663,0.14167109
11.307,0.35078284,0.26293805
11.308,0.25236198,0.3584668
11.309,0.12923817,0.41890633
11.31,-0.0065363743,0.4383404
11.311,-0.14167109,0.41486663
11.312,-0.26293805,0.35078284
11.313,-0.3584668,0.25236198
11.314,-0.41890633,0.12923816
11.315,-0.4383404,-0.0065363813
11.316,-0.41486666,-0.14167111
11.317,-0.35078284,-0.26293808
11.318,-0.25236198,-0.35846683
11.319,-0.12923817,-0.41890636
11.32,0.0065363771,-0.43834043
11.321,0.14167111,-0.41486666
11.322,0.26293808,-0.35078287
11.323,0.35846683,-0.25236201
11.324,0.41890636,-0.12923819
11.325,0.43834043,0.0065363673
11.326,0.41486669,0.14167109
11.327,0.3507829,0.26293808
11.328,0.25236201,0.35846686
11.329,0.1292382,0.41890639
11.33,-0.006536359,0.43834046
11.331,-0.14167109,0.41486669
11.332,-0.26293808,0.3507829
11.333,-0.35846683,0.25236201
11.334,-0.41890639,0.1292382
11.335,-0.43834046,-0.0065363627
11.336,-0.41486669,-0.14167109
11.337,-0.3507829,-0.26293808
11.338,-0.25236204,-0.35846686
11.339,-0.1292382,-0.41890639
11.34,0.006536359,-0.43834046
11.341,0.14167109,-0.41486672
11.342,0.26293808,-0.3507829
11.343,0.35846686,-0.25236204
11.344,0.41890639,-0.12923822
11.345,0.43834046,0.0065363501
11.346,0.41486672,0.14167109
11.347,0.35078293,0.26293808
11.348,0.25236204,0.35846686
11.349,0.12923822,0.41890639
11.35,-0.0065363422,0.43834046
11.351,-0.14167109,0.41486672
11.352,-0.26293808,0.35078293
11.353,-0.35846683,0.25236204
11.354,-0.41890639,0.12923822
11.355,-0.43834046,-0.0065363473
11.356,-0.41486672,-0.14167109
11.357,-0.3507829,-0.26293808
11.358,-0.25236204,-0.35846686
11.359,-0.12923822,-0.41890639
11.36,0.0065363478,-0.43834046
11.361,0.14167109,-0.41486672
11.362,0.26293808,-0.35078293
11.363,0.35846686,-0.25236204
11.364,0.41890639,-0.12923822
11.365,0.43834046,0.0065363427
11.366,0.41486672,0.14167108
11.367,0.35078293,0.26293808
11.368,0.25236204,0.35846686
11.369,0.12923823,0.41890639
11.37,-0.0065363357,0.43834046
11.371,-0.14167108,0.41486672
11.372,-0.26293805,0.35078293
11.373,-0.35846683,0.25236204
11.374,-0.41890639,0.12923822
11.375,-0.43834046,-0.0065363417
11.376,-0.41486672,-0.14167108
11.377,-0.3507829,-0.26293805
11.378,-0.25236204,-0.35846683
11.379,-0.12923822,-0.41890639
11.38,0.006536345,-0.43834046
11.381,0.14167109,-0.41486672
11.382,0.26293808,-0.35078293
11.383,0.35846686,-0.25236204
11.384,0.41890639,-0.12923822
11.385,0.43834046,0.0065363422
11.386,0.41486672,0.14167108
11.387,0.35078293,0.26293808
11.388,0.25236204,0.35846683
11.389,0.12923823,0.41890639
11.39,-0.0065363357,0.43834046
11.391,-0.14167108,0.41486672
11.392,-0.26293805,0.35078293
11.393,-0.35846683,0.25236204
11.394,-0.41890639,0.12923822
11.395,-0.43834046,-0.0065363413
11.396,-0.41486669,-0.14167108
11.397,-0.3507829,-0.26293805
11.398,-0.25236204,-0.35846683
11.399,-0.12923822,-0.41890639
11.4,0.0065363459,-0.43834046
11.401,0.14167109,-0.41486672
11.402,0.26293808,-0.3507829
11.403,0.35846683,-0.25236204
11.404,0.41890639,-0.12923822
11.405,0.43834046,0.0065363445
11.406,0.41486672,0.14167108
11.407,0.3507829,0.26293808
11.408,0.25236204,0.35846683
11.409,0.12923822,0.41890639
11.41,-0.006536338,0.43834046
11.411,-0.14167108,0.41486672
11.412,-0.26293805,0.35078293
11.413,-0.35846683,0.25236204
11.414,-0.41890639,0.12923822
11.415,-0.43834046,-0.0065363413
11.416,-0.41486669,-0.14167108
11.417,-0.3507829,-0.26293805
11.418,-0.25236204,-0.35846683
11.419,-0.12923822,-0.41890639
11.42,0.0065363469,-0.43834046
11.421,0.14167109,-0.41486672
11.422,0.26293808,-0.3507829
11.423,0.35846683,-0.25236204
11.424,0.41890639,-0.12923822
11.425,0.43834046,0.0065363464
11.426,0.41486672,0.14167109
11.427,0.3507829,0.26293808
11.428,0.25236204,0.35846683
11.429,0.12923822,0.41890639
11.43,-0.0065363403,0.43834046
11.431,-0.14167108,0.41486672
11.432,-0.26293808,0.35078293
11.433,-0.35846683,0.25236204
11.434,-0.41890639,0.12923822
11.435,-0.43834046,-0.0065363408
11.436,-0.41486669,-0.14167108
11.437,-0.3507829,-0.26293805
11.438,-0.25236204,-0.35846683
11.439,-0.12923822,-0.41890639
11.44,0.0065363473,-0.43834046
11.441,0.14167109,-0.41486672
11.442,0.26293808,-0.3507829
11.443,0.35846683,-0.25236204
11.444,0.41890639,-0.12923822
11.445,0.43834046,0.0065363473
11.446,0.41486672,0.14167109
11.447,0.3507829,0.26293808
11.448,0.25236204,0.35846683
11.449,0.12923822,0.41890639
11.45,-0.0065363417,0.43834046
11.451,-0.14167108,0.41486672
11.452,-0.26293808,0.35078293
11.453,-0.35846683,0.25236204
11.454,-0.41890639,0.12923822
11.455,-0.43834046,-0.0065363399
11.456,-0.41486672,-0.14167108
11.457,-0.3507829,-0.26293805
11.458,-0.25236204,-0.35846683
11.459,-0.12923822,-0.41890639
11.46,0.0065363464,-0.43834046
11.461,0.14167109,-0.41486672
11.462,0.26293808,-0.3507829
11.463,0.35846683,-0.25236204
11.464,0.41890639,-0.12923822
11.465,0.43834046,0.0065363478
11.466,0.41486672,0.14167109
11.467,0.3507829,0.26293808
11.468,0.25236204,0.35846683
11.469,0.12923822,0.41890639
11.47,-0.0065363431,0.43834046
11.471,-0.14167108,0.41486672
11.472,-0.26293808,0.35078293
11.473,-0.35846683,0.25236204
11.474,-0.41890639,0.12923822
11.475,-0.43834046,-0.0065363394
11.476,-0.41486672,-0.14167108
11.477,-0.3507829,-0.26293805
11.478,-0.25236204,-0.35846683
11.479,-0.12923822,-0.41890639
11.48,0.0065363455,-0.43834046
11.481,0.14167108,-0.41486669
11.482,0.26293808,-0.3507829
11.483,0.35846683,-0.25236204
11.484,0.41890639,-0.12923822
11.485,0.43834046,0.0065363473
11.486,0.41486672,0.14167109
11.487,0.3507829,0.26293808
11.488,0.25236204,0.35846683
11.489,0.12923822,0.41890639
11.49,-0.0065363445,0.43834046
11.491,-0.14167108,0.41486672
11.492,-0.26293808,0.35078293
11.493,-0.35846686,0.25236204
11.494,-0.41890639,0.12923822
11.495,-0.43834046,-0.0065363389
11.496,-0.41486672,-0.14167108
11.497,-0.3507829,-0.26293805
11.498,-0.25236204,-0.35846683
11.499,-0.12923822,-0.41890639
11.5,0.0065363441,-0.43834046
11.501,0.14167108,-0.41486669
11.502,0.26293808,-0.3507829
11.503,0.35846683,-0.25236204
11.504,0.41890639,-0.12923822
11.505,0.43834046,0.0065363473
11.506,0.41486672,0.14167109
11.507,0.3507829,0.26293808
11.508,0.25236204,0.35846683
11.509,0.12923822,0.41890639
11.51,-0.0065363455,0.43834046
11.511,-0.14167108,0.41486672
11.512,-0.26293808,0.3507829
11.513,-0.35846686,0.25236204
11.514,-0.41890639,0.12923822
11.515,-0.43834046,-0.0065363389
11.516,-0.41486672,-0.14167108
11.517,-0.3507829,-0.26293805
11.518,-0.25236204,-0.35846683
11.519,-0.12923822,-0.41890639
11.52,0.0065363427,-0.43834046
11.521,0.14167108,-0.41486669
11.522,0.26293805,-0.3507829
11.523,0.35846683,-0.25236204
11.524,0.41890639,-0.12923822
11.525,0.43834046,0.0065363464
11.526,0.41486672,0.14167109
11.527,0.3507829,0.26293808
11.528,0.25236204,0.35846683
11.529,0.12923822,0.41890639
11.53,-0.0065363464,0.43834046
11.531,-0.14167109,0.41486672
11.532,-0.26293808,0.3507829
11.533,-0.35846683,0.25236204
11.534,-0.41890639,0.12923822
11.535,-0.43834046,-0.0065363394
11.536,-0.41486672,-0.14167108
11.537,-0.35078293,-0.26293805
11.538,-0.25236204,-0.35846683
11.539,-0.12923822,-0.41890639
11.54,0.0065363417,-0.43834046
11.541,0.14167108,-0.41486669
11.542,0.26293805,-0.3507829
11.543,0.35846683,-0.25236204
11.544,0.41890639,-0.12923822
11.545,0.43834046,0.0065363459
11.546,0.41486672,0.14167109
11.547,0.3507829,0.26293808
11.548,0.25236204,0.35846683
11.549,0.12923822,0.41890639
11.55,-0.0065363473,0.43834046
11.551,-0.14167109,0.41486672
11.552,-0.26293808,0.3507829
11.553,-0.35846683,0.25236204
11.554,-0.41890639,0.12923822
11.555,-0.43834046,-0.0065363399
11.556,-0.41486672,-0.14167108
11.557,-0.35078293,-0.26293808
11.558,-0.25236204,-0.35846683
11.559,-0.12923822,-0.41890639
11.56,0.0065363403,-0.43834046
11.561,0.14167108,-0.41486669
11.562,0.26293805,-0.3507829
11.563,0.35846683,-0.25236204
11.564,0.41890639,-0.12923822
11.565,0.43834046,0.0065363445
11.566,0.41486672,0.14167109
11.567,0.3507829,0.26293808
11.568,0.25236204,0.35846683
11.569,0.12923822,0.41890639
11.57,-0.0065363478,0.43834046
11.571,-0.14167109,0.41486672
11.572,-0.26293808,0.3507829
11.573,-0.35846683,0.25236204
11.574,-0.41890639,0.12923822
11.575,-0.43834046,-0.0065363408
11.576,-0.41486672,-0.14167108
11.577,-0.35078293,-0.26293808
11.578,-0.25236204,-0.35846683
11.579,-0.12923822,-0.41890639
11.58,0.0065363394,-0.43834046
11.581,0.14167108,-0.41486672
11.582,0.26293805,-0.3507829
11.583,0.35846683,-0.25236204
11.584,0.41890639,-0.12923822
11.585,0.43834046,0.0065363441
11.586,0.41486672,0.14167109
11.587,0.3507829,0.26293808
11.588,0.25236204,0.35846683
11.589,0.12923822,0.41890639
11.59,-0.0065363483,0.43834046
11.591,-0.14167109,0.41486672
11.592,-0.26293808,0.3507829
11.593,-0.35846683,0.25236204
11.594,-0.41890639,0.12923822
11.595,-0.43834046,-0.0065363427
11.596,-0.41486672,-0.14167108
11.597,-0.35078293,-0.26293808
11.598,-0.25236204,-0.35846683
11.599,-0.12923822,-0.41890639
11.6,0.0065363389,-0.43834046
11.601,0.14167108,-0.41486672
11.602,0.26293805,-0.3507829
11.603,0.35846683,-0.25236204
11.604,0.41890639,-0.12923822
11.605,0.43834046,0.0065363436
11.606,0.41486672,0.14167108
11.607,0.3507829,0.26293808
11.608,0.25236204,0.35846683
11.609,0.12923822,0.41890639
11.61,-0.0065363478,0.43834046
11.611,-0.14167109,0.41486672
11.612,-0.26293808,0.3507829
11.613,-0.35846683,0.25236204
11.614,-0.41890639,0.12923822
11.615,-0.43834046,-0.0065363441
11.616,-0.41486672,-0.14167109
11.617,-0.35078293,-0.26293808
11.618,-0.25236204,-0.35846686
11.619,-0.12923822,-0.41890639
11.62,0.0065363385,-0.43834046
11.621,0.14167108,-0.41486672
11.622,0.26293805,-0.3507829
11.623,0.35846683,-0.25236204
11.624,0.41890639,-0.12923822
11.625,0.43834046,0.0065363427
11.626,0.41486672,0.14167108
11.627,0.3507829,0.26293808
11.628,0.25236204,0.35846683
11.629,0.12923822,0.41890639
11.63,-0.0065363478,0.43834046
11.631,-0.14167109,0.41486672
11.632,-0.26293808,0.3507829
11.633,-0.35846683,0.25236204
11.634,-0.41890639,0.12923822
11.635,-0.43834046,-0.0065363455
11.636,-0.41486672,-0.14167109
11.637,-0.35078293,-0.26293808
11.638,-0.25236204,-0.35846686
11.639,-0.12923822,-0.41890639
11.64,0.0065363385,-0.43834046
11.641,0.14167108,-0.41486672
11.642,0.26293805,-0.3507829
11.643,0.35846683,-0.25236204
11.644,0.41890639,-0.12923822
11.645,0.43834046,0.0065363417
11.646,0.41486672,0.14167108
11.647,0.3507829,0.26293808
11.648,0.25236204,0.35846683
11.649,0.12923822,0.41890639
11.65,-0.0065363469,0.43834046
11.651,-0.14167109,0.41486672
11.652,-0.26293808,0.3507829
11.653,-0.35846683,0.25236204
11.654,-0.41890639,0.12923822
11.655,-0.43834046,-0.0065363469
11.656,-0.41486672,-0.14167109
11.657,-0.35078293,-0.26293808
11.658,-0.25236204,-0.35846686
11.659,-0.12923822,-0.41890639
11.66,0.0065363389,-0.43834046
11.661,0.14167108,-0.41486672
11.662,0.26293805,-0.3507829
11.663,0.35846683,-0.25236204
11.664,0.41890639,-0.12923822
11.665,0.43834046,0.0065363408
11.666,0.41486669,0.14167108
11.667,0.3507829,0.26293805
11.668,0.25236204,0.35846683
11.669,0.12923822,0.41890639
11.67,-0.0065363464,0.43834046
11.671,-0.14167109,0.41486672
11.672,-0.26293808,0.3507829
11.673,-0.35846683,0.25236204
11.674,-0.41890639,0.12923822
11.675,-0.43834046,-0.0065363478
11.676,-0.41486672,-0.14167109
11.677,-0.35078293,-0.26293808
11.678,-0.25236204,-0.35846686
11.679,-0.12923822,-0.41890639
11.68,0.0065363394,-0.43834046
11.681,0.14167108,-0.41486672
11.682,0.26293805,-0.35078293
11.683,0.35846683,-0.25236204
11.684,0.41890639,-0.12923822
11.685,0.43834046,0.0065363399
11.686,0.41486669,0.14167108
11.687,0.3507829,0.26293805
11.688,0.25236204,0.35846683
11.689,0.12923822,0.41890639
11.69,-0.006536345,0.43834046
11.691,-0.14167109,0.41486672
11.692,-0.26293808,0.3507829
11.693,-0.35846683,0.25236204
11.694,-0.41890639,0.12923822
11.695,-0.43834046,-0.0065363487
11.696,-0.41486672,-0.14167109
11.697,-0.3507829,-0.26293808
11.698,-0.25236204,-0.35846686
11.699,-0.12923822,-0.41890639
11.7,0.0065363399,-0.43834046
11.701,0.14167108,-0.41486672
11.702,0.26293808,-0.35078293
11.703,0.35846683,-0.25236204
11.704,0.41890639,-0.12923822
11.705,0.43834046,0.0065363389
11.706,0.41486672,0.14167108
11.707,0.3507829,0.26293805
11.708,0.25236204,0.35846683
11.709,0.12923822,0.41890639
11.71,-0.0065363441,0.43834046
11.711,-0.14167108,0.41486672
11.712,-0.26293808,0.3507829
11.713,-0.35846683,0.25236204
11.714,-0.41890639,0.12923822
11.715,-0.43834046,-0.0065363492
11.716,-0.41486672,-0.14167109
11.717,-0.3507829,-0.26293808
11.718,-0.25236204,-0.35846686
11.719,-0.12923822,-0.41890639
11.72,0.0065363413,-0.43834046
11.721,0.14167108,-0.41486672
11.722,0.26293808,-0.35078293
11.723,0.35846683,-0.25236204
11.724,0.41890639,-0.12923822
11.725,0.43834046,0.0065363385
11.726,0.41486672,0.14167108
11.727,0.3507829,0.26293805
11.728,0.25236204,0.35846683
11.729,0.12923822,0.41890639
11.73,-0.0065363427,0.43834046
11.731,-0.14167108,0.41486672
11.732,-0.26293808,0.3507829
11.733,-0.35846683,0.25236204
11.734,-0.41890639,0.12923822
11.735,-0.43834046,-0.0065363492
11.736,-0.41486672,-0.14167109
11.737,-0.3507829,-0.26293808
11.738,-0.25236204,-0.35846686
11.739,-0.12923822,-0.41890639
11.74,0.0065363422,-0.43834046
11.741,0.14167108,-0.41486672
11.742,0.26293808,-0.35078293
11.743,0.35846683,-0.25236204
11.744,0.41890639,-0.12923822
11.745,0.43834046,0.0065363385
11.746,0.41486672,0.14167108
11.747,0.3507829,0.26293805
11.748,0.25236204,0.35846683
11.749,0.12923822,0.41890639
11.75,-0.0065363417,0.43834046
11.751,-0.14167108,0.41486672
11.752,-0.26293808,0.3507829
11.753,-0.35846683,0.25236204
11.754,-0.41890639,0.12923822
11.755,-0.43834046,-0.0065363487
11.756,-0.41486669,-0.14167109
11.757,-0.3507829,-0.26293808
11.758,-0.25236204,-0.35846683
11.759,-0.12923822,-0.41890639
11.76,0.0065363436,-0.43834046
11.761,0.14167109,-0.41486672
11.762,0.26293808,-0.35078293
11.763,0.35846683,-0.25236204
11.764,0.41890639,-0.12923822
11.765,0.43834046,0.0065363385
11.766,0.41486672,0.14167108
11.767,0.3507829,0.26293805
11.768,0.25236204,0.35846683
11.769,0.12923822,0.41890639
11.77,-0.0065363413,0.43834046
11.771,-0.14167108,0.41486672
11.772,-0.26293808,0.3507829
11.773,-0.35846683,0.25236204
11.774,-0.41890639,0.12923822
11.775,-0.43834046,-0.0065363483
11.776,-0.41486669,-0.14167109
11.777,-0.3507829,-0.26293808
11.778,-0.25236204,-0.35846683
11.779,-0.12923822,-0.41890639
11.78,0.0065363455,-0.43834046
11.781,0.14167109,-0.41486672
11.782,0.26293808,-0.35078293
11.783,0.35846686,-0.25236204
11.784,0.41890639,-0.12923822
11.785,0.43834046,0.0065363385
11.786,0.41486672,0.14167108
11.787,0.3507829,0.26293805
11.788,0.25236204,0.35846683
11.789,0.12923822,0.41890639
11.79,-0.0065363408,0.43834046
11.791,-0.14167108,0.41486672
11.792,-0.26293808,0.3507829
11.793,-0.35846683,0.25236204
11.794,-0.41890639,0.12923822
11.795,-0.43834046,-0.0065363478
11.796,-0.41486669,-0.14167109
11.797,-0.3507829,-0.26293808
11.798,-0.25236204,-0.35846683
11.799,-0.12923822,-0.41890639
11.8,0.0065363473,-0.43834046
11.801,0.14167109,-0.41486672
11.802,0.26293808,-0.35078293
11.803,0.35846686,-0.25236204
11.804,0.41890639,-0.12923822
11.805,0.43834046,0.0065363394
11.806,0.41486672,0.14167108
11.807,0.3507829,0.26293805
11.808,0.25236204,0.35846683
11.809,0.12923822,0.41890639
11.81,-0.0065363403,0.43834046
11.811,-0.14167108,0.41486672
11.812,-0.26293805,0.3507829
11.813,-0.35846683,0.25236204
11.814,-0.41890639,0.12923822
11.815,-0.43834046,-0.0065363469
11.816,-0.41486669,-0.14167109
11.817,-0.3507829,-0.26293808
11.818,-0.25236204,-0.35846683
11.819,-0.12923822,-0.41890639
11.82,0.0065363483,-0.43834046
11.821,0.14167109,-0.41486672
11.822,0.26293808,-0.35078293
11.823,0.35846686,-0.25236204
11.824,0.41890639,-0.12923822
11.825,0.43834046,0.0065363399
11.826,0.41486672,0.14167108
11.827,0.3507829,0.26293805
11.828,0.25236204,0.35846683
11.829,0.12923822,0.41890639
11.83,-0.0065363399,0.43834046
11.831,-0.14167108,0.41486672
11.832,-0.26293805,0.3507829
11.833,-0.35846683,0.25236204
11.834,-0.41890639,0.12923822
11.835,-0.43834046,-0.0065363455
11.836,-0.41486669,-0.14167109
11.837,-0.3507829,-0.26293808
11.838,-0.25236204,-0.35846683
11.839,-0.12923822,-0.41890639
11.84,0.0065363492,-0.43834046
11.841,0.14167109,-0.41486672
11.842,0.26293808,-0.3507829
11.843,0.35846686,-0.25236204
11.844,0.41890639,-0.12923822
11.845,0.43834046,0.0065363413
11.846,0.41486672,0.14167108
11.847,0.35078293,0.26293805
11.848,0.25236204,0.35846683
11.849,0.12923822,0.41890639
11.85,-0.0065363394,0.43834046
11.851,-0.14167108,0.41486672
11.852,-0.26293805,0.3507829
11.853,-0.35846683,0.25236204
11.854,-0.41890639,0.12923822
11.855,-0.43834046,-0.0065363445
11.856,-0.41486669,-0.14167108
11.857,-0.3507829,-0.26293808
11.858,-0.25236204,-0.35846683
11.859,-0.12923822,-0.41890639
11.86,0.0065363492,-0.43834046
11.861,0.14167109,-0.41486672
11.862,0.26293808,-0.3507829
11.863,0.35846686,-0.25236204
11.864,0.41890639,-0.12923822
11.865,0.43834046,0.0065363422
11.866,0.41486672,0.14167108
11.867,0.35078293,0.26293808
11.868,0.25236204,0.35846683
11.869,0.12923822,0.41890639
11.87,-0.0065363394,0.43834046
11.871,-0.14167108,0.41486672
11.872,-0.26293805,0.3507829
11.873,-0.35846683,0.25236204
11.874,-0.41890639,0.12923822
11.875,-0.43834046,-0.0065363431
11.876,-0.41486672,-0.14167108
11.877,-0.3507829,-0.26293808
11.878,-0.25236204,-0.35846683
11.879,-0.12923822,-0.41890639
11.88,0.0065363492,-0.43834046
11.881,0.14167109,-0.41486669
11.882,0.26293808,-0.3507829
11.883,0.35846686,-0.25236204
11.884,0.41890639,-0.12923822
11.885,0.43834046,0.0065363431
11.886,0.41486672,0.14167108
11.887,0.35078293,0.26293808
11.888,0.25236204,0.35846683
11.889,0.12923822,0.41890639
11.89,-0.0065363394,0.43834046
11.891,-0.14167108,0.41486672
11.892,-0.26293805,0.3507829
11.893,-0.35846683,0.25236204
11.894,-0.41890639,0.12923822
11.895,-0.43834046,-0.0065363417
11.896,-0.41486672,-0.14167108
11.897,-0.3507829,-0.26293805
11.898,-0.25236204,-0.35846683
11.899,-0.12923822,-0.41890639
11.9,0.0065363487,-0.43834046
11.901,0.14167109,-0.41486669
11.902,0.26293808,-0.3507829
11.903,0.35846683,-0.25236204
11.904,0.41890639,-0.12923822
11.905,0.43834046,0.0065363441
11.906,0.41486672,0.14167109
11.907,0.35078293,0.26293808
11.908,0.25236204,0.35846683
11.909,0.12923822,0.41890639
11.91,-0.0065363399,0.43834046
11.911,-0.14167108,0.41486672
11.912,-0.26293805,0.3507829
11.913,-0.35846683,0.25236204
11.914,-0.41890639,0.12923822
11.915,-0.43834046,-0.0065363408
11.916,-0.41486672,-0.14167108
11.917,-0.3507829,-0.26293805
11.918,-0.25236204,-0.35846683
11.919,-0.12923822,-0.41890639
11.92,0.0065363483,-0.43834046
11.921,0.14167109,-0.41486669
11.922,0.26293808,-0.3507829
11.923,0.35846683,-0.25236204
11.924,0.41890639,-0.12923822
11.925,0.43834046,0.006536345
11.926,0.41486672,0.14167109
11.927,0.35078293,0.26293808
11.928,0.25236204,0.35846683
11.929,0.12923822,0.41890639
11.93,-0.0065363403,0.43834046
11.931,-0.14167108,0.41486672
11.932,-0.26293805,0.3507829
11.933,-0.35846683,0.25236204
11.934,-0.41890639,0.12923822
11.935,-0.43834046,-0.0065363399
11.936,-0.41486672,-0.14167108
11.937,-0.3507829,-0.26293805
11.938,-0.25236204,-0.35846683
11.939,-0.12923822,-0.41890639
11.94,0.0065363473,-0.43834046
11.941,0.14167109,-0.41486669
11.942,0.26293808,-0.3507829
11.943,0.35846683,-0.25236204
11.944,0.41890639,-0.12923822
11.945,0.43834046,0.0065363469
11.946,0.41486672,0.14167109
11.947,0.35078293,0.26293808
11.948,0.25236204,0.35846686
11.949,0.12923822,0.41890639
11.95,-0.0065363413,0.43834046
11.951,-0.14167108,0.41486672
11.952,-0.26293805,0.3507829
11.953,-0.35846683,0.25236204
11.954,-0.41890639,0.12923822
11.955,-0.43834046,-0.0065363399
11.956,-0.41486672,-0.14167108
11.957,-0.3507829,-0.26293805
11.958,-0.25236204,-0.35846683
11.959,-0.12923822,-0.41890639
11.96,0.0065363459,-0.43834046
11.961,0.14167108,-0.41486669
11.962,0.26293808,-0.3507829
11.963,0.35846683,-0.25236204
11.964,0.41890639,-0.12923822
11.965,0.43834046,0.0065363478
11.966,0.41486672,0.14167109
11.967,0.35078293,0.26293808
11.968,0.25236204,0.35846686
11.969,0.12923822,0.41890639
11.97,-0.0065363422,0.43834046
11.971,-0.14167108,0.41486672
11.972,-0.26293805,0.3507829
11.973,-0.35846683,0.25236204
11.974,-0.41890639,0.12923822
11.975,-0.43834046,-0.0065363399
11.976,-0.41486672,-0.14167108
11.977,-0.3507829,-0.26293805
11.978,-0.25236204,-0.35846683
11.979,-0.12923822,-0.41890639
11.98,0.0065363445,-0.43834046
11.981,0.14167108,-0.41486669
11.982,0.26293805,-0.3507829
11.983,0.35846683,-0.25236204
11.984,0.41890639,-0.12923822
11.985,0.43834046,0.0065363483
11.986,0.41486672,0.14167109
11.987,0.35078293,0.26293808
11.988,0.25236204,0.35846686
11.989,0.12923822,0.41890639
11.99,-0.0065363431,0.43834046
11.991,-0.14167108,0.41486672
11.992,-0.26293808,0.3507829
11.993,-0.35846683,0.25236204
11.994,-0.41890639,0.12923822
11.995,-0.43834046,-0.0065363403
11.996,-0.41486672,-0.14167108
11.997,-0.35078293,-0.26293808
11.998,-0.25236204,-0.35846683
11.999,-0.12923822,-0.41890639
12,0.0065363431,-0.43834046
12.001,0.14167108,-0.41486669
12.002,0.26293805,-0.3507829
12.003,0.35846683,-0.25236204
12.004,0.41890639,-0.12923822
12.005,0.43834046,0.0065363487
12.006,0.41486672,0.14167109
12.007,0.3507829,0.26293808
12.008,0.25236204,0.35846686
12.009,0.12923822,0.41890639
12.01,-0.0065363441,0.43834046
12.011,-0.14167108,0.41486672
12.012,-0.26293808,0.3507829
12.013,-0.35846683,0.25236204
12.014,-0.41890639,0.12923822
12.015,-0.43834046,-0.0065363403
12.016,-0.41486672,-0.14167108
12.017,-0.3507829,-0.26293805
12.018,-0.25236204,-0.35846683
12.019,-0.12923822,-0.41890639
12.02,0.0065363417,-0.43834046
12.021,0.14167108,-0.41486672
12.022,0.26293805,-0.3507829
12.023,0.35846683,-0.25236204
12.024,0.41890639,-0.12923822
12.025,0.43834046,0.0065363483
12.026,0.41486669,0.14167109
12.027,0.3507829,0.26293808
12.028,0.25236204,0.35846686
12.029,0.12923822,0.41890639
12.03,-0.006536345,0.43834046
12.031,-0.14167109,0.41486672
12.032,-0.26293808,0.3507829
12.033,-0.35846683,0.25236204
12.034,-0.41890639,0.12923822
12.035,-0.43834046,-0.0065363408
12.036,-0.41486672,-0.14167108
12.037,-0.3507829,-0.26293805
12.038,-0.25236204,-0.35846683
12.039,-0.12923822,-0.41890639
12.04,0.0065363403,-0.43834046
12.041,0.14167108,-0.41486672
12.042,0.26293805,-0.3507829
12.043,0.35846683,-0.25236204
12.044,0.41890639,-0.12923822
12.045,0.43834046,0.0065363478
12.046,0.41486669,0.14167109
12.047,0.3507829,0.26293808
12.048,0.25236204,0.35846686
12.049,0.12923822,0.41890639
12.05,-0.0065363455,0.43834046
12.051,-0.14167109,0.41486672
12.052,-0.26293808,0.3507829
12.053,-0.35846683,0.25236204
12.054,-0.41890639,0.12923822
12.055,-0.43834046,-0.0065363413
12.056,-0.41486672,-0.14167108
12.057,-0.3507829,-0.26293805
12.058,-0.25236204,-0.35846683
12.059,-0.12923822,-0.41890639
12.06,0.0065363394,-0.43834046
12.061,0.14167108,-0.41486672
12.062,0.26293805,-0.3507829
12.063,0.35846683,-0.25236204
12.064,0.41890639,-0.12923822
12.065,0.43834046,0.0065363469
12.066,0.41486669,0.14167108
12.067,0.3507829,0.26293808
12.068,0.25236204,0.35846683
12.069,0.12923822,0.41890639
12.07,-0.0065363464,0.43834046
12.071,-0.14167109,0.41486672
12.072,-0.26293808,0.3507829
12.073,-0.35846683,0.25236204
12.074,-0.41890639,0.12923822
12.075,-0.43834046,-0.0065363422
12.076,-0.41486672,-0.14167108
12.077,-0.3507829,-0.26293805
12.078,-0.25236204,-0.35846683
12.079,-0.12923822,-0.41890639
12.08,0.0065363385,-0.43834046
12.081,0.14167108,-0.41486672
12.082,0.26293805,-0.3507829
12.083,0.35846683,-0.25236204
12.084,0.41890639,-0.12923822
12.085,0.43834046,0.0065363455
12.086,0.41486669,0.14167108
12.087,0.3507829,0.26293808
12.088,0.25236204,0.35846683
12.089,0.12923822,0.41890639
12.09,-0.0065363469,0.43834046
12.091,-0.14167109,0.41486672
12.092,-0.26293808,0.3507829
12.093,-0.35846686,0.25236204
12.094,-0.41890639,0.12923822
12.095,-0.43834046,-0.0065363431
12.096,-0.41486672,-0.14167108
12.097,-0.3507829,-0.26293805
12.098,-0.25236204,-0.35846683
12.099,-0.12923822,-0.41890639
12.1,0.0065363375,-0.43834046
12.101,0.14167108,-0.41486672
12.102,0.26293805,-0.3507829
12.103,0.35846683,-0.25236204
12.104,0.41890639,-0.12923822
12.105,0.43834046,0.0065363441
12.106,0.41486669,0.14167108
12.107,0.3507829,0.26293805
12.108,0.25236204,0.35846683
12.109,0.12923822,0.41890639
12.11,-0.0065363473,0.43834046
12.111,-0.14167109,0.41486672
12.112,-0.26293808,0.3507829
12.113,-0.35846686,0.25236204
12.114,-0.41890639,0.12923822
12.115,-0.43834046,-0.0065363441
12.116,-0.41486672,-0.14167108
12.117,-0.3507829,-0.26293808
12.118,-0.25236204,-0.35846683
12.119,-0.12923822,-0.41890639
12.12,0.0065363385,-0.43834046
12.121,0.14167108,-0.41486672
12.122,0.26293805,-0.35078293
12.123,0.35846683,-0.25236204
12.124,0.41890639,-0.12923822
12.125,0.43834046,0.0065363427
12.126,0.41486669,0.14167108
12.127,0.3507829,0.26293805
12.128,0.25236204,0.35846683
12.129,0.12923822,0.41890639
12.13,-0.0065363478,0.43834046
12.131,-0.14167109,0.41486672
12.132,-0.26293808,0.3507829
12.133,-0.35846686,0.25236204
12.134,-0.41890639,0.12923822
12.135,-0.43834046,-0.006536345
12.136,-0.41486672,-0.14167108
12.137,-0.3507829,-0.26293808
12.138,-0.25236204,-0.35846683
12.139,-0.12923822,-0.41890639
12.14,0.0065363389,-0.43834046
12.141,0.14167108,-0.41486672
12.142,0.26293805,-0.35078293
12.143,0.35846683,-0.25236204
12.144,0.41890639,-0.12923822
12.145,0.43834046,0.0065363413
12.146,0.41486669,0.14167108
12.147,0.3507829,0.26293805
12.148,0.25236204,0.35846683
12.149,0.12923822,0.41890639
12.15,-0.0065363478,0.43834046
12.151,-0.14167109,0.41486672
12.152,-0.26293808,0.3507829
12.153,-0.35846686,0.25236204
12.154,-0.41890639,0.12923822
12.155,-0.43834046,-0.0065363455
12.156,-0.41486672,-0.14167109
12.157,-0.3507829,-0.26293808
12.158,-0.25236204,-0.35846683
12.159,-0.12923822,-0.41890639
12.16,0.0065363399,-0.43834046
12.161,0.14167108,-0.41486672
12.162,0.26293808,-0.35078293
12.163,0.35846683,-0.25236204
12.164,0.41890639,-0.12923822
12.165,0.43834046,0.0065363399
12.166,0.41486672,0.14167108
12.167,0.3507829,0.26293805
12.168,0.25236204,0.35846683
12.169,0.12923822,0.41890639
12.17,-0.0065363478,0.43834046
12.171,-0.14167109,0.41486672
12.172,-0.26293808,0.3507829
12.173,-0.35846686,0.25236204
12.174,-0.41890639,0.12923822
12.175,-0.43834046,-0.0065363464
12.176,-0.41486672,-0.14167109
12.177,-0.3507829,-0.26293808
12.178,-0.25236204,-0.35846683
12.179,-0.12923822,-0.41890639
12.18,0.0065363403,-0.43834046
12.181,0.14167108,-0.41486672
12.182,0.26293808,-0.35078293
12.183,0.35846683,-0.25236204
12.184,0.41890639,-0.12923822
12.185,0.43834046,0.0065363385
12.186,0.41486672,0.14167108
12.187,0.3507829,0.26293805
12.188,0.25236204,0.35846683
12.189,0.12923822,0.41890639
12.19,-0.0065363469,0.43834046
12.191,-0.14167109,0.41486669
12.192,-0.26293808,0.3507829
12.193,-0.35846686,0.25236204
12.194,-0.41890639,0.12923822
12.195,-0.43834046,-0.0065363469
12.196,-0.41486672,-0.14167109
12.197,-0.3507829,-0.26293808
12.198,-0.25236204,-0.35846683
12.199,-0.12923822,-0.41890639
12.2,0.0065363417,-0.43834046
12.201,0.14167108,-0.41486672
12.202,0.26293808,-0.35078293
12.203,0.35846683,-0.25236204
12.204,0.41890639,-0.12923823
12.205,0.43834046,0.0065363375
12.206,0.41486672,0.14167108
12.207,0.3507829,0.26293805
12.208,0.25236204,0.35846683
12.209,0.12923822,0.41890639
12.21,-0.0065363459,0.43834046
12.211,-0.14167108,0.41486669
12.212,-0.26293808,0.3507829
12.213,-0.35846686,0.25236204
12.214,-0.41890639,0.12923822
12.215,-0.43834046,-0.0065363473
12.216,-0.41486672,-0.14167109
12.217,-0.3507829,-0.26293808
12.218,-0.25236204,-0.35846683
12.219,-0.12923822,-0.41890639
12.22,0.0065363427,-0.43834046
12.221,0.14167108,-0.41486672
12.222,0.26293808,-0.35078293
12.223,0.35846683,-0.25236204
12.224,0.41890639,-0.12923823
12.225,0.43834046,0.0065363371
12.226,0.41486672,0.14167108
12.227,0.3507829,0.26293805
12.228,0.25236204,0.35846683
12.229,0.12923822,0.41890639
12.23,-0.0065363445,0.43834046
12.231,-0.14167108,0.41486669
12.232,-0.26293808,0.3507829
12.233,-0.35846683,0.25236204
12.234,-0.41890639,0.12923822
12.235,-0.43834046,-0.0065363478
12.236,-0.41486672,-0.14167109
12.237,-0.3507829,-0.26293808
12.238,-0.25236204,-0.35846686
12.239,-0.12923822,-0.41890639
12.24,0.0065363436,-0.43834046
12.241,0.14167108,-0.41486672
12.242,0.26293808,-0.35078293
12.243,0.35846683,-0.25236204
12.244,0.41890639,-0.12923823
12.245,0.43834046,0.0065363371
12.246,0.41486672,0.14167108
12.247,0.3507829,0.26293805
12.248,0.25236204,0.35846683
12.249,0.12923822,0.41890639
12.25,-0.0065363436,0.43834046
12.251,-0.14167108,0.41486669
12.252,-0.26293805,0.3507829
12.253,-0.35846683,0.25236204
12.254,-0.41890639,0.12923822
12.255,-0.43834046,-0.0065363478
12.256,-0.41486672,-0.14167109
12.257,-0.3507829,-0.26293808
12.258,-0.25236204,-0.35846686
12.259,-0.12923822,-0.41890639
12.26,0.006536345,-0.43834046
12.261,0.14167108,-0.41486672
12.262,0.26293808,-0.3507829
12.263,0.35846683,-0.25236204
12.264,0.41890639,-0.12923822
12.265,0.43834046,0.0065363371
12.266,0.41486672,0.14167108
12.267,0.35078293,0.26293805
12.268,0.25236204,0.35846683
12.269,0.12923822,0.41890639
12.27,-0.0065363422,0.43834046
12.271,-0.14167108,0.41486669
12.272,-0.26293805,0.3507829
12.273,-0.35846683,0.25236204
12.274,-0.41890639,0.12923822
12.275,-0.43834046,-0.0065363473
12.276,-0.41486672,-0.14167109
12.277,-0.3507829,-0.26293808
12.278,-0.25236204,-0.35846686
12.279,-0.12923822,-0.41890639
12.28,0.0065363459,-0.43834046
12.281,0.14167109,-0.41486672
12.282,0.26293808,-0.3507829
12.283,0.35846683,-0.25236204
12.284,0.41890639,-0.12923822
12.285,0.43834046,0.0065363375
12.286,0.41486672,0.14167108
12.287,0.35078293,0.26293805
12.288,0.25236204,0.35846683
12.289,0.12923822,0.41890639
12.29,-0.0065363408,0.43834046
12.291,-0.14167108,0.41486669
12.292,-0.26293805,0.3507829
12.293,-0.35846683,0.25236204
12.294,-0.41890639,0.12923822
12.295,-0.43834046,-0.0065363473
12.296,-0.41486672,-0.14167109
12.297,-0.3507829,-0.26293808
12.298,-0.25236204,-0.35846686
12.299,-0.12923822,-0.41890639
12.3,0.0065363469,-0.43834046
12.301,0.14167109,-0.41486672
12.302,0.26293808,-0.3507829
12.303,0.35846683,-0.25236204
12.304,0.41890639,-0.12923822
12.305,0.43834046,0.0065363389
12.306,0.41486672,0.14167108
12.307,0.35078293,0.26293805
12.308,0.25236204,0.35846683
12.309,0.12923822,0.41890639
12.31,-0.0065363399,0.43834046
12.311,-0.14167108,0.41486669
12.312,-0.26293805,0.3507829
12.313,-0.35846683,0.25236204
12.314,-0.41890639,0.12923822
12.315,-0.43834046,-0.0065363473
12.316,-0.41486672,-0.14167109
12.317,-0.3507829,-0.26293808
12.318,-0.25236204,-0.35846686
12.319,-0.12923822,-0.41890639
12.32,0.0065363473,-0.43834046
12.321,0.14167109,-0.41486672
12.322,0.26293808,-0.3507829
12.323,0.35846683,-0.25236204
12.324,0.41890639,-0.12923822
12.325,0.43834046,0.0065363408
12.326,0.41486672,0.14167108
12.327,0.35078293,0.26293808
12.328,0.25236204,0.35846683
12.329,0.12923822,0.41890639
12.33,-0.0065363389,0.43834046
12.331,-0.14167108,0.41486672
12.332,-0.26293805,0.3507829
12.333,-0.35846683,0.25236204
12.334,-0.41890639,0.12923822
12.335,-0.43834046,-0.0065363469
12.336,-0.41486672,-0.14167109
12.337,-0.3507829,-0.26293808
12.338,-0.25236204,-0.35846686
12.339,-0.12923822,-0.41890639
12.34,0.0065363478,-0.43834046
12.341,0.14167109,-0.41486672
12.342,0.26293808,-0.3507829
12.343,0.35846683,-0.25236204
12.344,0.41890639,-0.12923822
12.345,0.43834046,0.0065363422
12.346,0.41486672,0.14167108
12.347,0.35078293,0.26293808
12.348,0.25236204,0.35846683
12.349,0.12923822,0.41890639
12.35,-0.0065363385,0.43834046
12.351,-0.14167108,0.41486672
12.352,-0.26293805,0.3507829
12.353,-0.35846683,0.25236204
12.354,-0.41890639,0.12923822
12.355,-0.43834046,-0.0065363459
12.356,-0.41486669,-0.14167108
12.357,-0.3507829,-0.26293808
12.358,-0.25236204,-0.35846683
12.359,-0.12923822,-0.41890639
12.36,0.0065363483,-0.43834046
12.361,0.14167109,-0.41486672
12.362,0.26293808,-0.3507829
12.363,0.35846683,-0.25236204
12.364,0.41890639,-0.12923822
12.365,0.43834046,0.0065363436
12.366,0.41486672,0.14167108
12.367,0.35078293,0.26293808
12.368,0.25236204,0.35846686
12.369,0.12923822,0.41890639
12.37,-0.006536338,0.43834046
12.371,-0.14167108,0.41486672
12.372,-0.26293805,0.3507829
12.373,-0.35846683,0.25236204
12.374,-0.41890639,0.12923822
12.375,-0.43834046,-0.006536345
12.376,-0.41486669,-0.14167108
12.377,-0.3507829,-0.26293808
12.378,-0.25236204,-0.35846683
12.379,-0.12923822,-0.41890639
12.38,0.0065363478,-0.43834046
12.381,0.14167109,-0.41486672
12.382,0.26293808,-0.3507829
12.383,0.35846683,-0.25236204
12.384,0.41890639,-0.12923822
12.385,0.43834046,0.0065363445
12.386,0.41486672,0.14167108
12.387,0.35078293,0.26293808
12.388,0.25236204,0.35846686
12.389,0.12923823,0.41890639
12.39,-0.006536338,0.43834046
12.391,-0.14167108,0.41486672
12.392,-0.26293805,0.3507829
12.393,-0.35846683,0.25236204
12.394,-0.41890639,0.12923822
12.395,-0.43834046,-0.0065363436
12.396,-0.41486669,-0.14167108
12.397,-0.3507829,-0.26293805
12.398,-0.25236204,-0.35846683
12.399,-0.12923822,-0.41890639
12.4,0.0065363478,-0.43834046
12.401,0.14167109,-0.41486672
12.402,0.26293808,-0.3507829
12.403,0.35846683,-0.25236204
12.404,0.41890639,-0.12923822
12.405,0.43834046,0.0065363459
12.406,0.41486672,0.14167108
12.407,0.3507829,0.26293808
12.408,0.25236204,0.35846683
12.409,0.12923823,0.41890639
12.41,-0.0065363385,0.43834046
12.411,-0.14167108,0.41486672
12.412,-0.26293805,0.3507829
12.413,-0.35846683,0.25236204
12.414,-0.41890639,0.12923822
12.415,-0.43834046,-0.0065363427
12.416,-0.41486669,-0.14167108
12.417,-0.3507829,-0.26293805
12.418,-0.25236204,-0.35846683
12.419,-0.12923822,-0.41890639
12.42,0.0065363469,-0.43834046
12.421,0.14167109,-0.41486672
12.422,0.26293808,-0.3507829
12.423,0.35846683,-0.25236204
12.424,0.41890639,-0.12923822
12.425,0.43834046,0.0065363469
12.426,0.41486672,0.14167109
12.427,0.3507829,0.26293808
12.428,0.25236204,0.35846683
12.429,0.12923822,0.41890639
12.43,-0.0065363389,0.43834046
12.431,-0.14167108,0.41486672
12.432,-0.26293805,0.35078293
12.433,-0.35846683,0.25236204
12.434,-0.41890639,0.12923822
12.435,-0.43834046,-0.0065363413
12.436,-0.41486669,-0.14167108
12.437,-0.3507829,-0.26293805
12.438,-0.25236204,-0.35846683
12.439,-0.12923822,-0.41890639
12.44,0.0065363459,-0.43834046
12.441,0.14167109,-0.41486672
12.442,0.26293808,-0.3507829
12.443,0.35846683,-0.25236204
12.444,0.41890639,-0.12923822
12.445,0.43834046,0.0065363473
12.446,0.41486672,0.14167109
12.447,0.3507829,0.26293808
12.448,0.25236204,0.35846683
12.449,0.12923822,0.41890639
12.45,-0.0065363399,0.43834046
12.451,-0.14167108,0.41486672
12.452,-0.26293808,0.35078293
12.453,-0.35846683,0.25236204
12.454,-0.41890639,0.12923822
12.455,-0.43834046,-0.0065363408
12.456,-0.41486669,-0.14167108
12.457,-0.3507829,-0.26293805
12.458,-0.25236204,-0.35846683
12.459,-0.12923822,-0.41890639
12.46,0.0065363455,-0.43834046
12.461,0.14167109,-0.41486672
12.462,0.26293808,-0.3507829
12.463,0.35846683,-0.25236204
12.464,0.41890639,-0.12923822
12.465,0.43834046,0.0065363478
12.466,0.41486672,0.14167109
12.467,0.3507829,0.26293808
12.468,0.25236204,0.35846683
12.469,0.12923822,0.41890639
12.47,-0.0065363417,0.43834046
12.471,-0.14167108,0.41486672
12.472,-0.26293808,0.35078293
12.473,-0.35846683,0.25236204
12.474,-0.41890639,0.12923822
12.475,-0.43834046,-0.0065363399
12.476,-0.41486672,-0.14167108
12.477,-0.3507829,-0.26293805
12.478,-0.25236204,-0.35846683
12.479,-0.12923822,-0.41890639
12.48,0.006536345,-0.43834046
12.481,0.14167109,-0.41486672
12.482,0.26293808,-0.3507829
12.483,0.35846683,-0.25236204
12.484,0.41890639,-0.12923822
12.485,0.43834046,0.0065363478
12.486,0.41486672,0.14167109
12.487,0.3507829,0.26293808
12.488,0.25236204,0.35846683
12.489,0.12923822,0.41890639
12.49,-0.0065363431,0.43834046
12.491,-0.14167108,0.41486672
12.492,-0.26293808,0.35078293
12.493,-0.35846683,0.25236204
12.494,-0.41890639,0.12923822
12.495,-0.43834046,-0.0065363394
12.496,-0.41486672,-0.14167108
12.497,-0.3507829,-0.26293805
12.498,-0.25236204,-0.35846683
12.499,-0.12923822,-0.41890639
12.5,0.0065363441,-0.43834046
12.501,0.14167108,-0.41486672
12.502,0.26293808,-0.3507829
12.503,0.35846683,-0.25236204
12.504,0.41890639,-0.12923822
12.505,0.43834046,0.0065363478
12.506,0.41486672,0.14167109
12.507,0.3507829,0.26293808
12.508,0.25236204,0.35846683
12.509,0.12923822,0.41890639
12.51,-0.006536345,0.43834046
12.511,-0.14167108,0.41486672
12.512,-0.26293808,0.35078293
12.513,-0.35846686,0.25236204
12.514,-0.41890639,0.12923822
12.515,-0.43834046,-0.0065363394
12.516,-0.41486672,-0.14167108
12.517,-0.3507829,-0.26293805
12.518,-0.25236204,-0.35846683
12.519,-0.12923822,-0.41890639
12.52,0.0065363431,-0.43834046
12.521,0.14167108,-0.41486672
12.522,0.26293808,-0.3507829
12.523,0.35846683,-0.25236204
12.524,0.41890639,-0.12923822
12.525,0.43834046,0.0065363473
12.526,0.41486672,0.14167109
12.527,0.3507829,0.26293808
12.528,0.25236204,0.35846683
12.529,0.12923822,0.41890639
12.53,-0.0065363459,0.43834046
12.531,-0.14167109,0.41486672
12.532,-0.26293808,0.35078293
12.533,-0.35846686,0.25236204
12.534,-0.41890639,0.12923822
12.535,-0.43834046,-0.0065363394
12.536,-0.41486672,-0.14167108
12.537,-0.3507829,-0.26293805
12.538,-0.25236204,-0.35846683
12.539,-0.12923822,-0.41890639
12.54,0.0065363422,-0.43834046
12.541,0.14167108,-0.41486669
12.542,0.26293805,-0.3507829
12.543,0.35846683,-0.25236204
12.544,0.41890639,-0.12923822
12.545,0.43834046,0.0065363464
12.546,0.41486672,0.14167109
12.547,0.3507829,0.26293808
12.548,0.25236204,0.35846683
12.549,0.12923822,0.41890639
12.55,-0.0065363473,0.43834046
12.551,-0.14167109,0.41486672
12.552,-0.26293808,0.35078293
12.553,-0.35846686,0.25236204
12.554,-0.41890639,0.12923822
12.555,-0.43834046,-0.0065363399
12.556,-0.41486672,-0.14167108
12.557,-0.3507829,-0.26293805
12.558,-0.25236204,-0.35846683
12.559,-0.12923822,-0.41890639
12.56,0.0065363413,-0.43834046
12.561,0.14167108,-0.41486669
12.562,0.26293805,-0.3507829
12.563,0.35846683,-0.25236204
12.564,0.41890639,-0.12923822
12.565,0.43834046,0.0065363455
12.566,0.41486672,0.14167109
12.567,0.3507829,0.26293808
12.568,0.25236204,0.35846683
12.569,0.12923822,0.41890639
12.57,-0.0065363478,0.43834046
12.571,-0.14167109,0.41486672
12.572,-0.26293808,0.3507829
12.573,-0.35846686,0.25236204
12.574,-0.41890639,0.12923822
12.575,-0.43834046,-0.0065363403
12.576,-0.41486672,-0.14167108
12.577,-0.35078293,-0.26293808
12.578,-0.25236204,-0.35846683
12.579,-0.12923822,-0.41890639
12.58,0.0065363403,-0.43834046
12.581,0.14167108,-0.41486669
12.582,0.26293805,-0.3507829
12.583,0.35846683,-0.25236204
12.584,0.41890639,-0.12923822
12.585,0.43834046,0.0065363441
12.586,0.41486672,0.14167108
12.587,0.3507829,0.26293808
12.588,0.25236204,0.35846683
12.589,0.12923822,0.41890639
12.59,-0.0065363483,0.43834046
12.591,-0.14167109,0.41486672
12.592,-0.26293808,0.3507829
12.593,-0.35846686,0.25236204
12.594,-0.41890639,0.12923822
12.595,-0.43834046,-0.0065363413
12.596,-0.41486672,-0.14167108
12.597,-0.35078293,-0.26293808
12.598,-0.25236204,-0.35846683
12.599,-0.12923822,-0.41890639
12.6,0.0065363394,-0.43834046
12.601,0.14167108,-0.41486672
12.602,0.26293805,-0.3507829
12.603,0.35846683,-0.25236204
12.604,0.41890639,-0.12923822
12.605,0.43834046,0.0065363427
12.606,0.41486672,0.14167108
12.607,0.3507829,0.26293808
12.608,0.25236204,0.35846683
12.609,0.12923822,0.41890639
12.61,-0.0065363487,0.43834046
12.611,-0.14167109,0.41486672
12.612,-0.26293808,0.3507829
12.613,-0.35846683,0.25236204
12.614,-0.41890639,0.12923822
12.615,-0.43834046,-0.0065363422
12.616,-0.41486672,-0.14167108
12.617,-0.35078293,-0.26293808
12.618,-0.25236204,-0.35846683
12.619,-0.12923822,-0.41890639
12.62,0.0065363389,-0.43834046
12.621,0.14167108,-0.41486672
12.622,0.26293805,-0.3507829
12.623,0.35846683,-0.25236204
12.624,0.41890639,-0.12923822
12.625,0.43834046,0.0065363417
12.626,0.41486672,0.14167108
12.627,0.3507829,0.26293808
12.628,0.25236204,0.35846683
12.629,0.12923822,0.41890639
12.63,-0.0065363483,0.43834046
12.631,-0.14167109,0.41486669
12.632,-0.26293808,0.3507829
12.633,-0.35846683,0.25236204
12.634,-0.41890639,0.12923822
12.635,-0.43834046,-0.0065363436
12.636,-0.41486672,-0.14167109
12.637,-0.35078293,-0.26293808
12.638,-0.25236204,-0.35846683
12.639,-0.12923822,-0.41890639
12.64,0.0065363389,-0.43834046
12.641,0.14167108,-0.41486672
12.642,0.26293805,-0.3507829
12.643,0.35846683,-0.25236204
12.644,0.41890639,-0.12923822
12.645,0.43834046,0.0065363408
12.646,0.41486672,0.14167108
12.647,0.3507829,0.26293808
12.648,0.25236204,0.35846683
12.649,0.12923822,0.41890639
12.65,-0.0065363478,0.43834046
12.651,-0.14167109,0.41486669
12.652,-0.26293808,0.3507829
12.653,-0.35846683,0.25236204
12.654,-0.41890639,0.12923822
12.655,-0.43834046,-0.0065363455
12.656,-0.41486672,-0.14167109
12.657,-0.35078293,-0.26293808
12.658,-0.25236204,-0.35846686
12.659,-0.12923822,-0.41890639
12.66,0.0065363389,-0.43834046
12.661,0.14167108,-0.41486672
12.662,0.26293805,-0.3507829
12.663,0.35846683,-0.25236204
12.664,0.41890639,-0.12923822
12.665,0.43834046,0.0065363403
12.666,0.41486672,0.14167108
12.667,0.3507829,0.26293808
12.668,0.25236204,0.35846683
12.669,0.12923822,0.41890639
12.67,-0.0065363469,0.43834046
12.671,-0.14167109,0.41486669
12.672,-0.26293808,0.3507829
12.673,-0.35846683,0.25236204
12.674,-0.41890639,0.12923822
12.675,-0.43834046,-0.0065363469
12.676,-0.41486672,-0.14167109
12.677,-0.35078293,-0.26293808
12.678,-0.25236204,-0.35846686
12.679,-0.12923822,-0.41890639
12.68,0.0065363394,-0.43834046
12.681,0.14167108,-0.41486672
12.682,0.26293805,-0.3507829
12.683,0.35846683,-0.25236204
12.684,0.41890639,-0.12923822
12.685,0.43834046,0.0065363399
12.686,0.41486672,0.14167108
12.687,0.3507829,0.26293805
12.688,0.25236204,0.35846683
12.689,0.12923822,0.41890639
12.69,-0.0065363459,0.43834046
12.691,-0.14167109,0.41486669
12.692,-0.26293808,0.3507829
12.693,-0.35846683,0.25236204
12.694,-0.41890639,0.12923822
12.695,-0.43834046,-0.0065363483
12.696,-0.41486672,-0.14167109
12.697,-0.35078293,-0.26293808
12.698,-0.25236204,-0.35846686
12.699,-0.12923822,-0.41890639
12.7,0.0065363403,-0.43834046
12.701,0.14167108,-0.41486672
12.702,0.26293805,-0.35078293
12.703,0.35846683,-0.25236204
12.704,0.41890639,-0.12923822
12.705,0.43834046,0.0065363394
12.706,0.41486672,0.14167108
12.707,0.3507829,0.26293805
12.708,0.25236204,0.35846683
12.709,0.12923822,0.41890639
12.71,-0.006536345,0.43834046
12.711,-0.14167108,0.41486669
12.712,-0.26293808,0.3507829
12.713,-0.35846683,0.25236204
12.714,-0.41890639,0.12923822
12.715,-0.43834046,-0.0065363487
12.716,-0.41486672,-0.14167109
12.717,-0.35078293,-0.26293808
12.718,-0.25236204,-0.35846686
12.719,-0.12923822,-0.41890639
12.72,0.0065363413,-0.43834046
12.721,0.14167108,-0.41486672
12.722,0.26293805,-0.35078293
12.723,0.35846683,-0.25236204
12.724,0.41890639,-0.12923822
12.725,0.43834046,0.0065363389
12.726,0.41486672,0.14167108
12.727,0.3507829,0.26293805
12.728,0.25236204,0.35846683
12.729,0.12923822,0.41890639
12.73,-0.0065363436,0.43834046
12.731,-0.14167108,0.41486672
12.732,-0.26293808,0.3507829
12.733,-0.35846683,0.25236204
12.734,-0.41890639,0.12923822
12.735,-0.43834046,-0.0065363492
12.736,-0.41486672,-0.14167109
12.737,-0.3507829,-0.26293808
12.738,-0.25236204,-0.35846686
12.739,-0.12923822,-0.41890639
12.74,0.0065363422,-0.43834046
12.741,0.14167108,-0.41486672
12.742,0.26293808,-0.35078293
12.743,0.35846683,-0.25236204
12.744,0.41890639,-0.12923822
12.745,0.43834046,0.0065363385
12.746,0.41486672,0.14167108
12.747,0.3507829,0.26293805
12.748,0.25236204,0.35846683
12.749,0.12923822,0.41890639
12.75,-0.0065363422,0.43834046
12.751,-0.14167108,0.41486672
12.752,-0.26293808,0.3507829
12.753,-0.35846683,0.25236204
12.754,-0.41890639,0.12923822
12.755,-0.43834046,-0.0065363492
12.756,-0.41486672,-0.14167109
12.757,-0.3507829,-0.26293808
12.758,-0.25236204,-0.35846686
12.759,-0.12923822,-0.41890639
12.76,0.0065363431,-0.43834046
12.761,0.14167108,-0.41486672
12.762,0.26293808,-0.35078293
12.763,0.35846683,-0.25236204
12.764,0.41890639,-0.12923822
12.765,0.43834046,0.0065363385
12.766,0.41486672,0.14167108
12.767,0.3507829,0.26293805
12.768,0.25236204,0.35846683
12.769,0.12923822,0.41890639
12.77,-0.0065363408,0.43834046
12.771,-0.14167108,0.41486672
12.772,-0.26293805,0.3507829
12.773,-0.35846683,0.25236204
12.774,-0.41890639,0.12923822
12.775,-0.43834046,-0.0065363492
12.776,-0.41486669,-0.14167109
12.777,-0.3507829,-0.26293808
12.778,-0.25236204,-0.35846686
12.779,-0.12923822,-0.41890639
12.78,0.0065363441,-0.43834046
12.781,0.14167109,-0.41486672
12.782,0.26293808,-0.35078293
12.783,0.35846683,-0.25236204
12.784,0.41890639,-0.12923822
12.785,0.43834046,0.0065363389
12.786,0.41486672,0.14167108
12.787,0.3507829,0.26293805
12.788,0.25236204,0.35846683
12.789,0.12923822,0.41890639
12.79,-0.0065363399,0.43834046
12.791,-0.14167108,0.41486672
12.792,-0.26293805,0.3507829
12.793,-0.35846683,0.25236204
12.794,-0.41890639,0.12923822
12.795,-0.43834046,-0.0065363487
12.796,-0.41486669,-0.14167109
12.797,-0.3507829,-0.26293808
12.798,-0.25236204,-0.35846683
12.799,-0.12923822,-0.41890639
12.8,0.006536345,-0.43834046
12.801,0.14167109,-0.41486672
12.802,0.26293808,-0.35078293
12.803,0.35846686,-0.25236204
12.804,0.41890639,-0.12923822
12.805,0.43834046,0.0065363394
12.806,0.41486672,0.14167108
12.807,0.3507829,0.26293805
12.808,0.25236204,0.35846683
12.809,0.12923822,0.41890639
12.81,-0.0065363389,0.43834046
12.811,-0.14167108,0.41486672
12.812,-0.26293805,0.3507829
12.813,-0.35846683,0.25236204
12.814,-0.41890639,0.12923822
12.815,-0.43834046,-0.0065363478
12.816,-0.41486669,-0.14167109
12.817,-0.3507829,-0.26293808
12.818,-0.25236204,-0.35846683
12.819,-0.12923822,-0.41890639
12.82,0.0065363469,-0.43834046
12.821,0.14167109,-0.41486672
12.822,0.26293808,-0.35078293
12.823,0.35846686,-0.25236204
12.824,0.41890639,-0.12923822
12.825,0.43834046,0.0065363403
12.826,0.41486672,0.14167108
12.827,0.3507829,0.26293805
12.828,0.25236204,0.35846683
12.829,0.12923822,0.41890639
12.83,-0.0065363389,0.43834046
12.831,-0.14167108,0.41486672
12.832,-0.26293805,0.3507829
12.833,-0.35846683,0.25236204
12.834,-0.41890639,0.12923822
12.835,-0.43834046,-0.0065363464
12.836,-0.41486669,-0.14167109
12.837,-0.3507829,-0.26293808
12.838,-0.25236204,-0.35846683
12.839,-0.12923822,-0.41890639
12.84,0.0065363483,-0.43834046
12.841,0.14167109,-0.41486672
12.842,0.26293808,-0.35078293
12.843,0.35846686,-0.25236204
12.844,0.41890639,-0.12923822
12.845,0.43834046,0.0065363413
12.846,0.41486672,0.14167108
12.847,0.3507829,0.26293805
12.848,0.25236204,0.35846683
12.849,0.12923822,0.41890639
12.85,-0.0065363389,0.43834046
12.851,-0.14167108,0.41486672
12.852,-0.26293805,0.3507829
12.853,-0.35846683,0.25236204
12.854,-0.41890639,0.12923822
12.855,-0.43834046,-0.0065363455
12.856,-0.41486669,-0.14167108
12.857,-0.3507829,-0.26293808
12.858,-0.25236204,-0.35846683
12.859,-0.12923822,-0.41890639
12.86,0.0065363487,-0.43834046
12.861,0.14167109,-0.41486672
12.862,0.26293808,-0.35078293
12.863,0.35846686,-0.25236204
12.864,0.41890639,-0.12923822
12.865,0.43834046,0.0065363422
12.866,0.41486672,0.14167108
12.867,0.3507829,0.26293805
12.868,0.25236204,0.35846683
12.869,0.12923822,0.41890639
12.87,-0.0065363394,0.43834046
12.871,-0.14167108,0.41486672
12.872,-0.26293805,0.35078293
12.873,-0.35846683,0.25236204
12.874,-0.41890639,0.12923822
12.875,-0.43834046,-0.0065363441
12.876,-0.41486669,-0.14167108
12.877,-0.3507829,-0.26293805
12.878,-0.25236204,-0.35846683
12.879,-0.1292382,-0.41890639
12.88,0.0065363492,-0.43834046
12.881,0.14167109,-0.41486672
12.882,0.26293808,-0.3507829
12.883,0.35846686,-0.25236204
12.884,0.41890639,-0.12923822
12.885,0.43834046,0.0065363431
12.886,0.41486672,0.14167108
12.887,0.3507829,0.26293808
12.888,0.25236204,0.35846683
12.889,0.12923822,0.41890639
12.89,-0.0065363394,0.43834046
12.891,-0.14167108,0.41486672
12.892,-0.26293805,0.3507829
12.893,-0.35846683,0.25236204
12.894,-0.41890639,0.12923822
12.895,-0.43834046,-0.0065363427
12.896,-0.41486669,-0.14167108
12.897,-0.3507829,-0.26293805
12.898,-0.25236204,-0.35846683
12.899,-0.1292382,-0.41890639
12.9,0.0065363492,-0.43834046
12.901,0.14167109,-0.41486669
12.902,0.26293808,-0.3507829
12.903,0.35846686,-0.25236204
12.904,0.41890639,-0.12923822
12.905,0.43834046,0.0065363441
12.906,0.41486672,0.14167108
12.907,0.3507829,0.26293808
12.908,0.25236204,0.35846683
12.909,0.12923822,0.41890639
12.91,-0.0065363399,0.43834046
12.911,-0.14167108,0.41486672
12.912,-0.26293805,0.3507829
12.913,-0.35846683,0.25236204
12.914,-0.41890639,0.12923822
12.915,-0.43834046,-0.0065363413
12.916,-0.41486672,-0.14167108
12.917,-0.3507829,-0.26293805
12.918,-0.25236204,-0.35846683
12.919,-0.12923822,-0.41890639
12.92,0.0065363487,-0.43834046
12.921,0.14167109,-0.41486669
12.922,0.26293808,-0.3507829
12.923,0.35846686,-0.25236204
12.924,0.41890639,-0.12923822
12.925,0.43834046,0.006536345
12.926,0.41486672,0.14167109
12.927,0.3507829,0.26293808
12.928,0.25236204,0.35846683
12.929,0.12923822,0.41890639
12.93,-0.0065363408,0.43834046
12.931,-0.14167108,0.41486672
12.932,-0.26293805,0.3507829
12.933,-0.35846683,0.25236204
12.934,-0.41890639,0.12923822
12.935,-0.43834046,-0.0065363403
12.936,-0.41486672,-0.14167108
12.937,-0.3507829,-0.26293805
12.938,-0.25236204,-0.35846683
12.939,-0.12923822,-0.41890639
12.94,0.0065363478,-0.43834046
12.941,0.14167109,-0.41486669
12.942,0.26293808,-0.3507829
12.943,0.35846683,-0.25236204
12.944,0.41890639,-0.12923822
12.945,0.43834046,0.0065363459
12.946,0.41486672,0.14167109
12.947,0.3507829,0.26293808
12.948,0.25236204,0.35846683
12.949,0.12923822,0.41890639
12.95,-0.0065363413,0.43834046
12.951,-0.14167108,0.41486672
12.952,-0.26293805,0.3507829
12.953,-0.35846683,0.25236204
12.954,-0.41890639,0.12923822
12.955,-0.43834046,-0.0065363394
12.956,-0.41486672,-0.14167108
12.957,-0.3507829,-0.26293805
12.958,-0.25236204,-0.35846683
12.959,-0.12923822,-0.41890639
12.96,0.0065363469,-0.43834046
12.961,0.14167108,-0.41486669
12.962,0.26293808,-0.3507829
12.963,0.35846683,-0.25236204
12.964,0.41890639,-0.12923822
12.965,0.43834046,0.0065363464
12.966,0.41486672,0.14167109
12.967,0.3507829,0.26293808
12.968,0.25236204,0.35846683
12.969,0.12923822,0.41890639
12.97,-0.0065363422,0.43834046
12.971,-0.14167108,0.41486672
12.972,-0.26293805,0.3507829
12.973,-0.35846683,0.25236204
12.974,-0.41890639,0.12923822
12.975,-0.43834046,-0.0065363385
12.976,-0.41486672,-0.14167108
12.977,-0.3507829,-0.26293805
12.978,-0.25236204,-0.35846683
12.979,-0.12923822,-0.41890639
12.98,0.0065363455,-0.43834046
12.981,0.14167108,-0.41486669
12.982,0.26293805,-0.3507829
12.983,0.35846683,-0.25236204
12.984,0.41890639,-0.12923822
12.985,0.43834046,0.0065363469
12.986,0.41486672,0.14167109
12.987,0.3507829,0.26293808
12.988,0.25236204,0.35846686
12.989,0.12923822,0.41890639
12.99,-0.0065363431,0.43834046
12.991,-0.14167108,0.41486672
12.992,-0.26293805,0.3507829
12.993,-0.35846683,0.25236204
12.994,-0.41890639,0.12923822
12.995,-0.43834046,-0.0065363389
12.996,-0.41486672,-0.14167108
12.997,-0.3507829,-0.26293805
12.998,-0.25236204,-0.35846683
12.999,-0.12923822,-0.41890639
13,0.0065363441,-0.43834046
13.001,0.14167108,-0.41486669
13.002,0.26293805,-0.3507829
13.003,0.35846683,-0.25236204
13.004,0.41890639,-0.12923822
13.005,0.43834046,0.0065363478
13.006,0.41486672,0.14167109
13.007,0.3507829,0.26293808
13.008,0.25236204,0.35846686
13.009,0.12923822,0.41890639
13.01,-0.0065363441,0.43834046
13.011,-0.14167108,0.41486672
13.012,-0.26293808,0.3507829
13.013,-0.35846683,0.25236204
13.014,-0.41890639,0.12923822
13.015,-0.43834046,-0.0065363394
13.016,-0.41486672,-0.14167108
13.017,-0.35078293,-0.26293805
13.018,-0.25236204,-0.35846683
13.019,-0.12923822,-0.41890639
13.02,0.0065363427,-0.43834046
13.021,0.14167108,-0.41486669
13.022,0.26293805,-0.3507829
13.023,0.35846683,-0.25236204
13.024,0.41890639,-0.12923822
13.025,0.43834046,0.0065363478
13.026,0.41486672,0.14167109
13.027,0.3507829,0.26293808
13.028,0.25236204,0.35846686
13.029,0.12923822,0.41890639
13.03,-0.006536345,0.43834046
13.031,-0.14167108,0.41486672
13.032,-0.26293808,0.3507829
13.033,-0.35846683,0.25236204
13.034,-0.41890639,0.12923822
13.035,-0.43834046,-0.0065363403
13.036,-0.41486672,-0.14167108
13.037,-0.35078293,-0.26293808
13.038,-0.25236204,-0.35846683
13.039,-0.12923822,-0.41890639
13.04,0.0065363413,-0.43834046
13.041,0.14167108,-0.41486669
13.042,0.26293805,-0.3507829
13.043,0.35846683,-0.25236204
13.044,0.41890639,-0.12923822
13.045,0.43834046,0.0065363478
13.046,0.41486672,0.14167109
13.047,0.3507829,0.26293808
13.048,0.25236204,0.35846686
13.049,0.12923822,0.41890639
13.05,-0.0065363459,0.43834046
13.051,-0.14167109,0.41486672
13.052,-0.26293808,0.3507829
13.053,-0.35846683,0.25236204
13.054,-0.41890639,0.12923822
13.055,-0.43834046,-0.0065363413
13.056,-0.41486672,-0.14167108
13.057,-0.35078293,-0.26293808
13.058,-0.25236204,-0.35846683
13.059,-0.12923822,-0.41890639
13.06,0.0065363399,-0.43834046
13.061,0.14167108,-0.41486672
13.062,0.26293805,-0.3507829
13.063,0.35846683,-0.25236204
13.064,0.41890639,-0.12923822
13.065,0.43834046,0.0065363469
13.066,0.41486669,0.14167109
13.067,0.3507829,0.26293808
13.068,0.25236204,0.35846686
13.069,0.12923822,0.41890639
13.07,-0.0065363464,0.43834046
13.071,-0.14167109,0.41486672
13.072,-0.26293808,0.3507829
13.073,-0.35846683,0.25236204
13.074,-0.41890639,0.12923822
13.075,-0.43834046,-0.0065363417
13.076,-0.41486672,-0.14167108
13.077,-0.35078293,-0.26293808
13.078,-0.25236204,-0.35846683
13.079,-0.12923822,-0.41890639
13.08,0.0065363389,-0.43834046
13.081,0.14167108,-0.41486672
13.082,0.26293805,-0.3507829
13.083,0.35846683,-0.25236204
13.084,0.41890639,-0.12923822
13.085,0.43834046,0.0065363459
13.086,0.41486669,0.14167108
13.087,0.3507829,0.26293808
13.088,0.25236204,0.35846686
13.089,0.12923822,0.41890639
13.09,-0.0065363469,0.43834046
13.091,-0.14167109,0.41486672
13.092,-0.26293808,0.3507829
13.093,-0.35846683,0.25236204
13.094,-0.41890639,0.12923822
13.095,-0.43834046,-0.0065363427
13.096,-0.41486672,-0.14167108
13.097,-0.35078293,-0.26293808
13.098,-0.25236204,-0.35846683
13.099,-0.12923823,-0.41890639
13.1,0.006536338,-0.43834046
13.101,0.14167108,-0.41486672
13.102,0.26293805,-0.3507829
13.103,0.35846683,-0.25236204
13.104,0.41890639,-0.12923822
13.105,0.43834046,0.006536345
13.106,0.41486669,0.14167108
13.107,0.3507829,0.26293808
13.108,0.25236204,0.35846683
13.109,0.12923822,0.41890639
13.11,-0.0065363469,0.43834046
13.111,-0.14167109,0.41486672
13.112,-0.26293808,0.3507829
13.113,-0.35846683,0.25236204
13.114,-0.41890639,0.12923822
13.115,-0.43834046,-0.0065363441
13.116,-0.41486672,-0.14167108
13.117,-0.3507829,-0.26293808
13.118,-0.25236204,-0.35846683
13.119,-0.12923823,-0.41890639
13.12,0.0065363375,-0.43834046
13.121,0.14167108,-0.41486672
13.122,0.26293805,-0.3507829
13.123,0.35846683,-0.25236204
13.124,0.41890639,-0.12923822
13.125,0.43834046,0.0065363436
13.126,0.41486669,0.14167108
13.127,0.3507829,0.26293805
13.128,0.25236204,0.35846683
13.129,0.12923822,0.41890639
13.13,-0.0065363469,0.43834046
13.131,-0.14167109,0.41486672
13.132,-0.26293808,0.3507829
13.133,-0.35846686,0.25236204
13.134,-0.41890639,0.12923822
13.135,-0.43834046,-0.006536345
13.136,-0.41486672,-0.14167108
13.137,-0.3507829,-0.26293808
13.138,-0.25236204,-0.35846683
13.139,-0.12923822,-0.41890639
13.14,0.0065363375,-0.43834046
13.141,0.14167108,-0.41486672
13.142,0.26293805,-0.35078293
13.143,0.35846683,-0.25236204
13.144,0.41890639,-0.12923822
13.145,0.43834046,0.0065363422
13.146,0.41486669,0.14167108
13.147,0.3507829,0.26293805
13.148,0.25236204,0.35846683
13.149,0.12923822,0.41890639
13.15,-0.0065363464,0.43834046
13.151,-0.14167109,0.41486672
13.152,-0.26293808,0.3507829
13.153,-0.35846686,0.25236204
13.154,-0.41890639,0.12923822
13.155,-0.43834046,-0.0065363459
13.156,-0.41486672,-0.14167109
13.157,-0.3507829,-0.26293808
13.158,-0.25236204,-0.35846683
13.159,-0.12923822,-0.41890639
13.16,0.006536338,-0.43834046
13.161,0.14167108,-0.41486672
13.162,0.26293805,-0.35078293
13.163,0.35846683,-0.25236204
13.164,0.41890639,-0.12923822
13.165,0.43834046,0.0065363408
13.166,0.41486669,0.14167108
13.167,0.3507829,0.26293805
13.168,0.25236204,0.35846683
13.169,0.12923822,0.41890639
13.17,-0.0065363464,0.43834046
13.171,-0.14167109,0.41486672
13.172,-0.26293808,0.3507829
13.173,-0.35846686,0.25236204
13.174,-0.41890639,0.12923822
13.175,-0.43834046,-0.0065363469
13.176,-0.41486672,-0.14167109
13.177,-0.3507829,-0.26293808
13.178,-0.25236204,-0.35846683
13.179,-0.12923822,-0.41890639
13.18,0.0065363394,-0.43834046
13.181,0.14167108,-0.41486672
13.182,0.26293808,-0.35078293
13.183,0.35846683,-0.25236204
13.184,0.41890639,-0.12923822
13.185,0.43834046,0.0065363394
13.186,0.41486669,0.14167108
13.187,0.3507829,0.26293805
13.188,0.25236204,0.35846683
13.189,0.12923822,0.41890639
13.19,-0.0065363464,0.43834046
13.191,-0.14167109,0.41486672
13.192,-0.26293808,0.3507829
13.193,-0.35846686,0.25236204
13.194,-0.41890639,0.12923822
13.195,-0.43834046,-0.0065363473
13.196,-0.41486672,-0.14167109
13.197,-0.3507829,-0.26293808
13.198,-0.25236204,-0.35846683
13.199,-0.12923822,-0.41890639
13.2,0.0065363408,-0.43834046
13.201,0.14167108,-0.41486672
13.202,0.26293808,-0.35078293
13.203,0.35846683,-0.25236204
13.204,0.41890639,-0.12923822
13.205,0.43834046,0.0065363385
13.206,0.41486672,0.14167108
13.207,0.3507829,0.26293805
13.208,0.25236204,0.35846683
13.209,0.12923822,0.41890639
13.21,-0.0065363459,0.43834046
13.211,-0.14167109,0.41486672
13.212,-0.26293808,0.3507829
13.213,-0.35846686,0.25236204
13.214,-0.41890639,0.12923822
13.215,-0.43834046,-0.0065363478
13.216,-0.41486672,-0.14167109
13.217,-0.3507829,-0.26293808
13.218,-0.25236204,-0.35846683
13.219,-0.12923822,-0.41890639
13.22,0.0065363417,-0.43834046
13.221,0.14167108,-0.41486672
13.222,0.26293808,-0.35078293
13.223,0.35846683,-0.25236204
13.224,0.41890639,-0.12923823
13.225,0.43834046,0.006536338
13.226,0.41486672,0.14167108
13.227,0.3507829,0.26293805
13.228,0.25236204,0.35846683
13.229,0.12923822,0.41890639
13.23,-0.006536345,0.43834046
13.231,-0.14167108,0.41486669
13.232,-0.26293808,0.3507829
13.233,-0.35846683,0.25236204
13.234,-0.41890639,0.12923822
13.235,-0.43834046,-0.0065363483
13.236,-0.41486672,-0.14167109
13.237,-0.3507829,-0.26293808
13.238,-0.25236204,-0.35846683
13.239,-0.12923822,-0.41890639
13.24,0.0065363431,-0.43834046
13.241,0.14167108,-0.41486672
13.242,0.26293808,-0.35078293
13.243,0.35846686,-0.25236204
13.244,0.41890639,-0.12923823
13.245,0.43834046,0.0065363375
13.246,0.41486672,0.14167108
13.247,0.3507829,0.26293805
13.248,0.25236204,0.35846683
13.249,0.12923822,0.41890639
13.25,-0.0065363441,0.43834046
13.251,-0.14167108,0.41486669
13.252,-0.26293808,0.3507829
13.253,-0.35846683,0.25236204
13.254,-0.41890639,0.12923822
13.255,-0.43834046,-0.0065363478
13.256,-0.41486672,-0.14167109
13.257,-0.3507829,-0.26293808
13.258,-0.25236204,-0.35846683
13.259,-0.12923822,-0.41890639
13.26,0.0065363445,-0.43834046
13.261,0.14167108,-0.41486672
13.262,0.26293808,-0.35078293
13.263,0.35846686,-0.25236204
13.264,0.41890639,-0.12923823
13.265,0.43834046,0.0065363371
13.266,0.41486672,0.14167108
13.267,0.3507829,0.26293805
13.268,0.25236204,0.35846683
13.269,0.12923822,0.41890639
13.27,-0.0065363431,0.43834046
13.271,-0.14167108,0.41486669
13.272,-0.26293805,0.3507829
13.273,-0.35846683,0.25236204
13.274,-0.41890639,0.12923822
13.275,-0.43834046,-0.0065363478
13.276,-0.41486672,-0.14167109
13.277,-0.3507829,-0.26293808
13.278,-0.25236204,-0.35846683
13.279,-0.12923822,-0.41890639
13.28,0.0065363459,-0.43834046
13.281,0.14167108,-0.41486672
13.282,0.26293808,-0.35078293
13.283,0.35846686,-0.25236204
13.284,0.41890639,-0.12923823
13.285,0.43834046,0.0065363375
13.286,0.41486672,0.14167108
13.287,0.3507829,0.26293805
13.288,0.25236204,0.35846683
13.289,0.12923822,0.41890639
13.29,-0.0065363417,0.43834046
13.291,-0.14167108,0.41486669
13.292,-0.26293805,0.3507829
13.293,-0.35846683,0.25236204
13.294,-0.41890639,0.12923822
13.295,-0.43834046,-0.0065363473
13.296,-0.41486672,-0.14167109
13.297,-0.3507829,-0.26293808
13.298,-0.25236204,-0.35846683
13.299,-0.12923822,-0.41890639
13.3,0.0065363469,-0.43834046
13.301,0.14167109,-0.41486672
13.302,0.26293808,-0.3507829
13.303,0.35846683,-0.25236204
13.304,0.41890639,-0.12923823
13.305,0.43834046,0.006536338
13.306,0.41486672,0.14167108
13.307,0.35078293,0.26293805
13.308,0.25236204,0.35846683
13.309,0.12923822,0.41890639
13.31,-0.0065363408,0.43834046
13.311,-0.14167108,0.41486669
13.312,-0.26293805,0.3507829
13.313,-0.35846683,0.25236204
13.314,-0.41890639,0.12923822
13.315,-0.43834046,-0.0065363464
13.316,-0.41486672,-0.14167109
13.317,-0.3507829,-0.26293808
13.318,-0.25236204,-0.35846683
13.319,-0.12923822,-0.41890639
13.32,0.0065363478,-0.43834046
13.321,0.14167109,-0.41486672
13.322,0.26293808,-0.3507829
13.323,0.35846683,-0.25236204
13.324,0.41890639,-0.12923822
13.325,0.43834046,0.0065363385
13.326,0.41486672,0.14167108
13.327,0.35078293,0.26293805
13.328,0.25236204,0.35846683
13.329,0.12923822,0.41890639
13.33,-0.0065363399,0.43834046
13.331,-0.14167108,0.41486669
13.332,-0.26293805,0.3507829
13.333,-0.35846683,0.25236204
13.334,-0.41890639,0.12923822
13.335,-0.43834046,-0.0065363455
13.336,-0.41486672,-0.14167109
13.337,-0.3507829,-0.26293808
13.338,-0.25236204,-0.35846683
13.339,-0.12923822,-0.41890639
13.34,0.0065363483,-0.43834046
13.341,0.14167109,-0.41486672
13.342,0.26293808,-0.3507829
13.343,0.35846683,-0.25236204
13.344,0.41890639,-0.12923822
13.345,0.43834046,0.0065363403
13.346,0.41486672,0.14167108
13.347,0.35078293,0.26293808
13.348,0.25236204,0.35846683
13.349,0.12923822,0.41890639
13.35,-0.0065363389,0.43834046
13.351,-0.14167108,0.41486669
13.352,-0.26293805,0.3507829
13.353,-0.35846683,0.25236204
13.354,-0.41890639,0.12923822
13.355,-0.43834046,-0.0065363455
13.356,-0.41486672,-0.14167109
13.357,-0.3507829,-0.26293808
13.358,-0.25236204,-0.35846683
13.359,-0.12923822,-0.41890639
13.36,0.0065363483,-0.43834046
13.361,0.14167109,-0.41486672
13.362,0.26293808,-0.3507829
13.363,0.35846683,-0.25236204
13.364,0.41890639,-0.12923822
13.365,0.43834046,0.0065363422
13.366,0.41486672,0.14167108
13.367,0.35078293,0.26293808
13.368,0.25236204,0.35846683
13.369,0.12923822,0.41890639
13.37,-0.0065363385,0.43834046
13.371,-0.14167108,0.41486672
13.372,-0.26293805,0.3507829
13.373,-0.35846683,0.25236204
13.374,-0.41890639,0.12923822
13.375,-0.43834046,-0.0065363445
13.376,-0.41486672,-0.14167108
13.377,-0.3507829,-0.26293808
13.378,-0.25236204,-0.35846683
13.379,-0.12923822,-0.41890639
13.38,0.0065363483,-0.43834046
13.381,0.14167109,-0.41486672
13.382,0.26293808,-0.3507829
13.383,0.35846683,-0.25236204
13.384,0.41890639,-0.12923822
13.385,0.43834046,0.0065363436
13.386,0.41486672,0.14167108
13.387,0.35078293,0.26293808
13.388,0.25236204,0.35846683
13.389,0.12923822,0.41890639
13.39,-0.0065363385,0.43834046
13.391,-0.14167108,0.41486672
13.392,-0.26293805,0.3507829
13.393,-0.35846683,0.25236204
13.394,-0.41890639,0.12923822
13.395,-0.43834046,-0.0065363441
13.396,-0.41486672,-0.14167108
13.397,-0.3507829,-0.26293808
13.398,-0.25236204,-0.35846683
13.399,-0.12923822,-0.41890639
13.4,0.0065363483,-0.43834046
13.401,0.14167109,-0.41486672
13.402,0.26293808,-0.3507829
13.403,0.35846683,-0.25236204
13.404,0.41890639,-0.12923822
13.405,0.43834046,0.0065363455
13.406,0.41486672,0.14167108
13.407,0.35078293,0.26293808
13.408,0.25236204,0.35846686
13.409,0.12923822,0.41890639
13.41,-0.0065363385,0.43834046
13.411,-0.14167108,0.41486672
13.412,-0.26293805,0.3507829
13.413,-0.35846683,0.25236204
13.414,-0.41890639,0.12923822
13.415,-0.43834046,-0.0065363431
13.416,-0.41486669,-0.14167108
13.417,-0.3507829,-0.26293808
13.418,-0.25236204,-0.35846683
13.419,-0.12923822,-0.41890639
13.42,0.0065363478,-0.43834046
13.421,0.14167109,-0.41486672
13.422,0.26293808,-0.3507829
13.423,0.35846683,-0.25236204
13.424,0.41890639,-0.12923822
13.425,0.43834046,0.0065363464
13.426,0.41486672,0.14167109
13.427,0.35078293,0.26293808
13.428,0.25236204,0.35846686
13.429,0.12923822,0.41890639
13.43,-0.0065363389,0.43834046
13.431,-0.14167108,0.41486672
13.432,-0.26293805,0.3507829
13.433,-0.35846683,0.25236204
13.434,-0.41890639,0.12923822
13.435,-0.43834046,-0.0065363422
13.436,-0.41486669,-0.14167108
13.437,-0.3507829,-0.26293805
13.438,-0.25236204,-0.35846683
13.439,-0.12923822,-0.41890639
13.44,0.0065363469,-0.43834046
13.441,0.14167109,-0.41486672
13.442,0.26293808,-0.3507829
13.443,0.35846683,-0.25236204
13.444,0.41890639,-0.12923822
13.445,0.43834046,0.0065363473
13.446,0.41486672,0.14167109
13.447,0.3507829,0.26293808
13.448,0.25236204,0.35846686
13.449,0.12923822,0.41890639
13.45,-0.0065363399,0.43834046
13.451,-0.14167108,0.41486672
13.452,-0.26293805,0.3507829
13.453,-0.35846683,0.25236204
13.454,-0.41890639,0.12923822
13.455,-0.43834046,-0.0065363413
13.456,-0.41486669,-0.14167108
13.457,-0.3507829,-0.26293805
13.458,-0.25236204,-0.35846683
13.459,-0.12923822,-0.41890639
13.46,0.0065363455,-0.43834046
13.461,0.14167109,-0.41486672
13.462,0.26293808,-0.3507829
13.463,0.35846683,-0.25236204
13.464,0.41890639,-0.12923822
13.465,0.43834046,0.0065363483
13.466,0.41486672,0.14167109
13.467,0.3507829,0.26293808
13.468,0.25236204,0.35846686
13.469,0.12923822,0.41890639
13.47,-0.0065363408,0.43834046
13.471,-0.14167108,0.41486672
13.472,-0.26293805,0.35078293
13.473,-0.35846683,0.25236204
13.474,-0.41890639,0.12923822
13.475,-0.43834046,-0.0065363403
13.476,-0.41486669,-0.14167108
13.477,-0.3507829,-0.26293805
13.478,-0.25236204,-0.35846683
13.479,-0.12923822,-0.41890639
13.48,0.0065363445,-0.43834046
13.481,0.14167109,-0.41486672
13.482,0.26293808,-0.3507829
13.483,0.35846683,-0.25236204
13.484,0.41890639,-0.12923822
13.485,0.43834046,0.0065363483
13.486,0.41486672,0.14167109
13.487,0.3507829,0.26293808
13.488,0.25236204,0.35846683
13.489,0.12923822,0.41890639
13.49,-0.0065363417,0.43834046
13.491,-0.14167108,0.41486672
13.492,-0.26293808,0.35078293
13.493,-0.35846683,0.25236204
13.494,-0.41890639,0.12923822
13.495,-0.43834046,-0.0065363399
13.496,-0.41486672,-0.14167108
13.497,-0.3507829,-0.26293805
13.498,-0.25236204,-0.35846683
13.499,-0.12923822,-0.41890639
13.5,0.0065363431,-0.43834046
13.501,0.14167108,-0.41486672
13.502,0.26293808,-0.3507829
13.503,0.35846683,-0.25236204
13.504,0.41890639,-0.12923822
13.505,0.43834046,0.0065363483
13.506,0.41486669,0.14167109
13.507,0.3507829,0.26293808
13.508,0.25236204,0.35846683
13.509,0.12923822,0.41890639
13.51,-0.0065363427,0.43834046
13.511,-0.14167108,0.41486672
13.512,-0.26293808,0.35078293
13.513,-0.35846683,0.25236204
13.514,-0.41890639,0.12923822
13.515,-0.43834046,-0.0065363399
13.516,-0.41486672,-0.14167108
13.517,-0.3507829,-0.26293805
13.518,-0.25236204,-0.35846683
13.519,-0.12923822,-0.41890639
13.52,0.0065363422,-0.43834046
13.521,0.14167108,-0.41486672
13.522,0.26293808,-0.3507829
13.523,0.35846683,-0.25236204
13.524,0.41890639,-0.12923822
13.525,0.43834046,0.0065363478
13.526,0.41486669,0.14167109
13.527,0.3507829,0.26293808
13.528,0.25236204,0.35846683
13.529,0.12923822,0.41890639
13.53,-0.0065363445,0.43834046
13.531,-0.14167109,0.41486672
13.532,-0.26293808,0.35078293
13.533,-0.35846683,0.25236204
13.534,-0.41890639,0.12923822
13.535,-0.43834046,-0.0065363399
13.536,-0.41486672,-0.14167108
13.537,-0.3507829,-0.26293805
13.538,-0.25236204,-0.35846683
13.539,-0.12923822,-0.41890639
13.54,0.0065363417,-0.43834046
13.541,0.14167108,-0.41486672
13.542,0.26293808,-0.3507829
13.543,0.35846683,-0.25236204
13.544,0.41890639,-0.12923822
13.545,0.43834046,0.0065363473
13.546,0.41486669,0.14167109
13.547,0.3507829,0.26293808
13.548,0.25236204,0.35846683
13.549,0.12923822,0.41890639
13.55,-0.0065363459,0.43834046
13.551,-0.14167109,0.41486672
13.552,-0.26293808,0.35078293
13.553,-0.35846686,0.25236204
13.554,-0.41890639,0.12923822
13.555,-0.43834046,-0.0065363403
13.556,-0.41486672,-0.14167108
13.557,-0.3507829,-0.26293805
13.558,-0.25236204,-0.35846683
13.559,-0.12923822,-0.41890639
13.56,0.0065363408,-0.43834046
13.561,0.14167108,-0.41486672
13.562,0.26293808,-0.3507829
13.563,0.35846683,-0.25236204
13.564,0.41890639,-0.12923822
13.565,0.43834046,0.0065363464
13.566,0.41486669,0.14167109
13.567,0.3507829,0.26293808
13.568,0.25236204,0.35846683
13.569,0.12923822,0.41890639
13.57,-0.0065363473,0.43834046
13.571,-0.14167109,0.41486672
13.572,-0.26293808,0.35078293
13.573,-0.35846686,0.25236204
13.574,-0.41890639,0.12923822
13.575,-0.43834046,-0.0065363408
13.576,-0.41486672,-0.14167108
13.577,-0.3507829,-0.26293805
13.578,-0.25236204,-0.35846683
13.579,-0.12923822,-0.41890639
13.58,0.0065363403,-0.43834046
13.581,0.14167108,-0.41486672
13.582,0.26293808,-0.3507829
13.583,0.35846683,-0.25236204
13.584,0.41890639,-0.12923822
13.585,0.43834046,0.006536345
13.586,0.41486669,0.14167108
13.587,0.3507829,0.26293808
13.588,0.25236204,0.35846683
13.589,0.12923822,0.41890639
13.59,-0.0065363483,0.43834046
13.591,-0.14167109,0.41486672
13.592,-0.26293808,0.35078293
13.593,-0.35846686,0.25236204
13.594,-0.41890639,0.12923822
13.595,-0.43834046,-0.0065363413
13.596,-0.41486672,-0.14167108
13.597,-0.35078293,-0.26293805
13.598,-0.25236204,-0.35846683
13.599,-0.12923822,-0.41890639
13.6,0.0065363399,-0.43834046
13.601,0.14167108,-0.41486672
13.602,0.26293805,-0.3507829
13.603,0.35846683,-0.25236204
13.604,0.41890639,-0.12923822
13.605,0.43834046,0.0065363436
13.606,0.41486672,0.14167108
13.607,0.3507829,0.26293808
13.608,0.25236204,0.35846683
13.609,0.12923822,0.41890639
13.61,-0.0065363487,0.43834046
13.611,-0.14167109,0.41486672
13.612,-0.26293808,0.3507829
13.613,-0.35846686,0.25236204
13.614,-0.41890639,0.12923822
13.615,-0.43834046,-0.0065363422
13.616,-0.41486672,-0.14167108
13.617,-0.35078293,-0.26293808
13.618,-0.25236204,-0.35846683
13.619,-0.12923822,-0.41890639
13.62,0.0065363394,-0.43834046
13.621,0.14167108,-0.41486672
13.622,0.26293805,-0.3507829
13.623,0.35846683,-0.25236204
13.624,0.41890639,-0.12923822
13.625,0.43834046,0.0065363422
13.626,0.41486672,0.14167108
13.627,0.3507829,0.26293805
13.628,0.25236204,0.35846683
13.629,0.12923822,0.41890639
13.63,-0.0065363487,0.43834046
13.631,-0.14167109,0.41486672
13.632,-0.26293808,0.3507829
13.633,-0.35846686,0.25236204
13.634,-0.41890639,0.12923822
13.635,-0.43834046,-0.0065363431
13.636,-0.41486672,-0.14167108
13.637,-0.35078293,-0.26293808
13.638,-0.25236204,-0.35846683
13.639,-0.12923822,-0.41890639
13.64,0.0065363394,-0.43834046
13.641,0.14167108,-0.41486672
13.642,0.26293805,-0.3507829
13.643,0.35846683,-0.25236204
13.644,0.41890639,-0.12923822
13.645,0.43834046,0.0065363408
13.646,0.41486672,0.14167108
13.647,0.3507829,0.26293805
13.648,0.25236204,0.35846683
13.649,0.12923822,0.41890639
13.65,-0.0065363483,0.43834046
13.651,-0.14167109,0.41486669
13.652,-0.26293808,0.3507829
13.653,-0.35846686,0.25236204
13.654,-0.41890639,0.12923822
13.655,-0.43834046,-0.0065363441
13.656,-0.41486672,-0.14167109
13.657,-0.35078293,-0.26293808
13.658,-0.25236204,-0.35846683
13.659,-0.12923822,-0.41890639
13.66,0.0065363394,-0.43834046
13.661,0.14167108,-0.41486672
13.662,0.26293805,-0.3507829
13.663,0.35846683,-0.25236204
13.664,0.41890639,-0.12923822
13.665,0.43834046,0.0065363394
13.666,0.41486672,0.14167108
13.667,0.3507829,0.26293805
13.668,0.25236204,0.35846683
13.669,0.12923822,0.41890639
13.67,-0.0065363478,0.43834046
13.671,-0.14167109,0.41486669
13.672,-0.26293808,0.3507829
13.673,-0.35846683,0.25236204
13.674,-0.41890639,0.12923822
13.675,-0.43834046,-0.006536345
13.676,-0.41486672,-0.14167109
13.677,-0.35078293,-0.26293808
13.678,-0.25236204,-0.35846686
13.679,-0.12923822,-0.41890639
13.68,0.0065363399,-0.43834046
13.681,0.14167108,-0.41486672
13.682,0.26293805,-0.3507829
13.683,0.35846683,-0.25236204
13.684,0.41890639,-0.12923822
13.685,0.43834046,0.0065363385
13.686,0.41486672,0.14167108
13.687,0.3507829,0.26293805
13.688,0.25236204,0.35846683
13.689,0.12923822,0.41890639
13.69,-0.0065363469,0.43834046
13.691,-0.14167109,0.41486669
13.692,-0.26293808,0.3507829
13.693,-0.35846683,0.25236204
13.694,-0.41890639,0.12923822
13.695,-0.43834046,-0.0065363464
13.696,-0.41486672,-0.14167109
13.697,-0.35078293,-0.26293808
13.698,-0.25236204,-0.35846686
13.699,-0.12923822,-0.41890639
13.7,0.0065363403,-0.43834046
13.701,0.14167108,-0.41486672
13.702,0.26293805,-0.3507829
13.703,0.35846683,-0.25236204
13.704,0.41890639,-0.12923822
13.705,0.43834046,0.0065363385
13.706,0.41486672,0.14167108
13.707,0.3507829,0.26293805
13.708,0.25236204,0.35846683
13.709,0.12923822,0.41890639
13.71,-0.0065363459,0.43834046
13.711,-0.14167108,0.41486669
13.712,-0.26293808,0.3507829
13.713,-0.35846683,0.25236204
13.714,-0.41890639,0.12923822
13.715,-0.43834046,-0.0065363478
13.716,-0.41486672,-0.14167109
13.717,-0.35078293,-0.26293808
13.718,-0.25236204,-0.35846686
13.719,-0.12923822,-0.41890639
13.72,0.0065363413,-0.43834046
13.721,0.14167108,-0.41486672
13.722,0.26293805,-0.3507829
13.723,0.35846683,-0.25236204
13.724,0.41890639,-0.12923822
13.725,0.43834046,0.0065363385
13.726,0.41486672,0.14167108
13.727,0.35078293,0.26293805
13.728,0.25236204,0.35846683
13.729,0.12923822,0.41890639
13.73,-0.0065363445,0.43834046
13.731,-0.14167108,0.41486669
13.732,-0.26293808,0.3507829
13.733,-0.35846683,0.25236204
13.734,-0.41890639,0.12923822
13.735,-0.43834046,-0.0065363487
13.736,-0.41486672,-0.14167109
13.737,-0.35078293,-0.26293808
13.738,-0.25236204,-0.35846686
13.739,-0.12923822,-0.41890639
13.74,0.0065363422,-0.43834046
13.741,0.14167108,-0.41486672
13.742,0.26293805,-0.35078293
13.743,0.35846683,-0.25236204
13.744,0.41890639,-0.12923822
13.745,0.43834046,0.0065363385
13.746,0.41486672,0.14167108
13.747,0.35078293,0.26293805
13.748,0.25236204,0.35846683
13.749,0.12923822,0.41890639
13.75,-0.0065363431,0.43834046
13.751,-0.14167108,0.41486669
13.752,-0.26293805,0.3507829
13.753,-0.35846683,0.25236204
13.754,-0.41890639,0.12923822
13.755,-0.43834046,-0.0065363492
13.756,-0.41486672,-0.14167109
13.757,-0.35078293,-0.26293808
13.758,-0.25236204,-0.35846686
13.759,-0.12923822,-0.41890639
13.76,0.0065363431,-0.43834046
13.761,0.14167108,-0.41486672
13.762,0.26293808,-0.35078293
13.763,0.35846683,-0.25236204
13.764,0.41890639,-0.12923822
13.765,0.43834046,0.0065363385
13.766,0.41486672,0.14167108
13.767,0.35078293,0.26293805
13.768,0.25236204,0.35846683
13.769,0.12923822,0.41890639
13.77,-0.0065363417,0.43834046
13.771,-0.14167108,0.41486669
13.772,-0.26293805,0.3507829
13.773,-0.35846683,0.25236204
13.774,-0.41890639,0.12923822
13.775,-0.43834046,-0.0065363492
13.776,-0.41486672,-0.14167109
13.777,-0.3507829,-0.26293808
13.778,-0.25236204,-0.35846686
13.779,-0.12923822,-0.41890639
13.78,0.0065363441,-0.43834046
13.781,0.14167108,-0.41486672
13.782,0.26293808,-0.35078293
13.783,0.35846683,-0.25236204
13.784,0.41890639,-0.12923822
13.785,0.43834046,0.0065363389
13.786,0.41486672,0.14167108
13.787,0.3507829,0.26293805
13.788,0.25236204,0.35846683
13.789,0.12923822,0.41890639
13.79,-0.0065363403,0.43834046
13.791,-0.14167108,0.41486672
13.792,-0.26293805,0.3507829
13.793,-0.35846683,0.25236204
13.794,-0.41890639,0.12923822
13.795,-0.43834046,-0.0065363487
13.796,-0.41486669,-0.14167109
13.797,-0.3507829,-0.26293808
13.798,-0.25236204,-0.35846686
13.799,-0.12923822,-0.41890639
13.8,0.006536345,-0.43834046
13.801,0.14167109,-0.41486672
13.802,0.26293808,-0.35078293
13.803,0.35846683,-0.25236204
13.804,0.41890639,-0.12923822
13.805,0.43834046,0.0065363394
13.806,0.41486672,0.14167108
13.807,0.3507829,0.26293805
13.808,0.25236204,0.35846683
13.809,0.12923822,0.41890639
13.81,-0.0065363394,0.43834046
13.811,-0.14167108,0.41486672
13.812,-0.26293805,0.3507829
13.813,-0.35846683,0.25236204
13.814,-0.41890639,0.12923822
13.815,-0.43834046,-0.0065363483
13.816,-0.41486669,-0.14167109
13.817,-0.3507829,-0.26293808
13.818,-0.25236204,-0.35846686
13.819,-0.12923822,-0.41890639
13.82,0.0065363459,-0.43834046
13.821,0.14167109,-0.41486672
13.822,0.26293808,-0.35078293
13.823,0.35846683,-0.25236204
13.824,0.41890639,-0.12923822
13.825,0.43834046,0.0065363403
13.826,0.41486672,0.14167108
13.827,0.3507829,0.26293805
13.828,0.25236204,0.35846683
13.829,0.12923822,0.41890639
13.83,-0.0065363385,0.43834046
13.831,-0.14167108,0.41486672
13.832,-0.26293805,0.3507829
13.833,-0.35846683,0.25236204
13.834,-0.41890639,0.12923822
13.835,-0.43834046,-0.0065363473
13.836,-0.41486669,-0.14167109
13.837,-0.3507829,-0.26293808
13.838,-0.25236204,-0.35846683
13.839,-0.12923822,-0.41890639
13.84,0.0065363469,-0.43834046
13.841,0.14167109,-0.41486672
13.842,0.26293808,-0.35078293
13.843,0.35846686,-0.25236204
13.844,0.41890639,-0.12923822
13.845,0.43834046,0.0065363413
13.846,0.41486672,0.14167108
13.847,0.3507829,0.26293805
13.848,0.25236204,0.35846683
13.849,0.12923822,0.41890639
13.85,-0.006536338,0.43834046
13.851,-0.14167108,0.41486672
13.852,-0.26293805,0.3507829
13.853,-0.35846683,0.25236204
13.854,-0.41890639,0.12923822
13.855,-0.43834046,-0.0065363464
13.856,-0.41486669,-0.14167108
13.857,-0.3507829,-0.26293808
13.858,-0.25236204,-0.35846683
13.859,-0.12923822,-0.41890639
13.86,0.0065363473,-0.43834046
13.861,0.14167109,-0.41486672
13.862,0.26293808,-0.35078293
13.863,0.35846686,-0.25236204
13.864,0.41890639,-0.12923822
13.865,0.43834046,0.0065363422
13.866,0.41486672,0.14167108
13.867,0.3507829,0.26293805
13.868,0.25236204,0.35846683
13.869,0.12923822,0.41890639
13.87,-0.006536338,0.43834046
13.871,-0.14167108,0.41486672
13.872,-0.26293805,0.3507829
13.873,-0.35846683,0.25236204
13.874,-0.41890639,0.12923822
13.875,-0.43834046,-0.006536345
13.876,-0.41486669,-0.14167108
13.877,-0.3507829,-0.26293805
13.878,-0.25236204,-0.35846683
13.879,-0.12923822,-0.41890639
13.88,0.0065363483,-0.43834046
13.881,0.14167109,-0.41486672
13.882,0.26293808,-0.3507829
13.883,0.35846686,-0.25236204
13.884,0.41890639,-0.12923822
13.885,0.43834046,0.0065363431
13.886,0.41486672,0.14167108
13.887,0.3507829,0.26293805
13.888,0.25236204,0.35846683
13.889,0.12923822,0.41890639
13.89,-0.0065363385,0.43834046
13.891,-0.14167108,0.41486672
13.892,-0.26293805,0.35078293
13.893,-0.35846683,0.25236204
13.894,-0.41890639,0.12923822
13.895,-0.43834046,-0.0065363436
13.896,-0.41486669,-0.14167108
13.897,-0.3507829,-0.26293805
13.898,-0.25236204,-0.35846683
13.899,-0.12923822,-0.41890639
13.9,0.0065363487,-0.43834046
13.901,0.14167109,-0.41486672
13.902,0.26293808,-0.3507829
13.903,0.35846686,-0.25236204
13.904,0.41890639,-0.12923822
13.905,0.43834046,0.0065363441
13.906,0.41486672,0.14167108
13.907,0.3507829,0.26293808
13.908,0.25236204,0.35846683
13.909,0.12923822,0.41890639
13.91,-0.0065363394,0.43834046
13.911,-0.14167108,0.41486672
13.912,-0.26293805,0.35078293
13.913,-0.35846683,0.25236204
13.914,-0.41890639,0.12923822
13.915,-0.43834046,-0.0065363422
13.916,-0.41486669,-0.14167108
13.917,-0.3507829,-0.26293805
13.918,-0.25236204,-0.35846683
13.919,-0.12923822,-0.41890639
13.92,0.0065363487,-0.43834046
13.921,0.14167109,-0.41486672
13.922,0.26293808,-0.3507829
13.923,0.35846686,-0.25236204
13.924,0.41890639,-0.12923822
13.925,0.43834046,0.006536345
13.926,0.41486672,0.14167109
13.927,0.3507829,0.26293808
13.928,0.25236204,0.35846683
13.929,0.12923822,0.41890639
13.93,-0.0065363403,0.43834046
13.931,-0.14167108,0.41486672
13.932,-0.26293808,0.35078293
13.933,-0.35846683,0.25236204
13.934,-0.41890639,0.12923822
13.935,-0.43834046,-0.0065363408
13.936,-0.41486669,-0.14167108
13.937,-0.3507829,-0.26293805
13.938,-0.25236204,-0.35846683
13.939,-0.12923822,-0.41890639
13.94,0.0065363483,-0.43834046
13.941,0.14167109,-0.41486669
13.942,0.26293808,-0.3507829
13.943,0.35846686,-0.25236204
13.944,0.41890639,-0.12923822
13.945,0.43834046,0.0065363459
13.946,0.41486672,0.14167109
13.947,0.3507829,0.26293808
13.948,0.25236204,0.35846683
13.949,0.12923822,0.41890639
13.95,-0.0065363413,0.43834046
13.951,-0.14167108,0.41486672
13.952,-0.26293805,0.35078293
13.953,-0.35846683,0.25236204
13.954,-0.41890639,0.12923822
13.955,-0.43834046,-0.0065363399
13.956,-0.41486672,-0.14167108
13.957,-0.3507829,-0.26293805
13.958,-0.25236204,-0.35846683
13.959,-0.12923822,-0.41890639
13.96,0.0065363473,-0.43834046
13.961,0.14167109,-0.41486669
13.962,0.26293808,-0.3507829
13.963,0.35846686,-0.25236204
13.964,0.41890639,-0.12923822
13.965,0.43834046,0.0065363464
13.966,0.41486672,0.14167109
13.967,0.3507829,0.26293808
13.968,0.25236204,0.35846683
13.969,0.12923822,0.41890639
13.97,-0.0065363422,0.43834046
13.971,-0.14167108,0.41486672
13.972,-0.26293805,0.3507829
13.973,-0.35846683,0.25236204
13.974,-0.41890639,0.12923822
13.975,-0.43834046,-0.0065363394
13.976,-0.41486672,-0.14167108
13.977,-0.3507829,-0.26293805
13.978,-0.25236204,-0.35846683
13.979,-0.12923822,-0.41890639
13.98,0.0065363464,-0.43834046
13.981,0.14167108,-0.41486669
13.982,0.26293808,-0.3507829
13.983,0.35846683,-0.25236204
13.984,0.41890639,-0.12923822
13.985,0.43834046,0.0065363469
13.986,0.41486672,0.14167109
13.987,0.3507829,0.26293808
13.988,0.25236204,0.35846683
13.989,0.12923822,0.41890639
13.99,-0.0065363431,0.43834046
13.991,-0.14167108,0.41486672
13.992,-0.26293805,0.3507829
13.993,-0.35846683,0.25236204
13.994,-0.41890639,0.12923822
13.995,-0.43834046,-0.0065363385
13.996,-0.41486672,-0.14167108
13.997,-0.3507829,-0.26293805
13.998,-0.25236204,-0.35846683
13.999,-0.12923822,-0.41890639
14,0.0065363338,-0.43834049
14,0.0065363338,-0.43834049
14,0.0065363478,-0.43834049
14,0.0065363478,-0.43834049
14.001,0.14160439,-0.41489074
14.002,0.26271808,-0.3509486
14.003,0.35811666,-0.25286046
14.004,0.41859546,-0.13026437
14.005,0.43838409,0.0048756134
14.006,0.41567683,0.13943738
14.007,0.35278195,0.26041582
14.008,0.25587183,0.35617566
14.009,0.13436429,0.41756186
14.01,-2.9116193e-06,0.43876258
14.011,-0.134312,0.41784436
14.012,-0.25570822,0.35691217
14.013,-0.35262671,0.26188263
14.014,-0.41588604,0.14189602
14.015,-0.43954647,0.0084265266
14.016,-0.421453,-0.12582147
14.017,-0.36341581,-0.24812466
14.018,-0.27101409,-0.34694386
14.019,-0.15304613,-0.41300541
14.02,-0.0206804,-0.44016039
14.021,0.1136089,-0.42594311
14.022,0.23722029,-0.37177923
14.023,0.33860549,-0.28282821
14.024,0.40834203,-0.1674777
14.025,0.43999863,-0.036541268
14.026,0.43071496,0.097763218
14.027,0.38144511,0.22295727
14.028,0.29684502,0.3274602
14.029,0.18481857,0.40165487
14.03,0.055767339,0.43876317
14.031,-0.078383744,0.43545279
14.032,-0.2052926,0.39212167
14.033,-0.31333536,0.31283793
14.034,-0.3926664,0.20494358
14.035,-0.43610686,0.078362741
14.036,-0.43978238,-0.055320397
14.037,-0.40345445,-0.18392675
14.038,-0.33051845,-0.29579264
14.039,-0.22767231,-0.38082385
14.04,-0.10428878,-0.43139872
14.041,0.02844822,-0.44304007
14.042,0.15856341,-0.41479781
14.043,0.2743721,-0.34931114
14.044,0.3655268,-0.25254774
14.045,0.42393488,-0.13324726
14.046,0.44446665,-0.002121686
14.047,0.42539278,0.12911326
14.048,0.36851528,0.24878748
14.049,0.27898332,0.34631255
14.05,0.16481414,0.41311279
14.051,0.036164384,0.44336969
14.052,-0.095581077,0.43451652
14.053,-0.21882018,0.3874419
14.054,-0.32275483,0.3063876
14.055,-0.39833218,0.19855317
14.056,-0.43902475,0.073445231
14.057,-0.44138247,-0.057969015
14.058,-0.40531182,-0.18422775
14.059,-0.3340601,-0.29437479
14.06,-0.23390973,-0.37890667
14.061,-0.11361277,-0.43058521
14.062,0.016383164,-0.44504663
14.063,0.14484785,-0.42115721
14.064,0.26074037,-0.3610875
14.065,0.35415572,-0.27010199
14.066,0.41716501,-0.1560856
14.067,0.44447911,-0.028850526
14.068,0.43388036,0.10071491
14.069,0.38638893,0.22158106
14.07,0.30615234,0.32351485
14.071,0.20007078,0.39794126
14.072,0.07719323,0.43865639
14.073,-0.052062277,0.44233343
14.074,-0.17679612,0.40878141
14.075,-0.28654671,0.34093797
14.076,-0.37216434,0.24459955
14.077,-0.42656708,0.12791504
14.078,-0.44531649,0.00068776973
14.079,-0.42696756,-0.12645371
14.08,-0.37316614,-0.24294539
14.081,-0.28848931,-0.33916366
14.082,-0.18004416,-0.40721473
14.083,-0.056861669,-0.4415735
14.084,0.070862114,-0.43952098
14.085,0.19261348,-0.4013465
14.086,0.29842618,-0.33030099
14.087,0.37969324,-0.23230839
14.088,0.42985979,-0.11546104
14.089,0.4449417,0.01065648
14.09,0.42383003,0.13575847
14.091,0.36835888,0.24969839
14.092,0.28313431,0.34328943
14.093,0.17514075,0.40903971
14.094,0.053159535,0.44174317
14.095,-0.072951563,0.43888083
14.096,-0.19305795,0.4008024
14.097,-0.2975623,0.33067593
14.098,-0.37816736,0.23421291
14.099,-0.42852777,0.11919292
14.1,-0.44473976,-0.0051713581
14.101,-0.42563224,-0.12897688
14.102,-0.37283832,-0.24242015
14.103,-0.29064435,-0.33657143
14.104,-0.18563125,-0.40407234
14.105,-0.066138618,-0.43970272
14.106,0.058403846,-0.44077384
14.107,0.17822374,-0.40731937
14.108,0.28397268,-0.34207147
14.109,0.36745214,-0.25022647
14.11,0.42224264,-0.13902131
14.111,0.44418839,-0.017155286
14.112,0.43170142,0.1058953
14.113,0.38586435,0.22061601
14.114,0.31032574,0.31818849
14.115,0.21099928,0.39116371
14.116,0.095591627,0.43402338
14.117,-0.027002126,0.44358739
14.118,-0.14738792,0.41923869
14.119,-0.25639328,0.36295003
14.12,-0.34576359,0.27911338
14.121,-0.4087818,0.17418733
14.122,-0.44076514,0.056191374
14.123,-0.43940303,-0.065912731
14.124,-0.4049125,-0.18290432
14.125,-0.34000194,-0.28599983
14.126,-0.24964786,-0.36750883
14.127,-0.1407041,-0.42140141
14.128,-0.021374559,-0.44374576
14.129,0.09940926,-0.43298474
14.13,0.21265869,-0.39003259
14.131,0.30999562,-0.31818759
14.132,0.38426816,-0.22286867
14.133,0.4300693,-0.11119793
14.134,0.44412172,0.0085379435
14.135,0.42550176,0.12750669
14.136,0.37568831,0.23698302
14.137,0.29843539,0.32898661
14.138,0.19947946,0.39685929
14.139,0.086105496,0.43573949
14.14,-0.033395302,0.44290149
14.141,-0.1503351,0.41793472
14.142,-0.25626126,0.36275804
14.143,-0.3435654,0.28146026
14.144,-0.40602466,0.17998703
14.145,-0.43923742,0.06569986
14.146,-0.44092494,-0.053163465
14.147,-0.41107652,-0.16808595
14.148,-0.35193208,-0.27088115
14.149,-0.26780427,-0.35427359
14.15,-0.16475564,-0.41240859
14.151,-0.050154097,-0.44125542
14.152,0.067858659,-0.43887761
14.153,0.1809478,-0.40555233
14.154,0.28117365,-0.34373325
14.155,0.36154625,-0.25786003
14.156,0.41650701,-0.15403104
14.157,0.44230562,-0.039563514
14.158,0.43724698,0.07752642
14.159,0.40179196,0.18908755
14.16,0.33850771,0.28740028
14.161,0.25187248,0.36570743
14.162,0.1479509,0.41867337
14.163,0.033962581,0.44273987
14.164,-0.082223758,0.43635589
14.165,-0.19263525,0.40006745
14.166,-0.28974128,0.33646303
14.167,-0.36696404,0.24997988
14.168,-0.4191184,0.14658627
14.169,-0.4427526,0.033363424
14.17,-0.43636784,-0.081983529
14.171,-0.40050343,-0.19165193
14.172,-0.3376832,-0.28826872
14.173,-0.25222901,-0.36538276
14.174,-0.14995594,-0.41789043
14.175,-0.037770182,-0.44236612
14.176,0.07680171,-0.43727681
14.177,0.18611938,-0.40306836
14.178,0.28293762,-0.34211934
14.179,0.36088377,-0.25856721
14.18,0.4148719,-0.15801923
14.181,0.44142753,-0.047170214
14.182,0.43890283,0.066647425
14.183,0.40756977,0.17595074
14.184,0.3495855,0.27359802
14.185,0.26883557,0.3532525
14.186,0.17066585,0.40978879
14.187,0.061522555,0.4396162
14.188,-0.05147573,0.44089836
14.189,-0.16100444,0.41365722
14.19,-0.26000768,0.35975572
14.191,-0.34215063,0.28276238
14.192,-0.40222025,0.18770696
14.193,-0.43644997,0.080745645
14.194,-0.44274777,-0.031242164
14.195,-0.42081591,-0.14109883
14.196,-0.37215379,-0.2418465
14.197,-0.29994744,-0.32712829
14.198,-0.20885338,-0.39160532
14.199,-0.10469192,-0.43128544
14.2,0.0059298775,-0.44376278
14.201,0.11604011,-0.42835531
14.202,0.21874216,-0.38613248
14.203,0.30764541,-0.31983364
14.204,0.37725955,-0.23368204
14.205,0.4233281,-0.13310947
14.206,0.44308197,-0.024408465
14.207,0.43539813,0.085664608
14.208,0.40085432,0.19031109
14.209,0.34167856,0.2831091
14.21,0.26159781,0.35840473
14.211,0.16559663,0.41165209
14.212,0.059601102,0.43968141
14.213,-0.049890846,0.44088006
14.214,-0.15620962,0.41527712
14.215,-0.25292018,0.3645272
14.216,-0.33420965,0.29179582
14.217,-0.39523244,0.20155489
14.218,-0.43239367,0.099301927
14.219,-0.44355401,-0.0087791858
14.22,-0.42814493,-0.11619487
14.221,-0.38718861,-0.21653271
14.222,-0.32322285,-0.30384281
14.223,-0.24013685,-0.3729876
14.224,-0.14292845,-0.41993919
14.225,-0.037398409,-0.44200775
14.226,0.070198901,-0.4379881
14.227,0.17352758,-0.40821752
14.228,0.26654294,-0.35454217
14.229,0.3438428,-0.28019518
14.23,0.4009771,-0.18959554
14.231,0.43469855,-0.088079974
14.232,0.44314066,0.018415242
14.233,0.42591307,0.12370393
14.234,0.38411099,0.22170965
14.235,0.3202385,0.306815
14.236,0.2380521,0.37418056
14.237,0.14233348,0.42001528
14.238,0.038606893,0.44178379
14.239,-0.067182727,0.43833953
14.24,-0.16901191,0.40997773
14.241,-0.26112127,0.35840499
14.242,-0.33833912,0.28663006
14.243,-0.39636791,0.19878195
14.244,-0.43201843,0.099867381
14.245,-0.44337869,-0.0045187566
14.246,-0.42990917,-0.10851204
14.247,-0.39246032,-0.20630857
14.248,-0.33321273,-0.29248795
14.249,-0.25554326,-0.36231089
14.25,-0.16382699,-0.41197556
14.251,-0.063186102,-0.43881911
14.252,0.040799286,-0.44145402
14.253,0.14240243,-0.41983253
14.254,0.23606522,-0.37523666
14.255,0.31670067,-0.31019592
14.256,0.37996602,-0.22833771
14.257,0.42249215,-0.13417962
14.258,0.44205704,-0.032876074
14.259,0.43769547,0.070066594
14.26,0.40973949,0.16909051
14.261,0.35978815,0.25888601
14.262,0.29060975,0.33467424
14.263,0.20598279,0.39245802
14.264,0.11048478,0.42922798
14.265,0.0092407735,0.44311342
14.266,-0.092353866,0.43347085
14.267,-0.18892172,0.40090656
14.268,-0.27538723,0.34723279
14.269,-0.34724116,0.27536082
14.27,-0.40077209,0.18913752
14.271,-0.43325323,0.093134977
14.272,-0.4430756,-0.0075951642
14.273,-0.42982119,-0.10778962
14.274,-0.39427325,-0.20224893
14.275,-0.33836427,-0.28610626
14.276,-0.2650651,-0.35507572
14.277,-0.17822202,-0.40566772
14.278,-0.082350373,-0.43536064
14.279,0.017602997,-0.44272074
14.28,0.11651687,-0.42746502
14.281,0.20935835,-0.39046463
14.282,0.29143786,-0.33368924
14.283,0.35864353,-0.26009676
14.284,0.40764335,-0.17347419
14.285,0.43604589,-0.078238755
14.286,0.44251096,0.020790387
14.287,0.42680696,0.11863756
14.288,0.38981137,0.21042083
14.289,0.33345655,0.29159454
14.29,0.26062298,0.35817185
14.291,0.17498747,0.40691712
14.292,0.080833495,0.43549833
14.293,-0.017165819,0.44259334
14.294,-0.11418137,0.42794487
14.295,-0.20546626,0.39236268
14.296,-0.286587,0.3376734
14.297,-0.35363665,0.26662171
14.298,-0.40341938,0.18272759
14.299,-0.43359846,0.090108193
14.3,-0.44280055,-0.0067271111
14.301,-0.43067259,-0.1030979
14.302,-0.39788839,-0.1943794
14.303,-0.3461062,-0.27622357
14.304,-0.27787969,-0.34476396
14.305,-0.19652748,-0.39679545
14.306,-0.10596752,-0.42991963
14.307,-0.010525715,-0.44265059
14.308,0.08527264,-0.43447572
14.309,0.17691797,-0.40587047
14.31,0.26012814,-0.35826579
14.311,0.33104676,-0.29397154
14.312,0.38641876,-0.21605988
14.313,0.42373636,-0.12821446
14.314,0.44134751,-0.034553174
14.315,0.43852395,0.060566891
14.316,0.41548541,0.15275298
14.317,0.37337998,0.23777926
14.318,0.3142218,0.31177908
14.319,0.24079023,0.37141827
14.32,0.15649511,0.41404182
14.321,0.065215297,0.43778777
14.322,-0.028882187,0.44166371
14.323,-0.12153354,0.42558244
14.324,-0.20857149,0.3903569
14.325,-0.28611165,0.33765426
14.326,-0.35072386,0.26991251
14.327,-0.39958072,0.19022334
14.328,-0.43057749,0.10218768
14.329,-0.44241816,0.0097505013
14.33,-0.43466446,-0.082977638
14.331,-0.40774634,-0.17190389
14.332,-0.36293405,-0.25313318
14.333,-0.3022736,-0.32313719
14.334,-0.22848922,-0.37890515
14.335,-0.14485711,-0.41806972
14.336,-0.055057283,-0.43900335
14.337,0.036990352,-0.44088125
14.338,0.12729818,-0.42370868
14.339,0.21198358,-0.38831189
14.34,0.28743476,-0.33629403
14.341,0.35046273,-0.26995826
14.342,0.39843342,-0.19220197
14.343,0.42937368,-0.10638687
14.344,0.44204849,-0.016191389
14.345,0.43600526,0.074548557
14.346,0.41158482,0.16200323
14.347,0.36989847,0.24251029
14.348,0.3127732,0.31272671
14.349,0.2426677,0.36976528
14.35,0.16256297,0.41131029
14.351,0.075832665,0.43570763
14.352,-0.013900854,0.44202638
14.353,-0.10291905,0.4300895
14.354,-0.18756144,0.40047318
14.355,-0.26437542,0.35447484
14.356,-0.33025545,0.29405239
14.357,-0.382566,0.22173706
14.358,-0.41924408,0.1405243
14.359,-0.43887642,0.053747017
14.36,-0.44074982,-0.035062812
14.361,-0.42487219,-0.1223188
14.362,-0.39196464,-0.20452492
14.363,-0.34342456,-0.2784147
14.364,-0.28126243,-0.34107918
14.365,-0.20801517,-0.39007893
14.366,-0.12663965,-0.42353582
14.367,-0.040390875,-0.44020116
14.368,0.047309607,-0.43949804
14.369,0.13301015,-0.42153671
14.37,0.21336474,-0.38710278
14.371,0.28526255,-0.33761883
14.372,0.34594667,-0.27508214
14.373,0.39311716,-0.20198071
14.374,0.42501524,-0.12119141
14.375,0.44048497,-0.035864726
14.376,0.4390111,0.050699599
14.377,0.42073181,0.13518071
14.378,0.38642597,0.2143639
14.379,0.33747646,0.2852619
14.38,0.27581075,0.3452259
14.381,0.20382188,0.39204186
14.382,0.12427294,0.42400953
14.383,0.040188864,0.44000039
14.384,-0.045259915,0.43949363
14.385,-0.12887765,0.42258868
14.386,-0.20756264,0.38999474
14.387,-0.2784214,0.34299728
14.388,-0.33887339,0.28340411
14.389,-0.38674271,0.2134725
14.39,-0.42033359,0.13582136
14.391,-0.43848705,0.053330835
14.392,-0.44061711,-0.030965805
14.393,-0.42672569,-0.11399444
14.394,-0.39739567,-0.19275218
14.395,-0.35376325,-0.2644152
14.396,-0.29747066,-0.32643858
14.397,-0.23060106,-0.37664458
14.398,-0.15559913,-0.41329637
14.399,-0.075179361,-0.43515515
14.4,0.0077736187,-0.44151831
14.401,0.090309352,-0.43223828
14.402,0.16951668,-0.40772125
14.403,0.24262589,-0.36890647
14.404,0.30710435,-0.31722698
14.405,0.36074245,-0.25455374
14.406,0.4017269,-0.18312523
14.407,0.42869923,-0.10546529
14.408,0.44079742,-0.024292264
14.409,0.4376801,0.05757717
14.41,0.41953182,0.13732614
14.411,0.38705099,0.21223423
14.412,0.34141946,0.27976945
14.413,0.28425685,0.33767223
14.414,0.21756026,0.384029
14.415,0.14363216,0.41733289
14.416,0.064999044,0.43652976
14.417,-0.015676098,0.44104815
14.418,-0.09568473,0.43081284
14.419,-0.17236374,0.4062413
14.42,-0.24318358,0.36822408
14.421,-0.30583048,0.31808937
14.422,-0.35828051,0.25755402
14.423,-0.39886257,0.18866229
14.424,-0.4263092,0.11371468
14.425,-0.43979308,0.035189722
14.426,-0.43894869,-0.044339113
14.427,-0.42387867,-0.12228811
14.428,-0.39514476,-0.19614713
14.429,-0.35374406,-0.2635597
14.43,-0.30107176,-0.32239699
14.431,-0.23887156,-0.37082314
14.432,-0.16917568,-0.40735039
14.433,-0.094236732,-0.43088225
14.434,-0.016453477,-0.44074321
14.435,0.061706651,-0.43669528
14.436,0.13778616,-0.41893983
14.437,0.2094145,-0.38810599
14.438,0.27438107,-0.3452256
14.439,0.33070219,-0.29169628
14.44,0.37667981,-0.22923326
14.441,0.41095057,-0.15981252
14.442,0.43252367,-0.08560659
14.443,0.4408066,-0.0089153564
14.444,0.43561843,0.06790591
14.445,0.41719007,0.14251912
14.446,0.38615218,0.21267422
14.447,0.34351102,0.27627617
14.448,0.29061335,0.33144632
14.449,0.22910175,0.37657613
14.45,0.16086151,0.4103719
14.451,0.087961398,0.43188953
14.452,0.012589805,0.44055817
14.453,-0.063011698,0.43619224
14.454,-0.13661522,0.41899228
14.455,-0.20607185,0.38953391
14.456,-0.26937383,0.34874633
14.457,-0.32471117,0.29788053
14.458,-0.37052205,0.23846892
14.459,-0.40553468,0.17227712
14.46,-0.42880058,0.10125008
14.461,-0.4397175,0.027453702
14.462,-0.43804237,-0.046985943
14.463,-0.42389354,-0.11994414
14.464,-0.39774281,-0.18935804
14.465,-0.3603974,-0.25328431
14.466,-0.31297278,-0.30995262
14.467,-0.25685731,-0.35781306
14.468,-0.19366968,-0.39557695
14.469,-0.12521072,-0.42224935
14.47,-0.053410802,-0.43715283
14.471,0.019725364,-0.43994233
14.472,0.092175111,-0.43061006
14.473,0.16195375,-0.40948159
14.474,0.22716853,-0.37720215
14.475,0.2860691,-0.33471513
14.476,0.33709332,-0.28323227
14.477,0.37890717,-0.22419725
14.478,0.41043764,-0.15924364
14.479,0.43089831,-0.090148345
14.48,0.43980646,-0.018782146
14.481,0.43699199,0.052941632
14.482,0.42259783,0.12311855
14.483,0.39707175,0.18990345
14.484,0.36115065,0.25155836
14.485,0.3158372,0.30649683
14.486,0.26236999,0.3533234
14.487,0.20218791,0.3908675
14.488,0.13689017,0.41821077
14.489,0.068192631,0.43470761
14.49,-0.0021180881,0.43999788
14.491,-0.072231472,0.4340125
14.492,-0.14035979,0.41697109
14.493,-0.20478341,0.38937256
14.494,-0.26389354,0.35197842
14.495,-0.31623143,0.30579013
14.496,-0.36052307,0.25202036
14.497,-0.39570868,0.19205977
14.498,-0.42096618,0.12743962
14.499,-0.43572849,0.059791852
14.5,-0.43969396,-0.0091929594
14.501,-0.43283024,-0.077808119
14.502,-0.41537127,-0.1443731
14.503,-0.38780782,-0.20727436
14.504,-0.35087195,-0.26500386
14.505,-0.3055158,-0.31619421
14.506,-0.25288543,-0.35964993
14.507,-0.1942905,-0.39437377
14.508,-0.13117035,-0.419588
14.509,-0.065057814,-0.43474984
14.51,0.0024586816,-0.43956113
14.511,0.069773652,-0.433972
14.512,0.13530274,-0.41817838
14.513,0.19751978,-0.39261404
14.514,0.25499177,-0.35793689
14.515,0.30641094,-0.31501052
14.516,0.35062361,-0.26488104
14.517,0.38665447,-0.20875035
14.518,0.41372669,-0.14794603
14.519,0.43127689,-0.08388906
14.52,0.4389649,-0.018059948
14.521,0.43667844,0.048035908
14.522,0.42453212,0.11290277
14.523,0.4028618,0.17508823
14.524,0.37221366,0.23321532
14.525,0.33332893,0.28601223
14.526,0.28712448,0.33233929
14.527,0.23466983,0.37121224
14.528,0.17716126,0.40182191
14.529,0.11589345,0.42354912
14.53,0.052229676,0.43597564
14.531,-0.01242868,0.4388915
14.532,-0.076673791,0.43229491
14.533,-0.13912182,0.41638982
14.534,-0.19844246,0.39157826
14.535,-0.25338671,0.35844892
14.536,-0.30281237,0.31776193
14.537,-0.34570682,0.27042976
14.538,-0.38120666,0.21749574
14.539,-0.40861371,0.16010995
14.54,-0.42740709,0.099503465
14.541,-0.43725163,0.036961269
14.542,-0.43800196,-0.026205342
14.543,-0.42970267,-0.088686444
14.544,-0.4125846,-0.14920057
14.545,-0.38705707,-0.20652069
14.546,-0.35369688,-0.25949857
14.547,-0.31323403,-0.30708691
14.548,-0.26653427,-0.34835938
14.549,-0.21457982,-0.38252711
14.55,-0.15844749,-0.40895295
14.551,-0.099285729,-0.42716154
14.552,-0.038290568,-0.43684649
14.553,0.023318959,-0.43787384
14.554,0.084325314,-0.43028206
14.555,0.14353645,-0.41427854
14.556,0.19980881,-0.39023289
14.557,0.25206897,-0.35866728
14.558,0.29933339,-0.32024378
14.559,0.34072611,-0.27574936
14.56,0.37549391,-0.22607875
14.561,0.40301889,-0.17221554
14.562,0.42282808,-0.11521202
14.563,0.43460029,-0.056167986
14.564,0.43816957,0.0037908277
14.565,0.4335261,0.063534394
14.566,0.42081374,0.1219497
14.567,0.40032488,0.17796123
14.568,0.37249267,0.2305505
14.569,0.33788082,0.27877387
14.57,0.29717088,0.32177889
14.571,0.25114802,0.35881832
14.572,0.20068491,0.3892622
14.573,0.14672446,0.4126074
14.574,0.090261608,0.42848462
14.575,0.032324512,0.43666294
14.576,-0.026044415,0.43705165
14.577,-0.083807379,0.42969951
14.578,-0.13994956,0.41479182
14.579,-0.19349669,0.39264461
14.58,-0.24353157,0.36369717
14.581,-0.28920919,0.32850218
14.582,-0.32977024,0.28771418
14.583,-0.364553,0.24207661
14.584,-0.39300299,0.19240735
14.585,-0.41468084,0.13958353
14.586,-0.42926788,0.084525466
14.587,-0.43656945,0.028180229
14.588,-0.43651628,-0.028494837
14.589,-0.42916346,-0.084548451
14.59,-0.41468734,-0.1390513
14.591,-0.39338067,-0.19111118
14.592,-0.36564574,-0.23988722
14.593,-0.33198574,-0.28460297
14.594,-0.29299489,-0.32455811
14.595,-0.24934697,-0.35913849
14.596,-0.20178317,-0.38782495
14.597,-0.1510987,-0.41019988
14.598,-0.098129123,-0.42595235
14.599,-0.043736156,-0.43488121
14.6,0.011206551,-0.43689653
14.601,0.065827563,-0.43201897
14.602,0.11927142,-0.42037761
14.603,0.17071189,-0.40220594
14.604,0.21936437,-0.37783656
14.605,0.26449752,-0.34769401
14.606,0.30544356,-0.3122867
14.607,0.3416076,-0.27219757
14.608,0.3724755,-0.22807376
14.609,0.39762026,-0.18061557
14.61,0.41670698,-0.13056484
14.611,0.42949641,-0.07869298
14.612,0.43584672,-0.025788795
14.613,0.43571404,0.027353667
14.614,0.42915121,0.079947084
14.615,0.41630533,0.13122244
14.616,0.39741394,0.18044004
14.617,0.37279981,0.22689991
14.618,0.34286469,0.26995131
14.619,0.30808207,0.3090013
14.62,0.26898897,0.34352231
14.621,0.22617705,0.37305853
14.622,0.18028317,0.39723116
14.623,0.13197939,0.41574246
14.624,0.081962831,0.42837828
14.625,0.030945394,0.43500987
14.626,-0.020356581,0.43559381
14.627,-0.071232364,0.43017119
14.628,-0.12098663,0.4188655
14.629,-0.1689488,0.40187925
14.63,-0.21448179,0.37948987
14.631,-0.2569901,0.3520444
14.632,-0.29592726,0.31995344
14.633,-0.33080202,0.28368455
14.634,-0.36118433,0.2437547
14.635,-0.3867096,0.20072247
14.636,-0.40708253,0.15517984
14.637,-0.42207962,0.1077437
14.638,-0.43155077,0.059047177
14.639,-0.43541986,0.0097310748
14.64,-0.43368429,-0.039564654
14.641,-0.42641371,-0.088209204
14.642,-0.41374752,-0.1355889
14.643,-0.39589199,-0.1811147
14.644,-0.37311611,-0.22422934
14.645,-0.34574705,-0.26441365
14.646,-0.31416497,-0.30119255
14.647,-0.278797,-0.33414
14.648,-0.24011119,-0.36288348
14.649,-0.19860978,-0.38710752
14.65,-0.15482233,-0.40655646
14.651,-0.10929869,-0.42103645
14.652,-0.062601842,-0.43041661
14.653,-0.015300822,-0.43462932
14.654,0.032036301,-0.43366984
14.655,0.078849226,-0.42759499
14.656,0.12459198,-0.4165214
14.657,0.16873911,-0.40062287
14.658,0.21079151,-0.38012707
14.659,0.25028175,-0.35531187
14.66,0.28677884,-0.32650104
14.661,0.31989262,-0.2940596
14.662,0.34927735,-0.25838867
14.663,0.37463483,-0.21992019
14.664,0.39571682,-0.17911132
14.665,0.41232678,-0.13643871
14.666,0.42432114,-0.092392758
14.667,0.43160975,-0.047471788
14.668,0.43415576,-0.002176279
14.669,0.43197498,0.042996682
14.67,0.42513457,0.087558866
14.671,0.41375124,0.13103606
14.672,0.39798892,0.17297293
14.673,0.37805605,0.21293767
14.674,0.35420227,0.25052601
14.675,0.32671502,0.2853651
14.676,0.29591551,0.31711677
14.677,0.26215479,0.34548041
14.678,0.2258092,0.37019533
14.679,0.18727601,0.39104256
14.68,0.14696878,0.40784636
14.681,0.10531281,0.42047504
14.682,0.062740371,0.42884144
14.683,0.019686213,0.43290269
14.684,-0.023416914,0.43265986
14.685,-0.066142626,0.42815697
14.686,-0.10807505,0.41947943
14.687,-0.14881273,0.40675256
14.688,-0.18797229,0.39013922
14.689,-0.22519192,0.36983752
14.69,-0.26013428,0.34607804
14.691,-0.29248941,0.31912082
14.692,-0.32197708,0.28925231
14.693,-0.34834871,0.25678188
14.694,-0.37138924,0.2220384
14.695,-0.39091831,0.18536671
14.696,-0.40679118,0.14712389
14.697,-0.41889933,0.10767572
14.698,-0.4271706,0.067393064
14.699,-0.4315691,0.026648225
14.7,-0.43209463,-0.014188459
14.701,-0.42878205,-0.054751985
14.702,-0.42169982,-0.094685897
14.703,-0.41094896,-0.13364531
14.704,-0.39666116,-0.17129976
14.705,-0.378997,-0.20733581
14.706,-0.35814378,-0.24145947
14.707,-0.33431327,-0.27339834
14.708,-0.30773935,-0.30290344
14.709,-0.27867532,-0.3297509
14.71,-0.24739125,-0.35374328
14.711,-0.21417145,-0.37471068
14.712,-0.17931144,-0.39251143
14.713,-0.14311536,-0.40703285
14.714,-0.10589305,-0.41819119
14.715,-0.067957453,-0.42593199
14.716,-0.029621817,-0.43022951
14.717,0.0088028517,-0.43108648
14.718,0.047010325,-0.42853332
14.719,0.084701531,-0.42262715
14.72,0.1215868,-0.41345075
14.721,0.15738802,-0.40111127
14.722,0.1918405,-0.38573873
14.723,0.22469486,-0.36748442
14.724,0.25571853,-0.34651923
14.725,0.28469723,-0.32303172
14.726,0.31143618,-0.2972264
14.727,0.33576107,-0.26932144
14.728,0.35751894,-0.23954695
14.729,0.3765789,-0.20814277
14.73,0.39283234,-0.17535636
14.731,0.40619341,-0.14144081
14.732,0.41659904,-0.10665283
14.733,0.42400873,-0.071250618
14.734,0.42840439,-0.035492029
14.735,0.42978981,0.00036738886
14.736,0.42819017,0.036076169
14.737,0.42365116,0.071388654
14.738,0.41623828,0.10606663
14.739,0.40603575,0.13988082
14.74,0.39314544,0.17261229
14.741,0.37768576,0.20405376
14.742,0.35979024,0.23401067
14.743,0.33960634,0.26230228
14.744,0.31729409,0.28876254
14.745,0.29302448,0.3132408
14.746,0.26697809,0.33560246
14.747,0.23934373,0.35572949
14.748,0.21031675,0.37352061
14.749,0.18009764,0.38889161
14.75,0.14889066,0.40177575
14.751,0.11690221,0.41212362
14.752,0.084339559,0.41990229
14.753,0.05140936,0.42509612
14.754,0.018316446,0.42770556
14.755,-0.014737548,0.42774716
14.756,-0.047555301,0.42525285
14.757,-0.079944901,0.42026928
14.758,-0.11172111,0.41285738
14.759,-0.14270587,0.40309107
14.76,-0.17272995,0.39105722
14.761,-0.2016328,0.37685379
14.762,-0.22926429,0.36058989
14.763,-0.25548431,0.34238395
14.764,-0.28016433,0.32236338
14.765,-0.30318692,0.30066308
14.766,-0.32444686,0.27742487
14.767,-0.34385091,0.25279599
14.768,-0.36131829,0.22692855
14.769,-0.37678072,0.19997808
14.77,-0.39018229,0.17210287
14.771,-0.40147975,0.14346273
14.772,-0.41064194,0.11421829
14.773,-0.41765022,0.084529765
14.774,-0.42249742,0.054556392
14.775,-0.42518836,0.024455257
14.776,-0.42573872,-0.0056191776
14.777,-0.42417532,-0.035516173
14.778,-0.420535,-0.065089114
14.779,-0.4148646,-0.094196431
14.78,-0.40722018,-0.12270205
14.781,-0.39766648,-0.15047598
14.782,-0.38627636,-0.17739493
14.783,-0.37312999,-0.20334242
14.784,-0.3583146,-0.22820976
14.785,-0.34192333,-0.25189567
14.786,-0.32405496,-0.27430719
14.787,-0.30481291,-0.29535943
14.788,-0.28430492,-0.31497616
14.789,-0.26264209,-0.33308941
14.79,-0.23993829,-0.34964013
14.791,-0.21630961,-0.36457777
14.792,-0.19187362,-0.37786043
14.793,-0.16674881,-0.38945475
14.794,-0.14105393,-0.39933583
14.795,-0.11490741,-0.40748709
14.796,-0.088426948,-0.41389993
14.797,-0.061728716,-0.41857383
14.798,-0.034927163,-0.42151567
14.799,-0.0081342459,-0.42273992
14.8,0.018540718,-0.42226785
14.801,0.044991747,-0.42012766
14.802,0.071116321,-0.41635376
14.803,0.096815921,-0.4109866
14.804,0.12199622,-0.40407225
14.805,0.1465674,-0.39566204
14.806,0.17044447,-0.38581207
14.807,0.19354726,-0.37458286
14.808,0.21580096,-0.36203897
14.809,0.23713583,-0.34824848
14.81,0.2574878,-0.33328271
14.811,0.27679807,-0.31721571
14.812,0.29501361,-0.30012384
14.813,0.31208685,-0.28208551
14.814,0.3279759,-0.26318058
14.815,0.34264445,-0.24349013
14.816,0.3560617,-0.22309606
14.817,0.36820233,-0.20208065
14.818,0.37904641,-0.18052632
14.819,0.38857931,-0.1585152
14.82,0.39679146,-0.13612889
14.821,0.40367842,-0.11344806
14.822,0.40924042,-0.09055233
14.823,0.41348255,-0.067519784
14.824,0.4164142,-0.044426907
14.825,0.41804919,-0.021348218
14.826,0.41840526,0.0016438367
14.827,0.41750416,0.024479177
14.828,0.41537118,0.047090199
14.829,0.41203502,0.069411963
14.83,0.40752757,0.091382369
14.831,0.40188369,0.11294217
14.832,0.39514095,0.13403527
14.833,0.38733929,0.15460858
14.834,0.378521,0.17461233
14.835,0.36873031,0.19399992
14.836,0.35801318,0.21272811
14.837,0.34641719,0.23075697
14.838,0.33399117,0.24804993
14.839,0.32078508,0.26457375
14.84,0.30684969,0.28029856
14.841,0.29223654,0.29519776
14.842,0.27699751,0.30924797
14.843,0.2611849,0.32242921
14.844,0.24485098,0.33472449
14.845,0.22804798,0.34611997
14.846,0.21082789,0.3566049
14.847,0.19324222,0.36617139
14.848,0.17534198,0.37481445
14.849,0.15717739,0.38253182
14.85,0.13879789,0.38932395
14.851,0.12025192,0.39519373
14.852,0.10158681,0.4001466
14.853,0.082848735,0.40419024
14.854,0.064082548,0.40733463
14.855,0.04533175,0.4095917
14.856,0.026638351,0.41097552
14.857,0.0080428822,0.4115018
14.858,-0.010415771,0.41118813
14.859,-0.028700311,0.41005364
14.86,-0.046775177,0.40811893
14.861,-0.064606488,0.40540597
14.862,-0.082162157,0.4019379
14.863,-0.099411845,0.39773908
14.864,-0.11632702,0.39283475
14.865,-0.13288094,0.38725114
14.866,-0.14904867,0.38101512
14.867,-0.1648071,0.37415436
14.868,-0.18013485,0.36669695
14.869,-0.19501239,0.35867155
14.87,-0.20942189,0.35010707
14.871,-0.22334728,0.34103274
14.872,-0.23677418,0.33147788
14.873,-0.24968989,0.32147199
14.874,-0.26208335,0.31104448
14.875,-0.27394509,0.30022469
14.876,-0.28526717,0.28904179
14.877,-0.29604322,0.27752471
14.878,-0.30626824,0.26570216
14.879,-0.31593874,0.25360233
14.88,-0.3250525,0.24125311
14.881,-0.33360869,0.22868186
14.882,-0.34160766,0.21591544
14.883,-0.349051,0.2029801
14.884,-0.35594141,0.18990149
14.885,-0.36228272,0.1767046
14.886,-0.36807978,0.16341375
14.887,-0.37333834,0.15005249
14.888,-0.37806514,0.13664368
14.889,-0.38226777,0.12320935
14.89,-0.38595459,0.1097708
14.891,-0.38913473,0.096348472
14.892,-0.39181799,0.082962014
14.893,-0.39401484,0.069630206
14.894,-0.39573631,0.056371052
14.895,-0.39699396,0.043201674
14.896,-0.39779988,0.030138345
14.897,-0.39816651,0.017196482
14.898,-0.39810669,0.0043906295
14.899,-0.39763367,-0.0082655512
14.9,-0.39676085,-0.020759242
14.901,-0.39550209,-0.033078182
14.902,-0.39387125,-0.045211263
14.903,-0.39188242,-0.057148095
14.904,-0.38954994,-0.068878956
14.905,-0.38688809,-0.080394991
14.906,-0.38391119,-0.091688164
14.907,-0.38063371,-0.1027511
14.908,-0.37707007,-0.1135771
14.909,-0.3732346,-0.1241603
14.91,-0.36914152,-0.13449551
14.911,-0.36480516,-0.14457807
14.912,-0.36023951,-0.15440412
14.913,-0.35545847,-0.16397038
14.914,-0.35047591,-0.17327414
14.915,-0.34530532,-0.18231329
14.916,-0.3399601,-0.19108632
14.917,-0.3344534,-0.1995922
14.918,-0.3287982,-0.2078304
14.919,-0.32300708,-0.21580096
14.92,-0.31709245,-0.22350429
14.921,-0.31106651,-0.23094131
14.922,-0.30494109,-0.23811333
14.923,-0.29872763,-0.24502206
14.924,-0.29243752,-0.25166959
14.925,-0.28608164,-0.25805837
14.926,-0.27967057,-0.26419115
14.927,-0.27321467,-0.27007103
14.928,-0.26672393,-0.2757014
14.929,-0.26020801,-0.28108588
14.93,-0.25367618,-0.28622836
14.931,-0.24713753,-0.29113299
14.932,-0.24060072,-0.29580408
14.933,-0.23407406,-0.30024615
14.934,-0.22756565,-0.30446389
14.935,-0.22108316,-0.30846217
14.936,-0.214634,-0.31224599
14.937,-0.20822524,-0.31582046
14.938,-0.20186366,-0.31919077
14.939,-0.19555572,-0.3223623
14.94,-0.18930756,-0.32534036
14.941,-0.18312506,-0.32813051
14.942,-0.1770138,-0.33073819
14.943,-0.17097905,-0.33316892
14.944,-0.16502585,-0.33542836
14.945,-0.15915893,-0.33752203
14.946,-0.15338275,-0.33945552
14.947,-0.14770155,-0.34123445
14.948,-0.14211929,-0.34286433
14.949,-0.13663971,-0.34435076
14.95,-0.13126628,-0.34569916
14.951,-0.12600231,-0.34691507
14.952,-0.12085082,-0.3480038
14.953,-0.11581465,-0.34897074
14.954,-0.11089645,-0.34982118
14.955,-0.10609863,-0.35056028
14.956,-0.10142346,-0.35119313
14.957,-0.096873023,-0.35172483
14.958,-0.092449196,-0.35216027
14.959,-0.088153727,-0.35250431
14.96,-0.08398819,-0.35276166
14.961,-0.079954013,-0.35293698
14.962,-0.076052494,-0.35303476
14.963,-0.072284773,-0.35305944
14.964,-0.068651877,-0.35301533
14.965,-0.065154716,-0.35290655
14.966,-0.06179408,-0.35273716
14.967,-0.058570649,-0.35251108
14.968,-0.055485014,-0.35223213
14.969,-0.052537657,-0.35190398
14.97,-0.049728993,-0.3515301
14.971,-0.047059327,-0.35111395
14.972,-0.044528909,-0.35065877
14.973,-0.042137925,-0.35016769
14.974,-0.039886467,-0.34964371
14.975,-0.037773479,-0.34908989
14.976,-0.035794545,-0.34850988
14.977,-0.033944804,-0.34790722
14.978,-0.032219838,-0.34728509
14.979,-0.030615691,-0.34664646
14.98,-0.029128689,-0.34599403
14.981,-0.027755514,-0.34533024
14.982,-0.026493149,-0.34465742
14.983,-0.02533887,-0.34397754
14.984,-0.024290156,-0.3432925
14.985,-0.023344722,-0.34260398
14.986,-0.022500526,-0.34191343
14.987,-0.021755753,-0.34122217
14.988,-0.02110864,-0.34053141
14.989,-0.020557648,-0.33984211
14.99,-0.020101329,-0.33915526
14.991,-0.019738384,-0.33847153
14.992,-0.0194676,-0.33779159
14.993,-0.019287869,-0.33711597
14.994,-0.019198189,-0.33644506
14.995,-0.019197622,-0.33577916
14.996,-0.019285334,-0.33511841
14.997,-0.019460537,-0.33446291
14.998,-0.019722521,-0.33381259
14.999,-0.020070624,-0.33316737
15,-0.020504227,-0.33252701
15,-0.020504227,-0.33252701
15.001,-0.020953335,-0.33189112
15.002,-0.021351935,-0.33125943
15.003,-0.021704894,-0.33063158
15.004,-0.022016671,-0.33000734
15.005,-0.022291716,-0.32938644
15.006,-0.022533922,-0.32876861
15.007,-0.022746691,-0.32815364
15.008,-0.022933057,-0.32754141
15.009,-0.023095768,-0.32693166
15.01,-0.023237292,-0.32632431
15.011,-0.023359723,-0.32571918
15.012,-0.023464959,-0.32511622
15.013,-0.023554841,-0.32451522
15.014,-0.023630904,-0.3239162
15.015,-0.023694606,-0.32331896
15.016,-0.023747221,-0.32272351
15.017,-0.023789901,-0.3221297
15.018,-0.023823686,-0.32153752
15.019,-0.023849482,-0.32094693
15.02,-0.023868138,-0.3203578
15.021,-0.023880366,-0.31977016
15.022,-0.02388685,-0.31918395
15.023,-0.023888171,-0.31859908
15.024,-0.023884866,-0.31801558
15.025,-0.023877414,-0.31743339
15.026,-0.023866244,-0.31685248
15.027,-0.023851763,-0.31627283
15.028,-0.023834353,-0.31569442
15.029,-0.023814272,-0.31511724
15.03,-0.023791818,-0.31454125
15.031,-0.02376727,-0.31396642
15.032,-0.023740876,-0.31339279
15.033,-0.023712769,-0.31282029
15.034,-0.02368317,-0.31224892
15.035,-0.023652246,-0.31167868
15.036,-0.023620138,-0.31110957
15.037,-0.023586951,-0.31054154
15.038,-0.023552813,-0.30997464
15.039,-0.023517832,-0.30940881
15.04,-0.02348209,-0.30884406
15.041,-0.023445671,-0.30828038
15.042,-0.023408661,-0.30771777
15.043,-0.023371132,-0.30715623
15.044,-0.023333123,-0.30659574
15.045,-0.023294708,-0.30603632
15.046,-0.023255946,-0.30547792
15.047,-0.023216881,-0.30492058
15.048,-0.023177534,-0.30436426
15.049,-0.023137957,-0.30380899
15.05,-0.023098186,-0.30325472
15.051,-0.023058243,-0.3027015
15.052,-0.023018148,-0.30214933
15.053,-0.022977928,-0.30159813
15.054,-0.0229376,-0.30104795
15.055,-0.022897184,-0.30049881
15.056,-0.022856694,-0.29995066
15.057,-0.022816144,-0.29940355
15.058,-0.022775548,-0.29885739
15.059,-0.022734912,-0.29831228
15.06,-0.022694249,-0.29776815
15.061,-0.02265357,-0.29722503
15.062,-0.022612887,-0.29668289
15.063,-0.022572208,-0.29614174
15.064,-0.022531545,-0.29560161
15.065,-0.022490911,-0.29506245
15.066,-0.022450276,-0.29452425
15.067,-0.022409666,-0.29398707
15.068,-0.022369087,-0.29345086
15.069,-0.022328548,-0.29291564
15.07,-0.022288056,-0.29238141
15.071,-0.022247616,-0.29184812
15.072,-0.022207238,-0.29131582
15.073,-0.022166915,-0.29078448
15.074,-0.022126647,-0.29025415
15.075,-0.022086443,-0.28972474
15.076,-0.022046307,-0.28919631
15.077,-0.02200624,-0.28866887
15.078,-0.021966243,-0.28814235
15.079,-0.021926317,-0.28761682
15.08,-0.021886464,-0.28709224
15.081,-0.021846673,-0.28656861
15.082,-0.021806948,-0.28604597
15.083,-0.02176729,-0.28552425
15.084,-0.021727698,-0.28500348
15.085,-0.021688165,-0.28448367
15.086,-0.021648692,-0.28396481
15.087,-0.021609273,-0.28344691
15.088,-0.021569937,-0.28292993
15.089,-0.021530673,-0.2824139
15.09,-0.021491474,-0.28189883
15.091,-0.021452336,-0.28138468
15.092,-0.021413259,-0.28087145
15.093,-0.021374244,-0.28035918
15.094,-0.021335285,-0.27984786
15.095,-0.021296395,-0.27933744
15.096,-0.021257579,-0.27882797
15.097,-0.021218833,-0.27831945
15.098,-0.021180149,-0.27781183
15.099,-0.021141533,-0.27730513
15.1,-0.021102982,-0.27679938
15.101,-0.021064496,-0.27629453
15.102,-0.021026079,-0.2757906
15.103,-0.02098773,-0.2752876
15.104,-0.020949449,-0.27478552
15.105,-0.020911239,-0.27428436
15.106,-0.020873096,-0.2737841
15.107,-0.02083502,-0.27328476
15.108,-0.020797014,-0.27278632
15.109,-0.02075908,-0.2722888
15.11,-0.020721212,-0.2717922
15.111,-0.020683415,-0.2712965
15.112,-0.020645689,-0.27080169
15.113,-0.020608032,-0.27030778
15.114,-0.020570446,-0.26981479
15.115,-0.020532932,-0.26932269
15.116,-0.020495487,-0.26883149
15.117,-0.02045811,-0.26834118
15.118,-0.02042079,-0.26785177
15.119,-0.020383539,-0.26736325
15.12,-0.020346357,-0.26687562
15.121,-0.020309241,-0.26638886
15.122,-0.020272193,-0.26590303
15.123,-0.020235214,-0.26541805
15.124,-0.020198304,-0.26493397
15.125,-0.020161461,-0.26445079
15.126,-0.020124687,-0.26396847
15.127,-0.02008798,-0.26348701
15.128,-0.02005134,-0.26300645
15.129,-0.020014768,-0.26252678
15.13,-0.019978266,-0.26204798
15.131,-0.019941829,-0.26157004
15.132,-0.019905459,-0.26109296
15.133,-0.019869152,-0.26061678
15.134,-0.019832913,-0.26014146
15.135,-0.019796738,-0.25966701
15.136,-0.019760631,-0.25919342
15.137,-0.019724591,-0.25872067
15.138,-0.019688616,-0.25824881
15.139,-0.019652708,-0.25777781
15.14,-0.019616865,-0.25730765
15.141,-0.019581089,-0.25683838
15.142,-0.019545378,-0.25636995
15.143,-0.019509733,-0.25590235
15.144,-0.019474152,-0.25543565
15.145,-0.019438639,-0.25496975
15.146,-0.019403191,-0.25450474
15.147,-0.019367805,-0.25404054
15.148,-0.019332483,-0.25357723
15.149,-0.019297225,-0.25311473
15.15,-0.019262033,-0.25265309
15.151,-0.019226905,-0.25219229
15.152,-0.019191841,-0.25173235
15.153,-0.01915684,-0.25127321
15.154,-0.019121902,-0.25081494
15.155,-0.01908703,-0.25035748
15.156,-0.019052221,-0.24990088
15.157,-0.019017475,-0.2494451
15.158,-0.018982792,-0.24899015
15.159,-0.018948171,-0.24853602
15.16,-0.018913615,-0.24808273
15.161,-0.018879121,-0.24763027
15.162,-0.018844692,-0.24717863
15.163,-0.018810324,-0.24672782
15.164,-0.01877602,-0.24627782
15.165,-0.018741777,-0.24582866
15.166,-0.018707598,-0.24538031
15.167,-0.018673481,-0.24493279
15.168,-0.018639427,-0.24448606
15.169,-0.018605433,-0.24404018
15.17,-0.018571502,-0.24359508
15.171,-0.018537633,-0.24315082
15.172,-0.018503826,-0.24270736
15.173,-0.018470081,-0.2422647
15.174,-0.018436396,-0.24182285
15.175,-0.018402774,-0.24138181
15.176,-0.018369213,-0.24094158
15.177,-0.018335711,-0.24050215
15.178,-0.018302271,-0.24006352
15.179,-0.018268893,-0.23962569
15.18,-0.018235575,-0.23918866
15.181,-0.018202318,-0.23875242
15.182,-0.018169122,-0.238317
15.183,-0.018135985,-0.23788235
15.184,-0.018102909,-0.2374485
15.185,-0.018069893,-0.23701544
15.186,-0.018036937,-0.23658317
15.187,-0.018004041,-0.23615168
15.188,-0.017971205,-0.23572099
15.189,-0.017938429,-0.23529108
15.19,-0.017905712,-0.23486196
15.191,-0.017873056,-0.23443362
15.192,-0.01784046,-0.23400606
15.193,-0.017807923,-0.23357929
15.194,-0.017775446,-0.2331533
15.195,-0.017743029,-0.23272808
15.196,-0.017710669,-0.23230363
15.197,-0.017678369,-0.23187996
15.198,-0.017646128,-0.23145707
15.199,-0.017613946,-0.23103495
15.2,-0.017581822,-0.23061359
15.201,-0.017549757,-0.230193
15.202,-0.017517749,-0.22977318
15.203,-0.017485801,-0.22935413
15.204,-0.017453911,-0.22893584
15.205,-0.01742208,-0.22851831
15.206,-0.017390305,-0.22810155
15.207,-0.017358588,-0.22768554
15.208,-0.017326931,-0.22727029
15.209,-0.017295329,-0.2268558
15.21,-0.017263785,-0.22644207
15.211,-0.017232301,-0.22602908
15.212,-0.01720087,-0.22561686
15.213,-0.0171695,-0.22520538
15.214,-0.017138185,-0.22479464
15.215,-0.017106928,-0.22438467
15.216,-0.017075727,-0.22397542
15.217,-0.017044583,-0.22356693
15.218,-0.017013496,-0.22315918
15.219,-0.016982466,-0.22275218
15.22,-0.016951492,-0.22234592
15.221,-0.016920576,-0.22194041
15.222,-0.016889716,-0.22153565
15.223,-0.016858913,-0.22113162
15.224,-0.016828166,-0.22072834
15.225,-0.016797476,-0.22032578
15.226,-0.016766841,-0.21992396
15.227,-0.016736262,-0.21952288
15.228,-0.016705737,-0.21912251
15.229,-0.016675269,-0.21872289
15.23,-0.016644858,-0.21832399
15.231,-0.0166145,-0.21792583
15.232,-0.016584199,-0.21752839
15.233,-0.016553953,-0.21713166
15.234,-0.016523764,-0.21673568
15.235,-0.016493626,-0.21634039
15.236,-0.016463546,-0.21594584
15.237,-0.01643352,-0.215552
15.238,-0.016403548,-0.21515888
15.239,-0.016373632,-0.21476649
15.24,-0.016343769,-0.2143748
15.241,-0.016313961,-0.21398382
15.242,-0.016284207,-0.21359356
15.243,-0.016254509,-0.21320401
15.244,-0.016224863,-0.21281517
15.245,-0.016195271,-0.21242703
15.246,-0.016165735,-0.2120396
15.247,-0.016136251,-0.21165287
15.248,-0.01610682,-0.21126686
15.249,-0.016077444,-0.21088155
15.25,-0.016048122,-0.21049693
15.251,-0.016018854,-0.21011305
15.252,-0.015989639,-0.20972985
15.253,-0.015960477,-0.20934735
15.254,-0.01593137,-0.20896555
15.255,-0.015902314,-0.20858446
15.256,-0.015873313,-0.20820406
15.257,-0.015844364,-0.20782435
15.258,-0.015815467,-0.20744532
15.259,-0.015786624,-0.207067
15.26,-0.015757833,-0.20668936
15.261,-0.015729094,-0.2063124
15.262,-0.015700407,-0.20593615
15.263,-0.015671775,-0.20556056
15.264,-0.015643192,-0.20518567
15.265,-0.015614662,-0.20481147
15.266,-0.015586185,-0.20443793
15.267,-0.015557759,-0.20406508
15.268,-0.015529386,-0.20369291
15.269,-0.015501063,-0.20332143
15.27,-0.015472793,-0.20295061
15.271,-0.015444574,-0.20258047
15.272,-0.015416406,-0.20221101
15.273,-0.015388289,-0.20184222
15.274,-0.015360224,-0.2014741
15.275,-0.01533221,-0.20110664
15.276,-0.015304247,-0.20073986
15.277,-0.015276335,-0.20037374
15.278,-0.015248474,-0.20000829
15.279,-0.015220663,-0.19964351
15.28,-0.015192905,-0.19927941
15.281,-0.015165196,-0.19891597
15.282,-0.015137538,-0.1985532
15.283,-0.015109932,-0.19819109
15.284,-0.015082375,-0.19782963
15.285,-0.015054869,-0.19746885
15.286,-0.015027412,-0.19710872
15.287,-0.015000006,-0.19674924
15.288,-0.01497265,-0.19639042
15.289,-0.014945343,-0.19603226
15.29,-0.014918087,-0.19567473
15.291,-0.01489088,-0.19531786
15.292,-0.014863723,-0.19496165
15.293,-0.014836615,-0.1946061
15.294,-0.014809556,-0.19425118
15.295,-0.014782547,-0.1938969
15.296,-0.014755587,-0.19354329
15.297,-0.014728677,-0.19319031
15.298,-0.014701814,-0.19283797
15.299,-0.014675002,-0.19248627
15.3,-0.014648238,-0.19213523
15.301,-0.014621522,-0.19178481
15.302,-0.014594856,-0.19143504
15.303,-0.014568238,-0.19108589
15.304,-0.014541668,-0.19073738
15.305,-0.014515147,-0.19038951
15.306,-0.014488674,-0.19004227
15.307,-0.014462249,-0.18969567
15.308,-0.014435872,-0.1893497
15.309,-0.014409544,-0.18900436
15.31,-0.014383264,-0.18865965
15.311,-0.014357032,-0.18831559
15.312,-0.014330848,-0.18797213
15.313,-0.014304711,-0.18762931
15.314,-0.014278623,-0.18728712
15.315,-0.014252582,-0.18694554
15.316,-0.014226588,-0.18660459
15.317,-0.014200642,-0.18626426
15.318,-0.014174744,-0.18592456
15.319,-0.014148891,-0.18558547
15.32,-0.014123087,-0.185247
15.321,-0.014097329,-0.18490915
15.322,-0.014071618,-0.18457191
15.323,-0.014045955,-0.18423529
15.324,-0.014020338,-0.18389928
15.325,-0.013994767,-0.18356389
15.326,-0.013969244,-0.1832291
15.327,-0.013943767,-0.18289493
15.328,-0.013918336,-0.18256135
15.329,-0.013892952,-0.1822284
15.33,-0.013867614,-0.18189605
15.331,-0.013842322,-0.1815643
15.332,-0.013817077,-0.18123317
15.333,-0.013791877,-0.18090263
15.334,-0.013766723,-0.18057269
15.335,-0.013741615,-0.18024336
15.336,-0.013716552,-0.17991462
15.337,-0.013691536,-0.1795865
15.338,-0.013666566,-0.17925896
15.339,-0.01364164,-0.17893203
15.34,-0.01361676,-0.17860568
15.341,-0.013591926,-0.17827994
15.342,-0.013567136,-0.17795478
15.343,-0.013542392,-0.17763022
15.344,-0.013517693,-0.17730625
15.345,-0.013493039,-0.17698286
15.346,-0.013468429,-0.17666008
15.347,-0.013443866,-0.17633788
15.348,-0.013419346,-0.17601627
15.349,-0.013394871,-0.17569524
15.35,-0.013370441,-0.17537479
15.351,-0.013346056,-0.17505494
15.352,-0.013321714,-0.17473565
15.353,-0.013297417,-0.17441696
15.354,-0.013273165,-0.17409885
15.355,-0.013248956,-0.17378132
15.356,-0.013224792,-0.17346436
15.357,-0.013200671,-0.17314798
15.358,-0.013176595,-0.17283218
15.359,-0.013152563,-0.17251696
15.36,-0.013128574,-0.1722023
15.361,-0.013104629,-0.17188822
15.362,-0.013080727,-0.17157471
15.363,-0.01305687,-0.17126179
15.364,-0.013033056,-0.17094941
15.365,-0.013009285,-0.17063762
15.366,-0.012985557,-0.1703264
15.367,-0.012961873,-0.17001574
15.368,-0.012938232,-0.16970564
15.369,-0.012914634,-0.16939612
15.37,-0.012891079,-0.16908716
15.371,-0.012867567,-0.16877876
15.372,-0.012844099,-0.16847092
15.373,-0.012820672,-0.16816364
15.374,-0.012797289,-0.16785693
15.375,-0.012773948,-0.16755079
15.376,-0.012750649,-0.16724518
15.377,-0.012727394,-0.16694015
15.378,-0.01270418,-0.16663566
15.379,-0.012681008,-0.16633174
15.38,-0.01265788,-0.16602837
15.381,-0.012634793,-0.16572554
15.382,-0.012611749,-0.16542327
15.383,-0.012588746,-0.16512156
15.384,-0.012565785,-0.16482039
15.385,-0.012542866,-0.16451977
15.386,-0.012519989,-0.16421971
15.387,-0.012497154,-0.16392018
15.388,-0.01247436,-0.1636212
15.389,-0.012451608,-0.16332278
15.39,-0.012428897,-0.16302489
15.391,-0.012406228,-0.16272755
15.392,-0.0123836,-0.16243075
15.393,-0.012361013,-0.16213448
15.394,-0.012338468,-0.16183877
15.395,-0.012315964,-0.16154359
15.396,-0.012293501,-0.16124895
15.397,-0.012271078,-0.16095485
15.398,-0.012248697,-0.16066128
15.399,-0.012226356,-0.16036825
15.4,-0.012204057,-0.16007575
15.401,-0.012181797,-0.1597838
15.402,-0.012159579,-0.15949236
15.403,-0.012137401,-0.15920146
15.404,-0.012115263,-0.15891109
15.405,-0.012093166,-0.15862125
15.406,-0.012071109,-0.15833195
15.407,-0.012049093,-0.15804316
15.408,-0.012027116,-0.15775491
15.409,-0.01200518,-0.15746719
15.41,-0.011983284,-0.15717998
15.411,-0.011961428,-0.1568933
15.412,-0.011939611,-0.15660715
15.413,-0.011917835,-0.15632151
15.414,-0.011896098,-0.15603641
15.415,-0.011874401,-0.15575182
15.416,-0.011852743,-0.15546775
15.417,-0.011831125,-0.15518419
15.418,-0.011809547,-0.15490116
15.419,-0.011788007,-0.15461865
15.42,-0.011766507,-0.15433665
15.421,-0.011745047,-0.15405515
15.422,-0.011723625,-0.15377417
15.423,-0.011702241,-0.15349369
15.424,-0.011680897,-0.15321374
15.425,-0.011659591,-0.15293428
15.426,-0.011638326,-0.15265535
15.427,-0.011617098,-0.15237691
15.428,-0.011595909,-0.15209898
15.429,-0.011574759,-0.15182157
15.43,-0.011553647,-0.15154466
15.431,-0.011532574,-0.15126826
15.432,-0.011511539,-0.15099235
15.433,-0.011490543,-0.15071696
15.434,-0.011469585,-0.15044206
15.435,-0.011448666,-0.15016766
15.436,-0.011427783,-0.14989376
15.437,-0.01140694,-0.14962037
15.438,-0.011386135,-0.14934748
15.439,-0.011365367,-0.14907508
15.44,-0.011344638,-0.14880317
15.441,-0.011323946,-0.14853176
15.442,-0.011303292,-0.14826086
15.443,-0.011282675,-0.14799045
15.444,-0.011262096,-0.14772052
15.445,-0.011241555,-0.14745109
15.446,-0.011221051,-0.14718215
15.447,-0.011200584,-0.14691371
15.448,-0.011180156,-0.14664574
15.449,-0.011159764,-0.14637828
15.45,-0.01113941,-0.14611129
15.451,-0.011119092,-0.1458448
15.452,-0.011098811,-0.14557879
15.453,-0.011078568,-0.14531326
15.454,-0.011058362,-0.14504823
15.455,-0.011038193,-0.14478368
15.456,-0.011018059,-0.1445196
15.457,-0.010997964,-0.14425601
15.458,-0.010977904,-0.1439929
15.459,-0.010957882,-0.14373028
15.46,-0.010937896,-0.14346813
15.461,-0.010917946,-0.14320646
15.462,-0.010898033,-0.14294526
15.463,-0.010878156,-0.14268455
15.464,-0.010858316,-0.1424243
15.465,-0.010838511,-0.14216454
15.466,-0.010818743,-0.14190525
15.467,-0.010799011,-0.14164643
15.468,-0.010779315,-0.14138809
15.469,-0.010759655,-0.14113021
15.47,-0.010740031,-0.14087281
15.471,-0.010720443,-0.14061588
15.472,-0.01070089,-0.1403594
15.473,-0.010681373,-0.14010341
15.474,-0.010661892,-0.13984787
15.475,-0.010642446,-0.13959281
15.476,-0.010623034,-0.13933821
15.477,-0.010603659,-0.13908407
15.478,-0.010584319,-0.13883039
15.479,-0.010565014,-0.13857718
15.48,-0.010545744,-0.13832442
15.481,-0.01052651,-0.13807213
15.482,-0.01050731,-0.1378203
15.483,-0.010488146,-0.13756892
15.484,-0.010469017,-0.13731802
15.485,-0.010449922,-0.13706756
15.486,-0.010430862,-0.13681756
15.487,-0.010411837,-0.13656801
15.488,-0.010392847,-0.13631892
15.489,-0.010373891,-0.1360703
15.49,-0.01035497,-0.13582212
15.491,-0.010336083,-0.13557439
15.492,-0.010317232,-0.1353271
15.493,-0.010298413,-0.13508028
15.494,-0.01027963,-0.13483392
15.495,-0.010260881,-0.13458799
15.496,-0.010242166,-0.13434251
15.497,-0.010223486,-0.13409749
15.498,-0.010204839,-0.1338529
15.499,-0.010186226,-0.13360876
15.5,-0.010167647,-0.13336508
15.501,-0.010149103,-0.13312183
15.502,-0.010130592,-0.13287903
15.503,-0.010112114,-0.13263667
15.504,-0.010093671,-0.13239476
15.505,-0.010075261,-0.13215329
15.506,-0.010056885,-0.13191225
15.507,-0.010038543,-0.13167165
15.508,-0.010020233,-0.13143149
15.509,-0.010001957,-0.13119178
15.51,-0.0099837147,-0.13095251
15.511,-0.0099655055,-0.13071366
15.512,-0.0099473298,-0.13047525
15.513,-0.0099291867,-0.13023728
15.514,-0.0099110771,-0.12999974
15.515,-0.0098930011,-0.12976263
15.516,-0.0098749576,-0.12952596
15.517,-0.0098569468,-0.12928973
15.518,-0.0098389685,-0.12905392
15.519,-0.0098210238,-0.12881854
15.52,-0.0098031117,-0.1285836
15.521,-0.0097852321,-0.12834907
15.522,-0.0097673852,-0.12811498
15.523,-0.0097495709,-0.12788132
15.524,-0.0097317891,-0.12764807
15.525,-0.00971404,-0.12741527
15.526,-0.0096963225,-0.12718289
15.527,-0.0096786376,-0.12695092
15.528,-0.0096609853,-0.12671937
15.529,-0.0096433647,-0.12648824
15.53,-0.0096257757,-0.12625754
15.531,-0.0096082194,-0.12602726
15.532,-0.0095906956,-0.12579741
15.533,-0.0095732026,-0.12556796
15.534,-0.0095557421,-0.12533894
15.535,-0.0095383134,-0.12511033
15.536,-0.0095209172,-0.12488215
15.537,-0.0095035518,-0.12465438
15.538,-0.009486218,-0.12442701
15.539,-0.0094689168,-0.12420008
15.54,-0.0094516464,-0.12397355
15.541,-0.0094344076,-0.12374743
15.542,-0.0094172005,-0.12352173
15.543,-0.0094000241,-0.12329644
15.544,-0.0093828794,-0.12307156
15.545,-0.0093657663,-0.12284709
15.546,-0.009348684,-0.12262303
15.547,-0.0093316333,-0.12239937
15.548,-0.0093146134,-0.12217613
15.549,-0.0092976242,-0.12195329
15.55,-0.0092806667,-0.12173086
15.551,-0.0092637399,-0.12150884
15.552,-0.0092468439,-0.12128723
15.553,-0.0092299785,-0.12106601
15.554,-0.009213144,-0.1208452
15.555,-0.0091963401,-0.12062479
15.556,-0.009179567,-0.12040478
15.557,-0.0091628246,-0.12018518
15.558,-0.0091461129,-0.11996597
15.559,-0.0091294311,-0.11974717
15.56,-0.00911278,-0.11952876
15.561,-0.0090961596,-0.11931076
15.562,-0.009079569,-0.11909315
15.563,-0.0090630092,-0.11887594
15.564,-0.0090464791,-0.11865912
15.565,-0.0090299798,-0.1184427
15.566,-0.0090135103,-0.11822668
15.567,-0.0089970706,-0.11801104
15.568,-0.0089806607,-0.11779581
15.569,-0.0089642815,-0.11758097
15.57,-0.0089479312,-0.11736651
15.571,-0.0089316117,-0.11715245
15.572,-0.0089153219,-0.11693878
15.573,-0.008899061,-0.1167255
15.574,-0.0088828309,-0.1165126
15.575,-0.0088666296,-0.1163001
15.576,-0.0088504581,-0.11608799
15.577,-0.0088343155,-0.11587626
15.578,-0.0088182036,-0.11566491
15.579,-0.0088021196,-0.11545396
15.58,-0.0087860664,-0.11524338
15.581,-0.0087700412,-0.11503319
15.582,-0.0087540457,-0.11482339
15.583,-0.0087380791,-0.11461396
15.584,-0.0087221423,-0.11440492
15.585,-0.0087062335,-0.11419626
15.586,-0.0086903544,-0.11398797
15.587,-0.0086745042,-0.11378007
15.588,-0.0086586829,-0.11357255
15.589,-0.0086428905,-0.1133654
15.59,-0.0086271269,-0.11315864
15.591,-0.0086113913,-0.11295225
15.592,-0.0085956855,-0.11274624
15.593,-0.0085800076,-0.1125406
15.594,-0.0085643586,-0.11233534
15.595,-0.0085487384,-0.11213045
15.596,-0.0085331462,-0.11192594
15.597,-0.0085175829,-0.11172179
15.598,-0.0085020475,-0.11151803
15.599,-0.008486541,-0.11131463
15.6,-0.0084710624,-0.1111116
15.601,-0.0084556118,-0.11090895
15.602,-0.00844019,-0.11070666
15.603,-0.0084247952,-0.11050475
15.604,-0.0084094293,-0.11030319
15.605,-0.0083940914,-0.11010201
15.606,-0.0083787823,-0.1099012
15.607,-0.0083635002,-0.10970075
15.608,-0.0083482461,-0.10950067
15.609,-0.0083330199,-0.10930096
15.61,-0.0083178207,-0.1091016
15.611,-0.0083026504,-0.10890261
15.612,-0.0082875071,-0.10870399
15.613,-0.0082723917,-0.10850572
15.614,-0.0082573034,-0.10830782
15.615,-0.008242243,-0.10811028
15.616,-0.0082272105,-0.1079131
15.617,-0.008212205,-0.10771628
15.618,-0.0081972266,-0.10751981
15.619,-0.008182276,-0.10732371
15.62,-0.0081673525,-0.10712796
15.621,-0.008152456,-0.10693258
15.622,-0.0081375875,-0.10673755
15.623,-0.008122745,-0.10654287
15.624,-0.0081079304,-0.10634855
15.625,-0.0080931429,-0.10615458
15.626,-0.0080783814,-0.10596097
15.627,-0.0080636479,-0.10576771
15.628,-0.0080489404,-0.10557481
15.629,-0.0080342609,-0.10538225
15.63,-0.0080196075,-0.10519005
15.631,-0.0080049802,-0.1049982
15.632,-0.0079903807,-0.1048067
15.633,-0.0079758074,-0.10461554
15.634,-0.0079612602,-0.10442474
15.635,-0.0079467399,-0.10423428
15.636,-0.0079322457,-0.10404416
15.637,-0.0079177776,-0.1038544
15.638,-0.0079033365,-0.10366498
15.639,-0.0078889215,-0.10347591
15.64,-0.0078745335,-0.10328718
15.641,-0.0078601707,-0.10309879
15.642,-0.0078458348,-0.10291075
15.643,-0.0078315251,-0.10272305
15.644,-0.0078172404,-0.10253569
15.645,-0.0078029828,-0.10234868
15.646,-0.0077887513,-0.102162
15.647,-0.0077745453,-0.10197567
15.648,-0.007760365,-0.10178968
15.649,-0.0077462108,-0.10160402
15.65,-0.0077320826,-0.1014187
15.651,-0.0077179801,-0.10123373
15.652,-0.0077039031,-0.10104909
15.653,-0.0076898523,-0.10086478
15.654,-0.0076758265,-0.10068082
15.655,-0.0076618269,-0.10049719
15.656,-0.0076478524,-0.10031389
15.657,-0.0076339035,-0.10013093
15.658,-0.0076199798,-0.099948302
15.659,-0.0076060817,-0.099766001
15.66,-0.0075922091,-0.099584043
15.661,-0.0075783618,-0.099402413
15.662,-0.0075645396,-0.09922111
15.663,-0.0075507425,-0.099040143
15.664,-0.007536971,-0.098859504
15.665,-0.0075232242,-0.098679192
15.666,-0.0075095026,-0.098499216
15.667,-0.0074958061,-0.09831956
15.668,-0.0074821347,-0.09814024
15.669,-0.0074684881,-0.09796124
15.67,-0.0074548665,-0.097782575
15.671,-0.0074412697,-0.09760423
15.672,-0.0074276975,-0.097426206
15.673,-0.0074141505,-0.097248517
15.674,-0.0074006277,-0.097071148
15.675,-0.0073871301,-0.0968941
15.676,-0.0073736566,-0.09671738
15.677,-0.0073602083,-0.096540973
15.678,-0.0073467842,-0.0963649
15.679,-0.0073333844,-0.096189141
15.68,-0.0073200092,-0.096013702
15.681,-0.0073066587,-0.095838584
15.682,-0.0072933324,-0.095663793
15.683,-0.0072800303,-0.095489316
15.684,-0.0072667524,-0.095315151
15.685,-0.0072534992,-0.095141314
15.686,-0.0072402698,-0.09496779
15.687,-0.0072270641,-0.094794579
15.688,-0.0072138831,-0.094621681
15.689,-0.0072007254,-0.094449103
15.69,-0.0071875923,-0.094276838
15.691,-0.007174483,-0.094104886
15.692,-0.0071613975,-0.093933254
15.693,-0.0071483357,-0.093761928
15.694,-0.0071352981,-0.093590915
15.695,-0.0071222843,-0.093420215
15.696,-0.0071092942,-0.093249828
15.697,-0.0070963274,-0.093079753
15.698,-0.0070833843,-0.092909984
15.699,-0.007070465,-0.092740528
15.7,-0.0070575695,-0.092571378
15.701,-0.0070446972,-0.09240254
15.702,-0.0070318487,-0.092234008
15.703,-0.0070190234,-0.092065781
15.704,-0.0070062215,-0.091897868
15.705,-0.0069934428,-0.091730259
15.706,-0.0069806878,-0.091562949
15.707,-0.0069679557,-0.091395952
15.708,-0.0069552469,-0.091229253
15.709,-0.0069425614,-0.091062866
15.71,-0.0069298991,-0.090896778
15.711,-0.0069172597,-0.090730987
15.712,-0.0069046435,-0.09056551
15.713,-0.0068920502,-0.090400323
15.714,-0.0068794801,-0.090235449
15.715,-0.0068669324,-0.090070866
15.716,-0.006854408,-0.089906588
15.717,-0.0068419063,-0.089742608
15.718,-0.0068294276,-0.089578927
15.719,-0.0068169716,-0.08941555
15.72,-0.0068045384,-0.089252464
15.721,-0.0067921276,-0.089089677
15.722,-0.0067797396,-0.088927187
15.723,-0.0067673745,-0.088764995
15.724,-0.0067550316,-0.088603102
15.725,-0.0067427112,-0.088441499
15.726,-0.0067304131,-0.088280194
15.727,-0.0067181378,-0.088119179
15.728,-0.0067058848,-0.087958463
15.729,-0.0066936542,-0.087798037
15.73,-0.0066814455,-0.087637901
15.731,-0.0066692596,-0.087478064
15.732,-0.0066570956,-0.087318517
15.733,-0.006644954,-0.087159254
15.734,-0.0066328347,-0.087000288
15.735,-0.0066207368,-0.086841613
15.736,-0.0066086617,-0.086683221
15.737,-0.0065966081,-0.08652512
15.738,-0.0065845768,-0.086367309
15.739,-0.0065725674,-0.086209789
15.74,-0.0065605799,-0.086052552
15.741,-0.0065486142,-0.085895605
15.742,-0.0065366705,-0.085738942
15.743,-0.0065247486,-0.085582569
15.744,-0.0065128482,-0.085426472
15.745,-0.0065009696,-0.085270666
15.746,-0.006489113,-0.085115142
15.747,-0.0064772777,-0.084959909
15.748,-0.0064654639,-0.084804952
15.749,-0.006453672,-0.084650278
15.75,-0.006441901,-0.084495887
15.751,-0.0064301519,-0.084341779
15.752,-0.0064184242,-0.084187947
15.753,-0.0064067179,-0.084034406
15.754,-0.0063950331,-0.083881132
15.755,-0.0063833692,-0.08372815
15.756,-0.0063717267,-0.083575435
15.757,-0.0063601057,-0.083423011
15.758,-0.0063485056,-0.083270855
15.759,-0.0063369269,-0.083118983
15.76,-0.0063253692,-0.082967386
15.761,-0.0063138329,-0.082816064
15.762,-0.0063023171,-0.082665019
15.763,-0.0062908228,-0.082514249
15.764,-0.0062793493,-0.082363755
15.765,-0.0062678964,-0.082213536
15.766,-0.0062564649,-0.082063593
15.767,-0.0062450538,-0.081913918
15.768,-0.0062336638,-0.081764519
15.769,-0.0062222946,-0.081615388
15.77,-0.006210946,-0.081466541
15.771,-0.0061996179,-0.081317954
15.772,-0.0061883107,-0.081169643
15.773,-0.0061770245,-0.081021599
15.774,-0.0061657582,-0.080873832
15.775,-0.006154513,-0.080726326
15.776,-0.0061432878,-0.080579095
15.777,-0.0061320835,-0.080432132
15.778,-0.0061208992,-0.080285437
15.779,-0.0061097359,-0.080139004
15.78,-0.0060985927,-0.079992846
15.781,-0.0060874699,-0.079846948
15.782,-0.0060763671,-0.079701319
15.783,-0.0060652848,-0.079555959
15.784,-0.0060542226,-0.079410858
15.785,-0.0060431804,-0.079266027
15.786,-0.0060321586,-0.079121463
15.787,-0.0060211569,-0.078977153
15.788,-0.0060101752,-0.078833111
15.789,-0.0059992136,-0.078689337
15.79,-0.0059882719,-0.078545816
15.791,-0.0059773503,-0.078402564
15.792,-0.0059664482,-0.078259565
15.793,-0.0059555667,-0.078116834
15.794,-0.0059447046,-0.077974364
15.795,-0.0059338626,-0.077832155
15.796,-0.0059230402,-0.077690199
15.797,-0.0059122373,-0.077548504
15.798,-0.0059014545,-0.07740707
15.799,-0.0058906912,-0.077265896
15.8,-0.0058799479,-0.077124976
15.801,-0.0058692237,-0.076984316
15.802,-0.0058585196,-0.07684391
15.803,-0.0058478345,-0.076703757
15.804,-0.005837169,-0.076563865
15.805,-0.0058265231,-0.076424226
15.806,-0.0058158967,-0.076284841
15.807,-0.0058052894,-0.076145709
15.808,-0.0057947016,-0.076006837
15.809,-0.0057841334,-0.075868212
15.81,-0.0057735839,-0.075729847
15.811,-0.0057630544,-0.075591728
15.812,-0.0057525435,-0.075453863
15.813,-0.0057420516,-0.07531625
15.814,-0.0057315794,-0.075178884
15.815,-0.0057211262,-0.075041771
15.816,-0.0057106917,-0.074904911
15.817,-0.0057002767,-0.074768297
15.818,-0.0056898803,-0.074631937
15.819,-0.0056795031,-0.074495822
15.82,-0.0056691449,-0.074359953
15.821,-0.0056588054,-0.074224338
15.822,-0.0056484849,-0.074088968
15.823,-0.0056381831,-0.073953845
15.824,-0.0056279004,-0.073818967
15.825,-0.0056176363,-0.073684335
15.826,-0.0056073908,-0.073549949
15.827,-0.0055971639,-0.073415808
15.828,-0.0055869557,-0.073281914
15.829,-0.0055767666,-0.073148265
15.83,-0.0055665956,-0.073014855
15.831,-0.0055564432,-0.072881691
15.832,-0.0055463095,-0.072748773
15.833,-0.005536194,-0.072616093
15.834,-0.005526097,-0.072483659
15.835,-0.0055160187,-0.072351463
15.836,-0.0055059586,-0.072219506
15.837,-0.0054959171,-0.072087795
15.838,-0.0054858937,-0.071956322
15.839,-0.0054758885,-0.071825087
15.84,-0.0054659015,-0.071694091
15.841,-0.005455933,-0.071563341
15.842,-0.0054459823,-0.071432821
15.843,-0.0054360502,-0.071302541
15.844,-0.0054261358,-0.071172506
15.845,-0.0054162396,-0.071042702
15.846,-0.0054063615,-0.070913129
15.847,-0.0053965016,-0.070783801
15.848,-0.0053866594,-0.070654705
15.849,-0.0053768354,-0.070525847
15.85,-0.005367029,-0.070397221
15.851,-0.0053572408,-0.070268832
15.852,-0.0053474703,-0.070140682
15.853,-0.0053377179,-0.070012756
15.854,-0.0053279828,-0.069885068
15.855,-0.0053182659,-0.069757611
15.856,-0.0053085666,-0.069630392
15.857,-0.0052988846,-0.069503397
15.858,-0.0052892207,-0.06937664
15.859,-0.0052795745,-0.069250114
15.86,-0.0052699456,-0.069123812
15.861,-0.0052603344,-0.068997748
15.862,-0.0052507403,-0.068871908
15.863,-0.0052411645,-0.068746306
15.864,-0.0052316054,-0.068620928
15.865,-0.005222064,-0.068495773
15.866,-0.0052125403,-0.068370856
15.867,-0.0052030338,-0.068246156
15.868,-0.0051935446,-0.068121694
15.869,-0.0051840725,-0.067997456
15.87,-0.0051746177,-0.067873441
15.871,-0.0051651802,-0.067749649
15.872,-0.0051557603,-0.067626089
15.873,-0.0051463572,-0.067502752
15.874,-0.0051369714,-0.067379646
15.875,-0.0051276023,-0.067256756
15.876,-0.0051182508,-0.067134097
15.877,-0.0051089162,-0.067011654
15.878,-0.0050995983,-0.066889443
15.879,-0.0050902977,-0.066767447
15.88,-0.0050810142,-0.066645674
15.881,-0.0050717476,-0.066524126
15.882,-0.0050624977,-0.0664028
15.883,-0.0050532646,-0.066281699
15.884,-0.0050440482,-0.066160813
15.885,-0.005034849,-0.066040143
15.886,-0.0050256662,-0.065919697
15.887,-0.0050165006,-0.065799475
15.888,-0.0050073513,-0.065679468
15.889,-0.0049982187,-0.065559678
15.89,-0.0049891029,-0.065440111
15.891,-0.0049800035,-0.06532076
15.892,-0.0049709212,-0.065201625
15.893,-0.0049618548,-0.065082714
15.894,-0.0049528051,-0.064964011
15.895,-0.0049437722,-0.064845525
15.896,-0.0049347556,-0.064727262
15.897,-0.0049257553,-0.064609207
15.898,-0.0049167718,-0.064491369
15.899,-0.0049078045,-0.064373754
15.9,-0.0048988541,-0.064256348
15.901,-0.0048899194,-0.064139165
15.902,-0.0048810015,-0.064022191
15.903,-0.0048721,-0.063905433
15.904,-0.0048632142,-0.063788883
15.905,-0.0048543452,-0.06367255
15.906,-0.0048454921,-0.063556425
15.907,-0.0048366552,-0.063440517
15.908,-0.0048278342,-0.063324817
15.909,-0.0048190295,-0.063209325
15.91,-0.0048102411,-0.06309405
15.911,-0.004801468,-0.062978983
15.912,-0.0047927117,-0.062864125
15.913,-0.0047839708,-0.062749475
15.914,-0.0047752461,-0.062635034
15.915,-0.0047665373,-0.062520809
15.916,-0.0047578444,-0.062406786
15.917,-0.0047491672,-0.062292971
15.918,-0.0047405059,-0.062179368
15.919,-0.0047318605,-0.062065966
15.92,-0.0047232308,-0.061952777
15.921,-0.004714617,-0.061839789
15.922,-0.0047060191,-0.06172701
15.923,-0.0046974365,-0.061614439
15.924,-0.0046888692,-0.061502069
15.925,-0.0046803183,-0.061389904
15.926,-0.0046717827,-0.061277948
15.927,-0.0046632625,-0.061166193
15.928,-0.0046547577,-0.06105464
15.929,-0.0046462687,-0.060943294
15.93,-0.0046377955,-0.06083215
15.931,-0.0046293372,-0.060721207
15.932,-0.0046208943,-0.060610469
15.933,-0.0046124673,-0.060499933
15.934,-0.0046040555,-0.060389597
15.935,-0.0045956587,-0.060279462
15.936,-0.0045872778,-0.060169529
15.937,-0.0045789117,-0.060059797
15.938,-0.004570561,-0.059950262
15.939,-0.0045622257,-0.059840929
15.94,-0.0045539052,-0.059731796
15.941,-0.0045456002,-0.059622861
15.942,-0.00453731,-0.059514124
15.943,-0.0045290352,-0.059405588
15.944,-0.0045207758,-0.059297249
15.945,-0.0045125308,-0.059189107
15.946,-0.0045043011,-0.05908116
15.947,-0.0044960864,-0.058973413
15.948,-0.004487887,-0.05886586
15.949,-0.0044797021,-0.058758505
15.95,-0.0044715325,-0.058651347
15.951,-0.0044633774,-0.058544382
15.952,-0.0044552376,-0.058437612
15.953,-0.0044471123,-0.058331039
15.954,-0.0044390019,-0.058224656
15.955,-0.0044309064,-0.05811847
15.956,-0.0044228258,-0.058012478
15.957,-0.0044147596,-0.05790668
15.958,-0.0044067083,-0.057801072
15.959,-0.0043986714,-0.057695657
15.96,-0.0043906495,-0.057590436
15.961,-0.004382642,-0.057485405
15.962,-0.0043746494,-0.057380568
15.963,-0.0043666712,-0.057275921
15.964,-0.0043587075,-0.057171464
15.965,-0.0043507582,-0.057067197
15.966,-0.0043428233,-0.05696312
15.967,-0.0043349033,-0.056859232
15.968,-0.0043269973,-0.056755535
15.969,-0.0043191062,-0.056652028
15.97,-0.0043112291,-0.056548711
15.971,-0.0043033664,-0.05644558
15.972,-0.0042955182,-0.056342635
15.973,-0.0042876843,-0.056239881
15.974,-0.0042798645,-0.056137312
15.975,-0.0042720591,-0.05603493
15.976,-0.0042642676,-0.055932734
15.977,-0.0042564906,-0.055830728
15.978,-0.004248728,-0.055728905
15.979,-0.004240979,-0.055627268
15.98,-0.0042332443,-0.055525817
15.981,-0.0042255241,-0.055424549
15.982,-0.0042178174,-0.055323467
15.983,-0.0042101252,-0.055222571
15.984,-0.0042024469,-0.055121854
15.985,-0.0041947826,-0.055021323
15.986,-0.0041871322,-0.054920975
15.987,-0.0041794954,-0.054820813
15.988,-0.004171873,-0.05472083
15.989,-0.0041642641,-0.05462103
15.99,-0.0041566696,-0.054521412
15.991,-0.0041490886,-0.054421972
15.992,-0.0041415212,-0.05432272
15.993,-0.0041339681,-0.054223645
15.994,-0.0041264282,-0.05412475
15.995,-0.0041189026,-0.054026034
15.996,-0.0041113901,-0.0539275
15.997,-0.0041038916,-0.053829145
15.998,-0.004096407,-0.053730968
15.999,-0.0040889359,-0.053632971
16,-0.0040814783,-0.053535152
16.000999,-0.0040740343,-0.053437512
16.002001,-0.0040666037,-0.053340051
16.003,-0.0040591867,-0.053242765
16.004,-0.0040517831,-0.053145658
16.004999,-0.0040443935,-0.05304873
16.006001,-0.0040370179,-0.052951984
16.007,-0.0040296554,-0.052855413
16.007999,-0.0040223063,-0.052759018
16.009001,-0.0040149703,-0.052662797
16.01,-0.0040076482,-0.052566756
16.011,-0.0040003392,-0.052470885
16.011999,-0.0039930437,-0.05237519
16.013,-0.0039857612,-0.052279674
16.014,-0.0039784922,-0.052184328
16.014999,-0.0039712363,-0.052089155
16.016001,-0.0039639939,-0.05199416
16.017,-0.0039567645,-0.051899333
16.018,-0.0039495486,-0.05180468
16.018999,-0.0039423453,-0.051710203
16.02,-0.0039351555,-0.051615898
16.021,-0.0039279787,-0.051521763
16.021999,-0.003920815,-0.0514278
16.023001,-0.0039136647,-0.051334009
16.024,-0.0039065271,-0.051240388
16.025,-0.0038994025,-0.051146936
16.025999,-0.0038922909,-0.051053658
16.027,-0.0038851923,-0.050960548
16.028,-0.0038781066,-0.05086761
16.028999,-0.0038710339,-0.050774839
16.030001,-0.003863974,-0.050682236
16.031,-0.0038569272,-0.050589804
16.032,-0.0038498929,-0.050497539
16.033001,-0.0038428716,-0.050405446
16.034,-0.0038358632,-0.050313517
16.035,-0.0038288676,-0.050221756
16.035999,-0.0038218845,-0.050130166
16.037001,-0.0038149143,-0.05003874
16.038,-0.0038079568,-0.049947482
16.039,-0.0038010119,-0.049856387
16.040001,-0.0037940799,-0.04976546
16.041,-0.0037871604,-0.049674701
16.042,-0.0037802535,-0.049584106
16.042999,-0.0037733591,-0.049493674
16.044001,-0.0037664773,-0.04940341
16.045,-0.0037596081,-0.049313311
16.046,-0.0037527515,-0.049223375
16.047001,-0.0037459072,-0.049133603
16.048,-0.0037390755,-0.049043991
16.049,-0.0037322564,-0.048954546
16.049999,-0.0037254496,-0.048865262
16.051001,-0.0037186551,-0.048776146
16.052,-0.0037118732,-0.048687186
16.052999,-0.0037051034,-0.048598394
16.054001,-0.0036983462,-0.048509758
16.055,-0.0036916011,-0.048421286
16.056,-0.0036848683,-0.048332978
16.056999,-0.0036781479,-0.048244826
16.058001,-0.0036714398,-0.048156839
16.059,-0.0036647439,-0.048069011
16.059999,-0.00365806,-0.047981344
16.061001,-0.0036513885,-0.047893833
16.062,-0.003644729,-0.047806486
16.063,-0.0036380817,-0.047719296
16.063999,-0.0036314467,-0.047632266
16.065001,-0.0036248236,-0.047545392
16.066,-0.0036182126,-0.047458678
16.066999,-0.0036116135,-0.047372121
16.068001,-0.0036050268,-0.047285724
16.069,-0.0035984518,-0.047199484
16.07,-0.0035918888,-0.0471134
16.070999,-0.0035853379,-0.047027472
16.072001,-0.0035787988,-0.046941705
16.073,-0.0035722717,-0.04685609
16.073999,-0.0035657564,-0.046770632
16.075001,-0.0035592532,-0.046685331
16.076,-0.0035527616,-0.046600182
16.077,-0.003546282,-0.046515193
16.077999,-0.0035398139,-0.046430357
16.079,-0.003533358,-0.046345674
16.08,-0.0035269137,-0.046261147
16.080999,-0.0035204811,-0.046176773
16.082001,-0.0035140601,-0.046092551
16.083,-0.0035076509,-0.046008483
16.084,-0.0035012534,-0.04592457
16.084999,-0.0034948676,-0.045840811
16.086,-0.0034884934,-0.045757201
16.087,-0.0034821308,-0.045673747
16.087999,-0.0034757797,-0.045590442
16.089001,-0.0034694404,-0.045507289
16.09,-0.0034631125,-0.04542429
16.091,-0.0034567961,-0.04534144
16.091999,-0.0034504912,-0.045258742
16.093,-0.0034441978,-0.045176193
16.094,-0.0034379158,-0.045093797
16.094999,-0.0034316455,-0.04501155
16.096001,-0.0034253863,-0.044929452
16.097,-0.0034191387,-0.044847503
16.098,-0.0034129024,-0.044765703
16.099001,-0.0034066774,-0.044684052
16.1,-0.0034004638,-0.044602554
16.101,-0.0033942619,-0.044521205
16.101999,-0.0033880714,-0.044440005
16.103001,-0.0033818921,-0.044358954
16.104,-0.003375724,-0.044278052
16.105,-0.0033695672,-0.044197295
16.106001,-0.0033634217,-0.044116687
16.107,-0.0033572875,-0.044036224
16.108,-0.0033511643,-0.043955911
16.108999,-0.0033450522,-0.043875743
16.110001,-0.0033389514,-0.04379572
16.111,-0.0033328617,-0.043715842
16.112,-0.0033267832,-0.04363611
16.113001,-0.0033207156,-0.043556526
16.114,-0.0033146592,-0.043477084
16.115,-0.0033086138,-0.043397792
16.115999,-0.0033025793,-0.04331864
16.117001,-0.003296556,-0.043239634
16.118,-0.0032905436,-0.04316077
16.118999,-0.0032845421,-0.043082051
16.120001,-0.0032785516,-0.043003477
16.121,-0.0032725721,-0.042925045
16.122,-0.0032666035,-0.042846758
16.122999,-0.0032606455,-0.042768613
16.124001,-0.0032546986,-0.042690609
16.125,-0.0032487626,-0.042612746
16.125999,-0.0032428373,-0.042535026
16.127001,-0.0032369229,-0.04245745
16.128,-0.0032310192,-0.042380013
16.129,-0.0032251263,-0.04230272
16.129999,-0.0032192441,-0.042225566
16.131001,-0.0032133728,-0.042148553
16.132,-0.003207512,-0.042071678
16.132999,-0.0032016621,-0.041994948
16.134001,-0.0031958227,-0.041918352
16.135,-0.003189994,-0.041841902
16.136,-0.0031841758,-0.041765586
16.136999,-0.0031783683,-0.041689411
16.138,-0.0031725715,-0.041613378
16.139,-0.0031667852,-0.041537479
16.139999,-0.0031610094,-0.041461721
16.141001,-0.003155244,-0.041386101
16.142,-0.0031494894,-0.04131062
16.143,-0.0031437452,-0.041235276
16.143999,-0.0031380116,-0.041160066
16.145,-0.0031322881,-0.041084997
16.146,-0.0031265754,-0.041010063
16.146999,-0.0031208729,-0.040935267
16.148001,-0.0031151809,-0.040860604
16.149,-0.0031094991,-0.040786084
16.15,-0.0031038278,-0.040711693
16.150999,-0.0030981668,-0.040637441
16.152,-0.0030925162,-0.040563323
16.153,-0.0030868759,-0.040489342
16.153999,-0.0030812458,-0.040415496
16.155001,-0.003075626,-0.040341783
16.156,-0.0030700164,-0.040268205
16.157,-0.0030644173,-0.040194761
16.158001,-0.0030588282,-0.040121451
16.159,-0.0030532491,-0.040048271
16.16,-0.0030476805,-0.03997523
16.160999,-0.0030421219,-0.039902322
16.162001,-0.0030365733,-0.039829545
16.163,-0.003031035,-0.039756898
16.164,-0.0030255069,-0.039684389
16.165001,-0.0030199888,-0.039612006
16.166,-0.0030144805,-0.039539762
16.167,-0.0030089824,-0.039467644
16.167999,-0.0030034946,-0.03939566
16.169001,-0.0029980165,-0.039323807
16.17,-0.0029925485,-0.039252084
16.171,-0.0029870903,-0.039180495
16.172001,-0.0029816423,-0.039109033
16.173,-0.002976204,-0.039037704
16.174,-0.0029707758,-0.038966503
16.174999,-0.0029653574,-0.038895432
16.176001,-0.002959949,-0.038824491
16.177,-0.0029545503,-0.038753677
16.177999,-0.0029491615,-0.038682997
16.179001,-0.0029437826,-0.038612444
16.18,-0.0029384133,-0.038542017
16.181,-0.002933054,-0.038471721
16.181999,-0.0029277045,-0.038401552
16.183001,-0.0029223645,-0.038331512
16.184,-0.0029170343,-0.0382616
16.184999,-0.0029117139,-0.038191814
16.186001,-0.0029064033,-0.038122155
16.187,-0.0029011022,-0.038052622
16.188,-0.0028958109,-0.037983216
16.188999,-0.0028905291,-0.037913941
16.190001,-0.0028852571,-0.037844788
16.191,-0.0028799947,-0.037775762
16.191999,-0.0028747418,-0.037706863
16.193001,-0.0028694985,-0.037638087
16.194,-0.0028642647,-0.037569441
16.195,-0.0028590404,-0.037500914
16.195999,-0.0028538259,-0.037432518
16.197001,-0.0028486208,-0.037364244
16.198,-0.0028434254,-0.037296098
16.198999,-0.0028382393,-0.037228074
16.200001,-0.0028330628,-0.037160177
16.201,-0.0028278956,-0.037092399
16.202,-0.0028227379,-0.037024748
16.202999,-0.0028175896,-0.036957219
16.204,-0.0028124508,-0.036889814
16.205,-0.002807321,-0.036822531
16.205999,-0.0028022008,-0.036755372
16.207001,-0.00279709,-0.036688335
16.208,-0.0027919884,-0.036621422
16.209,-0.0027868964,-0.036554631
16.209999,-0.0027818135,-0.036487959
16.211,-0.0027767397,-0.036421411
16.212,-0.0027716754,-0.036354981
16.212999,-0.0027666201,-0.036288675
16.214001,-0.0027615742,-0.036222488
16.215,-0.0027565374,-0.036156423
16.216,-0.0027515099,-0.036090478
16.216999,-0.0027464915,-0.036024656
16.218,-0.0027414823,-0.035958953
16.219,-0.0027364823,-0.035893369
16.219999,-0.0027314913,-0.035827905
16.221001,-0.0027265095,-0.03576256
16.222,-0.0027215367,-0.035697334
16.223,-0.002716573,-0.035632227
16.224001,-0.0027116183,-0.035567235
16.225,-0.0027066728,-0.035502367
16.226,-0.0027017361,-0.035437617
16.226999,-0.0026968084,-0.035372984
16.228001,-0.0026918899,-0.035308469
16.229,-0.0026869802,-0.03524407
16.23,-0.0026820796,-0.03517979
16.231001,-0.0026771878,-0.035115626
16.232,-0.0026723051,-0.035051581
16.233,-0.0026674313,-0.034987651
16.233999,-0.002662566,-0.03492384
16.235001,-0.0026577099,-0.034860142
16.236,-0.0026528628,-0.034796562
16.237,-0.0026480244,-0.034733098
16.238001,-0.0026431947,-0.034669753
16.239,-0.0026383738,-0.03460652
16.24,-0.0026335618,-0.034543402
16.240999,-0.0026287585,-0.0344804
16.242001,-0.0026239641,-0.034417514
16.243,-0.0026191785,-0.034354739
16.243999,-0.0026144015,-0.034292083
16.245001,-0.0026096331,-0.034229539
16.246,-0.0026048736,-0.034167107
16.247,-0.0026001227,-0.034104794
16.247999,-0.0025953804,-0.034042589
16.249001,-0.0025906467,-0.033980504
16.25,-0.0025859219,-0.033918526
16.250999,-0.0025812055,-0.033856664
16.252001,-0.0025764978,-0.033794913
16.253,-0.0025717986,-0.033733279
16.254,-0.002567108,-0.033671752
16.254999,-0.002562426,-0.03361034
16.256001,-0.0025577524,-0.033549041
16.257,-0.0025530877,-0.033487853
16.257999,-0.002548431,-0.033426777
16.259001,-0.002543783,-0.033365808
16.26,-0.0025391437,-0.033304956
16.261,-0.0025345127,-0.033244211
16.261999,-0.00252989,-0.033183578
16.263,-0.0025252758,-0.033123057
16.264,-0.0025206702,-0.033062648
16.264999,-0.0025160729,-0.033002343
16.266001,-0.0025114838,-0.032942154
16.267,-0.0025069034,-0.032882072
16.268,-0.002502331,-0.032822099
16.268999,-0.0024977671,-0.032762237
16.27,-0.0024932115,-0.032702483
16.271,-0.0024886644,-0.032642838
16.271999,-0.0024841253,-0.032583304
16.273001,-0.0024795947,-0.032523874
16.274,-0.0024750722,-0.032464556
16.275,-0.002470558,-0.032405347
16.275999,-0.0024660521,-0.032346241
16.277,-0.0024615545,-0.032287247
16.278,-0.0024570648,-0.032228362
16.278999,-0.0024525835,-0.03216958
16.280001,-0.0024481104,-0.032110907
16.281,-0.0024436454,-0.032052342
16.282,-0.0024391883,-0.031993881
16.283001,-0.0024347396,-0.031935528
16.284,-0.0024302991,-0.031877283
16.285,-0.0024258664,-0.031819142
16.285999,-0.002421442,-0.03176111
16.287001,-0.0024170256,-0.031703182
16.288,-0.0024126172,-0.031645358
16.289,-0.0024082169,-0.031587642
16.290001,-0.0024038246,-0.031530026
16.291,-0.0023994404,-0.031472523
16.292,-0.0023950641,-0.03141512
16.292999,-0.002390696,-0.031357825
16.294001,-0.0023863357,-0.031300634
16.295,-0.0023819837,-0.031243548
16.296,-0.0023776393,-0.031186566
16.297001,-0.0023733031,-0.031129688
16.298,-0.0023689745,-0.031072913
16.299,-0.0023646539,-0.031016242
16.299999,-0.0023603414,-0.030959675
16.301001,-0.0023560366,-0.030903211
16.302,-0.0023517394,-0.030846849
16.302999,-0.0023474505,-0.03079059
16.304001,-0.0023431692,-0.030734435
16.305,-0.0023388956,-0.03067838
16.306,-0.0023346301,-0.03062243
16.306999,-0.0023303721,-0.030566581
16.308001,-0.002326122,-0.030510833
16.309,-0.0023218796,-0.030455187
16.309999,-0.0023176449,-0.030399643
16.311001,-0.0023134181,-0.030344201
16.312,-0.002309199,-0.03028886
16.313,-0.0023049873,-0.030233618
16.313999,-0.0023007835,-0.030178478
16.315001,-0.0022965875,-0.030123441
16.316,-0.0022923988,-0.0300685
16.316999,-0.0022882181,-0.030013662
16.318001,-0.0022840449,-0.029958924
16.319,-0.0022798793,-0.029904285
16.32,-0.0022757212,-0.029849745
16.320999,-0.0022715707,-0.029795306
16.322001,-0.002267428,-0.029740967
16.323,-0.0022632927,-0.029686725
16.323999,-0.0022591648,-0.029632583
16.325001,-0.0022550446,-0.029578539
16.326,-0.0022509319,-0.029524595
16.327,-0.0022468267,-0.029470747
16.327999,-0.0022427291,-0.029416999
16.329,-0.0022386387,-0.029363349
16.33,-0.002234556,-0.029309796
16.330999,-0.0022304805,-0.029256342
16.332001,-0.0022264128,-0.029202985
16.333,-0.0022223522,-0.029149726
16.334,-0.0022182991,-0.029096562
16.334999,-0.0022142534,-0.029043498
16.336,-0.0022102152,-0.028990528
16.337,-0.0022061842,-0.028937656
16.337999,-0.0022021607,-0.02888488
16.339001,-0.0021981443,-0.028832199
16.34,-0.0021941354,-0.028779617
16.341,-0.0021901338,-0.028727129
16.341999,-0.0021861393,-0.028674737
16.343,-0.0021821524,-0.028622439
16.344,-0.0021781726,-0.028570239
16.344999,-0.0021742,-0.028518133
16.346001,-0.0021702349,-0.028466122
16.347,-0.0021662768,-0.028414207
16.348,-0.0021623259,-0.028362384
16.349001,-0.0021583824,-0.028310658
16.35,-0.002154446,-0.028259026
16.351,-0.0021505167,-0.028207486
16.351999,-0.0021465947,-0.028156042
16.353001,-0.0021426796,-0.028104691
16.354,-0.0021387718,-0.028053435
16.355,-0.0021348712,-0.028002271
16.356001,-0.0021309776,-0.027951201
16.357,-0.0021270912,-0.027900223
16.358,-0.0021232117,-0.027849339
16.358999,-0.0021193395,-0.027798548
16.360001,-0.0021154743,-0.027747849
16.361,-0.0021116161,-0.027697243
16.362,-0.0021077648,-0.027646728
16.363001,-0.0021039208,-0.027596306
16.364,-0.0021000835,-0.027545976
16.365,-0.0020962534,-0.027495736
16.365999,-0.0020924301,-0.02744559
16.367001,-0.002088614,-0.027395533
16.368,-0.0020848047,-0.02734557
16.368999,-0.0020810026,-0.027295696
16.370001,-0.0020772072,-0.027245915
16.371,-0.0020734186,-0.027196221
16.372,-0.0020696372,-0.027146621
16.372999,-0.0020658625,-0.02709711
16.374001,-0.0020620946,-0.02704769
16.375,-0.0020583337,-0.02699836
16.375999,-0.0020545798,-0.026949119
16.377001,-0.0020508324,-0.026899967
16.378,-0.002047092,-0.026850905
16.379,-0.0020433585,-0.026801934
16.379999,-0.0020396316,-0.026753051
16.381001,-0.0020359117,-0.026704257
16.382,-0.0020321985,-0.026655553
16.382999,-0.002028492,-0.026606936
16.384001,-0.0020247924,-0.026558409
16.385,-0.0020210992,-0.026509969
16.386,-0.002017413,-0.026461618
16.386999,-0.0020137336,-0.026413357
16.388,-0.0020100612,-0.026365185
16.389,-0.0020063953,-0.026317101
16.389999,-0.0020027361,-0.026269104
16.391001,-0.0019990834,-0.026221197
16.392,-0.0019954375,-0.026173376
16.393,-0.0019917984,-0.026125642
16.393999,-0.001988166,-0.026077995
16.395,-0.0019845399,-0.026030434
16.396,-0.0019809206,-0.025982961
16.396999,-0.001977308,-0.025935575
16.398001,-0.0019737019,-0.025888273
16.399,-0.0019701023,-0.025841061
16.4,-0.0019665093,-0.025793932
16.400999,-0.0019629227,-0.025746891
16.402,-0.001959343,-0.025699934
16.403,-0.0019557695,-0.025653064
16.403999,-0.0019522028,-0.025606278
16.405001,-0.0019486424,-0.02555958
16.406,-0.0019450885,-0.025512965
16.407,-0.0019415412,-0.025466437
16.408001,-0.0019380003,-0.025419991
16.409,-0.0019344658,-0.025373632
16.41,-0.0019309379,-0.025327357
16.410999,-0.0019274163,-0.025281165
16.412001,-0.0019239011,-0.025235059
16.413,-0.0019203924,-0.025189037
16.414,-0.0019168901,-0.025143098
16.415001,-0.0019133942,-0.025097243
16.416,-0.0019099046,-0.025051471
16.417,-0.0019064214,-0.025005784
16.417999,-0.0019029446,-0.024960179
16.419001,-0.0018994741,-0.024914658
16.42,-0.0018960099,-0.02486922
16.421,-0.001892552,-0.024823865
16.422001,-0.0018891005,-0.024778591
16.423,-0.0018856552,-0.024733402
16.424,-0.0018822163,-0.024688294
16.424999,-0.0018787836,-0.024643268
16.426001,-0.0018753571,-0.024598325
16.427,-0.001871937,-0.024553463
16.427999,-0.001868523,-0.024508685
16.429001,-0.0018651152,-0.024463987
16.43,-0.0018617137,-0.024419369
16.431,-0.0018583183,-0.024374835
16.431999,-0.0018549293,-0.024330381
16.433001,-0.0018515463,-0.024286008
16.434,-0.0018481695,-0.024241716
16.434999,-0.0018447989,-0.024197504
16.436001,-0.0018414344,-0.024153374
16.437,-0.001838076,-0.024109324
16.438,-0.0018347239,-0.024065355
16.438999,-0.0018313777,-0.024021465
16.440001,-0.0018280377,-0.023977656
16.441,-0.0018247038,-0.023933925
16.441999,-0.0018213759,-0.023890276
16.443001,-0.0018180541,-0.023846705
16.444,-0.0018147385,-0.023803214
16.445,-0.0018114288,-0.023759803
16.445999,-0.0018081252,-0.023716468
16.447001,-0.0018048275,-0.023673216
16.448,-0.0018015358,-0.023630042
16.448999,-0.0017982502,-0.023586944
16.450001,-0.0017949706,-0.023543928
16.451,-0.001791697,-0.023500988
16.452,-0.0017884293,-0.023458127
16.452999,-0.0017851676,-0.023415344
16.454,-0.0017819118,-0.023372639
16.455,-0.001778662,-0.023330012
16.455999,-0.0017754181,-0.023287464
16.457001,-0.00177218,-0.023244992
16.458,-0.0017689479,-0.023202596
16.459,-0.0017657217,-0.023160281
16.459999,-0.0017625013,-0.02311804
16.461,-0.0017592869,-0.023075877
16.462,-0.0017560782,-0.02303379
16.462999,-0.0017528755,-0.02299178
16.464001,-0.0017496785,-0.022949848
16.465,-0.0017464875,-0.022907991
16.466,-0.0017433021,-0.022866212
16.466999,-0.0017401226,-0.022824507
16.468,-0.0017369488,-0.022782879
16.469,-0.001733781,-0.022741327
16.469999,-0.0017306188,-0.02269985
16.471001,-0.0017274624,-0.022658449
16.472,-0.0017243117,-0.022617122
16.473,-0.0017211669,-0.022575872
16.474001,-0.0017180278,-0.022534696
16.475,-0.0017148942,-0.022493597
16.476,-0.0017117665,-0.02245257
16.476999,-0.0017086444,-0.02241162
16.478001,-0.001705528,-0.022370744
16.479,-0.0017024174,-0.022329941
16.48,-0.0016993124,-0.022289215
16.481001,-0.0016962129,-0.022248561
16.482,-0.0016931192,-0.022207983
16.483,-0.0016900313,-0.02216748
16.483999,-0.0016869491,-0.022127051
16.485001,-0.0016838724,-0.022086695
16.486,-0.0016808014,-0.022046413
16.487,-0.0016777359,-0.022006206
16.488001,-0.0016746761,-0.02196607
16.489,-0.0016716218,-0.021926008
16.49,-0.0016685731,-0.021886021
16.490999,-0.0016655299,-0.021846104
16.492001,-0.0016624924,-0.021806262
16.493,-0.0016594604,-0.021766491
16.493999,-0.0016564338,-0.021726795
16.495001,-0.0016534128,-0.021687169
16.496,-0.0016503973,-0.021647615
16.497,-0.0016473873,-0.021608135
16.497999,-0.0016443828,-0.021568727
16.499001,-0.0016413839,-0.02152939
16.5,-0.0016383902,-0.021490125
16.500999,-0.0016354022,-0.021450931
16.502001,-0.0016324195,-0.021411808
16.503,-0.0016294423,-0.021372758
16.504,-0.0016264705,-0.021333778
16.504999,-0.0016235042,-0.021294869
16.506001,-0.0016205432,-0.021256031
16.507,-0.0016175876,-0.021217264
16.507999,-0.0016146376,-0.021178568
16.509001,-0.0016116927,-0.021139944
16.51,-0.0016087533,-0.021101387
16.511,-0.0016058192,-0.021062903
16.511999,-0.0016028906,-0.021024488
16.513,-0.0015999672,-0.020986143
16.514,-0.0015970492,-0.02094787
16.514999,-0.0015941365,-0.020909665
16.516001,-0.0015912291,-0.020871529
16.517,-0.001588327,-0.020833464
16.518,-0.0015854301,-0.020795468
16.518999,-0.0015825386,-0.020757541
16.52,-0.0015796524,-0.020719683
16.521,-0.0015767714,-0.020681893
16.521999,-0.0015738957,-0.020644175
16.523001,-0.0015710252,-0.020606523
16.524,-0.0015681599,-0.020568941
16.525,-0.0015652999,-0.020531427
16.525999,-0.0015624451,-0.02049398
16.527,-0.0015595955,-0.020456605
16.528,-0.0015567511,-0.020419294
16.528999,-0.0015539118,-0.020382054
16.530001,-0.0015510778,-0.020344881
16.531,-0.0015482489,-0.020307776
16.532,-0.0015454252,-0.020270737
16.533001,-0.0015426066,-0.020233767
16.534,-0.0015397931,-0.020196864
16.535,-0.0015369848,-0.020160029
16.535999,-0.0015341816,-0.02012326
16.537001,-0.0015313836,-0.02008656
16.538,-0.0015285906,-0.020049926
16.539,-0.0015258027,-0.020013357
16.540001,-0.0015230199,-0.019976856
16.541,-0.0015202422,-0.019940423
16.542,-0.0015174695,-0.019904055
16.542999,-0.0015147019,-0.019867752
16.544001,-0.0015119393,-0.019831518
16.545,-0.0015091818,-0.019795347
16.546,-0.0015064293,-0.019759243
16.547001,-0.0015036818,-0.019723207
16.548,-0.0015009394,-0.019687235
16.549,-0.0014982019,-0.019651327
16.549999,-0.0014954694,-0.019615488
16.551001,-0.0014927419,-0.019579712
16.552,-0.0014900194,-0.019544002
16.552999,-0.0014873018,-0.019508356
16.554001,-0.0014845892,-0.019472776
16.555,-0.0014818815,-0.019437261
16.556,-0.0014791788,-0.019401809
16.556999,-0.001476481,-0.019366423
16.558001,-0.0014737881,-0.019331101
16.559,-0.0014711,-0.019295845
16.559999,-0.001468417,-0.019260652
16.561001,-0.0014657388,-0.019225523
16.562,-0.0014630655,-0.019190459
16.563,-0.001460397,-0.019155458
16.563999,-0.0014577335,-0.01912052
16.565001,-0.0014550748,-0.019085648
16.566,-0.0014524208,-0.019050837
16.566999,-0.0014497718,-0.019016091
16.568001,-0.0014471277,-0.018981408
16.569,-0.0014444883,-0.018946787
16.57,-0.0014418537,-0.018912232
16.570999,-0.0014392239,-0.018877737
16.572001,-0.0014365989,-0.018843306
16.573,-0.0014339787,-0.018808939
16.573999,-0.0014313633,-0.018774632
16.575001,-0.0014287527,-0.018740389
16.576,-0.0014261467,-0.01870621
16.577,-0.0014235455,-0.01867209
16.577999,-0.0014209492,-0.018638035
16.579,-0.0014183576,-0.018604042
16.58,-0.0014157707,-0.018570112
16.580999,-0.0014131886,-0.018536242
16.582001,-0.0014106112,-0.018502435
16.583,-0.0014080384,-0.018468689
16.584,-0.0014054704,-0.018435005
16.584999,-0.001402907,-0.018401382
16.586,-0.0014003484,-0.018367821
16.587,-0.0013977943,-0.018334322
16.587999,-0.001395245,-0.018300883
16.589001,-0.0013927002,-0.018267505
16.59,-0.0013901602,-0.018234188
16.591,-0.0013876248,-0.018200932
16.591999,-0.0013850939,-0.018167736
16.593,-0.0013825677,-0.0181346
16.594,-0.0013800461,-0.018101526
16.594999,-0.0013775291,-0.018068511
16.596001,-0.0013750168,-0.018035557
16.597,-0.0013725089,-0.018002663
16.598,-0.0013700057,-0.017969828
16.599001,-0.001367507,-0.017937055
16.6,-0.0013650128,-0.017904339
16.601,-0.0013625233,-0.017871685
16.601999,-0.0013600383,-0.017839091
16.603001,-0.0013575577,-0.017806554
16.604,-0.0013550818,-0.017774079
16.605,-0.0013526103,-0.017741662
16.606001,-0.0013501433,-0.017709304
16.607,-0.0013476809,-0.017677004
16.608,-0.0013452229,-0.017644763
16.608999,-0.0013427695,-0.017612582
16.610001,-0.0013403205,-0.017580459
16.611,-0.001337876,-0.017548395
16.612,-0.0013354358,-0.017516389
16.613001,-0.0013330001,-0.017484443
16.614,-0.001330569,-0.017452553
16.615,-0.0013281422,-0.017420722
16.615999,-0.0013257199,-0.017388951
16.617001,-0.001323302,-0.017357236
16.618,-0.0013208885,-0.017325578
16.618999,-0.0013184794,-0.017293978
16.620001,-0.0013160747,-0.017262438
16.621,-0.0013136744,-0.017230954
16.622,-0.0013112784,-0.017199527
16.622999,-0.0013088869,-0.017168157
16.624001,-0.0013064997,-0.017136846
16.625,-0.0013041168,-0.017105591
16.625999,-0.0013017383,-0.017074393
16.627001,-0.0012993641,-0.017043252
16.628,-0.0012969943,-0.017012168
16.629,-0.0012946287,-0.01698114
16.629999,-0.0012922676,-0.016950168
16.631001,-0.0012899106,-0.016919253
16.632,-0.001287558,-0.016888395
16.632999,-0.0012852097,-0.016857594
16.634001,-0.0012828656,-0.016826848
16.635,-0.0012805259,-0.016796159
16.636,-0.0012781904,-0.016765524
16.636999,-0.0012758592,-0.016734947
16.638,-0.0012735323,-0.016704425
16.639,-0.0012712094,-0.016673958
16.639999,-0.001268891,-0.016643547
16.641001,-0.0012665767,-0.016613193
16.642,-0.0012642667,-0.016582891
16.643,-0.0012619608,-0.016552648
16.643999,-0.0012596592,-0.016522458
16.645,-0.0012573617,-0.016492322
16.646,-0.0012550685,-0.016462244
16.646999,-0.0012527795,-0.016432218
16.648001,-0.0012504946,-0.016402248
16.649,-0.0012482138,-0.016372332
16.65,-0.0012459373,-0.016342472
16.650999,-0.0012436649,-0.016312666
16.652,-0.0012413966,-0.016282914
16.653,-0.0012391325,-0.016253216
16.653999,-0.0012368725,-0.016223572
16.655001,-0.0012346166,-0.016193982
16.656,-0.0012323648,-0.016164448
16.657,-0.0012301172,-0.016134966
16.658001,-0.0012278736,-0.016105538
16.659,-0.0012256341,-0.016076164
16.66,-0.0012233987,-0.016046843
16.660999,-0.0012211674,-0.016017575
16.662001,-0.0012189401,-0.015988361
16.663,-0.0012167169,-0.015959201
16.664,-0.0012144978,-0.015930094
16.665001,-0.0012122828,-0.015901038
16.666,-0.0012100717,-0.015872037
16.667,-0.0012078647,-0.01584309
16.667999,-0.0012056617,-0.015814193
16.669001,-0.0012034627,-0.01578535
16.67,-0.0012012677,-0.015756559
16.671,-0.0011990768,-0.015727822
16.672001,-0.0011968898,-0.015699135
16.673,-0.0011947069,-0.015670503
16.674,-0.0011925278,-0.015641922
16.674999,-0.001190353,-0.015613394
16.676001,-0.0011881819,-0.015584918
16.677,-0.0011860149,-0.015556493
16.677999,-0.0011838517,-0.015528121
16.679001,-0.0011816926,-0.0154998
16.68,-0.0011795374,-0.015471531
16.681,-0.0011773861,-0.015443314
16.681999,-0.0011752388,-0.015415148
16.683001,-0.0011730953,-0.015387033
16.684,-0.0011709558,-0.01535897
16.684999,-0.0011688202,-0.015330957
16.686001,-0.0011666885,-0.015302996
16.687,-0.0011645607,-0.015275086
16.688,-0.0011624367,-0.015247228
16.688999,-0.0011603166,-0.015219419
16.690001,-0.0011582004,-0.015191661
16.691,-0.0011560881,-0.015163954
16.691999,-0.0011539796,-0.015136299
16.693001,-0.0011518749,-0.015108692
16.694,-0.0011497741,-0.015081136
16.695,-0.0011476771,-0.015053632
16.695999,-0.0011455839,-0.015026176
16.697001,-0.0011434946,-0.014998771
16.698,-0.001141409,-0.014971416
16.698999,-0.0011393273,-0.014944111
16.700001,-0.0011372494,-0.014916856
16.701,-0.0011351753,-0.01488965
16.702,-0.0011331049,-0.014862495
16.702999,-0.0011310384,-0.014835387
16.704,-0.0011289755,-0.014808331
16.705,-0.0011269165,-0.014781323
16.705999,-0.0011248612,-0.014754364
16.707001,-0.0011228097,-0.014727456
16.708,-0.0011207619,-0.014700595
16.709,-0.0011187178,-0.014673784
16.709999,-0.0011166775,-0.014647022
16.711,-0.0011146409,-0.014620309
16.712,-0.001112608,-0.014593644
16.712999,-0.0011105788,-0.014567028
16.714001,-0.0011085534,-0.01454046
16.715,-0.0011065315,-0.014513941
16.716,-0.0011045134,-0.014487471
16.716999,-0.001102499,-0.014461048
16.718,-0.0011004882,-0.014434674
16.719,-0.0010984811,-0.014408347
16.719999,-0.0010964777,-0.01438207
16.721001,-0.0010944779,-0.014355839
16.722,-0.0010924819,-0.014329657
16.723,-0.0010904893,-0.014303522
16.724001,-0.0010885005,-0.014277436
16.725,-0.0010865153,-0.014251396
16.726,-0.0010845338,-0.014225404
16.726999,-0.0010825557,-0.01419946
16.728001,-0.0010805813,-0.014173563
16.729,-0.0010786105,-0.014147713
16.73,-0.0010766434,-0.01412191
16.731001,-0.0010746798,-0.014096154
16.732,-0.0010727198,-0.014070446
16.733,-0.0010707633,-0.014044784
16.733999,-0.0010688105,-0.014019169
16.735001,-0.0010668612,-0.0139936
16.736,-0.0010649154,-0.013968078
16.737,-0.0010629732,-0.013942603
16.738001,-0.0010610345,-0.013917174
16.739,-0.0010590994,-0.013891792
16.74,-0.0010571678,-0.013866456
16.740999,-0.0010552397,-0.013841166
16.742001,-0.0010533151,-0.013815923
16.743,-0.001051394,-0.013790725
16.743999,-0.0010494766,-0.013765573
16.745001,-0.0010475625,-0.013740467
16.746,-0.0010456519,-0.013715407
16.747,-0.0010437449,-0.013690392
16.747999,-0.0010418412,-0.013665423
16.749001,-0.0010399411,-0.0136405
16.75,-0.0010380443,-0.013615622
16.750999,-0.0010361512,-0.013590789
16.752001,-0.0010342614,-0.013566002
16.753,-0.001032375,-0.01354126
16.754,-0.0010304922,-0.013516563
16.754999,-0.0010286127,-0.013491911
16.756001,-0.0010267367,-0.013467303
16.757,-0.0010248641,-0.013442742
16.757999,-0.0010229949,-0.013418224
16.759001,-0.0010211291,-0.013393751
16.76,-0.0010192668,-0.013369323
16.761,-0.0010174077,-0.01334494
16.761999,-0.0010155522,-0.013320601
16.763,-0.0010136999,-0.013296305
16.764,-0.0010118511,-0.013272054
16.764999,-0.0010100056,-0.013247848
16.766001,-0.0010081634,-0.013223686
16.767,-0.0010063248,-0.013199568
16.768,-0.0010044894,-0.013175493
16.768999,-0.0010026573,-0.013151463
16.77,-0.0010008287,-0.013127478
16.771,-0.00099900342,-0.013103536
16.771999,-0.0009971814,-0.013079639
16.773001,-0.00099536276,-0.013055784
16.774,-0.00099354738,-0.013031973
16.775,-0.00099173537,-0.013008205
16.775999,-0.00098992675,-0.012984482
16.777,-0.00098812126,-0.012960801
16.778,-0.00098631915,-0.012937163
16.778999,-0.0009845203,-0.012913568
16.780001,-0.00098272483,-0.012890017
16.781,-0.0009809325,-0.012866508
16.782,-0.00097914354,-0.012843043
16.783001,-0.00097735785,-0.01281962
16.784,-0.0009755753,-0.01279624
16.785,-0.00097379612,-0.012772903
16.785999,-0.00097202009,-0.012749608
16.787001,-0.00097024738,-0.012726355
16.788,-0.00096847786,-0.012703145
16.789,-0.00096671155,-0.012679977
16.790001,-0.0009649485,-0.012656853
16.791,-0.00096318865,-0.012633769
16.792,-0.00096143206,-0.012610728
16.792999,-0.00095967861,-0.012587729
16.794001,-0.00095792837,-0.012564772
16.795,-0.00095618132,-0.012541857
16.796,-0.00095443748,-0.012518983
16.797001,-0.00095269678,-0.012496151
16.798,-0.00095095928,-0.012473362
16.799,-0.00094922498,-0.012450613
16.799999,-0.00094749383,-0.012427906
16.801001,-0.00094576582,-0.01240524
16.802,-0.00094404095,-0.012382615
16.802999,-0.00094231922,-0.012360033
16.804001,-0.00094060064,-0.012337491
16.805,-0.0009388852,-0.01231499
16.806,-0.00093717291,-0.01229253
16.806999,-0.00093546376,-0.012270112
16.808001,-0.00093375769,-0.012247734
16.809,-0.00093205471,-0.012225397
16.809999,-0.00093035487,-0.012203101
16.811001,-0.00092865812,-0.012180845
16.812,-0.00092696445,-0.01215863
16.813,-0.00092527387,-0.012136456
16.813999,-0.00092358637,-0.012114322
16.815001,-0.00092190201,-0.012092228
16.816,-0.00092022063,-0.012070174
16.816999,-0.00091854238,-0.012048162
16.818001,-0.00091686717,-0.012026188
16.819,-0.00091519504,-0.012004255
16.82,-0.00091352593,-0.011982362
16.820999,-0.00091185985,-0.011960509
16.822001,-0.0009101968,-0.011938696
16.823,-0.00090853684,-0.011916922
16.823999,-0.00090687984,-0.011895188
16.825001,-0.00090522593,-0.011873494
16.826,-0.00090357498,-0.01185184
16.827,-0.00090192707,-0.011830225
16.827999,-0.00090028212,-0.011808649
16.829,-0.0008986402,-0.011787112
16.83,-0.0008970013,-0.011765615
16.830999,-0.00089536537,-0.011744157
16.832001,-0.00089373242,-0.011722739
16.833,-0.00089210243,-0.011701358
16.834,-0.00089047541,-0.011680018
16.834999,-0.00088885135,-0.011658716
16.836,-0.00088723027,-0.011637453
16.837,-0.00088561216,-0.011616228
16.837999,-0.00088399701,-0.011595042
16.839001,-0.00088238477,-0.011573896
16.84,-0.00088077545,-0.011552787
16.841,-0.00087916909,-0.011531717
16.841999,-0.00087756565,-0.011510686
16.843,-0.00087596517,-0.011489692
16.844,-0.00087436754,-0.011468737
16.844999,-0.00087277289,-0.011447821
16.846001,-0.00087118108,-0.011426941
16.847,-0.00086959219,-0.011406101
16.848,-0.0008680062,-0.011385298
16.849001,-0.00086642313,-0.011364534
16.85,-0.00086484291,-0.011343807
16.851,-0.0008632656,-0.011323118
16.851999,-0.00086169114,-0.011302466
16.853001,-0.00086011953,-0.011281852
16.854,-0.00085855083,-0.011261276
16.855,-0.00085698499,-0.011240737
16.856001,-0.00085542194,-0.011220235
16.857,-0.0008538618,-0.011199771
16.858,-0.00085230445,-0.011179345
16.858999,-0.00085074996,-0.011158954
16.860001,-0.00084919832,-0.011138602
16.861,-0.00084764947,-0.011118287
16.862,-0.00084610347,-0.011098009
16.863001,-0.00084456027,-0.011077767
16.864,-0.00084301986,-0.011057562
16.865,-0.00084148237,-0.011037395
16.865999,-0.00083994772,-0.011017266
16.867001,-0.00083841581,-0.010997172
16.868,-0.00083688676,-0.010977116
16.868999,-0.00083536044,-0.010957097
16.870001,-0.00083383697,-0.010937113
16.871,-0.00083231623,-0.010917166
16.872,-0.00083079824,-0.010897256
16.872999,-0.00082928309,-0.010877382
16.874001,-0.00082777062,-0.010857544
16.875,-0.00082626095,-0.010837742
16.875999,-0.00082475407,-0.010817977
16.877001,-0.00082324987,-0.010798247
16.878,-0.00082174846,-0.010778554
16.879,-0.00082024978,-0.010758895
16.879999,-0.00081875385,-0.010739274
16.881001,-0.00081726059,-0.010719688
16.882,-0.00081577012,-0.010700137
16.882999,-0.00081428234,-0.010680623
16.884001,-0.00081279728,-0.010661144
16.885,-0.00081131491,-0.010641701
16.886,-0.00080983527,-0.010622293
16.886999,-0.00080835831,-0.010602919
16.888,-0.00080688403,-0.010583582
16.889,-0.00080541242,-0.010564281
16.889999,-0.00080394355,-0.010545013
16.891001,-0.00080247736,-0.010525782
16.892,-0.00080101378,-0.010506585
16.893,-0.00079955294,-0.010487423
16.893999,-0.00079809473,-0.010468297
16.895,-0.00079663919,-0.010449205
16.896,-0.00079518626,-0.010430148
16.896999,-0.00079373602,-0.010411126
16.898001,-0.00079228845,-0.010392138
16.899,-0.00079084351,-0.010373185
16.9,-0.00078940118,-0.010354267
16.900999,-0.00078796147,-0.010335383
16.902,-0.00078652438,-0.010316533
16.903,-0.00078508997,-0.010297718
16.903999,-0.00078365812,-0.010278937
16.905001,-0.00078222889,-0.010260191
16.906,-0.00078080228,-0.010241479
16.907,-0.00077937829,-0.0102228
16.908001,-0.00077795686,-0.010204156
16.909,-0.00077653804,-0.010185545
16.91,-0.00077512179,-0.010166969
16.910999,-0.0007737081,-0.010148427
16.912001,-0.00077229703,-0.010129918
16.913,-0.00077088852,-0.010111444
16.914,-0.00076948258,-0.010093003
16.915001,-0.00076807919,-0.010074595
16.916,-0.00076667842,-0.010056221
16.917,-0.00076528016,-0.01003788
16.917999,-0.0007638844,-0.010019573
16.919001,-0.00076249125,-0.0100013
16.92,-0.00076110061,-0.009983059
16.921,-0.00075971254,-0.0099648526
16.922001,-0.00075832696,-0.0099466788
16.923,-0.00075694395,-0.0099285375
16.924,-0.00075556344,-0.0099104298
16.924999,-0.00075418543,-0.0098923557
16.926001,-0.00075280992,-0.0098743131
16.927,-0.00075143692,-0.0098563051
16.927999,-0.00075006648,-0.0098383287
16.929001,-0.00074869848,-0.0098203858
16.93,-0.00074733299,-0.0098024746
16.931,-0.00074597,-0.009784597
16.931999,-0.00074460951,-0.0097667519
16.933001,-0.00074325147,-0.0097489385
16.934,-0.00074189587,-0.0097311586
16.934999,-0.00074054283,-0.0097134104
16.936001,-0.00073919218,-0.0096956948
16.937,-0.00073784404,-0.0096780118
16.938,-0.00073649833,-0.0096603604
16.938999,-0.00073515507,-0.0096427416
16.940001,-0.00073381426,-0.0096251555
16.941,-0.00073247589,-0.0096076
16.941999,-0.00073113997,-0.0095900772
16.943001,-0.00072980649,-0.009572587
16.944,-0.00072847545,-0.0095551275
16.945,-0.00072714681,-0.0095377006
16.945999,-0.0007258206,-0.0095203053
16.947001,-0.00072449684,-0.0095029417
16.948,-0.00072317541,-0.0094856098
16.948999,-0.00072185649,-0.0094683096
16.950001,-0.00072053989,-0.0094510401
16.951,-0.00071922573,-0.0094338031
16.952,-0.00071791396,-0.009416597
16.952999,-0.00071660458,-0.0093994215
16.954,-0.00071529759,-0.0093822787
16.955,-0.00071399292,-0.0093651665
16.955999,-0.0007126907,-0.0093480852
16.957001,-0.00071139081,-0.0093310354
16.958,-0.0007100933,-0.0093140164
16.959,-0.00070879818,-0.0092970291
16.959999,-0.00070750545,-0.0092800716
16.961,-0.00070621504,-0.0092631467
16.962,-0.00070492708,-0.0092462525
16.962999,-0.00070364139,-0.009229389
16.964001,-0.00070235808,-0.0092125563
16.965,-0.00070107711,-0.0091957543
16.966,-0.00069979846,-0.009178983
16.966999,-0.00069852214,-0.0091622425
16.968,-0.00069724821,-0.0091455318
16.969,-0.00069597655,-0.0091288518
16.969999,-0.00069470721,-0.0091122026
16.971001,-0.0006934402,-0.009095584
16.972,-0.00069217547,-0.0090789953
16.973,-0.00069091306,-0.0090624364
16.974001,-0.00068965298,-0.0090459082
16.975,-0.00068839517,-0.0090294098
16.976,-0.00068713969,-0.0090129422
16.976999,-0.00068588642,-0.0089965044
16.978001,-0.00068463554,-0.0089800963
16.979,-0.00068338687,-0.0089637181
16.98,-0.00068214047,-0.0089473696
16.981001,-0.0006808964,-0.0089310519
16.982,-0.00067965453,-0.0089147631
16.983,-0.000678415,-0.0088985041
16.983999,-0.00067717768,-0.0088822749
16.985001,-0.00067594263,-0.0088660754
16.986,-0.00067470985,-0.0088499049
16.987,-0.00067347928,-0.0088337641
16.988001,-0.00067225099,-0.0088176532
16.989,-0.0006710249,-0.0088015711
16.99,-0.00066980108,-0.0087855188
16.990999,-0.00066857948,-0.0087694954
16.992001,-0.00066736009,-0.0087535018
16.993,-0.00066614297,-0.0087375361
16.993999,-0.000664928,-0.0087216012
16.995001,-0.0006637153,-0.0087056942
16.996,-0.00066250481,-0.0086898161
16.997,-0.00066129654,-0.0086739678
16.997999,-0.00066009042,-0.0086581483
16.999001,-0.00065888657,-0.0086423568
17,-0.00065768487,-0.0086265951
17.000999,-0.00065648532,-0.0086108614
17.002001,-0.00065528805,-0.0085951565
17.003,-0.00065409287,-0.0085794805
17.004,-0.00065289991,-0.0085638333
17.004999,-0.00065170915,-0.0085482141
17.006001,-0.00065052055,-0.0085326238
17.007,-0.00064933411,-0.0085170614
17.007999,-0.00064814981,-0.0085015278
17.009001,-0.00064696773,-0.0084860222
17.01,-0.00064578775,-0.0084705455
17.011,-0.00064460997,-0.0084550967
17.011999,-0.00064343429,-0.0084396759
17.013,-0.00064226077,-0.008424283
17.014,-0.0006410894,-0.008408919
17.014999,-0.00063992018,-0.008393582
17.016001,-0.00063875306,-0.0083782738
17.017,-0.00063758803,-0.0083629927
17.018,-0.00063642522,-0.0083477404
17.018999,-0.00063526444,-0.0083325151
17.02,-0.00063410582,-0.0083173178
17.021,-0.00063294935,-0.0083021484
17.021999,-0.00063179492,-0.008287007
17.023001,-0.00063064264,-0.0082718926
17.024,-0.00062949245,-0.0082568061
17.025,-0.00062834437,-0.0082417466
17.025999,-0.00062719837,-0.008226715
17.027,-0.00062605442,-0.0082117114
17.028,-0.00062491262,-0.0081967339
17.028999,-0.00062377285,-0.0081817843
17.030001,-0.00062263518,-0.0081668627
17.031,-0.00062149961,-0.0081519671
17.032,-0.00062036607,-0.0081370994
17.033001,-0.00061923463,-0.0081222579
17.034,-0.00061810523,-0.0081074443
17.035,-0.00061697786,-0.0080926577
17.035999,-0.00061585259,-0.0080778981
17.037001,-0.00061472936,-0.0080631645
17.038,-0.00061360822,-0.008048459
17.039,-0.00061248906,-0.0080337794
17.040001,-0.00061137194,-0.008019127
17.041,-0.00061025692,-0.0080045015
17.042,-0.00060914387,-0.007989902
17.042999,-0.00060803286,-0.0079753296
17.044001,-0.00060692389,-0.0079607833
17.045,-0.00060581695,-0.007946264
17.046,-0.000604712,-0.0079317708
17.047001,-0.00060360908,-0.0079173045
17.048,-0.0006025082,-0.0079028644
17.049,-0.00060140929,-0.0078884503
17.049999,-0.00060031237,-0.0078740623
17.051001,-0.00059921748,-0.0078597013
17.052,-0.00059812458,-0.0078453664
17.052999,-0.00059703365,-0.0078310575
17.054001,-0.00059594476,-0.0078167738
17.055,-0.00059485779,-0.0078025172
17.056,-0.00059377286,-0.0077882865
17.056999,-0.0005926899,-0.007774082
17.058001,-0.00059160893,-0.0077599031
17.059,-0.00059052993,-0.0077457502
17.059999,-0.00058945292,-0.0077316235
17.061001,-0.00058837788,-0.0077175223
17.062,-0.00058730476,-0.0077034468
17.063,-0.00058623363,-0.0076893969
17.063999,-0.00058516441,-0.0076753725
17.065001,-0.00058409717,-0.0076613738
17.066,-0.00058303186,-0.0076474007
17.066999,-0.00058196852,-0.0076334532
17.068001,-0.0005809071,-0.0076195314
17.069,-0.0005798476,-0.0076056342
17.07,-0.00057879009,-0.007591763
17.070999,-0.00057773443,-0.0075779166
17.072001,-0.00057668076,-0.0075640958
17.073,-0.000575629,-0.0075503001
17.073999,-0.00057457917,-0.00753653
17.075001,-0.0005735312,-0.0075227846
17.076,-0.00057248521,-0.0075090639
17.077,-0.00057144108,-0.0074953688
17.077999,-0.00057039887,-0.0074816984
17.079,-0.00056935853,-0.0074680531
17.08,-0.0005683201,-0.0074544325
17.080999,-0.0005672836,-0.0074408371
17.082001,-0.00056624896,-0.0074272663
17.083,-0.00056521624,-0.0074137202
17.084,-0.00056418538,-0.0074001988
17.084999,-0.00056315638,-0.0073867021
17.086,-0.00056212931,-0.0073732301
17.087,-0.00056110404,-0.0073597822
17.087999,-0.00056008069,-0.0073463595
17.089001,-0.0005590592,-0.0073329611
17.09,-0.00055803958,-0.0073195868
17.091,-0.00055702182,-0.0073062372
17.091999,-0.00055600592,-0.0072929119
17.093,-0.00055499183,-0.0072796107
17.094,-0.0005539796,-0.0072663338
17.094999,-0.00055296929,-0.0072530815
17.096001,-0.00055196072,-0.007239853
17.097,-0.00055095408,-0.0072266487
17.098,-0.00054994918,-0.0072134687
17.099001,-0.00054894621,-0.0072003123
17.1,-0.00054794503,-0.0071871802
17.101,-0.00054694567,-0.0071740723
17.101999,-0.0005459481,-0.0071609877
17.103001,-0.0005449524,-0.0071479273
17.104,-0.00054395851,-0.0071348906
17.105,-0.00054296642,-0.0071218782
17.106001,-0.00054197613,-0.0071088891
17.107,-0.00054098765,-0.0070959236
17.108,-0.00054000097,-0.0070829815
17.108999,-0.00053901609,-0.0070700636
17.110001,-0.00053803303,-0.007057169
17.111,-0.00053705176,-0.0070442981
17.112,-0.00053607224,-0.00703145
17.113001,-0.00053509459,-0.0070186262
17.114,-0.00053411862,-0.0070058252
17.115,-0.00053314451,-0.0069930479
17.115999,-0.00053217215,-0.0069802939
17.117001,-0.00053120154,-0.0069675627
17.118,-0.00053023273,-0.0069548553
17.118999,-0.00052926567,-0.0069421707
17.120001,-0.00052830036,-0.0069295093
17.121,-0.00052733684,-0.0069168708
17.122,-0.00052637508,-0.0069042556
17.122999,-0.00052541506,-0.0068916637
17.124001,-0.00052445679,-0.0068790941
17.125,-0.00052350026,-0.0068665477
17.125999,-0.00052254548,-0.0068540243
17.127001,-0.00052159239,-0.0068415236
17.128,-0.0005206411,-0.0068290457
17.129,-0.00051969156,-0.0068165907
17.129999,-0.00051874371,-0.0068041584
17.131001,-0.0005177976,-0.0067917486
17.132,-0.00051685324,-0.0067793615
17.132999,-0.00051591056,-0.0067669968
17.134001,-0.00051496964,-0.0067546549
17.135,-0.0005140304,-0.0067423354
17.136,-0.00051309285,-0.0067300387
17.136999,-0.00051215704,-0.0067177638
17.138,-0.00051122298,-0.0067055118
17.139,-0.00051029056,-0.0066932817
17.139999,-0.00050935987,-0.0066810744
17.141001,-0.00050843088,-0.006668889
17.142,-0.00050750357,-0.0066567259
17.143,-0.00050657796,-0.0066445847
17.143999,-0.00050565402,-0.0066324659
17.145,-0.00050473178,-0.0066203694
17.146,-0.00050381123,-0.0066082948
17.146999,-0.0005028923,-0.0065962421
17.148001,-0.00050197513,-0.0065842113
17.149,-0.00050105958,-0.0065722028
17.15,-0.00050014572,-0.0065602157
17.150999,-0.00049923349,-0.0065482506
17.152,-0.000498323,-0.0065363077
17.153,-0.00049741415,-0.0065243868
17.153999,-0.00049650698,-0.0065124878
17.155001,-0.00049560145,-0.0065006102
17.156,-0.00049469754,-0.0064887544
17.157,-0.00049379532,-0.0064769201
17.158001,-0.00049289473,-0.0064651072
17.159,-0.00049199577,-0.0064533162
17.16,-0.0004910985,-0.0064415466
17.160999,-0.0004902028,-0.0064297984
17.162001,-0.00048930879,-0.0064180717
17.163,-0.00048841635,-0.0064063668
17.164,-0.0004875256,-0.0063946825
17.165001,-0.00048663645,-0.00638302
17.166,-0.00048574893,-0.0063713784
17.167,-0.00048486301,-0.0063597583
17.167999,-0.00048397871,-0.0063481596
17.169001,-0.00048309602,-0.0063365819
17.17,-0.00048221496,-0.0063250251
17.171,-0.0004813355,-0.0063134898
17.172001,-0.00048045765,-0.0063019749
17.173,-0.00047958139,-0.0062904814
17.174,-0.00047870673,-0.0062790089
17.174999,-0.00047783367,-0.0062675574
17.176001,-0.00047696219,-0.0062561268
17.177,-0.0004760923,-0.0062447167
17.177999,-0.00047522402,-0.0062333276
17.179001,-0.00047435731,-0.0062219594
17.18,-0.00047349217,-0.0062106117
17.181,-0.00047262863,-0.0061992849
17.181999,-0.00047176666,-0.0061879787
17.183001,-0.00047090623,-0.0061766929
17.184,-0.00047004741,-0.0061654281
17.184999,-0.00046919013,-0.0061541838
17.186001,-0.00046833445,-0.0061429595
17.187,-0.00046748028,-0.0061317561
17.188,-0.00046662771,-0.0061205733
17.188999,-0.00046577665,-0.0061094104
17.190001,-0.0004649272,-0.0060982681
17.191,-0.00046407926,-0.0060871462
17.191999,-0.00046323286,-0.0060760444
17.193001,-0.00046238804,-0.0060649631
17.194,-0.00046154473,-0.0060539017
17.195,-0.00046070298,-0.0060428609
17.195999,-0.00045986276,-0.0060318401
17.197001,-0.00045902404,-0.0060208393
17.198,-0.0004581869,-0.0060098586
17.198999,-0.00045735124,-0.0059988978
17.200001,-0.00045651713,-0.0059879571
17.201,-0.00045568455,-0.005977036
17.202,-0.00045485346,-0.0059661353
17.202999,-0.00045402392,-0.0059552542
17.204,-0.00045319585,-0.0059443931
17.205,-0.00045236934,-0.0059335516
17.205999,-0.0004515443,-0.0059227301
17.207001,-0.00045072078,-0.0059119281
17.208,-0.00044989874,-0.0059011462
17.209,-0.00044907822,-0.0058903839
17.209999,-0.0004482592,-0.0058796406
17.211,-0.00044744168,-0.0058689173
17.212,-0.00044662564,-0.0058582136
17.212999,-0.00044581108,-0.0058475295
17.214001,-0.000444998,-0.0058368649
17.215,-0.00044418641,-0.0058262195
17.216,-0.00044337631,-0.0058155935
17.216999,-0.00044256766,-0.0058049872
17.218,-0.00044176049,-0.0057943999
17.219,-0.00044095481,-0.0057838322
17.219999,-0.00044015062,-0.0057732835
17.221001,-0.00043934784,-0.005762754
17.222,-0.00043854656,-0.005752244
17.223,-0.00043774673,-0.0057417527
17.224001,-0.00043694838,-0.0057312809
17.225,-0.00043615146,-0.0057208282
17.226,-0.00043535599,-0.0057103946
17.226999,-0.00043456198,-0.0056999796
17.228001,-0.00043376943,-0.0056895837
17.229,-0.0004329783,-0.0056792069
17.23,-0.00043218862,-0.0056688492
17.231001,-0.00043140037,-0.0056585101
17.232,-0.00043061358,-0.0056481902
17.233,-0.00042982821,-0.0056378888
17.233999,-0.00042904427,-0.0056276061
17.235001,-0.00042826176,-0.005617342
17.236,-0.00042748067,-0.0056070969
17.237,-0.00042670101,-0.0055968706
17.238001,-0.00042592277,-0.0055866628
17.239,-0.00042514596,-0.0055764732
17.24,-0.00042437055,-0.0055663027
17.240999,-0.00042359656,-0.0055561503
17.242001,-0.00042282397,-0.0055460171
17.243,-0.00042205281,-0.0055359015
17.243999,-0.00042128304,-0.0055258051
17.245001,-0.00042051467,-0.0055157263
17.246,-0.0004197477,-0.0055056666
17.247,-0.00041898215,-0.0054956251
17.247999,-0.00041821803,-0.0054856022
17.249001,-0.00041745527,-0.0054755979
17.25,-0.00041669395,-0.0054656113
17.250999,-0.00041593399,-0.0054556434
17.252001,-0.0004151754,-0.0054456936
17.253,-0.0004144182,-0.0054357615
17.254,-0.0004136624,-0.0054258481
17.254999,-0.00041290798,-0.0054159528
17.256001,-0.00041215491,-0.0054060752
17.257,-0.00041140325,-0.0053962157
17.257999,-0.00041065295,-0.005386374
17.259001,-0.00040990399,-0.0053765504
17.26,-0.00040915643,-0.0053667449
17.261,-0.00040841021,-0.0053569572
17.261999,-0.00040766536,-0.0053471872
17.263,-0.00040692187,-0.0053374353
17.264,-0.00040617975,-0.0053277011
17.264999,-0.00040543897,-0.0053179846
17.266001,-0.00040469953,-0.0053082858
17.267,-0.00040396146,-0.0052986047
17.268,-0.00040322472,-0.0052889409
17.268999,-0.00040248933,-0.0052792951
17.27,-0.00040175527,-0.0052696671
17.271,-0.00040102258,-0.0052600564
17.271999,-0.0004002912,-0.0052504633
17.273001,-0.00039956116,-0.0052408874
17.274,-0.00039883246,-0.0052313292
17.275,-0.00039810507,-0.0052217888
17.275999,-0.00039737902,-0.0052122651
17.277,-0.0003966543,-0.0052027591
17.278,-0.00039593087,-0.0051932707
17.278999,-0.0003952088,-0.0051837992
17.280001,-0.00039448802,-0.0051743453
17.281,-0.00039376857,-0.0051649082
17.282,-0.00039305043,-0.0051554888
17.283001,-0.00039233358,-0.0051460862
17.284,-0.00039161806,-0.0051367008
17.285,-0.00039090382,-0.0051273326
17.285999,-0.00039019092,-0.0051179817
17.287001,-0.0003894793,-0.0051086475
17.288,-0.00038876897,-0.0050993306
17.289,-0.00038805994,-0.0050900304
17.290001,-0.00038735219,-0.0050807474
17.291,-0.00038664576,-0.0050714812
17.292,-0.0003859406,-0.0050622318
17.292999,-0.00038523672,-0.0050529996
17.294001,-0.00038453416,-0.0050437842
17.295,-0.00038383284,-0.0050345855
17.296,-0.00038313281,-0.0050254031
17.297001,-0.00038243405,-0.005016238
17.298,-0.00038173658,-0.0050070896
17.299,-0.00038104039,-0.0049979575
17.299999,-0.00038034545,-0.0049888426
17.301001,-0.00037965178,-0.0049797441
17.302,-0.00037895938,-0.0049706618
17.302999,-0.00037826825,-0.0049615963
17.304001,-0.00037757834,-0.0049525476
17.305,-0.00037688974,-0.0049435152
17.306,-0.00037620237,-0.004934499
17.306999,-0.00037551625,-0.0049254997
17.308001,-0.00037483138,-0.0049165166
17.309,-0.00037414776,-0.0049075498
17.309999,-0.00037346539,-0.0048985993
17.311001,-0.00037278427,-0.0048896656
17.312,-0.00037210438,-0.0048807478
17.313,-0.00037142573,-0.0048718462
17.313999,-0.00037074834,-0.0048629609
17.315001,-0.00037007217,-0.0048540919
17.316,-0.00036939722,-0.0048452388
17.316999,-0.0003687235,-0.0048364019
17.318001,-0.00036805103,-0.0048275813
17.319,-0.00036737978,-0.0048187766
17.32,-0.00036670972,-0.0048099882
17.320999,-0.00036604091,-0.0048012156
17.322001,-0.00036537333,-0.0047924588
17.323,-0.00036470694,-0.0047837184
17.323999,-0.00036404177,-0.0047749938
17.325001,-0.00036337783,-0.004766285
17.326,-0.0003627151,-0.004757592
17.327,-0.00036205354,-0.0047489149
17.327999,-0.00036139323,-0.0047402536
17.329,-0.00036073409,-0.0047316081
17.33,-0.00036007617,-0.0047229785
17.330999,-0.00035941944,-0.0047143642
17.332001,-0.00035876394,-0.0047057662
17.333,-0.0003581096,-0.0046971836
17.334,-0.00035745645,-0.0046886164
17.334999,-0.00035680449,-0.004680065
17.336,-0.00035615373,-0.0046715289
17.337,-0.00035550413,-0.0046630087
17.337999,-0.00035485576,-0.0046545039
17.339001,-0.00035420855,-0.0046460149
17.34,-0.0003535625,-0.0046375408
17.341,-0.00035291765,-0.0046290825
17.341999,-0.00035227396,-0.0046206396
17.343,-0.00035163146,-0.0046122125
17.344,-0.00035099016,-0.0046038008
17.344999,-0.00035035005,-0.0045954045
17.346001,-0.00034971107,-0.0045870235
17.347,-0.00034907326,-0.0045786574
17.348,-0.00034843662,-0.0045703072
17.349001,-0.00034780116,-0.0045619719
17.35,-0.00034716685,-0.0045536514
17.351,-0.00034653366,-0.0045453468
17.351999,-0.00034590167,-0.0045370567
17.353001,-0.00034527082,-0.0045287823
17.354,-0.0003446411,-0.0045205224
17.355,-0.00034401254,-0.0045122779
17.356001,-0.00034338515,-0.0045040487
17.357,-0.00034275887,-0.004495834
17.358,-0.00034213375,-0.0044876346
17.358999,-0.00034150979,-0.0044794502
17.360001,-0.00034088694,-0.0044712806
17.361,-0.00034026522,-0.004463126
17.362,-0.00033964464,-0.0044549862
17.363001,-0.00033902519,-0.0044468609
17.364,-0.00033840688,-0.0044387509
17.365,-0.00033778971,-0.0044306554
17.365999,-0.00033717364,-0.0044225748
17.367001,-0.0003365587,-0.0044145091
17.368,-0.0003359449,-0.0044064578
17.368999,-0.00033533221,-0.0043984214
17.370001,-0.00033472062,-0.0043903994
17.371,-0.00033411017,-0.0043823924
17.372,-0.00033350082,-0.0043743998
17.372999,-0.00033289258,-0.0043664216
17.374001,-0.00033228545,-0.0043584583
17.375,-0.00033167942,-0.004350509
17.375999,-0.00033107449,-0.0043425746
17.377001,-0.00033047068,-0.0043346547
17.378,-0.00032986797,-0.0043267491
17.379,-0.00032926636,-0.004318858
17.379999,-0.00032866583,-0.0043109814
17.381001,-0.00032806641,-0.0043031187
17.382,-0.00032746809,-0.0042952709
17.382999,-0.00032687085,-0.0042874371
17.384001,-0.00032627472,-0.0042796177
17.385,-0.00032567963,-0.0042718123
17.386,-0.00032508565,-0.0042640213
17.386999,-0.00032449278,-0.0042562447
17.388,-0.00032390095,-0.0042484822
17.389,-0.00032331023,-0.0042407336
17.389999,-0.00032272056,-0.0042329994
17.391001,-0.00032213199,-0.0042252792
17.392,-0.00032154447,-0.004217573
17.393,-0.00032095806,-0.0042098812
17.393999,-0.00032037267,-0.0042022029
17.395,-0.00031978838,-0.004194539
17.396,-0.00031920514,-0.0041868892
17.396999,-0.00031862297,-0.0041792528
17.398001,-0.00031804186,-0.0041716308
17.399,-0.00031746182,-0.0041640224
17.4,-0.00031688283,-0.0041564279
17.400999,-0.00031630488,-0.0041488474
17.402,-0.00031572799,-0.0041412804
17.403,-0.00031515217,-0.0041337279
17.403999,-0.0003145774,-0.0041261883
17.405001,-0.00031400364,-0.0041186633
17.406,-0.00031343097,-0.0041111512
17.407,-0.00031285931,-0.0041036531
17.408001,-0.00031228873,-0.004096169
17.409,-0.00031171917,-0.0040886984
17.41,-0.00031115062,-0.0040812413
17.410999,-0.00031058316,-0.0040737977
17.412001,-0.00031001668,-0.0040663676
17.413,-0.00030945128,-0.004058951
17.414,-0.0003088869,-0.0040515484
17.415001,-0.00030832354,-0.0040441588
17.416,-0.00030776119,-0.0040367832
17.417,-0.00030719989,-0.0040294207
17.417999,-0.00030663959,-0.0040220716
17.419001,-0.00030608033,-0.004014736
17.42,-0.00030552209,-0.0040074135
17.421,-0.00030496487,-0.004000105
17.422001,-0.00030440863,-0.003992809
17.423,-0.00030385345,-0.003985527
17.424,-0.00030329925,-0.003978258
17.424999,-0.00030274608,-0.0039710021
17.426001,-0.00030219392,-0.0039637596
17.427,-0.00030164275,-0.0039565302
17.427999,-0.0003010926,-0.0039493139
17.429001,-0.00030054344,-0.0039421106
17.43,-0.0002999953,-0.0039349208
17.431,-0.00029944815,-0.003927744
17.431999,-0.00029890198,-0.0039205803
17.433001,-0.00029835681,-0.0039134296
17.434,-0.00029781266,-0.0039062919
17.434999,-0.00029726946,-0.0038991673
17.436001,-0.00029672729,-0.0038920557
17.437,-0.00029618607,-0.0038849569
17.438,-0.00029564588,-0.0038778712
17.438999,-0.00029510667,-0.0038707987
17.440001,-0.00029456845,-0.0038637391
17.441,-0.0002940312,-0.0038566922
17.441999,-0.00029349493,-0.0038496584
17.443001,-0.00029295965,-0.0038426372
17.444,-0.00029242533,-0.003835629
17.445,-0.00029189201,-0.0038286333
17.445999,-0.00029135967,-0.0038216508
17.447001,-0.00029082826,-0.0038146805
17.448,-0.00029029784,-0.0038077233
17.448999,-0.00028976839,-0.0038007786
17.450001,-0.00028923989,-0.0037938468
17.451,-0.00028871238,-0.0037869273
17.452,-0.00028818581,-0.0037800206
17.452999,-0.00028766022,-0.0037731265
17.454,-0.00028713557,-0.003766245
17.455,-0.0002866119,-0.003759376
17.455999,-0.00028608917,-0.0037525196
17.457001,-0.0002855674,-0.0037456758
17.458,-0.00028504655,-0.0037388443
17.459,-0.00028452667,-0.0037320252
17.459999,-0.00028400775,-0.0037252186
17.461,-0.00028348979,-0.0037184246
17.462,-0.00028297273,-0.0037116427
17.462999,-0.00028245663,-0.0037048734
17.464001,-0.00028194149,-0.0036981164
17.465,-0.00028142729,-0.0036913715
17.466,-0.00028091401,-0.0036846392
17.466999,-0.00028040167,-0.003677919
17.468,-0.00027989026,-0.0036712112
17.469,-0.0002793798,-0.0036645154
17.469999,-0.00027887025,-0.003657832
17.471001,-0.00027836164,-0.0036511607
17.472,-0.00027785395,-0.0036445018
17.473,-0.00027734719,-0.0036378547
17.474001,-0.00027684137,-0.00363122
17.475,-0.00027633645,-0.0036245973
17.476,-0.00027583246,-0.0036179866
17.476999,-0.0002753294,-0.0036113882
17.478001,-0.00027482724,-0.0036048014
17.479,-0.00027432601,-0.0035982269
17.48,-0.00027382569,-0.0035916644
17.481001,-0.00027332627,-0.0035851139
17.482,-0.00027282778,-0.0035785751
17.483,-0.00027233019,-0.0035720484
17.483999,-0.0002718335,-0.0035655336
17.485001,-0.00027133772,-0.0035590308
17.486,-0.00027084284,-0.0035525397
17.487,-0.00027034886,-0.0035460605
17.488001,-0.00026985581,-0.003539593
17.489,-0.00026936363,-0.0035331375
17.49,-0.00026887236,-0.0035266937
17.490999,-0.00026838196,-0.0035202615
17.492001,-0.00026789249,-0.0035138412
17.493,-0.0002674039,-0.0035074325
17.493999,-0.00026691621,-0.0035010355
17.495001,-0.00026642939,-0.0034946501
17.496,-0.00026594347,-0.0034882764
17.497,-0.00026545842,-0.0034819145
17.497999,-0.00026497428,-0.0034755641
17.499001,-0.00026449101,-0.0034692253
17.5,-0.00026400862,-0.0034628978
17.500999,-0.00026352709,-0.0034565821
17.502001,-0.00026304647,-0.0034502777
17.503,-0.00026256673,-0.003443985
17.504,-0.00026208785,-0.0034377037
17.504999,-0.00026160985,-0.003431434
17.506001,-0.00026113269,-0.0034251756
17.507,-0.00026065644,-0.0034189285
17.507999,-0.00026018103,-0.003412693
17.509001,-0.00025970652,-0.0034064688
17.51,-0.00025923285,-0.0034002559
17.511,-0.00025876003,-0.0033940542
17.511999,-0.00025828811,-0.0033878642
17.513,-0.00025781704,-0.0033816851
17.514,-0.00025734681,-0.0033755174
17.514999,-0.00025687745,-0.0033693609
17.516001,-0.00025640894,-0.0033632158
17.517,-0.00025594127,-0.0033570817
17.518,-0.00025547447,-0.0033509589
17.518999,-0.00025500852,-0.0033448474
17.52,-0.00025454344,-0.0033387467
17.521,-0.00025407918,-0.0033326573
17.521999,-0.00025361578,-0.003326579
17.523001,-0.00025315321,-0.0033205117
17.524,-0.00025269151,-0.0033144555
17.525,-0.00025223062,-0.0033084105
17.525999,-0.00025177057,-0.0033023763
17.527,-0.00025131137,-0.0032963532
17.528,-0.00025085302,-0.003290341
17.528999,-0.0002503955,-0.00328434
17.530001,-0.00024993881,-0.0032783498
17.531,-0.00024948295,-0.0032723704
17.532,-0.00024902791,-0.0032664018
17.533001,-0.00024857372,-0.0032604444
17.534,-0.00024812037,-0.0032544979
17.535,-0.00024766783,-0.0032485623
17.535999,-0.00024721614,-0.0032426375
17.537001,-0.00024676527,-0.0032367234
17.538,-0.00024631521,-0.0032308202
17.539,-0.00024586596,-0.0032249277
17.540001,-0.00024541756,-0.0032190462
17.541,-0.00024496997,-0.0032131751
17.542,-0.00024452317,-0.003207315
17.542999,-0.00024407721,-0.0032014654
17.544001,-0.00024363205,-0.0031956264
17.545,-0.00024318771,-0.0031897982
17.546,-0.00024274418,-0.0031839805
17.547001,-0.00024230147,-0.0031781734
17.548,-0.00024185955,-0.0031723771
17.549,-0.00024141844,-0.0031665913
17.549999,-0.00024097813,-0.0031608159
17.551001,-0.00024053863,-0.0031550513
17.552,-0.00024009994,-0.0031492971
17.552999,-0.00023966204,-0.0031435534
17.554001,-0.00023922494,-0.0031378199
17.555,-0.00023878863,-0.0031320972
17.556,-0.00023835314,-0.0031263849
17.556999,-0.00023791842,-0.0031206829
17.558001,-0.00023748451,-0.0031149914
17.559,-0.00023705137,-0.0031093103
17.559999,-0.00023661903,-0.0031036395
17.561001,-0.00023618749,-0.0030979789
17.562,-0.00023575673,-0.0030923288
17.563,-0.00023532675,-0.0030866889
17.563999,-0.00023489755,-0.0030810595
17.565001,-0.00023446915,-0.0030754402
17.566,-0.00023404152,-0.0030698311
17.566999,-0.00023361467,-0.0030642324
17.568001,-0.00023318861,-0.0030586438
17.569,-0.00023276331,-0.0030530654
17.57,-0.00023233879,-0.0030474972
17.570999,-0.00023191505,-0.0030419391
17.572001,-0.00023149209,-0.0030363912
17.573,-0.00023106989,-0.0030308533
17.573999,-0.00023064845,-0.0030253257
17.575001,-0.0002302278,-0.0030198081
17.576,-0.00022980791,-0.0030143005
17.577,-0.00022938878,-0.0030088029
17.577999,-0.00022897041,-0.0030033155
17.579,-0.00022855282,-0.002997838
17.58,-0.00022813598,-0.0029923704
17.580999,-0.00022771991,-0.0029869131
17.582001,-0.00022730458,-0.0029814655
17.583,-0.00022689003,-0.0029760278
17.584,-0.00022647623,-0.0029706
17.584999,-0.00022606317,-0.0029651823
17.586,-0.00022565087,-0.0029597743
17.587,-0.00022523933,-0.0029543762
17.587999,-0.00022482853,-0.002948988
17.589001,-0.00022441849,-0.0029436096
17.59,-0.0002240092,-0.002938241
17.591,-0.00022360064,-0.0029328822
17.591999,-0.00022319284,-0.0029275331
17.593,-0.00022278578,-0.0029221938
17.594,-0.00022237946,-0.0029168644
17.594999,-0.00022197387,-0.0029115444
17.596001,-0.00022156903,-0.0029062345
17.597,-0.00022116493,-0.0029009338
17.598,-0.00022076156,-0.0028956432
17.599001,-0.00022035894,-0.0028903619
17.6,-0.00021995704,-0.0028850904
17.601,-0.00021955588,-0.0028798287
17.601999,-0.00021915545,-0.0028745763
17.603001,-0.00021875574,-0.0028693336
17.604,-0.00021835677,-0.0028641005
17.605,-0.00021795853,-0.0028588767
17.606001,-0.00021756101,-0.0028536627
17.607,-0.00021716421,-0.002848458
17.608,-0.00021676814,-0.0028432631
17.608999,-0.00021637279,-0.0028380773
17.610001,-0.00021597817,-0.0028329012
17.611,-0.00021558425,-0.0028277345
17.612,-0.00021519107,-0.002822577
17.613001,-0.00021479859,-0.0028174291
17.614,-0.00021440683,-0.0028122906
17.615,-0.00021401579,-0.0028071615
17.615999,-0.00021362546,-0.0028020416
17.617001,-0.00021323583,-0.0027969312
17.618,-0.00021284692,-0.0027918299
17.618999,-0.00021245872,-0.0027867381
17.620001,-0.00021207123,-0.0027816554
17.621,-0.00021168444,-0.002776582
17.622,-0.00021129836,-0.002771518
17.622999,-0.00021091299,-0.0027664632
17.624001,-0.00021052831,-0.0027614175
17.625,-0.00021014432,-0.0027563809
17.625999,-0.00020976106,-0.0027513537
17.627001,-0.00020937847,-0.0027463355
17.628,-0.0002089966,-0.0027413266
17.629,-0.00020861541,-0.0027363268
17.629999,-0.00020823494,-0.0027313363
17.631001,-0.00020785516,-0.0027263549
17.632,-0.00020747609,-0.0027213825
17.632999,-0.00020709769,-0.0027164193
17.634001,-0.00020671998,-0.0027114651
17.635,-0.00020634297,-0.00270652
17.636,-0.00020596664,-0.0027015838
17.636999,-0.000205591,-0.0026966566
17.638,-0.00020521604,-0.0026917385
17.639,-0.00020484177,-0.0026868295
17.639999,-0.00020446819,-0.0026819292
17.641001,-0.00020409528,-0.0026770378
17.642,-0.00020372304,-0.0026721556
17.643,-0.0002033515,-0.0026672822
17.643999,-0.00020298063,-0.0026624175
17.645,-0.00020261043,-0.0026575618
17.646,-0.00020224092,-0.002652715
17.646999,-0.00020187207,-0.002647877
17.648001,-0.00020150391,-0.0026430478
17.649,-0.0002011364,-0.0026382275
17.65,-0.00020076957,-0.0026334159
17.650999,-0.00020040342,-0.0026286133
17.652,-0.00020003792,-0.002623819
17.653,-0.0001996731,-0.0026190339
17.653999,-0.00019930894,-0.0026142574
17.655001,-0.00019894543,-0.0026094895
17.656,-0.00019858261,-0.0026047304
17.657,-0.00019822043,-0.0025999798
17.658001,-0.00019785891,-0.0025952382
17.659,-0.00019749807,-0.0025905049
17.66,-0.00019713788,-0.0025857803
17.660999,-0.00019677833,-0.0025810646
17.662001,-0.00019641945,-0.0025763572
17.663,-0.00019606123,-0.0025716585
17.664,-0.00019570366,-0.0025669683
17.665001,-0.00019534673,-0.0025622868
17.666,-0.00019499047,-0.0025576137
17.667,-0.00019463485,-0.0025529491
17.667999,-0.00019427987,-0.002548293
17.669001,-0.00019392555,-0.0025436454
17.67,-0.00019357188,-0.0025390065
17.671,-0.00019321883,-0.002534376
17.672001,-0.00019286644,-0.0025297538
17.673,-0.00019251469,-0.0025251401
17.674,-0.0001921636,-0.0025205347
17.674999,-0.00019181313,-0.0025159377
17.676001,-0.0001914633,-0.0025113493
17.677,-0.00019111412,-0.002506769
17.677999,-0.00019076557,-0.0025021972
17.679001,-0.00019041765,-0.0024976337
17.68,-0.00019007036,-0.0024930786
17.681,-0.00018972372,-0.0024885319
17.681999,-0.00018937771,-0.0024839933
17.683001,-0.00018903232,-0.0024794629
17.684,-0.00018868755,-0.0024749408
17.684999,-0.00018834343,-0.0024704272
17.686001,-0.00018799993,-0.0024659217
17.687,-0.00018765706,-0.0024614243
17.688,-0.00018731481,-0.0024569351
17.688999,-0.00018697319,-0.0024524541
17.690001,-0.00018663218,-0.0024479814
17.691,-0.00018629181,-0.0024435169
17.691999,-0.00018595206,-0.0024390602
17.693001,-0.00018561291,-0.002434612
17.694,-0.00018527439,-0.0024301717
17.695,-0.00018493648,-0.0024257395
17.695999,-0.00018459919,-0.0024213155
17.697001,-0.00018426252,-0.0024168994
17.698,-0.00018392646,-0.0024124915
17.698999,-0.00018359101,-0.0024080914
17.700001,-0.00018325618,-0.0024036996
17.701,-0.00018292195,-0.0023993156
17.702,-0.00018258834,-0.0023949398
17.702999,-0.00018225533,-0.0023905719
17.704,-0.00018192292,-0.0023862119
17.705,-0.00018159114,-0.0023818598
17.705999,-0.00018125994,-0.0023775157
17.707001,-0.00018092935,-0.0023731794
17.708,-0.00018059937,-0.0023688513
17.709,-0.00018026998,-0.0023645309
17.709999,-0.0001799412,-0.0023602184
17.711,-0.00017961302,-0.0023559136
17.712,-0.00017928543,-0.0023516167
17.712999,-0.00017895843,-0.0023473278
17.714001,-0.00017863205,-0.0023430467
17.715,-0.00017830625,-0.0023387733
17.716,-0.00017798104,-0.0023345076
17.716999,-0.00017765643,-0.0023302499
17.718,-0.0001773324,-0.0023259998
17.719,-0.00017700897,-0.0023217576
17.719999,-0.00017668614,-0.0023175229
17.721001,-0.00017636389,-0.0023132961
17.722,-0.00017604222,-0.002309077
17.723,-0.00017572114,-0.0023048655
17.724001,-0.00017540064,-0.0023006615
17.725,-0.00017508074,-0.0022964657
17.726,-0.00017476143,-0.0022922773
17.726999,-0.0001744427,-0.0022880968
17.728001,-0.00017412455,-0.0022839238
17.729,-0.00017380698,-0.0022797582
17.73,-0.00017349,-0.0022756006
17.731001,-0.0001731736,-0.0022714504
17.732,-0.00017285776,-0.0022673076
17.733,-0.00017254251,-0.0022631725
17.733999,-0.00017222782,-0.0022590451
17.735001,-0.00017191372,-0.002254925
17.736,-0.00017160019,-0.0022508125
17.737,-0.00017128722,-0.0022467074
17.738001,-0.00017097483,-0.0022426101
17.739,-0.00017066301,-0.00223852
17.74,-0.00017035176,-0.0022344373
17.740999,-0.00017004108,-0.0022303623
17.742001,-0.00016973095,-0.0022262945
17.743,-0.0001694214,-0.0022222342
17.743999,-0.00016911242,-0.0022181813
17.745001,-0.00016880399,-0.0022141358
17.746,-0.00016849613,-0.0022100979
17.747,-0.00016818882,-0.0022060671
17.747999,-0.00016788208,-0.0022020435
17.749001,-0.0001675759,-0.0021980277
17.75,-0.00016727028,-0.0021940188
17.750999,-0.00016696521,-0.0021900174
17.752001,-0.00016666071,-0.0021860234
17.753,-0.00016635675,-0.0021820364
17.754,-0.00016605336,-0.0021780569
17.754999,-0.00016575051,-0.0021740845
17.756001,-0.00016544822,-0.0021701194
17.757,-0.00016514647,-0.0021661618
17.757999,-0.00016484527,-0.0021622111
17.759001,-0.00016454463,-0.0021582677
17.76,-0.00016424454,-0.0021543314
17.761,-0.00016394499,-0.0021504024
17.761999,-0.00016364599,-0.0021464806
17.763,-0.00016334753,-0.0021425658
17.764,-0.00016304963,-0.0021386582
17.764999,-0.00016275226,-0.0021347578
17.766001,-0.00016245543,-0.0021308644
17.767,-0.00016215915,-0.002126978
17.768,-0.0001618634,-0.0021230991
17.768999,-0.0001615682,-0.0021192268
17.77,-0.00016127354,-0.0021153619
17.771,-0.0001609794,-0.0021115039
17.771999,-0.00016068581,-0.0021076528
17.773001,-0.00016039275,-0.002103809
17.774,-0.00016010023,-0.002099972
17.775,-0.00015980823,-0.0020961422
17.775999,-0.00015951679,-0.0020923193
17.777,-0.00015922585,-0.0020885032
17.778,-0.00015893545,-0.0020846943
17.778999,-0.00015864559,-0.0020808922
17.780001,-0.00015835626,-0.0020770971
17.781,-0.00015806744,-0.0020733089
17.782,-0.00015777916,-0.0020695275
17.783001,-0.00015749139,-0.0020657531
17.784,-0.00015720417,-0.0020619854
17.785,-0.00015691745,-0.002058225
17.785999,-0.00015663127,-0.0020544711
17.787001,-0.0001563456,-0.0020507241
17.788,-0.00015606046,-0.0020469839
17.789,-0.00015577584,-0.0020432507
17.790001,-0.00015549173,-0.002039524
17.791,-0.00015520814,-0.0020358043
17.792,-0.00015492506,-0.0020320914
17.792999,-0.0001546425,-0.0020283854
17.794001,-0.00015436047,-0.002024686
17.795,-0.00015407894,-0.0020209933
17.796,-0.00015379793,-0.0020173073
17.797001,-0.00015351742,-0.0020136281
17.798,-0.00015323743,-0.0020099555
17.799,-0.00015295796,-0.0020062898
17.799999,-0.00015267899,-0.0020026306
17.801001,-0.00015240052,-0.0019989782
17.802,-0.00015212258,-0.0019953323
17.802999,-0.00015184512,-0.0019916932
17.804001,-0.00015156818,-0.0019880605
17.805,-0.00015129175,-0.0019844347
17.806,-0.00015101582,-0.0019808153
17.806999,-0.00015074038,-0.0019772027
17.808001,-0.00015046545,-0.0019735964
17.809,-0.00015019103,-0.0019699968
17.809999,-0.00014991709,-0.001966404
17.811001,-0.00014964367,-0.0019628175
17.812,-0.00014937074,-0.0019592375
17.813,-0.0001490983,-0.0019556643
17.813999,-0.00014882637,-0.0019520973
17.815001,-0.00014855493,-0.0019485368
17.816,-0.00014828397,-0.001944983
17.816999,-0.00014801353,-0.0019414355
17.818001,-0.00014774356,-0.0019378946
17.819,-0.0001474741,-0.00193436
17.82,-0.00014720512,-0.001930832
17.820999,-0.00014693664,-0.0019273106
17.822001,-0.00014666867,-0.0019237954
17.823,-0.00014640117,-0.0019202869
17.823999,-0.00014613416,-0.0019167847
17.825001,-0.00014586764,-0.0019132887
17.826,-0.0001456016,-0.0019097993
17.827,-0.00014533605,-0.0019063161
17.827999,-0.00014507098,-0.0019028394
17.829,-0.0001448064,-0.0018993691
17.83,-0.00014454231,-0.0018959049
17.830999,-0.00014427869,-0.0018924471
17.832001,-0.00014401555,-0.0018889956
17.833,-0.0001437529,-0.0018855506
17.834,-0.00014349072,-0.0018821117
17.834999,-0.00014322902,-0.001878679
17.836,-0.00014296779,-0.0018752527
17.837,-0.00014270705,-0.0018718325
17.837999,-0.00014244678,-0.0018684187
17.839001,-0.00014218698,-0.0018650111
17.84,-0.00014192765,-0.0018616096
17.841,-0.0001416688,-0.0018582144
17.841999,-0.00014141043,-0.0018548253
17.843,-0.00014115253,-0.0018514425
17.844,-0.00014089509,-0.0018480659
17.844999,-0.00014063812,-0.0018446953
17.846001,-0.00014038163,-0.0018413309
17.847,-0.0001401256,-0.0018379727
17.848,-0.00013987004,-0.0018346206
17.849001,-0.00013961493,-0.0018312746
17.85,-0.0001393603,-0.0018279346
17.851,-0.00013910614,-0.0018246009
17.851999,-0.00013885244,-0.0018212731
17.853001,-0.00013859919,-0.0018179514
17.854,-0.00013834641,-0.0018146358
17.855,-0.0001380941,-0.0018113262
17.856001,-0.00013784225,-0.0018080227
17.857,-0.00013759085,-0.0018047253
17.858,-0.0001373399,-0.0018014337
17.858999,-0.00013708942,-0.0017981483
17.860001,-0.00013683939,-0.0017948688
17.861,-0.00013658982,-0.0017915954
17.862,-0.00013634071,-0.0017883278
17.863001,-0.00013609204,-0.0017850662
17.864,-0.00013584385,-0.0017818105
17.865,-0.00013559608,-0.0017785608
17.865999,-0.00013534879,-0.0017753171
17.867001,-0.00013510193,-0.0017720793
17.868,-0.00013485552,-0.0017688472
17.868999,-0.00013460958,-0.0017656212
17.870001,-0.00013436408,-0.0017624011
17.871,-0.00013411902,-0.0017591867
17.872,-0.0001338744,-0.0017559783
17.872999,-0.00013363025,-0.0017527757
17.874001,-0.00013338652,-0.001749579
17.875,-0.00013314326,-0.001746388
17.875999,-0.00013290043,-0.0017432029
17.877001,-0.00013265804,-0.0017400236
17.878,-0.0001324161,-0.0017368501
17.879,-0.00013217459,-0.0017336825
17.879999,-0.00013193353,-0.0017305205
17.881001,-0.0001316929,-0.0017273643
17.882,-0.00013145272,-0.0017242139
17.882999,-0.00013121296,-0.0017210692
17.884001,-0.00013097365,-0.0017179303
17.885,-0.00013073478,-0.0017147971
17.886,-0.00013049635,-0.0017116695
17.886999,-0.00013025834,-0.0017085477
17.888,-0.00013002077,-0.0017054316
17.889,-0.00012978363,-0.0017023212
17.889999,-0.00012954693,-0.0016992164
17.891001,-0.00012931066,-0.0016961173
17.892,-0.00012907482,-0.0016930238
17.893,-0.0001288394,-0.001689936
17.893999,-0.00012860441,-0.0016868539
17.895,-0.00012836987,-0.0016837773
17.896,-0.00012813574,-0.0016807064
17.896999,-0.00012790204,-0.0016776411
17.898001,-0.00012766877,-0.0016745812
17.899,-0.00012743591,-0.001671527
17.9,-0.00012720349,-0.0016684785
17.900999,-0.00012697148,-0.0016654354
17.902,-0.00012673991,-0.0016623979
17.903,-0.00012650875,-0.0016593658
17.903999,-0.00012627801,-0.0016563394
17.905001,-0.0001260477,-0.0016533184
17.906,-0.00012581781,-0.001650303
17.907,-0.00012558834,-0.0016472931
17.908001,-0.00012535928,-0.0016442887
17.909,-0.00012513064,-0.0016412897
17.91,-0.00012490242,-0.0016382962
17.910999,-0.00012467461,-0.0016353081
17.912001,-0.00012444722,-0.0016323255
17.913,-0.00012422024,-0.0016293483
17.914,-0.00012399367,-0.0016263765
17.915001,-0.00012376752,-0.0016234103
17.916,-0.00012354179,-0.0016204494
17.917,-0.00012331648,-0.001617494
17.917999,-0.00012309158,-0.0016145441
17.919001,-0.00012286709,-0.0016115995
17.92,-0.000122643,-0.0016086603
17.921,-0.00012241933,-0.0016057264
17.922001,-0.00012219607,-0.001602798
17.923,-0.00012197321,-0.0015998748
17.924,-0.00012175075,-0.001596957
17.924999,-0.00012152871,-0.0015940445
17.926001,-0.00012130707,-0.0015911374
17.927,-0.00012108583,-0.0015882355
17.927999,-0.000120865,-0.001585339
17.929001,-0.00012064457,-0.0015824477
17.93,-0.00012042455,-0.0015795617
17.931,-0.00012020492,-0.0015766809
17.931999,-0.0001199857,-0.0015738055
17.933001,-0.00011976688,-0.0015709352
17.934,-0.00011954845,-0.0015680703
17.934999,-0.00011933043,-0.0015652105
17.936001,-0.0001191128,-0.001562356
17.937,-0.00011889556,-0.0015595066
17.938,-0.00011867873,-0.0015566625
17.938999,-0.0001184623,-0.0015538236
17.940001,-0.00011824625,-0.0015509898
17.941,-0.00011803061,-0.0015481613
17.941999,-0.00011781535,-0.0015453378
17.943001,-0.00011760049,-0.0015425195
17.944,-0.00011738601,-0.0015397065
17.945,-0.00011717194,-0.0015368984
17.945999,-0.00011695825,-0.0015340956
17.947001,-0.00011674495,-0.0015312979
17.948,-0.00011653205,-0.0015285052
17.948999,-0.00011631953,-0.0015257178
17.950001,-0.0001161074,-0.0015229353
17.951,-0.00011589565,-0.0015201579
17.952,-0.00011568429,-0.0015173856
17.952999,-0.00011547333,-0.0015146184
17.954,-0.00011526274,-0.0015118562
17.955,-0.00011505253,-0.0015090992
17.955999,-0.00011484272,-0.001506347
17.957001,-0.00011463328,-0.0015035999
17.958,-0.00011442423,-0.0015008579
17.959,-0.00011421556,-0.0014981208
17.959999,-0.00011400727,-0.0014953888
17.961,-0.00011379936,-0.0014926617
17.962,-0.00011359183,-0.0014899396
17.962999,-0.00011338468,-0.0014872225
17.964001,-0.00011317791,-0.0014845104
17.965,-0.00011297152,-0.0014818031
17.966,-0.0001127655,-0.0014791009
17.966999,-0.00011255986,-0.0014764036
17.968,-0.00011235459,-0.0014737111
17.969,-0.0001121497,-0.0014710237
17.969999,-0.00011194518,-0.0014683411
17.971001,-0.00011174104,-0.0014656634
17.972,-0.00011153727,-0.0014629907
17.973,-0.00011133387,-0.0014603228
17.974001,-0.00011113084,-0.0014576598
17.975,-0.00011092818,-0.0014550015
17.976,-0.00011072589,-0.0014523482
17.976999,-0.00011052398,-0.0014496997
17.978001,-0.00011032243,-0.0014470562
17.979,-0.00011012125,-0.0014444174
17.98,-0.00010992044,-0.0014417834
17.981001,-0.00010971999,-0.0014391543
17.982,-0.00010951992,-0.0014365298
17.983,-0.0001093202,-0.0014339103
17.983999,-0.00010912085,-0.0014312955
17.985001,-0.00010892186,-0.0014286855
17.986,-0.00010872324,-0.0014260802
17.987,-0.00010852499,-0.0014234798
17.988001,-0.00010832709,-0.001420884
17.989,-0.00010812956,-0.001418293
17.99,-0.00010793238,-0.0014157068
17.990999,-0.00010773557,-0.0014131252
17.992001,-0.00010753911,-0.0014105485
17.993,-0.00010734302,-0.0014079764
17.993999,-0.00010714728,-0.001405409
17.995001,-0.0001069519,-0.0014028462
17.996,-0.00010675688,-0.0014002882
17.997,-0.00010656221,-0.0013977347
17.997999,-0.0001063679,-0.0013951861
17.999001,-0.00010617395,-0.001392642
18,-0.00010598035,-0.0013901027
18.000999,-0.0001057871,-0.001387568
18.002001,-0.0001055942,-0.0013850378
18.003,-0.00010540166,-0.0013825123
18.004,-0.00010520947,-0.0013799914
18.004999,-0.00010501763,-0.0013774751
18.006001,-0.00010482614,-0.0013749634
18.007,-0.000104635,-0.0013724563
18.007999,-0.00010444421,-0.0013699539
18.009001,-0.00010425377,-0.0013674559
18.01,-0.00010406368,-0.0013649625
18.011,-0.00010387394,-0.0013624737
18.011999,-0.00010368454,-0.0013599894
18.013,-0.00010349548,-0.0013575098
18.014,-0.00010330677,-0.0013550345
18.014999,-0.00010311841,-0.0013525638
18.016001,-0.0001029304,-0.0013500977
18.017,-0.00010274272,-0.001347636
18.018,-0.00010255539,-0.0013451789
18.018999,-0.0001023684,-0.0013427262
18.02,-0.00010218175,-0.0013402781
18.021,-0.00010199545,-0.0013378343
18.021999,-0.00010180948,-0.001335395
18.023001,-0.00010162386,-0.0013329603
18.024,-0.00010143857,-0.0013305299
18.025,-0.00010125362,-0.0013281041
18.025999,-0.00010106901,-0.0013256826
18.027,-0.00010088474,-0.0013232656
18.028,-0.0001007008,-0.001320853
18.028999,-0.00010051721,-0.0013184448
18.030001,-0.00010033394,-0.001316041
18.031,-0.00010015101,-0.0013136416
18.032,-9.996842e-05,-0.0013112465
18.033001,-9.9786157e-05,-0.0013088559
18.034,-9.9604229e-05,-0.0013064697
18.035,-9.9422636e-05,-0.0013040877
18.035999,-9.924137e-05,-0.0013017101
18.037001,-9.9060439e-05,-0.001299337
18.038,-9.8879842e-05,-0.0012969681
18.039,-9.8699566e-05,-0.0012946036
18.040001,-9.8519624e-05,-0.0012922434
18.041,-9.8340017e-05,-0.0012898875
18.042,-9.816073e-05,-0.0012875359
18.042999,-9.7981778e-05,-0.0012851885
18.044001,-9.7803146e-05,-0.0012828455
18.045,-9.7624841e-05,-0.0012805068
18.046,-9.7446864e-05,-0.0012781724
18.047001,-9.7269214e-05,-0.0012758422
18.048,-9.7091885e-05,-0.0012735162
18.049,-9.6914882e-05,-0.0012711945
18.049999,-9.6738208e-05,-0.0012688772
18.051001,-9.6561853e-05,-0.001266564
18.052,-9.6385818e-05,-0.001264255
18.052999,-9.6210104e-05,-0.0012619502
18.054001,-9.6034717e-05,-0.0012596498
18.055,-9.5859643e-05,-0.0012573535
18.056,-9.5684896e-05,-0.0012550612
18.056999,-9.551047e-05,-0.0012527733
18.058001,-9.5336356e-05,-0.0012504896
18.059,-9.5162563e-05,-0.0012482101
18.059999,-9.4989089e-05,-0.0012459346
18.061001,-9.4815929e-05,-0.0012436634
18.062,-9.4643088e-05,-0.0012413963
18.063,-9.4470561e-05,-0.0012391333
18.063999,-9.4298353e-05,-0.0012368745
18.065001,-9.4126459e-05,-0.0012346199
18.066,-9.3954877e-05,-0.0012323693
18.066999,-9.3783608e-05,-0.0012301229
18.068001,-9.3612653e-05,-0.0012278805
18.069,-9.3442017e-05,-0.0012256423
18.07,-9.3271687e-05,-0.0012234082
18.070999,-9.3101669e-05,-0.0012211781
18.072001,-9.2931958e-05,-0.0012189521
18.073,-9.2762559e-05,-0.0012167302
18.073999,-9.2593473e-05,-0.0012145123
18.075001,-9.2424692e-05,-0.0012122985
18.076,-9.2256225e-05,-0.0012100887
18.077,-9.2088063e-05,-0.0012078831
18.077999,-9.1920214e-05,-0.0012056814
18.079,-9.1752663e-05,-0.0012034838
18.08,-9.1585425e-05,-0.0012012901
18.080999,-9.1418486e-05,-0.0011991005
18.082001,-9.1251859e-05,-0.0011969148
18.083,-9.1085531e-05,-0.0011947332
18.084,-9.0919508e-05,-0.0011925556
18.084999,-9.0753791e-05,-0.0011903819
18.086,-9.0588379e-05,-0.0011882123
18.087,-9.0423266e-05,-0.0011860465
18.087999,-9.0258458e-05,-0.0011838848
18.089001,-9.0093949e-05,-0.001181727
18.09,-8.9929737e-05,-0.0011795731
18.091,-8.9765832e-05,-0.0011774233
18.091999,-8.9602217e-05,-0.0011752773
18.093,-8.9438909e-05,-0.0011731352
18.094,-8.9275898e-05,-0.001170997
18.094999,-8.9113186e-05,-0.0011688628
18.096001,-8.8950772e-05,-0.0011667324
18.097,-8.8788649e-05,-0.001164606
18.098,-8.8626832e-05,-0.0011624835
18.099001,-8.8465305e-05,-0.0011603648
18.1,-8.830407e-05,-0.0011582499
18.101,-8.8143133e-05,-0.0011561391
18.101999,-8.7982495e-05,-0.001154032
18.103001,-8.7822147e-05,-0.0011519287
18.104,-8.7662091e-05,-0.0011498294
18.105,-8.7502325e-05,-0.0011477338
18.106001,-8.7342851e-05,-0.001145642
18.107,-8.7183682e-05,-0.0011435542
18.108,-8.7024804e-05,-0.0011414703
18.108999,-8.686621e-05,-0.0011393902
18.110001,-8.6707914e-05,-0.0011373138
18.111,-8.654991e-05,-0.0011352414
18.112,-8.6392189e-05,-0.0011331725
18.113001,-8.6234759e-05,-0.0011311076
18.114,-8.6077613e-05,-0.0011290464
18.115,-8.5920758e-05,-0.001126989
18.115999,-8.5764193e-05,-0.0011249353
18.117001,-8.5607913e-05,-0.0011228855
18.118,-8.5451917e-05,-0.0011208394
18.118999,-8.5296204e-05,-0.001118797
18.120001,-8.5140775e-05,-0.0011167583
18.121,-8.4985637e-05,-0.0011147234
18.122,-8.4830783e-05,-0.0011126922
18.122999,-8.4676205e-05,-0.0011106647
18.124001,-8.4521911e-05,-0.0011086409
18.125,-8.4367908e-05,-0.0011066209
18.125999,-8.4214174e-05,-0.0011046045
18.127001,-8.4060732e-05,-0.0011025917
18.128,-8.3907566e-05,-0.0011005828
18.129,-8.3754683e-05,-0.0010985774
18.129999,-8.3602077e-05,-0.0010965758
18.131001,-8.3449748e-05,-0.0010945777
18.132,-8.3297702e-05,-0.0010925834
18.132999,-8.3145926e-05,-0.0010905927
18.134001,-8.299444e-05,-0.0010886056
18.135,-8.2843224e-05,-0.0010866221
18.136,-8.2692284e-05,-0.0010846424
18.136999,-8.2541621e-05,-0.0010826662
18.138,-8.2391234e-05,-0.0010806936
18.139,-8.2241124e-05,-0.0010787246
18.139999,-8.2091283e-05,-0.0010767593
18.141001,-8.1941718e-05,-0.0010747975
18.142,-8.179243e-05,-0.0010728394
18.143,-8.1643411e-05,-0.0010708848
18.143999,-8.1494669e-05,-0.0010689338
18.145,-8.1346196e-05,-0.0010669862
18.146,-8.1197992e-05,-0.0010650423
18.146999,-8.1050064e-05,-0.001063102
18.148001,-8.0902406e-05,-0.0010611652
18.149,-8.0755017e-05,-0.0010592319
18.15,-8.0607897e-05,-0.0010573022
18.150999,-8.0461046e-05,-0.001055376
18.152,-8.0314458e-05,-0.0010534534
18.153,-8.0168145e-05,-0.0010515342
18.153999,-8.0022095e-05,-0.0010496186
18.155001,-7.9876321e-05,-0.0010477065
18.156,-7.9730802e-05,-0.0010457978
18.157,-7.9585552e-05,-0.0010438927
18.158001,-7.9440571e-05,-0.0010419909
18.159,-7.9295853e-05,-0.0010400928
18.16,-7.9151403e-05,-0.001038198
18.160999,-7.9007215e-05,-0.0010363067
18.162001,-7.886329e-05,-0.0010344189
18.163,-7.8719626e-05,-0.0010325346
18.164,-7.8576224e-05,-0.0010306537
18.165001,-7.8433091e-05,-0.0010287762
18.166,-7.8290213e-05,-0.0010269021
18.167,-7.8147597e-05,-0.0010250316
18.167999,-7.8005243e-05,-0.0010231643
18.169001,-7.7863144e-05,-0.0010213006
18.17,-7.7721314e-05,-0.0010194401
18.171,-7.7579738e-05,-0.0010175831
18.172001,-7.7438417e-05,-0.0010157295
18.173,-7.7297358e-05,-0.0010138793
18.174,-7.7156561e-05,-0.0010120325
18.174999,-7.7016011e-05,-0.0010101889
18.176001,-7.6875724e-05,-0.0010083489
18.177,-7.6735698e-05,-0.0010065122
18.177999,-7.6595919e-05,-0.0010046788
18.179001,-7.6456396e-05,-0.0010028487
18.18,-7.6317134e-05,-0.0010010221
18.181,-7.6178119e-05,-0.00099919864
18.181999,-7.603936e-05,-0.00099737861
18.183001,-7.5900854e-05,-0.00099556195
18.184,-7.5762604e-05,-0.00099374854
18.184999,-7.5624608e-05,-0.0009919384
18.186001,-7.548686e-05,-0.00099013164
18.187,-7.5349366e-05,-0.00098832825
18.188,-7.521212e-05,-0.000986528
18.188999,-7.5075121e-05,-0.00098473113
18.190001,-7.4938376e-05,-0.00098293752
18.191,-7.4801879e-05,-0.00098114705
18.191999,-7.4665637e-05,-0.00097936008
18.193001,-7.4529642e-05,-0.00097757624
18.194,-7.4393887e-05,-0.00097579561
18.195,-7.4258387e-05,-0.0009740183
18.195999,-7.4123134e-05,-0.00097224419
18.197001,-7.3988122e-05,-0.00097047334
18.198,-7.3853364e-05,-0.00096870575
18.198999,-7.3718846e-05,-0.00096694136
18.200001,-7.3584575e-05,-0.00096518017
18.201,-7.3450545e-05,-0.00096342218
18.202,-7.3316762e-05,-0.00096166739
18.202999,-7.3183226e-05,-0.00095991587
18.204,-7.3049931e-05,-0.00095816748
18.205,-7.2916882e-05,-0.0009564223
18.205999,-7.2784067e-05,-0.00095468026
18.207001,-7.2651506e-05,-0.00095294142
18.208,-7.2519179e-05,-0.00095120573
18.209,-7.2387091e-05,-0.00094947324
18.209999,-7.225525e-05,-0.00094774389
18.211,-7.2123643e-05,-0.00094601768
18.212,-7.1992275e-05,-0.00094429462
18.212999,-7.1861155e-05,-0.0009425747
18.214001,-7.1730268e-05,-0.00094085792
18.215,-7.1599621e-05,-0.00093914429
18.216,-7.1469207e-05,-0.00093743374
18.216999,-7.1339033e-05,-0.00093572628
18.218,-7.1209099e-05,-0.00093402195
18.219,-7.1079397e-05,-0.00093232072
18.219999,-7.0949936e-05,-0.00093062263
18.221001,-7.0820708e-05,-0.00092892756
18.222,-7.0691713e-05,-0.00092723558
18.223,-7.056295e-05,-0.00092554674
18.224001,-7.0434427e-05,-0.00092386093
18.225,-7.0306138e-05,-0.00092217821
18.226,-7.0178081e-05,-0.00092049851
18.226999,-7.0050257e-05,-0.00091882184
18.228001,-6.9922658e-05,-0.00091714831
18.229,-6.97953e-05,-0.00091547775
18.23,-6.9668175e-05,-0.00091381022
18.231001,-6.9541275e-05,-0.00091214577
18.232,-6.9414607e-05,-0.00091048429
18.233,-6.9288166e-05,-0.0009088259
18.233999,-6.9161957e-05,-0.00090717047
18.235001,-6.9035981e-05,-0.00090551801
18.236,-6.8910231e-05,-0.00090386864
18.237,-6.8784706e-05,-0.00090222218
18.238001,-6.8659414e-05,-0.00090057874
18.239,-6.8534348e-05,-0.00089893828
18.24,-6.8409507e-05,-0.00089730084
18.240999,-6.8284891e-05,-0.00089566631
18.242001,-6.8160509e-05,-0.00089403475
18.243,-6.8036345e-05,-0.00089240621
18.243999,-6.7912406e-05,-0.00089078059
18.245001,-6.7788693e-05,-0.00088915788
18.246,-6.7665205e-05,-0.00088753813
18.247,-6.7541943e-05,-0.00088592136
18.247999,-6.74189e-05,-0.00088430743
18.249001,-6.7296081e-05,-0.00088269648
18.25,-6.7173489e-05,-0.00088108843
18.250999,-6.7051114e-05,-0.00087948336
18.252001,-6.6928966e-05,-0.00087788113
18.253,-6.6807035e-05,-0.00087628182
18.254,-6.6685323e-05,-0.00087468536
18.254999,-6.6563836e-05,-0.00087309186
18.256001,-6.6442561e-05,-0.00087150116
18.257,-6.6321511e-05,-0.00086991343
18.257999,-6.6200679e-05,-0.0008683285
18.259001,-6.6080065e-05,-0.00086674647
18.26,-6.595967e-05,-0.0008651673
18.261,-6.5839493e-05,-0.00086359098
18.261999,-6.5719534e-05,-0.00086201751
18.263,-6.5599794e-05,-0.00086044689
18.264,-6.5480264e-05,-0.00085887907
18.264999,-6.5360953e-05,-0.00085731409
18.266001,-6.5241853e-05,-0.00085575198
18.267,-6.5122978e-05,-0.00085419265
18.268,-6.5004308e-05,-0.00085263612
18.268999,-6.4885855e-05,-0.00085108244
18.27,-6.4767621e-05,-0.00084953156
18.271,-6.464959e-05,-0.00084798347
18.271999,-6.4531778e-05,-0.00084643817
18.273001,-6.4414176e-05,-0.00084489561
18.274,-6.4296786e-05,-0.0008433559
18.275,-6.4179614e-05,-0.00084181892
18.275999,-6.4062646e-05,-0.00084028469
18.277,-6.3945889e-05,-0.00083875324
18.278,-6.3829342e-05,-0.00083722459
18.278999,-6.3713007e-05,-0.00083569868
18.280001,-6.3596883e-05,-0.00083417544
18.281,-6.3480969e-05,-0.000832655
18.282,-6.336526e-05,-0.00083113729
18.283001,-6.3249754e-05,-0.00082962232
18.284,-6.3134459e-05,-0.00082811009
18.285,-6.3019375e-05,-0.00082660053
18.285999,-6.2904495e-05,-0.00082509371
18.287001,-6.2789826e-05,-0.00082358957
18.288,-6.2675354e-05,-0.00082208816
18.289,-6.2561092e-05,-0.00082058943
18.290001,-6.2447041e-05,-0.00081909337
18.291,-6.2333187e-05,-0.0008176
18.292,-6.2219537e-05,-0.00081610936
18.292999,-6.2106097e-05,-0.00081462134
18.294001,-6.1992854e-05,-0.00081313599
18.295,-6.1879815e-05,-0.00081165333
18.296,-6.1766979e-05,-0.00081017328
18.297001,-6.1654348e-05,-0.00080869591
18.298,-6.1541992e-05,-0.00080722221
18.299,-6.1429935e-05,-0.00080575241
18.299999,-6.1318082e-05,-0.00080428529
18.301001,-6.1206432e-05,-0.00080282084
18.302,-6.1094986e-05,-0.00080135907
18.302999,-6.0983748e-05,-0.00079989998
18.304001,-6.0872713e-05,-0.00079844357
18.305,-6.0761879e-05,-0.00079698977
18.306,-6.0651248e-05,-0.00079553865
18.306999,-6.054082e-05,-0.00079409021
18.308001,-6.043059e-05,-0.00079264439
18.309,-6.0320566e-05,-0.00079120125
18.309999,-6.0210739e-05,-0.00078976073
18.311001,-6.0101116e-05,-0.00078832282
18.312,-5.9991693e-05,-0.00078688754
18.313,-5.988247e-05,-0.00078545487
18.313999,-5.9773443e-05,-0.00078402489
18.315001,-5.966462e-05,-0.00078259746
18.316,-5.9555994e-05,-0.00078117265
18.316999,-5.9447564e-05,-0.00077975047
18.318001,-5.9339334e-05,-0.00077833084
18.319,-5.9231304e-05,-0.00077691383
18.32,-5.9123471e-05,-0.00077549939
18.320999,-5.9015831e-05,-0.00077408756
18.322001,-5.890839e-05,-0.00077267829
18.323,-5.8801146e-05,-0.00077127159
18.323999,-5.8694099e-05,-0.0007698675
18.325001,-5.8587244e-05,-0.00076846592
18.326,-5.8480586e-05,-0.00076706696
18.327,-5.8374124e-05,-0.0007656705
18.327999,-5.8267855e-05,-0.0007642766
18.329,-5.8161779e-05,-0.00076288526
18.33,-5.8055899e-05,-0.00076149649
18.330999,-5.7950212e-05,-0.00076011021
18.332001,-5.7844718e-05,-0.0007587265
18.333,-5.7739417e-05,-0.00075734529
18.334,-5.7634305e-05,-0.00075596664
18.334999,-5.7529389e-05,-0.00075459044
18.336,-5.7424662e-05,-0.00075321679
18.337,-5.7320129e-05,-0.00075184566
18.337999,-5.7215784e-05,-0.00075047702
18.339001,-5.7111629e-05,-0.00074911088
18.34,-5.7007666e-05,-0.00074774725
18.341,-5.6903893e-05,-0.00074638607
18.341999,-5.6800309e-05,-0.00074502744
18.343,-5.6696917e-05,-0.00074367126
18.344,-5.6593712e-05,-0.00074231753
18.344999,-5.6490691e-05,-0.00074096629
18.346001,-5.6387864e-05,-0.00073961751
18.347,-5.6285222e-05,-0.00073827122
18.348,-5.6182766e-05,-0.00073692732
18.349001,-5.6080498e-05,-0.00073558593
18.35,-5.597842e-05,-0.00073424698
18.351,-5.5876524e-05,-0.00073291047
18.351999,-5.5774817e-05,-0.00073157641
18.353001,-5.5673296e-05,-0.00073024479
18.354,-5.5571956e-05,-0.00072891556
18.355,-5.5470806e-05,-0.00072758883
18.356001,-5.5369837e-05,-0.00072626444
18.357,-5.5269054e-05,-0.00072494254
18.358,-5.5168453e-05,-0.00072362297
18.358999,-5.5068038e-05,-0.00072230585
18.360001,-5.4967804e-05,-0.00072099117
18.361,-5.4867753e-05,-0.00071967882
18.362,-5.4767886e-05,-0.00071836892
18.363001,-5.4668202e-05,-0.0007170614
18.364,-5.4568696e-05,-0.00071575621
18.365,-5.4469376e-05,-0.00071445346
18.365999,-5.4370234e-05,-0.00071315304
18.367001,-5.4271273e-05,-0.00071185507
18.368,-5.4172495e-05,-0.00071055937
18.368999,-5.4073895e-05,-0.00070926611
18.370001,-5.3975476e-05,-0.00070797518
18.371,-5.3877236e-05,-0.00070668658
18.372,-5.3779175e-05,-0.00070540037
18.372999,-5.3681291e-05,-0.00070411648
18.374001,-5.358359e-05,-0.00070283492
18.375,-5.3486063e-05,-0.00070155575
18.375999,-5.3388714e-05,-0.00070027885
18.377001,-5.3291544e-05,-0.00069900433
18.378,-5.3194552e-05,-0.00069773209
18.379,-5.3097734e-05,-0.00069646217
18.379999,-5.3001095e-05,-0.00069519458
18.381001,-5.290463e-05,-0.00069392932
18.382,-5.2808344e-05,-0.00069266633
18.382999,-5.2712228e-05,-0.00069140567
18.384001,-5.2616291e-05,-0.00069014728
18.385,-5.2520529e-05,-0.00068889122
18.386,-5.2424941e-05,-0.00068763742
18.386999,-5.2329528e-05,-0.0006863859
18.388,-5.2234285e-05,-0.00068513665
18.389,-5.2139221e-05,-0.00068388972
18.389999,-5.2044325e-05,-0.00068264501
18.391001,-5.1949606e-05,-0.00068140257
18.392,-5.1855055e-05,-0.00068016245
18.393,-5.1760679e-05,-0.00067892455
18.393999,-5.1666473e-05,-0.00067768892
18.395,-5.1572442e-05,-0.0006764555
18.396,-5.1478579e-05,-0.00067522435
18.396999,-5.138489e-05,-0.00067399541
18.398001,-5.1291368e-05,-0.00067276874
18.399,-5.1198018e-05,-0.00067154435
18.4,-5.1104838e-05,-0.0006703221
18.400999,-5.1011826e-05,-0.00066910213
18.402,-5.0918985e-05,-0.00066788436
18.403,-5.0826311e-05,-0.00066666881
18.403999,-5.0733808e-05,-0.00066545547
18.405001,-5.0641469e-05,-0.00066424429
18.406,-5.0549301e-05,-0.00066303537
18.407,-5.0457304e-05,-0.00066182867
18.408001,-5.036547e-05,-0.00066062412
18.409,-5.0273804e-05,-0.00065942178
18.41,-5.0182301e-05,-0.0006582216
18.410999,-5.009097e-05,-0.00065702363
18.412001,-4.9999802e-05,-0.00065582781
18.413,-4.9908802e-05,-0.00065463415
18.414,-4.9817965e-05,-0.00065344269
18.415001,-4.9727292e-05,-0.00065225339
18.416,-4.9636787e-05,-0.00065106625
18.417,-4.9546445e-05,-0.00064988126
18.417999,-4.9456266e-05,-0.00064869848
18.419001,-4.9366252e-05,-0.00064751779
18.42,-4.9276401e-05,-0.00064633921
18.421,-4.9186714e-05,-0.00064516283
18.422001,-4.9097187e-05,-0.00064398855
18.423,-4.9007827e-05,-0.00064281642
18.424,-4.8918624e-05,-0.00064164645
18.424999,-4.8829588e-05,-0.00064047857
18.426001,-4.8740712e-05,-0.00063931278
18.427,-4.8651997e-05,-0.00063814915
18.427999,-4.8563441e-05,-0.00063698762
18.429001,-4.8475049e-05,-0.00063582818
18.43,-4.8386813e-05,-0.00063467084
18.431,-4.8298742e-05,-0.00063351565
18.431999,-4.8210826e-05,-0.0006323625
18.433001,-4.8123071e-05,-0.00063121144
18.434,-4.8035476e-05,-0.00063006254
18.434999,-4.794804e-05,-0.00062891562
18.436001,-4.7860762e-05,-0.00062777085
18.437,-4.7773643e-05,-0.00062662811
18.438,-4.7686681e-05,-0.00062548748
18.438999,-4.7599875e-05,-0.00062434888
18.440001,-4.7513226e-05,-0.00062321237
18.441,-4.7426736e-05,-0.0006220779
18.441999,-4.7340403e-05,-0.00062094547
18.443001,-4.7254223e-05,-0.00061981514
18.444,-4.7168203e-05,-0.00061868684
18.445,-4.7082336e-05,-0.00061756058
18.445999,-4.6996625e-05,-0.0006164363
18.447001,-4.6911071e-05,-0.00061531411
18.448,-4.6825669e-05,-0.00061419397
18.448999,-4.6740424e-05,-0.0006130758
18.450001,-4.6655332e-05,-0.00061195967
18.451,-4.6570392e-05,-0.00061084557
18.452,-4.6485606e-05,-0.00060973351
18.452999,-4.6400975e-05,-0.00060862344
18.454,-4.6316498e-05,-0.00060751534
18.455,-4.623217e-05,-0.00060640927
18.455999,-4.6147998e-05,-0.00060530519
18.457001,-4.6063975e-05,-0.00060420309
18.458,-4.5980105e-05,-0.00060310302
18.459,-4.5896384e-05,-0.00060200493
18.459999,-4.5812816e-05,-0.00060090877
18.461,-4.5729401e-05,-0.00059981464
18.462,-4.5646135e-05,-0.00059872249
18.462999,-4.5563018e-05,-0.00059763226
18.464001,-4.548005e-05,-0.00059654401
18.465,-4.5397235e-05,-0.00059545774
18.466,-4.5314566e-05,-0.00059437344
18.466999,-4.5232049e-05,-0.00059329107
18.468,-4.5149678e-05,-0.00059221068
18.469,-4.506746e-05,-0.00059113221
18.469999,-4.4985383e-05,-0.00059005566
18.471001,-4.490346e-05,-0.00058898109
18.472,-4.4821682e-05,-0.00058790843
18.473,-4.4740053e-05,-0.0005868377
18.474001,-4.4658565e-05,-0.00058576895
18.475,-4.4577231e-05,-0.00058470207
18.476,-4.4496039e-05,-0.0005836371
18.476999,-4.4414996e-05,-0.00058257411
18.478001,-4.4334094e-05,-0.00058151298
18.479,-4.4253342e-05,-0.00058045378
18.48,-4.4172732e-05,-0.00057939644
18.481001,-4.4092267e-05,-0.00057834102
18.482,-4.4011947e-05,-0.00057728752
18.483,-4.3931774e-05,-0.00057623588
18.483999,-4.3851742e-05,-0.00057518616
18.485001,-4.3771855e-05,-0.00057413831
18.486,-4.3692111e-05,-0.00057309231
18.487,-4.3612508e-05,-0.00057204824
18.488001,-4.3533051e-05,-0.00057100604
18.489,-4.3453772e-05,-0.00056996616
18.49,-4.3374705e-05,-0.00056892901
18.490999,-4.3295782e-05,-0.00056789385
18.492001,-4.3217002e-05,-0.00056686049
18.493,-4.3138367e-05,-0.00056582905
18.493999,-4.3059874e-05,-0.00056479953
18.495001,-4.2981523e-05,-0.00056377181
18.496,-4.2903317e-05,-0.00056274602
18.497,-4.2825253e-05,-0.00056172209
18.497999,-4.2747331e-05,-0.00056070002
18.499001,-4.2669551e-05,-0.00055967981
18.5,-4.2591917e-05,-0.00055866153
18.500999,-4.2514421e-05,-0.00055764499
18.502001,-4.2437066e-05,-0.00055663037
18.503,-4.235985e-05,-0.00055561762
18.504,-4.228278e-05,-0.00055460667
18.504999,-4.2205847e-05,-0.00055359758
18.506001,-4.2129053e-05,-0.00055259035
18.507,-4.2052405e-05,-0.00055158493
18.507999,-4.1975891e-05,-0.00055058138
18.509001,-4.1899519e-05,-0.00054957962
18.51,-4.1823285e-05,-0.00054857967
18.511,-4.1747189e-05,-0.00054758159
18.511999,-4.1671236e-05,-0.0005465853
18.513,-4.1595416e-05,-0.00054559082
18.514,-4.1519739e-05,-0.00054459815
18.514999,-4.1444197e-05,-0.00054360734
18.516001,-4.1368792e-05,-0.00054261828
18.517,-4.1293526e-05,-0.00054163107
18.518,-4.1218398e-05,-0.00054064562
18.518999,-4.1143408e-05,-0.00053966197
18.52,-4.106855e-05,-0.00053868012
18.521,-4.0993833e-05,-0.00053770008
18.521999,-4.0919251e-05,-0.00053672178
18.523001,-4.0844803e-05,-0.00053574529
18.524,-4.077049e-05,-0.0005347706
18.525,-4.0696315e-05,-0.00053379766
18.525999,-4.0622275e-05,-0.00053282653
18.527,-4.054837e-05,-0.00053185713
18.528,-4.0474599e-05,-0.00053088949
18.528999,-4.0400962e-05,-0.00052992365
18.530001,-4.0327461e-05,-0.0005289595
18.531,-4.025409e-05,-0.00052799715
18.532,-4.0180854e-05,-0.00052703655
18.533001,-4.0107752e-05,-0.00052607775
18.534,-4.0034785e-05,-0.00052512065
18.535,-3.9961949e-05,-0.00052416528
18.535999,-3.9889244e-05,-0.00052321167
18.537001,-3.9816674e-05,-0.00052225974
18.538,-3.9744235e-05,-0.00052130962
18.539,-3.967193e-05,-0.00052036118
18.540001,-3.9599756e-05,-0.00051941449
18.541,-3.9527709e-05,-0.00051846955
18.542,-3.9455797e-05,-0.00051752629
18.542999,-3.9384016e-05,-0.00051658473
18.544001,-3.9312366e-05,-0.0005156449
18.545,-3.9240844e-05,-0.00051470683
18.546,-3.9169452e-05,-0.00051377044
18.547001,-3.9098191e-05,-0.00051283574
18.548,-3.9027062e-05,-0.00051190273
18.549,-3.8956059e-05,-0.00051097141
18.549999,-3.8885188e-05,-0.00051004183
18.551001,-3.8814444e-05,-0.00050911389
18.552,-3.874383e-05,-0.00050818769
18.552999,-3.8673345e-05,-0.00050726312
18.554001,-3.8602986e-05,-0.00050634029
18.555,-3.8532755e-05,-0.0005054191
18.556,-3.8462651e-05,-0.00050449959
18.556999,-3.8392678e-05,-0.00050358177
18.558001,-3.8322829e-05,-0.00050266559
18.559,-3.8253107e-05,-0.00050175108
18.559999,-3.8183513e-05,-0.00050083821
18.561001,-3.8114045e-05,-0.00049992709
18.562,-3.8044705e-05,-0.00049901754
18.563,-3.7975489e-05,-0.00049810967
18.563999,-3.79064e-05,-0.00049720344
18.565001,-3.7837435e-05,-0.00049629889
18.566,-3.7768597e-05,-0.00049539597
18.566999,-3.7699883e-05,-0.00049449468
18.568001,-3.7631296e-05,-0.00049359503
18.569,-3.756283e-05,-0.000492697
18.57,-3.749449e-05,-0.0004918006
18.570999,-3.7426275e-05,-0.00049090583
18.572001,-3.7358182e-05,-0.0004900127
18.573,-3.7290214e-05,-0.00048912119
18.573999,-3.7222369e-05,-0.00048823131
18.575001,-3.7154648e-05,-0.00048734303
18.576,-3.7087051e-05,-0.00048645635
18.577,-3.7019574e-05,-0.00048557131
18.577999,-3.695222e-05,-0.00048468786
18.579,-3.6884991e-05,-0.00048380601
18.58,-3.6817881e-05,-0.00048292574
18.580999,-3.6750891e-05,-0.00048204709
18.582001,-3.6684025e-05,-0.00048117005
18.583,-3.6617283e-05,-0.00048029458
18.584,-3.6550657e-05,-0.00047942071
18.584999,-3.6484154e-05,-0.00047854841
18.586,-3.6417772e-05,-0.00047767771
18.587,-3.635151e-05,-0.00047680855
18.587999,-3.6285368e-05,-0.00047594099
18.589001,-3.6219346e-05,-0.00047507501
18.59,-3.6153444e-05,-0.0004742106
18.591,-3.6087662e-05,-0.00047334775
18.591999,-3.6021996e-05,-0.00047248646
18.593,-3.5956451e-05,-0.00047162673
18.594,-3.5891026e-05,-0.00047076857
18.594999,-3.5825717e-05,-0.00046991196
18.596001,-3.5760528e-05,-0.00046905689
18.597,-3.5695459e-05,-0.00046820339
18.598,-3.5630503e-05,-0.0004673514
18.599001,-3.5565667e-05,-0.00046650099
18.6,-3.5500951e-05,-0.00046565209
18.601,-3.5436347e-05,-0.00046480473
18.601999,-3.5371864e-05,-0.00046395892
18.603001,-3.5307497e-05,-0.00046311464
18.604,-3.5243243e-05,-0.00046227188
18.605,-3.517911e-05,-0.00046143064
18.606001,-3.5115088e-05,-0.00046059093
18.607,-3.5051187e-05,-0.00045975271
18.608,-3.4987399e-05,-0.00045891604
18.608999,-3.4923727e-05,-0.00045808087
18.610001,-3.4860168e-05,-0.00045724722
18.611,-3.4796725e-05,-0.00045641506
18.612,-3.4733395e-05,-0.00045558441
18.613001,-3.4670182e-05,-0.00045475527
18.614,-3.4607085e-05,-0.00045392761
18.615,-3.4544097e-05,-0.00045310144
18.615999,-3.4481225e-05,-0.00045227678
18.617001,-3.4418466e-05,-0.00045145361
18.618,-3.435582e-05,-0.00045063192
18.618999,-3.4293291e-05,-0.00044981169
18.620001,-3.423087e-05,-0.00044899297
18.621,-3.4168563e-05,-0.00044817571
18.622,-3.4106368e-05,-0.00044735993
18.622999,-3.4044286e-05,-0.00044654563
18.624001,-3.3982316e-05,-0.00044573279
18.625,-3.392046e-05,-0.0004449214
18.625999,-3.3858712e-05,-0.0004441115
18.627001,-3.3797074e-05,-0.00044330306
18.628,-3.3735549e-05,-0.00044249604
18.629,-3.3674136e-05,-0.0004416905
18.629999,-3.3612832e-05,-0.00044088642
18.631001,-3.3551642e-05,-0.00044008376
18.632,-3.3490556e-05,-0.00043928256
18.632999,-3.3429584e-05,-0.00043848279
18.634001,-3.336872e-05,-0.00043768447
18.635,-3.3307966e-05,-0.00043688758
18.636,-3.3247321e-05,-0.00043609214
18.636999,-3.3186785e-05,-0.00043529813
18.638,-3.3126358e-05,-0.00043450552
18.639,-3.306604e-05,-0.00043371436
18.639999,-3.3005832e-05,-0.0004329246
18.641001,-3.2945729e-05,-0.00043213629
18.642,-3.2885735e-05,-0.00043134936
18.643,-3.282585e-05,-0.00043056387
18.643999,-3.2766071e-05,-0.00042977979
18.645,-3.2706401e-05,-0.0004289971
18.646,-3.2646836e-05,-0.0004282158
18.646999,-3.2587381e-05,-0.00042743594
18.648001,-3.2528031e-05,-0.00042665747
18.649,-3.2468786e-05,-0.00042588037
18.65,-3.2409647e-05,-0.00042510469
18.650999,-3.2350614e-05,-0.00042433038
18.652,-3.2291689e-05,-0.00042355747
18.653,-3.2232867e-05,-0.00042278593
18.653999,-3.2174154e-05,-0.00042201579
18.655001,-3.2115542e-05,-0.00042124704
18.656,-3.2057036e-05,-0.00042047963
18.657,-3.1998636e-05,-0.00041971361
18.658001,-3.1940341e-05,-0.00041894897
18.659,-3.1882148e-05,-0.00041818569
18.66,-3.182406e-05,-0.00041742378
18.660999,-3.1766078e-05,-0.00041666321
18.662001,-3.1708194e-05,-0.00041590401
18.663,-3.1650419e-05,-0.00041514618
18.664,-3.1592743e-05,-0.00041438968
18.665001,-3.1535172e-05,-0.00041363455
18.666,-3.1477706e-05,-0.00041288076
18.667,-3.1420339e-05,-0.00041212831
18.667999,-3.1363077e-05,-0.0004113772
18.669001,-3.1305914e-05,-0.00041062746
18.67,-3.1248856e-05,-0.00040987902
18.671,-3.1191896e-05,-0.00040913193
18.672001,-3.1135041e-05,-0.00040838617
18.673,-3.1078285e-05,-0.00040764172
18.674,-3.1021631e-05,-0.00040689862
18.674999,-3.0965079e-05,-0.00040615682
18.676001,-3.0908624e-05,-0.00040541636
18.677,-3.0852272e-05,-0.00040467721
18.677999,-3.0796022e-05,-0.00040393937
18.679001,-3.073987e-05,-0.00040320284
18.68,-3.0683841e-05,-0.00040246797
18.681,-3.0627998e-05,-0.00040173548
18.681999,-3.0572253e-05,-0.0004010043
18.683001,-3.0516612e-05,-0.00040027447
18.684,-3.0461073e-05,-0.00039954597
18.684999,-3.0405632e-05,-0.00039881881
18.686001,-3.0350295e-05,-0.00039809296
18.687,-3.0295058e-05,-0.00039736842
18.688,-3.023992e-05,-0.00039664522
18.688999,-3.0184883e-05,-0.00039592333
18.690001,-3.0129946e-05,-0.00039520275
18.691,-3.0075111e-05,-0.00039448348
18.691999,-3.0020374e-05,-0.00039376551
18.693001,-2.9965737e-05,-0.00039304886
18.694,-2.99112e-05,-0.00039233352
18.695,-2.9856761e-05,-0.00039161945
18.695999,-2.9802422e-05,-0.00039090673
18.697001,-2.9748182e-05,-0.00039019526
18.698,-2.969404e-05,-0.00038948513
18.698999,-2.9639998e-05,-0.00038877627
18.700001,-2.9586054e-05,-0.0003880687
18.701,-2.9532206e-05,-0.00038736241
18.702,-2.9478459e-05,-0.0003866574
18.702999,-2.9424808e-05,-0.0003859537
18.704,-2.9371255e-05,-0.00038525127
18.705,-2.93178e-05,-0.00038455011
18.705999,-2.9264442e-05,-0.00038385025
18.707001,-2.921118e-05,-0.00038315164
18.708,-2.9158016e-05,-0.00038245431
18.709,-2.9104949e-05,-0.00038175823
18.709999,-2.9051978e-05,-0.00038106344
18.711,-2.8999104e-05,-0.00038036989
18.712,-2.8946326e-05,-0.00037967763
18.712999,-2.8893643e-05,-0.00037898662
18.714001,-2.8841057e-05,-0.00037829686
18.715,-2.8788567e-05,-0.00037760838
18.716,-2.8736171e-05,-0.00037692112
18.716999,-2.8683871e-05,-0.00037623514
18.718,-2.8631666e-05,-0.00037555039
18.719,-2.8579558e-05,-0.00037486688
18.719999,-2.8527542e-05,-0.00037418463
18.721001,-2.8475622e-05,-0.0003735036
18.722,-2.8423798e-05,-0.00037282382
18.723,-2.8372066e-05,-0.0003721453
18.724001,-2.8320428e-05,-0.00037146799
18.725,-2.8268885e-05,-0.00037079191
18.726,-2.8217435e-05,-0.00037011705
18.726999,-2.816608e-05,-0.00036944344
18.728001,-2.8114817e-05,-0.00036877106
18.729,-2.8063647e-05,-0.00036809989
18.73,-2.8012571e-05,-0.00036742992
18.731001,-2.7961587e-05,-0.0003667612
18.732,-2.7910697e-05,-0.00036609368
18.733,-2.7859898e-05,-0.0003654274
18.733999,-2.7809192e-05,-0.00036476229
18.735001,-2.7758579e-05,-0.00036409844
18.736,-2.7708058e-05,-0.00036343574
18.737,-2.7657628e-05,-0.0003627743
18.738001,-2.760729e-05,-0.00036211402
18.739,-2.7557044e-05,-0.00036145496
18.74,-2.7506889e-05,-0.0003607971
18.740999,-2.7456825e-05,-0.00036014043
18.742001,-2.7406852e-05,-0.00035948495
18.743,-2.7356969e-05,-0.00035883067
18.743999,-2.7307176e-05,-0.00035817755
18.745001,-2.7257476e-05,-0.00035752566
18.746,-2.7207865e-05,-0.00035687492
18.747,-2.7158345e-05,-0.00035622538
18.747999,-2.7108914e-05,-0.00035557704
18.749001,-2.7059574e-05,-0.00035492986
18.75,-2.7010323e-05,-0.00035428384
18.750999,-2.6961161e-05,-0.00035363901
18.752001,-2.6912088e-05,-0.00035299535
18.753,-2.6863107e-05,-0.00035235286
18.754,-2.6814212e-05,-0.00035171153
18.754999,-2.6765407e-05,-0.00035107136
18.756001,-2.6716689e-05,-0.00035043235
18.757,-2.6668062e-05,-0.00034979454
18.757999,-2.6619522e-05,-0.00034915784
18.759001,-2.657107e-05,-0.00034852233
18.76,-2.6522706e-05,-0.00034788795
18.761,-2.647443e-05,-0.00034725474
18.761999,-2.6426242e-05,-0.00034662269
18.763,-2.6378142e-05,-0.00034599175
18.764,-2.6330128e-05,-0.00034536197
18.764999,-2.6282201e-05,-0.00034473336
18.766001,-2.6234362e-05,-0.00034410588
18.767,-2.618661e-05,-0.00034347951
18.768,-2.6138943e-05,-0.0003428543
18.768999,-2.6091364e-05,-0.00034223023
18.77,-2.6043872e-05,-0.00034160729
18.771,-2.5996465e-05,-0.00034098545
18.771999,-2.5949144e-05,-0.00034036476
18.773001,-2.5901909e-05,-0.00033974519
18.774,-2.5854761e-05,-0.00033912677
18.775,-2.5807696e-05,-0.00033850945
18.775999,-2.5760717e-05,-0.00033789326
18.777,-2.5713825e-05,-0.00033727818
18.778,-2.5667017e-05,-0.0003366642
18.778999,-2.5620293e-05,-0.00033605137
18.780001,-2.5573654e-05,-0.00033543963
18.781,-2.5527101e-05,-0.000334829
18.782,-2.5480631e-05,-0.00033421945
18.783001,-2.5434245e-05,-0.00033361104
18.784,-2.5387944e-05,-0.00033300373
18.785,-2.5341727e-05,-0.00033239753
18.785999,-2.5295592e-05,-0.0003317924
18.787001,-2.5249543e-05,-0.00033118838
18.788,-2.5203577e-05,-0.00033058546
18.789,-2.5157693e-05,-0.00032998362
18.790001,-2.5111893e-05,-0.00032938286
18.791,-2.5066176e-05,-0.00032878321
18.792,-2.5020541e-05,-0.00032818463
18.792999,-2.4974988e-05,-0.00032758716
18.794001,-2.4929519e-05,-0.00032699076
18.795,-2.4884132e-05,-0.00032639541
18.796,-2.4838828e-05,-0.00032580117
18.797001,-2.4793604e-05,-0.00032520801
18.798,-2.4748462e-05,-0.00032461592
18.799,-2.4703404e-05,-0.00032402488
18.799999,-2.4658426e-05,-0.00032343491
18.801001,-2.461353e-05,-0.00032284603
18.802,-2.4568713e-05,-0.00032225819
18.802999,-2.4523979e-05,-0.00032167142
18.804001,-2.4479326e-05,-0.00032108574
18.805,-2.4434754e-05,-0.0003205011
18.806,-2.4390261e-05,-0.00031991751
18.806999,-2.4345849e-05,-0.00031933497
18.808001,-2.4301518e-05,-0.0003187535
18.809,-2.4257266e-05,-0.00031817306
18.809999,-2.4213095e-05,-0.00031759369
18.811001,-2.4169003e-05,-0.00031701536
18.812,-2.4124991e-05,-0.00031643806
18.813,-2.4081059e-05,-0.00031586183
18.813999,-2.4037205e-05,-0.00031528663
18.815001,-2.3993431e-05,-0.00031471247
18.816,-2.3949737e-05,-0.00031413932
18.816999,-2.3906121e-05,-0.00031356723
18.818001,-2.3862583e-05,-0.00031299616
18.819,-2.3819124e-05,-0.00031242613
18.82,-2.3775743e-05,-0.00031185712
18.820999,-2.3732442e-05,-0.00031128916
18.822001,-2.3689217e-05,-0.00031072219
18.823,-2.3646071e-05,-0.00031015626
18.823999,-2.3603003e-05,-0.00030959136
18.825001,-2.3560013e-05,-0.00030902747
18.826,-2.3517099e-05,-0.00030846457
18.827,-2.3474264e-05,-0.00030790272
18.827999,-2.3431505e-05,-0.00030734186
18.829,-2.3388822e-05,-0.00030678202
18.83,-2.3346218e-05,-0.0003062232
18.830999,-2.330369e-05,-0.00030566537
18.832001,-2.3261238e-05,-0.00030510855
18.833,-2.3218863e-05,-0.00030455273
18.834,-2.3176564e-05,-0.00030399792
18.834999,-2.313434e-05,-0.0003034441
18.836,-2.3092194e-05,-0.00030289128
18.837,-2.3050123e-05,-0.00030233944
18.837999,-2.3008128e-05,-0.00030178862
18.839001,-2.2966207e-05,-0.00030123876
18.84,-2.2924363e-05,-0.00030068989
18.841,-2.2882594e-05,-0.00030014204
18.841999,-2.2840899e-05,-0.00029959515
18.843,-2.279928e-05,-0.00029904922
18.844,-2.2757735e-05,-0.00029850431
18.844999,-2.2716265e-05,-0.00029796036
18.846001,-2.2674869e-05,-0.0002974174
18.847,-2.2633549e-05,-0.0002968754
18.848,-2.2592301e-05,-0.00029633436
18.849001,-2.2551128e-05,-0.00029579431
18.85,-2.2510028e-05,-0.00029525525
18.851,-2.2469003e-05,-0.00029471712
18.851999,-2.242805e-05,-0.00029417995
18.853001,-2.2387172e-05,-0.00029364377
18.854,-2.2346367e-05,-0.00029310855
18.855,-2.2305634e-05,-0.00029257426
18.856001,-2.2264974e-05,-0.00029204096
18.857,-2.2224387e-05,-0.00029150859
18.858,-2.2183873e-05,-0.00029097719
18.858999,-2.2143431e-05,-0.00029044674
18.860001,-2.2103062e-05,-0.00028991723
18.861,-2.2062766e-05,-0.00028938867
18.862,-2.2022541e-05,-0.00028886105
18.863001,-2.1982389e-05,-0.00028833438
18.864,-2.1942307e-05,-0.00028780865
18.865,-2.1902297e-05,-0.00028728385
18.865999,-2.1862359e-05,-0.00028676001
18.867001,-2.1822492e-05,-0.00028623707
18.868,-2.1782696e-05,-0.0002857151
18.868999,-2.1742972e-05,-0.00028519405
18.870001,-2.1703318e-05,-0.00028467394
18.871,-2.1663744e-05,-0.00028415484
18.872,-2.1624299e-05,-0.00028363746
18.872999,-2.1584927e-05,-0.00028312104
18.874001,-2.1545626e-05,-0.00028260553
18.875,-2.1506396e-05,-0.00028209097
18.875999,-2.1467238e-05,-0.00028157738
18.877001,-2.1428152e-05,-0.00028106468
18.878,-2.1389136e-05,-0.00028055295
18.879,-2.1350192e-05,-0.00028004212
18.879999,-2.131132e-05,-0.00027953225
18.881001,-2.1272517e-05,-0.00027902328
18.882,-2.1233785e-05,-0.00027851528
18.882999,-2.1195125e-05,-0.00027800817
18.884001,-2.1156535e-05,-0.000277502
18.885,-2.1118014e-05,-0.00027699673
18.886,-2.1079564e-05,-0.00027649241
18.886999,-2.1041185e-05,-0.000275989
18.888,-2.1002876e-05,-0.0002754865
18.889,-2.0964635e-05,-0.00027498492
18.889999,-2.0926465e-05,-0.00027448425
18.891001,-2.0888365e-05,-0.00027398451
18.892,-2.0850333e-05,-0.00027348567
18.893,-2.0812371e-05,-0.00027298773
18.893999,-2.077448e-05,-0.00027249072
18.895,-2.0736656e-05,-0.00027199459
18.896,-2.0698901e-05,-0.00027149939
18.896999,-2.0661215e-05,-0.00027100506
18.898001,-2.0623598e-05,-0.00027051166
18.899,-2.0586049e-05,-0.00027001914
18.9,-2.0548569e-05,-0.00026952755
18.900999,-2.0511157e-05,-0.00026903683
18.902,-2.0473813e-05,-0.00026854701
18.903,-2.0436539e-05,-0.00026805807
18.903999,-2.0399331e-05,-0.00026757005
18.905001,-2.0362191e-05,-0.00026708288
18.906,-2.0325118e-05,-0.00026659662
18.907,-2.0288115e-05,-0.00026611125
18.908001,-2.0251176e-05,-0.00026562676
18.909,-2.0214307e-05,-0.00026514317
18.91,-2.0177506e-05,-0.00026466043
18.910999,-2.0140769e-05,-0.00026417858
18.912001,-2.01041e-05,-0.00026369761
18.913,-2.0067499e-05,-0.00026321755
18.914,-2.0030964e-05,-0.00026273832
18.915001,-1.9994495e-05,-0.00026225997
18.916,-1.9958094e-05,-0.00026178249
18.917,-1.9921757e-05,-0.00026130589
18.917999,-1.9885489e-05,-0.00026083016
18.919001,-1.9849285e-05,-0.0002603553
18.92,-1.9813147e-05,-0.00025988132
18.921,-1.9777075e-05,-0.00025940817
18.922001,-1.974107e-05,-0.00025893591
18.923,-1.970513e-05,-0.00025846448
18.924,-1.9669254e-05,-0.00025799393
18.924999,-1.9633446e-05,-0.00025752423
18.926001,-1.9597701e-05,-0.00025705539
18.927,-1.9562021e-05,-0.0002565874
18.927999,-1.9526407e-05,-0.00025612026
18.929001,-1.9490859e-05,-0.00025565398
18.93,-1.9455374e-05,-0.00025518853
18.931,-1.9419955e-05,-0.00025472394
18.931999,-1.9384599e-05,-0.0002542602
18.933001,-1.9349309e-05,-0.00025379731
18.934,-1.9314082e-05,-0.00025333525
18.934999,-1.9278919e-05,-0.00025287404
18.936001,-1.924382e-05,-0.00025241365
18.937,-1.9208786e-05,-0.00025195413
18.938,-1.9173815e-05,-0.00025149542
18.938999,-1.9138908e-05,-0.00025103756
18.940001,-1.9104064e-05,-0.00025058055
18.941,-1.9069284e-05,-0.00025012434
18.941999,-1.9034567e-05,-0.00024966896
18.943001,-1.8999914e-05,-0.00024921444
18.944,-1.8965322e-05,-0.00024876071
18.945,-1.8930796e-05,-0.00024830783
18.945999,-1.8896329e-05,-0.00024785576
18.947001,-1.8861929e-05,-0.00024740453
18.948,-1.8827588e-05,-0.00024695412
18.948999,-1.8793311e-05,-0.00024650453
18.950001,-1.8759098e-05,-0.00024605574
18.951,-1.8724944e-05,-0.00024560778
18.952,-1.8690855e-05,-0.00024516063
18.952999,-1.8656827e-05,-0.00024471429
18.954,-1.8622859e-05,-0.00024426877
18.955,-1.8588955e-05,-0.00024382405
18.955999,-1.8555113e-05,-0.00024338014
18.957001,-1.852133e-05,-0.00024293705
18.958,-1.8487612e-05,-0.00024249476
18.959,-1.8453953e-05,-0.00024205327
18.959999,-1.8420355e-05,-0.00024161259
18.961,-1.8386818e-05,-0.0002411727
18.962,-1.8353343e-05,-0.00024073363
18.962999,-1.8319928e-05,-0.00024029534
18.964001,-1.8286575e-05,-0.00023985785
18.965,-1.8253282e-05,-0.00023942115
18.966,-1.8220049e-05,-0.00023898526
18.966999,-1.8186876e-05,-0.00023855014
18.968,-1.8153765e-05,-0.00023811583
18.969,-1.8120712e-05,-0.0002376823
18.969999,-1.8087721e-05,-0.00023724957
18.971001,-1.8054789e-05,-0.00023681761
18.972,-1.8021918e-05,-0.00023638643
18.973,-1.7989105e-05,-0.00023595605
18.974001,-1.7956352e-05,-0.00023552644
18.975,-1.7923658e-05,-0.00023509761
18.976,-1.7891025e-05,-0.00023466957
18.976999,-1.7858451e-05,-0.0002342423
18.978001,-1.7825934e-05,-0.00023381581
18.979,-1.7793478e-05,-0.00023339008
18.98,-1.776108e-05,-0.00023296513
18.981001,-1.772874e-05,-0.00023254096
18.982,-1.769646e-05,-0.00023211756
18.983,-1.7664239e-05,-0.00023169491
18.983999,-1.7632075e-05,-0.00023127304
18.985001,-1.759997e-05,-0.00023085193
18.986,-1.7567923e-05,-0.00023043159
18.987,-1.7535936e-05,-0.00023001201
18.988001,-1.7504006e-05,-0.00022959319
18.989,-1.7472132e-05,-0.00022917513
18.99,-1.7440318e-05,-0.00022875782
18.990999,-1.740856e-05,-0.00022834128
18.992001,-1.737686e-05,-0.00022792548
18.993,-1.7345217e-05,-0.00022751043
18.993999,-1.7313632e-05,-0.00022709616
18.995001,-1.7282106e-05,-0.00022668262
18.996,-1.7250635e-05,-0.00022626983
18.997,-1.7219221e-05,-0.00022585779
18.997999,-1.7187864e-05,-0.00022544649
18.999001,-1.7156564e-05,-0.00022503594
19,-1.7125321e-05,-0.00022462613
19.000999,-1.7094133e-05,-0.00022421706
19.002001,-1.7063003e-05,-0.00022380873
19.003,-1.7031929e-05,-0.00022340115
19.004,-1.7000912e-05,-0.00022299431
19.004999,-1.6969949e-05,-0.00022258819
19.006001,-1.6939044e-05,-0.0002221828
19.007,-1.6908194e-05,-0.00022177816
19.007999,-1.6877399e-05,-0.00022137424
19.009001,-1.6846661e-05,-0.00022097105
19.01,-1.6815977e-05,-0.0002205686
19.011,-1.678535e-05,-0.00022016687
19.011999,-1.6754777e-05,-0.00021976586
19.013,-1.6724262e-05,-0.00021936558
19.014,-1.6693799e-05,-0.00021896603
19.014999,-1.6663391e-05,-0.00021856719
19.016001,-1.6633039e-05,-0.00021816908
19.017,-1.6602742e-05,-0.00021777168
19.018,-1.65725e-05,-0.000217375
19.018999,-1.6542312e-05,-0.00021697902
19.02,-1.6512178e-05,-0.00021658378
19.021,-1.6482098e-05,-0.00021618923
19.021999,-1.6452073e-05,-0.00021579541
19.023001,-1.6422102e-05,-0.00021540229
19.024,-1.6392185e-05,-0.00021500987
19.025,-1.6362323e-05,-0.00021461818
19.025999,-1.6332513e-05,-0.00021422718
19.027,-1.6302756e-05,-0.00021383689
19.028,-1.6273056e-05,-0.0002134473
19.028999,-1.6243406e-05,-0.0002130584
19.030001,-1.6213811e-05,-0.00021267022
19.031,-1.6184269e-05,-0.00021228273
19.032,-1.615478e-05,-0.00021189594
19.033001,-1.6125345e-05,-0.00021150983
19.034,-1.6095961e-05,-0.00021112442
19.035,-1.6066631e-05,-0.00021073972
19.035999,-1.6037353e-05,-0.00021035569
19.037001,-1.6008129e-05,-0.00020997236
19.038,-1.5978956e-05,-0.00020958972
19.039,-1.5949836e-05,-0.00020920776
19.040001,-1.5920768e-05,-0.00020882649
19.041,-1.5891754e-05,-0.00020844591
19.042,-1.586279e-05,-0.00020806601
19.042999,-1.5833879e-05,-0.00020768678
19.044001,-1.5805019e-05,-0.00020730824
19.045,-1.577621e-05,-0.00020693037
19.046,-1.5747453e-05,-0.00020655319
19.047001,-1.571875e-05,-0.00020617669
19.048,-1.5690095e-05,-0.00020580085
19.049,-1.5661493e-05,-0.00020542568
19.049999,-1.5632942e-05,-0.0002050512
19.051001,-1.5604443e-05,-0.00020467737
19.052,-1.5575994e-05,-0.00020430422
19.052999,-1.5547595e-05,-0.00020393173
19.054001,-1.5519248e-05,-0.00020355992
19.055,-1.5490952e-05,-0.00020318876
19.056,-1.5462705e-05,-0.00020281826
19.056999,-1.5434511e-05,-0.00020244843
19.058001,-1.5406365e-05,-0.00020207926
19.059,-1.5378269e-05,-0.00020171075
19.059999,-1.5350224e-05,-0.0002013429
19.061001,-1.532223e-05,-0.0002009757
19.062,-1.5294287e-05,-0.00020060918
19.063,-1.5266445e-05,-0.000200244
19.063999,-1.5238656e-05,-0.00019987949
19.065001,-1.5210917e-05,-0.00019951565
19.066,-1.5183228e-05,-0.00019915246
19.066999,-1.515559e-05,-0.00019878994
19.068001,-1.5128003e-05,-0.0001984281
19.069,-1.5100465e-05,-0.0001980669
19.07,-1.5072978e-05,-0.00019770637
19.070999,-1.5045542e-05,-0.0001973465
19.072001,-1.5018156e-05,-0.00019698727
19.073,-1.4990819e-05,-0.00019662871
19.073999,-1.4963533e-05,-0.0001962708
19.075001,-1.4936297e-05,-0.00019591356
19.076,-1.4909109e-05,-0.00019555696
19.077,-1.4881973e-05,-0.00019520102
19.077999,-1.4854885e-05,-0.00019484572
19.079,-1.4827847e-05,-0.00019449108
19.08,-1.4800858e-05,-0.00019413707
19.080999,-1.4773919e-05,-0.00019378372
19.082001,-1.4747029e-05,-0.00019343101
19.083,-1.4720188e-05,-0.00019307896
19.084,-1.4693396e-05,-0.00019272753
19.084999,-1.4666653e-05,-0.00019237676
19.086,-1.4639959e-05,-0.00019202662
19.087,-1.4613314e-05,-0.00019167713
19.087999,-1.4586717e-05,-0.00019132826
19.089001,-1.4560169e-05,-0.00019098005
19.09,-1.453367e-05,-0.00019063246
19.091,-1.4507218e-05,-0.00019028551
19.091999,-1.4480815e-05,-0.00018993919
19.093,-1.4454461e-05,-0.00018959351
19.094,-1.4428155e-05,-0.00018924846
19.094999,-1.4401896e-05,-0.00018890404
19.096001,-1.4375686e-05,-0.00018856025
19.097,-1.4349523e-05,-0.00018821708
19.098,-1.4323408e-05,-0.00018787454
19.099001,-1.4297341e-05,-0.00018753263
19.1,-1.4271322e-05,-0.00018719134
19.101,-1.4245349e-05,-0.00018685068
19.101999,-1.4219425e-05,-0.00018651063
19.103001,-1.4193548e-05,-0.00018617122
19.104,-1.4167717e-05,-0.00018583241
19.105,-1.4141935e-05,-0.00018549422
19.106001,-1.4116199e-05,-0.00018515666
19.107,-1.409051e-05,-0.00018481971
19.108,-1.4064868e-05,-0.00018448338
19.108999,-1.4039273e-05,-0.00018414766
19.110001,-1.4013724e-05,-0.00018381255
19.111,-1.3988223e-05,-0.00018347806
19.112,-1.3962767e-05,-0.00018314416
19.113001,-1.3937359e-05,-0.00018281089
19.114,-1.3911997e-05,-0.00018247822
19.115,-1.3886681e-05,-0.00018214616
19.115999,-1.386141e-05,-0.0001818147
19.117001,-1.3836187e-05,-0.00018148385
19.118,-1.3811009e-05,-0.00018115361
19.118999,-1.3785877e-05,-0.00018082396
19.120001,-1.3760791e-05,-0.00018049491
19.121,-1.373575e-05,-0.00018016648
19.122,-1.3710756e-05,-0.00017983862
19.122999,-1.3685807e-05,-0.00017951138
19.124001,-1.3660903e-05,-0.00017918473
19.125,-1.3636045e-05,-0.00017885868
19.125999,-1.3611232e-05,-0.00017853321
19.127001,-1.3586465e-05,-0.00017820834
19.128,-1.3561742e-05,-0.00017788407
19.129,-1.3537065e-05,-0.00017756039
19.129999,-1.3512433e-05,-0.00017723729
19.131001,-1.3487846e-05,-0.00017691479
19.132,-1.3463303e-05,-0.00017659288
19.132999,-1.3438805e-05,-0.00017627154
19.134001,-1.3414351e-05,-0.0001759508
19.135,-1.3389942e-05,-0.00017563064
19.136,-1.3365578e-05,-0.00017531107
19.136999,-1.3341258e-05,-0.00017499206
19.138,-1.3316982e-05,-0.00017467365
19.139,-1.3292751e-05,-0.00017435582
19.139999,-1.3268564e-05,-0.00017403856
19.141001,-1.324442e-05,-0.00017372188
19.142,-1.3220321e-05,-0.00017340579
19.143,-1.3196266e-05,-0.00017309026
19.143999,-1.3172254e-05,-0.00017277531
19.145,-1.3148286e-05,-0.00017246093
19.146,-1.3124361e-05,-0.00017214712
19.146999,-1.3100481e-05,-0.00017183389
19.148001,-1.3076644e-05,-0.00017152123
19.149,-1.305285e-05,-0.00017120912
19.15,-1.3029099e-05,-0.00017089759
19.150999,-1.3005391e-05,-0.00017058663
19.152,-1.2981727e-05,-0.00017027624
19.153,-1.2958105e-05,-0.0001699664
19.153999,-1.2934527e-05,-0.00016965713
19.155001,-1.2910991e-05,-0.00016934842
19.156,-1.2887498e-05,-0.00016904029
19.157,-1.2864049e-05,-0.00016873269
19.158001,-1.2840641e-05,-0.00016842567
19.159,-1.2817276e-05,-0.00016811919
19.16,-1.2793953e-05,-0.00016781328
19.160999,-1.2770673e-05,-0.00016750793
19.162001,-1.2747435e-05,-0.00016720312
19.163,-1.2724239e-05,-0.00016689887
19.164,-1.2701085e-05,-0.00016659517
19.165001,-1.2677974e-05,-0.00016629203
19.166,-1.2654905e-05,-0.00016598943
19.167,-1.2631876e-05,-0.00016568739
19.167999,-1.2608891e-05,-0.00016538589
19.169001,-1.2585946e-05,-0.00016508494
19.17,-1.2563043e-05,-0.00016478453
19.171,-1.2540182e-05,-0.00016448466
19.172001,-1.2517363e-05,-0.00016418536
19.173,-1.2494584e-05,-0.00016388658
19.174,-1.2471847e-05,-0.00016358834
19.174999,-1.2449151e-05,-0.00016329065
19.176001,-1.2426496e-05,-0.0001629935
19.177,-1.2403882e-05,-0.00016269687
19.177999,-1.238131e-05,-0.0001624008
19.179001,-1.2358778e-05,-0.00016210527
19.18,-1.2336286e-05,-0.00016181025
19.181,-1.2313836e-05,-0.00016151578
19.181999,-1.2291426e-05,-0.00016122183
19.183001,-1.2269057e-05,-0.00016092842
19.184,-1.2246728e-05,-0.00016063555
19.184999,-1.222444e-05,-0.0001603432
19.186001,-1.2202191e-05,-0.00016005138
19.187,-1.2179984e-05,-0.00015976008
19.188,-1.2157816e-05,-0.00015946932
19.188999,-1.2135688e-05,-0.00015917908
19.190001,-1.21136e-05,-0.00015888936
19.191,-1.2091552e-05,-0.00015860017
19.191999,-1.2069544e-05,-0.00015831149
19.193001,-1.2047576e-05,-0.00015802335
19.194,-1.2025647e-05,-0.00015773572
19.195,-1.2003758e-05,-0.00015744861
19.195999,-1.1981909e-05,-0.00015716201
19.197001,-1.1960098e-05,-0.00015687593
19.198,-1.1938328e-05,-0.00015659038
19.198999,-1.1916595e-05,-0.00015630532
19.200001,-1.1894903e-05,-0.00015602079
19.201,-1.187325e-05,-0.00015573678
19.202,-1.1851635e-05,-0.00015545326
19.202999,-1.183006e-05,-0.00015517027
19.204,-1.1808523e-05,-0.00015488778
19.205,-1.1787025e-05,-0.0001546058
19.205999,-1.1765565e-05,-0.00015432433
19.207001,-1.1744145e-05,-0.00015404336
19.208,-1.1722763e-05,-0.0001537629
19.209,-1.170142e-05,-0.00015348295
19.209999,-1.1680114e-05,-0.00015320349
19.211,-1.1658847e-05,-0.00015292453
19.212,-1.1637618e-05,-0.00015264608
19.212999,-1.1616427e-05,-0.00015236814
19.214001,-1.1595274e-05,-0.00015209068
19.215,-1.157416e-05,-0.00015181373
19.216,-1.1553083e-05,-0.00015153727
19.216999,-1.1532044e-05,-0.00015126131
19.218,-1.1511042e-05,-0.00015098584
19.219,-1.1490079e-05,-0.00015071087
19.219999,-1.1469152e-05,-0.00015043639
19.221001,-1.1448264e-05,-0.00015016241
19.222,-1.1427413e-05,-0.0001498889
19.223,-1.1406599e-05,-0.00014961589
19.224001,-1.1385821e-05,-0.00014934337
19.225,-1.1365082e-05,-0.00014907133
19.226,-1.1344379e-05,-0.00014879979
19.226999,-1.1323714e-05,-0.00014852874
19.228001,-1.1303086e-05,-0.00014825816
19.229,-1.1282494e-05,-0.00014798806
19.23,-1.1261938e-05,-0.00014771844
19.231001,-1.124142e-05,-0.00014744932
19.232,-1.1220938e-05,-0.00014718066
19.233,-1.1200494e-05,-0.0001469125
19.233999,-1.1180085e-05,-0.0001466448
19.235001,-1.1159712e-05,-0.00014637758
19.236,-1.1139376e-05,-0.00014611083
19.237,-1.1119076e-05,-0.00014584458
19.238001,-1.1098812e-05,-0.00014557879
19.239,-1.1078584e-05,-0.00014531346
19.24,-1.1058392e-05,-0.00014504862
19.240999,-1.1038237e-05,-0.00014478424
19.242001,-1.1018116e-05,-0.00014452032
19.243,-1.0998032e-05,-0.00014425689
19.243999,-1.0977984e-05,-0.00014399392
19.245001,-1.0957971e-05,-0.00014373142
19.246,-1.0937993e-05,-0.00014346938
19.247,-1.0918051e-05,-0.0001432078
19.247999,-1.0898144e-05,-0.00014294669
19.249001,-1.0878272e-05,-0.00014268604
19.25,-1.0858435e-05,-0.00014242585
19.250999,-1.0838635e-05,-0.00014216613
19.252001,-1.0818868e-05,-0.00014190686
19.253,-1.0799136e-05,-0.00014164805
19.254,-1.0779488e-05,-0.00014139032
19.254999,-1.0759878e-05,-0.00014113312
19.256001,-1.0740304e-05,-0.00014087636
19.257,-1.0720766e-05,-0.00014062009
19.257999,-1.0701263e-05,-0.00014036428
19.259001,-1.0681796e-05,-0.00014010895
19.26,-1.0662366e-05,-0.00013985408
19.261,-1.064297e-05,-0.00013959967
19.261999,-1.0623609e-05,-0.00013934572
19.263,-1.0604284e-05,-0.00013909226
19.264,-1.0584994e-05,-0.00013883924
19.264999,-1.056574e-05,-0.00013858668
19.266001,-1.0546521e-05,-0.0001383346
19.267,-1.0527337e-05,-0.00013808296
19.268,-1.0508187e-05,-0.00013783178
19.268999,-1.0489073e-05,-0.00013758107
19.27,-1.0469994e-05,-0.00013733082
19.271,-1.045095e-05,-0.00013708102
19.271999,-1.043194e-05,-0.00013683167
19.273001,-1.0412965e-05,-0.00013658279
19.274,-1.0394025e-05,-0.00013633436
19.275,-1.0375119e-05,-0.00013608638
19.275999,-1.0356248e-05,-0.00013583885
19.277,-1.0337411e-05,-0.00013559178
19.278,-1.0318608e-05,-0.00013534515
19.278999,-1.0299841e-05,-0.00013509899
19.280001,-1.0281107e-05,-0.00013485327
19.281,-1.0262407e-05,-0.000134608
19.282,-1.0243743e-05,-0.00013436316
19.283001,-1.0225111e-05,-0.00013411877
19.284,-1.0206513e-05,-0.00013387484
19.285,-1.018795e-05,-0.00013363136
19.285999,-1.016942e-05,-0.00013338831
19.287001,-1.0150925e-05,-0.00013314572
19.288,-1.0132463e-05,-0.00013290356
19.289,-1.0114035e-05,-0.00013266184
19.290001,-1.0095639e-05,-0.00013242057
19.291,-1.0077279e-05,-0.00013217973
19.292,-1.0058951e-05,-0.00013193933
19.292999,-1.0040657e-05,-0.00013169937
19.294001,-1.0022396e-05,-0.00013145985
19.295,-1.0004169e-05,-0.00013122078
19.296,-9.9859744e-06,-0.00013098212
19.297001,-9.9678136e-06,-0.00013074391
19.298,-9.9496856e-06,-0.00013050613
19.299,-9.9315903e-06,-0.00013026879
19.299999,-9.9135286e-06,-0.00013003187
19.301001,-9.8954997e-06,-0.0001297954
19.302,-9.8775035e-06,-0.00012955935
19.302999,-9.8595401e-06,-0.00012932373
19.304001,-9.8416094e-06,-0.00012908854
19.305,-9.8237115e-06,-0.00012885378
19.306,-9.8058463e-06,-0.00012861945
19.306999,-9.7880129e-06,-0.00012838554
19.308001,-9.7702132e-06,-0.00012815207
19.309,-9.7524453e-06,-0.000127919
19.309999,-9.7347101e-06,-0.00012768638
19.311001,-9.7170068e-06,-0.00012745417
19.312,-9.6993354e-06,-0.00012722239
19.313,-9.6816966e-06,-0.00012699103
19.313999,-9.6640906e-06,-0.00012676009
19.315001,-9.6465155e-06,-0.00012652957
19.316,-9.6289732e-06,-0.00012629948
19.316999,-9.6114627e-06,-0.00012606979
19.318001,-9.593984e-06,-0.00012584054
19.319,-9.5765372e-06,-0.0001256117
19.32,-9.5591213e-06,-0.00012538326
19.320999,-9.5417381e-06,-0.00012515525
19.322001,-9.5243859e-06,-0.00012492765
19.323,-9.5070664e-06,-0.00012470047
19.323999,-9.4897769e-06,-0.00012447369
19.325001,-9.4725201e-06,-0.00012424734
19.326,-9.4552934e-06,-0.00012402139
19.327,-9.4380994e-06,-0.00012379585
19.327999,-9.4209354e-06,-0.00012357073
19.329,-9.4038032e-06,-0.00012334602
19.33,-9.3867029e-06,-0.0001231217
19.330999,-9.3696326e-06,-0.00012289781
19.332001,-9.3525932e-06,-0.00012267432
19.333,-9.3355857e-06,-0.00012245122
19.334,-9.318609e-06,-0.00012222855
19.334999,-9.3016624e-06,-0.00012200627
19.336,-9.2847467e-06,-0.0001217844
19.337,-9.267862e-06,-0.00012156292
19.337999,-9.2510081e-06,-0.00012134186
19.339001,-9.2341843e-06,-0.00012112119
19.34,-9.2173914e-06,-0.00012090092
19.341,-9.2006294e-06,-0.00012068106
19.341999,-9.1838974e-06,-0.00012046159
19.343,-9.1671955e-06,-0.00012024252
19.344,-9.1505244e-06,-0.00012002385
19.344999,-9.1338834e-06,-0.00011980557
19.346001,-9.1172724e-06,-0.00011958769
19.347,-9.1006914e-06,-0.00011937021
19.348,-9.0841404e-06,-0.00011915312
19.349001,-9.0676194e-06,-0.00011893642
19.35,-9.0511294e-06,-0.00011872012
19.351,-9.0346684e-06,-0.00011850421
19.351999,-9.0182366e-06,-0.00011828868
19.353001,-9.0018357e-06,-0.00011807356
19.354,-8.9854639e-06,-0.00011785881
19.355,-8.9691221e-06,-0.00011764446
19.356001,-8.9528094e-06,-0.0001174305
19.357,-8.9365267e-06,-0.00011721693
19.358,-8.9202731e-06,-0.00011700374
19.358999,-8.9040495e-06,-0.00011679093
19.360001,-8.8878551e-06,-0.00011657851
19.361,-8.8716897e-06,-0.00011636648
19.362,-8.8555535e-06,-0.00011615483
19.363001,-8.8394463e-06,-0.00011594356
19.364,-8.8233683e-06,-0.00011573268
19.365,-8.8073193e-06,-0.00011552217
19.365999,-8.7913004e-06,-0.00011531205
19.367001,-8.7753087e-06,-0.0001151023
19.368,-8.7593471e-06,-0.00011489293
19.368999,-8.7434146e-06,-0.00011468394
19.370001,-8.7275102e-06,-0.00011447533
19.371,-8.7116341e-06,-0.0001142671
19.372,-8.6957871e-06,-0.00011405924
19.372999,-8.6799691e-06,-0.00011385175
19.374001,-8.6641794e-06,-0.00011364464
19.375,-8.6484179e-06,-0.00011343791
19.375999,-8.6326845e-06,-0.00011323155
19.377001,-8.6169803e-06,-0.00011302556
19.378,-8.6013042e-06,-0.00011281994
19.379,-8.5856555e-06,-0.00011261469
19.379999,-8.5700358e-06,-0.00011240981
19.381001,-8.5544443e-06,-0.0001122053
19.382,-8.538881e-06,-0.00011200116
19.382999,-8.5233451e-06,-0.00011179738
19.384001,-8.5078373e-06,-0.00011159397
19.385,-8.4923577e-06,-0.00011139093
19.386,-8.4769054e-06,-0.00011118826
19.386999,-8.4614812e-06,-0.00011098594
19.388,-8.4460853e-06,-0.00011078399
19.389,-8.4307167e-06,-0.00011058241
19.389999,-8.4153753e-06,-0.00011038119
19.391001,-8.4000621e-06,-0.00011018032
19.392,-8.3847754e-06,-0.00010997982
19.393,-8.3695168e-06,-0.00010977968
19.393999,-8.3542855e-06,-0.0001095799
19.395,-8.3390814e-06,-0.00010938047
19.396,-8.3239056e-06,-0.00010918141
19.396999,-8.3087562e-06,-0.0001089827
19.398001,-8.2936331e-06,-0.00010878435
19.399,-8.2785382e-06,-0.00010858635
19.4,-8.2634697e-06,-0.0001083887
19.400999,-8.2484294e-06,-0.00010819142
19.402,-8.2334145e-06,-0.00010799448
19.403,-8.218427e-06,-0.0001077979
19.403999,-8.2034667e-06,-0.00010760166
19.405001,-8.1885328e-06,-0.00010740579
19.406,-8.1736262e-06,-0.00010721025
19.407,-8.158745e-06,-0.00010701508
19.408001,-8.1438911e-06,-0.00010682024
19.409,-8.1290646e-06,-0.00010662575
19.41,-8.1142634e-06,-0.00010643162
19.410999,-8.0994887e-06,-0.00010623783
19.412001,-8.0847412e-06,-0.00010604438
19.413,-8.0700192e-06,-0.00010585129
19.414,-8.0553236e-06,-0.00010565853
19.415001,-8.0406544e-06,-0.00010546612
19.416,-8.0260106e-06,-0.00010527405
19.417,-8.0113941e-06,-0.00010508232
19.417999,-7.9968031e-06,-0.00010489093
19.419001,-7.9822375e-06,-0.00010469989
19.42,-7.9676984e-06,-0.00010450918
19.421,-7.9531846e-06,-0.00010431882
19.422001,-7.9386973e-06,-0.00010412879
19.423,-7.9242354e-06,-0.0001039391
19.424,-7.909799e-06,-0.00010374974
19.424999,-7.895389e-06,-0.00010356073
19.426001,-7.8810035e-06,-0.00010337205
19.427,-7.8666444e-06,-0.00010318369
19.427999,-7.8523108e-06,-0.00010299568
19.429001,-7.8380017e-06,-0.00010280801
19.43,-7.823719e-06,-0.00010262066
19.431,-7.8094608e-06,-0.00010243365
19.431999,-7.7952282e-06,-0.00010224696
19.433001,-7.78102e-06,-0.0001020606
19.434,-7.7668383e-06,-0.00010187458
19.434999,-7.7526811e-06,-0.00010168888
19.436001,-7.7385484e-06,-0.00010150352
19.437,-7.7244413e-06,-0.00010131847
19.438,-7.7103587e-06,-0.00010113376
19.438999,-7.6963006e-06,-0.00010094937
19.440001,-7.682268e-06,-0.0001007653
19.441,-7.66826e-06,-0.00010058157
19.441999,-7.6542765e-06,-0.00010039815
19.443001,-7.6403176e-06,-0.00010021506
19.444,-7.6263836e-06,-0.0001000323
19.445,-7.6125048e-06,-9.9850251e-05
19.445999,-7.5986577e-06,-9.9668621e-05
19.447001,-7.5848357e-06,-9.9487326e-05
19.448,-7.5710391e-06,-9.9306359e-05
19.448999,-7.5572675e-06,-9.9125718e-05
19.450001,-7.5435205e-06,-9.8945413e-05
19.451,-7.5297989e-06,-9.8765428e-05
19.452,-7.5161024e-06,-9.8585777e-05
19.452999,-7.5024309e-06,-9.8406454e-05
19.454,-7.4887844e-06,-9.8227458e-05
19.455,-7.4751624e-06,-9.8048782e-05
19.455999,-7.4615655e-06,-9.7870434e-05
19.457001,-7.4479931e-06,-9.7692413e-05
19.458,-7.4344457e-06,-9.7514712e-05
19.459,-7.4209224e-06,-9.7337339e-05
19.459999,-7.4074242e-06,-9.7160286e-05
19.461,-7.3939505e-06,-9.698356e-05
19.462,-7.3805013e-06,-9.6807154e-05
19.462999,-7.3670767e-06,-9.6631062e-05
19.464001,-7.3536767e-06,-9.6455296e-05
19.465,-7.3403007e-06,-9.6279851e-05
19.466,-7.3269493e-06,-9.6104726e-05
19.466999,-7.3136221e-06,-9.5929921e-05
19.468,-7.3003189e-06,-9.5755429e-05
19.469,-7.2870403e-06,-9.5581257e-05
19.469999,-7.2737857e-06,-9.5407406e-05
19.471001,-7.2605553e-06,-9.5233867e-05
19.472,-7.247349e-06,-9.5060641e-05
19.473,-7.2341668e-06,-9.4887735e-05
19.474001,-7.2210082e-06,-9.4715142e-05
19.475,-7.2078742e-06,-9.4542862e-05
19.476,-7.1947634e-06,-9.4370902e-05
19.476999,-7.1816767e-06,-9.4199248e-05
19.478001,-7.168614e-06,-9.4027906e-05
19.479,-7.1555751e-06,-9.3856877e-05
19.48,-7.1425598e-06,-9.3686162e-05
19.481001,-7.1295681e-06,-9.3515759e-05
19.482,-7.1166e-06,-9.3345661e-05
19.483,-7.1036557e-06,-9.317587e-05
19.483999,-7.0907349e-06,-9.3006398e-05
19.485001,-7.0778374e-06,-9.2837225e-05
19.486,-7.0649635e-06,-9.2668364e-05
19.487,-7.0521128e-06,-9.2499809e-05
19.488001,-7.0392857e-06,-9.233156e-05
19.489,-7.0264819e-06,-9.2163617e-05
19.49,-7.0137016e-06,-9.1995978e-05
19.490999,-7.0009442e-06,-9.1828646e-05
19.492001,-6.9882103e-06,-9.1661619e-05
19.493,-6.9754992e-06,-9.1494898e-05
19.493999,-6.9628113e-06,-9.1328475e-05
19.495001,-6.9501466e-06,-9.1162357e-05
19.496,-6.9375051e-06,-9.0996538e-05
19.497,-6.9248863e-06,-9.0831025e-05
19.497999,-6.9122902e-06,-9.066581e-05
19.499001,-6.8997174e-06,-9.0500893e-05
19.5,-6.8871673e-06,-9.0336282e-05
19.500999,-6.8746399e-06,-9.0171969e-05
19.502001,-6.8621357e-06,-9.0007947e-05
19.503,-6.8496538e-06,-8.984423e-05
19.504,-6.8371946e-06,-8.9680805e-05
19.504999,-6.8247582e-06,-8.9517685e-05
19.506001,-6.8123445e-06,-8.9354857e-05
19.507,-6.7999531e-06,-8.9192326e-05
19.507999,-6.787584e-06,-8.9030087e-05
19.509001,-6.7752376e-06,-8.8868146e-05
19.51,-6.7629139e-06,-8.8706496e-05
19.511,-6.7506121e-06,-8.8545137e-05
19.511999,-6.738333e-06,-8.8384077e-05
19.513,-6.7260762e-06,-8.8223307e-05
19.514,-6.7138412e-06,-8.8062829e-05
19.514999,-6.701629e-06,-8.7902641e-05
19.516001,-6.6894386e-06,-8.7742752e-05
19.517,-6.6772704e-06,-8.7583147e-05
19.518,-6.6651241e-06,-8.7423825e-05
19.518999,-6.6530001e-06,-8.7264802e-05
19.52,-6.6408979e-06,-8.7106062e-05
19.521,-6.628818e-06,-8.6947613e-05
19.521999,-6.6167599e-06,-8.6789449e-05
19.523001,-6.6047237e-06,-8.6631575e-05
19.524,-6.5927088e-06,-8.6473985e-05
19.525,-6.5807162e-06,-8.6316679e-05
19.525999,-6.5687454e-06,-8.6159664e-05
19.527,-6.5567961e-06,-8.6002932e-05
19.528,-6.5448685e-06,-8.5846477e-05
19.528999,-6.5329627e-06,-8.5690313e-05
19.530001,-6.5210784e-06,-8.5534433e-05
19.531,-6.5092154e-06,-8.537883e-05
19.532,-6.4973742e-06,-8.522351e-05
19.533001,-6.485554e-06,-8.5068474e-05
19.534,-6.4737555e-06,-8.4913721e-05
19.535,-6.4619785e-06,-8.4759246e-05
19.535999,-6.4502228e-06,-8.4605046e-05
19.537001,-6.4384885e-06,-8.4451131e-05
19.538,-6.4267751e-06,-8.4297499e-05
19.539,-6.4150831e-06,-8.4144136e-05
19.540001,-6.4034125e-06,-8.3991057e-05
19.541,-6.3917628e-06,-8.3838248e-05
19.542,-6.380134e-06,-8.3685722e-05
19.542999,-6.3685266e-06,-8.3533472e-05
19.544001,-6.35694e-06,-8.3381492e-05
19.545,-6.3453745e-06,-8.3229796e-05
19.546,-6.3338298e-06,-8.3078368e-05
19.547001,-6.322306e-06,-8.292721e-05
19.548,-6.3108032e-06,-8.2776336e-05
19.549,-6.2993208e-06,-8.2625731e-05
19.549999,-6.2878594e-06,-8.2475395e-05
19.551001,-6.2764188e-06,-8.2325329e-05
19.552,-6.2649988e-06,-8.2175538e-05
19.552999,-6.2535996e-06,-8.2026017e-05
19.554001,-6.2422209e-06,-8.1876773e-05
19.555,-6.2308627e-06,-8.1727791e-05
19.556,-6.2195249e-06,-8.1579077e-05
19.556999,-6.2082081e-06,-8.1430633e-05
19.558001,-6.1969113e-06,-8.1282458e-05
19.559,-6.1856349e-06,-8.1134553e-05
19.559999,-6.174379e-06,-8.0986916e-05
19.561001,-6.1631436e-06,-8.0839542e-05
19.562,-6.1519281e-06,-8.0692436e-05
19.563,-6.1407331e-06,-8.0545593e-05
19.563999,-6.1295582e-06,-8.0399019e-05
19.565001,-6.1184037e-06,-8.0252707e-05
19.566,-6.1072687e-06,-8.0106656e-05
19.566999,-6.0961543e-06,-7.9960875e-05
19.568001,-6.0850598e-06,-7.9815349e-05
19.569,-6.0739853e-06,-7.9670092e-05
19.57,-6.0629309e-06,-7.9525096e-05
19.570999,-6.0518964e-06,-7.9380356e-05
19.572001,-6.040882e-06,-7.9235884e-05
19.573,-6.0298871e-06,-7.9091667e-05
19.573999,-6.0189118e-06,-7.8947713e-05
19.575001,-6.0079565e-06,-7.880402e-05
19.576,-5.9970212e-06,-7.8660581e-05
19.577,-5.9861054e-06,-7.8517405e-05
19.577999,-5.9752092e-06,-7.8374484e-05
19.579,-5.9643326e-06,-7.8231817e-05
19.58,-5.9534755e-06,-7.8089412e-05
19.580999,-5.9426379e-06,-7.7947261e-05
19.582001,-5.9318199e-06,-7.7805365e-05
19.583,-5.9210215e-06,-7.7663724e-05
19.584,-5.9102426e-06,-7.7522338e-05
19.584999,-5.8994829e-06,-7.7381206e-05
19.586,-5.8887426e-06,-7.7240329e-05
19.587,-5.8780215e-06,-7.7099707e-05
19.587999,-5.8673195e-06,-7.6959332e-05
19.589001,-5.856637e-06,-7.6819219e-05
19.59,-5.8459736e-06,-7.6679346e-05
19.591,-5.8353294e-06,-7.6539727e-05
19.591999,-5.8247042e-06,-7.6400363e-05
19.593,-5.8140981e-06,-7.6261247e-05
19.594,-5.8035107e-06,-7.6122386e-05
19.594999,-5.7929428e-06,-7.5983764e-05
19.596001,-5.7823936e-06,-7.5845397e-05
19.597,-5.7718635e-06,-7.5707278e-05
19.598,-5.761352e-06,-7.5569405e-05
19.599001,-5.7508596e-06,-7.5431773e-05
19.6,-5.7403859e-06,-7.5294396e-05
19.601,-5.7299312e-06,-7.5157266e-05
19.601999,-5.7194948e-06,-7.5020376e-05
19.603001,-5.7090774e-06,-7.4883734e-05
19.604,-5.6986783e-06,-7.4747339e-05
19.605,-5.6882982e-06,-7.4611184e-05
19.606001,-5.6779363e-06,-7.4475269e-05
19.607,-5.6675931e-06,-7.4339601e-05
19.608,-5.6572685e-06,-7.4204181e-05
19.608999,-5.6469621e-06,-7.4068994e-05
19.610001,-5.6366744e-06,-7.3934054e-05
19.611,-5.6264048e-06,-7.3799354e-05
19.612,-5.6161539e-06,-7.3664894e-05
19.613001,-5.6059212e-06,-7.3530675e-05
19.614,-5.5957066e-06,-7.3396695e-05
19.615,-5.5855103e-06,-7.3262956e-05
19.615999,-5.5753321e-06,-7.3129449e-05
19.617001,-5.5651722e-06,-7.299619e-05
19.618,-5.5550304e-06,-7.2863164e-05
19.618999,-5.5449068e-06,-7.273037e-05
19.620001,-5.5348009e-06,-7.2597817e-05
19.621,-5.5247133e-06,-7.2465504e-05
19.622,-5.5146434e-06,-7.2333423e-05
19.622999,-5.5045916e-06,-7.2201576e-05
19.624001,-5.4945576e-06,-7.2069961e-05
19.625,-5.4845414e-06,-7.1938586e-05
19.625999,-5.4745433e-06,-7.1807444e-05
19.627001,-5.4645625e-06,-7.1676535e-05
19.628,-5.4545999e-06,-7.1545852e-05
19.629,-5.444655e-06,-7.1415408e-05
19.629999,-5.4347274e-06,-7.1285198e-05
19.631001,-5.4248176e-06,-7.1155213e-05
19.632,-5.4149255e-06,-7.1025461e-05
19.632999,-5.4050506e-06,-7.0895941e-05
19.634001,-5.3951935e-06,-7.0766648e-05
19.635,-5.3853541e-06,-7.0637579e-05
19.636,-5.3755462e-06,-7.0508933e-05
19.636999,-5.3657614e-06,-7.0380593e-05
19.638,-5.3559943e-06,-7.0252485e-05
19.639,-5.346245e-06,-7.0124603e-05
19.639999,-5.3365138e-06,-6.9996961e-05
19.641001,-5.3268e-06,-6.9869551e-05
19.642,-5.3171038e-06,-6.9742367e-05
19.643,-5.3074255e-06,-6.9615424e-05
19.643999,-5.2977643e-06,-6.9488706e-05
19.645,-5.288121e-06,-6.9362213e-05
19.646,-5.2784953e-06,-6.9235961e-05
19.646999,-5.268887e-06,-6.9109934e-05
19.648001,-5.2592964e-06,-6.8984133e-05
19.649,-5.249723e-06,-6.8858564e-05
19.65,-5.240167e-06,-6.8733221e-05
19.650999,-5.2306286e-06,-6.8608111e-05
19.652,-5.2211071e-06,-6.8483219e-05
19.653,-5.2116034e-06,-6.835856e-05
19.653999,-5.2021169e-06,-6.8234134e-05
19.655001,-5.1926477e-06,-6.8109926e-05
19.656,-5.1831953e-06,-6.7985944e-05
19.657,-5.1737607e-06,-6.7862195e-05
19.658001,-5.1643428e-06,-6.7738663e-05
19.659,-5.1549418e-06,-6.7615358e-05
19.66,-5.1455586e-06,-6.7492278e-05
19.660999,-5.1361922e-06,-6.7369423e-05
19.662001,-5.1268426e-06,-6.7246787e-05
19.663,-5.1175102e-06,-6.7124376e-05
19.664,-5.1081947e-06,-6.7002191e-05
19.665001,-5.0988961e-06,-6.6880224e-05
19.666,-5.0896147e-06,-6.6758483e-05
19.667,-5.0803496e-06,-6.663696e-05
19.667999,-5.0711019e-06,-6.6515662e-05
19.669001,-5.061871e-06,-6.6394583e-05
19.67,-5.0526564e-06,-6.6273722e-05
19.671,-5.0434592e-06,-6.6153079e-05
19.672001,-5.0342783e-06,-6.6032662e-05
19.673,-5.0251142e-06,-6.5912456e-05
19.674,-5.015967e-06,-6.5792476e-05
19.674999,-5.0068361e-06,-6.5672706e-05
19.676001,-4.9977216e-06,-6.5553162e-05
19.677,-4.9886239e-06,-6.5433829e-05
19.677999,-4.9795431e-06,-6.5314722e-05
19.679001,-4.9704786e-06,-6.5195825e-05
19.68,-4.9614305e-06,-6.507714e-05
19.681,-4.9523987e-06,-6.495868e-05
19.681999,-4.9433834e-06,-6.4840431e-05
19.683001,-4.9343848e-06,-6.4722393e-05
19.684,-4.9254022e-06,-6.4604574e-05
19.684999,-4.916436e-06,-6.4486965e-05
19.686001,-4.9074861e-06,-6.4369575e-05
19.687,-4.8985526e-06,-6.4252396e-05
19.688,-4.8896354e-06,-6.4135435e-05
19.688999,-4.8807342e-06,-6.4018677e-05
19.690001,-4.8718489e-06,-6.3902138e-05
19.691,-4.8629804e-06,-6.378581e-05
19.691999,-4.8541278e-06,-6.3669693e-05
19.693001,-4.8452912e-06,-6.3553787e-05
19.694,-4.8364705e-06,-6.3438092e-05
19.695,-4.8276661e-06,-6.3322608e-05
19.695999,-4.8188776e-06,-6.3207335e-05
19.697001,-4.8101051e-06,-6.3092266e-05
19.698,-4.8013485e-06,-6.2977408e-05
19.698999,-4.7926078e-06,-6.286276e-05
19.700001,-4.783883e-06,-6.2748324e-05
19.701,-4.7751737e-06,-6.2634092e-05
19.702,-4.7664807e-06,-6.2520063e-05
19.702999,-4.7578033e-06,-6.2406245e-05
19.704,-4.7491417e-06,-6.2292638e-05
19.705,-4.740496e-06,-6.2179235e-05
19.705999,-4.7318658e-06,-6.2066036e-05
19.707001,-4.7232515e-06,-6.195304e-05
19.708,-4.7146527e-06,-6.1840256e-05
19.709,-4.7060694e-06,-6.1727675e-05
19.709999,-4.6975019e-06,-6.1615297e-05
19.711,-4.68895e-06,-6.1503124e-05
19.712,-4.6804134e-06,-6.1391154e-05
19.712999,-4.6718924e-06,-6.1279388e-05
19.714001,-4.6633868e-06,-6.1167826e-05
19.715,-4.6548967e-06,-6.105646e-05
19.716,-4.646422e-06,-6.0945302e-05
19.716999,-4.6379628e-06,-6.0834347e-05
19.718,-4.629519e-06,-6.0723589e-05
19.719,-4.6210903e-06,-6.0613038e-05
19.719999,-4.612677e-06,-6.0502683e-05
19.721001,-4.6042792e-06,-6.0392529e-05
19.722,-4.5958964e-06,-6.0282575e-05
19.723,-4.587529e-06,-6.0172821e-05
19.724001,-4.5791767e-06,-6.0063267e-05
19.725,-4.5708393e-06,-5.9953913e-05
19.726,-4.562517e-06,-5.9844755e-05
19.726999,-4.5542101e-06,-5.9735794e-05
19.728001,-4.5459183e-06,-5.9627033e-05
19.729,-4.5376414e-06,-5.9518468e-05
19.73,-4.5293796e-06,-5.9410104e-05
19.731001,-4.5211327e-06,-5.9301932e-05
19.732,-4.5129009e-06,-5.9193957e-05
19.733,-4.5046841e-06,-5.9086178e-05
19.733999,-4.4964818e-06,-5.8978596e-05
19.735001,-4.488295e-06,-5.8871206e-05
19.736,-4.4801222e-06,-5.8764013e-05
19.737,-4.471965e-06,-5.8657017e-05
19.738001,-4.4638223e-06,-5.8550213e-05
19.739,-4.4556941e-06,-5.8443602e-05
19.74,-4.447581e-06,-5.8337184e-05
19.740999,-4.4394828e-06,-5.8230959e-05
19.742001,-4.4313988e-06,-5.8124926e-05
19.743,-4.4233298e-06,-5.8019086e-05
19.743999,-4.4152753e-06,-5.7913436e-05
19.745001,-4.4072353e-06,-5.7807982e-05
19.746,-4.39921e-06,-5.7702717e-05
19.747,-4.3911991e-06,-5.7597641e-05
19.747999,-4.3832028e-06,-5.7492754e-05
19.749001,-4.3752207e-06,-5.7388061e-05
19.75,-4.3672535e-06,-5.7283556e-05
19.750999,-4.3593004e-06,-5.7179241e-05
19.752001,-4.3513619e-06,-5.7075114e-05
19.753,-4.3434379e-06,-5.6971177e-05
19.754,-4.335528e-06,-5.6867426e-05
19.754999,-4.3276327e-06,-5.6763864e-05
19.756001,-4.3197515e-06,-5.666049e-05
19.757,-4.3118844e-06,-5.6557303e-05
19.757999,-4.3040318e-06,-5.6454301e-05
19.759001,-4.2961933e-06,-5.6351488e-05
19.76,-4.2883689e-06,-5.624886e-05
19.761,-4.2805591e-06,-5.6146419e-05
19.761999,-4.2727629e-06,-5.6044162e-05
19.763,-4.2649808e-06,-5.5942088e-05
19.764,-4.2572133e-06,-5.5840203e-05
19.764999,-4.2494594e-06,-5.5738499e-05
19.766001,-4.2417196e-06,-5.5636978e-05
19.767,-4.2339939e-06,-5.5535642e-05
19.768,-4.2262823e-06,-5.5434492e-05
19.768999,-4.2185843e-06,-5.5333523e-05
19.77,-4.2109004e-06,-5.5232736e-05
19.771,-4.2032302e-06,-5.5132132e-05
19.771999,-4.1955741e-06,-5.5031709e-05
19.773001,-4.1879321e-06,-5.4931465e-05
19.774,-4.1803032e-06,-5.4831406e-05
19.775,-4.1726885e-06,-5.4731525e-05
19.775999,-4.1650878e-06,-5.4631826e-05
19.777,-4.1575004e-06,-5.4532309e-05
19.778,-4.149927e-06,-5.4432967e-05
19.778999,-4.1423668e-06,-5.4333806e-05
19.780001,-4.1348208e-06,-5.4234828e-05
19.781,-4.1272883e-06,-5.4136024e-05
19.782,-4.1197691e-06,-5.4037402e-05
19.783001,-4.1122635e-06,-5.3938955e-05
19.784,-4.1047715e-06,-5.3840686e-05
19.785,-4.0972932e-06,-5.3742595e-05
19.785999,-4.0898285e-06,-5.3644682e-05
19.787001,-4.082377e-06,-5.3546944e-05
19.788,-4.0749392e-06,-5.3449381e-05
19.789,-4.0675145e-06,-5.3351996e-05
19.790001,-4.060103e-06,-5.3254786e-05
19.791,-4.0527052e-06,-5.315775e-05
19.792,-4.0453206e-06,-5.3060892e-05
19.792999,-4.0379496e-06,-5.2964206e-05
19.794001,-4.0305918e-06,-5.2867694e-05
19.795,-4.0232471e-06,-5.2771356e-05
19.796,-4.0159152e-06,-5.2675194e-05
19.797001,-4.008597e-06,-5.2579202e-05
19.798,-4.0012919e-06,-5.2483385e-05
19.799,-3.9940001e-06,-5.2387739e-05
19.799999,-3.9867214e-06,-5.2292264e-05
19.801001,-3.9794554e-06,-5.2196963e-05
19.802,-3.9722031e-06,-5.2101834e-05
19.802999,-3.9649635e-06,-5.2006875e-05
19.804001,-3.9577367e-06,-5.1912084e-05
19.805,-3.950523e-06,-5.1817467e-05
19.806,-3.9433226e-06,-5.1723018e-05
19.806999,-3.9361348e-06,-5.162874e-05
19.808001,-3.9289598e-06,-5.1534633e-05
19.809,-3.921798e-06,-5.1440693e-05
19.809999,-3.9146489e-06,-5.134692e-05
19.811001,-3.907513e-06,-5.1253319e-05
19.812,-3.9003894e-06,-5.1159885e-05
19.813,-3.893279e-06,-5.1066618e-05
19.813999,-3.8861808e-06,-5.0973518e-05
19.815001,-3.8790959e-06,-5.0880586e-05
19.816,-3.8720236e-06,-5.0787818e-05
19.816999,-3.8649637e-06,-5.069522e-05
19.818001,-3.8579169e-06,-5.0602786e-05
19.819,-3.8508824e-06,-5.0510516e-05
19.82,-3.8438607e-06,-5.0418414e-05
19.820999,-3.8368512e-06,-5.0326478e-05
19.822001,-3.8298544e-06,-5.0234703e-05
19.823,-3.8228704e-06,-5.0143095e-05
19.823999,-3.8158987e-06,-5.0051651e-05
19.825001,-3.8089395e-06,-4.996037e-05
19.826,-3.8019928e-06,-4.9869253e-05
19.827,-3.7950645e-06,-4.9778377e-05
19.827999,-3.7881525e-06,-4.9687715e-05
19.829,-3.7812533e-06,-4.959722e-05
19.83,-3.7743664e-06,-4.9506889e-05
19.830999,-3.7674922e-06,-4.9416722e-05
19.832001,-3.7606305e-06,-4.9326718e-05
19.833,-3.7537811e-06,-4.9236882e-05
19.834,-3.7469445e-06,-4.9147206e-05
19.834999,-3.7401201e-06,-4.9057693e-05
19.836,-3.7333084e-06,-4.8968344e-05
19.837,-3.7265088e-06,-4.8879159e-05
19.837999,-3.7197217e-06,-4.8790134e-05
19.839001,-3.7129471e-06,-4.8701277e-05
19.84,-3.7061848e-06,-4.8612575e-05
19.841,-3.6994347e-06,-4.8524038e-05
19.841999,-3.692697e-06,-4.8435661e-05
19.843,-3.6859715e-06,-4.8347447e-05
19.844,-3.6792583e-06,-4.825939e-05
19.844999,-3.6725571e-06,-4.8171496e-05
19.846001,-3.6658685e-06,-4.8083763e-05
19.847,-3.6591916e-06,-4.7996189e-05
19.848,-3.6525273e-06,-4.7908772e-05
19.849001,-3.645875e-06,-4.7821515e-05
19.85,-3.6392348e-06,-4.7734418e-05
19.851,-3.6326066e-06,-4.7647482e-05
19.851999,-3.6259905e-06,-4.7560701e-05
19.853001,-3.6193867e-06,-4.7474077e-05
19.854,-3.6127947e-06,-4.7387613e-05
19.855,-3.6062147e-06,-4.7301306e-05
19.856001,-3.5996466e-06,-4.7215159e-05
19.857,-3.5930907e-06,-4.7129164e-05
19.858,-3.5865464e-06,-4.704333e-05
19.858999,-3.5800144e-06,-4.6957648e-05
19.860001,-3.573494e-06,-4.6872123e-05
19.861,-3.5669857e-06,-4.6786758e-05
19.862,-3.5604892e-06,-4.6701545e-05
19.863001,-3.5540045e-06,-4.6616486e-05
19.864,-3.5475314e-06,-4.6531582e-05
19.865,-3.5410703e-06,-4.6446836e-05
19.865999,-3.5346209e-06,-4.6362242e-05
19.867001,-3.5281832e-06,-4.6277801e-05
19.868,-3.5217574e-06,-4.6193512e-05
19.868999,-3.515343e-06,-4.610938e-05
19.870001,-3.5089406e-06,-4.6025401e-05
19.871,-3.5025496e-06,-4.5941575e-05
19.872,-3.4961704e-06,-4.5857898e-05
19.872999,-3.4898026e-06,-4.5774377e-05
19.874001,-3.4834466e-06,-4.5691006e-05
19.875,-3.4771022e-06,-4.5607787e-05
19.875999,-3.4707691e-06,-4.5524721e-05
19.877001,-3.4644477e-06,-4.5441804e-05
19.878,-3.4581376e-06,-4.535904e-05
19.879,-3.4518393e-06,-4.5276425e-05
19.879999,-3.4455522e-06,-4.519396e-05
19.881001,-3.4392767e-06,-4.5111647e-05
19.882,-3.4330126e-06,-4.5029483e-05
19.882999,-3.4267598e-06,-4.4947468e-05
19.884001,-3.4205184e-06,-4.4865603e-05
19.885,-3.4142884e-06,-4.4783883e-05
19.886,-3.4080695e-06,-4.4702316e-05
19.886999,-3.4018622e-06,-4.4620894e-05
19.888,-3.395666e-06,-4.4539625e-05
19.889,-3.3894812e-06,-4.4458498e-05
19.889999,-3.3833076e-06,-4.4377524e-05
19.891001,-3.3771453e-06,-4.4296692e-05
19.892,-3.3709939e-06,-4.4216009e-05
19.893,-3.3648539e-06,-4.4135475e-05
19.893999,-3.3587251e-06,-4.4055083e-05
19.895,-3.3526076e-06,-4.397484e-05
19.896,-3.3465008e-06,-4.3894743e-05
19.896999,-3.3404053e-06,-4.3814791e-05
19.898001,-3.334321e-06,-4.3734985e-05
19.899,-3.3282477e-06,-4.3655324e-05
19.9,-3.3221852e-06,-4.3575805e-05
19.900999,-3.3161339e-06,-4.3496431e-05
19.902,-3.3100937e-06,-4.3417203e-05
19.903,-3.3040642e-06,-4.3338117e-05
19.903999,-3.2980458e-06,-4.3259177e-05
19.905001,-3.2920384e-06,-4.3180382e-05
19.906,-3.2860419e-06,-4.3101725e-05
19.907,-3.2800563e-06,-4.3023214e-05
19.908001,-3.2740813e-06,-4.2944845e-05
19.909,-3.2681173e-06,-4.2866617e-05
19.91,-3.2621642e-06,-4.2788532e-05
19.910999,-3.2562218e-06,-4.2710588e-05
19.912001,-3.2502903e-06,-4.2632786e-05
19.913,-3.2443695e-06,-4.2555126e-05
19.914,-3.2384594e-06,-4.2477608e-05
19.915001,-3.2325602e-06,-4.2400228e-05
19.916,-3.2266717e-06,-4.232299e-05
19.917,-3.2207936e-06,-4.2245891e-05
19.917999,-3.2149262e-06,-4.2168933e-05
19.919001,-3.2090697e-06,-4.2092113e-05
19.92,-3.2032237e-06,-4.2015432e-05
19.921,-3.1973882e-06,-4.1938893e-05
19.922001,-3.1915633e-06,-4.1862488e-05
19.923,-3.1857492e-06,-4.1786225e-05
19.924,-3.1799452e-06,-4.17101e-05
19.924999,-3.174152e-06,-4.163411e-05
19.926001,-3.1683694e-06,-4.1558262e-05
19.927,-3.1625971e-06,-4.1482548e-05
19.927999,-3.1568352e-06,-4.1406973e-05
19.929001,-3.1510838e-06,-4.1331536e-05
19.93,-3.1453428e-06,-4.1256233e-05
19.931,-3.1396123e-06,-4.1181069e-05
19.931999,-3.1338921e-06,-4.1106039e-05
19.933001,-3.1281822e-06,-4.1031144e-05
19.934,-3.1224829e-06,-4.0956387e-05
19.934999,-3.1167936e-06,-4.0881761e-05
19.936001,-3.1111147e-06,-4.0807274e-05
19.937,-3.105446e-06,-4.0732921e-05
19.938,-3.0997878e-06,-4.0658702e-05
19.938999,-3.0941396e-06,-4.0584619e-05
19.940001,-3.0885017e-06,-4.0510669e-05
19.941,-3.0828739e-06,-4.0436851e-05
19.941999,-3.0772565e-06,-4.0363167e-05
19.943001,-3.071649e-06,-4.0289618e-05
19.944,-3.0660517e-06,-4.02162e-05
19.945,-3.0604645e-06,-4.0142917e-05
19.945999,-3.0548874e-06,-4.0069765e-05
19.947001,-3.0493204e-06,-3.9996743e-05
19.948,-3.0437634e-06,-3.9923856e-05
19.948999,-3.0382166e-06,-3.98511e-05
19.950001,-3.0326796e-06,-3.9778475e-05
19.951,-3.0271528e-06,-3.9705978e-05
19.952,-3.0216358e-06,-3.9633615e-05
19.952999,-3.0161289e-06,-3.9561382e-05
19.954,-3.0106319e-06,-3.9489281e-05
19.955,-3.0051447e-06,-3.9417308e-05
19.955999,-2.9996675e-06,-3.9345465e-05
19.957001,-2.9942e-06,-3.9273753e-05
19.958,-2.9887426e-06,-3.9202168e-05
19.959,-2.983295e-06,-3.9130711e-05
19.959999,-2.9778571e-06,-3.9059385e-05
19.961,-2.972429e-06,-3.898819e-05
19.962,-2.9670107e-06,-3.8917118e-05
19.962999,-2.9616021e-06,-3.8846178e-05
19.964001,-2.9562034e-06,-3.8775364e-05
19.965,-2.9508142e-06,-3.8704675e-05
19.966,-2.9454347e-06,-3.8634116e-05
19.966999,-2.9400651e-06,-3.8563685e-05
19.968,-2.934705e-06,-3.8493377e-05
19.969,-2.9293547e-06,-3.8423201e-05
19.969999,-2.9240139e-06,-3.8353148e-05
19.971001,-2.9186826e-06,-3.8283219e-05
19.972,-2.913361e-06,-3.8213417e-05
19.973,-2.9080491e-06,-3.8143742e-05
19.974001,-2.9027465e-06,-3.8074191e-05
19.975,-2.8974534e-06,-3.8004764e-05
19.976,-2.89217e-06,-3.7935461e-05
19.976999,-2.8868958e-06,-3.7866284e-05
19.978001,-2.8816314e-06,-3.7797232e-05
19.979,-2.8763761e-06,-3.7728303e-05
19.98,-2.8711304e-06,-3.7659494e-05
19.981001,-2.8658942e-06,-3.7590813e-05
19.982,-2.8606673e-06,-3.7522255e-05
19.983,-2.8554498e-06,-3.7453818e-05
19.983999,-2.8502416e-06,-3.7385504e-05
19.985001,-2.8450427e-06,-3.7317313e-05
19.986,-2.8398531e-06,-3.7249243e-05
19.987,-2.8346728e-06,-3.7181293e-05
19.988001,-2.8295017e-06,-3.7113467e-05
19.989,-2.8243401e-06,-3.7045764e-05
19.99,-2.8191873e-06,-3.6978177e-05
19.990999,-2.8140441e-06,-3.6910715e-05
19.992001,-2.80891e-06,-3.6843372e-05
19.993,-2.803785e-06,-3.6776149e-05
19.993999,-2.7986691e-06,-3.6709047e-05
19.995001,-2.7935625e-06,-3.6642065e-05
19.996,-2.7884648e-06,-3.6575202e-05
19.997,-2.7833764e-06,-3.650846e-05
19.997999,-2.7782969e-06,-3.6441834e-05
19.999001,-2.7732267e-06,-3.6375328e-05
20,-2.7681654e-06,-3.6308942e-05
20,-2.7681654e-06,-3.6308942e-05
