"Time","smrM.stator.electroMagneticConverter.singlePhaseElectroMagneticConverter[2].Phi.im","smrM.stator.electroMagneticConverter.singlePhaseElectroMagneticConverter[1].Phi.re"
0,-0,0
9.9999997e-05,-8.2132174e-13,-7.053369e-07
0.00019999999,-1.3113206e-11,-2.8142581e-06
0.00030000001,-8.1313019e-11,-6.3132788e-06
0.00039999999,-2.0889697e-10,-1.1201444e-05
0.00050000002,-6.2600591e-10,-1.7447603e-05
0.00060000003,-1.2905247e-09,-2.5057485e-05
0.00069999998,-2.1864062e-09,-3.403327e-05
0.00079999998,-3.3136505e-09,-4.437496e-05
0.00089999998,-5.2498152e-09,-5.6038636e-05
0.001,-7.8169986e-09,-6.9037829e-05
0.0011,-1.0906642e-08,-8.3380794e-05
0.0012000001,-1.4518745e-08,-9.9067525e-05
0.0013,-1.9580453e-08,-0.00011604696
0.0014,-2.6001013e-08,-0.00013432409
0.0015,-3.3484827e-08,-0.0001539152
0.0016,-4.20319e-08,-0.00017482029
0.0017,-5.2727501e-08,-0.00019699687
0.0018,-6.576353e-08,-0.0002204374
0.0019,-8.0609233e-08,-0.00024516269
0.0020000001,-9.7264625e-08,-0.00027117273
0.0020999999,-1.1655517e-07,-0.00029844622
0.0022,-1.3927279e-07,-0.00032696273
0.0023000001,-1.6512746e-07,-0.00035672972
0.0024000001,-1.9435551e-07,-0.00038774111
0.0024999999,-2.2719324e-07,-0.0004199908
0.0026,-2.6387698e-07,-0.00045347272
0.0027000001,-3.0464304e-07,-0.00048818073
0.0027999999,-3.4972774e-07,-0.00052410871
0.0029,-3.9981322e-07,-0.00056124839
0.003,-4.5597017e-07,-0.00059958955
0.0031000001,-5.1777147e-07,-0.00063912937
0.0031999999,-5.8552911e-07,-0.00067986135
0.0033,-6.5955504e-07,-0.00072177907
0.0034,-7.4016123e-07,-0.00076487596
0.0035000001,-8.2765956e-07,-0.00080914563
0.0035999999,-9.2236201e-07,-0.00085458159
0.0037,-1.0248401e-06,-0.00090117927
0.0038000001,-1.137186e-06,-0.00094894576
0.0038999999,-1.2584426e-06,-0.00099786487
0.0040000002,-1.3890043e-06,-0.0010479308
0.0041,-1.5292659e-06,-0.0010991378
0.0041999999,-1.6796217e-06,-0.0011514799
0.0043000001,-1.8404664e-06,-0.0012049512
0.0044,-2.0121947e-06,-0.001259546
0.0044999998,-2.195201e-06,-0.0013152584
0.0046000001,-2.392163e-06,-0.0013721021
0.0046999999,-2.6021398e-06,-0.0014300597
0.0048000002,-2.8255067e-06,-0.0014891253
0.0049000001,-3.0627493e-06,-0.0015492939
0.0049999999,-3.314354e-06,-0.0016105602
0.0051000002,-3.5808066e-06,-0.0016729195
0.0052,-3.8625935e-06,-0.0017363663
0.0052999998,-4.1602007e-06,-0.0018008959
0.0054000001,-4.4757894e-06,-0.0018665155
0.0055,-4.8094089e-06,-0.0019332168
0.0055999998,-5.1611732e-06,-0.002000992
0.0057000001,-5.531655e-06,-0.0020698367
0.0057999999,-5.9214276e-06,-0.0021397467
0.0059000002,-6.3310645e-06,-0.0022107172
0.0060000001,-6.7611386e-06,-0.0022827438
0.0060999999,-7.2122234e-06,-0.0023558224
0.0062000002,-7.685725e-06,-0.0024299528
0.0063,-8.1825601e-06,-0.0025051327
0.0063999998,-8.7029093e-06,-0.0025813554
0.0065000001,-9.2474829e-06,-0.0026586172
0.0066,-9.8170003e-06,-0.0027369147
0.0066999998,-1.0412191e-05,-0.002816244
0.0068000001,-1.1033793e-05,-0.002896602
0.0068999999,-1.1682558e-05,-0.002977985
0.0070000002,-1.235924e-05,-0.0030603895
0.0071,-1.3064609e-05,-0.0031438123
0.0071999999,-1.3799442e-05,-0.00322825
0.0073000002,-1.4564525e-05,-0.0033136995
0.0074,-1.5360656e-05,-0.0034001572
0.0074999998,-1.618864e-05,-0.0034876205
0.0076000001,-1.7049291e-05,-0.0035760861
0.0077,-1.7943436e-05,-0.0036655506
0.0077999998,-1.8871962e-05,-0.0037560121
0.0078999996,-1.9835954e-05,-0.0038474693
0.0080000004,-2.0836062e-05,-0.0039399173
0.0081000002,-2.187316e-05,-0.0040333541
0.0082,-2.294813e-05,-0.0041277767
0.0082999999,-2.4061866e-05,-0.0042231823
0.0083999997,-2.5215275e-05,-0.0043195682
0.0085000005,-2.6409271e-05,-0.0044169324
0.0086000003,-2.7644775e-05,-0.0045152716
0.0087000001,-2.8922725e-05,-0.0046145846
0.0088,-3.0244062e-05,-0.004714868
0.0088999998,-3.1609743e-05,-0.00481612
0.0089999996,-3.3020737e-05,-0.0049183383
0.0091000004,-3.4478009e-05,-0.0050215204
0.0092000002,-3.5982554e-05,-0.0051256651
0.0093,-3.7535359e-05,-0.005230769
0.0093999999,-3.9137434e-05,-0.0053368313
0.0094999997,-4.0789073e-05,-0.0054438347
0.0096000005,-4.249164e-05,-0.0055517843
0.0097000003,-4.4246321e-05,-0.005660682
0.0098000001,-4.6054138e-05,-0.0057705245
0.0098999999,-4.7916124e-05,-0.0058813104
0.0099999998,-4.9833317e-05,-0.0059930375
0.0101,-5.1806775e-05,-0.0061057028
0.0102,-5.383755e-05,-0.0062193056
0.0103,-5.5926714e-05,-0.0063338424
0.0104,-5.8075344e-05,-0.0064493124
0.0105,-6.0284528e-05,-0.0065657129
0.0106,-6.2555366e-05,-0.0066830423
0.0107,-6.4888955e-05,-0.0068012984
0.0108,-6.7286412e-05,-0.0069204802
0.0109,-6.9748872e-05,-0.0070405845
0.011,-7.2277449e-05,-0.0071616108
0.0111,-7.4873111e-05,-0.007283553
0.0112,-7.7536824e-05,-0.0074064061
0.0113,-8.0270009e-05,-0.0075301738
0.0114,-8.3073814e-05,-0.0076548532
0.0115,-8.594941e-05,-0.0077804439
0.0116,-8.8897978e-05,-0.0079069426
0.0117,-9.1920694e-05,-0.0080343485
0.0118,-9.5018753e-05,-0.0081626605
0.0119,-9.819337e-05,-0.008291875
0.012,-0.00010144574,-0.008421992
0.0121,-0.00010477709,-0.0085530095
0.0122,-0.00010818865,-0.0086849257
0.0123,-0.00011168166,-0.0088177389
0.0124,-0.00011525737,-0.0089514479
0.0125,-0.00011891701,-0.009086051
0.0126,-0.00012266188,-0.0092215464
0.0127,-0.00012649322,-0.0093579339
0.0128,-0.00013041188,-0.0094952025
0.0129,-0.00013441948,-0.0096333586
0.013,-0.00013851732,-0.0097723985
0.0131,-0.00014270672,-0.0099123232
0.0132,-0.00014698895,-0.01005313
0.0133,-0.00015136536,-0.010194818
0.0134,-0.00015583723,-0.010337384
0.0135,-0.00016040592,-0.01048083
0.0136,-0.00016507278,-0.010625151
0.0137,-0.00016983914,-0.010770347
0.0138,-0.00017470635,-0.010916417
0.0139,-0.00017967579,-0.011063361
0.014,-0.00018474882,-0.011211175
0.0141,-0.00018992684,-0.01135986
0.0142,-0.00019521122,-0.011509413
0.0143,-0.00020060336,-0.011659835
0.0144,-0.00020610447,-0.011811118
0.0145,-0.00021171597,-0.011963263
0.0146,-0.00021743942,-0.012116272
0.0147,-0.00022327621,-0.012270142
0.0148,-0.00022922779,-0.012424872
0.0149,-0.00023529559,-0.012580462
0.015,-0.00024148107,-0.012736909
0.0151,-0.00024778568,-0.012894212
0.0152,-0.0002542109,-0.013052372
0.0153,-0.00026075818,-0.013211385
0.0154,-0.00026742899,-0.013371252
0.0155,-0.00027422488,-0.013531972
0.0156,-0.00028114725,-0.013693542
0.015699999,-0.00028819771,-0.013855963
0.015799999,-0.00029537771,-0.014019232
0.015900001,-0.00030268877,-0.01418335
0.016000001,-0.0003101324,-0.014348313
0.016100001,-0.00031770996,-0.014514119
0.0162,-0.00032542317,-0.01468077
0.0163,-0.00033327355,-0.014848263
0.0164,-0.00034126264,-0.015016598
0.0165,-0.00034939204,-0.015185773
0.0166,-0.00035766329,-0.015355789
0.0167,-0.00036607796,-0.015526644
0.016799999,-0.00037463769,-0.015698336
0.016899999,-0.00038334398,-0.015870864
0.017000001,-0.00039219853,-0.016044229
0.017100001,-0.00040120285,-0.016218428
0.017200001,-0.00041035863,-0.01639346
0.0173,-0.00041966746,-0.016569326
0.0174,-0.00042913097,-0.016746024
0.0175,-0.00043875081,-0.016923551
0.0176,-0.00044852859,-0.017101908
0.0177,-0.00045846598,-0.017281095
0.0178,-0.00046856457,-0.01746111
0.017899999,-0.00047882611,-0.01764195
0.017999999,-0.00048925227,-0.017823618
0.018100001,-0.00049984467,-0.018006109
0.018200001,-0.00051060505,-0.018189425
0.018300001,-0.00052153511,-0.018373564
0.0184,-0.00053263648,-0.018558525
0.0185,-0.00054391095,-0.018744309
0.0186,-0.00055536022,-0.01893091
0.0187,-0.00056698598,-0.019118333
0.0188,-0.00057878991,-0.019306574
0.0189,-0.00059077388,-0.019495632
0.018999999,-0.00060293957,-0.019685507
0.019099999,-0.00061528868,-0.019876199
0.019200001,-0.00062782306,-0.020067705
0.019300001,-0.00064054434,-0.020260025
0.019400001,-0.00065345445,-0.020453157
0.0195,-0.00066655508,-0.020647103
0.0196,-0.00067984808,-0.020841859
0.0197,-0.00069333514,-0.021037426
0.0198,-0.00070701813,-0.021233803
0.0199,-0.00072089885,-0.021430988
0.02,-0.00073497911,-0.021628981
0.020099999,-0.00074926071,-0.021827782
0.020199999,-0.00076374551,-0.022027388
0.020300001,-0.00077843532,-0.022227798
0.020400001,-0.000793332,-0.022429014
0.020500001,-0.00080843741,-0.022631032
0.0206,-0.00082375336,-0.022833854
0.0207,-0.00083928177,-0.023037476
0.0208,-0.00085502444,-0.0232419
0.0209,-0.00087098335,-0.023447122
0.021,-0.00088716066,-0.023653153
0.0211,-0.00090355793,-0.023859981
0.021199999,-0.00092017715,-0.024067609
0.021299999,-0.00093702017,-0.024276033
0.021400001,-0.00095408893,-0.024485255
0.021500001,-0.00097138534,-0.024695273
0.021600001,-0.00098891126,-0.024906086
0.0217,-0.0010066688,-0.025117693
0.0218,-0.0010246597,-0.025330093
0.0219,-0.0010428861,-0.025543287
0.022,-0.0010613498,-0.025757272
0.0221,-0.0010800528,-0.02597205
0.0222,-0.0010989972,-0.026187615
0.022299999,-0.0011181848,-0.026403973
0.022399999,-0.0011376175,-0.026621118
0.022500001,-0.0011572976,-0.026839051
0.022600001,-0.001177227,-0.027057771
0.022700001,-0.0011974075,-0.027277278
0.0228,-0.0012178413,-0.027497571
0.0229,-0.0012385304,-0.027718648
0.023,-0.0012594768,-0.02794051
0.0231,-0.0012806825,-0.028163154
0.0232,-0.0013021496,-0.028386582
0.0233,-0.00132388,-0.02861079
0.023399999,-0.0013458759,-0.028835779
0.023499999,-0.0013681394,-0.029061548
0.023600001,-0.0013906724,-0.029288096
0.023700001,-0.0014134771,-0.029515423
0.023800001,-0.0014365554,-0.029743528
0.0239,-0.0014599095,-0.02997241
0.024,-0.0014835414,-0.03020207
0.0241,-0.0015074533,-0.030432507
0.0242,-0.0015316472,-0.030663718
0.0243,-0.0015561252,-0.030895703
0.0244,-0.0015808897,-0.031128461
0.024499999,-0.0016059424,-0.03136199
0.024599999,-0.0016312858,-0.031596292
0.024700001,-0.0016569218,-0.031831365
0.024800001,-0.0016828526,-0.032067209
0.024900001,-0.0017090803,-0.032303821
0.025,-0.0017356073,-0.032541201
0.0251,-0.0017624354,-0.032779351
0.0252,-0.0017895669,-0.033018265
0.0253,-0.0018170042,-0.033257946
0.0254,-0.0018447492,-0.033498392
0.0255,-0.0018728041,-0.0337396
0.025599999,-0.0019011713,-0.033981577
0.025699999,-0.0019298528,-0.034224313
0.025800001,-0.0019588508,-0.034467809
0.025900001,-0.0019881676,-0.034712069
0.026000001,-0.0020178056,-0.034957089
0.0261,-0.0020477665,-0.035202865
0.0262,-0.0020780531,-0.035449404
0.0263,-0.002108667,-0.035696696
0.0264,-0.0021396112,-0.035944749
0.0265,-0.0021708875,-0.036193553
0.0266,-0.002202498,-0.036443118
0.026699999,-0.0022344454,-0.036693431
0.026799999,-0.0022667316,-0.036944501
0.026900001,-0.0022993593,-0.037196331
0.027000001,-0.0023323302,-0.037448909
0.027100001,-0.0023656471,-0.037702244
0.0272,-0.0023993119,-0.037956323
0.0273,-0.002433327,-0.038211156
0.0274,-0.0024676952,-0.038466737
0.0275,-0.0025024179,-0.038723066
0.0276,-0.002537498,-0.038980141
0.0277,-0.0025729379,-0.039237965
0.027799999,-0.0026087398,-0.039496534
0.027899999,-0.0026449056,-0.039755847
0.028000001,-0.0026814383,-0.040015902
0.028100001,-0.0027183399,-0.040276702
0.028200001,-0.0027556128,-0.040538244
0.0283,-0.0027932595,-0.040800527
0.0284,-0.0028312819,-0.041063551
0.0285,-0.0028696829,-0.041327313
0.0286,-0.0029084648,-0.041591816
0.0287,-0.0029476297,-0.041857053
0.0288,-0.0029871799,-0.042123031
0.028899999,-0.0030271183,-0.042389739
0.028999999,-0.0030674471,-0.042657185
0.029100001,-0.0031081685,-0.042925365
0.029200001,-0.003149285,-0.043194279
0.029300001,-0.0031907992,-0.043463923
0.0294,-0.0032327133,-0.043734301
0.0295,-0.0032750298,-0.044005405
0.0296,-0.0033177512,-0.044277243
0.0297,-0.0033608798,-0.044549808
0.0298,-0.003404418,-0.044823099
0.029899999,-0.0034483681,-0.04509712
0.029999999,-0.003492733,-0.045371868
0.030099999,-0.0035375147,-0.045647338
0.030200001,-0.0035827162,-0.045923531
0.030300001,-0.0036283396,-0.046200451
0.030400001,-0.0036743875,-0.046478093
0.0305,-0.0037208621,-0.046756454
0.0306,-0.0037677663,-0.047035534
0.0307,-0.0038151024,-0.047315333
0.0308,-0.003862873,-0.047595851
0.0309,-0.0039110803,-0.047877088
0.030999999,-0.003959727,-0.048159037
0.031099999,-0.0040088161,-0.048441704
0.031199999,-0.0040583489,-0.048725083
0.031300001,-0.0041083293,-0.049009178
0.031399999,-0.004158759,-0.049293984
0.031500001,-0.0042096409,-0.049579501
0.031599998,-0.0042609773,-0.049865726
0.0317,-0.0043127709,-0.050152663
0.031800002,-0.0043650237,-0.050440304
0.0319,-0.0044177393,-0.050728656
0.032000002,-0.0044709197,-0.051017709
0.032099999,-0.0045245672,-0.05130747
0.032200001,-0.0045786849,-0.051597934
0.032299999,-0.0046332749,-0.051889099
0.032400001,-0.0046883402,-0.052180968
0.032499999,-0.0047438829,-0.052473538
0.032600001,-0.0047999062,-0.052766804
0.032699998,-0.0048564123,-0.05306077
0.0328,-0.0049134037,-0.053355433
0.032900002,-0.0049708826,-0.053650793
0.033,-0.0050288527,-0.053946845
0.033100002,-0.0050873156,-0.054243594
0.033199999,-0.0051462748,-0.054541036
0.033300001,-0.0052057323,-0.054839168
0.033399999,-0.0052656909,-0.055137988
0.033500001,-0.0053261532,-0.055437502
0.033599999,-0.0053871223,-0.0557377
0.0337,-0.0054486003,-0.056038588
0.033799998,-0.00551059,-0.056340158
0.0339,-0.0055730939,-0.056642417
0.034000002,-0.0056361151,-0.056945354
0.0341,-0.005699656,-0.057248976
0.034200002,-0.0057637189,-0.05755328
0.034299999,-0.005828307,-0.057858262
0.034400001,-0.0058934228,-0.058163922
0.034499999,-0.0059590694,-0.05847026
0.034600001,-0.0060252487,-0.058777273
0.034699999,-0.006091964,-0.059084963
0.0348,-0.0061592176,-0.059393324
0.034899998,-0.0062270123,-0.059702359
0.035,-0.0062953508,-0.060012061
0.035100002,-0.0063642361,-0.060322437
0.0352,-0.0064336709,-0.060633481
0.035300002,-0.0065036574,-0.060945187
0.035399999,-0.0065741991,-0.061257564
0.035500001,-0.0066452976,-0.061570603
0.035599999,-0.0067169569,-0.061884306
0.035700001,-0.0067891786,-0.062198669
0.035799999,-0.0068619656,-0.062513694
0.0359,-0.0069353213,-0.062829383
0.035999998,-0.0070092482,-0.063145719
0.0361,-0.0070837489,-0.063462719
0.036200002,-0.0071588261,-0.063780375
0.0363,-0.0072344826,-0.064098686
0.036400001,-0.0073107211,-0.064417645
0.036499999,-0.007387545,-0.064737253
0.036600001,-0.007464956,-0.065057516
0.036699999,-0.007542958,-0.065378428
0.036800001,-0.0076215533,-0.06569998
0.036899999,-0.0077007441,-0.06602218
0.037,-0.0077805342,-0.066345029
0.037099998,-0.007860926,-0.06666851
0.0372,-0.0079419212,-0.06699264
0.037300002,-0.0080235247,-0.067317404
0.0374,-0.0081057381,-0.067642808
0.037500001,-0.0081885634,-0.067968853
0.037599999,-0.0082720052,-0.068295531
0.037700001,-0.0083560655,-0.068622835
0.037799999,-0.0084407469,-0.06895078
0.037900001,-0.0085260523,-0.06927935
0.037999999,-0.0086119846,-0.069608554
0.0381,-0.0086985463,-0.069938377
0.038199998,-0.0087857414,-0.070268832
0.0383,-0.0088735707,-0.070599906
0.038400002,-0.0089620389,-0.070931613
0.0385,-0.0090511488,-0.071263932
0.038600001,-0.0091409022,-0.071596868
0.038699999,-0.009231302,-0.071930431
0.038800001,-0.0093223508,-0.072264604
0.038899999,-0.0094140526,-0.072599396
0.039000001,-0.0095064091,-0.072934806
0.039099999,-0.009599424,-0.07327082
0.0392,-0.0096931001,-0.073607445
0.039299998,-0.0097874403,-0.07394468
0.0394,-0.0098824473,-0.07428252
0.039500002,-0.009978123,-0.074620962
0.0396,-0.010074472,-0.074960008
0.039700001,-0.010171496,-0.075299658
0.039799999,-0.010269199,-0.075639911
0.039900001,-0.010367583,-0.075980753
0.039999999,-0.01046665,-0.076322198
0.040100001,-0.010566405,-0.076664239
0.040199999,-0.01066685,-0.077006869
0.0403,-0.010767987,-0.077350087
0.040399998,-0.01086982,-0.077693902
0.0405,-0.010972352,-0.078038298
0.040600002,-0.011075584,-0.078383282
0.0407,-0.011179522,-0.078728847
0.040800001,-0.011284166,-0.079075001
0.040899999,-0.011389521,-0.079421729
0.041000001,-0.011495589,-0.079769038
0.041099999,-0.011602373,-0.080116928
0.041200001,-0.011709876,-0.080465384
0.041299999,-0.011818102,-0.080814414
0.0414,-0.011927051,-0.081164017
0.041499998,-0.012036729,-0.081514195
0.0416,-0.012147136,-0.081864931
0.041700002,-0.012258277,-0.08221624
0.0418,-0.012370155,-0.082568109
0.041900001,-0.012482772,-0.082920536
0.041999999,-0.012596131,-0.08327353
0.042100001,-0.012710236,-0.083627075
0.042199999,-0.012825089,-0.083981179
0.042300001,-0.012940693,-0.084335834
0.042399999,-0.013057051,-0.084691048
0.0425,-0.013174166,-0.085046805
0.042599998,-0.013292042,-0.085403107
0.0427,-0.01341068,-0.08575996
0.042800002,-0.013530085,-0.086117357
0.0429,-0.013650258,-0.08647529
0.043000001,-0.013771203,-0.086833768
0.043099999,-0.013892923,-0.087192781
0.043200001,-0.01401542,-0.087552331
0.043299999,-0.0141387,-0.08791241
0.043400001,-0.014262762,-0.088273019
0.043499999,-0.01438761,-0.088634163
0.0436,-0.01451325,-0.088995829
0.043699998,-0.014639681,-0.089358024
0.0438,-0.014766908,-0.089720741
0.043900002,-0.014894933,-0.090083979
0.044,-0.015023761,-0.090447731
0.044100001,-0.015153393,-0.090811998
0.044199999,-0.015283832,-0.091176786
0.044300001,-0.015415083,-0.09154208
0.044399999,-0.015547146,-0.091907881
0.044500001,-0.015680026,-0.092274196
0.044599999,-0.015813725,-0.092641011
0.0447,-0.015948245,-0.093008332
0.044799998,-0.016083593,-0.093376152
0.0449,-0.016219767,-0.093744472
0.045000002,-0.016356774,-0.094113283
0.0451,-0.016494615,-0.094482586
0.045200001,-0.016633293,-0.094852388
0.045299999,-0.01677281,-0.095222674
0.045400001,-0.016913172,-0.095593445
0.045499999,-0.017054379,-0.0959647
0.045600001,-0.017196437,-0.096336439
0.045699999,-0.017339347,-0.096708655
0.0458,-0.017483111,-0.097081348
0.045899998,-0.017627735,-0.097454518
0.046,-0.017773218,-0.097828157
0.046100002,-0.017919566,-0.098202266
0.0462,-0.018066783,-0.098576844
0.046300001,-0.018214868,-0.098951884
0.046399999,-0.018363828,-0.099327385
0.046500001,-0.018513665,-0.099703349
0.046599999,-0.018664379,-0.10007977
0.046700001,-0.018815976,-0.10045664
0.046799999,-0.018968459,-0.10083397
0.0469,-0.019121829,-0.10121174
0.046999998,-0.019276092,-0.10158996
0.0471,-0.019431248,-0.10196863
0.047200002,-0.019587301,-0.10234774
0.0473,-0.019744255,-0.10272728
0.047400001,-0.019902112,-0.10310727
0.047499999,-0.020060875,-0.10348768
0.047600001,-0.020220546,-0.10386853
0.047699999,-0.02038113,-0.10424981
0.047800001,-0.020542629,-0.10463151
0.047899999,-0.020705046,-0.10501363
0.048,-0.020868385,-0.10539617
0.048099998,-0.021032648,-0.10577913
0.0482,-0.021197837,-0.10616251
0.048300002,-0.021363957,-0.10654631
0.0484,-0.02153101,-0.1069305
0.048500001,-0.021698998,-0.10731511
0.048599999,-0.021867927,-0.10770012
0.048700001,-0.022037797,-0.10808552
0.048799999,-0.022208612,-0.10847133
0.048900001,-0.022380374,-0.10885753
0.048999999,-0.02255309,-0.10924413
0.0491,-0.022726757,-0.10963111
0.049199998,-0.022901382,-0.11001848
0.0493,-0.023076968,-0.11040623
0.049400002,-0.023253517,-0.11079437
0.0495,-0.023431031,-0.11118288
0.049600001,-0.023609515,-0.11157177
0.049699999,-0.02378897,-0.11196103
0.049800001,-0.023969401,-0.11235066
0.049899999,-0.024150807,-0.11274065
0.050000001,-0.024333198,-0.11313101
0.050099999,-0.024516569,-0.11352172
0.0502,-0.02470093,-0.1139128
0.050299998,-0.024886278,-0.11430423
0.0504,-0.025072621,-0.11469601
0.050500002,-0.025259959,-0.11508814
0.0506,-0.025448294,-0.1154806
0.050700001,-0.025637632,-0.11587342
0.050799999,-0.025827974,-0.11626657
0.050900001,-0.026019322,-0.11666005
0.050999999,-0.026211683,-0.11705387
0.051100001,-0.026405055,-0.11744802
0.051199999,-0.026599444,-0.11784249
0.0513,-0.026794853,-0.11823729
0.051399998,-0.026991284,-0.1186324
0.0515,-0.027188741,-0.11902783
0.051600002,-0.027387224,-0.11942357
0.0517,-0.02758674,-0.11981963
0.051800001,-0.027787289,-0.12021598
0.051899999,-0.027988875,-0.12061264
0.052000001,-0.028191501,-0.1210096
0.052099999,-0.02839517,-0.12140686
0.052200001,-0.028599884,-0.12180441
0.052299999,-0.028805647,-0.12220225
0.0524,-0.029012462,-0.12260037
0.052499998,-0.029220331,-0.12299878
0.0526,-0.029429259,-0.12339747
0.052700002,-0.029639244,-0.12379643
0.0528,-0.029850295,-0.12419567
0.052900001,-0.030062411,-0.12459517
0.052999999,-0.030275596,-0.12499494
0.053100001,-0.030489855,-0.12539497
0.053199999,-0.030705186,-0.12579526
0.053300001,-0.030921595,-0.1261958
0.053399999,-0.031139085,-0.1265966
0.0535,-0.031357657,-0.12699765
0.053599998,-0.031577319,-0.12739894
0.0537,-0.031798065,-0.12780046
0.053800002,-0.032019906,-0.12820223
0.0539,-0.032242842,-0.12860423
0.054000001,-0.032466874,-0.12900646
0.054099999,-0.032692008,-0.12940891
0.054200001,-0.032918245,-0.1298116
0.054299999,-0.033145588,-0.1302145
0.054400001,-0.033374038,-0.1306176
0.054499999,-0.033603605,-0.13102093
0.0546,-0.033834282,-0.13142446
0.054699998,-0.034066077,-0.13182819
0.0548,-0.034298997,-0.13223213
0.054900002,-0.034533039,-0.13263626
0.055,-0.034768205,-0.13304058
0.055100001,-0.0350045,-0.1334451
0.055199999,-0.035241928,-0.1338498
0.055300001,-0.035480488,-0.13425466
0.055399999,-0.035720188,-0.13465972
0.055500001,-0.035961028,-0.13506496
0.055599999,-0.036203012,-0.13547035
0.0557,-0.036446139,-0.13587591
0.055799998,-0.036690414,-0.13628164
0.0559,-0.036935844,-0.13668752
0.056000002,-0.037182424,-0.13709354
0.0561,-0.037430163,-0.13749973
0.056200001,-0.037679065,-0.13790606
0.056299999,-0.037929125,-0.13831253
0.056400001,-0.038180351,-0.13871914
0.056499999,-0.038432743,-0.13912588
0.056600001,-0.038686305,-0.13953274
0.056699999,-0.038941044,-0.13993974
0.0568,-0.039196957,-0.14034685
0.056899998,-0.039454047,-0.14075409
0.057,-0.039712321,-0.14116144
0.057100002,-0.039971776,-0.14156888
0.0572,-0.04023242,-0.14197645
0.057300001,-0.040494256,-0.14238411
0.057399999,-0.04075728,-0.14279185
0.057500001,-0.0410215,-0.1431997
0.057599999,-0.041286916,-0.14360763
0.057700001,-0.041553535,-0.14401565
0.057799999,-0.041821357,-0.14442374
0.0579,-0.042090382,-0.14483191
0.057999998,-0.042360615,-0.14524014
0.0581,-0.042632062,-0.14564845
0.058200002,-0.04290472,-0.14605682
0.0583,-0.043178596,-0.14646524
0.058400001,-0.04345369,-0.14687371
0.058499999,-0.043730002,-0.14728223
0.058600001,-0.044007543,-0.1476908
0.058699999,-0.044286307,-0.14809941
0.058800001,-0.044566303,-0.14850804
0.058899999,-0.044847529,-0.14891671
0.059,-0.045129988,-0.1493254
0.059099998,-0.045413688,-0.14973412
0.0592,-0.045698624,-0.15014285
0.059300002,-0.045984801,-0.1505516
0.0594,-0.046272222,-0.15096034
0.059500001,-0.046560891,-0.15136909
0.059599999,-0.046850812,-0.15177785
0.059700001,-0.04714198,-0.1521866
0.059799999,-0.047434408,-0.15259534
0.059900001,-0.047728088,-0.15300405
0.059999999,-0.04802303,-0.15341274
0.0601,-0.048319235,-0.15382142
0.060199998,-0.048616704,-0.15423007
0.0603,-0.048915438,-0.15463868
0.060400002,-0.049215443,-0.15504724
0.0605,-0.049516719,-0.15545577
0.060600001,-0.049819272,-0.15586424
0.060699999,-0.050123099,-0.15627266
0.060800001,-0.050428204,-0.15668102
0.060899999,-0.050734594,-0.15708932
0.061000001,-0.051042266,-0.15749754
0.061099999,-0.051351223,-0.1579057
0.0612,-0.051661473,-0.15831378
0.061299998,-0.051973011,-0.15872177
0.0614,-0.052285843,-0.15912968
0.061500002,-0.052599974,-0.15953748
0.0616,-0.052915398,-0.15994519
0.061700001,-0.053232126,-0.16035281
0.061799999,-0.053550158,-0.1607603
0.061900001,-0.053869493,-0.1611677
0.061999999,-0.054190136,-0.16157496
0.062100001,-0.054512091,-0.1619821
0.062199999,-0.054835357,-0.16238911
0.0623,-0.055159934,-0.16279599
0.062399998,-0.05548583,-0.16320273
0.0625,-0.055813044,-0.16360934
0.062600002,-0.056141581,-0.16401578
0.062700003,-0.056471441,-0.16442208
0.062799998,-0.056802627,-0.16482821
0.062899999,-0.057135139,-0.16523418
0.063000001,-0.057468984,-0.16563998
0.063100003,-0.05780416,-0.16604559
0.063199997,-0.058140669,-0.16645104
0.063299999,-0.058478516,-0.16685629
0.0634,-0.0588177,-0.16726135
0.063500002,-0.059158228,-0.16766621
0.063600004,-0.059500098,-0.16807088
0.063699998,-0.059843313,-0.16847533
0.0638,-0.060187872,-0.16887957
0.063900001,-0.060533784,-0.1692836
0.064000003,-0.060881048,-0.16968739
0.064099997,-0.061229665,-0.17009096
0.064199999,-0.061579637,-0.17049429
0.064300001,-0.061930969,-0.17089738
0.064400002,-0.062283661,-0.17130023
0.064499997,-0.062637709,-0.17170282
0.064599998,-0.062993132,-0.17210516
0.0647,-0.06334991,-0.17250723
0.064800002,-0.063708059,-0.17290904
0.064900003,-0.06406758,-0.17331056
0.064999998,-0.064428478,-0.17371181
0.065099999,-0.064790741,-0.17411277
0.065200001,-0.065154381,-0.17451344
0.065300003,-0.0655194,-0.17491381
0.065399997,-0.065885797,-0.17531389
0.065499999,-0.06625358,-0.17571364
0.0656,-0.066622742,-0.1761131
0.065700002,-0.066993296,-0.17651223
0.065800004,-0.067365229,-0.17691103
0.065899998,-0.067738555,-0.1773095
0.066,-0.068113267,-0.17770763
0.066100001,-0.06848938,-0.17810541
0.066200003,-0.068866886,-0.17850286
0.066299997,-0.069245785,-0.17889993
0.066399999,-0.069626078,-0.17929666
0.066500001,-0.070007779,-0.17969301
0.066600002,-0.07039088,-0.180089
0.066699997,-0.070775382,-0.18048459
0.066799998,-0.071161292,-0.18087982
0.0669,-0.071548603,-0.18127464
0.067000002,-0.07193733,-0.18166906
0.067100003,-0.072327465,-0.18206309
0.067199998,-0.072719008,-0.1824567
0.067299999,-0.073111966,-0.1828499
0.067400001,-0.07350634,-0.18324268
0.067500003,-0.073902138,-0.18363503
0.067599997,-0.074299343,-0.18402694
0.067699999,-0.074697979,-0.18441841
0.0678,-0.07509803,-0.18480943
0.067900002,-0.075499505,-0.18520001
0.068000004,-0.075902402,-0.18559013
0.068099998,-0.076306731,-0.18597978
0.0682,-0.076712482,-0.18636896
0.068300001,-0.077119663,-0.18675765
0.068400003,-0.077528283,-0.18714587
0.068499997,-0.077938326,-0.1875336
0.068599999,-0.078349806,-0.18792082
0.068700001,-0.078762725,-0.18830755
0.068800002,-0.079177074,-0.18869378
0.068899997,-0.079592861,-0.18907946
0.068999998,-0.080010094,-0.18946464
0.0691,-0.080428764,-0.1898493
0.069200002,-0.08084888,-0.19023341
0.069300003,-0.081270434,-0.19061698
0.069399998,-0.081693433,-0.191
0.069499999,-0.082117878,-0.19138247
0.069600001,-0.082543775,-0.19176437
0.069700003,-0.082971118,-0.19214571
0.069799997,-0.083399914,-0.19252647
0.069899999,-0.083830155,-0.19290665
0.07,-0.084261857,-0.19328624
0.070100002,-0.084695004,-0.19366525
0.070200004,-0.085129611,-0.19404364
0.070299998,-0.085565671,-0.19442143
0.0704,-0.086003192,-0.1947986
0.070500001,-0.086442173,-0.19517516
0.070600003,-0.086882606,-0.19555108
0.070699997,-0.0873245,-0.19592637
0.070799999,-0.087767862,-0.19630101
0.070900001,-0.088212684,-0.196675
0.071000002,-0.088658966,-0.19704835
0.071099997,-0.089106716,-0.19742103
0.071199998,-0.089555934,-0.19779304
0.0713,-0.090006612,-0.19816437
0.071400002,-0.090458766,-0.19853503
0.071500003,-0.090912387,-0.19890499
0.071599998,-0.091367468,-0.19927426
0.071699999,-0.091824032,-0.19964281
0.071800001,-0.092282057,-0.20001066
0.071900003,-0.092741564,-0.20037779
0.071999997,-0.093202539,-0.2007442
0.072099999,-0.093664989,-0.20110987
0.0722,-0.094128914,-0.20147482
0.072300002,-0.094594315,-0.201839
0.072400004,-0.09506119,-0.20220244
0.072499998,-0.095529541,-0.20256512
0.0726,-0.095999375,-0.20292702
0.072700001,-0.096470684,-0.20328815
0.072800003,-0.096943475,-0.20364851
0.072899997,-0.097417742,-0.20400807
0.072999999,-0.097893491,-0.20436683
0.073100001,-0.098370723,-0.20472479
0.073200002,-0.098849438,-0.20508195
0.073299997,-0.099329628,-0.20543829
0.073399998,-0.099811308,-0.2057938
0.0735,-0.10029447,-0.20614846
0.073600002,-0.10077912,-0.2065023
0.073700003,-0.10126524,-0.2068553
0.073799998,-0.10175286,-0.20720743
0.073899999,-0.10224196,-0.20755871
0.074000001,-0.10273255,-0.20790911
0.074100003,-0.10322462,-0.20825863
0.074199997,-0.10371818,-0.20860727
0.074299999,-0.10421323,-0.20895502
0.0744,-0.10470977,-0.20930187
0.074500002,-0.10520779,-0.20964782
0.074600004,-0.1057073,-0.20999284
0.074699998,-0.10620829,-0.21033695
0.0748,-0.10671078,-0.21068013
0.074900001,-0.10721476,-0.21102238
0.075000003,-0.10772023,-0.21136367
0.075099997,-0.10822719,-0.21170402
0.075199999,-0.10873563,-0.2120434
0.075300001,-0.10924557,-0.21238181
0.075400002,-0.10975699,-0.21271926
0.075499997,-0.1102699,-0.21305571
0.075599998,-0.11078431,-0.21339118
0.0757,-0.11130021,-0.21372566
0.075800002,-0.11181759,-0.21405911
0.075900003,-0.11233646,-0.21439157
0.075999998,-0.11285683,-0.21472301
0.076099999,-0.11337869,-0.21505341
0.076200001,-0.11390203,-0.21538277
0.076300003,-0.11442687,-0.21571109
0.076399997,-0.11495319,-0.21603835
0.076499999,-0.115481,-0.21636456
0.0766,-0.11601031,-0.21668969
0.076700002,-0.1165411,-0.21701376
0.076800004,-0.11707339,-0.21733673
0.076899998,-0.11760715,-0.21765862
0.077,-0.11814242,-0.2179794
0.077100001,-0.11867917,-0.21829908
0.077200003,-0.1192174,-0.21861765
0.077299997,-0.11975712,-0.21893507
0.077399999,-0.12029834,-0.21925138
0.077500001,-0.12084103,-0.21956655
0.077600002,-0.12138522,-0.21988057
0.077699997,-0.1219309,-0.22019342
0.077799998,-0.12247805,-0.22050512
0.0779,-0.12302669,-0.22081564
0.078000002,-0.12357682,-0.22112498
0.078100003,-0.12412843,-0.22143313
0.078199998,-0.12468152,-0.2217401
0.078299999,-0.12523611,-0.22204584
0.078400001,-0.12579216,-0.22235039
0.078500003,-0.1263497,-0.2226537
0.078599997,-0.12690872,-0.22295579
0.078699999,-0.12746923,-0.22325663
0.0788,-0.12803121,-0.22355625
0.078900002,-0.12859467,-0.22385459
0.079000004,-0.12915961,-0.22415169
0.079099998,-0.12972602,-0.2244475
0.0792,-0.13029392,-0.22474204
0.079300001,-0.13086328,-0.22503528
0.079400003,-0.13143413,-0.22532724
0.079499997,-0.13200644,-0.22561789
0.079599999,-0.13258024,-0.22590722
0.079700001,-0.13315549,-0.22619525
0.079800002,-0.13373223,-0.22648193
0.079899997,-0.13431042,-0.22676727
0.079999998,-0.13489009,-0.22705127
0.0801,-0.13547122,-0.22733392
0.080200002,-0.13605383,-0.22761521
0.080300003,-0.1366379,-0.22789513
0.080399998,-0.13722344,-0.22817364
0.080499999,-0.13781042,-0.22845079
0.080600001,-0.13839889,-0.22872654
0.080700003,-0.13898881,-0.22900088
0.080799997,-0.13958018,-0.2292738
0.080899999,-0.14017302,-0.2295453
0.081,-0.14076731,-0.22981536
0.081100002,-0.14136304,-0.230084
0.081200004,-0.14196025,-0.23035118
0.081299998,-0.14255889,-0.23061691
0.0814,-0.143159,-0.23088117
0.081500001,-0.14376055,-0.23114395
0.081600003,-0.14436354,-0.23140524
0.081699997,-0.14496799,-0.23166505
0.081799999,-0.14557387,-0.23192336
0.081900001,-0.1461812,-0.23218015
0.082000002,-0.14678997,-0.23243544
0.082099997,-0.14740019,-0.23268919
0.082199998,-0.14801183,-0.2329414
0.0823,-0.14862491,-0.23319207
0.082400002,-0.14923944,-0.23344119
0.082500003,-0.14985538,-0.23368874
0.082599998,-0.15047276,-0.23393472
0.082699999,-0.15109158,-0.23417912
0.082800001,-0.15171181,-0.23442194
0.082900003,-0.15233347,-0.23466316
0.082999997,-0.15295655,-0.23490277
0.083099999,-0.15358105,-0.23514076
0.0832,-0.15420698,-0.23537713
0.083300002,-0.1548343,-0.23561186
0.083400004,-0.15546305,-0.23584495
0.083499998,-0.15609322,-0.2360764
0.0836,-0.1567248,-0.23630618
0.083700001,-0.15735778,-0.2365343
0.083800003,-0.15799217,-0.23676072
0.083899997,-0.15862796,-0.23698547
0.083999999,-0.15926515,-0.23720853
0.084100001,-0.15990373,-0.23742987
0.084200002,-0.16054372,-0.23764952
0.084299996,-0.1611851,-0.23786741
0.084399998,-0.16182786,-0.2380836
0.0845,-0.16247202,-0.23829804
0.084600002,-0.16311757,-0.23851073
0.084700003,-0.16376451,-0.23872165
0.084799998,-0.16441281,-0.23893081
0.084899999,-0.1650625,-0.23913819
0.085000001,-0.16571356,-0.23934378
0.085100003,-0.166366,-0.23954758
0.085199997,-0.1670198,-0.23974958
0.085299999,-0.16767499,-0.23994975
0.0854,-0.16833152,-0.24014811
0.085500002,-0.16898942,-0.24034463
0.085600004,-0.16964868,-0.24053931
0.085699998,-0.17030931,-0.24073215
0.0858,-0.17097127,-0.24092311
0.085900001,-0.17163458,-0.24111222
0.086000003,-0.17229925,-0.24129944
0.086099997,-0.17296526,-0.24148476
0.086199999,-0.17363262,-0.24166821
0.086300001,-0.17430131,-0.24184974
0.086400002,-0.17497133,-0.24202935
0.086499996,-0.17564268,-0.24220704
0.086599998,-0.17631537,-0.24238279
0.0867,-0.17698938,-0.2425566
0.086800002,-0.17766471,-0.24272847
0.086900003,-0.17834136,-0.24289837
0.086999997,-0.17901932,-0.2430663
0.087099999,-0.17969859,-0.24323224
0.087200001,-0.18037917,-0.24339619
0.087300003,-0.18106106,-0.24355815
0.087399997,-0.18174425,-0.2437181
0.087499999,-0.18242873,-0.24387604
0.0876,-0.18311451,-0.24403194
0.087700002,-0.18380158,-0.24418581
0.087800004,-0.18448994,-0.24433762
0.087899998,-0.18517958,-0.24448739
0.088,-0.18587048,-0.24463509
0.088100001,-0.18656267,-0.24478072
0.088200003,-0.18725614,-0.24492425
0.088299997,-0.18795086,-0.2450657
0.088399999,-0.18864685,-0.24520504
0.088500001,-0.18934411,-0.24534228
0.088600002,-0.19004261,-0.24547739
0.088699996,-0.19074237,-0.24561037
0.088799998,-0.19144338,-0.2457412
0.0889,-0.19214563,-0.2458699
0.089000002,-0.19284911,-0.24599643
0.089100003,-0.19355384,-0.2461208
0.089199997,-0.19425978,-0.24624297
0.089299999,-0.19496696,-0.24636297
0.089400001,-0.19567536,-0.24648078
0.089500003,-0.19638497,-0.24659637
0.089599997,-0.1970958,-0.24670973
0.089699998,-0.19780783,-0.2468209
0.0898,-0.19852108,-0.24692981
0.089900002,-0.19923551,-0.24703647
0.090000004,-0.19995114,-0.2471409
0.090099998,-0.20066796,-0.24724305
0.0902,-0.20138597,-0.24734293
0.090300001,-0.20210516,-0.24744053
0.090400003,-0.20282553,-0.24753582
0.090499997,-0.20354706,-0.24762884
0.090599999,-0.20426977,-0.24771953
0.090700001,-0.20499364,-0.24780789
0.090800002,-0.20571865,-0.24789393
0.090899996,-0.20644483,-0.24797763
0.090999998,-0.20717214,-0.24805897
0.0911,-0.2079006,-0.24813797
0.091200002,-0.20863019,-0.24821459
0.091300003,-0.20936091,-0.24828884
0.091399997,-0.21009277,-0.24836069
0.091499999,-0.21082574,-0.24843015
0.091600001,-0.21155983,-0.2484972
0.091700003,-0.21229503,-0.24856183
0.091799997,-0.21303132,-0.24862404
0.091899998,-0.21376872,-0.24868381
0.092,-0.21450722,-0.24874115
0.092100002,-0.2152468,-0.24879602
0.092200004,-0.21598746,-0.24884842
0.092299998,-0.21672921,-0.24889837
0.092399999,-0.21747202,-0.24894582
0.092500001,-0.2182159,-0.24899077
0.092600003,-0.21896084,-0.24903324
0.092699997,-0.21970683,-0.24907318
0.092799999,-0.22045387,-0.24911061
0.092900001,-0.22120196,-0.24914549
0.093000002,-0.22195107,-0.24917784
0.093099996,-0.22270122,-0.24920765
0.093199998,-0.22345239,-0.2492349
0.0933,-0.22420458,-0.24925956
0.093400002,-0.22495779,-0.24928166
0.093500003,-0.225712,-0.24930117
0.093599997,-0.22646722,-0.24931806
0.093699999,-0.22722343,-0.24933237
0.093800001,-0.22798061,-0.24934405
0.093900003,-0.22873878,-0.2493531
0.093999997,-0.22949794,-0.24935952
0.094099998,-0.23025805,-0.24936329
0.0942,-0.23101914,-0.24936441
0.094300002,-0.23178117,-0.24936286
0.094400004,-0.23254415,-0.24935862
0.094499998,-0.23330808,-0.24935172
0.094599999,-0.23407294,-0.24934213
0.094700001,-0.23483872,-0.24932982
0.094800003,-0.23560543,-0.2493148
0.094899997,-0.23637305,-0.24929707
0.094999999,-0.23714159,-0.24927659
0.095100001,-0.23791103,-0.24925339
0.095200002,-0.23868136,-0.24922743
0.095299996,-0.23945257,-0.2491987
0.095399998,-0.24022467,-0.24916722
0.0955,-0.24099764,-0.24913296
0.095600002,-0.24177147,-0.2490959
0.095700003,-0.24254617,-0.24905604
0.095799997,-0.24332172,-0.24901338
0.095899999,-0.24409811,-0.2489679
0.096000001,-0.24487534,-0.24891961
0.096100003,-0.24565339,-0.24886847
0.096199997,-0.24643227,-0.24881448
0.096299998,-0.24721196,-0.24875765
0.0964,-0.24799247,-0.24869794
0.096500002,-0.24877377,-0.24863537
0.096600004,-0.24955586,-0.24856991
0.096699998,-0.25033873,-0.24850155
0.096799999,-0.25112239,-0.2484303
0.096900001,-0.25190681,-0.24835613
0.097000003,-0.25269198,-0.24827905
0.097099997,-0.2534779,-0.24819905
0.097199999,-0.25426459,-0.24811609
0.0973,-0.255052,-0.2480302
0.097400002,-0.25584015,-0.24794134
0.097499996,-0.25662902,-0.24784952
0.097599998,-0.25741857,-0.24775472
0.0977,-0.25820887,-0.24765694
0.097800002,-0.25899982,-0.24755616
0.097900003,-0.25979149,-0.24745239
0.097999997,-0.26058385,-0.2473456
0.098099999,-0.26137686,-0.24723579
0.098200001,-0.26217052,-0.24712294
0.098300003,-0.26296484,-0.24700706
0.098399997,-0.26375982,-0.24688813
0.098499998,-0.26455542,-0.24676614
0.0986,-0.26535165,-0.24664107
0.098700002,-0.26614851,-0.24651293
0.098800004,-0.26694596,-0.24638171
0.098899998,-0.26774403,-0.2462474
0.098999999,-0.26854268,-0.24610998
0.099100001,-0.26934192,-0.24596943
0.099200003,-0.27014172,-0.24582578
0.099299997,-0.27094212,-0.24567899
0.099399999,-0.27174303,-0.24552906
0.0995,-0.27254453,-0.24537598
0.099600002,-0.27334654,-0.24521974
0.099699996,-0.27414909,-0.24506032
0.099799998,-0.27495214,-0.24489775
0.0999,-0.27575573,-0.24473198
0.1,-0.2765598,-0.24456303
0.1001,-0.27736434,-0.24439086
0.1002,-0.27816939,-0.24421549
0.1003,-0.27897492,-0.2440369
0.1004,-0.27978089,-0.24385507
0.1005,-0.28058732,-0.24367
0.1006,-0.28139418,-0.2434817
0.1007,-0.2822015,-0.24329013
0.1008,-0.2830092,-0.24309529
0.1009,-0.28381735,-0.2428972
0.101,-0.28462589,-0.24269581
0.1011,-0.28543481,-0.24249113
0.1012,-0.28624412,-0.24228315
0.1013,-0.28705382,-0.24207187
0.1014,-0.28786385,-0.24185726
0.1015,-0.28867427,-0.24163935
0.1016,-0.28948498,-0.24141808
0.1017,-0.29029605,-0.24119347
0.1018,-0.29110745,-0.24096552
0.1019,-0.29191914,-0.2407342
0.102,-0.29273114,-0.24049951
0.1021,-0.29354343,-0.24026145
0.1022,-0.29435599,-0.24002001
0.1023,-0.29516882,-0.23977517
0.1024,-0.29598188,-0.23952693
0.1025,-0.29679522,-0.23927528
0.1026,-0.29760879,-0.23902021
0.1027,-0.29842257,-0.23876172
0.1028,-0.29923657,-0.23849979
0.1029,-0.30005077,-0.23823442
0.103,-0.30086514,-0.2379656
0.1031,-0.30167973,-0.23769331
0.1032,-0.30249447,-0.23741756
0.1033,-0.30330935,-0.23713833
0.1034,-0.30412439,-0.23685561
0.1035,-0.30493954,-0.23656942
0.1036,-0.30575484,-0.23627971
0.1037,-0.30657023,-0.2359865
0.1038,-0.30738574,-0.23568977
0.1039,-0.30820131,-0.23538952
0.104,-0.30901697,-0.23508573
0.1041,-0.30983269,-0.2347784
0.1042,-0.31064847,-0.23446752
0.1043,-0.31146428,-0.23415309
0.1044,-0.31228012,-0.2338351
0.1045,-0.31309599,-0.23351353
0.1046,-0.31391186,-0.23318839
0.1047,-0.31472769,-0.23285966
0.1048,-0.31554353,-0.23252733
0.1049,-0.31635931,-0.2321914
0.105,-0.31717506,-0.23185188
0.1051,-0.31799078,-0.23150872
0.1052,-0.31880638,-0.23116194
0.1053,-0.31962192,-0.23081152
0.1054,-0.32043737,-0.23045748
0.1055,-0.3212527,-0.23009978
0.1056,-0.32206792,-0.22973843
0.1057,-0.32288301,-0.22937343
0.1058,-0.32369795,-0.22900474
0.1059,-0.32451272,-0.22863238
0.106,-0.32532734,-0.22825634
0.1061,-0.32614174,-0.2278766
0.1062,-0.32695597,-0.22749318
0.1063,-0.32776996,-0.22710603
0.1064,-0.32858375,-0.22671519
0.1065,-0.32939729,-0.22632062
0.1066,-0.3302106,-0.22592233
0.1067,-0.33102363,-0.2255203
0.1068,-0.33183637,-0.22511454
0.1069,-0.33264884,-0.22470503
0.107,-0.33346102,-0.22429176
0.1071,-0.33427283,-0.22387473
0.1072,-0.33508435,-0.22345392
0.1073,-0.33589551,-0.22302936
0.1074,-0.33670631,-0.22260101
0.1075,-0.33751673,-0.22216886
0.1076,-0.33832678,-0.22173293
0.1077,-0.33913642,-0.22129321
0.1078,-0.33994564,-0.22084966
0.1079,-0.34075445,-0.22040232
0.108,-0.34156281,-0.21995115
0.1081,-0.34237069,-0.21949616
0.1082,-0.34317812,-0.21903732
0.1083,-0.34398505,-0.21857467
0.1084,-0.3447915,-0.21810816
0.1085,-0.34559742,-0.21763779
0.1086,-0.34640282,-0.21716358
0.1087,-0.34720767,-0.2166855
0.1088,-0.34801197,-0.21620356
0.1089,-0.34881568,-0.21571773
0.109,-0.34961882,-0.21522802
0.1091,-0.35042134,-0.21473444
0.1092,-0.35122326,-0.21423696
0.1093,-0.35202453,-0.21373557
0.1094,-0.35282516,-0.21323028
0.1095,-0.35362512,-0.21272109
0.1096,-0.35442442,-0.21220799
0.1097,-0.35522303,-0.21169096
0.1098,-0.35602093,-0.21117
0.1099,-0.35681808,-0.21064511
0.11,-0.35761452,-0.2101163
0.1101,-0.35841018,-0.20958352
0.1102,-0.3592051,-0.20904681
0.1103,-0.35999921,-0.20850615
0.1104,-0.36079255,-0.20796153
0.1105,-0.36158505,-0.20741294
0.1106,-0.36237672,-0.20686039
0.1107,-0.36316755,-0.20630388
0.1108,-0.36395752,-0.20574337
0.1109,-0.3647466,-0.20517889
0.111,-0.36553478,-0.20461042
0.1111,-0.36632207,-0.20403796
0.1112,-0.36710843,-0.20346151
0.1113,-0.36789384,-0.20288105
0.1114,-0.3686783,-0.20229658
0.1115,-0.36946177,-0.20170811
0.1116,-0.37024426,-0.20111562
0.1117,-0.37102574,-0.20051911
0.1118,-0.3718062,-0.19991858
0.1119,-0.37258559,-0.19931403
0.112,-0.37336397,-0.19870545
0.1121,-0.37414125,-0.19809282
0.1122,-0.37491742,-0.19747615
0.1123,-0.37569252,-0.19685544
0.1124,-0.37646648,-0.19623069
0.1125,-0.37723929,-0.19560188
0.1126,-0.37801096,-0.19496903
0.1127,-0.37878144,-0.19433211
0.1128,-0.37955073,-0.19369112
0.1129,-0.38031882,-0.19304606
0.113,-0.38108566,-0.19239695
0.1131,-0.38185129,-0.19174376
0.1132,-0.38261566,-0.1910865
0.1133,-0.38337874,-0.19042516
0.1134,-0.38414052,-0.18975973
0.1135,-0.38490102,-0.18909021
0.1136,-0.38566014,-0.18841662
0.1137,-0.38641796,-0.18773893
0.1138,-0.3871744,-0.18705712
0.1139,-0.38792944,-0.18637124
0.114,-0.38868311,-0.18568125
0.1141,-0.38943535,-0.18498717
0.1142,-0.39018613,-0.18428898
0.1143,-0.39093551,-0.18358667
0.1144,-0.39168337,-0.18288025
0.1145,-0.39242977,-0.18216972
0.1146,-0.39317465,-0.18145508
0.1147,-0.39391801,-0.18073632
0.1148,-0.39465982,-0.18001343
0.1149,-0.39540008,-0.17928644
0.115,-0.39613876,-0.17855531
0.1151,-0.39687583,-0.17782004
0.1152,-0.39761129,-0.17708066
0.1153,-0.39834511,-0.17633715
0.1154,-0.3990773,-0.1755895
0.1155,-0.39980781,-0.17483772
0.1156,-0.4005366,-0.17408182
0.1157,-0.40126371,-0.17332177
0.1158,-0.4019891,-0.17255759
0.1159,-0.40271273,-0.17178926
0.116,-0.4034346,-0.1710168
0.1161,-0.40415472,-0.17024019
0.1162,-0.40487298,-0.16945946
0.1163,-0.40558946,-0.16867457
0.1164,-0.40630409,-0.16788554
0.1165,-0.40701684,-0.16709235
0.1166,-0.40772775,-0.16629504
0.1167,-0.40843675,-0.16549356
0.1168,-0.40914384,-0.16468796
0.1169,-0.40984896,-0.16387819
0.117,-0.41055214,-0.16306429
0.1171,-0.41125336,-0.16224623
0.1172,-0.41195258,-0.16142403
0.1173,-0.41264981,-0.16059767
0.1174,-0.41334498,-0.15976718
0.1175,-0.41403809,-0.15893252
0.1176,-0.41472915,-0.15809374
0.1177,-0.41541812,-0.15725079
0.1178,-0.41610497,-0.15640371
0.1179,-0.41678968,-0.15555246
0.118,-0.41747224,-0.15469708
0.1181,-0.41815266,-0.15383755
0.1182,-0.41883087,-0.15297388
0.1183,-0.41950688,-0.15210606
0.1184,-0.42018065,-0.15123411
0.1185,-0.42085215,-0.15035802
0.1186,-0.42152143,-0.14947778
0.1187,-0.4221884,-0.1485934
0.1188,-0.42285305,-0.14770488
0.1189,-0.42351538,-0.14681223
0.119,-0.42417538,-0.14591545
0.1191,-0.42483297,-0.14501452
0.1192,-0.4254882,-0.14410947
0.1193,-0.42614099,-0.14320029
0.1194,-0.4267914,-0.14228699
0.1195,-0.4274393,-0.14136955
0.1196,-0.42808476,-0.14044799
0.1197,-0.42872772,-0.13952231
0.1198,-0.42936817,-0.13859251
0.1199,-0.43000609,-0.1376586
0.12,-0.43064144,-0.13672057
0.1201,-0.43127424,-0.13577843
0.1202,-0.43190441,-0.13483217
0.1203,-0.43253198,-0.13388181
0.1204,-0.43315694,-0.13292736
0.1205,-0.43377921,-0.1319688
0.1206,-0.4343988,-0.13100614
0.1207,-0.43501568,-0.13003938
0.1208,-0.43562984,-0.12906854
0.1209,-0.4362413,-0.12809362
0.121,-0.43684995,-0.12711461
0.1211,-0.43745586,-0.12613152
0.1212,-0.43805894,-0.12514435
0.1213,-0.43865919,-0.12415311
0.1214,-0.43925661,-0.12315781
0.1215,-0.43985116,-0.12215844
0.1216,-0.4404428,-0.12115502
0.1217,-0.44103155,-0.12014753
0.1218,-0.44161737,-0.119136
0.1219,-0.44220021,-0.11812042
0.122,-0.44278011,-0.1171008
0.1221,-0.44335699,-0.11607715
0.1222,-0.44393083,-0.11504946
0.1223,-0.44450167,-0.11401774
0.1224,-0.44506943,-0.112982
0.1225,-0.44563413,-0.11194225
0.1226,-0.44619569,-0.11089849
0.1227,-0.44675416,-0.10985073
0.1228,-0.44730946,-0.10879897
0.1229,-0.44786158,-0.1077432
0.123,-0.44841054,-0.10668346
0.1231,-0.44895625,-0.10561973
0.1232,-0.44949877,-0.10455202
0.1233,-0.45003799,-0.10348035
0.1234,-0.45057395,-0.10240471
0.1235,-0.45110661,-0.10132512
0.1236,-0.45163596,-0.10024157
0.1237,-0.45216197,-0.099154085
0.1238,-0.45268461,-0.098062657
0.1239,-0.45320386,-0.096967302
0.124,-0.45371971,-0.095868021
0.1241,-0.4542321,-0.094764829
0.1242,-0.45474106,-0.093657732
0.1243,-0.45524654,-0.092546731
0.1244,-0.45574853,-0.091431834
0.1245,-0.456247,-0.090313055
0.1246,-0.45674193,-0.089190394
0.1247,-0.45723331,-0.088063866
0.1248,-0.45772108,-0.086933471
0.1249,-0.45820525,-0.085799232
0.125,-0.45868579,-0.084661141
0.1251,-0.45916268,-0.083519213
0.1252,-0.45963591,-0.082373463
0.12530001,-0.46010542,-0.081223883
0.12540001,-0.46057123,-0.080070503
0.12549999,-0.46103328,-0.078913316
0.1256,-0.46149158,-0.077752337
0.1257,-0.46194607,-0.076587573
0.1258,-0.4623968,-0.075419039
0.1259,-0.46284366,-0.074246734
0.126,-0.46328667,-0.073070683
0.1261,-0.46372581,-0.071890883
0.12620001,-0.46416107,-0.070707344
0.12630001,-0.4645924,-0.069520079
0.12639999,-0.46501979,-0.068329096
0.1265,-0.46544322,-0.06713441
0.1266,-0.46586269,-0.065936036
0.1267,-0.46627814,-0.064733967
0.1268,-0.46668953,-0.063528232
0.1269,-0.46709689,-0.062318832
0.127,-0.46750018,-0.06110578
0.12710001,-0.46789935,-0.059889086
0.12720001,-0.46829444,-0.058668762
0.12729999,-0.46868536,-0.057444822
0.1274,-0.4690721,-0.056217272
0.1275,-0.46945468,-0.05498613
0.1276,-0.46983305,-0.053751402
0.1277,-0.47020718,-0.052513104
0.1278,-0.47057706,-0.051271249
0.1279,-0.47094265,-0.050025843
0.12800001,-0.47130394,-0.048776902
0.12809999,-0.47166094,-0.047524441
0.12819999,-0.47201356,-0.046268467
0.1283,-0.47236183,-0.045008998
0.1284,-0.47270569,-0.043746047
0.1285,-0.47304517,-0.042479623
0.1286,-0.47338021,-0.041209739
0.1287,-0.47371078,-0.039936412
0.1288,-0.47403687,-0.038659655
0.12890001,-0.47435847,-0.037379477
0.12899999,-0.47467557,-0.036095891
0.12909999,-0.4749881,-0.034808915
0.1292,-0.47529608,-0.033518564
0.1293,-0.47559947,-0.032224849
0.1294,-0.47589824,-0.030927787
0.1295,-0.47619238,-0.02962739
0.1296,-0.47648185,-0.028323675
0.12970001,-0.47676668,-0.027016655
0.12980001,-0.47704679,-0.025706345
0.12989999,-0.47732216,-0.024392761
0.13,-0.4775928,-0.023075918
0.1301,-0.47785866,-0.021755829
0.1302,-0.47811976,-0.020432513
0.1303,-0.47837603,-0.019105984
0.1304,-0.47862747,-0.017776258
0.1305,-0.47887406,-0.016443351
0.13060001,-0.47911575,-0.015107278
0.13070001,-0.47935256,-0.013768055
0.13079999,-0.47958443,-0.012425701
0.1309,-0.47981137,-0.01108023
0.131,-0.48003334,-0.0097316597
0.1311,-0.48025033,-0.008380007
0.1312,-0.48046231,-0.0070252884
0.1313,-0.48066926,-0.0056675212
0.1314,-0.48087114,-0.0043067229
0.13150001,-0.48106796,-0.0029429093
0.13160001,-0.48125967,-0.0015760931
0.13169999,-0.4814463,-0.00020629741
0.1318,-0.48162776,0.0011664601
0.1319,-0.48180407,0.0025421616
0.132,-0.4819752,0.0039207889
0.1321,-0.48214111,0.0053023235
0.1322,-0.4823018,0.0066867475
0.1323,-0.48245725,0.0080740415
0.13240001,-0.48260742,0.0094641875
0.13249999,-0.48275229,0.010857167
0.13259999,-0.48289189,0.012252959
0.1327,-0.48302612,0.013651547
0.1328,-0.48315501,0.01505291
0.1329,-0.48327851,0.016457029
0.133,-0.48339662,0.017863883
0.1331,-0.4835093,0.019273454
0.1332,-0.48361656,0.020685721
0.13330001,-0.48371834,0.022100667
0.13339999,-0.48381466,0.023518266
0.13349999,-0.48390546,0.0249385
0.1336,-0.48399073,0.02636135
0.1337,-0.48407045,0.027786795
0.1338,-0.48414463,0.029214812
0.1339,-0.4842132,0.030645382
0.134,-0.48427618,0.032078482
0.13410001,-0.48433352,0.033514094
0.13420001,-0.48438519,0.034952197
0.13429999,-0.48443124,0.036392771
0.1344,-0.48447156,0.037835792
0.1345,-0.48450619,0.039281238
0.1346,-0.4845351,0.040729087
0.1347,-0.48455825,0.042179313
0.1348,-0.48457563,0.043631896
0.1349,-0.48458719,0.045086816
0.13500001,-0.48459297,0.046544049
0.13510001,-0.48459291,0.048003569
0.13519999,-0.48458698,0.049465358
0.1353,-0.48457521,0.050929386
0.1354,-0.48455754,0.052395638
0.1355,-0.48453394,0.053864084
0.1356,-0.48450443,0.055334702
0.1357,-0.48446894,0.056807473
0.1358,-0.48442751,0.058282364
0.13590001,-0.48438007,0.05975936
0.13600001,-0.4843266,0.06123843
0.13609999,-0.48426715,0.062719554
0.1362,-0.48420161,0.064202704
0.1363,-0.48413002,0.06568785
0.1364,-0.48405233,0.067174986
0.1365,-0.48396853,0.068664066
0.1366,-0.48387861,0.070155077
0.1367,-0.48378256,0.071647987
0.13680001,-0.48368031,0.073142774
0.13689999,-0.48357192,0.074639425
0.13699999,-0.48345733,0.076137908
0.1371,-0.48333648,0.077638187
0.1372,-0.48320943,0.079140238
0.1373,-0.48307613,0.080644041
0.1374,-0.48293653,0.082149565
0.1375,-0.48279065,0.083656788
0.1376,-0.48263845,0.085165679
0.13770001,-0.4824799,0.08667621
0.13779999,-0.48231503,0.088188358
0.13789999,-0.48214379,0.089702092
0.138,-0.48196617,0.091217391
0.1381,-0.48178217,0.092734218
0.1382,-0.4815917,0.094252557
0.1383,-0.48139483,0.095772363
0.1384,-0.48119149,0.09729363
0.13850001,-0.48098171,0.098816313
0.13860001,-0.4807654,0.10034039
0.13869999,-0.4805426,0.10186583
0.1388,-0.48031327,0.10339261
0.1389,-0.48007742,0.1049207
0.139,-0.479835,0.10645006
0.1391,-0.47958601,0.10798068
0.1392,-0.47933042,0.10951251
0.1393,-0.47906825,0.11104554
0.13940001,-0.47879943,0.11257973
0.13950001,-0.47852397,0.11411505
0.13959999,-0.47824189,0.1156515
0.1397,-0.47795311,0.11718901
0.1398,-0.47765765,0.11872756
0.1399,-0.47735551,0.12026714
0.14,-0.47704664,0.12180769
0.1401,-0.476731,0.1233492
0.1402,-0.47640866,0.12489164
0.14030001,-0.47607952,0.12643497
0.14040001,-0.47574362,0.12797914
0.14049999,-0.47540092,0.12952417
0.1406,-0.47505143,0.13106999
0.1407,-0.47469509,0.13261658
0.1408,-0.47433192,0.1341639
0.1409,-0.47396189,0.13571192
0.141,-0.47358501,0.13726062
0.1411,-0.47320122,0.13880996
0.14120001,-0.47281054,0.14035991
0.14129999,-0.47241294,0.14191043
0.14139999,-0.47200844,0.14346151
0.1415,-0.47159699,0.14501309
0.1416,-0.47117859,0.14656515
0.1417,-0.47075322,0.14811766
0.1418,-0.47032085,0.14967057
0.1419,-0.4698815,0.15122387
0.142,-0.46943516,0.15277752
0.14210001,-0.46898177,0.15433148
0.14219999,-0.46852139,0.15588574
0.14229999,-0.46805394,0.15744025
0.1424,-0.46757942,0.15899497
0.1425,-0.46709785,0.16054986
0.1426,-0.46660921,0.16210492
0.1427,-0.46611345,0.16366008
0.1428,-0.46561059,0.16521533
0.1429,-0.46510065,0.16677061
0.14300001,-0.46458352,0.1683259
0.14309999,-0.46405929,0.16988118
0.1432,-0.46352789,0.17143638
0.1433,-0.46298933,0.1729915
0.1434,-0.46244359,0.17454648
0.1435,-0.46189067,0.17610131
0.1436,-0.46133056,0.17765592
0.1437,-0.46076322,0.17921031
0.14380001,-0.46018869,0.18076442
0.14390001,-0.45960692,0.18231823
0.14399999,-0.4590179,0.18387169
0.1441,-0.45842165,0.18542477
0.1442,-0.45781812,0.18697743
0.1443,-0.45720732,0.18852964
0.1444,-0.45658925,0.19008137
0.1445,-0.45596391,0.19163257
0.1446,-0.45533127,0.19318321
0.14470001,-0.45469132,0.19473325
0.14480001,-0.45404404,0.19628266
0.14489999,-0.45338947,0.19783141
0.145,-0.45272756,0.19937946
0.1451,-0.45205829,0.20092675
0.1452,-0.45138168,0.20247327
0.1453,-0.45069775,0.20401897
0.1454,-0.45000643,0.20556381
0.1455,-0.44930774,0.20710775
0.14560001,-0.44860166,0.20865077
0.14569999,-0.4478882,0.21019281
0.14579999,-0.44716737,0.21173385
0.1459,-0.44643912,0.21327384
0.146,-0.44570348,0.21481274
0.1461,-0.44496042,0.21635053
0.1462,-0.44420993,0.21788713
0.1463,-0.44345203,0.21942256
0.1464,-0.44268668,0.22095673
0.14650001,-0.4419139,0.22248964
0.14659999,-0.44113371,0.22402121
0.14669999,-0.44034603,0.22555144
0.1468,-0.43955094,0.22708027
0.1469,-0.43874836,0.22860765
0.147,-0.43793833,0.23013358
0.1471,-0.43712083,0.23165798
0.1472,-0.43629587,0.23318082
0.1473,-0.43546343,0.23470208
0.14740001,-0.43462348,0.2362217
0.14749999,-0.43377608,0.23773967
0.1476,-0.43292117,0.23925592
0.1477,-0.43205881,0.24077043
0.1478,-0.43118891,0.24228314
0.1479,-0.43031153,0.24379402
0.148,-0.42942667,0.24530303
0.1481,-0.4285343,0.24681012
0.14820001,-0.42763442,0.24831526
0.14830001,-0.42672703,0.24981841
0.14839999,-0.42581213,0.25131953
0.1485,-0.42488971,0.25281855
0.1486,-0.42395982,0.2543155
0.1487,-0.42302239,0.25581026
0.1488,-0.42207745,0.25730282
0.1489,-0.42112496,0.25879315
0.149,-0.420165,0.26028118
0.14910001,-0.4191975,0.26176688
0.14920001,-0.41822252,0.26325023
0.14929999,-0.41723999,0.2647312
0.1494,-0.41624993,0.26620969
0.1495,-0.41525239,0.26768568
0.1496,-0.4142473,0.26915917
0.1497,-0.41323474,0.27063006
0.1498,-0.41221464,0.27209833
0.1499,-0.41118702,0.27356398
0.15000001,-0.4101519,0.27502689
0.15009999,-0.40910926,0.27648708
0.15019999,-0.40805912,0.27794451
0.1503,-0.4070015,0.2793991
0.1504,-0.40593633,0.2808508
0.1505,-0.40486369,0.28229964
0.1506,-0.40378356,0.2837455
0.1507,-0.40269592,0.28518835
0.1508,-0.40160078,0.28662819
0.15090001,-0.40049818,0.28806493
0.15099999,-0.39938807,0.28949854
0.15109999,-0.39827049,0.29092899
0.1512,-0.39714545,0.29235625
0.1513,-0.39601293,0.29378024
0.1514,-0.39487293,0.29520094
0.1515,-0.39372548,0.29661828
0.1516,-0.39257059,0.29803225
0.1517,-0.39140823,0.2994428
0.15180001,-0.39023843,0.30084988
0.15189999,-0.38906121,0.30225345
0.152,-0.38787654,0.30365345
0.1521,-0.38668445,0.30504987
0.1522,-0.38548496,0.30644265
0.1523,-0.38427803,0.3078317
0.1524,-0.3830637,0.30921707
0.1525,-0.38184199,0.31059864
0.15260001,-0.38061288,0.31197637
0.15270001,-0.37937638,0.31335026
0.15279999,-0.37813252,0.31472027
0.1529,-0.37688127,0.31608632
0.153,-0.37562269,0.31744838
0.1531,-0.37435675,0.31880641
0.1532,-0.37308347,0.32016036
0.1533,-0.37180287,0.3215102
0.1534,-0.37051493,0.32285586
0.15350001,-0.36921969,0.32419729
0.15360001,-0.36791715,0.32553449
0.15369999,-0.36660734,0.3268674
0.1538,-0.36529022,0.32819593
0.1539,-0.36396587,0.32952011
0.154,-0.36263424,0.33083984
0.1541,-0.36129537,0.33215508
0.1542,-0.35994926,0.33346581
0.1543,-0.35859594,0.33477199
0.15440001,-0.3572354,0.33607355
0.15449999,-0.35586768,0.33737043
0.15459999,-0.35449275,0.33866265
0.1547,-0.3531107,0.33995011
0.1548,-0.35172147,0.34123278
0.1549,-0.35032508,0.34251061
0.155,-0.34892157,0.34378359
0.1551,-0.34751096,0.34505162
0.1552,-0.34609324,0.3463147
0.15530001,-0.34466842,0.34757277
0.15539999,-0.34323654,0.34882578
0.15549999,-0.34179759,0.35007372
0.1556,-0.34035161,0.35131651
0.1557,-0.3388986,0.35255411
0.1558,-0.33743858,0.3537865
0.1559,-0.33597156,0.35501361
0.156,-0.3344976,0.35623541
0.1561,-0.33301663,0.35745183
0.15620001,-0.33152875,0.35866284
0.15629999,-0.33003393,0.35986844
0.1564,-0.32853222,0.36106849
0.1565,-0.3270236,0.36226302
0.1566,-0.32550812,0.36345199
0.1567,-0.32398579,0.36463532
0.1568,-0.3224566,0.36581296
0.1569,-0.32092062,0.36698487
0.15700001,-0.31937784,0.36815107
0.15710001,-0.31782827,0.36931142
0.15719999,-0.31627196,0.37046593
0.1573,-0.31470892,0.37161455
0.1574,-0.31313914,0.37275723
0.1575,-0.31156269,0.37389392
0.1576,-0.30997956,0.37502459
0.1577,-0.30838978,0.37614921
0.1578,-0.30679336,0.37726769
0.15790001,-0.30519035,0.37838
0.15800001,-0.30358073,0.37948611
0.15809999,-0.30196455,0.38058603
0.1582,-0.30034181,0.38167962
0.1583,-0.29871255,0.3827669
0.1584,-0.29707682,0.3838478
0.1585,-0.29543459,0.38492227
0.1586,-0.2937859,0.38599029
0.1587,-0.2921308,0.38705179
0.15880001,-0.29046932,0.38810673
0.15889999,-0.28880143,0.38915509
0.15899999,-0.2871272,0.39019683
0.1591,-0.28544664,0.39123186
0.1592,-0.28375977,0.39226019
0.1593,-0.28206664,0.39328173
0.1594,-0.28036726,0.39429647
0.1595,-0.27866167,0.39530435
0.1596,-0.27694985,0.39630535
0.15970001,-0.2752319,0.39729938
0.15979999,-0.27350777,0.39828646
0.15989999,-0.27177754,0.39926648
0.16,-0.27004123,0.40023947
0.1601,-0.26829886,0.40120533
0.1602,-0.26655045,0.40216401
0.1603,-0.26479605,0.40311551
0.1604,-0.26303568,0.4040598
0.1605,-0.26126936,0.40499678
0.16060001,-0.25949714,0.40592644
0.16069999,-0.25771904,0.40684873
0.1608,-0.25593504,0.40776363
0.1609,-0.25414523,0.40867108
0.161,-0.25234962,0.40957102
0.1611,-0.25054827,0.41046345
0.1612,-0.24874116,0.41134831
0.1613,-0.24692835,0.41222554
0.16140001,-0.24510989,0.41309515
0.16150001,-0.24328578,0.413957
0.16159999,-0.24145606,0.41481116
0.1617,-0.23962077,0.41565752
0.1618,-0.23777996,0.41649604
0.1619,-0.23593363,0.41732672
0.162,-0.23408183,0.4181495
0.1621,-0.2322246,0.41896433
0.1622,-0.23036195,0.41977116
0.16230001,-0.22849394,0.42056996
0.16240001,-0.2266206,0.4213607
0.16249999,-0.22474195,0.42214334
0.1626,-0.22285804,0.42291784
0.1627,-0.22096892,0.42368412
0.1628,-0.21907458,0.4244422
0.1629,-0.2171751,0.425192
0.163,-0.2152705,0.42593351
0.1631,-0.21336082,0.42666665
0.16320001,-0.21144609,0.42739141
0.16329999,-0.20952635,0.42810774
0.16339999,-0.20760162,0.42881563
0.1635,-0.20567195,0.429515
0.1636,-0.20373739,0.43020585
0.1637,-0.20179796,0.43088812
0.1638,-0.19985372,0.43156177
0.1639,-0.19790469,0.43222675
0.164,-0.19595093,0.43288305
0.16410001,-0.19399247,0.4335306
0.16419999,-0.19202933,0.43416941
0.16429999,-0.19006157,0.43479937
0.1644,-0.18808924,0.43542051
0.1645,-0.18611236,0.43603277
0.1646,-0.18413098,0.43663609
0.1647,-0.18214515,0.43723047
0.1648,-0.18015489,0.43781585
0.1649,-0.17816027,0.43839219
0.16500001,-0.1761613,0.43895948
0.16509999,-0.17415805,0.43951765
0.1652,-0.17215055,0.4400667
0.1653,-0.17013885,0.44060653
0.1654,-0.16812298,0.44113719
0.1655,-0.16610301,0.44165859
0.1656,-0.16407895,0.44217068
0.1657,-0.16205086,0.44267347
0.16580001,-0.1600188,0.44316691
0.16590001,-0.1579828,0.44365093
0.16599999,-0.15594289,0.44412556
0.1661,-0.1538991,0.44459072
0.1662,-0.15185152,0.4450464
0.1663,-0.14980017,0.44549257
0.1664,-0.1477451,0.44592914
0.1665,-0.14568636,0.44635615
0.1666,-0.14362399,0.4467735
0.16670001,-0.14155807,0.4471812
0.16680001,-0.13948859,0.44757921
0.16689999,-0.13741565,0.4479675
0.167,-0.13533928,0.44834602
0.1671,-0.13325951,0.44871476
0.1672,-0.1311764,0.44907364
0.1673,-0.12909,0.44942269
0.1674,-0.12700036,0.44976187
0.1675,-0.12490754,0.45009109
0.16760001,-0.12281156,0.4504104
0.16769999,-0.1207125,0.45071968
0.16779999,-0.1186104,0.45101896
0.1679,-0.1165053,0.45130822
0.168,-0.11439727,0.45158738
0.1681,-0.11228634,0.45185643
0.1682,-0.11017257,0.45211536
0.1683,-0.10805602,0.45236412
0.1684,-0.10593672,0.45260268
0.16850001,-0.10381474,0.45283103
0.16859999,-0.10169013,0.45304912
0.16869999,-0.099562913,0.45325691
0.1688,-0.097433157,0.45345441
0.1689,-0.09530092,0.45364156
0.169,-0.093166254,0.45381838
0.1691,-0.091029212,0.45398477
0.1692,-0.088889852,0.45414075
0.1693,-0.08674822,0.45428628
0.16940001,-0.084604375,0.45442134
0.16949999,-0.082458377,0.45454589
0.1696,-0.08031027,0.45465991
0.1697,-0.078160115,0.45476335
0.1698,-0.076007962,0.45485625
0.1699,-0.073853865,0.45493853
0.17,-0.071697891,0.45501018
0.1701,-0.069540083,0.45507115
0.17020001,-0.06738051,0.45512146
0.17030001,-0.065219216,0.45516104
0.17039999,-0.06305626,0.45518991
0.1705,-0.060891703,0.45520803
0.1706,-0.058725595,0.45521536
0.1707,-0.056558002,0.45521188
0.1708,-0.054388978,0.45519757
0.1709,-0.052218579,0.45517242
0.171,-0.050046865,0.45513642
0.17110001,-0.047873892,0.45508951
0.17120001,-0.045699719,0.45503166
0.17129999,-0.043524407,0.45496291
0.1714,-0.041347977,0.45488319
0.1715,-0.039170515,0.4547925
0.1716,-0.036992088,0.45469078
0.1717,-0.034812748,0.45457807
0.1718,-0.03263256,0.4544543
0.1719,-0.030451581,0.45431951
0.17200001,-0.028269872,0.45417359
0.17209999,-0.026087491,0.4540166
0.17219999,-0.023904502,0.45384848
0.1723,-0.021720963,0.45366922
0.1724,-0.019536937,0.45347881
0.1725,-0.017352482,0.45327723
0.1726,-0.015167663,0.45306447
0.1727,-0.012982539,0.45284051
0.1728,-0.010797173,0.45260531
0.17290001,-0.008611626,0.45235884
0.17299999,-0.0064259605,0.45210114
0.17309999,-0.0042402395,0.45183218
0.1732,-0.0020545253,0.45155191
0.1733,0.0001311189,0.45126036
0.1734,0.0023166304,0.45095748
0.1735,0.0045019458,0.45064327
0.1736,0.0066870013,0.45031771
0.1737,0.0088717332,0.4499808
0.17380001,0.011056078,0.4496325
0.17389999,0.013239971,0.44927281
0.17399999,0.015423369,0.44890171
0.1741,0.01760621,0.4485192
0.1742,0.019788412,0.44812527
0.1743,0.021969913,0.44771993
0.1744,0.024150643,0.44730312
0.1745,0.026330542,0.44687483
0.17460001,0.028509542,0.44643509
0.17470001,0.030687582,0.44598386
0.17479999,0.032864589,0.44552115
0.1749,0.035040505,0.44504693
0.175,0.037215263,0.44456121
0.1751,0.039388791,0.44406396
0.1752,0.041561026,0.44355521
0.1753,0.043731906,0.44303489
0.1754,0.045901362,0.44250304
0.17550001,0.048069324,0.44195965
0.17560001,0.050235726,0.4414047
0.17569999,0.052400507,0.44083819
0.1758,0.054563589,0.44026008
0.1759,0.056724917,0.43967044
0.176,0.058884416,0.43906918
0.1761,0.061042015,0.43845636
0.1762,0.063197657,0.43783194
0.1763,0.065351263,0.43719596
0.17640001,0.067502767,0.43654832
0.17649999,0.06965211,0.43588912
0.17659999,0.071799211,0.4352183
0.1767,0.073944055,0.43453589
0.1768,0.076086529,0.43384185
0.1769,0.078226566,0.43313619
0.177,0.080364093,0.43241891
0.1771,0.082499057,0.43169004
0.1772,0.084631369,0.43094954
0.17730001,0.086760975,0.43019742
0.17739999,0.088887803,0.4294337
0.17749999,0.091011778,0.42865834
0.1776,0.093132831,0.42787141
0.1777,0.095250897,0.42707282
0.1778,0.097365908,0.42626265
0.1779,0.099477783,0.42544085
0.178,0.10158647,0.42460746
0.1781,0.10369188,0.42376244
0.17820001,0.10579395,0.42290586
0.17829999,0.10789262,0.42203766
0.17839999,0.1099878,0.42115787
0.1785,0.11207944,0.42026651
0.1786,0.11416746,0.41936356
0.1787,0.11625178,0.41844904
0.1788,0.11833235,0.41752294
0.1789,0.12040908,0.4165853
0.17900001,0.1224819,0.41563609
0.17910001,0.12455075,0.41467533
0.17919999,0.12661555,0.41370302
0.1793,0.12867627,0.41271919
0.1794,0.1307328,0.41172382
0.1795,0.1327851,0.41071695
0.1796,0.13483307,0.40969855
0.1797,0.13687663,0.40866867
0.1798,0.13891573,0.40762728
0.17990001,0.14095029,0.40657446
0.18000001,0.14298025,0.40551013
0.18009999,0.14500552,0.40443438
0.1802,0.14702603,0.40334716
0.1803,0.14904173,0.40224853
0.1804,0.15105253,0.40113848
0.1805,0.15305836,0.40001705
0.1806,0.15505914,0.39888421
0.1807,0.15705483,0.39774001
0.18080001,0.15904532,0.39658445
0.18089999,0.16103056,0.39541757
0.18099999,0.16301048,0.39423934
0.1811,0.16498499,0.39304981
0.1812,0.16695403,0.39184898
0.1813,0.16891752,0.39063689
0.1814,0.17087542,0.38941354
0.1815,0.1728276,0.38817894
0.1816,0.17477404,0.38693312
0.18170001,0.17671464,0.38567612
0.18179999,0.17864934,0.38440794
0.18189999,0.18057807,0.38312858
0.182,0.18250076,0.38183805
0.1821,0.18441737,0.38053641
0.1822,0.18632779,0.37922367
0.1823,0.18823195,0.37789986
0.1824,0.19012976,0.37656498
0.1825,0.19202119,0.37521908
0.18260001,0.19390613,0.37386215
0.18269999,0.19578454,0.37249425
0.18279999,0.19765632,0.37111539
0.1829,0.19952142,0.36972558
0.183,0.20137975,0.36832485
0.1831,0.20323125,0.36691326
0.1832,0.20507585,0.36549079
0.1833,0.20691347,0.36405748
0.18340001,0.20874403,0.36261338
0.18350001,0.21056749,0.36115849
0.18359999,0.21238375,0.35969287
0.1837,0.21419275,0.35821649
0.1838,0.21599442,0.35672945
0.1839,0.21778867,0.35523173
0.184,0.21957545,0.35372341
0.1841,0.22135468,0.35220444
0.1842,0.22312629,0.35067493
0.18430001,0.22489022,0.34913486
0.18440001,0.22664636,0.34758431
0.18449999,0.22839469,0.34602329
0.1846,0.23013511,0.34445179
0.1847,0.2318676,0.34286988
0.1848,0.23359203,0.34127757
0.1849,0.23530836,0.33967492
0.185,0.23701651,0.33806196
0.1851,0.23871641,0.33643875
0.18520001,0.24040797,0.33480528
0.18529999,0.24209115,0.33316159
0.18539999,0.24376586,0.33150777
0.1855,0.24543205,0.32984379
0.1856,0.24708962,0.32816976
0.1857,0.24873853,0.32648566
0.1858,0.2503787,0.32479152
0.1859,0.25201005,0.32308745
0.186,0.25363252,0.32137343
0.18610001,0.25524601,0.31964952
0.18619999,0.25685051,0.31791574
0.18629999,0.25844592,0.31617218
0.1864,0.26003218,0.31441882
0.1865,0.2616092,0.31265575
0.1866,0.26317692,0.31088299
0.1867,0.26473528,0.3091006
0.1868,0.26628423,0.30730861
0.1869,0.26782367,0.30550706
0.18700001,0.26935351,0.30369604
0.18709999,0.27087373,0.3018755
0.18719999,0.27238426,0.30004558
0.1873,0.27388501,0.29820627
0.1874,0.27537596,0.2963576
0.1875,0.27685702,0.29449967
0.1876,0.27832809,0.29263249
0.1877,0.27978912,0.29075611
0.18780001,0.28124005,0.28887063
0.18790001,0.28268081,0.28697604
0.18799999,0.28411135,0.28507242
0.1881,0.28553158,0.28315979
0.1882,0.28694144,0.28123826
0.1883,0.28834087,0.27930781
0.1884,0.2897298,0.27736855
0.1885,0.29110816,0.27542049
0.1886,0.29247591,0.27346373
0.18870001,0.29383296,0.27149826
0.18880001,0.29517928,0.26952419
0.18889999,0.29651475,0.26754153
0.189,0.29783934,0.26555037
0.1891,0.29915297,0.26355076
0.1892,0.3004556,0.26154274
0.1893,0.30174714,0.25952634
0.1894,0.30302757,0.25750169
0.1895,0.30429676,0.25546882
0.18960001,0.30555472,0.25342774
0.18970001,0.30680132,0.25137857
0.18979999,0.30803657,0.24932131
0.1899,0.30926034,0.24725607
0.19,0.31047264,0.24518283
0.1901,0.31167334,0.24310172
0.1902,0.31286243,0.24101277
0.1903,0.31403983,0.23891605
0.1904,0.31520545,0.23681164
0.19050001,0.31635931,0.23469958
0.19059999,0.31750125,0.23257993
0.19069999,0.31863129,0.23045278
0.1908,0.31974933,0.22831817
0.1909,0.32085529,0.22617616
0.191,0.32194918,0.22402683
0.1911,0.32303089,0.22187024
0.1912,0.32410035,0.21970645
0.1913,0.32515755,0.21753553
0.19140001,0.32620242,0.21535754
0.19149999,0.32723486,0.21317257
0.19159999,0.32825488,0.21098065
0.1917,0.32926235,0.20878187
0.1918,0.3302573,0.20657629
0.1919,0.33123958,0.20436399
0.192,0.3322092,0.20214504
0.1921,0.33316609,0.19991949
0.19220001,0.3341102,0.19768742
0.19230001,0.33504143,0.19544891
0.19239999,0.33595979,0.19320402
0.1925,0.33686522,0.19095282
0.1926,0.33775762,0.18869536
0.1927,0.33863696,0.18643171
0.1928,0.33950323,0.18416195
0.1929,0.34035632,0.18188617
0.193,0.34119621,0.17960444
0.19310001,0.34202284,0.17731683
0.19320001,0.34283611,0.17502342
0.19329999,0.34363607,0.17272429
0.1934,0.34442258,0.1704195
0.1935,0.34519565,0.16810912
0.1936,0.34595519,0.16579325
0.1937,0.34670115,0.16347195
0.1938,0.34743351,0.16114531
0.1939,0.34815222,0.15881339
0.19400001,0.34885722,0.15647629
0.19410001,0.34954846,0.15413406
0.19419999,0.35022587,0.1517868
0.1943,0.35088944,0.14943458
0.1944,0.35153913,0.14707749
0.1945,0.35217488,0.14471559
0.1946,0.35279661,0.14234899
0.1947,0.35340434,0.13997775
0.1948,0.35399798,0.13760196
0.19490001,0.35457748,0.13522169
0.19499999,0.35514283,0.13283704
0.19509999,0.355694,0.13044807
0.1952,0.35623088,0.12805487
0.1953,0.35675347,0.12565748
0.1954,0.35726175,0.12325602
0.1955,0.35775563,0.12085058
0.1956,0.35823512,0.11844124
0.1957,0.35870013,0.11602809
0.19580001,0.35915065,0.11361121
0.19589999,0.35958666,0.11119068
0.19599999,0.36000806,0.10876661
0.1961,0.36041483,0.10633906
0.1962,0.360807,0.10390812
0.1963,0.36118445,0.1014739
0.1964,0.36154717,0.099036463
0.1965,0.36189514,0.096595906
0.19660001,0.3622283,0.094152316
0.19670001,0.36254662,0.091705784
0.19679999,0.36285007,0.089256398
0.1969,0.36313865,0.086804248
0.197,0.36341226,0.084349424
0.1971,0.36367089,0.081892014
0.1972,0.36391455,0.079432115
0.1973,0.36414313,0.07696981
0.1974,0.36435667,0.074505195
0.19750001,0.36455512,0.072038367
0.19760001,0.36473843,0.069569409
0.19769999,0.36490658,0.067098416
0.1978,0.36505952,0.064625487
0.1979,0.36519724,0.062150665
0.198,0.36531973,0.059674051
0.1981,0.36542693,0.057195768
0.1982,0.36551884,0.054715905
0.1983,0.3655954,0.052234564
0.19840001,0.36565661,0.049751833
0.19850001,0.36570245,0.047267806
0.19859999,0.36573288,0.044782583
0.1987,0.36574787,0.042296261
0.1988,0.36574739,0.039808925
0.1989,0.36573145,0.037320685
0.199,0.36569998,0.034831628
0.1991,0.36565301,0.032341853
0.1992,0.36559048,0.029851459
0.19930001,0.36551237,0.027360542
0.19939999,0.3654187,0.024869202
0.19949999,0.36530942,0.022377534
0.1996,0.36518449,0.019885639
0.1997,0.36504391,0.017393613
0.1998,0.36488768,0.014901558
0.1999,0.36471575,0.012409572
0.2,0.36452815,0.0099177556
0.2001,0.36432481,0.0074262088
0.20020001,0.36410573,0.0049350318
0.20029999,0.36387092,0.0024443245
0.20039999,0.36362037,-4.5810935e-05
0.2005,0.363354,-0.0025352801
0.2006,0.36307186,-0.0050240452
0.2007,0.36277393,-0.0075119459
0.2008,0.36246014,-0.0099988803
0.2009,0.36213055,-0.012484748
0.20100001,0.36178514,-0.014969447
0.20110001,0.36142385,-0.017452873
0.20119999,0.36104673,-0.019934928
0.2013,0.36065376,-0.022415504
0.2014,0.3602449,-0.024894502
0.2015,0.35982016,-0.027371818
0.2016,0.35937953,-0.02984735
0.2017,0.35892302,-0.032320991
0.2018,0.35845059,-0.034792639
0.20190001,0.35796228,-0.03726219
0.20200001,0.35745808,-0.039729539
0.20209999,0.35693794,-0.042194586
0.2022,0.35640192,-0.044657219
0.2023,0.35584995,-0.047117338
0.2024,0.3552821,-0.049574833
0.2025,0.35469833,-0.052029606
0.2026,0.35409862,-0.054481544
0.2027,0.35348302,-0.056930546
0.20280001,0.35285151,-0.059376504
0.20290001,0.35220408,-0.061819326
0.20299999,0.35154074,-0.064258955
0.2031,0.35086146,-0.066695228
0.2032,0.35016629,-0.069128051
0.2033,0.34945524,-0.071557306
0.2034,0.3487283,-0.073982902
0.2035,0.34798545,-0.076404713
0.2036,0.34722674,-0.07882265
0.20370001,0.34645215,-0.081236593
0.20379999,0.3456617,-0.083646439
0.20389999,0.3448554,-0.08605209
0.204,0.34403327,-0.088453427
0.2041,0.34319529,-0.090850353
0.2042,0.34234148,-0.093242757
0.2043,0.34147188,-0.095630527
0.2044,0.34058648,-0.098013557
0.2045,0.33968532,-0.10039174
0.20460001,0.33876836,-0.10276497
0.20469999,0.33783567,-0.10513315
0.20479999,0.33688724,-0.10749614
0.2049,0.33592311,-0.10985387
0.205,0.33494326,-0.11220621
0.2051,0.33394772,-0.11455305
0.2052,0.33293653,-0.11689429
0.2053,0.33190969,-0.11922984
0.2054,0.33086717,-0.12155961
0.20550001,0.32980907,-0.12388345
0.20559999,0.32873538,-0.12620126
0.2057,0.32764614,-0.12851295
0.2058,0.32654133,-0.13081838
0.2059,0.32542101,-0.13311747
0.206,0.32428521,-0.1354101
0.2061,0.32313395,-0.13769615
0.2062,0.32196724,-0.13997553
0.20630001,0.32078511,-0.14224814
0.20640001,0.31958762,-0.14451385
0.20649999,0.31837475,-0.14677255
0.2066,0.31714657,-0.14902414
0.2067,0.3159031,-0.15126853
0.2068,0.31464434,-0.15350558
0.2069,0.31337035,-0.15573519
0.207,0.31208119,-0.15795729
0.2071,0.31077683,-0.1601717
0.20720001,0.30945736,-0.16237839
0.20730001,0.30812278,-0.16457719
0.20739999,0.30677313,-0.16676801
0.2075,0.30540848,-0.16895077
0.2076,0.30402881,-0.17112532
0.2077,0.30263421,-0.17329159
0.2078,0.30122465,-0.17544951
0.2079,0.29980022,-0.17759889
0.208,0.29836094,-0.17973968
0.20810001,0.29690689,-0.18187174
0.20819999,0.29543805,-0.18399498
0.20829999,0.29395452,-0.18610927
0.2084,0.29245633,-0.18821454
0.2085,0.2909435,-0.19031064
0.2086,0.2894161,-0.19239749
0.2087,0.28787416,-0.194475
0.2088,0.28631774,-0.19654302
0.2089,0.28474689,-0.19860147
0.20900001,0.28316164,-0.20065024
0.20909999,0.28156203,-0.20268923
0.20919999,0.27994815,-0.20471832
0.2093,0.27832001,-0.20673741
0.2094,0.2766777,-0.2087464
0.2095,0.27502126,-0.21074519
0.2096,0.27335072,-0.21273366
0.2097,0.27166617,-0.21471171
0.2098,0.26996762,-0.21667923
0.20990001,0.26825514,-0.21863613
0.20999999,0.26652884,-0.22058229
0.2101,0.26478869,-0.22251764
0.2102,0.26303476,-0.22444206
0.2103,0.26126713,-0.22635546
0.2104,0.25948587,-0.22825772
0.2105,0.25769103,-0.23014872
0.2106,0.25588265,-0.23202838
0.21070001,0.25406086,-0.23389658
0.21080001,0.25222564,-0.23575324
0.21089999,0.25037712,-0.23759824
0.211,0.24851531,-0.23943149
0.2111,0.24664031,-0.24125287
0.2112,0.24475217,-0.2430623
0.2113,0.24285097,-0.24485968
0.2114,0.24093677,-0.24664488
0.2115,0.23900963,-0.24841784
0.21160001,0.23706964,-0.25017843
0.21170001,0.23511684,-0.25192654
0.21179999,0.23315133,-0.25366211
0.2119,0.23117316,-0.25538501
0.212,0.22918242,-0.25709516
0.2121,0.22717917,-0.25879246
0.2122,0.22516349,-0.2604768
0.2123,0.22313546,-0.26214808
0.2124,0.22109513,-0.26380622
0.21250001,0.21904257,-0.26545113
0.21259999,0.21697786,-0.26708269
0.21269999,0.21490109,-0.26870084
0.2128,0.21281232,-0.27030545
0.2129,0.21071166,-0.27189645
0.213,0.20859918,-0.27347371
0.2131,0.20647496,-0.27503717
0.2132,0.20433907,-0.27658668
0.2133,0.20219161,-0.27812222
0.21340001,0.20003265,-0.27964365
0.21349999,0.19786227,-0.28115091
0.21359999,0.19568057,-0.28264388
0.2137,0.19348763,-0.28412247
0.2138,0.19128354,-0.2855866
0.2139,0.18906838,-0.28703615
0.214,0.18684223,-0.28847107
0.2141,0.1846052,-0.28989124
0.2142,0.18235736,-0.2912966
0.21430001,0.1800988,-0.29268703
0.21439999,0.17782962,-0.29406247
0.2145,0.17554992,-0.29542279
0.2146,0.17325979,-0.29676792
0.2147,0.17095931,-0.29809782
0.2148,0.16864859,-0.29941231
0.2149,0.16632764,-0.30071139
0.215,0.16399662,-0.30199498
0.21510001,0.16165563,-0.30326292
0.21520001,0.15930475,-0.30451518
0.21529999,0.15694411,-0.30575168
0.2154,0.15457377,-0.3069723
0.2155,0.15219386,-0.30817693
0.2156,0.14980446,-0.30936557
0.2157,0.14740567,-0.31053811
0.2158,0.14499761,-0.31169444
0.2159,0.14258036,-0.3128345
0.21600001,0.14015403,-0.3139582
0.21610001,0.13771874,-0.31506547
0.21619999,0.13527457,-0.31615624
0.2163,0.13282163,-0.3172304
0.2164,0.13036004,-0.31828791
0.2165,0.12788989,-0.31932867
0.2166,0.12541129,-0.32035258
0.2167,0.12292436,-0.32135963
0.2168,0.1204292,-0.3223497
0.21690001,0.11792591,-0.32332268
0.21699999,0.11541462,-0.32427859
0.21709999,0.11289543,-0.32521728
0.2172,0.11036845,-0.32613871
0.2173,0.10783373,-0.32704279
0.2174,0.10529142,-0.32792947
0.2175,0.10274165,-0.32879868
0.2176,0.10018453,-0.32965031
0.2177,0.097620174,-0.33048436
0.21780001,0.095048696,-0.33130071
0.21789999,0.092470214,-0.33209929
0.21799999,0.089884847,-0.33288005
0.2181,0.087292708,-0.3336429
0.2182,0.084693909,-0.33438784
0.2183,0.082088582,-0.33511472
0.2184,0.079476833,-0.33582354
0.2185,0.076858789,-0.3365142
0.2186,0.074234568,-0.33718663
0.21870001,0.071604297,-0.33784083
0.21879999,0.068968087,-0.33847666
0.2189,0.066326067,-0.3390941
0.219,0.063678354,-0.3396931
0.2191,0.061025079,-0.34027359
0.2192,0.058366366,-0.34083551
0.2193,0.055702336,-0.34137878
0.2194,0.053033117,-0.34190339
0.21950001,0.050358836,-0.34240922
0.21960001,0.047679618,-0.34289628
0.21969999,0.044995505,-0.34336448
0.2198,0.042306695,-0.34381381
0.2199,0.039613321,-0.34424415
0.22,0.036915507,-0.34465548
0.2201,0.034213383,-0.34504774
0.2202,0.031507079,-0.34542093
0.2203,0.028796725,-0.34577495
0.22040001,0.026082452,-0.34610975
0.22050001,0.023364389,-0.34642529
0.22059999,0.020642672,-0.34672156
0.2207,0.01791743,-0.34699845
0.2208,0.015188797,-0.34725598
0.2209,0.012456908,-0.34749407
0.221,0.0097218947,-0.34771267
0.2211,0.0069838939,-0.34791175
0.2212,0.00424304,-0.34809127
0.22130001,0.0014994693,-0.34825119
0.22139999,-0.0012466824,-0.3483915
0.22149999,-0.0039952775,-0.34851208
0.2216,-0.006746179,-0.34861299
0.2217,-0.0094992481,-0.34869412
0.2218,-0.012254347,-0.34875548
0.2219,-0.015011336,-0.34879702
0.222,-0.017770084,-0.34881869
0.2221,-0.02053052,-0.34882045
0.22220001,-0.023292441,-0.3488023
0.22229999,-0.026055707,-0.34876418
0.22239999,-0.028820178,-0.3487061
0.2225,-0.031585708,-0.34862798
0.2226,-0.034352165,-0.34852985
0.2227,-0.0371194,-0.34841162
0.2228,-0.039887272,-0.34827331
0.2229,-0.042655636,-0.34811488
0.223,-0.045424353,-0.3479363
0.22310001,-0.04819328,-0.34773755
0.22319999,-0.050962269,-0.34751862
0.2233,-0.053731177,-0.34727949
0.2234,-0.056499857,-0.34702012
0.2235,-0.059268169,-0.34674048
0.2236,-0.062035963,-0.34644061
0.2237,-0.064803094,-0.34612045
0.2238,-0.06756942,-0.34577996
0.22390001,-0.070334777,-0.34541917
0.22400001,-0.073099039,-0.34503809
0.22409999,-0.07586205,-0.34463662
0.2242,-0.078623705,-0.3442148
0.2243,-0.081383854,-0.34377262
0.2244,-0.084142327,-0.34331003
0.2245,-0.086898968,-0.34282708
0.2246,-0.089653634,-0.34232372
0.2247,-0.092406169,-0.34179997
0.22480001,-0.095156431,-0.34125581
0.22490001,-0.097904265,-0.34069124
0.22499999,-0.10064954,-0.34010625
0.2251,-0.10339207,-0.33950087
0.2252,-0.10613175,-0.33887506
0.2253,-0.10886839,-0.33822882
0.2254,-0.11160186,-0.33756217
0.2255,-0.11433201,-0.33687511
0.2256,-0.11705868,-0.33616766
0.22570001,-0.11978173,-0.33543977
0.22579999,-0.12250099,-0.33469149
0.22589999,-0.12521634,-0.33392283
0.226,-0.12792759,-0.33313379
0.2261,-0.13063461,-0.33232439
0.2262,-0.13333723,-0.3314946
0.2263,-0.13603534,-0.33064446
0.2264,-0.13872878,-0.32977393
0.2265,-0.14141741,-0.32888308
0.22660001,-0.14410104,-0.32797191
0.22669999,-0.14677954,-0.32704046
0.22679999,-0.14945273,-0.3260887
0.2269,-0.15212049,-0.32511666
0.227,-0.15478264,-0.3241244
0.2271,-0.15743904,-0.32311189
0.2272,-0.16008954,-0.32207918
0.2273,-0.16273399,-0.3210263
0.2274,-0.16537222,-0.31995323
0.22750001,-0.16800408,-0.31886005
0.22759999,-0.17062944,-0.31774676
0.2277,-0.17324811,-0.31661338
0.2278,-0.17585997,-0.31545994
0.2279,-0.17846484,-0.31428647
0.228,-0.18106259,-0.31309304
0.2281,-0.18365304,-0.31187963
0.2282,-0.18623607,-0.3106463
0.22830001,-0.18881148,-0.30939308
0.22840001,-0.19137916,-0.30811998
0.22849999,-0.19393897,-0.30682707
0.2286,-0.19649076,-0.30551434
0.2287,-0.19903436,-0.30418184
0.2288,-0.2015696,-0.30282965
0.2289,-0.20409635,-0.30145776
0.229,-0.20661443,-0.30006629
0.2291,-0.2091237,-0.29865521
0.22920001,-0.21162403,-0.29722461
0.22930001,-0.21411523,-0.29577449
0.22939999,-0.21659717,-0.29430494
0.2295,-0.21906969,-0.29281601
0.2296,-0.22153264,-0.29130772
0.2297,-0.22398588,-0.28978014
0.2298,-0.22642924,-0.28823331
0.2299,-0.22886258,-0.28666732
0.23,-0.23128574,-0.28508216
0.23010001,-0.23369856,-0.28347796
0.23019999,-0.23610091,-0.28185472
0.23029999,-0.23849264,-0.28021252
0.2304,-0.24087358,-0.27855143
0.2305,-0.24324359,-0.27687147
0.2306,-0.24560252,-0.27517277
0.2307,-0.24795024,-0.27345529
0.2308,-0.25028658,-0.27171916
0.2309,-0.2526114,-0.26996443
0.23100001,-0.25492457,-0.26819119
0.23109999,-0.25722587,-0.2663995
0.23119999,-0.25951523,-0.26458943
0.2313,-0.26179245,-0.26276103
0.2314,-0.26405743,-0.26091436
0.2315,-0.26630995,-0.25904956
0.2316,-0.26854995,-0.25716665
0.2317,-0.2707772,-0.25526571
0.2318,-0.27299163,-0.25334683
0.23190001,-0.27519304,-0.2514101
0.23199999,-0.27738127,-0.24945556
0.2321,-0.27955624,-0.24748333
0.2322,-0.28171775,-0.24549347
0.2323,-0.28386569,-0.24348608
0.2324,-0.28599989,-0.24146122
0.2325,-0.28812021,-0.239419
0.2326,-0.29022652,-0.23735949
0.23270001,-0.29231864,-0.23528279
0.23280001,-0.29439652,-0.23318894
0.23289999,-0.29645997,-0.23107804
0.233,-0.29850882,-0.2289502
0.2331,-0.30054295,-0.22680551
0.2332,-0.30256224,-0.22464406
0.2333,-0.3045665,-0.22246598
0.2334,-0.30655563,-0.22027132
0.2335,-0.3085295,-0.2180602
0.23360001,-0.31048793,-0.21583271
0.23370001,-0.3124308,-0.21358897
0.23379999,-0.314358,-0.21132904
0.2339,-0.31626934,-0.20905307
0.234,-0.31816471,-0.20676114
0.2341,-0.32004401,-0.20445333
0.2342,-0.32190704,-0.2021298
0.2343,-0.32375371,-0.19979061
0.2344,-0.32558388,-0.19743589
0.23450001,-0.32739741,-0.19506574
0.23459999,-0.32919419,-0.19268028
0.23469999,-0.33097404,-0.19027962
0.2348,-0.33273685,-0.18786387
0.2349,-0.33448249,-0.18543315
0.235,-0.33621088,-0.1829875
0.2351,-0.33792186,-0.18052709
0.2352,-0.33961526,-0.17805204
0.2353,-0.34129101,-0.17556247
0.23540001,-0.34294894,-0.17305851
0.23549999,-0.34458894,-0.17054027
0.23559999,-0.3462109,-0.16800787
0.2357,-0.34781468,-0.16546142
0.2358,-0.34940013,-0.16290107
0.2359,-0.3509672,-0.16032694
0.236,-0.3525157,-0.15773915
0.2361,-0.35404551,-0.15513782
0.2362,-0.35555655,-0.15252309
0.23630001,-0.35704869,-0.14989509
0.23639999,-0.35852179,-0.14725395
0.23649999,-0.35997576,-0.1445998
0.2366,-0.36141044,-0.14193276
0.2367,-0.36282575,-0.13925299
0.2368,-0.36422154,-0.13656062
0.2369,-0.36559775,-0.13385577
0.237,-0.36695424,-0.13113859
0.23710001,-0.36829087,-0.12840918
0.23720001,-0.36960757,-0.12566765
0.23729999,-0.37090421,-0.12291419
0.2374,-0.3721807,-0.12014894
0.2375,-0.3734369,-0.11737205
0.2376,-0.37467271,-0.11458366
0.2377,-0.37588802,-0.1117839
0.2378,-0.37708274,-0.10897294
0.2379,-0.37825677,-0.1061509
0.23800001,-0.37940997,-0.10331795
0.23810001,-0.38054228,-0.10047423
0.23819999,-0.38165355,-0.097619884
0.2383,-0.38274372,-0.094755068
0.2384,-0.38381267,-0.091879934
0.2385,-0.38486031,-0.088994637
0.2386,-0.38588655,-0.086099327
0.2387,-0.38689125,-0.083194159
0.2388,-0.38787436,-0.080279283
0.23890001,-0.38883579,-0.077354871
0.23899999,-0.3897754,-0.074421063
0.23909999,-0.39069313,-0.071478039
0.2392,-0.3915889,-0.068525933
0.2393,-0.39246258,-0.065564856
0.2394,-0.39331409,-0.062595017
0.2395,-0.39414337,-0.059616588
0.2396,-0.3949503,-0.056629721
0.2397,-0.39573482,-0.053634588
0.23980001,-0.39649683,-0.050631348
0.23989999,-0.39723626,-0.047620166
0.23999999,-0.397953,-0.044601213
0.2401,-0.39864701,-0.041574653
0.2402,-0.39931819,-0.038540658
0.2403,-0.39996645,-0.035499394
0.2404,-0.40059173,-0.03245103
0.2405,-0.40119395,-0.029395742
0.2406,-0.40177301,-0.026333699
0.24070001,-0.40232888,-0.023265073
0.24079999,-0.40286145,-0.020190042
0.24089999,-0.40337068,-0.017108776
0.241,-0.40385646,-0.014021453
0.2411,-0.40431875,-0.010928251
0.2412,-0.40475747,-0.0078292806
0.2413,-0.40517256,-0.0047247494
0.2414,-0.40556395,-0.0016148527
0.24150001,-0.40593159,0.0015002305
0.24160001,-0.40627539,0.0046203216
0.24169999,-0.40659532,0.0077452403
0.2418,-0.40689129,0.010874807
0.2419,-0.40716326,0.014008839
0.242,-0.40741119,0.017147155
0.2421,-0.407635,0.020289574
0.2422,-0.40783462,0.023435909
0.2423,-0.40801007,0.026585979
0.24240001,-0.40816119,0.029739598
0.24250001,-0.40828803,0.032896578
0.24259999,-0.40839046,0.036056738
0.2427,-0.40846851,0.039219886
0.2428,-0.40852207,0.042385835
0.2429,-0.40855116,0.045554396
0.243,-0.40855566,0.048725385
0.2431,-0.40853557,0.051898632
0.2432,-0.40849084,0.055073965
0.24330001,-0.40842143,0.058251165
0.24339999,-0.40832731,0.061430041
0.24349999,-0.40820843,0.064610407
0.2436,-0.40806478,0.067792058
0.2437,-0.40789631,0.070974819
0.2438,-0.40770301,0.074158482
0.2439,-0.40748483,0.077342868
0.244,-0.40724173,0.080527768
0.2441,-0.40697369,0.083713003
0.24420001,-0.4066807,0.086898372
0.24429999,-0.40636274,0.090083674
0.24439999,-0.40601981,0.093268722
0.2445,-0.40565181,0.096453309
0.2446,-0.40525877,0.099637255
0.2447,-0.40484071,0.10282035
0.2448,-0.40439755,0.1060024
0.2449,-0.40392929,0.1091832
0.245,-0.40343595,0.11236256
0.24510001,-0.40291744,0.11554034
0.24519999,-0.40237382,0.11871628
0.24529999,-0.40180504,0.1218902
0.2454,-0.40121114,0.12506188
0.2455,-0.40059206,0.12823115
0.2456,-0.39994785,0.13139778
0.2457,-0.39927849,0.1345616
0.2458,-0.39858398,0.13772237
0.24590001,-0.39786428,0.14087993
0.24600001,-0.39711946,0.14403406
0.24609999,-0.39634949,0.14718455
0.2462,-0.39555436,0.15033121
0.2463,-0.39473411,0.15347384
0.2464,-0.39388874,0.15661223
0.2465,-0.39301828,0.1597462
0.2466,-0.39212269,0.16287552
0.2467,-0.391202,0.16599999
0.24680001,-0.39025629,0.16911942
0.24690001,-0.3892855,0.17223361
0.24699999,-0.38828966,0.17534237
0.2471,-0.38726878,0.1784455
0.2472,-0.3862229,0.1815428
0.2473,-0.38515207,0.18463403
0.2474,-0.38405627,0.18771902
0.2475,-0.38293558,0.19079754
0.2476,-0.38178998,0.19386941
0.24770001,-0.38061953,0.19693442
0.24779999,-0.37942424,0.19999236
0.24789999,-0.37820417,0.20304303
0.248,-0.37695932,0.20608625
0.2481,-0.37568977,0.20912178
0.2482,-0.37439555,0.21214943
0.2483,-0.37307668,0.21516901
0.2484,-0.37173322,0.2181803
0.2485,-0.3703652,0.22118311
0.24860001,-0.36897269,0.22417723
0.24869999,-0.36755574,0.22716245
0.24879999,-0.36611435,0.2301386
0.2489,-0.36464861,0.23310545
0.249,-0.36315849,0.23606284
0.2491,-0.36164415,0.23901053
0.2492,-0.3601056,0.24194834
0.2493,-0.35854289,0.24487604
0.2494,-0.35695612,0.24779345
0.24950001,-0.35534531,0.25070038
0.24959999,-0.35371053,0.2535966
0.24969999,-0.35205188,0.25648192
0.2498,-0.35036939,0.25935614
0.2499,-0.34866312,0.26221907
0.25,-0.34693319,0.26507053
0.25009999,-0.34517962,0.26791027
0.2502,-0.3434025,0.27073812
0.25029999,-0.34160191,0.27355388
0.25040001,-0.33977792,0.27635735
0.25049999,-0.33793062,0.27914831
0.25060001,-0.33606008,0.28192663
0.2507,-0.33416641,0.28469202
0.25080001,-0.33224964,0.28744435
0.2509,-0.33030984,0.29018345
0.25099999,-0.32834712,0.29290909
0.2511,-0.32636157,0.29562104
0.25119999,-0.32435331,0.29831916
0.25130001,-0.3223224,0.30100322
0.25139999,-0.32026893,0.30367303
0.25150001,-0.31819302,0.30632842
0.2516,-0.31609476,0.3089692
0.25170001,-0.31397423,0.31159514
0.2518,-0.31183153,0.31420606
0.25189999,-0.30966681,0.31680182
0.252,-0.30748013,0.31938216
0.25209999,-0.3052716,0.32194692
0.25220001,-0.30304131,0.32449594
0.25229999,-0.30078942,0.32702896
0.25240001,-0.29851601,0.32954589
0.2525,-0.29622117,0.33204645
0.25260001,-0.29390505,0.3345305
0.2527,-0.29156774,0.33699787
0.25279999,-0.28920937,0.33944833
0.2529,-0.28682998,0.34188175
0.25299999,-0.28442979,0.34429795
0.25310001,-0.28200886,0.34669667
0.25319999,-0.27956736,0.34907779
0.25330001,-0.27710539,0.35144114
0.2534,-0.27462307,0.3537865
0.25350001,-0.27212057,0.3561137
0.2536,-0.26959795,0.35842258
0.25369999,-0.26705542,0.36071295
0.2538,-0.26449305,0.36298463
0.25389999,-0.261911,0.36523744
0.25400001,-0.25930941,0.36747125
0.25409999,-0.25668842,0.36968583
0.25420001,-0.25404817,0.37188104
0.2543,-0.25138879,0.37405667
0.25440001,-0.24871042,0.3762126
0.2545,-0.24601321,0.37834865
0.25459999,-0.24329732,0.38046461
0.25470001,-0.24056287,0.38256034
0.25479999,-0.23780997,0.38463572
0.25490001,-0.2350388,0.3866905
0.255,-0.23224953,0.38872457
0.25510001,-0.22944231,0.39073774
0.2552,-0.22661729,0.39272985
0.25529999,-0.22377463,0.39470077
0.2554,-0.22091448,0.39665028
0.25549999,-0.21803702,0.39857829
0.25560001,-0.21514238,0.40048462
0.25569999,-0.21223076,0.40236908
0.25580001,-0.20930229,0.40423152
0.2559,-0.20635714,0.40607181
0.25600001,-0.2033955,0.40788981
0.2561,-0.20041752,0.40968534
0.25619999,-0.19742337,0.41145825
0.2563,-0.19441323,0.4132084
0.25639999,-0.19138728,0.41493562
0.25650001,-0.18834567,0.41663978
0.25659999,-0.18528859,0.41832075
0.25670001,-0.18221615,0.41997835
0.2568,-0.17912859,0.42161247
0.25690001,-0.17602606,0.42322296
0.257,-0.17290877,0.42480963
0.25709999,-0.16977689,0.42637244
0.2572,-0.16663061,0.42791116
0.25729999,-0.1634701,0.42942569
0.25740001,-0.16029558,0.43091589
0.25749999,-0.1571072,0.43238163
0.25760001,-0.15390517,0.43382278
0.2577,-0.15068966,0.43523923
0.25780001,-0.14746089,0.43663079
0.2579,-0.14421904,0.4379974
0.25799999,-0.1409643,0.43933889
0.2581,-0.13769688,0.44065514
0.25819999,-0.13441695,0.44194603
0.25830001,-0.13112473,0.44321147
0.25839999,-0.12782042,0.44445127
0.25850001,-0.12450422,0.44566539
0.2586,-0.12117628,0.44685364
0.25870001,-0.1178368,0.44801593
0.2588,-0.11448603,0.44915214
0.25889999,-0.11112417,0.45026219
0.259,-0.10775141,0.45134595
0.25909999,-0.10436796,0.45240331
0.25920001,-0.10097405,0.45343414
0.25929999,-0.097569875,0.45443836
0.25940001,-0.094155639,0.45541584
0.2595,-0.090731569,0.45636651
0.25960001,-0.087297864,0.45729026
0.2597,-0.08385475,0.45818698
0.25979999,-0.080402426,0.45905656
0.2599,-0.076941125,0.45989895
0.25999999,-0.073471062,0.46071398
0.26010001,-0.069992445,0.46150163
0.26019999,-0.066505507,0.4622618
0.26030001,-0.063010454,0.46299434
0.2604,-0.059507523,0.46369922
0.26050001,-0.05599691,0.46437636
0.2606,-0.052478794,0.4650256
0.26069999,-0.048953451,0.46564689
0.2608,-0.045421101,0.4662402
0.26089999,-0.041881975,0.46680537
0.26100001,-0.038336292,0.46734241
0.26109999,-0.034784283,0.46785119
0.26120001,-0.03122618,0.46833163
0.2613,-0.027662206,0.46878371
0.26140001,-0.024092594,0.46920732
0.2615,-0.020517576,0.46960238
0.26159999,-0.016937381,0.46996886
0.2617,-0.013352243,0.47030666
0.26179999,-0.009762397,0.47061574
0.26190001,-0.0061680749,0.47089607
0.26199999,-0.0025695134,0.47114754
0.26210001,0.0010330513,0.47137013
0.2622,0.0046393825,0.47156376
0.26230001,0.0082492428,0.47172835
0.2624,0.011862393,0.47186393
0.26249999,0.015478662,0.47197035
0.2626,0.019097762,0.47204763
0.26269999,0.02271945,0.47209567
0.26280001,0.026343485,0.4721145
0.26289999,0.029969629,0.47210401
0.26300001,0.033597637,0.47206423
0.2631,0.037227269,0.47199506
0.26320001,0.040858284,0.4718965
0.2633,0.044490438,0.4717685
0.26339999,0.048123483,0.47161105
0.26350001,0.051757183,0.4714241
0.26359999,0.055391289,0.47120765
0.26370001,0.059025556,0.47096163
0.2638,0.062659733,0.47068608
0.26390001,0.066293582,0.47038093
0.264,0.069926858,0.47004616
0.26409999,0.073559307,0.4696818
0.2642,0.077190675,0.46928778
0.26429999,0.080820732,0.46886411
0.26440001,0.084449247,0.46841079
0.26449999,0.088075988,0.46792775
0.26460001,0.091700666,0.467415
0.2647,0.095323049,0.4668726
0.26480001,0.098942876,0.46630052
0.2649,0.10255991,0.46569872
0.26499999,0.10617389,0.46506724
0.2651,0.10978457,0.4644061
0.26519999,0.11339169,0.46371526
0.26530001,0.11699502,0.46299475
0.26539999,0.1205943,0.4622446
0.26550001,0.12418928,0.46146479
0.2656,0.12777971,0.46065536
0.26570001,0.13136533,0.45981634
0.2658,0.1349459,0.45894769
0.26589999,0.13852118,0.45804951
0.266,0.14209089,0.45712176
0.26609999,0.14565478,0.45616448
0.26620001,0.14921263,0.45517772
0.26629999,0.15276416,0.45416149
0.26640001,0.15630919,0.45311576
0.2665,0.15984741,0.45204064
0.26660001,0.16337857,0.45093614
0.2667,0.16690242,0.44980228
0.26679999,0.17041872,0.44863915
0.2669,0.17392723,0.44744679
0.26699999,0.17742766,0.4462252
0.26710001,0.1809198,0.44497445
0.26719999,0.18440337,0.44369459
0.26730001,0.18787815,0.4423857
0.2674,0.19134384,0.44104779
0.26750001,0.19480024,0.4396809
0.2676,0.19824709,0.43828517
0.26769999,0.20168413,0.43686059
0.2678,0.2051111,0.43540725
0.26789999,0.20852777,0.43392521
0.26800001,0.2119339,0.43241456
0.26809999,0.21532921,0.43087533
0.26820001,0.21871348,0.42930761
0.2683,0.22208647,0.4277114
0.26840001,0.22544795,0.42608684
0.2685,0.22879764,0.42443401
0.26859999,0.2321353,0.42275295
0.2687,0.23546068,0.42104378
0.26879999,0.23877354,0.41930658
0.26890001,0.24207364,0.41754144
0.26899999,0.24536072,0.41574845
0.26910001,0.24863456,0.41392767
0.2692,0.25189489,0.41207924
0.26930001,0.2551415,0.41020322
0.2694,0.25837412,0.40829974
0.26949999,0.26159254,0.40636885
0.2696,0.26479647,0.40441069
0.26969999,0.2679857,0.40242535
0.26980001,0.27115998,0.40041298
0.26989999,0.27431911,0.3983736
0.27000001,0.27746278,0.39630741
0.2701,0.28059083,0.39421445
0.27020001,0.28370297,0.39209485
0.2703,0.28679901,0.3899487
0.27039999,0.2898787,0.38777614
0.2705,0.29294178,0.38557729
0.27059999,0.29598805,0.38335231
0.27070001,0.29901725,0.38110125
0.27079999,0.30202916,0.37882432
0.27090001,0.30502355,0.37652162
0.271,0.30800018,0.37419325
0.27110001,0.31095883,0.37183937
0.2712,0.31389928,0.36946014
0.27129999,0.31682128,0.36705565
0.2714,0.31972462,0.36462605
0.27149999,0.3226091,0.36217153
0.27160001,0.32547444,0.35969219
0.27169999,0.32832044,0.35718817
0.27180001,0.3311469,0.35465965
0.2719,0.33395359,0.35210675
0.27200001,0.33674026,0.34952965
0.2721,0.33950672,0.34692848
0.27219999,0.34225276,0.34430331
0.2723,0.34497815,0.34165442
0.27239999,0.34768268,0.3389819
0.27250001,0.35036612,0.33628595
0.2726,0.35302827,0.33356673
0.27270001,0.35566893,0.33082438
0.2728,0.35828784,0.32805911
0.27289999,0.36088488,0.32527107
0.273,0.36345974,0.32246044
0.27309999,0.36601228,0.31962737
0.27320001,0.36854228,0.31677207
0.27329999,0.37104952,0.31389469
0.27340001,0.37353384,0.31099543
0.2735,0.37599498,0.30807444
0.27360001,0.37843278,0.30513197
0.2737,0.38084704,0.30216813
0.27379999,0.38323754,0.29918316
0.2739,0.38560408,0.29617724
0.27399999,0.38794652,0.29315054
0.27410001,0.3902646,0.2901032
0.27419999,0.39255816,0.28703547
0.27430001,0.39482701,0.2839475
0.2744,0.39707097,0.28083956
0.27450001,0.39928985,0.27771181
0.2746,0.40148345,0.27456445
0.27469999,0.40365157,0.27139771
0.2748,0.40579408,0.26821178
0.27489999,0.40791076,0.26500687
0.27500001,0.41000146,0.26178321
0.27509999,0.41206598,0.25854096
0.27520001,0.41410413,0.25528038
0.2753,0.41611579,0.25200164
0.27540001,0.41810074,0.24870501
0.2755,0.42005882,0.24539068
0.27559999,0.42198989,0.24205889
0.2757,0.42389375,0.23870982
0.27579999,0.42577022,0.23534372
0.27590001,0.42761922,0.23196083
0.27599999,0.42944047,0.22856131
0.27610001,0.43123388,0.22514538
0.2762,0.43299928,0.2217133
0.27630001,0.43473652,0.21826531
0.2764,0.43644544,0.21480165
0.27649999,0.43812588,0.21132255
0.2766,0.4397777,0.20782822
0.27669999,0.44140077,0.20431893
0.27680001,0.44299489,0.20079491
0.27689999,0.44455996,0.19725639
0.27700001,0.44609585,0.19370362
0.2771,0.44760239,0.19013683
0.27720001,0.44907942,0.18655629
0.2773,0.45052686,0.18296224
0.27739999,0.45194453,0.17935491
0.2775,0.45333233,0.17573455
0.27759999,0.4546901,0.17210142
0.27770001,0.45601776,0.16845579
0.27779999,0.45731512,0.16479789
0.27790001,0.4585821,0.16112797
0.278,0.45981851,0.15744619
0.27810001,0.46102428,0.15375291
0.2782,0.4621993,0.15004838
0.27829999,0.46334344,0.14633283
0.2784,0.46445662,0.14260656
0.27849999,0.46553868,0.13886979
0.27860001,0.46658951,0.13512282
0.27869999,0.46760905,0.1313659
0.27880001,0.46859714,0.12759928
0.2789,0.46955374,0.12382326
0.27900001,0.47047868,0.12003808
0.2791,0.47137195,0.11624401
0.27919999,0.47223336,0.11244134
0.2793,0.47306287,0.10863031
0.27939999,0.47386038,0.10481123
0.27950001,0.47462583,0.10098434
0.27959999,0.47535905,0.097149938
0.27970001,0.47606006,0.093308285
0.2798,0.47672871,0.089459665
0.27990001,0.4773649,0.085604288
0.28,0.47796857,0.081742465
0.28009999,0.47853968,0.077874489
0.2802,0.47907811,0.074000642
0.28029999,0.47958383,0.070121206
0.28040001,0.48005676,0.066236459
0.28049999,0.48049682,0.062346682
0.28060001,0.48090395,0.058452159
0.2807,0.48127812,0.054553177
0.28080001,0.48161927,0.050650019
0.2809,0.48192731,0.046742968
0.28099999,0.4822022,0.042832315
0.2811,0.4824439,0.038918342
0.28119999,0.48265237,0.035001345
0.28130001,0.48282754,0.031081604
0.2814,0.48296937,0.027159415
0.28150001,0.48307785,0.023235068
0.2816,0.4831529,0.019308822
0.28169999,0.48319444,0.015380941
0.2818,0.48320252,0.011451756
0.28189999,0.48317707,0.007521559
0.28200001,0.48311806,0.003590642
0.28209999,0.48302549,-0.00034070274
0.28220001,0.48289931,-0.0042721825
0.2823,0.48273954,-0.0082035037
0.28240001,0.48254609,-0.012134373
0.2825,0.48231903,-0.016064495
0.28259999,0.48205829,-0.019993575
0.2827,0.4817639,-0.02392132
0.28279999,0.48143581,-0.027847432
0.28290001,0.48107404,-0.031771615
0.28299999,0.48067859,-0.035693575
0.28310001,0.48024943,-0.039613012
0.2832,0.47978663,-0.04352963
0.28330001,0.47929016,-0.047443133
0.2834,0.47875994,-0.051353261
0.28349999,0.47819605,-0.055259693
0.2836,0.47759852,-0.059162125
0.28369999,0.47696736,-0.063060261
0.28380001,0.47630256,-0.066953801
0.28389999,0.47560418,-0.070842452
0.28400001,0.47487223,-0.074725918
0.2841,0.47410673,-0.078603894
0.28420001,0.4733077,-0.082476087
0.2843,0.4724752,-0.086342193
0.28439999,0.47160923,-0.090201922
0.2845,0.47070986,-0.094054975
0.28459999,0.46977714,-0.097901054
0.28470001,0.46881106,-0.10173985
0.28479999,0.46781173,-0.10557108
0.28490001,0.46677917,-0.10939445
0.285,0.46571341,-0.11320964
0.28510001,0.46461448,-0.11701639
0.2852,0.46348247,-0.1208144
0.28529999,0.46231744,-0.12460335
0.2854,0.46111941,-0.12838295
0.28549999,0.45988852,-0.13215292
0.28560001,0.45862478,-0.13591294
0.28569999,0.45732829,-0.13966274
0.28580001,0.45599911,-0.143402
0.2859,0.45463729,-0.14713044
0.28600001,0.45324296,-0.15084776
0.2861,0.45181617,-0.15455367
0.28619999,0.45035702,-0.15824787
0.2863,0.44886556,-0.16193008
0.28639999,0.44734192,-0.1656
0.28650001,0.44578618,-0.16925733
0.28659999,0.44419843,-0.17290178
0.28670001,0.44257876,-0.17653307
0.2868,0.4409273,-0.18015091
0.28690001,0.43924403,-0.18375504
0.287,0.43752918,-0.18734513
0.28709999,0.43578279,-0.1909209
0.2872,0.43400499,-0.19448209
0.28729999,0.43219593,-0.19802837
0.28740001,0.43035567,-0.20155948
0.28749999,0.42848438,-0.20507513
0.28760001,0.42658213,-0.20857504
0.2877,0.42464909,-0.21205892
0.28780001,0.42268535,-0.21552648
0.2879,0.42069104,-0.21897745
0.28799999,0.41866633,-0.22241156
0.2881,0.41661134,-0.2258285
0.28819999,0.41452616,-0.22922802
0.28830001,0.412411,-0.23260982
0.28839999,0.41026595,-0.23597364
0.28850001,0.40809119,-0.23931919
0.2886,0.4058868,-0.24264622
0.28870001,0.40365294,-0.24595445
0.2888,0.40138981,-0.2492436
0.28889999,0.3990975,-0.25251338
0.289,0.39677626,-0.25576356
0.28909999,0.39442617,-0.25899383
0.28920001,0.39204744,-0.26220396
0.28929999,0.38964018,-0.26539367
0.28940001,0.38720462,-0.26856267
0.2895,0.38474092,-0.27171072
0.28960001,0.38224921,-0.27483755
0.2897,0.37972972,-0.27794293
0.28979999,0.37718257,-0.28102654
0.2899,0.37460798,-0.28408816
0.28999999,0.37200615,-0.28712752
0.29010001,0.36937723,-0.29014438
0.2902,0.36672142,-0.29313847
0.29030001,0.36403888,-0.29610956
0.2904,0.36132976,-0.29905736
0.29049999,0.35859433,-0.30198166
0.2906,0.35583279,-0.30488217
0.29069999,0.35304528,-0.30775869
0.29080001,0.35023206,-0.31061092
0.29089999,0.3473933,-0.31343868
0.29100001,0.34452924,-0.31624168
0.2911,0.34164008,-0.31901968
0.29120001,0.33872598,-0.32177249
0.2913,0.33578724,-0.32449982
0.29139999,0.33282402,-0.32720146
0.2915,0.32983655,-0.32987717
0.29159999,0.32682505,-0.33252671
0.29170001,0.32378975,-0.33514988
0.29179999,0.32073087,-0.33774641
0.29190001,0.31764862,-0.34031612
0.292,0.31454328,-0.34285876
0.29210001,0.31141499,-0.34537408
0.2922,0.30826402,-0.34786192
0.29229999,0.30509061,-0.35032198
0.2924,0.30189502,-0.35275412
0.29249999,0.2986775,-0.35515812
0.29260001,0.29543823,-0.35753372
0.29269999,0.29217753,-0.35988072
0.29280001,0.28889561,-0.36219895
0.2929,0.28559271,-0.36448815
0.29300001,0.28226912,-0.36674818
0.2931,0.27892503,-0.3689788
0.29319999,0.27556077,-0.37117979
0.2933,0.27217656,-0.37335101
0.29339999,0.26877266,-0.37549219
0.29350001,0.26534936,-0.3776032
0.29359999,0.26190686,-0.37968382
0.29370001,0.2584455,-0.38173386
0.2938,0.25496548,-0.38375315
0.29390001,0.25146705,-0.38574147
0.294,0.24795054,-0.38769865
0.29409999,0.24441618,-0.38962454
0.2942,0.24086429,-0.39151892
0.29429999,0.23729512,-0.39338163
0.29440001,0.23370896,-0.3952125
0.29449999,0.23010609,-0.3970114
0.29460001,0.22648679,-0.39877808
0.2947,0.22285134,-0.40051243
0.29480001,0.21920003,-0.40221429
0.2949,0.21553315,-0.40388349
0.29499999,0.211851,-0.40551984
0.2951,0.20815386,-0.40712321
0.29519999,0.20444202,-0.40869346
0.29530001,0.20071578,-0.41023043
0.29539999,0.19697545,-0.41173398
0.29550001,0.19322132,-0.41320395
0.2956,0.18945359,-0.41464016
0.29570001,0.18567266,-0.41604251
0.2958,0.18187881,-0.41741085
0.29589999,0.17807235,-0.41874507
0.296,0.17425358,-0.42004502
0.29609999,0.17042282,-0.42131054
0.29620001,0.16658036,-0.42254159
0.29629999,0.16272654,-0.42373794
0.29640001,0.15886164,-0.42489955
0.2965,0.15498598,-0.42602625
0.29660001,0.15109988,-0.42711794
0.2967,0.14720365,-0.42817453
0.29679999,0.14329763,-0.42919588
0.2969,0.13938211,-0.43018192
0.29699999,0.13545743,-0.4311325
0.29710001,0.13152389,-0.43204755
0.29719999,0.12758183,-0.43292695
0.29730001,0.12363154,-0.4337706
0.2974,0.11967333,-0.43457839
0.29750001,0.11570755,-0.43535024
0.2976,0.11173452,-0.43608609
0.29769999,0.10775459,-0.43678585
0.2978,0.10376807,-0.43744943
0.29789999,0.099775299,-0.43807673
0.29800001,0.095776603,-0.43866771
0.29809999,0.091772318,-0.43922228
0.29820001,0.087762773,-0.43974039
0.2983,0.083748296,-0.44022194
0.29840001,0.079729229,-0.44066688
0.2985,0.075705916,-0.44107518
0.29859999,0.071678676,-0.44144675
0.2987,0.067647859,-0.44178155
0.29879999,0.063613795,-0.44207951
0.29890001,0.059576832,-0.44234061
0.29899999,0.055537291,-0.44256479
0.29910001,0.05149547,-0.44275194
0.2992,0.047451757,-0.44290209
0.29929999,0.043406487,-0.44301519
0.2994,0.039360002,-0.44309121
0.29949999,0.035312645,-0.44313014
0.29960001,0.031264763,-0.44313192
0.29969999,0.027216695,-0.44309655
0.29980001,0.023168787,-0.44302401
0.2999,0.019121384,-0.44291428
0.30000001,0.015074831,-0.44276732
0.3001,0.011029473,-0.44258314
0.30019999,0.006985656,-0.44236177
0.3003,0.0029437279,-0.44210315
0.30039999,-0.0010959647,-0.44180733
0.30050001,-0.0051330742,-0.44147426
0.30059999,-0.0091672521,-0.44110399
0.30070001,-0.013198151,-0.44069651
0.3008,-0.017225469,-0.4402518
0.30090001,-0.021248832,-0.43976986
0.301,-0.025267886,-0.43925074
0.30109999,-0.029282281,-0.43869448
0.3012,-0.033291668,-0.43810111
0.30129999,-0.037295703,-0.43747061
0.30140001,-0.041294031,-0.43680307
0.30149999,-0.045286309,-0.43609849
0.30160001,-0.049272187,-0.43535691
0.3017,-0.053251315,-0.43457842
0.30180001,-0.05722335,-0.433763
0.3019,-0.061187938,-0.43291071
0.30199999,-0.065144733,-0.43202162
0.3021,-0.069093391,-0.43109578
0.30219999,-0.073033556,-0.43013325
0.30230001,-0.076964885,-0.42913413
0.30239999,-0.080887027,-0.42809841
0.30250001,-0.084799655,-0.42702618
0.3026,-0.08870244,-0.42591748
0.30270001,-0.092595011,-0.42477241
0.3028,-0.096477024,-0.42359108
0.30289999,-0.10034813,-0.4223735
0.303,-0.10420799,-0.42111984
0.30309999,-0.10805625,-0.41983014
0.30320001,-0.11189259,-0.41850451
0.30329999,-0.11571664,-0.41714302
0.30340001,-0.11952806,-0.41574579
0.3035,-0.12332653,-0.4143129
0.30360001,-0.12711169,-0.41284448
0.3037,-0.13088319,-0.41134065
0.30379999,-0.13464072,-0.40980148
0.3039,-0.13838391,-0.40822712
0.30399999,-0.14211245,-0.40661767
0.30410001,-0.14582598,-0.40497327
0.30419999,-0.14952418,-0.40329403
0.30430001,-0.15320674,-0.40157998
0.3044,-0.15687329,-0.39983132
0.30450001,-0.16052349,-0.39804822
0.3046,-0.16415703,-0.39623079
0.30469999,-0.16777357,-0.39437917
0.3048,-0.17137279,-0.39249349
0.30489999,-0.17495434,-0.39057395
0.30500001,-0.17851791,-0.38862064
0.30509999,-0.18206315,-0.38663375
0.30520001,-0.18558975,-0.38461345
0.3053,-0.18909737,-0.38255987
0.30540001,-0.19258571,-0.38047317
0.3055,-0.19605443,-0.37835354
0.30559999,-0.19950321,-0.37620112
0.3057,-0.20293173,-0.37401611
0.30579999,-0.20633969,-0.37179869
0.30590001,-0.20972674,-0.36954904
0.30599999,-0.2130926,-0.36726728
0.30610001,-0.21643694,-0.36495361
0.3062,-0.21975945,-0.36260822
0.30630001,-0.2230598,-0.36023131
0.3064,-0.22633772,-0.3578231
0.30649999,-0.22959286,-0.35538378
0.3066,-0.23282494,-0.35291353
0.30669999,-0.23603363,-0.35041261
0.30680001,-0.23921867,-0.34788114
0.30689999,-0.24237971,-0.34531939
0.30700001,-0.24551648,-0.34272757
0.3071,-0.24862866,-0.34010592
0.30720001,-0.25171599,-0.33745459
0.3073,-0.25477812,-0.33477387
0.30739999,-0.25781482,-0.33206394
0.3075,-0.26082575,-0.32932505
0.30759999,-0.26381066,-0.32655746
0.30770001,-0.26676923,-0.32376134
0.30779999,-0.26970118,-0.32093689
0.30790001,-0.27260625,-0.31808439
0.308,-0.27548414,-0.31520411
0.30809999,-0.27833459,-0.3122963
0.3082,-0.28115728,-0.30936116
0.30829999,-0.283952,-0.30639902
0.30840001,-0.28671843,-0.30341005
0.30849999,-0.28945631,-0.30039456
0.30860001,-0.29216537,-0.29735282
0.3087,-0.29484534,-0.29428506
0.30880001,-0.29749599,-0.29119155
0.3089,-0.30011705,-0.28807259
0.30899999,-0.30270821,-0.28492841
0.3091,-0.30526927,-0.28175932
0.30919999,-0.30779997,-0.27856562
0.30930001,-0.31030002,-0.2753475
0.30939999,-0.3127692,-0.27210534
0.30950001,-0.31520727,-0.2688393
0.3096,-0.31761396,-0.26554969
0.30970001,-0.31998906,-0.26223686
0.3098,-0.32233229,-0.25890109
0.30989999,-0.32464346,-0.25554264
0.31,-0.3269223,-0.25216186
0.31009999,-0.32916859,-0.24875902
0.31020001,-0.3313821,-0.24533443
0.31029999,-0.33356261,-0.2418884
0.31040001,-0.33570993,-0.23842123
0.3105,-0.33782378,-0.23493324
0.31060001,-0.33990395,-0.23142475
0.3107,-0.3419503,-0.22789603
0.31079999,-0.34396252,-0.22434746
0.3109,-0.34594047,-0.22077933
0.31099999,-0.34788391,-0.21719196
0.31110001,-0.34979263,-0.21358569
0.31119999,-0.35166648,-0.20996079
0.31130001,-0.35350516,-0.20631757
0.3114,-0.35530859,-0.2026564
0.31150001,-0.3570765,-0.19897762
0.3116,-0.35880873,-0.19528157
0.31169999,-0.3605051,-0.19156858
0.3118,-0.36216545,-0.18783899
0.31189999,-0.36378956,-0.18409313
0.31200001,-0.36537728,-0.18033136
0.31209999,-0.3669284,-0.17655404
0.31220001,-0.3684428,-0.17276148
0.3123,-0.36992031,-0.16895406
0.31240001,-0.37136075,-0.16513212
0.3125,-0.37276393,-0.16129601
0.31259999,-0.37412977,-0.15744609
0.3127,-0.37545806,-0.15358272
0.31279999,-0.37674868,-0.14970627
0.31290001,-0.37800145,-0.14581709
0.31299999,-0.37921622,-0.14191544
0.31310001,-0.38039285,-0.13800175
0.3132,-0.38153124,-0.13407643
0.31330001,-0.38263124,-0.1301398
0.3134,-0.38369271,-0.12619226
0.31349999,-0.38471556,-0.12223415
0.3136,-0.38569963,-0.11826587
0.31369999,-0.38664481,-0.11428778
0.31380001,-0.38755101,-0.11030026
0.31389999,-0.38841808,-0.10630368
0.31400001,-0.38924596,-0.10229844
0.3141,-0.3900345,-0.098284885
0.31420001,-0.39078361,-0.094263427
0.3143,-0.39149323,-0.090234429
0.31439999,-0.39216322,-0.086198293
0.3145,-0.39279351,-0.082155384
0.31459999,-0.39338404,-0.078106105
0.31470001,-0.39393464,-0.074050799
0.31479999,-0.39444527,-0.069989838
0.31490001,-0.39491588,-0.065923646
0.315,-0.39534637,-0.061852612
0.31510001,-0.39573669,-0.057777137
0.3152,-0.39608678,-0.053697605
0.31529999,-0.39639661,-0.049614411
0.3154,-0.39666605,-0.045527954
0.31549999,-0.39689508,-0.041438624
0.31560001,-0.3970837,-0.037346818
0.31569999,-0.39723179,-0.033252936
0.31580001,-0.39733937,-0.029157378
0.3159,-0.39740637,-0.025060538
0.31600001,-0.39743277,-0.020962821
0.3161,-0.39741856,-0.016864628
0.31619999,-0.39736366,-0.012766356
0.3163,-0.39726806,-0.0086683435
0.31639999,-0.39713171,-0.0045710257
0.31650001,-0.39695466,-0.00047481878
0.31659999,-0.39673686,0.0036198755
0.31670001,-0.39647835,0.0077126543
0.3168,-0.39617908,0.011803115
0.31690001,-0.39583907,0.015890853
0.317,-0.39545834,0.019975467
0.31709999,-0.39503688,0.024056548
0.31720001,-0.39457473,0.028133694
0.31729999,-0.39407188,0.032206502
0.31740001,-0.39352834,0.036274564
0.3175,-0.39294422,0.040337473
0.31760001,-0.39231944,0.044394828
0.3177,-0.39165413,0.048446216
0.31779999,-0.39094827,0.052491244
0.3179,-0.39020184,0.056529537
0.31799999,-0.38941497,0.060560659
0.31810001,-0.38858768,0.064584203
0.31819999,-0.38772005,0.068599775
0.31830001,-0.38681212,0.072606958
0.3184,-0.38586396,0.076605357
0.31850001,-0.38487566,0.080594555
0.3186,-0.38384724,0.084574163
0.31869999,-0.38277879,0.088543765
0.3188,-0.38167042,0.092502967
0.31889999,-0.38052219,0.096451364
0.31900001,-0.37933418,0.10038854
0.31909999,-0.3781065,0.10431411
0.31920001,-0.37683925,0.10822767
0.3193,-0.37553251,0.11212881
0.31940001,-0.37418637,0.11601715
0.3195,-0.37280092,0.11989228
0.31959999,-0.37137631,0.12375382
0.3197,-0.36991262,0.12760134
0.31979999,-0.36840999,0.13143447
0.31990001,-0.36686856,0.13525279
0.31999999,-0.36528844,0.13905591
0.32010001,-0.36366975,0.14284344
0.3202,-0.36201268,0.146615
0.32030001,-0.36031732,0.15037017
0.3204,-0.35858381,0.15410855
0.32049999,-0.35681233,0.15782981
0.3206,-0.35500303,0.16153349
0.32069999,-0.35315606,0.16521923
0.32080001,-0.35127157,0.16888665
0.32089999,-0.34934974,0.17253536
0.32100001,-0.34739065,0.17616498
0.3211,-0.34539455,0.17977513
0.32120001,-0.34336159,0.18336543
0.3213,-0.34129196,0.18693548
0.32139999,-0.33918583,0.19048493
0.3215,-0.33704343,0.19401336
0.32159999,-0.33486494,0.19752043
0.32170001,-0.33265054,0.20100576
0.32179999,-0.33040044,0.20446895
0.32190001,-0.32811481,0.20790967
0.322,-0.32579392,0.21132752
0.32210001,-0.32343793,0.21472214
0.3222,-0.3210471,0.21809316
0.32229999,-0.31862161,0.22144023
0.3224,-0.31616169,0.22476296
0.32249999,-0.3136676,0.22806102
0.32260001,-0.31113946,0.23133406
0.32269999,-0.30857757,0.23458169
0.32280001,-0.3059822,0.23780358
0.3229,-0.30335355,0.24099937
0.32300001,-0.3006919,0.24416871
0.3231,-0.29799747,0.24731125
0.32319999,-0.29527053,0.25042665
0.3233,-0.29251134,0.25351453
0.32339999,-0.28972018,0.2565746
0.32350001,-0.28689724,0.25960651
0.32359999,-0.28404289,0.26260993
0.32370001,-0.28115734,0.26558447
0.3238,-0.27824089,0.26852986
0.32390001,-0.2752938,0.27144575
0.324,-0.2723164,0.27433181
0.32409999,-0.26930887,0.27718771
0.3242,-0.26627153,0.28001314
0.32429999,-0.26320469,0.28280777
0.32440001,-0.26010868,0.28557131
0.32449999,-0.25698376,0.28830341
0.32460001,-0.25383025,0.29100376
0.3247,-0.25064847,0.29367211
0.32480001,-0.2474387,0.2963081
0.3249,-0.24420127,0.29891142
0.32499999,-0.24093652,0.30148181
0.3251,-0.23764473,0.30401894
0.32519999,-0.23432627,0.30652255
0.32530001,-0.23098144,0.30899233
0.32539999,-0.22761057,0.31142798
0.32550001,-0.22421402,0.31382924
0.3256,-0.2207921,0.31619582
0.32570001,-0.21734509,0.31852743
0.3258,-0.21387339,0.32082379
0.32589999,-0.21037732,0.32308465
0.32600001,-0.20685726,0.32530975
0.32609999,-0.20331356,0.32749876
0.32620001,-0.19974658,0.3296515
0.3263,-0.19615665,0.33176768
0.32640001,-0.19254416,0.33384705
0.3265,-0.18890947,0.33588934
0.32659999,-0.18525295,0.33789429
0.3267,-0.18157496,0.33986172
0.32679999,-0.17787588,0.34179133
0.32690001,-0.17415608,0.34368291
0.32699999,-0.17041597,0.3455362
0.32710001,-0.16665588,0.34735101
0.3272,-0.16287625,0.34912708
0.32730001,-0.15907735,0.3508642
0.3274,-0.15525962,0.35256213
0.32749999,-0.15142351,0.35422066
0.3276,-0.14756936,0.35583958
0.32769999,-0.1436976,0.35741872
0.32780001,-0.13980861,0.35895783
0.32789999,-0.13590281,0.36045673
0.32800001,-0.13198058,0.36191523
0.3281,-0.12804236,0.36333314
0.32820001,-0.12408853,0.36471024
0.3283,-0.12011951,0.3660464
0.32839999,-0.11613573,0.3673414
0.3285,-0.11213759,0.36859506
0.32859999,-0.10812553,0.36980724
0.32870001,-0.10409995,0.37097776
0.32879999,-0.10006126,0.37210646
0.32890001,-0.096009836,0.37319311
0.329,-0.091946162,0.37423763
0.32910001,-0.087870665,0.37523985
0.3292,-0.083783776,0.37619963
0.32929999,-0.079685919,0.37711683
0.3294,-0.075577542,0.37799132
0.32949999,-0.07145907,0.37882292
0.32960001,-0.067330942,0.37961155
0.32969999,-0.063193604,0.38035709
0.32980001,-0.059047498,0.38105938
0.3299,-0.054893065,0.38171834
0.33000001,-0.050730754,0.38233384
0.3301,-0.04656101,0.38290578
0.33019999,-0.042384285,0.38343406
0.3303,-0.038201027,0.38391858
0.33039999,-0.034011632,0.38435921
0.33050001,-0.02981657,0.38475588
0.33059999,-0.025616318,0.38510853
0.33070001,-0.021411328,0.38541704
0.3308,-0.017202055,0.38568136
0.33090001,-0.012988959,0.38590145
0.331,-0.0087724961,0.3860772
0.33109999,-0.004553128,0.38620856
0.3312,-0.00033131475,0.38629547
0.33129999,0.0038924816,0.38633791
0.33140001,0.0081177978,0.38633582
0.33149999,0.012344168,0.38628915
0.33160001,0.016571131,0.38619784
0.3317,0.020798214,0.38606191
0.33180001,0.025024954,0.3858813
0.3319,0.02925089,0.38565603
0.33199999,0.033475611,0.38538596
0.3321,0.0376986,0.38507113
0.33219999,0.041919392,0.38471159
0.33230001,0.046137512,0.38430727
0.33239999,0.050352495,0.38385823
0.33250001,0.054563869,0.38336444
0.3326,0.058771163,0.38282594
0.33270001,0.062973909,0.38224271
0.3328,0.067171633,0.38161477
0.33289999,0.071363859,0.38094223
0.333,0.075550124,0.380225
0.33309999,0.079729959,0.37946323
0.33320001,0.083902873,0.37865686
0.33329999,0.088068411,0.37780604
0.33340001,0.092226088,0.37691075
0.3335,0.096375465,0.37597102
0.33360001,0.10051609,0.37498692
0.3337,0.10464745,0.37395853
0.33379999,0.10876909,0.37288594
0.3339,0.11288053,0.37176919
0.33399999,0.1169813,0.37060839
0.33410001,0.12107094,0.36940363
0.33419999,0.12514897,0.368155
0.33430001,0.12921491,0.3668626
0.3344,0.13326831,0.3655265
0.33450001,0.13730872,0.36414686
0.3346,0.14133562,0.36272374
0.33469999,0.14534859,0.36125726
0.3348,0.14934714,0.35974759
0.33489999,0.15333082,0.35819483
0.33500001,0.15729915,0.35659912
0.3351,0.16125171,0.3549605
0.33520001,0.16518801,0.35327917
0.3353,0.1691076,0.35155529
0.33539999,0.17301002,0.34978899
0.3355,0.17689478,0.34798044
0.33559999,0.18076147,0.34612983
0.33570001,0.18460961,0.3442373
0.33579999,0.18843873,0.34230301
0.33590001,0.19224839,0.34032714
0.336,0.19603816,0.33830991
0.33610001,0.19980754,0.33625147
0.3362,0.20355614,0.33415201
0.33629999,0.20728345,0.33201176
0.3364,0.21098907,0.32983088
0.33649999,0.21467255,0.3276096
0.33660001,0.21833344,0.32534814
0.33669999,0.22197132,0.32304659
0.33680001,0.22558573,0.32070529
0.3369,0.22917625,0.31832442
0.33700001,0.23274243,0.31590423
0.3371,0.23628384,0.31344494
0.33719999,0.23980005,0.31094682
0.3373,0.24329065,0.30841011
0.33739999,0.24675518,0.30583504
0.33750001,0.25019324,0.30322185
0.33759999,0.25360441,0.30057085
0.33770001,0.25698826,0.29788229
0.3378,0.26034436,0.29515639
0.33790001,0.26367232,0.29239348
0.338,0.26697171,0.28959382
0.33809999,0.27024212,0.28675771
0.3382,0.27348319,0.28388536
0.33829999,0.27669445,0.28097707
0.33840001,0.27987555,0.27803314
0.33849999,0.28302607,0.27505389
0.33860001,0.2861456,0.27203965
0.3387,0.28923377,0.26899073
0.33880001,0.29229018,0.26590738
0.3389,0.29531446,0.26278999
0.33899999,0.2983062,0.25963888
0.3391,0.30126503,0.25645432
0.33919999,0.30419058,0.25323668
0.33930001,0.30708244,0.24998632
0.33939999,0.30994028,0.24670355
0.33950001,0.31276372,0.24338873
0.3396,0.31555241,0.24004221
0.33970001,0.31830597,0.23666432
0.3398,0.321024,0.23325539
0.33989999,0.32370624,0.22981575
0.34,0.32635224,0.22634582
0.34009999,0.32896173,0.22284599
0.34020001,0.33153433,0.2193166
0.34029999,0.3340697,0.21575804
0.34040001,0.33656752,0.21217071
0.3405,0.33902743,0.20855497
0.34060001,0.34144914,0.20491123
0.3407,0.34383231,0.20123987
0.34079999,0.34617659,0.19754131
0.3409,0.34848171,0.19381592
0.34099999,0.35074732,0.19006413
0.34110001,0.35297313,0.18628636
0.34119999,0.35515887,0.182483
0.34130001,0.35730416,0.17865448
0.3414,0.35940871,0.1748011
0.34150001,0.36147228,0.17092338
0.3416,0.36349455,0.16702174
0.34169999,0.36547527,0.16309662
0.3418,0.36741412,0.15914844
0.34189999,0.36931083,0.15517765
0.34200001,0.37116516,0.15118469
0.34209999,0.37297681,0.14717001
0.34220001,0.37474555,0.14313404
0.3423,0.3764711,0.13907725
0.34240001,0.37815323,0.13500008
0.3425,0.37979168,0.13090299
0.34259999,0.38138622,0.12678647
0.3427,0.38293657,0.12265094
0.34279999,0.38444257,0.11849691
0.34290001,0.38590389,0.11432479
0.34299999,0.38732037,0.110135
0.34310001,0.38869178,0.10592809
0.3432,0.3900179,0.10170453
0.34330001,0.3912985,0.097464807
0.3434,0.39253342,0.093209393
0.34349999,0.39372244,0.088938788
0.3436,0.39486539,0.084653467
0.34369999,0.39596206,0.080353931
0.34380001,0.39701226,0.076040678
0.3439,0.39801583,0.071714193
0.34400001,0.39897257,0.067374982
0.3441,0.39988238,0.063023552
0.34419999,0.400745,0.058660403
0.3443,0.40156037,0.054286044
0.34439999,0.40232828,0.049900983
0.34450001,0.40304857,0.045505662
0.34459999,0.40372109,0.04110061
0.34470001,0.40434572,0.036686372
0.3448,0.40492237,0.032263465
0.34490001,0.40545085,0.027832402
0.345,0.40593112,0.023393707
0.34509999,0.40636301,0.018947901
0.3452,0.40674642,0.014495508
0.34529999,0.40708125,0.010037052
0.34540001,0.40736744,0.0055730627
0.34549999,0.40760484,0.0011040686
0.34560001,0.4077934,-0.0033693991
0.3457,0.40793306,-0.0078468081
0.34580001,0.40802374,-0.012327623
0.3459,0.40806529,-0.016811365
0.34599999,0.40805766,-0.021297501
0.3461,0.40800086,-0.025785463
0.34619999,0.40789479,-0.030274712
0.34630001,0.40773943,-0.034764711
0.34639999,0.40753475,-0.039254922
0.34650001,0.40728071,-0.043744802
0.3466,0.40697727,-0.048233818
0.34670001,0.40662441,-0.052721422
0.3468,0.40622211,-0.05720707
0.34689999,0.40577039,-0.061690222
0.347,0.40526921,-0.066170335
0.34709999,0.40471861,-0.07064686
0.34720001,0.40411857,-0.07511925
0.34729999,0.40346909,-0.07958699
0.34740001,0.40277016,-0.084049545
0.3475,0.40202188,-0.088506341
0.34760001,0.40122423,-0.092956834
0.3477,0.40037724,-0.097400479
0.34779999,0.399481,-0.10183673
0.3479,0.39853555,-0.10626505
0.34799999,0.39754093,-0.11068488
0.34810001,0.39649719,-0.11509568
0.34819999,0.39540446,-0.1194969
0.34830001,0.39426273,-0.12388801
0.3484,0.39307216,-0.12826844
0.34850001,0.3918328,-0.13263765
0.3486,0.39054474,-0.13699512
0.34869999,0.38920805,-0.14134029
0.3488,0.38782284,-0.14567263
0.34889999,0.38638923,-0.1499916
0.34900001,0.38490734,-0.15429664
0.34909999,0.38337731,-0.15858722
0.34920001,0.38179922,-0.16286278
0.3493,0.3801733,-0.16712281
0.34940001,0.3784996,-0.17136675
0.3495,0.37677827,-0.17559408
0.34959999,0.37500954,-0.17980425
0.3497,0.37319353,-0.18399672
0.34979999,0.37133038,-0.18817097
0.34990001,0.36942032,-0.19232644
0.34999999,0.36746347,-0.19646263
0.35010001,0.36546004,-0.20057902
0.3502,0.36341015,-0.20467506
0.35030001,0.36131403,-0.20875025
0.3504,0.35917193,-0.21280403
0.35049999,0.35698402,-0.21683592
0.3506,0.35475051,-0.22084534
0.35069999,0.35247165,-0.22483182
0.35080001,0.35014766,-0.22879483
0.35089999,0.34777874,-0.23273383
0.35100001,0.34536517,-0.23664834
0.3511,0.34290716,-0.24053784
0.35120001,0.34040499,-0.2444018
0.3513,0.33785892,-0.24823973
0.35139999,0.33526918,-0.25205112
0.3515,0.33263606,-0.25583547
0.35159999,0.32995972,-0.25959232
0.35170001,0.32724056,-0.26332113
0.35179999,0.32447883,-0.26702145
0.35190001,0.32167479,-0.27069271
0.352,0.31882882,-0.27433449
0.35210001,0.31594113,-0.27794629
0.3522,0.31301209,-0.28152761
0.35229999,0.31004199,-0.28507796
0.3524,0.30703115,-0.28859693
0.35249999,0.3039799,-0.29208398
0.35260001,0.3008886,-0.29553863
0.3527,0.29775754,-0.29896048
0.35280001,0.29458708,-0.30234903
0.3529,0.29137754,-0.30570382
0.35299999,0.28812924,-0.30902439
0.3531,0.28484258,-0.31231028
0.35319999,0.28151789,-0.31556109
0.35330001,0.2781556,-0.31877628
0.35339999,0.27475604,-0.3219555
0.35350001,0.2713196,-0.32509828
0.3536,0.26784667,-0.32820415
0.35370001,0.26433763,-0.33127275
0.3538,0.26079288,-0.33430359
0.35389999,0.25721282,-0.33729628
0.354,0.25359786,-0.34025037
0.35409999,0.2499484,-0.34316552
0.35420001,0.24626487,-0.34604123
0.35429999,0.24254771,-0.34887713
0.35440001,0.2387972,-0.35167283
0.3545,0.23501389,-0.35442793
0.35460001,0.23119818,-0.357142
0.3547,0.22735053,-0.3598147
0.35479999,0.22347137,-0.36244562
0.3549,0.21956117,-0.36503437
0.35499999,0.21562035,-0.36758062
0.35510001,0.2116494,-0.37008399
0.35519999,0.20764878,-0.37254408
0.35530001,0.20361894,-0.37496054
0.3554,0.19956037,-0.37733305
0.35550001,0.19547354,-0.37966123
0.3556,0.19135892,-0.38194475
0.35569999,0.18721703,-0.38418326
0.3558,0.18304825,-0.38637638
0.35589999,0.17885312,-0.38852385
0.35600001,0.17463218,-0.39062533
0.35609999,0.17038588,-0.39268047
0.35620001,0.16611478,-0.39468899
0.3563,0.16181935,-0.39665055
0.35640001,0.15750012,-0.39856488
0.3565,0.15315761,-0.40043166
0.35659999,0.14879234,-0.40225065
0.3567,0.14440483,-0.40402147
0.35679999,0.1399956,-0.40574393
0.35690001,0.13556522,-0.40741771
0.35699999,0.1311142,-0.40904257
0.35710001,0.12664308,-0.41061822
0.3572,0.12215234,-0.41214436
0.35730001,0.11764257,-0.4136208
0.3574,0.1131143,-0.41504729
0.35749999,0.10856812,-0.41642356
0.3576,0.10400457,-0.4177494
0.35769999,0.099424206,-0.41902459
0.35780001,0.0948276,-0.4202489
0.35789999,0.09021531,-0.42142212
0.35800001,0.085587911,-0.42254403
0.3581,0.080945969,-0.42361444
0.35820001,0.076290064,-0.42463315
0.3583,0.071620762,-0.42559996
0.35839999,0.066938661,-0.42651471
0.3585,0.062244337,-0.42737722
0.35859999,0.057538319,-0.42818731
0.35870001,0.0528212,-0.42894477
0.35879999,0.048093598,-0.42964947
0.35890001,0.043356102,-0.43030128
0.359,0.038609311,-0.43090004
0.35910001,0.03385381,-0.43144563
0.3592,0.029090205,-0.4319379
0.35929999,0.024319096,-0.43237677
0.3594,0.019541079,-0.43276206
0.35949999,0.014756764,-0.4330937
0.35960001,0.0099667562,-0.43337157
0.35969999,0.0051716627,-0.4335956
0.35980001,0.00037209401,-0.43376568
0.3599,-0.004431338,-0.43388173
0.36000001,-0.0092380587,-0.43394366
0.3601,-0.014047463,-0.43395135
0.36019999,-0.01885891,-0.43390477
0.3603,-0.023671782,-0.43380392
0.36039999,-0.028485464,-0.43364868
0.36050001,-0.033299338,-0.43343905
0.36059999,-0.038112786,-0.433175
0.36070001,-0.042925186,-0.4328565
0.3608,-0.047735918,-0.43248349
0.36090001,-0.052544359,-0.43205601
0.361,-0.057349887,-0.43157405
0.36109999,-0.062151879,-0.43103758
0.3612,-0.06694971,-0.43044662
0.36129999,-0.071742758,-0.42980123
0.36140001,-0.076530412,-0.42910135
0.36149999,-0.081312083,-0.42834696
0.36160001,-0.0860871,-0.42753819
0.3617,-0.090854853,-0.42667508
0.36179999,-0.095614709,-0.42575765
0.3619,-0.10036606,-0.424786
0.36199999,-0.10510825,-0.42376015
0.36210001,-0.10984068,-0.4226802
0.36219999,-0.11456272,-0.42154622
0.36230001,-0.11927374,-0.4203583
0.3624,-0.12397313,-0.41911656
0.36250001,-0.12866025,-0.41782108
0.3626,-0.13333449,-0.41647196
0.36269999,-0.13799521,-0.41506934
0.3628,-0.14264184,-0.41361329
0.36289999,-0.14727375,-0.41210392
0.36300001,-0.15189029,-0.41054142
0.36309999,-0.15649088,-0.40892592
0.36320001,-0.16107488,-0.40725759
0.3633,-0.16564167,-0.40553656
0.36340001,-0.17019063,-0.40376303
0.3635,-0.17472118,-0.40193716
0.36359999,-0.17923269,-0.4000591
0.3637,-0.18372454,-0.39812911
0.36379999,-0.18819614,-0.39614731
0.36390001,-0.19264688,-0.39411396
0.36399999,-0.19707616,-0.39202926
0.36410001,-0.20148335,-0.38989344
0.3642,-0.20586789,-0.38770667
0.36430001,-0.21022917,-0.38546911
0.3644,-0.2145666,-0.3831811
0.36449999,-0.2188796,-0.38084286
0.3646,-0.22316754,-0.37845466
0.36469999,-0.22742985,-0.37601674
0.36480001,-0.23166595,-0.37352937
0.36489999,-0.23587525,-0.37099284
0.36500001,-0.24005717,-0.36840743
0.3651,-0.24421112,-0.36577341
0.36520001,-0.24833655,-0.36309108
0.3653,-0.25243285,-0.36036074
0.36539999,-0.2564995,-0.35758272
0.3655,-0.2605359,-0.35475734
0.36559999,-0.26454151,-0.3518849
0.36570001,-0.26851574,-0.34896562
0.36579999,-0.27245808,-0.34599993
0.36590001,-0.2763679,-0.34298816
0.366,-0.28024474,-0.33993068
0.36610001,-0.28408799,-0.33682781
0.3662,-0.28789714,-0.33367994
0.36629999,-0.29167163,-0.33048746
0.3664,-0.29541096,-0.32725069
0.36649999,-0.29911456,-0.32397008
0.36660001,-0.30278194,-0.32064596
0.36669999,-0.30641252,-0.31727874
0.36680001,-0.31000584,-0.31386882
0.3669,-0.31356138,-0.31041667
0.36700001,-0.31707859,-0.30692261
0.3671,-0.320557,-0.30338702
0.36719999,-0.3239961,-0.29981035
0.3673,-0.32739538,-0.29619309
0.36739999,-0.33075437,-0.29253566
0.36750001,-0.33407256,-0.28883851
0.36759999,-0.33734947,-0.28510204
0.36770001,-0.34058464,-0.28132677
0.3678,-0.3437776,-0.27751315
0.36790001,-0.34692785,-0.27366161
0.368,-0.35003495,-0.26977268
0.36809999,-0.35309848,-0.26584682
0.3682,-0.35611793,-0.26188451
0.36829999,-0.35909286,-0.25788623
0.36840001,-0.36202285,-0.25385252
0.36849999,-0.36490744,-0.24978375
0.36860001,-0.3677462,-0.2456805
0.3687,-0.37053874,-0.24154329
0.36880001,-0.37328458,-0.23737264
0.3689,-0.37598336,-0.23316906
0.36899999,-0.37863466,-0.22893311
0.3691,-0.38123807,-0.22466531
0.36919999,-0.38379321,-0.22036619
0.36930001,-0.38629967,-0.21603632
0.36939999,-0.38875705,-0.21167624
0.36950001,-0.39116502,-0.20728648
0.3696,-0.39352319,-0.20286764
0.36970001,-0.39583117,-0.19842027
0.3698,-0.39808863,-0.19394493
0.36989999,-0.4002952,-0.18944213
0.37,-0.4024505,-0.18491246
0.37009999,-0.40455425,-0.18035655
0.37020001,-0.40660605,-0.17577496
0.37029999,-0.40860564,-0.17116831
0.37040001,-0.41055268,-0.16653718
0.3705,-0.41244683,-0.16188218
0.37059999,-0.41428781,-0.1572039
0.3707,-0.41607532,-0.15250295
0.37079999,-0.41780907,-0.14777996
0.37090001,-0.41948876,-0.14303553
0.37099999,-0.42111415,-0.1382703
0.37110001,-0.42268491,-0.13348487
0.3712,-0.42420083,-0.1286799
0.37130001,-0.42566156,-0.12385593
0.3714,-0.42706689,-0.11901361
0.37149999,-0.42841661,-0.11415362
0.3716,-0.42971048,-0.10927659
0.37169999,-0.43094823,-0.10438317
0.37180001,-0.43212965,-0.099474005
0.37189999,-0.43325457,-0.094549745
0.37200001,-0.43432277,-0.089611046
0.3721,-0.43533403,-0.084658563
0.37220001,-0.43628818,-0.079692967
0.3723,-0.43718502,-0.074714914
0.37239999,-0.43802437,-0.069725066
0.3725,-0.43880612,-0.064724095
0.37259999,-0.43953004,-0.059712682
0.37270001,-0.44019595,-0.054691438
0.37279999,-0.44080374,-0.049661033
0.37290001,-0.44135326,-0.044622183
0.373,-0.4418444,-0.039575566
0.37310001,-0.44227704,-0.034521863
0.3732,-0.44265106,-0.029461753
0.37329999,-0.44296637,-0.024395926
0.3734,-0.44322288,-0.019325066
0.37349999,-0.44342047,-0.014249865
0.37360001,-0.44355905,-0.0091710128
0.37369999,-0.44363862,-0.0040892009
0.37380001,-0.44365904,0.00099487486
0.3739,-0.44362029,0.0060805194
0.37400001,-0.44352233,0.011167035
0.3741,-0.44336507,0.016253764
0.37419999,-0.44314843,0.021340024
0.3743,-0.44287246,0.026425082
0.37439999,-0.44253713,0.031508241
0.37450001,-0.44214246,0.036588799
0.37459999,-0.44168839,0.041666057
0.37470001,-0.44117501,0.04673931
0.3748,-0.44060227,0.051807862
0.37490001,-0.43997023,0.056871008
0.375,-0.43927893,0.061928045
0.37509999,-0.43852839,0.066978276
0.3752,-0.43771866,0.072020985
0.37529999,-0.43684986,0.077055477
0.37540001,-0.435922,0.08208105
0.37549999,-0.43493512,0.087097019
0.37560001,-0.43388927,0.092102714
0.3757,-0.43278462,0.097097397
0.37580001,-0.43162125,0.10208037
0.3759,-0.43039927,0.10705093
0.37599999,-0.42911881,0.11200839
0.3761,-0.42778,0.11695204
0.37619999,-0.42638296,0.12188119
0.37630001,-0.42492783,0.12679513
0.37639999,-0.42341477,0.13169318
0.37650001,-0.42184395,0.13657466
0.3766,-0.42021555,0.14143883
0.37670001,-0.41852969,0.14628504
0.3768,-0.41678664,0.1511126
0.37689999,-0.41498652,0.1559208
0.377,-0.41312945,0.16070902
0.37709999,-0.41121572,0.16547652
0.37720001,-0.40924558,0.17022264
0.37729999,-0.4072192,0.17494668
0.37740001,-0.40513688,0.17964798
0.3775,-0.40299881,0.18432586
0.37760001,-0.40080526,0.18897964
0.3777,-0.39855647,0.19360867
0.37779999,-0.39625278,0.19821227
0.3779,-0.39389437,0.20278975
0.37799999,-0.39148161,0.20734049
0.37810001,-0.38901475,0.21186382
0.37819999,-0.3864941,0.21635906
0.37830001,-0.38391995,0.22082558
0.3784,-0.38129252,0.22526275
0.37850001,-0.37861222,0.22966988
0.3786,-0.37587938,0.23404637
0.37869999,-0.37309432,0.23839155
0.3788,-0.37025744,0.24270479
0.37889999,-0.36736906,0.24698548
0.37900001,-0.36442953,0.25123295
0.37909999,-0.36143926,0.25544661
0.37920001,-0.35839859,0.25962582
0.3793,-0.35530797,0.26376998
0.37940001,-0.35216773,0.26787847
0.3795,-0.34897831,0.27195069
0.37959999,-0.34574014,0.27598602
0.37970001,-0.34245357,0.27998385
0.37979999,-0.33911896,0.28394362
0.37990001,-0.33573681,0.28786471
0.38,-0.33230758,0.29174656
0.38010001,-0.32883167,0.29558858
0.3802,-0.3253096,0.2993902
0.38029999,-0.32174179,0.3031508
0.3804,-0.31812871,0.30686989
0.38049999,-0.31447086,0.31054688
0.38060001,-0.31076872,0.31418121
0.38069999,-0.30702275,0.31777233
0.38080001,-0.30323347,0.3213197
0.3809,-0.2994014,0.32482278
0.38100001,-0.29552707,0.32828104
0.3811,-0.29161093,0.33169398
0.38119999,-0.28765342,0.33506101
0.3813,-0.28365517,0.33838165
0.38139999,-0.27961668,0.34165537
0.38150001,-0.27553853,0.34488171
0.38159999,-0.27142125,0.34806016
0.38170001,-0.26726544,0.35119021
0.3818,-0.26307163,0.35427138
0.38190001,-0.25884038,0.35730323
0.382,-0.25457227,0.36028525
0.38209999,-0.25026789,0.36321697
0.3822,-0.24592784,0.36609796
0.38229999,-0.24155271,0.36892775
0.38240001,-0.2371431,0.37170592
0.38249999,-0.23269962,0.37443203
0.38260001,-0.22822274,0.37710556
0.3827,-0.22371317,0.37972617
0.38280001,-0.21917155,0.3822934
0.3829,-0.21459849,0.3848069
0.38299999,-0.20999463,0.38726622
0.3831,-0.20536062,0.38967097
0.38319999,-0.20069708,0.39202079
0.38330001,-0.19600467,0.39431527
0.38339999,-0.19128406,0.39655405
0.38350001,-0.18653589,0.3987368
0.3836,-0.18176083,0.40086311
0.38370001,-0.17695956,0.40293267
0.3838,-0.17213275,0.40494514
0.38389999,-0.16728106,0.40690014
0.384,-0.16240512,0.40879735
0.38409999,-0.15750562,0.41063645
0.38420001,-0.15258329,0.41241714
0.38429999,-0.14763881,0.41413912
0.38440001,-0.14267291,0.41580212
0.3845,-0.13768627,0.41740584
0.38460001,-0.13267961,0.41895002
0.3847,-0.12765363,0.42043436
0.38479999,-0.12260905,0.42185861
0.3849,-0.1175466,0.42322257
0.38499999,-0.11246698,0.42452592
0.38510001,-0.10737096,0.42576849
0.38519999,-0.10225923,0.42695004
0.38530001,-0.097132415,0.42807025
0.3854,-0.091991343,0.42912897
0.38550001,-0.086836755,0.43012604
0.3856,-0.08166939,0.43106124
0.38569999,-0.076489985,0.43193442
0.3858,-0.071299285,0.43274537
0.38589999,-0.066098049,0.43349391
0.38600001,-0.060887016,0.43417996
0.38609999,-0.05566695,0.43480331
0.38620001,-0.050438602,0.43536386
0.3863,-0.045202736,0.43586147
0.38640001,-0.039960109,0.43629605
0.3865,-0.034711465,0.43666741
0.38659999,-0.029457543,0.43697545
0.3867,-0.024199137,0.4372201
0.38679999,-0.018937014,0.43740132
0.38690001,-0.013671944,0.43751898
0.38699999,-0.0084046954,0.43757308
0.38710001,-0.0031360404,0.43756354
0.3872,0.0021332479,0.43749028
0.38730001,0.0074023958,0.43735331
0.3874,0.012670628,0.43715259
0.38749999,0.017937168,0.4368881
0.3876,0.023201238,0.43655986
0.38769999,0.028462062,0.43616787
0.38780001,0.033718884,0.43571207
0.38789999,0.038970925,0.43519247
0.38800001,0.044217397,0.43460917
0.3881,0.04945752,0.4339622
0.38820001,0.054690514,0.43325162
0.3883,0.059915602,0.43247744
0.38839999,0.065132007,0.43163979
0.38850001,0.070338942,0.43073872
0.38859999,0.07553564,0.42977434
0.38870001,0.080721319,0.42874673
0.3888,0.085895196,0.42765599
0.38890001,0.091056503,0.42650226
0.389,0.09620446,0.42528567
0.38909999,0.10133833,0.42400625
0.3892,0.10645732,0.42266423
0.38929999,0.11156066,0.42125976
0.38940001,0.11664757,0.41979301
0.38949999,0.12171728,0.41826415
0.38960001,0.12676904,0.41667336
0.3897,0.13180207,0.41502082
0.38980001,0.13681559,0.41330677
0.3899,0.14180887,0.41153142
0.38999999,0.14678115,0.40969497
0.3901,0.15173164,0.40779766
0.39019999,0.1566596,0.40583977
0.39030001,0.16156431,0.4038215
0.39039999,0.166445,0.40174302
0.39050001,0.17130093,0.39960471
0.3906,0.17613135,0.39740682
0.39070001,0.18093552,0.39514962
0.3908,0.1857127,0.39283347
0.39089999,0.19046216,0.39045861
0.391,0.19518314,0.3880254
0.39109999,0.19987497,0.38553417
0.39120001,0.20453686,0.3829852
0.39129999,0.20916814,0.3803789
0.39140001,0.21376805,0.37771559
0.3915,0.21833591,0.37499568
0.39160001,0.22287101,0.37221941
0.3917,0.22737263,0.36938721
0.39179999,0.23184007,0.36649948
0.3919,0.23627263,0.36355662
0.39199999,0.24066964,0.36055908
0.39210001,0.24503039,0.3575072
0.39219999,0.24935421,0.35440147
0.39230001,0.25364041,0.35124227
0.3924,0.25788832,0.34803009
0.39250001,0.26209727,0.34476534
0.3926,0.26626661,0.34144852
0.39269999,0.2703957,0.33808008
0.3928,0.27448383,0.3346605
0.39289999,0.27853036,0.33119017
0.39300001,0.28253469,0.32766962
0.39309999,0.28649613,0.32409942
0.39320001,0.29041412,0.32048002
0.3933,0.29428798,0.31681195
0.39340001,0.2981171,0.31309575
0.3935,0.30190086,0.30933195
0.39359999,0.3056387,0.3055211
0.3937,0.30932999,0.30166373
0.39379999,0.3129741,0.2977604
0.39390001,0.31657049,0.29381168
0.39399999,0.32011858,0.28981817
0.39410001,0.32361779,0.2857804
0.3942,0.32706749,0.28169888
0.39430001,0.33046719,0.27757433
0.3944,0.33381632,0.27340728
0.39449999,0.33711433,0.26919836
0.3946,0.34036067,0.26494822
0.39469999,0.34355482,0.26065743
0.39480001,0.34669629,0.25632668
0.39489999,0.34978449,0.25195655
0.39500001,0.35281897,0.24754775
0.3951,0.35579917,0.24310088
0.39520001,0.35872465,0.23861662
0.3953,0.36159495,0.23409563
0.39539999,0.36440948,0.22953856
0.3955,0.36716786,0.22494604
0.39559999,0.36986956,0.22031881
0.39570001,0.37251419,0.21565755
0.39579999,0.37510127,0.21096295
0.39590001,0.37763038,0.20623572
0.396,0.38010108,0.20147659
0.39610001,0.38251296,0.19668624
0.3962,0.38486558,0.19186541
0.39629999,0.38715857,0.18701483
0.3964,0.38939154,0.18213522
0.39649999,0.39156407,0.17722733
0.39660001,0.39367583,0.1722919
0.39669999,0.39572638,0.16732959
0.39680001,0.39771539,0.16234121
0.3969,0.39964253,0.15732752
0.39700001,0.40150744,0.15228927
0.3971,0.40330979,0.14722723
0.39719999,0.40504926,0.14214219
0.3973,0.40672559,0.13703491
0.39739999,0.4083384,0.13190618
0.39750001,0.40988743,0.12675677
0.3976,0.41137239,0.12158749
0.39770001,0.41279304,0.11639913
0.3978,0.41414911,0.11119247
0.39789999,0.41544029,0.10596833
0.398,0.41666633,0.10072742
0.39809999,0.41782701,0.095470622
0.39820001,0.41892216,0.090198733
0.39829999,0.41995147,0.084912576
0.39840001,0.42091483,0.07961297
0.3985,0.421812,0.074300729
0.39860001,0.4226428,0.068976685
0.3987,0.42340705,0.06364166
0.39879999,0.42410463,0.05829649
0.3989,0.42473534,0.052942
0.39899999,0.42529905,0.047579031
0.39910001,0.42579564,0.042208426
0.39919999,0.42622498,0.036830992
0.39930001,0.42658687,0.031447545
0.3994,0.42688128,0.026058961
0.39950001,0.42710811,0.020666089
0.3996,0.42726731,0.015269774
0.39969999,0.42735878,0.0098708645
0.3998,0.42738244,0.0044702101
0.39989999,0.4273383,-0.00093133771
0.40000001,0.42722631,-0.0063329255
0.40009999,0.42704639,-0.011733699
0.40020001,0.42679858,-0.017132802
0.4003,0.42648289,-0.02252938
0.40040001,0.42609927,-0.027922573
0.4005,0.42564771,-0.033311568
0.40059999,0.42512825,-0.038695496
0.4007,0.42454091,-0.044073489
0.40079999,0.42388579,-0.049444683
0.40090001,0.42316297,-0.054808229
0.40099999,0.42237243,-0.060163263
0.40110001,0.42151433,-0.065508939
0.4012,0.42058873,-0.070844389
0.40130001,0.41959572,-0.076168761
0.4014,0.41853547,-0.081481196
0.40149999,0.41740805,-0.086780854
0.4016,0.41621363,-0.092066862
0.40169999,0.41495234,-0.097338378
0.40180001,0.41362423,-0.10259459
0.40189999,0.41222957,-0.10783463
0.40200001,0.41076851,-0.11305764
0.4021,0.40924126,-0.11826277
0.40220001,0.40764803,-0.12344918
0.4023,0.40598899,-0.12861603
0.40239999,0.40426439,-0.13376248
0.4025,0.40247446,-0.13888769
0.40259999,0.40061945,-0.14399083
0.40270001,0.39869961,-0.14907105
0.40279999,0.39671522,-0.15412754
0.40290001,0.39466655,-0.15915947
0.403,0.39255384,-0.16416602
0.40310001,0.39037734,-0.16914636
0.4032,0.38813743,-0.17409968
0.40329999,0.38583443,-0.17902517
0.4034,0.38346863,-0.18392202
0.40349999,0.38104039,-0.1887894
0.40360001,0.37855008,-0.19362652
0.40369999,0.37599805,-0.19843259
0.40380001,0.37338468,-0.20320679
0.4039,0.37071031,-0.20794836
0.40400001,0.36797541,-0.21265648
0.4041,0.36518031,-0.2173304
0.40419999,0.36232546,-0.22196931
0.4043,0.35941121,-0.22657245
0.40439999,0.35643798,-0.23113906
0.40450001,0.35340625,-0.23566836
0.40459999,0.35031649,-0.24015962
0.40470001,0.34716916,-0.24461205
0.4048,0.34396473,-0.24902493
0.40490001,0.34070367,-0.25339749
0.405,0.33738646,-0.25772902
0.40509999,0.33401364,-0.26201877
0.4052,0.33058572,-0.26626605
0.40529999,0.32710317,-0.27047008
0.40540001,0.32356659,-0.27463019
0.40549999,0.31997651,-0.27874568
0.40560001,0.31633332,-0.28281581
0.4057,0.31263769,-0.2868399
0.40580001,0.30889016,-0.29081729
0.4059,0.30509135,-0.29474726
0.40599999,0.30124184,-0.29862916
0.4061,0.29734221,-0.30246234
0.40619999,0.29339305,-0.3062461
0.40630001,0.289395,-0.3099798
0.4064,0.28534865,-0.31366283
0.40650001,0.28125468,-0.31729451
0.4066,0.27711371,-0.32087424
0.40669999,0.27292636,-0.32440138
0.4068,0.2686933,-0.32787532
0.40689999,0.26441512,-0.33129543
0.40700001,0.26009253,-0.33466113
0.40709999,0.25572619,-0.33797181
0.40720001,0.25131688,-0.34122694
0.4073,0.2468652,-0.34442592
0.40740001,0.24237189,-0.34756815
0.4075,0.23783767,-0.35065314
0.40759999,0.23326327,-0.35368028
0.4077,0.22864939,-0.3566491
0.40779999,0.22399677,-0.35955903
0.40790001,0.21930617,-0.36240953
0.40799999,0.21457835,-0.36520013
0.40810001,0.20981397,-0.36793029
0.4082,0.20501378,-0.37059951
0.40830001,0.20017864,-0.37320733
0.4084,0.19530927,-0.37575328
0.40849999,0.19040649,-0.37823686
0.4086,0.18547107,-0.38065767
0.40869999,0.18050382,-0.38301525
0.40880001,0.17550552,-0.38530913
0.40889999,0.170477,-0.38753894
0.40900001,0.16541907,-0.38970423
0.4091,0.16033255,-0.39180461
0.40920001,0.15521826,-0.39383969
0.4093,0.15007704,-0.39580908
0.40939999,0.14490965,-0.39771235
0.4095,0.13971695,-0.39954916
0.40959999,0.13449982,-0.40131921
0.40970001,0.12925911,-0.40302211
0.40979999,0.12399568,-0.40465754
0.40990001,0.11871038,-0.4062252
0.41,0.11340409,-0.40772477
0.41010001,0.10807767,-0.40915596
0.4102,0.102732,-0.41051847
0.41029999,0.097367972,-0.41181207
0.4104,0.091986462,-0.41303644
0.41049999,0.086588368,-0.41419134
0.41060001,0.08117456,-0.41527653
0.41069999,0.075745866,-0.41629171
0.41080001,0.070303239,-0.41723675
0.4109,0.064847589,-0.41811138
0.41100001,0.059379816,-0.41891545
0.4111,0.053900834,-0.41964874
0.41119999,0.048411556,-0.42031112
0.4113,0.042912889,-0.4209024
0.41139999,0.037405763,-0.42142245
0.41150001,0.031891093,-0.4218711
0.41159999,0.026369799,-0.42224827
0.41170001,0.020842815,-0.42255384
0.4118,0.015311066,-0.4227877
0.41190001,0.0097754458,-0.4229497
0.412,0.0042368616,-0.42303976
0.41209999,-0.0013037169,-0.42305782
0.4122,-0.0068453569,-0.42300391
0.41229999,-0.012387124,-0.42287788
0.41240001,-0.017928081,-0.42267978
0.41249999,-0.023467293,-0.42240956
0.41260001,-0.029003819,-0.42206722
0.4127,-0.034536723,-0.42165279
0.41280001,-0.040065058,-0.42116624
0.4129,-0.045587894,-0.42060766
0.41299999,-0.051104277,-0.41997707
0.4131,-0.056613278,-0.41927454
0.41319999,-0.062113997,-0.41850001
0.41330001,-0.067605481,-0.41765365
0.41339999,-0.073086776,-0.41673553
0.41350001,-0.07855694,-0.41574576
0.4136,-0.084015042,-0.41468447
0.41370001,-0.089460149,-0.41355181
0.4138,-0.09489131,-0.41234791
0.41389999,-0.10030761,-0.41107291
0.414,-0.10570809,-0.40972698
0.41409999,-0.11109184,-0.40831029
0.41420001,-0.11645792,-0.40682307
0.41429999,-0.1218054,-0.40526551
0.41440001,-0.12713335,-0.40363783
0.4145,-0.13244091,-0.40194008
0.41460001,-0.1377271,-0.40017265
0.4147,-0.14299102,-0.39833578
0.41479999,-0.14823174,-0.39642975
0.4149,-0.15344836,-0.39445481
0.41499999,-0.15863997,-0.39241123
0.41510001,-0.16380563,-0.39029935
0.4152,-0.16894449,-0.38811949
0.41530001,-0.17405561,-0.38587195
0.4154,-0.17913809,-0.38355705
0.41549999,-0.18419106,-0.38117522
0.4156,-0.18921363,-0.37872675
0.41569999,-0.19420491,-0.37621197
0.41580001,-0.19916402,-0.37363124
0.41589999,-0.2040901,-0.370985
0.41600001,-0.20898226,-0.36827368
0.4161,-0.21383962,-0.36549765
0.41620001,-0.21866135,-0.3626574
0.4163,-0.22344658,-0.35975334
0.41639999,-0.22819445,-0.35678595
0.4165,-0.23290412,-0.35375568
0.41659999,-0.23757474,-0.35066301
0.41670001,-0.2422055,-0.34750843
0.41679999,-0.24679555,-0.34429243
0.41690001,-0.25134408,-0.34101555
0.417,-0.25585026,-0.33767822
0.41710001,-0.26031327,-0.33428097
0.4172,-0.26473233,-0.33082438
0.41729999,-0.26910666,-0.32730901
0.4174,-0.27343541,-0.32373545
0.41749999,-0.27771783,-0.32010424
0.41760001,-0.28195316,-0.316416
0.41769999,-0.28614059,-0.31267127
0.41780001,-0.29027942,-0.30887076
0.4179,-0.2943688,-0.305015
0.41800001,-0.29840809,-0.30110466
0.4181,-0.30239648,-0.29714042
0.41819999,-0.30633327,-0.29312286
0.4183,-0.31021771,-0.28905252
0.41839999,-0.31404907,-0.2849302
0.41850001,-0.31782669,-0.28075656
0.41859999,-0.32154983,-0.27653226
0.41870001,-0.32521784,-0.27225807
0.4188,-0.32883,-0.26793465
0.41890001,-0.33238569,-0.26356271
0.419,-0.33588421,-0.25914302
0.41909999,-0.33932489,-0.25467628
0.4192,-0.34270713,-0.25016326
0.41929999,-0.34603027,-0.24560472
0.41940001,-0.34929371,-0.24100141
0.41949999,-0.35249677,-0.23635408
0.41960001,-0.35563889,-0.23166342
0.4197,-0.35871944,-0.22693031
0.41980001,-0.36173785,-0.22215553
0.4199,-0.36469355,-0.2173399
0.41999999,-0.36758599,-0.21248424
0.4201,-0.37041458,-0.20758937
0.42019999,-0.37317881,-0.20265611
0.42030001,-0.37587813,-0.1976853
0.42039999,-0.37851202,-0.19267781
0.42050001,-0.38107997,-0.18763447
0.4206,-0.38358149,-0.18255615
0.42070001,-0.38601607,-0.17744374
0.4208,-0.38838318,-0.17229801
0.42089999,-0.3906824,-0.16711986
0.421,-0.39291325,-0.16191021
0.42109999,-0.39507532,-0.15666994
0.42120001,-0.39716816,-0.1514
0.42129999,-0.39919132,-0.14610125
0.42140001,-0.40114444,-0.14077462
0.4215,-0.40302709,-0.13542105
0.42160001,-0.40483892,-0.13004145
0.4217,-0.40657952,-0.12463675
0.42179999,-0.40824854,-0.11920789
0.4219,-0.40984565,-0.11375583
0.42199999,-0.41137049,-0.10828152
0.42210001,-0.41282266,-0.10278578
0.42219999,-0.41420192,-0.097269654
0.42230001,-0.41550791,-0.091734111
0.4224,-0.41674042,-0.086180128
0.42250001,-0.41789916,-0.080608658
0.4226,-0.41898382,-0.075020693
0.42269999,-0.41999421,-0.069417208
0.4228,-0.42093006,-0.063799188
0.42289999,-0.42179117,-0.058167625
0.42300001,-0.42257732,-0.052523512
0.42309999,-0.42328832,-0.046867847
0.42320001,-0.423924,-0.041201632
0.4233,-0.42448413,-0.035525851
0.42340001,-0.42496851,-0.029841429
0.4235,-0.42537704,-0.024149444
0.42359999,-0.42570961,-0.018450905
0.4237,-0.42596608,-0.012746824
0.42379999,-0.42614639,-0.0070382166
0.42390001,-0.42625043,-0.0013260985
0.42399999,-0.42627808,0.0043885107
0.42410001,-0.42622933,0.010104589
0.4242,-0.42610413,0.015821114
0.42429999,-0.42590243,0.021537062
0.4244,-0.42562422,0.027251404
0.42449999,-0.4252694,0.032963168
0.42460001,-0.42483801,0.038671315
0.42469999,-0.42433009,0.044374794
0.42480001,-0.42374563,0.050072588
0.4249,-0.42308477,0.055763666
0.42500001,-0.42234749,0.061446998
0.4251,-0.42153388,0.067121558
0.42519999,-0.42064407,0.072786331
0.4253,-0.41967812,0.078440271
0.42539999,-0.41863614,0.084082358
0.42550001,-0.41751832,0.089711569
0.42559999,-0.4163247,0.0953269
0.42570001,-0.41505542,0.10092733
0.4258,-0.41371071,0.10651184
0.42590001,-0.41229078,0.11207939
0.426,-0.41079575,0.11762897
0.42609999,-0.40922588,0.12315957
0.4262,-0.40758142,0.12867017
0.42629999,-0.40586257,0.13415976
0.42640001,-0.40406957,0.13962734
0.42649999,-0.40220276,0.14507189
0.42660001,-0.40026236,0.15049241
0.4267,-0.3982487,0.1558879
0.42680001,-0.39616194,0.1612574
0.4269,-0.39400253,0.16659988
0.42699999,-0.39177078,0.17191437
0.4271,-0.38946703,0.17719989
0.42719999,-0.38709164,0.18245542
0.42730001,-0.38464502,0.18768002
0.42739999,-0.38212752,0.1928727
0.42750001,-0.37953958,0.1980325
0.4276,-0.37688157,0.20315847
0.42770001,-0.37415397,0.20824961
0.4278,-0.37135717,0.21330501
0.42789999,-0.36849165,0.21832371
0.428,-0.36555779,0.22330476
0.42809999,-0.36255616,0.22824724
0.42820001,-0.35948721,0.2331502
0.42829999,-0.35635146,0.23801273
0.42840001,-0.35314947,0.2428339
0.4285,-0.34988171,0.2476128
0.42860001,-0.3465488,0.25234854
0.4287,-0.34315121,0.25704023
0.42879999,-0.33968958,0.26168692
0.4289,-0.33616447,0.2662878
0.42899999,-0.33257651,0.27084196
0.42910001,-0.32892615,0.27534851
0.42919999,-0.32521409,0.27980661
0.42930001,-0.32144102,0.28421539
0.4294,-0.31760752,0.28857404
0.42950001,-0.31371427,0.29288167
0.4296,-0.30976194,0.2971375
0.42969999,-0.3057512,0.3013407
0.4298,-0.30168274,0.30549043
0.42989999,-0.29755729,0.3095859
0.43000001,-0.29337555,0.31362635
0.43009999,-0.28913823,0.31761095
0.43020001,-0.28484601,0.3215389
0.4303,-0.28049967,0.3254095
0.43040001,-0.27609995,0.32922193
0.4305,-0.27164766,0.33297548
0.43059999,-0.26714355,0.33666942
0.4307,-0.26258844,0.340303
0.43079999,-0.25798309,0.3438755
0.43090001,-0.25332832,0.34738624
0.43099999,-0.24862498,0.35083452
0.43110001,-0.24387388,0.35421965
0.4312,-0.23907588,0.35754094
0.43130001,-0.23423178,0.36079776
0.4314,-0.2293424,0.36398938
0.43149999,-0.22440866,0.3671152
0.4316,-0.21943143,0.37017462
0.43169999,-0.2144116,0.37316698
0.43180001,-0.20935008,0.37609172
0.43189999,-0.20424776,0.37894821
0.43200001,-0.19910555,0.38173586
0.4321,-0.19392437,0.38445416
0.43220001,-0.18870518,0.38710248
0.4323,-0.1834489,0.38968033
0.43239999,-0.17815648,0.39218715
0.4325,-0.17282881,0.39462236
0.43259999,-0.16746686,0.3969855
0.43270001,-0.16207165,0.39927608
0.43279999,-0.15664412,0.40149361
0.43290001,-0.15118529,0.40363765
0.433,-0.14569612,0.40570769
0.43309999,-0.14017762,0.40770331
0.4332,-0.13463081,0.4096241
0.43329999,-0.12905669,0.41146964
0.43340001,-0.12345628,0.41323951
0.43349999,-0.11783061,0.41493335
0.43360001,-0.11218069,0.41655073
0.4337,-0.10650749,0.4180913
0.43380001,-0.10081211,0.41955468
0.4339,-0.095095605,0.42094061
0.43399999,-0.089359015,0.42224872
0.4341,-0.083603397,0.42347872
0.43419999,-0.077829815,0.42463034
0.43430001,-0.072039343,0.42570329
0.43439999,-0.066233039,0.42669728
0.43450001,-0.060411993,0.4276121
0.4346,-0.054577284,0.42844754
0.43470001,-0.04872999,0.42920333
0.4348,-0.042871129,0.42987922
0.43489999,-0.037001841,0.43047506
0.435,-0.031123217,0.43099067
0.43509999,-0.025236357,0.43142593
0.43520001,-0.019342361,0.43178064
0.43529999,-0.013442328,0.43205473
0.43540001,-0.0075373654,0.43224803
0.4355,-0.0016285799,0.4323605
0.43560001,0.0042829183,0.432392
0.4357,0.010196017,0.43234253
0.43579999,0.016109603,0.432212
0.4359,0.02202259,0.43200031
0.43599999,0.027933877,0.43170744
0.43610001,0.033842321,0.43133339
0.43619999,0.03974681,0.43087822
0.43630001,0.045646224,0.43034193
0.4364,0.051539447,0.42972457
0.43650001,0.057425361,0.42902616
0.4366,0.063302845,0.4282468
0.43669999,0.06917078,0.42738655
0.4368,0.075028054,0.42644557
0.43689999,0.080873542,0.42542392
0.43700001,0.086706132,0.42432174
0.43709999,0.092524759,0.4231391
0.43720001,0.09832827,0.42187619
0.4373,0.10411555,0.42053324
0.43740001,0.1098855,0.41911042
0.4375,0.11563701,0.41760796
0.43759999,0.12136897,0.41602603
0.4377,0.12708028,0.41436493
0.43779999,0.13276984,0.41262487
0.43790001,0.13843654,0.41080618
0.43799999,0.14407931,0.40890908
0.43810001,0.14969704,0.4069339
0.4382,0.15528864,0.40488091
0.43830001,0.16085306,0.40275043
0.4384,0.1663892,0.40054283
0.43849999,0.17189598,0.39825848
0.4386,0.17737232,0.39589775
0.43869999,0.18281718,0.39346102
0.43880001,0.18822946,0.39094874
0.43889999,0.19360813,0.38836128
0.43900001,0.19895214,0.38569912
0.4391,0.20426041,0.3829627
0.43920001,0.20953193,0.38015249
0.4393,0.21476567,0.37726897
0.43939999,0.21996057,0.37431252
0.4395,0.22511564,0.37128371
0.43959999,0.23022984,0.36818311
0.43970001,0.23530218,0.36501122
0.43979999,0.24033163,0.36176863
0.43990001,0.24531721,0.35845587
0.44,0.25025794,0.35507354
0.44010001,0.25515282,0.35162225
0.4402,0.26000085,0.3481026
0.44029999,0.26480114,0.34451523
0.4404,0.26955268,0.34086075
0.44049999,0.27425453,0.33713976
0.44060001,0.27890572,0.33335289
0.44069999,0.28350538,0.32950094
0.44080001,0.28805253,0.32558453
0.4409,0.29254627,0.32160437
0.44100001,0.29698569,0.31756121
0.4411,0.30136991,0.31345576
0.44119999,0.30569807,0.3092888
0.4413,0.30996922,0.30506101
0.44139999,0.31418255,0.30077326
0.44150001,0.3183372,0.29642627
0.44159999,0.32243231,0.2920208
0.44170001,0.32646701,0.28755763
0.4418,0.33044049,0.28303763
0.44190001,0.33435199,0.27846161
0.442,0.33820066,0.27383044
0.44209999,0.3419857,0.26914495
0.44220001,0.34570634,0.26440603
0.44229999,0.34936187,0.25961456
0.44240001,0.35295144,0.25477141
0.4425,0.35647437,0.24987748
0.44260001,0.35992989,0.24493369
0.4427,0.36331734,0.239941
0.44279999,0.36663589,0.23490018
0.4429,0.36988491,0.22981226
0.44299999,0.37306374,0.2246782
0.44310001,0.37617168,0.21949898
0.44319999,0.37920809,0.21427555
0.44330001,0.38217232,0.2090089
0.4434,0.38506374,0.20370002
0.44350001,0.38788173,0.19834992
0.4436,0.39062569,0.19295962
0.44369999,0.39329505,0.18753013
0.4438,0.39588919,0.18206248
0.44389999,0.39840758,0.17655766
0.44400001,0.40084964,0.17101669
0.44409999,0.40321481,0.16544068
0.44420001,0.40550265,0.15983067
0.4443,0.40771261,0.15418777
0.44440001,0.40984422,0.148513
0.4445,0.41189697,0.1428075
0.44459999,0.41387045,0.13707234
0.4447,0.41576421,0.13130862
0.44479999,0.4175778,0.12551744
0.44490001,0.41931081,0.11969993
0.44499999,0.42096284,0.11385722
0.44510001,0.42253345,0.10799031
0.4452,0.42402229,0.10210042
0.44530001,0.42542905,0.096188702
0.4454,0.4267534,0.090256274
0.44549999,0.42799497,0.084304295
0.4456,0.42915347,0.078333929
0.44569999,0.43022865,0.072346315
0.44580001,0.43122023,0.066342637
0.44589999,0.43212792,0.060324054
0.44600001,0.43295151,0.054291748
0.4461,0.43369079,0.048246894
0.44620001,0.43434545,0.042190615
0.4463,0.43491536,0.03612411
0.44639999,0.43540031,0.030048586
0.4465,0.43580019,0.023965232
0.44659999,0.43611488,0.017875243
0.44670001,0.43634418,0.011779816
0.44679999,0.43648803,0.0056801494
0.44690001,0.43654636,-0.00042255502
0.447,0.43651909,-0.0065270928
0.44710001,0.43640611,-0.012632257
0.4472,0.43620747,-0.018736839
0.44729999,0.43592304,-0.024839649
0.4474,0.43555281,-0.030939518
0.44749999,0.43509683,-0.037035201
0.44760001,0.43455511,-0.043125484
0.44769999,0.43392774,-0.049209159
0.44780001,0.43321472,-0.055285018
0.4479,0.4324162,-0.061351851
0.44800001,0.43153223,-0.067408442
0.4481,0.43056294,-0.07345359
0.44819999,0.42950848,-0.079486072
0.4483,0.42836899,-0.085504696
0.44839999,0.42714462,-0.091508247
0.44850001,0.42583546,-0.097495563
0.44859999,0.42444178,-0.10346542
0.44870001,0.4229638,-0.10941661
0.4488,0.42140174,-0.11534794
0.44890001,0.41975588,-0.12125822
0.449,0.41802645,-0.12714624
0.44909999,0.41621378,-0.13301083
0.4492,0.41431814,-0.13885081
0.44929999,0.41233987,-0.14466497
0.44940001,0.4102793,-0.15045214
0.44949999,0.40813681,-0.15621115
0.44960001,0.4059127,-0.16194086
0.4497,0.40360731,-0.16764008
0.44980001,0.4012211,-0.17330764
0.4499,0.39875448,-0.17894243
0.44999999,0.3962079,-0.18454324
0.4501,0.39358184,-0.19010895
0.45019999,0.39087671,-0.19563845
0.45030001,0.38809305,-0.20113055
0.45039999,0.38523138,-0.20658417
0.45050001,0.38229215,-0.21199818
0.4506,0.37927595,-0.21737145
0.45070001,0.37618333,-0.22270288
0.4508,0.37301469,-0.22799139
0.45089999,0.36977074,-0.23323587
0.45100001,0.36645207,-0.23843524
0.45109999,0.36305928,-0.24358842
0.45120001,0.35959306,-0.24869435
0.4513,0.35605398,-0.25375196
0.45140001,0.35244274,-0.25876018
0.4515,0.34876001,-0.26371804
0.45159999,0.3450065,-0.26862442
0.4517,0.34118292,-0.27347836
0.45179999,0.33728999,-0.27827883
0.45190001,0.33332834,-0.28302479
0.45199999,0.32929876,-0.28771526
0.45210001,0.32520202,-0.29234925
0.4522,0.32103893,-0.29692581
0.45230001,0.31681028,-0.30144396
0.4524,0.31251687,-0.30590275
0.45249999,0.30815953,-0.31030121
0.4526,0.3037391,-0.31463847
0.45269999,0.29925644,-0.31891358
0.45280001,0.29471242,-0.32312563
0.45289999,0.29010791,-0.3272737
0.45300001,0.28544378,-0.33135694
0.4531,0.28072083,-0.33537444
0.45320001,0.27594006,-0.33932534
0.4533,0.27110243,-0.34320882
0.45339999,0.26620886,-0.34702405
0.4535,0.2612603,-0.35077018
0.45359999,0.25625771,-0.35444641
0.45370001,0.25120211,-0.35805199
0.45379999,0.24609445,-0.36158606
0.45390001,0.24093577,-0.36504793
0.454,0.23572707,-0.36843681
0.45410001,0.23046939,-0.37175196
0.4542,0.22516367,-0.37499261
0.45429999,0.21981096,-0.37815809
0.4544,0.21441239,-0.38124767
0.45449999,0.20896901,-0.38426071
0.45460001,0.2034819,-0.38719654
0.45469999,0.19795215,-0.39005449
0.45480001,0.19238086,-0.39283395
0.4549,0.18676914,-0.39553425
0.45500001,0.18111813,-0.39815485
0.4551,0.17542894,-0.40069512
0.45519999,0.16970272,-0.40315449
0.4553,0.16394059,-0.40553242
0.45539999,0.15814364,-0.40782827
0.45550001,0.15231307,-0.4100416
0.45559999,0.14645009,-0.41217187
0.45570001,0.14055584,-0.41421863
0.4558,0.13463156,-0.41618136
0.45590001,0.1286784,-0.41805959
0.456,0.12269758,-0.41985294
0.45609999,0.11669032,-0.42156094
0.4562,0.11065782,-0.42318323
0.45629999,0.10460132,-0.42471936
0.45640001,0.098522052,-0.42616901
0.45649999,0.092421159,-0.42753172
0.45660001,0.086299919,-0.42880717
0.4567,0.080159597,-0.42999509
0.45680001,0.074001446,-0.43109515
0.4569,0.067826726,-0.43210709
0.45699999,0.061636698,-0.43303064
0.4571,0.055432625,-0.43386555
0.45719999,0.049215782,-0.43461156
0.45730001,0.042987444,-0.43526849
0.45739999,0.036748894,-0.43583617
0.45750001,0.030501414,-0.43631437
0.4576,0.024246255,-0.43670294
0.45770001,0.017984673,-0.43700165
0.4578,0.011718,-0.43721047
0.45789999,0.0054475311,-0.43732926
0.458,-0.00082543975,-0.43735799
0.45809999,-0.0070996149,-0.43729657
0.45820001,-0.013373694,-0.43714494
0.45829999,-0.019646376,-0.43690309
0.45840001,-0.02591636,-0.436571
0.4585,-0.03218234,-0.4361487
0.45860001,-0.038443007,-0.43563619
0.4587,-0.044697061,-0.43503359
0.45879999,-0.05094327,-0.43434075
0.4589,-0.057180282,-0.4335579
0.45899999,-0.063406788,-0.43268511
0.45910001,-0.069621481,-0.43172252
0.45919999,-0.075823076,-0.43067029
0.45930001,-0.082010269,-0.42952856
0.4594,-0.088181749,-0.42829755
0.45950001,-0.094336234,-0.4269774
0.4596,-0.10047242,-0.42556834
0.45969999,-0.10658902,-0.42407066
0.4598,-0.11268474,-0.42248458
0.45989999,-0.11875832,-0.42081031
0.46000001,-0.12480849,-0.4190481
0.4601,-0.13083394,-0.41719833
0.46020001,-0.1368334,-0.41526133
0.4603,-0.14280561,-0.41323748
0.46039999,-0.14874928,-0.41112709
0.4605,-0.15466316,-0.4089306
0.46059999,-0.160546,-0.40664837
0.46070001,-0.16639656,-0.40428087
0.46079999,-0.17221355,-0.4018285
0.46090001,-0.17799576,-0.39929175
0.461,-0.18374196,-0.39667112
0.46110001,-0.18945092,-0.39396688
0.4612,-0.19512141,-0.39117974
0.46129999,-0.20075221,-0.38831016
0.4614,-0.20634213,-0.38535875
0.46149999,-0.21188995,-0.38232607
0.46160001,-0.2173945,-0.37921265
0.46169999,-0.22285457,-0.37601915
0.46180001,-0.22826898,-0.37274617
0.4619,-0.23363659,-0.36939439
0.46200001,-0.23895621,-0.36596441
0.4621,-0.24422671,-0.36245695
0.46219999,-0.24944693,-0.35887256
0.4623,-0.25461575,-0.355212
0.46239999,-0.25973204,-0.35147604
0.46250001,-0.26479468,-0.34766537
0.46259999,-0.26980257,-0.34378079
0.46270001,-0.27475461,-0.33982307
0.4628,-0.27964976,-0.33579299
0.46290001,-0.28448689,-0.33169138
0.463,-0.28926501,-0.32751903
0.46309999,-0.29398298,-0.32327682
0.4632,-0.29863986,-0.31896558
0.46329999,-0.30323455,-0.31458616
0.46340001,-0.30776605,-0.31013933
0.46349999,-0.31223336,-0.30562609
0.46360001,-0.31663552,-0.30104735
0.4637,-0.32097152,-0.29640406
0.46380001,-0.3252404,-0.29169714
0.4639,-0.32944122,-0.28692758
0.46399999,-0.33357307,-0.28209633
0.4641,-0.33763501,-0.27720439
0.46419999,-0.34162614,-0.27225277
0.46430001,-0.34554553,-0.26724249
0.46439999,-0.34939235,-0.26217458
0.46450001,-0.35316569,-0.25704992
0.4646,-0.35686466,-0.25186968
0.46470001,-0.3604885,-0.24663495
0.4648,-0.36403635,-0.24134678
0.46489999,-0.36750746,-0.23600627
0.465,-0.37090096,-0.23061456
0.46509999,-0.37421614,-0.22517273
0.46520001,-0.37745222,-0.21968193
0.46529999,-0.3806085,-0.21414331
0.46540001,-0.38368419,-0.20855802
0.4655,-0.38667864,-0.20292725
0.46560001,-0.3895911,-0.19725209
0.4657,-0.39242086,-0.19153368
0.46579999,-0.39516729,-0.18577331
0.4659,-0.3978298,-0.17997217
0.46599999,-0.40040773,-0.17413148
0.46610001,-0.40290049,-0.16825247
0.46619999,-0.4053075,-0.16233636
0.46630001,-0.40762815,-0.15638444
0.4664,-0.40986195,-0.15039793
0.46650001,-0.41200832,-0.14437811
0.4666,-0.41406676,-0.13832626
0.46669999,-0.41603678,-0.13224365
0.4668,-0.41791782,-0.12613146
0.46689999,-0.41970944,-0.11999106
0.46700001,-0.42141122,-0.11382377
0.46709999,-0.42302278,-0.10763089
0.46720001,-0.42454365,-0.10141376
0.4673,-0.4259735,-0.095173672
0.46740001,-0.42731196,-0.08891198
0.4675,-0.42855868,-0.082630023
0.46759999,-0.42971331,-0.076329149
0.4677,-0.43077558,-0.070010699
0.46779999,-0.4317452,-0.063676037
0.46790001,-0.43262184,-0.057326455
0.46799999,-0.43340519,-0.050963312
0.46810001,-0.43409514,-0.044588018
0.4682,-0.43469146,-0.038201939
0.46830001,-0.43519396,-0.031806454
0.4684,-0.43560246,-0.025402945
0.46849999,-0.43591681,-0.018992791
0.4686,-0.4361369,-0.012577379
0.46869999,-0.43626267,-0.0061581009
0.46880001,-0.43629396,0.00026365145
0.4689,-0.43623078,0.0066864826
0.46900001,-0.43607301,0.013109011
0.4691,-0.43582055,0.019529911
0.46919999,-0.43547344,0.025947727
0.4693,-0.43503177,0.032361064
0.46939999,-0.43449554,0.038768526
0.46950001,-0.4338648,0.045168709
0.46959999,-0.43313962,0.051560223
0.46970001,-0.43232018,0.05794166
0.4698,-0.4314065,0.064311631
0.46990001,-0.43039879,0.070668735
0.47,-0.42929721,0.077011578
0.47009999,-0.42810193,0.08333876
0.4702,-0.42681304,0.08964894
0.47029999,-0.42543077,0.095940717
0.47040001,-0.42395547,0.10221269
0.47049999,-0.42238736,0.10846347
0.47060001,-0.42072675,0.1146917
0.4707,-0.41897392,0.12089597
0.47080001,-0.41712922,0.12707494
0.4709,-0.41519299,0.13322721
0.47099999,-0.4131656,0.13935144
0.4711,-0.41104746,0.14544627
0.47119999,-0.40883896,0.15151033
0.47130001,-0.40654051,0.15754227
0.47139999,-0.40415245,0.1635408
0.47150001,-0.40167531,0.16950455
0.4716,-0.39910966,0.17543218
0.47170001,-0.39645594,0.18132237
0.4718,-0.3937147,0.1871738
0.47189999,-0.39088652,0.19298518
0.472,-0.38797191,0.19875517
0.47209999,-0.38497153,0.20448251
0.47220001,-0.38188595,0.2101659
0.47229999,-0.37871584,0.21580407
0.47240001,-0.37546182,0.22139573
0.4725,-0.37212437,0.22693963
0.47260001,-0.36870432,0.23243453
0.4727,-0.36520237,0.23787917
0.47279999,-0.36161926,0.24327232
0.4729,-0.35795569,0.24861278
0.47299999,-0.35421249,0.25389931
0.47310001,-0.35039037,0.25913072
0.47319999,-0.34649017,0.26430583
0.47330001,-0.34251273,0.26942345
0.4734,-0.33845884,0.2744824
0.47350001,-0.33432937,0.27948156
0.4736,-0.33012512,0.28441975
0.47369999,-0.32584694,0.28929585
0.4738,-0.3214958,0.29410872
0.47389999,-0.3170726,0.29885727
0.47400001,-0.31257829,0.30354044
0.47409999,-0.30801383,0.30815712
0.47420001,-0.30338022,0.31270623
0.4743,-0.2986784,0.31718674
0.47440001,-0.29390943,0.32159764
0.4745,-0.28907427,0.32593784
0.47459999,-0.28417403,0.33020639
0.4747,-0.27920973,0.33440229
0.47479999,-0.27418223,0.33852452
0.47490001,-0.2690928,0.34257209
0.47499999,-0.26394251,0.34654412
0.47510001,-0.25873244,0.35043964
0.4752,-0.25346377,0.35425776
0.47530001,-0.24813761,0.3579976
0.4754,-0.24275513,0.36165822
0.47549999,-0.23731749,0.36523882
0.4756,-0.23182589,0.3687385
0.47569999,-0.22628151,0.37215647
0.47580001,-0.22068559,0.37549192
0.47589999,-0.21503922,0.37874395
0.47600001,-0.20934367,0.38191184
0.4761,-0.20360023,0.38499486
0.47620001,-0.19781014,0.38799223
0.4763,-0.19197468,0.39090326
0.47639999,-0.18609515,0.39372721
0.4765,-0.18017282,0.39646342
0.47659999,-0.17420901,0.39911124
0.47670001,-0.16820504,0.40167004
0.47679999,-0.16216223,0.40413913
0.47690001,-0.15608187,0.40651792
0.477,-0.14996524,0.40880573
0.47710001,-0.14381377,0.4110021
0.4772,-0.13762881,0.41310644
0.47729999,-0.13141175,0.41511825
0.4774,-0.12516394,0.41703698
0.47749999,-0.1188868,0.41886216
0.47760001,-0.11258171,0.42059335
0.4777,-0.10625008,0.42223006
0.47780001,-0.099893324,0.42377192
0.4779,-0.093512863,0.42521849
0.47799999,-0.087110043,0.42656931
0.4781,-0.080686346,0.42782408
0.47819999,-0.074243218,0.42898244
0.47830001,-0.067782097,0.43004405
0.47839999,-0.061304439,0.4310087
0.47850001,-0.054811694,0.43187603
0.4786,-0.048305325,0.43264583
0.47870001,-0.041786794,0.43331784
0.4788,-0.035257578,0.43389186
0.47889999,-0.028719148,0.43436772
0.479,-0.022172932,0.43474519
0.47909999,-0.015620428,0.43502411
0.47920001,-0.0090631321,0.43520439
0.47929999,-0.0025025273,0.43528593
0.47940001,0.0040598977,0.43526867
0.4795,0.010622653,0.43515253
0.47960001,0.017184244,0.43493751
0.4797,0.023743181,0.4346236
0.47979999,0.030297965,0.43421078
0.4799,0.036847096,0.4336991
0.47999999,0.043389115,0.43308857
0.48010001,0.049922541,0.43237928
0.48019999,0.056445848,0.4315713
0.48030001,0.062957555,0.43066481
0.4804,0.069456153,0.42965996
0.48050001,0.075940169,0.42855689
0.4806,0.082408108,0.42735583
0.48069999,0.08885847,0.42605695
0.4808,0.095289789,0.42466056
0.48089999,0.10170057,0.42316687
0.48100001,0.10808934,0.42157614
0.48109999,0.11445466,0.41988862
0.48120001,0.12079505,0.41810471
0.4813,0.12710901,0.41622472
0.48140001,0.13339511,0.41424906
0.4815,0.13965186,0.41217813
0.48159999,0.14587784,0.4100123
0.4817,0.1520716,0.4077521
0.48179999,0.15823168,0.40539789
0.48190001,0.16435665,0.40295023
0.48199999,0.1704451,0.40040961
0.48210001,0.1764956,0.39777645
0.4822,0.18250675,0.39505133
0.48230001,0.18847713,0.39223489
0.4824,0.19440536,0.38932768
0.48249999,0.20029002,0.38633031
0.4826,0.20612977,0.38324344
0.48269999,0.21192321,0.38006774
0.48280001,0.21766898,0.37680385
0.48289999,0.22336574,0.37345248
0.48300001,0.22901215,0.3700144
0.4831,0.23460685,0.36649024
0.48320001,0.24014853,0.36288077
0.4833,0.24563588,0.3591868
0.48339999,0.25106761,0.35540912
0.4835,0.25644243,0.35154858
0.48359999,0.26175907,0.34760603
0.48370001,0.26701623,0.3435823
0.48379999,0.27221271,0.33947831
0.48390001,0.27734724,0.33529493
0.484,0.28241858,0.33103311
0.48410001,0.28742555,0.32669377
0.4842,0.29236692,0.32227775
0.48429999,0.29724151,0.31778613
0.4844,0.30204815,0.3132199
0.48449999,0.3067857,0.30858007
0.48460001,0.31145301,0.3038677
0.48469999,0.31604898,0.29908377
0.48480001,0.32057244,0.29422945
0.4849,0.32502234,0.28930575
0.48500001,0.32939762,0.28431383
0.4851,0.33369717,0.27925476
0.48519999,0.33791992,0.2741296
0.4853,0.34206489,0.26893955
0.48539999,0.34613106,0.26368582
0.48550001,0.35011739,0.25836957
0.48559999,0.35402298,0.252992
0.48570001,0.3578468,0.24755436
0.4858,0.36158797,0.24205784
0.48590001,0.36524552,0.23650374
0.486,0.36881861,0.23089327
0.48609999,0.37230629,0.22522776
0.4862,0.37570766,0.21950838
0.48629999,0.37902191,0.21373647
0.48640001,0.38224822,0.20791338
0.48649999,0.38538581,0.20204045
0.48660001,0.38843381,0.196119
0.4867,0.39139155,0.1901504
0.48679999,0.39425823,0.18413603
0.4869,0.39703313,0.17807727
0.48699999,0.39971554,0.17197549
0.48710001,0.4023048,0.16583215
0.48719999,0.40480021,0.15964858
0.48730001,0.40720108,0.15342619
0.4874,0.40950686,0.14716646
0.48750001,0.41171691,0.14087085
0.4876,0.4138307,0.1345408
0.48769999,0.41584763,0.12817779
0.4878,0.4177672,0.1217833
0.48789999,0.41958889,0.11535881
0.48800001,0.42131221,0.10890581
0.48809999,0.42293671,0.10242584
0.48820001,0.42446193,0.095920347
0.4883,0.42588741,0.089390814
0.48840001,0.42721274,0.082838818
0.4885,0.42843759,0.076265879
0.48859999,0.42956161,0.069673546
0.4887,0.43058449,0.063063361
0.48879999,0.43150589,0.056436881
0.48890001,0.43232557,0.049795654
0.48899999,0.43304327,0.043141246
0.48910001,0.43365875,0.036475226
0.4892,0.4341718,0.029799171
0.48930001,0.43458214,0.023114573
0.4894,0.4348897,0.016423061
0.48949999,0.43509433,0.0097262198
0.4896,0.43519592,0.0030256312
0.48969999,0.4351944,-0.0036771181
0.48980001,0.43508968,-0.010380439
0.48989999,0.43488172,-0.017082741
0.49000001,0.43457058,-0.02378243
0.4901,0.43415618,-0.030477913
0.49020001,0.43363863,-0.037167594
0.4903,0.43301791,-0.043849915
0.49039999,0.43229407,-0.050523285
0.4905,0.43146729,-0.057186089
0.49059999,0.43053767,-0.063836738
0.49070001,0.42950541,-0.070473649
0.49079999,0.42837068,-0.077095218
0.49090001,0.42713368,-0.083699867
0.491,0.42579466,-0.090286016
0.49110001,0.42435387,-0.096852072
0.4912,0.42281163,-0.10339645
0.49129999,0.42116815,-0.10991761
0.4914,0.41942373,-0.11641399
0.49149999,0.41757882,-0.12288399
0.49160001,0.41563374,-0.12932606
0.49169999,0.41358894,-0.13573864
0.49180001,0.41144481,-0.1421202
0.4919,0.40920186,-0.14846916
0.49200001,0.40686053,-0.15478401
0.4921,0.40442133,-0.16106319
0.49219999,0.40188479,-0.1673052
0.4923,0.39925149,-0.17350851
0.49239999,0.39652184,-0.17967162
0.49250001,0.39369652,-0.18579303
0.49259999,0.39077616,-0.19187124
0.49270001,0.38776141,-0.19790475
0.4928,0.38465297,-0.20389213
0.49290001,0.38145149,-0.20983186
0.493,0.37815768,-0.21572252
0.49309999,0.37477231,-0.22156265
0.4932,0.37129611,-0.22735082
0.49329999,0.3677299,-0.2330856
0.49340001,0.36407438,-0.2387656
0.49349999,0.36033037,-0.24438937
0.49360001,0.35649878,-0.24995558
0.4937,0.35258049,-0.2554628
0.49380001,0.34857634,-0.26090971
0.4939,0.34448731,-0.26629496
0.49399999,0.3403143,-0.27161717
0.4941,0.33605829,-0.27687508
0.49419999,0.33172026,-0.28206733
0.49430001,0.32730117,-0.28719264
0.49439999,0.32280207,-0.29224974
0.49450001,0.31822386,-0.29723734
0.4946,0.3135677,-0.30215421
0.49470001,0.3088347,-0.30699912
0.4948,0.30402592,-0.31177083
0.49489999,0.29914248,-0.31646818
0.495,0.29418555,-0.32108998
0.49509999,0.28915626,-0.32563505
0.49520001,0.2840558,-0.33010224
0.49529999,0.27888539,-0.33449045
0.49540001,0.27364621,-0.33879852
0.4955,0.26833937,-0.34302536
0.49559999,0.26296619,-0.34716988
0.4957,0.25752798,-0.35123107
0.49579999,0.25202602,-0.35520789
0.49590001,0.24646156,-0.35909927
0.49599999,0.24083596,-0.36290428
0.49610001,0.23515055,-0.36662188
0.4962,0.22940667,-0.37025118
0.49630001,0.22360571,-0.37379122
0.4964,0.21774901,-0.37724105
0.49649999,0.21183789,-0.38059977
0.4966,0.2058738,-0.38386649
0.49669999,0.19985819,-0.38704038
0.49680001,0.19379249,-0.39012063
0.49689999,0.18767814,-0.39310643
0.49700001,0.18151663,-0.39599696
0.4971,0.17530942,-0.39879149
0.49720001,0.16905801,-0.40148932
0.4973,0.16276389,-0.40408966
0.49739999,0.15642861,-0.40659183
0.4975,0.15005359,-0.40899515
0.49759999,0.1436404,-0.41129893
0.49770001,0.1371906,-0.4135026
0.49779999,0.13070574,-0.41560555
0.49790001,0.12418741,-0.41760719
0.498,0.11763719,-0.419507
0.49810001,0.11105665,-0.42130443
0.4982,0.10444741,-0.42299899
0.49829999,0.097811058,-0.42459023
0.4984,0.091149233,-0.42607763
0.49849999,0.084463507,-0.42746082
0.49860001,0.077755466,-0.42873928
0.49869999,0.071026795,-0.42991269
0.49880001,0.064279139,-0.43098074
0.4989,0.05751415,-0.43194306
0.49900001,0.050733481,-0.4327994
0.4991,0.04393879,-0.43354943
0.49919999,0.037131745,-0.43419296
0.4993,0.030314023,-0.43472973
0.49939999,0.023487298,-0.43515953
0.49950001,0.016653247,-0.43548226
0.49959999,0.0098134736,-0.43569762
0.49970001,0.0029697213,-0.43580556
0.4998,-0.0038763233,-0.43580598
0.49990001,-0.010722971,-0.43569887
0.5,-0.017568529,-0.43548414
0.50010002,-0.024411302,-0.43516183
0.50019997,-0.031249598,-0.43473193
0.50029999,-0.038081717,-0.43419448
0.50040001,-0.044905964,-0.43354955
0.50050002,-0.051720642,-0.43279728
0.50059998,-0.058524109,-0.43193763
0.5007,-0.065314651,-0.43097082
0.50080001,-0.072090559,-0.42989704
0.50089997,-0.07885015,-0.42871651
0.50099999,-0.085591741,-0.42742944
0.5011,-0.09231364,-0.42603609
0.50120002,-0.099014163,-0.42453676
0.50129998,-0.10569165,-0.42293176
0.50139999,-0.1123444,-0.42122144
0.50150001,-0.11897077,-0.41940612
0.50160003,-0.12556909,-0.41748613
0.50169998,-0.13213772,-0.4154619
0.5018,-0.13867499,-0.41333392
0.50190002,-0.14517927,-0.41110262
0.50199997,-0.15164889,-0.4087685
0.50209999,-0.15808225,-0.40633211
0.50220001,-0.16447769,-0.40379399
0.50230002,-0.17083362,-0.40115473
0.50239998,-0.17714842,-0.39841488
0.5025,-0.18342049,-0.39557514
0.50260001,-0.18964824,-0.39263606
0.50269997,-0.19583009,-0.38959825
0.50279999,-0.20196447,-0.38646251
0.5029,-0.2080498,-0.38322955
0.50300002,-0.21408457,-0.3799001
0.50309998,-0.22006719,-0.37647498
0.50319999,-0.22599617,-0.37295496
0.50330001,-0.23186997,-0.36934087
0.50340003,-0.2376871,-0.36563358
0.50349998,-0.24344605,-0.36183396
0.5036,-0.24914537,-0.35794294
0.50370002,-0.25478357,-0.35396123
0.50379997,-0.2603592,-0.3498899
0.50389999,-0.26587084,-0.34572995
0.50400001,-0.27131706,-0.34148231
0.50410002,-0.27669644,-0.33714807
0.50419998,-0.2820076,-0.33272824
0.5043,-0.28724918,-0.32822388
0.50440001,-0.29241979,-0.32363608
0.50449997,-0.2975181,-0.31896594
0.50459999,-0.30254281,-0.31421459
0.50470001,-0.30749255,-0.30938309
0.50480002,-0.31236607,-0.30447263
0.50489998,-0.31716207,-0.2994844
0.505,-0.3218793,-0.29441965
0.50510001,-0.32651654,-0.28927961
0.50520003,-0.3310726,-0.28406551
0.50529999,-0.33554623,-0.27877867
0.5054,-0.33993626,-0.27342033
0.50550002,-0.34424156,-0.26799184
0.50559998,-0.34846097,-0.26249453
0.50569999,-0.35259339,-0.2569297
0.50580001,-0.35663763,-0.25129864
0.50590003,-0.36059272,-0.24560282
0.50599998,-0.36445755,-0.23984362
0.5061,-0.36823112,-0.2340225
0.50620002,-0.37191239,-0.22814086
0.50629997,-0.37550041,-0.22220019
0.50639999,-0.3789942,-0.21620193
0.50650001,-0.38239282,-0.21014759
0.50660002,-0.38569534,-0.20403868
0.50669998,-0.38890091,-0.19787671
0.5068,-0.39200851,-0.19166307
0.50690001,-0.39501742,-0.18539943
0.50700003,-0.39792675,-0.17908733
0.50709999,-0.40073577,-0.17272834
0.5072,-0.40344366,-0.16632408
0.50730002,-0.40604967,-0.15987612
0.50739998,-0.40855312,-0.15338612
0.50749999,-0.41095328,-0.14685565
0.50760001,-0.41324952,-0.14028642
0.50770003,-0.41544116,-0.13368003
0.50779998,-0.41752747,-0.12703808
0.5079,-0.41950795,-0.12036224
0.50800002,-0.42138201,-0.11365426
0.50809997,-0.42314914,-0.10691582
0.50819999,-0.42480877,-0.1001486
0.50830001,-0.42636049,-0.093354344
0.50840002,-0.42780381,-0.086534753
0.50849998,-0.42913827,-0.079691559
0.5086,-0.43036354,-0.072826505
0.50870001,-0.43147919,-0.065941341
0.50880003,-0.43248478,-0.05903776
0.50889999,-0.43338004,-0.052117497
0.509,-0.43416464,-0.045182358
0.50910002,-0.43483841,-0.038234111
0.50919998,-0.43540105,-0.031274527
0.50929999,-0.43585235,-0.024305385
0.50940001,-0.43619215,-0.017328467
0.50950003,-0.43642032,-0.010345561
0.50959998,-0.4365367,-0.00335846
0.5097,-0.43654123,0.0036310421
0.50980002,-0.43643379,0.010621171
0.50989997,-0.43621427,0.017610185
0.50999999,-0.43588272,0.024596237
0.51010001,-0.43543917,0.031577531
0.51020002,-0.43488365,0.038552266
0.51029998,-0.43421626,0.045518644
0.5104,-0.43343714,0.052474868
0.51050001,-0.43254635,0.059419133
0.51059997,-0.43154413,0.066349648
0.51069999,-0.43043065,0.073264614
0.5108,-0.42920613,0.080162227
0.51090002,-0.42787066,0.087040775
0.51099998,-0.42642465,0.093898423
0.51109999,-0.42486838,0.10073338
0.51120001,-0.42320222,0.10754389
0.51130003,-0.4214265,0.11432815
0.51139998,-0.41954166,0.12108441
0.5115,-0.41754809,0.1278109
0.51160002,-0.41544628,0.13450587
0.51169997,-0.41323668,0.14116755
0.51179999,-0.41091985,0.1477942
0.51190001,-0.40849614,0.15438412
0.51200002,-0.40596622,0.16093557
0.51209998,-0.40333065,0.16744682
0.5122,-0.40059012,0.17391615
0.51230001,-0.39774525,0.18034187
0.51239997,-0.3947967,0.18672228
0.51249999,-0.39174521,0.1930557
0.5126,-0.38859147,0.19934048
0.51270002,-0.38533631,0.20557491
0.51279998,-0.38198051,0.21175738
0.51289999,-0.37852475,0.21788624
0.51300001,-0.37496987,0.22395986
0.51310003,-0.37131682,0.22997665
0.51319999,-0.36756644,0.23593499
0.5133,-0.3637197,0.24183328
0.51340002,-0.35977754,0.24766999
0.51349998,-0.3557409,0.25344354
0.51359999,-0.35161084,0.25915238
0.51370001,-0.34738833,0.26479501
0.51380002,-0.34307447,0.27036989
0.51389998,-0.33867028,0.27587554
0.514,-0.33417672,0.28131047
0.51410002,-0.32959503,0.28667322
0.51419997,-0.32492638,0.29196236
0.51429999,-0.32017189,0.29717642
0.51440001,-0.31533277,0.30231407
0.51450002,-0.31041026,0.30737388
0.51459998,-0.30540562,0.31235448
0.5147,-0.30032006,0.31725451
0.51480001,-0.29515493,0.32207268
0.51490003,-0.28991148,0.32680768
0.51499999,-0.28459093,0.33145812
0.5151,-0.27919471,0.33602279
0.51520002,-0.2737242,0.34050044
0.51529998,-0.26818079,0.34488988
0.51539999,-0.26256591,0.34918988
0.51550001,-0.25688097,0.35339925
0.51560003,-0.25112742,0.35751686
0.51569998,-0.24530679,0.36154154
0.5158,-0.23942052,0.36547223
0.51590002,-0.23347016,0.36930779
0.51599997,-0.22745712,0.37304714
0.51609999,-0.22138296,0.37668926
0.51620001,-0.21524929,0.38023311
0.51630002,-0.20905767,0.38367772
0.51639998,-0.20280974,0.38702211
0.5165,-0.19650707,0.39026538
0.51660001,-0.19015133,0.3934066
0.51670003,-0.18374415,0.39644489
0.51679999,-0.17728721,0.39937937
0.5169,-0.17078218,0.40220925
0.51700002,-0.16423072,0.40493366
0.51709998,-0.15763444,0.40755174
0.51719999,-0.15099514,0.41006285
0.51730001,-0.14431454,0.41246623
0.51740003,-0.13759442,0.41476116
0.51749998,-0.13083649,0.41694704
0.5176,-0.12404256,0.41902316
0.51770002,-0.11721438,0.42098895
0.51779997,-0.11035377,0.42284381
0.51789999,-0.10346251,0.42458722
0.51800001,-0.096542433,0.42621863
0.51810002,-0.089595206,0.42773739
0.51819998,-0.082622759,0.42914316
0.5183,-0.07562694,0.43043551
0.51840001,-0.068609573,0.43161398
0.51849997,-0.061572518,0.43267825
0.51859999,-0.054517638,0.43362793
0.5187,-0.047446802,0.43446276
0.51880002,-0.040361878,0.43518239
0.51889998,-0.033264752,0.4357866
0.51899999,-0.026157307,0.43627518
0.51910001,-0.01904135,0.43664783
0.51920003,-0.011918797,0.43690434
0.51929998,-0.0047915643,0.43704471
0.5194,0.0023384518,0.43706876
0.51950002,0.0094693517,0.43697646
0.51959997,0.01659923,0.43676773
0.51969999,0.023726188,0.43644261
0.51980001,0.030848313,0.43600112
0.51990002,0.0379637,0.43544328
0.51999998,0.045070443,0.43476921
0.5201,0.052166667,0.43397892
0.52020001,0.059250493,0.43307254
0.52029997,0.066319987,0.43205029
0.52039999,0.073373251,0.43091241
0.5205,0.080408387,0.4296591
0.52060002,0.087423496,0.42829064
0.52069998,0.094416693,0.42680734
0.52079999,0.10138609,0.42520958
0.52090001,0.1083298,0.42349765
0.52100003,0.11524593,0.42167202
0.52109998,0.12213264,0.41973305
0.5212,0.1289881,0.41768107
0.52130002,0.13581041,0.41551664
0.52139997,0.14259771,0.41324034
0.52149999,0.14934818,0.4108527
0.52160001,0.15605997,0.40835425
0.52170002,0.16273126,0.40574569
0.52179998,0.16936022,0.40302756
0.5219,0.17594506,0.40020064
0.52200001,0.18248396,0.39726555
0.52209997,0.18897516,0.39422309
0.52219999,0.19541685,0.39107379
0.5223,0.20180732,0.38781857
0.52240002,0.20814477,0.38445824
0.52249998,0.21442749,0.38099369
0.5226,0.22065373,0.37742573
0.52270001,0.22682178,0.37375534
0.52280003,0.23292996,0.3699834
0.52289999,0.23897657,0.36611092
0.523,0.24495995,0.36213887
0.52310002,0.25087845,0.35806829
0.52319998,0.25673041,0.35390007
0.52329999,0.26251423,0.3496353
0.52340001,0.26822826,0.34527519
0.52350003,0.27387097,0.34082079
0.52359998,0.27944079,0.33627331
0.5237,0.28493613,0.3316339
0.52380002,0.2903555,0.32690376
0.52389997,0.29569736,0.32208416
0.52399999,0.30096021,0.31717634
0.52410001,0.30614263,0.31218162
0.52420002,0.31124312,0.30710122
0.52429998,0.31626019,0.30193639
0.5244,0.3211925,0.29668856
0.52450001,0.32603866,0.29135913
0.52460003,0.33079728,0.28594947
0.52469999,0.33546704,0.28046107
0.5248,0.34004661,0.27489531
0.52490002,0.3445347,0.26925373
0.52499998,0.34893003,0.26353782
0.52509999,0.35323137,0.25774905
0.52520001,0.35743749,0.25188902
0.52530003,0.36154708,0.24595906
0.52539998,0.36555904,0.23996088
0.5255,0.36947224,0.23389611
0.52560002,0.37328553,0.22776634
0.52569997,0.37699783,0.22157322
0.52579999,0.38060805,0.21531841
0.52590001,0.38411516,0.20900358
0.52600002,0.3875182,0.20263045
0.52609998,0.39081609,0.1962007
0.5262,0.39400792,0.18971609
0.52630001,0.3970927,0.18317823
0.52640003,0.4000695,0.17658892
0.52649999,0.40293753,0.16994998
0.5266,0.40569589,0.1632632
0.52670002,0.40834379,0.15653038
0.52679998,0.41088042,0.14975336
0.52689999,0.41330507,0.14293396
0.52700001,0.41561696,0.13607404
0.52710003,0.41781548,0.12917547
0.52719998,0.41989979,0.12224005
0.5273,0.42186934,0.11526963
0.52740002,0.42372349,0.10826616
0.52749997,0.42546168,0.10123155
0.52759999,0.4270834,0.094167717
0.52770001,0.42858812,0.087076582
0.52780002,0.42997533,0.079960085
0.52789998,0.43124467,0.072820172
0.528,0.43239564,0.065658808
0.52810001,0.4334279,0.05847792
0.52819997,0.43434098,0.051279441
0.52829999,0.43513462,0.044065379
0.5284,0.43580857,0.036837719
0.52850002,0.43636256,0.029598439
0.52859998,0.43679637,0.022349538
0.52869999,0.4371098,0.015093008
0.52880001,0.43730274,0.0078308517
0.52890003,0.43737501,0.00056507508
0.52899998,0.43732658,-0.0067023141
0.5291,0.43715727,-0.013969362
0.52920002,0.43686712,-0.021234019
0.52929997,0.43645614,-0.028494278
0.52939999,0.43592438,-0.03574812
0.52950001,0.43527195,-0.042993538
0.52960002,0.43449894,-0.050228518
0.52969998,0.43360549,-0.057451043
0.5298,0.43259183,-0.064659104
0.52990001,0.43145812,-0.071850687
0.52999997,0.43020454,-0.079023831
0.53009999,0.42883143,-0.086176515
0.5302,0.42733908,-0.093306735
0.53030002,0.42572784,-0.1004125
0.53039998,0.42399815,-0.10749183
0.53049999,0.42215034,-0.11454272
0.53060001,0.42018494,-0.1215632
0.53070003,0.41810241,-0.1285513
0.53079998,0.41590327,-0.13550507
0.5309,0.41358799,-0.14242254
0.53100002,0.41115713,-0.14930178
0.53109998,0.40861133,-0.15614086
0.53119999,0.40595129,-0.16293783
0.53130001,0.40317762,-0.16969079
0.53140002,0.40029112,-0.1763978
0.53149998,0.39729244,-0.183057
0.5316,0.39418241,-0.18966646
0.53170002,0.39096186,-0.19622436
0.53179997,0.38763157,-0.20272881
0.53189999,0.38419232,-0.20917797
0.53200001,0.38064507,-0.21556999
0.53210002,0.3769908,-0.22190307
0.53219998,0.37323043,-0.2281754
0.5323,0.36936498,-0.23438518
0.53240001,0.36539549,-0.24053065
0.53250003,0.36132297,-0.24661008
0.53259999,0.35714853,-0.25262168
0.5327,0.3528733,-0.25856376
0.53280002,0.34849828,-0.26443458
0.53289998,0.34402475,-0.27023244
0.53299999,0.33945388,-0.27595574
0.53310001,0.33478689,-0.2816028
0.53320003,0.33002508,-0.28717196
0.53329998,0.32516971,-0.29266167
0.5334,0.32022211,-0.29807031
0.53350002,0.31518364,-0.30339631
0.53359997,0.31005561,-0.30863816
0.53369999,0.3048394,-0.31379429
0.53380001,0.29953638,-0.31886318
0.53390002,0.29414809,-0.32384342
0.53399998,0.28867593,-0.32873353
0.5341,0.28312147,-0.33353207
0.53420001,0.27748615,-0.33823764
0.53430003,0.27177158,-0.3428489
0.53439999,0.26597932,-0.34736446
0.5345,0.26011097,-0.35178301
0.53460002,0.25416809,-0.35610321
0.53469998,0.24815226,-0.36032379
0.53479999,0.24206519,-0.36444348
0.53490001,0.23590858,-0.36846113
0.53500003,0.22968414,-0.37237552
0.53509998,0.22339357,-0.37618545
0.5352,0.21703863,-0.37988982
0.53530002,0.21062107,-0.38348755
0.53539997,0.20414272,-0.38697749
0.53549999,0.19760531,-0.39035866
0.53560001,0.19101061,-0.39362997
0.53570002,0.18436052,-0.39679042
0.53579998,0.17765689,-0.3998391
0.5359,0.17090158,-0.40277508
0.53600001,0.1640965,-0.40559745
0.53609997,0.15724355,-0.40830538
0.53619999,0.15034464,-0.410898
0.5363,0.14340174,-0.41337454
0.53640002,0.13641678,-0.41573423
0.53649998,0.12939161,-0.41797626
0.53659999,0.12232829,-0.42009994
0.53670001,0.11522881,-0.42210463
0.53680003,0.10809517,-0.42398971
0.53689998,0.10092937,-0.42575455
0.537,0.093733452,-0.42739859
0.53710002,0.086509451,-0.42892131
0.53719997,0.079259403,-0.43032223
0.53729999,0.071985364,-0.43160084
0.53740001,0.064689353,-0.43275666
0.53750002,0.057373438,-0.43378931
0.53759998,0.050039716,-0.43469843
0.5377,0.042690277,-0.43548375
0.53780001,0.035327211,-0.43614489
0.53789997,0.027952617,-0.43668169
0.53799999,0.020568594,-0.43709385
0.5381,0.013177257,-0.43738124
0.53820002,0.0057807169,-0.43754369
0.53829998,-0.0016189389,-0.43758106
0.53839999,-0.009019617,-0.43749318
0.53850001,-0.01641917,-0.43728012
0.53860003,-0.023815475,-0.43694183
0.53869998,-0.031206412,-0.43647835
0.5388,-0.038589858,-0.43588972
0.53890002,-0.045963686,-0.4351761
0.53899997,-0.053325776,-0.43433762
0.53909999,-0.060674008,-0.4333744
0.53920001,-0.068006262,-0.43228671
0.53930002,-0.075320475,-0.43107462
0.53939998,-0.082614489,-0.42973852
0.5395,-0.089886211,-0.42827874
0.53960001,-0.097133532,-0.42669562
0.53969997,-0.10435434,-0.42498955
0.53979999,-0.11154657,-0.42316094
0.5399,-0.11870811,-0.42121029
0.54000002,-0.12583689,-0.41913807
0.54009998,-0.13293083,-0.41694483
0.5402,-0.1399879,-0.41463101
0.54030001,-0.14700603,-0.41219726
0.54040003,-0.15398316,-0.40964425
0.54049999,-0.16091727,-0.40697265
0.5406,-0.16780633,-0.40418318
0.54070002,-0.17464833,-0.40127653
0.54079998,-0.18144125,-0.39825353
0.54089999,-0.18818311,-0.39511499
0.54100001,-0.19487195,-0.39186177
0.54110003,-0.20150578,-0.38849461
0.54119998,-0.20808266,-0.38501447
0.5413,-0.21460067,-0.38142231
0.54140002,-0.22105788,-0.37771913
0.54149997,-0.22745238,-0.37390593
0.54159999,-0.23378229,-0.36998376
0.54170001,-0.24004574,-0.36595371
0.54180002,-0.24624088,-0.36181688
0.54189998,-0.25236589,-0.35757443
0.542,-0.25841892,-0.3532275
0.54210001,-0.26439816,-0.34877717
0.54220003,-0.27030188,-0.34422481
0.54229999,-0.27612832,-0.33957165
0.5424,-0.2818757,-0.33481899
0.54250002,-0.28754237,-0.32996818
0.54259998,-0.29312658,-0.32502058
0.54269999,-0.29862669,-0.31997755
0.54280001,-0.30404106,-0.31484056
0.54290003,-0.30936807,-0.30961099
0.54299998,-0.31460604,-0.30429021
0.5431,-0.3197535,-0.29887983
0.54320002,-0.32480881,-0.29338136
0.54329997,-0.32977051,-0.28779638
0.54339999,-0.33463711,-0.28212643
0.54350001,-0.33940706,-0.27637315
0.54360002,-0.34407902,-0.27053818
0.54369998,-0.3486515,-0.26462319
0.5438,-0.35312316,-0.25862986
0.54390001,-0.35749254,-0.25255975
0.54400003,-0.36175835,-0.24641471
0.54409999,-0.36591932,-0.24019645
0.5442,-0.36997414,-0.23390681
0.54430002,-0.3739216,-0.22754754
0.54439998,-0.37776047,-0.22112051
0.54449999,-0.38148955,-0.21462755
0.54460001,-0.38510773,-0.20807052
0.54470003,-0.38861388,-0.20145133
0.54479998,-0.39200684,-0.1947718
0.5449,-0.39528558,-0.18803386
0.54500002,-0.39844909,-0.1812395
0.54509997,-0.40149635,-0.17439066
0.54519999,-0.40442646,-0.16748935
0.54530001,-0.40723845,-0.16053756
0.54540002,-0.40993148,-0.15353729
0.54549998,-0.41250464,-0.1464906
0.5456,-0.41495717,-0.13939954
0.54570001,-0.41728818,-0.13226612
0.54579997,-0.41949695,-0.12509237
0.54589999,-0.42158276,-0.11788044
0.546,-0.42354494,-0.11063243
0.54610002,-0.42538285,-0.10335046
0.54619998,-0.42709589,-0.09603665
0.54629999,-0.42868349,-0.088693149
0.54640001,-0.43014511,-0.081322104
0.54650003,-0.43148026,-0.073925681
0.54659998,-0.43268847,-0.066506036
0.5467,-0.4337692,-0.059065279
0.54680002,-0.43472213,-0.051605646
0.54689997,-0.43554693,-0.044129334
0.54699999,-0.4362433,-0.036638543
0.54710001,-0.43681094,-0.029135484
0.54720002,-0.43724963,-0.021622365
0.54729998,-0.43755916,-0.01410141
0.5474,-0.4377394,-0.006574844
0.54750001,-0.43779022,0.0009551043
0.54759997,-0.43771142,0.0084862765
0.54769999,-0.43750298,0.016016403
0.5478,-0.43716493,0.023543246
0.54790002,-0.43669733,0.031064572
0.54799998,-0.43610021,0.038578145
0.54809999,-0.43537369,0.046081729
0.54820001,-0.43451792,0.053573094
0.54830003,-0.43353313,0.061050005
0.54839998,-0.43241948,0.068510227
0.5485,-0.4311772,0.075951569
0.54860002,-0.42980656,0.083371811
0.54869998,-0.42830795,0.090768717
0.54879999,-0.42668173,0.098140076
0.54890001,-0.42492834,0.10548367
0.54900002,-0.42304823,0.11279732
0.54909998,-0.42104188,0.12007881
0.5492,-0.41890985,0.12732597
0.54930001,-0.41665271,0.13453659
0.54939997,-0.41427103,0.14170854
0.54949999,-0.41176534,0.14883967
0.54960001,-0.40913638,0.15592779
0.54970002,-0.40638494,0.1629708
0.54979998,-0.40351176,0.16996653
0.5499,-0.40051758,0.17691292
0.55000001,-0.3974033,0.18380782
0.55010003,-0.39416975,0.19064915
0.55019999,-0.39081785,0.19743486
0.5503,-0.38734853,0.20416288
0.55040002,-0.38376266,0.21083115
0.55049998,-0.38006127,0.21743764
0.55059999,-0.37624547,0.22398037
0.55070001,-0.37231636,0.23045732
0.55080003,-0.36827499,0.23686652
0.55089998,-0.36412257,0.24320602
0.551,-0.35986027,0.24947387
0.55110002,-0.35548934,0.25566816
0.55119997,-0.35101101,0.261787
0.55129999,-0.34642643,0.26782849
0.55140001,-0.34173697,0.27379078
0.55150002,-0.33694407,0.279672
0.55159998,-0.33204904,0.2854704
0.5517,-0.32705337,0.29118419
0.55180001,-0.32195845,0.29681155
0.55190003,-0.31676579,0.30235079
0.55199999,-0.31147692,0.3078002
0.5521,-0.30609336,0.31315807
0.55220002,-0.30061659,0.31842273
0.55229998,-0.29504824,0.32359251
0.55239999,-0.28938994,0.32866585
0.55250001,-0.28364339,0.33364117
0.55260003,-0.27781025,0.33851689
0.55269998,-0.27189225,0.34329149
0.5528,-0.26589113,0.34796348
0.55290002,-0.25980866,0.35253143
0.55299997,-0.25364667,0.35699388
0.55309999,-0.24740689,0.3613494
0.55320001,-0.2410911,0.36559659
0.55330002,-0.23470128,0.36973414
0.55339998,-0.22823927,0.3737607
0.5535,-0.22170702,0.37767509
0.55360001,-0.21510647,0.38147596
0.55369997,-0.20843959,0.38516217
0.55379999,-0.20170835,0.38873255
0.5539,-0.19491477,0.3921859
0.55400002,-0.18806089,0.39552116
0.55409998,-0.1811486,0.39873716
0.55419999,-0.17418009,0.40183291
0.55430001,-0.16715741,0.40480739
0.55440003,-0.16008268,0.40765965
0.55449998,-0.15295804,0.4103888
0.5546,-0.14578559,0.41299388
0.55470002,-0.13856752,0.41547409
0.55479997,-0.13130601,0.41782859
0.55489999,-0.12400322,0.42005661
0.55500001,-0.11666128,0.42215729
0.55510002,-0.10928243,0.42412996
0.55519998,-0.10186892,0.42597401
0.5553,-0.094422989,0.42768878
0.55540001,-0.08694689,0.42927366
0.55549997,-0.079442888,0.43072817
0.55559999,-0.071913257,0.43205175
0.5557,-0.064360283,0.43324393
0.55580002,-0.056786276,0.4343043
0.55589998,-0.049193464,0.43523237
0.55599999,-0.041584156,0.4360278
0.55610001,-0.033960696,0.4366903
0.55620003,-0.026325408,0.43721962
0.55629998,-0.018680621,0.43761548
0.5564,-0.011028668,0.43787777
0.55650002,-0.0033718888,0.43800628
0.55659997,0.0042873737,0.43800092
0.55669999,0.011946772,0.43786165
0.55680001,0.019603983,0.43758836
0.55690002,0.027256701,0.43718103
0.55699998,0.034902539,0.43663973
0.5571,0.04253915,0.43596461
0.55720001,0.050164182,0.43515578
0.55729997,0.057775296,0.43421343
0.55739999,0.06537015,0.43313777
0.5575,0.072946392,0.43192908
0.55760002,0.080501683,0.43058768
0.55769998,0.088033706,0.42911386
0.55779999,0.095540166,0.42750791
0.55790001,0.10301872,0.42577031
0.55800003,0.11046704,0.42390156
0.55809999,0.11788283,0.42190212
0.5582,0.1252638,0.4197726
0.55830002,0.13260762,0.41751358
0.55839998,0.13991204,0.41512564
0.55849999,0.14717479,0.41260952
0.55860001,0.1543936,0.4099659
0.55870003,0.16156623,0.40719539
0.55879998,0.16869044,0.40429884
0.5589,0.17576401,0.4012771
0.55900002,0.18278474,0.39813104
0.55909997,0.1897504,0.39486158
0.55919999,0.19665885,0.39146963
0.55930001,0.2035079,0.38795623
0.55940002,0.21029541,0.38432238
0.55949998,0.21701925,0.38056916
0.5596,0.22367729,0.37669754
0.55970001,0.23026745,0.37270868
0.55980003,0.23678766,0.36860377
0.55989999,0.24323584,0.36438406
0.56,0.24960999,0.36005077
0.56010002,0.25590807,0.35560521
0.56019998,0.26212808,0.35104871
0.56029999,0.26826811,0.34638259
0.56040001,0.27432615,0.34160826
0.56050003,0.28030029,0.33672711
0.56059998,0.2861886,0.33174053
0.5607,0.29198927,0.32665005
0.56080002,0.29770038,0.32145721
0.56089997,0.30332017,0.3161636
0.56099999,0.30884683,0.31077078
0.56110001,0.31427857,0.30528042
0.56120002,0.3196137,0.29969415
0.56129998,0.32485044,0.29401368
0.5614,0.32998717,0.2882407
0.56150001,0.33502218,0.28237683
0.56160003,0.33995384,0.27642396
0.56169999,0.34478059,0.27038386
0.5618,0.34950086,0.26425841
0.56190002,0.35411316,0.25804949
0.56199998,0.35861593,0.25175896
0.56209999,0.36300778,0.24538876
0.56220001,0.36728725,0.23894083
0.56230003,0.37145293,0.23241718
0.56239998,0.37550342,0.22581966
0.5625,0.37943742,0.21915033
0.56260002,0.3832536,0.2124113
0.56269997,0.38695079,0.2056046
0.56279999,0.39052773,0.19873236
0.56290001,0.39398322,0.19179669
0.56300002,0.39731616,0.18479972
0.56309998,0.40052542,0.17774363
0.5632,0.40360993,0.1706306
0.56330001,0.40656862,0.16346276
0.56339997,0.40940046,0.1562423
0.56349999,0.41210455,0.1489715
0.5636,0.41467994,0.14165264
0.56370002,0.41712582,0.13428797
0.56379998,0.41944131,0.1268798
0.56389999,0.42162561,0.11943042
0.56400001,0.42367804,0.11194216
0.56410003,0.42559782,0.10441735
0.56419998,0.42738426,0.096858338
0.5643,0.42903665,0.089267373
0.56440002,0.43055448,0.081646919
0.56449997,0.43193719,0.073999345
0.56459999,0.43318427,0.066327043
0.56470001,0.4342953,0.058632433
0.56480002,0.43526983,0.05091792
0.56489998,0.43610749,0.043185931
0.565,0.43680796,0.035438899
0.56510001,0.43737096,0.027679261
0.56519997,0.43779603,0.01990936
0.56529999,0.43808314,0.012131711
0.5654,0.43823209,0.0043487665
0.56550002,0.43824276,-0.0034370169
0.56559998,0.43811509,-0.01122318
0.56569999,0.43784904,-0.01900726
0.56580001,0.43744466,-0.026786793
0.56590003,0.43690199,-0.034559309
0.56599998,0.43622112,-0.042322345
0.5661,0.4354021,-0.050073501
0.56620002,0.43444511,-0.057810284
0.56629997,0.43335047,-0.065530233
0.56639999,0.43211842,-0.073230885
0.56650001,0.43074927,-0.080909796
0.56660002,0.42924345,-0.088564515
0.56669998,0.42760131,-0.096192598
0.5668,0.4258233,-0.10379161
0.56690001,0.42390999,-0.11135913
0.56699997,0.42186177,-0.11889274
0.56709999,0.41967922,-0.12639007
0.56720001,0.41736299,-0.13384867
0.56730002,0.41491377,-0.14126615
0.56739998,0.41233227,-0.14864016
0.5675,0.40961927,-0.15596831
0.56760001,0.40677553,-0.16324824
0.56770003,0.40380192,-0.17047763
0.56779999,0.40069932,-0.17765413
0.5679,0.39746863,-0.18477543
0.56800002,0.39411065,-0.19183925
0.56809998,0.39062652,-0.19884329
0.56819999,0.38701728,-0.20578529
0.56830001,0.383284,-0.21266301
0.56840003,0.37942785,-0.21947421
0.56849998,0.37544999,-0.22621669
0.5686,0.3713516,-0.23288827
0.56870002,0.36713398,-0.23948677
0.56879997,0.36279836,-0.24601005
0.56889999,0.35834596,-0.25245595
0.56900001,0.35377818,-0.25882241
0.56910002,0.34909648,-0.26510733
0.56919998,0.3443023,-0.27130869
0.5693,0.3393971,-0.27742442
0.56940001,0.33438241,-0.28345254
0.56950003,0.32925981,-0.28939107
0.56959999,0.32403085,-0.29523805
0.5697,0.31869715,-0.30099159
0.56980002,0.31326029,-0.30664974
0.56989998,0.30772191,-0.31221065
0.56999999,0.30208388,-0.31767249
0.57010001,0.29634789,-0.32303348
0.57020003,0.29051572,-0.3282918
0.57029998,0.28458926,-0.33344576
0.5704,0.27857032,-0.33849365
0.57050002,0.27246085,-0.34343374
0.57059997,0.26626271,-0.34826443
0.57069999,0.25997779,-0.35298407
0.57080001,0.25360805,-0.35759106
0.57090002,0.24715553,-0.36208391
0.57099998,0.24062228,-0.3664611
0.5711,0.23401037,-0.37072113
0.57120001,0.22732189,-0.37486261
0.57130003,0.22055897,-0.37888414
0.57139999,0.21372375,-0.38278434
0.5715,0.2068184,-0.38656193
0.57160002,0.19984509,-0.39021561
0.57169998,0.19280592,-0.39374402
0.57179999,0.18570322,-0.39714605
0.57190001,0.17853925,-0.40042049
0.57200003,0.17131631,-0.4035663
0.57209998,0.16403669,-0.40658233
0.5722,0.15670274,-0.40946758
0.57230002,0.14931679,-0.41222101
0.57239997,0.14188121,-0.41484174
0.57249999,0.13439842,-0.4173288
0.57260001,0.12687062,-0.41968116
0.57270002,0.11930034,-0.42189813
0.57279998,0.11169004,-0.42397892
0.5729,0.10404214,-0.42592275
0.57300001,0.096359119,-0.42772898
0.57309997,0.088643439,-0.4293969
0.57319999,0.080897607,-0.43092591
0.5733,0.073124118,-0.4323155
0.57340002,0.065325499,-0.43356508
0.57349998,0.057504158,-0.43467411
0.57359999,0.049662668,-0.43564218
0.57370001,0.041803591,-0.43646893
0.57380003,0.033929467,-0.437154
0.57389998,0.026042862,-0.43769711
0.574,0.018146329,-0.43809804
0.57410002,0.010242441,-0.43835655
0.57419997,0.0023337705,-0.43847254
0.57429999,-0.0055771018,-0.43844587
0.57440001,-0.013487645,-0.43827641
0.57450002,-0.021395303,-0.43796408
0.57459998,-0.02929746,-0.43750897
0.5747,-0.037191533,-0.4369112
0.57480001,-0.045074936,-0.43617085
0.57489997,-0.0529451,-0.43528813
0.57499999,-0.060799439,-0.43426323
0.5751,-0.068635374,-0.43309644
0.57520002,-0.07645034,-0.43178806
0.57529998,-0.084241778,-0.43033844
0.57539999,-0.092007175,-0.4287478
0.57550001,-0.09974394,-0.42701674
0.57560003,-0.10744952,-0.42514575
0.57569999,-0.11512138,-0.42313534
0.5758,-0.122757,-0.42098615
0.57590002,-0.13035384,-0.41869879
0.57599998,-0.13790941,-0.41627392
0.57609999,-0.14542121,-0.41371235
0.57620001,-0.15288672,-0.4110148
0.57630002,-0.16030353,-0.40818188
0.57639998,-0.16766916,-0.40521458
0.5765,-0.17498116,-0.40211383
0.57660002,-0.1822371,-0.3988806
0.57669997,-0.18943457,-0.39551586
0.57679999,-0.19657117,-0.39202064
0.57690001,-0.20364453,-0.38839605
0.57700002,-0.21065228,-0.38464326
0.57709998,-0.21759211,-0.38076338
0.5772,-0.22446166,-0.3767575
0.57730001,-0.23125865,-0.37262693
0.57740003,-0.23798081,-0.36837298
0.57749999,-0.2446259,-0.36399701
0.5776,-0.25119165,-0.35950041
0.57770002,-0.25767592,-0.35488459
0.57779998,-0.26407647,-0.35015103
0.57789999,-0.27039117,-0.34530124
0.57800001,-0.27661791,-0.34033677
0.57810003,-0.28275457,-0.33525908
0.57819998,-0.28879902,-0.33006975
0.5783,-0.29474929,-0.32477054
0.57840002,-0.30060336,-0.31936312
0.57849997,-0.3063592,-0.31384924
0.57859999,-0.31201491,-0.30823067
0.57870001,-0.31756857,-0.30250922
0.57880002,-0.32301825,-0.29668674
0.57889998,-0.32836211,-0.29076514
0.579,-0.33359835,-0.28474623
0.57910001,-0.33872509,-0.27863187
0.57920003,-0.34374064,-0.27242413
0.57929999,-0.34864324,-0.26612502
0.5794,-0.35343128,-0.2597366
0.57950002,-0.35810307,-0.25326094
0.57959998,-0.36265701,-0.24670015
0.57969999,-0.36709151,-0.24005637
0.57980001,-0.37140509,-0.23333177
0.57990003,-0.37559623,-0.22652856
0.57999998,-0.37966338,-0.21964873
0.5801,-0.38360515,-0.2126947
0.58020002,-0.38742024,-0.20566875
0.58029997,-0.39110729,-0.19857314
0.58039999,-0.39466497,-0.19141024
0.58050001,-0.39809209,-0.18418238
0.58060002,-0.40138742,-0.17689194
0.58069998,-0.40454984,-0.16954134
0.5808,-0.40757817,-0.16213299
0.58090001,-0.41047129,-0.15466923
0.58099997,-0.41322812,-0.14715251
0.58109999,-0.41584781,-0.13958539
0.5812,-0.4183293,-0.13197035
0.58130002,-0.42067179,-0.12430991
0.58139998,-0.42287439,-0.11660662
0.58149999,-0.42493626,-0.10886301
0.58160001,-0.42685673,-0.10108168
0.58170003,-0.42863506,-0.093265198
0.58179998,-0.43027049,-0.085416116
0.5819,-0.4317624,-0.077537
0.58200002,-0.43311024,-0.069630526
0.58209997,-0.43431351,-0.061699331
0.58219999,-0.43537176,-0.053746056
0.58230001,-0.43628451,-0.045773361
0.58240002,-0.43705148,-0.037783913
0.58249998,-0.43767226,-0.029780386
0.5826,-0.43814659,-0.021765444
0.58270001,-0.43847409,-0.013741676
0.58279997,-0.43865469,-0.0057118358
0.58289999,-0.43868822,0.0023213841
0.583,-0.43857464,0.01035529
0.58310002,-0.4383139,0.018387184
0.58319998,-0.437906,0.026414366
0.58329999,-0.43735102,0.034434136
0.58340001,-0.43664908,0.042443793
0.58350003,-0.43580025,0.050440673
0.58359998,-0.43480477,0.05842207
0.5837,-0.43366289,0.066385284
0.58380002,-0.43237492,0.074327625
0.58389997,-0.43094128,0.082246415
0.58399999,-0.42936236,0.090138964
0.58410001,-0.42763859,0.098002605
0.58420002,-0.42577052,0.10583468
0.58429998,-0.42375863,0.11363252
0.5844,-0.42160347,0.12139351
0.58450001,-0.41930577,0.12911499
0.58459997,-0.41686627,0.13679433
0.58469999,-0.41428566,0.14442891
0.5848,-0.41156477,0.15201615
0.58490002,-0.40870446,0.15955345
0.58499998,-0.40570566,0.16703825
0.5851,-0.40256923,0.17446795
0.58520001,-0.3992961,0.18184008
0.58530003,-0.39588737,0.18915206
0.58539999,-0.39234415,0.1964014
0.5855,-0.38866755,0.20358564
0.58560002,-0.38485879,0.21070227
0.58569998,-0.38091904,0.21774887
0.58579999,-0.37684959,0.22472301
0.58590001,-0.37265182,0.23162229
0.58600003,-0.3683269,0.23844433
0.58609998,-0.36387631,0.24518678
0.5862,-0.35930154,0.2518473
0.58630002,-0.35460404,0.2584236
0.58639997,-0.34978536,0.26491341
0.58649999,-0.34484708,0.27131447
0.58660001,-0.33979085,0.27762455
0.58670002,-0.3346183,0.28384149
0.58679998,-0.3293311,0.28996313
0.5869,-0.32393092,0.29598725
0.58700001,-0.31841961,0.30191183
0.58710003,-0.31279901,0.30773482
0.58719999,-0.30707094,0.31345412
0.5873,-0.30123731,0.31906778
0.58740002,-0.2953001,0.32457384
0.58749998,-0.28926125,0.32997033
0.58759999,-0.28312278,0.33525541
0.58770001,-0.27688658,0.3404271
0.58780003,-0.27055484,0.34548369
0.58789998,-0.2641297,0.35042334
0.588,-0.25761327,0.35524431
0.58810002,-0.25100771,0.35994494
0.58819997,-0.2443153,0.36452353
0.58829999,-0.23753825,0.36897844
0.58840001,-0.23067886,0.37330815
0.58850002,-0.2237393,0.37751099
0.58859998,-0.21672198,0.38158551
0.5887,-0.20962927,0.38553026
0.58880001,-0.20246355,0.38934386
0.58890003,-0.19522725,0.39302486
0.58899999,-0.18792282,0.39657202
0.5891,-0.18055274,0.399984
0.58920002,-0.17311949,0.40325961
0.58929998,-0.16562554,0.40639755
0.58939999,-0.15807343,0.40939674
0.58950001,-0.15046573,0.41225606
0.58960003,-0.14280504,0.41497445
0.58969998,-0.13509396,0.41755095
0.5898,-0.12733513,0.41998458
0.58990002,-0.11953118,0.42227444
0.58999997,-0.11168478,0.4244197
0.59009999,-0.10379861,0.4264195
0.59020001,-0.095875271,0.42827299
0.59030002,-0.087917529,0.42997956
0.59039998,-0.079928115,0.43153852
0.5905,-0.071909748,0.43294927
0.59060001,-0.0638652,0.43421125
0.59069997,-0.055797216,0.43532395
0.59079999,-0.047708575,0.43628696
0.5909,-0.039602064,0.43709984
0.59100002,-0.031480394,0.43776211
0.59109998,-0.023346396,0.43827355
0.59119999,-0.01520288,0.43863392
0.59130001,-0.007052653,0.43884301
0.59140003,0.0011014726,0.43890065
0.59149998,0.0092566796,0.4388068
0.5916,0.017410148,0.43856141
0.59170002,0.025559053,0.43816447
0.59179997,0.0337006,0.43761602
0.59189999,0.041831985,0.43691608
0.59200001,0.049950365,0.43606493
0.59210002,0.058052924,0.43506274
0.59219998,0.066136844,0.4339098
0.5923,0.074199326,0.43260646
0.59240001,0.082237549,0.43115309
0.59249997,0.090248719,0.42955011
0.59259999,0.098230049,0.42779803
0.5927,0.10617878,0.42589721
0.59280002,0.11409211,0.42384836
0.59289998,0.12196729,0.42165208
0.59299999,0.12980156,0.41930911
0.59310001,0.13759217,0.41682017
0.59320003,0.1453364,0.41418606
0.59329998,0.15303153,0.41140762
0.5934,0.16067486,0.40848577
0.59350002,0.16826372,0.40542132
0.59359998,0.17579542,0.40221533
0.59369999,0.18326734,0.39886883
0.59380001,0.19067681,0.39538294
0.59390002,0.19802125,0.39175883
0.59399998,0.20529805,0.38799769
0.5941,0.21250466,0.38410074
0.59420002,0.21963851,0.38006929
0.59429997,0.22669709,0.37590462
0.59439999,0.23367788,0.37160808
0.59450001,0.24057843,0.36718118
0.59460002,0.24739626,0.36262533
0.59469998,0.25412896,0.35794213
0.5948,0.26077417,0.35313317
0.59490001,0.26732948,0.34819999
0.59500003,0.27379259,0.34314436
0.59509999,0.28016117,0.33796787
0.5952,0.28643292,0.33267224
0.59530002,0.29260561,0.3272593
0.59539998,0.29867703,0.32173091
0.59549999,0.30464503,0.31608894
0.59560001,0.31050745,0.31033531
0.59570003,0.31626219,0.304472
0.59579998,0.32190716,0.29850101
0.5959,0.32744038,0.29242441
0.59600002,0.33285975,0.28624412
0.59609997,0.33816338,0.27996233
0.59619999,0.34334931,0.27358121
0.59630001,0.3484157,0.26710296
0.59640002,0.35336068,0.26052979
0.59649998,0.35818252,0.25386399
0.5966,0.3628794,0.24710786
0.59670001,0.36744961,0.24026375
0.59680003,0.3718915,0.23333392
0.59689999,0.37620336,0.22632074
0.597,0.38038367,0.21922673
0.59710002,0.38443092,0.21205431
0.59719998,0.38834357,0.204806
0.59729999,0.39212021,0.19748428
0.59740001,0.39575943,0.19009174
0.59750003,0.3992599,0.18263093
0.59759998,0.40262029,0.17510444
0.5977,0.40583926,0.1675148
0.59780002,0.40891567,0.15986474
0.59789997,0.4118484,0.1521569
0.59799999,0.41463628,0.14439401
0.59810001,0.41727829,0.13657877
0.59820002,0.41977346,0.12871392
0.59829998,0.42212078,0.12080222
0.5984,0.42431942,0.11284646
0.59850001,0.42636836,0.10484932
0.59859997,0.42826688,0.096813679
0.59869999,0.43001425,0.08874236
0.5988,0.43160978,0.080638207
0.59890002,0.43305281,0.072504073
0.59899998,0.4343428,0.064342834
0.59909999,0.43547916,0.056157365
0.59920001,0.43646151,0.04795057
0.59930003,0.43728927,0.0397253
0.59939998,0.43796209,0.031484451
0.5995,0.43847966,0.023230974
0.59960002,0.43884179,0.014967785
0.59969997,0.43904823,0.0066978219
0.59979999,0.43909883,-0.0015759817
0.59990001,0.43899354,-0.0098506836
0.60000002,0.43873233,-0.018123338
0.60009998,0.43831512,-0.026391014
0.6002,0.43774194,-0.034650814
0.60030001,0.43701297,-0.042899754
0.60039997,0.43612844,-0.051134899
0.60049999,0.43508852,-0.059353307
0.6006,0.43389356,-0.067552038
0.60070002,0.4325439,-0.075728163
0.60079998,0.43103996,-0.083878748
0.60089999,0.42938221,-0.092000887
0.60100001,0.427571,-0.10009169
0.60110003,0.425607,-0.10814823
0.60119998,0.42349085,-0.11616763
0.6013,0.42122319,-0.12414701
0.60140002,0.41880482,-0.13208348
0.60149997,0.41623649,-0.13997419
0.60159999,0.41351908,-0.1478163
0.60170001,0.4106535,-0.155607
0.60180002,0.40764061,-0.16334344
0.60189998,0.40448135,-0.17102288
0.602,0.4011769,-0.1786425
0.60210001,0.39772832,-0.18619955
0.60219997,0.39413679,-0.19369131
0.60229999,0.39040357,-0.20111506
0.6024,0.38652989,-0.20846808
0.60250002,0.3825171,-0.21574774
0.60259998,0.37836653,-0.22295137
0.6027,0.37407953,-0.23007634
0.60280001,0.36965758,-0.23712006
0.60290003,0.36510226,-0.24407998
0.60299999,0.36041513,-0.25095353
0.6031,0.35559782,-0.25773823
0.60320002,0.35065201,-0.2644316
0.60329998,0.34557942,-0.27103114
0.60339999,0.34038177,-0.27753448
0.60350001,0.33506081,-0.28393921
0.60360003,0.32961839,-0.29024297
0.60369998,0.32405645,-0.29644346
0.6038,0.31837696,-0.30253839
0.60390002,0.3125819,-0.3085255
0.60399997,0.30667329,-0.31440261
0.60409999,0.30065322,-0.32016751
0.60420001,0.29452381,-0.32581812
0.60430002,0.28828713,-0.33135229
0.60439998,0.28194541,-0.33676797
0.6045,0.27550086,-0.34206316
0.60460001,0.2689558,-0.34723586
0.60470003,0.26231253,-0.35228419
0.60479999,0.25557345,-0.35720626
0.6049,0.24874088,-0.3620002
0.60500002,0.24181733,-0.36666426
0.60509998,0.23480517,-0.37119666
0.60519999,0.22770682,-0.37559563
0.60530001,0.22052489,-0.37985957
0.60540003,0.21326193,-0.38398686
0.60549998,0.20592055,-0.38797596
0.6056,0.19850335,-0.39182535
0.60570002,0.19101299,-0.39553356
0.60579997,0.18345217,-0.3990992
0.60589999,0.1758236,-0.40252092
0.60600001,0.16812988,-0.40579727
0.60610002,0.16037385,-0.40892708
0.60619998,0.15255828,-0.41190913
0.6063,0.14468601,-0.41474229
0.60640001,0.13675985,-0.41742545
0.60650003,0.12878267,-0.41995758
0.60659999,0.12075736,-0.42233768
0.6067,0.11268679,-0.42456481
0.60680002,0.10457383,-0.42663801
0.60689998,0.096421398,-0.42855647
0.60699999,0.088232473,-0.43031943
0.60710001,0.080010019,-0.43192616
0.60720003,0.071757011,-0.43337604
0.60729998,0.063476451,-0.43466845
0.6074,0.055171348,-0.43580288
0.60750002,0.046844713,-0.43677878
0.60759997,0.03849956,-0.43759575
0.60769999,0.030138858,-0.43825331
0.60780001,0.021765701,-0.43875119
0.60790002,0.01338314,-0.43908918
0.60799998,0.0049942303,-0.43926701
0.6081,-0.003397966,-0.43928462
0.60820001,-0.011790382,-0.43914187
0.60829997,-0.020179946,-0.43883878
0.60839999,-0.028563587,-0.43837538
0.6085,-0.036938306,-0.43775162
0.60860002,-0.04530099,-0.4369677
0.60869998,-0.053648576,-0.43602389
0.60879999,-0.061977997,-0.43492043
0.60890001,-0.070286199,-0.43365765
0.60900003,-0.07857012,-0.43223593
0.60909998,-0.086826719,-0.43065578
0.6092,-0.095052943,-0.42891765
0.60930002,-0.1032458,-0.42702201
0.60939997,-0.11140226,-0.42496949
0.60949999,-0.11951931,-0.42276081
0.60960001,-0.12759393,-0.42039675
0.60970002,-0.13562317,-0.417878
0.60979998,-0.14360404,-0.41520551
0.6099,-0.15153359,-0.41238016
0.61000001,-0.15940887,-0.40940294
0.61009997,-0.16722696,-0.40627483
0.61019999,-0.17498498,-0.40299675
0.6103,-0.18268004,-0.39956999
0.61040002,-0.19030927,-0.39599571
0.61049998,-0.19786982,-0.39227515
0.61059999,-0.20535891,-0.38840961
0.61070001,-0.21277371,-0.38440049
0.61080003,-0.22011147,-0.38024917
0.61089998,-0.22736946,-0.37595716
0.611,-0.23454493,-0.37152576
0.61110002,-0.2416352,-0.36695665
0.61119998,-0.24863765,-0.36225146
0.61129999,-0.25554961,-0.35741186
0.61140001,-0.2623685,-0.35243958
0.61150002,-0.26909178,-0.34733638
0.61159998,-0.2757169,-0.34210414
0.6117,-0.28224137,-0.3367447
0.61180001,-0.28866273,-0.33125991
0.61189997,-0.2949785,-0.32565168
0.61199999,-0.30118635,-0.31992209
0.61210001,-0.30728394,-0.31407323
0.61220002,-0.31326893,-0.3081072
0.61229998,-0.31913903,-0.30202615
0.6124,-0.32489207,-0.29583228
0.61250001,-0.33052588,-0.28952786
0.61260003,-0.33603823,-0.28311512
0.61269999,-0.341427,-0.27659628
0.6128,-0.34669018,-0.26997381
0.61290002,-0.35182574,-0.26325011
0.61299998,-0.35683176,-0.25642762
0.61309999,-0.36170629,-0.24950883
0.61320001,-0.36644742,-0.24249627
0.61330003,-0.3710534,-0.23539253
0.61339998,-0.37552243,-0.22820018
0.6135,-0.37985268,-0.22092171
0.61360002,-0.38404256,-0.2135599
0.61369997,-0.3880904,-0.20611742
0.61379999,-0.39199466,-0.19859701
0.61390001,-0.39575383,-0.19100146
0.61400002,-0.39936641,-0.18333355
0.61409998,-0.40283102,-0.17559609
0.6142,-0.40614629,-0.16779196
0.61430001,-0.40931085,-0.15992394
0.61440003,-0.41232345,-0.15199494
0.61449999,-0.41518289,-0.14400794
0.6146,-0.41788808,-0.13596585
0.61470002,-0.4204379,-0.12787168
0.61479998,-0.42283139,-0.11972842
0.61489999,-0.42506751,-0.1115391
0.61500001,-0.42714539,-0.10330675
0.61510003,-0.42906418,-0.095034413
0.61519998,-0.43082294,-0.086725071
0.6153,-0.43242106,-0.078381896
0.61540002,-0.43385783,-0.070007972
0.61549997,-0.43513262,-0.061606437
0.61559999,-0.43624496,-0.053180411
0.61570001,-0.43719429,-0.044733047
0.61580002,-0.43798023,-0.036267504
0.61589998,-0.43860239,-0.027786948
0.616,-0.4390603,-0.01929445
0.61610001,-0.43935379,-0.010793251
0.61619997,-0.43948272,-0.0022865371
0.61629999,-0.43944693,0.0062225033
0.6164,-0.43924639,0.014730677
0.61650002,-0.43888107,0.023234788
0.61659998,-0.43835106,0.031731635
0.61669999,-0.43765649,0.040218025
0.61680001,-0.43679741,0.048690803
0.61690003,-0.43577409,0.05714678
0.61699998,-0.43458688,0.065582752
0.6171,-0.43323612,0.073995531
0.61720002,-0.43172228,0.082381941
0.61729997,-0.43004587,0.090738818
0.61739999,-0.42820743,0.099062994
0.61750001,-0.42620757,0.10735133
0.61760002,-0.42404693,0.11560068
0.61769998,-0.42172617,0.12380794
0.6178,-0.41924614,0.13196999
0.61790001,-0.41660771,0.14008372
0.61799997,-0.41381183,0.14814605
0.61809999,-0.41085944,0.15615392
0.6182,-0.40775165,0.16410427
0.61830002,-0.40448952,0.17199409
0.61839998,-0.40107423,0.17982034
0.61849999,-0.39750677,0.18758006
0.61860001,-0.39378861,0.1952703
0.61870003,-0.38992104,0.20288809
0.61879998,-0.38590547,0.21043052
0.6189,-0.38174334,0.2178947
0.61900002,-0.37743616,0.2252778
0.61909997,-0.37298554,0.23257694
0.61919999,-0.36839306,0.23978935
0.61930001,-0.36366031,0.24691224
0.61940002,-0.358789,0.25394288
0.61949998,-0.35378093,0.2608785
0.6196,-0.34863797,0.26771653
0.61970001,-0.34336203,0.27445427
0.61979997,-0.33795503,0.2810891
0.61989999,-0.33241898,0.28761852
0.62,-0.32675591,0.29403993
0.62010002,-0.32096785,0.3003509
0.62019998,-0.31505689,0.30654889
0.62029999,-0.30902526,0.31263155
0.62040001,-0.30287522,0.31859651
0.62050003,-0.29660904,0.32444143
0.62059999,-0.29022908,0.33016407
0.6207,-0.28373769,0.33576217
0.62080002,-0.27713731,0.34123352
0.62089998,-0.27043045,0.34657606
0.62099999,-0.26361933,0.35178754
0.62110001,-0.25670671,0.35686597
0.62120003,-0.24969514,0.36180937
0.62129998,-0.24258725,0.3666158
0.6214,-0.23538572,0.37128335
0.62150002,-0.22809324,0.37581021
0.62159997,-0.22071256,0.38019457
0.62169999,-0.21324649,0.38443467
0.62180001,-0.2056977,0.38852879
0.62190002,-0.19806907,0.39247528
0.62199998,-0.1903635,0.3962726
0.6221,-0.18258391,0.39991924
0.62220001,-0.17473324,0.40341368
0.62230003,-0.16681446,0.40675461
0.62239999,-0.15883058,0.40994063
0.6225,-0.15078463,0.41297045
0.62260002,-0.14267962,0.41584283
0.62269998,-0.13451853,0.41855648
0.62279999,-0.12630457,0.42111036
0.62290001,-0.11804083,0.42350346
0.62300003,-0.10973047,0.42573476
0.62309998,-0.10137666,0.42780334
0.6232,-0.092982583,0.4297083
0.62330002,-0.084551446,0.43144891
0.62339997,-0.076086469,0.43302438
0.62349999,-0.067590773,0.43443388
0.62360001,-0.059067678,0.4356769
0.62370002,-0.05052045,0.43675286
0.62379998,-0.041952364,0.43766129
0.6239,-0.033366706,0.43840179
0.62400001,-0.024766767,0.43897396
0.62410003,-0.016155859,0.43937755
0.62419999,-0.007537296,0.4396123
0.6243,0.0010856742,0.43967792
0.62440002,0.0097097261,0.43957436
0.62449998,0.018331517,0.43930158
0.62459999,0.026947718,0.43885964
0.62470001,0.035555013,0.4382486
0.62480003,0.044150069,0.43746868
0.62489998,0.052729569,0.43652004
0.625,0.06129019,0.43540302
0.62510002,0.069828637,0.43411794
0.62519997,0.078341641,0.43266505
0.62529999,0.086825863,0.43104497
0.62540001,0.095278025,0.4292582
0.62550002,0.10369484,0.42730543
0.62559998,0.11207303,0.42518729
0.6257,0.12040935,0.42290458
0.62580001,0.12870055,0.42045805
0.62589997,0.13694339,0.41784862
0.62599999,0.1451347,0.415077
0.6261,0.15327126,0.41214433
0.62620002,0.16134991,0.40905169
0.62629998,0.16936745,0.40580016
0.62639999,0.17732079,0.40239096
0.62650001,0.1852068,0.39882535
0.62660003,0.19302239,0.39510465
0.62669998,0.20076449,0.39123023
0.6268,0.20843008,0.38720337
0.62690002,0.21601613,0.38302562
0.62699997,0.22351965,0.37869853
0.62709999,0.23093772,0.37422377
0.62720001,0.23826741,0.36960295
0.62730002,0.24550579,0.36483786
0.62739998,0.25265008,0.35993025
0.6275,0.25969738,0.35488203
0.62760001,0.26664495,0.34969497
0.62769997,0.27349001,0.34437096
0.62779999,0.28022984,0.3389121
0.6279,0.28686181,0.33332044
0.62800002,0.29338324,0.32759809
0.62809998,0.29979154,0.3217473
0.62819999,0.30608422,0.31577021
0.62830001,0.31225875,0.30966914
0.62840003,0.31831264,0.30344641
0.62849998,0.32424343,0.29710418
0.6286,0.33004877,0.290645
0.62870002,0.33572638,0.28407139
0.62879997,0.34127393,0.2773858
0.62889999,0.34668925,0.27059084
0.62900001,0.35197011,0.26368907
0.62910002,0.35711443,0.2566832
0.62919998,0.36212015,0.24957593
0.6293,0.36698514,0.24236983
0.62940001,0.37170747,0.2350677
0.62949997,0.37628523,0.2276724
0.62959999,0.38071656,0.22018678
0.62970001,0.38499969,0.21261376
0.62980002,0.38913283,0.20495623
0.62989998,0.39311436,0.1972172
0.63,0.39694259,0.18939964
0.63010001,0.40061596,0.18150656
0.63020003,0.40413284,0.17354091
0.63029999,0.40749189,0.16550586
0.6304,0.41069171,0.15740454
0.63050002,0.41373095,0.14924012
0.63059998,0.41660833,0.14101575
0.63069999,0.4193227,0.13273467
0.63080001,0.42187291,0.12440009
0.63090003,0.4242579,0.11601528
0.63099998,0.42647645,0.10758335
0.6311,0.42852774,0.099107713
0.63120002,0.43041089,0.090591677
0.63129997,0.43212509,0.082038574
0.63139999,0.4336696,0.07345175
0.63150001,0.43504369,0.064834595
0.63160002,0.43624681,0.056190476
0.63169998,0.43727839,0.047522809
0.6318,0.4381378,0.038834903
0.63190001,0.43882465,0.0301302
0.63200003,0.43933865,0.021412147
0.63209999,0.4396795,0.012684181
0.6322,0.43984702,0.0039497442
0.63230002,0.43984103,-0.0047877156
0.63239998,0.43966147,-0.013524746
0.63249999,0.43930838,-0.022257887
0.63260001,0.43878174,-0.030983716
0.63270003,0.43808153,-0.039698821
0.63279998,0.43720809,-0.048399709
0.6329,0.43616167,-0.057082932
0.63300002,0.43494263,-0.065745048
0.63309997,0.43355137,-0.074382611
0.63319999,0.43198836,-0.082992189
0.63330001,0.43025413,-0.091570355
0.63340002,0.42834935,-0.1001137
0.63349998,0.42627442,-0.10861888
0.6336,0.42403027,-0.11708245
0.63370001,0.42161769,-0.12550105
0.63380003,0.41903758,-0.13387132
0.63389999,0.41629088,-0.14218991
0.634,0.4133786,-0.15045349
0.63410002,0.41030186,-0.15865877
0.63419998,0.40706182,-0.16680244
0.63429999,0.40365949,-0.17488126
0.63440001,0.40009624,-0.18289199
0.63450003,0.39637339,-0.19083139
0.63459998,0.39249241,-0.1986963
0.6347,0.38845477,-0.20648354
0.63480002,0.38426197,-0.21418998
0.63489997,0.37991565,-0.2218125
0.63499999,0.3754175,-0.22934805
0.63510001,0.37076914,-0.23679358
0.63520002,0.36597225,-0.24414605
0.63529998,0.36102876,-0.25140253
0.6354,0.35594061,-0.25856003
0.63550001,0.35070977,-0.26561573
0.63559997,0.34533823,-0.27256671
0.63569999,0.3398281,-0.27941015
0.6358,0.33418155,-0.28614327
0.63590002,0.32840073,-0.29276338
0.63599998,0.32248771,-0.29926771
0.63609999,0.3164449,-0.3056536
0.63620001,0.31027469,-0.31191847
0.63630003,0.30397946,-0.31805977
0.63639998,0.29756171,-0.32407498
0.6365,0.29102394,-0.32996166
0.63660002,0.28436875,-0.33571738
0.63669997,0.27759871,-0.3413398
0.63679999,0.27071637,-0.34682649
0.63690001,0.26372445,-0.35217524
0.63700002,0.25662574,-0.35738388
0.63709998,0.24942304,-0.36245021
0.6372,0.24211922,-0.36737221
0.63730001,0.23471716,-0.37214777
0.63739997,0.22721978,-0.37677497
0.63749999,0.21963006,-0.38125184
0.6376,0.21195094,-0.38557652
0.63770002,0.2041854,-0.38974708
0.63779998,0.19633657,-0.3937619
0.63789999,0.18840759,-0.39761928
0.63800001,0.18040159,-0.40131757
0.63810003,0.1723218,-0.40485525
0.63819999,0.16417141,-0.40823081
0.6383,0.15595369,-0.41144285
0.63840002,0.14767192,-0.41448998
0.63849998,0.13932922,-0.41737074
0.63859999,0.13092905,-0.420084
0.63870001,0.12247477,-0.42262858
0.63880002,0.11396977,-0.42500341
0.63889998,0.10541744,-0.42720747
0.639,0.096821219,-0.42923975
0.63910002,0.088184565,-0.43109941
0.63919997,0.079510957,-0.4327856
0.63929999,0.070803761,-0.43429744
0.63940001,0.062066514,-0.43563426
0.63950002,0.053302757,-0.43679547
0.63959998,0.044516023,-0.43778056
0.6397,0.03570985,-0.43858904
0.63980001,0.026887793,-0.43922049
0.63990003,0.018053418,-0.43967459
0.63999999,0.0092103025,-0.43995112
0.6401,0.00036197636,-0.44004977
0.64020002,-0.0084880237,-0.43997034
0.64029998,-0.017336067,-0.43971288
0.64039999,-0.02617857,-0.43927744
0.64050001,-0.035011947,-0.43866408
0.64060003,-0.043832608,-0.43787301
0.64069998,-0.052636974,-0.43690443
0.6408,-0.061421458,-0.43575871
0.64090002,-0.070182487,-0.43443623
0.64099997,-0.078916572,-0.4329372
0.64109999,-0.087620109,-0.43126231
0.64120001,-0.096289538,-0.42941216
0.64130002,-0.10492133,-0.42738745
0.64139998,-0.11351196,-0.42518887
0.6415,-0.12205793,-0.42281729
0.64160001,-0.13055572,-0.42027363
0.64170003,-0.13900186,-0.41755882
0.64179999,-0.14739291,-0.41467369
0.6419,-0.15572545,-0.41161942
0.64200002,-0.16399601,-0.40839723
0.64209998,-0.17220125,-0.40500832
0.64219999,-0.18033774,-0.40145403
0.64230001,-0.18840218,-0.39773574
0.64240003,-0.19639124,-0.39385489
0.64249998,-0.20430161,-0.38981301
0.6426,-0.21213004,-0.38561159
0.64270002,-0.21987331,-0.38125217
0.64279997,-0.22752818,-0.37673655
0.64289999,-0.23509155,-0.3720665
0.64300001,-0.24256024,-0.36724389
0.64310002,-0.24993119,-0.36227062
0.64319998,-0.25720131,-0.35714865
0.6433,-0.26436764,-0.35188004
0.64340001,-0.27142715,-0.34646687
0.64349997,-0.27837688,-0.34091103
0.64359999,-0.28521395,-0.33521488
0.6437,-0.29193556,-0.32938075
0.64380002,-0.29853886,-0.32341093
0.64389998,-0.30502111,-0.3173078
0.64399999,-0.31137961,-0.31107384
0.64410001,-0.31761172,-0.30471152
0.64420003,-0.32371479,-0.29822341
0.64429998,-0.32968622,-0.29161197
0.6444,-0.33552355,-0.28487986
0.64450002,-0.34122425,-0.27802986
0.64459997,-0.34678602,-0.27106473
0.64469999,-0.35220647,-0.26398724
0.64480001,-0.35748333,-0.25680032
0.64490002,-0.36261433,-0.24950686
0.64499998,-0.36759737,-0.24210979
0.6451,-0.37243026,-0.23461205
0.64520001,-0.37711087,-0.22701658
0.64529997,-0.38163728,-0.21932657
0.64539999,-0.38600758,-0.21154512
0.6455,-0.3902199,-0.2036754
0.64560002,-0.39427239,-0.19572063
0.64569998,-0.39816338,-0.18768404
0.64579999,-0.40189117,-0.17956893
0.64590001,-0.40545416,-0.17137858
0.64600003,-0.40885064,-0.16311617
0.64609998,-0.41207924,-0.15478519
0.6462,-0.41513857,-0.14638904
0.64630002,-0.41802728,-0.13793117
0.64639997,-0.42074412,-0.12941504
0.64649999,-0.4232879,-0.12084414
0.64660001,-0.42565748,-0.112222
0.64670002,-0.42785186,-0.10355217
0.64679998,-0.42986983,-0.094838083
0.6469,-0.43171063,-0.086083367
0.64700001,-0.43337336,-0.077291653
0.64709997,-0.43485734,-0.068466559
0.64719999,-0.43616182,-0.059611727
0.6473,-0.4372862,-0.050730813
0.64740002,-0.43822998,-0.041827492
0.64749998,-0.43899262,-0.032905415
0.6476,-0.43957362,-0.023968177
0.64770001,-0.4399727,-0.015019544
0.64780003,-0.44018966,-0.0060632192
0.64789999,-0.44022435,0.0028970898
0.648,-0.44007662,0.011857669
0.64810002,-0.4397465,0.020814799
0.64819998,-0.43923402,0.029764762
0.64829999,-0.43853924,0.038703881
0.64840001,-0.43766233,0.047628429
0.64850003,-0.43660364,0.056534685
0.64859998,-0.43536353,0.065418944
0.6487,-0.43394244,0.074277505
0.64880002,-0.43234086,0.083106682
0.64889997,-0.4305594,0.091902778
0.64899999,-0.4285987,0.10066213
0.64910001,-0.42645934,0.10938108
0.64920002,-0.4241423,0.11805598
0.64929998,-0.42164838,0.12668321
0.6494,-0.41897857,0.13525914
0.64950001,-0.41613394,0.14378017
0.64960003,-0.41311556,0.15224274
0.64969999,-0.40992469,0.16064326
0.6498,-0.40656236,0.16897826
0.64990002,-0.40302998,0.17724419
0.64999998,-0.39932901,0.18543759
0.65009999,-0.39546084,0.193555
0.65020001,-0.3914271,0.20159298
0.65030003,-0.38722938,0.20954818
0.65039998,-0.38286936,0.21741718
0.6505,-0.37834874,0.2251967
0.65060002,-0.37366927,0.23288342
0.65069997,-0.36883286,0.2404741
0.65079999,-0.36384153,0.24796551
0.65090001,-0.35869727,0.25535449
0.65100002,-0.35340214,0.26263788
0.65109998,-0.34795836,0.26981261
0.6512,-0.34236813,0.27687562
0.65130001,-0.33663356,0.28382385
0.65140003,-0.33075708,0.29065436
0.65149999,-0.32474107,0.29736426
0.6516,-0.31858805,0.30395067
0.65170002,-0.31230047,0.31041077
0.65179998,-0.30588096,0.31674182
0.65189999,-0.29933214,0.32294109
0.65200001,-0.29265672,0.3290059
0.65210003,-0.28585729,0.33493358
0.65219998,-0.27893674,0.34072167
0.6523,-0.27189794,0.34636763
0.65240002,-0.26474378,0.35186905
0.65249997,-0.25747725,0.35722354
0.65259999,-0.25010133,0.36242881
0.65270001,-0.24261908,0.36748257
0.65280002,-0.23503353,0.37238261
0.65289998,-0.22734782,0.37712675
0.653,-0.2195652,0.381713
0.65310001,-0.21168888,0.38613933
0.65319997,-0.20372213,0.39040381
0.65329999,-0.19566832,0.39450458
0.6534,-0.18753077,0.39843982
0.65350002,-0.17931287,0.40220779
0.65359998,-0.17101796,0.40580678
0.65369999,-0.16264957,0.40923521
0.65380001,-0.15421121,0.41249159
0.65390003,-0.14570639,0.41557446
0.65399998,-0.13713871,0.41848242
0.6541,-0.12851174,0.42121422
0.65420002,-0.11982912,0.42376861
0.65429997,-0.11109439,0.4261443
0.65439999,-0.10231128,0.42834026
0.65450001,-0.093483478,0.43035552
0.65460002,-0.084614709,0.43218914
0.65469998,-0.07570871,0.43384025
0.6548,-0.066769227,0.4353081
0.65490001,-0.057800051,0.43659198
0.65499997,-0.048804943,0.43769124
0.65509999,-0.039787646,0.43860522
0.6552,-0.030752024,0.43933353
0.65530002,-0.021701893,0.43987581
0.65539998,-0.012641089,0.44023171
0.65549999,-0.0035734521,0.44040105
0.65560001,0.0054971683,0.44038364
0.65570003,0.014566919,0.44017941
0.65579998,0.023631999,0.43978828
0.6559,0.032688539,0.43921033
0.65600002,0.041732673,0.43844578
0.65609998,0.050760556,0.43749484
0.65619999,0.059768338,0.43635789
0.65630001,0.068752177,0.43503526
0.65640002,0.077708237,0.43352753
0.65649998,0.086632714,0.43183514
0.6566,0.0955218,0.42995867
0.65670002,0.10437169,0.42789894
0.65679997,0.11317859,0.42565668
0.65689999,0.12193873,0.42323282
0.65700001,0.13064836,0.42062831
0.65710002,0.13930373,0.41784418
0.65719998,0.14790112,0.41488156
0.6573,0.15643688,0.41174147
0.65740001,0.16490729,0.40842524
0.65750003,0.17330875,0.40493423
0.65759999,0.1816376,0.40126985
0.6577,0.18989028,0.39743361
0.65780002,0.19806322,0.39342707
0.65789998,0.2061529,0.38925186
0.65799999,0.21415582,0.38490969
0.65810001,0.22206849,0.38040218
0.65820003,0.22988752,0.37573132
0.65829998,0.23760951,0.37089902
0.6584,0.24523111,0.36590728
0.65850002,0.252749,0.36075816
0.65859997,0.26015997,0.35545385
0.65869999,0.26746073,0.34999651
0.65880001,0.27464813,0.34438831
0.65890002,0.281719,0.3386316
0.65899998,0.2886703,0.33272883
0.6591,0.29549897,0.32668248
0.65920001,0.30220205,0.32049507
0.65930003,0.30877659,0.31416923
0.65939999,0.31521973,0.30770758
0.6595,0.32152861,0.3011128
0.65960002,0.32770047,0.29438758
0.65969998,0.33373255,0.28753486
0.65979999,0.33962226,0.28055748
0.65990001,0.34536698,0.27345842
0.66000003,0.35096419,0.26624069
0.66009998,0.3564114,0.25890735
0.6602,0.36170623,0.25146148
0.66030002,0.36684623,0.24390613
0.66039997,0.37182918,0.23624456
0.66049999,0.37665287,0.22848003
0.66060001,0.38131511,0.22061586
0.66070002,0.38581389,0.2126554
0.66079998,0.39014715,0.20460203
0.6609,0.39431298,0.1964592
0.66100001,0.39830947,0.18823035
0.66109997,0.40213478,0.1799189
0.66119999,0.40578717,0.17152849
0.6613,0.40926507,0.16306269
0.66140002,0.41256684,0.15452515
0.66149998,0.41569102,0.14591949
0.66159999,0.4186362,0.13724944
0.66170001,0.42140099,0.12851873
0.66180003,0.42398402,0.11973099
0.66189998,0.42638415,0.11089005
0.662,0.42860025,0.10199971
0.66210002,0.43063131,0.093063809
0.66219997,0.43247637,0.08408621
0.66229999,0.43413454,0.075070769
0.66240001,0.43560508,0.06602139
0.66250002,0.43688715,0.056941956
0.66259998,0.43798006,0.04783633
0.6627,0.43888333,0.038708501
0.66280001,0.4395965,0.029562414
0.66289997,0.44011918,0.020402035
0.66299999,0.44045103,0.011231332
0.6631,0.44059184,0.0020542892
0.66320002,0.44054151,-0.0071251048
0.66329998,0.44029981,-0.01630293
0.66339999,0.43986681,-0.025475167
0.66350001,0.43924266,-0.03463782
0.66360003,0.43842751,-0.043786898
0.66369998,0.43742168,-0.052918416
0.6638,0.43622553,-0.062028389
0.66390002,0.43483949,-0.071112849
0.66399997,0.43326402,-0.08016783
0.66409999,0.43149963,-0.089189403
0.66420001,0.4295471,-0.098173603
0.66430002,0.42740723,-0.10711651
0.66439998,0.42508081,-0.11601419
0.6645,0.42256883,-0.12486275
0.66460001,0.41987228,-0.13365832
0.66469997,0.41699231,-0.14239702
0.66479999,0.41392988,-0.15107504
0.6649,0.41068634,-0.15968853
0.66500002,0.4072631,-0.16823375
0.66509998,0.40366149,-0.1767069
0.6652,0.39988306,-0.18510425
0.66530001,0.3959294,-0.19342211
0.66540003,0.39180216,-0.20165679
0.66549999,0.387503,-0.20980467
0.6656,0.38303363,-0.21786214
0.66570002,0.37839606,-0.22582562
0.66579998,0.3735922,-0.23369162
0.66589999,0.36862409,-0.24145661
0.66600001,0.36349389,-0.24911717
0.66610003,0.35820371,-0.25666991
0.66619998,0.35275587,-0.26411143
0.6663,0.3471525,-0.27143845
0.66640002,0.34139606,-0.27864769
0.66649997,0.33548906,-0.28573591
0.66659999,0.32943398,-0.29269999
0.66670001,0.32323346,-0.29953682
0.66680002,0.31689015,-0.30624333
0.66689998,0.31040677,-0.31281653
0.667,0.30378607,-0.31925344
0.66710001,0.29703081,-0.32555118
0.66720003,0.29014397,-0.33170688
0.66729999,0.28312853,-0.33771783
0.6674,0.27598754,-0.34358132
0.66750002,0.26872405,-0.34929469
0.66759998,0.26134124,-0.35485536
0.66769999,0.25384232,-0.36026084
0.66780001,0.24623041,-0.36550862
0.66790003,0.23850885,-0.37059629
0.66799998,0.23068102,-0.3755216
0.6681,0.22275034,-0.38028231
0.66820002,0.21472025,-0.38487622
0.66829997,0.20659424,-0.38930127
0.66839999,0.19837591,-0.39355543
0.66850001,0.19006877,-0.39763671
0.66860002,0.18167636,-0.40154317
0.66869998,0.17320244,-0.40527308
0.6688,0.16465071,-0.40882468
0.66890001,0.15602492,-0.41219637
0.66900003,0.14732885,-0.41538659
0.66909999,0.13856633,-0.41839379
0.6692,0.12974121,-0.42121664
0.66930002,0.12085723,-0.42385367
0.66939998,0.11191838,-0.42630365
0.66949999,0.10292859,-0.4285655
0.66960001,0.093891822,-0.43063807
0.66970003,0.08481206,-0.43252039
0.66979998,0.075693309,-0.43421158
0.6699,0.066539608,-0.43571076
0.67000002,0.057354961,-0.4370172
0.67009997,0.048143372,-0.43813008
0.67019999,0.03890897,-0.43904898
0.67030001,0.029655837,-0.43977332
0.67040002,0.020388072,-0.44030276
0.67049998,0.011109789,-0.44063699
0.6706,0.0018251069,-0.44077575
0.67070001,-0.0074618468,-0.44071892
0.67079997,-0.016747024,-0.44046628
0.67089999,-0.026026255,-0.44001797
0.671,-0.035295408,-0.43937406
0.67110002,-0.044550356,-0.43853477
0.67119998,-0.053786974,-0.43750042
0.67129999,-0.063001141,-0.43627137
0.67140001,-0.07218875,-0.4348481
0.67150003,-0.081345707,-0.43323112
0.67159998,-0.090467945,-0.43142095
0.6717,-0.099551365,-0.42941839
0.67180002,-0.10859189,-0.42722428
0.67189997,-0.1175855,-0.4248395
0.67199999,-0.12652813,-0.42226505
0.67210001,-0.13541579,-0.41950202
0.67220002,-0.14424449,-0.41655153
0.67229998,-0.15301026,-0.41341466
0.6724,-0.16170919,-0.41009283
0.67250001,-0.17033732,-0.40658742
0.67259997,-0.17889079,-0.40289998
0.67269999,-0.18736576,-0.39903203
0.6728,-0.19575837,-0.39498526
0.67290002,-0.20406486,-0.39076144
0.67299998,-0.21228147,-0.38636222
0.67309999,-0.22040448,-0.38178951
0.67320001,-0.22843021,-0.37704533
0.67330003,-0.23635504,-0.37213171
0.67339998,-0.24417536,-0.36705077
0.6735,-0.25188765,-0.36180478
0.67360002,-0.2594884,-0.35639599
0.67369998,-0.26697415,-0.35082677
0.67379999,-0.27434143,-0.34509936
0.67390001,-0.28158697,-0.33921635
0.67400002,-0.28870744,-0.33318037
0.67409998,-0.29569957,-0.326994
0.6742,-0.30256018,-0.32066
0.67430001,-0.30928618,-0.31418115
0.67439997,-0.31587443,-0.30756032
0.67449999,-0.32232192,-0.30080032
0.67460001,-0.32862565,-0.2939041
0.67470002,-0.33478275,-0.28687474
0.67479998,-0.34079042,-0.27971536
0.6749,-0.34664586,-0.27242911
0.67500001,-0.35234642,-0.26501924
0.67510003,-0.35788941,-0.25748906
0.67519999,-0.36327234,-0.24984187
0.6753,-0.36849257,-0.24208091
0.67540002,-0.37354773,-0.23420976
0.67549998,-0.37843552,-0.22623187
0.67559999,-0.38315362,-0.21815084
0.67570001,-0.38769987,-0.20997025
0.67580003,-0.39207214,-0.20169374
0.67589998,-0.3962684,-0.19332506
0.676,-0.40028661,-0.18486783
0.67610002,-0.40412483,-0.1763258
0.67619997,-0.40778133,-0.16770285
0.67629999,-0.41125435,-0.15900284
0.67640001,-0.41454229,-0.15022966
0.67650002,-0.41764352,-0.14138727
0.67659998,-0.42055663,-0.13247964
0.6767,-0.42328024,-0.12351076
0.67680001,-0.42581281,-0.11448453
0.67690003,-0.42815325,-0.10540511
0.67699999,-0.43030044,-0.096276566
0.6771,-0.4322533,-0.087103017
0.67720002,-0.43401086,-0.077888608
0.67729998,-0.43557227,-0.06863749
0.67739999,-0.43693674,-0.059353858
0.67750001,-0.43810353,-0.050041854
0.67760003,-0.43907189,-0.040705651
0.67769998,-0.43984142,-0.031349517
0.6778,-0.44041169,-0.021977685
0.67790002,-0.44078234,-0.012594404
0.67799997,-0.44095314,-0.0032039303
0.67809999,-0.4409239,0.0061894692
0.67820001,-0.44069463,0.015581524
0.67830002,-0.44026509,0.024968049
0.67839998,-0.43963552,0.034344729
0.6785,-0.43880615,0.043707293
0.67860001,-0.43777722,0.053051479
0.67869997,-0.43654919,0.062373031
0.67879999,-0.43512252,0.071667694
0.6789,-0.43349776,0.080931216
0.67900002,-0.43167549,0.090159394
0.67909998,-0.42965642,0.099348031
0.67919999,-0.42744142,0.1084929
0.67930001,-0.42503142,0.11758981
0.67940003,-0.42242748,0.1266346
0.67949998,-0.41963071,0.13562313
0.6796,-0.41664225,0.14455126
0.67970002,-0.41346347,0.15341492
0.67979997,-0.41009548,0.16221002
0.67989999,-0.40653992,0.17093252
0.68000001,-0.40279824,0.17957841
0.68010002,-0.39887217,0.1881437
0.68019998,-0.39476338,0.19662446
0.6803,-0.39047369,0.20501676
0.68040001,-0.38600498,0.21331675
0.68049997,-0.38135919,0.22152056
0.68059999,-0.37653822,0.22962442
0.6807,-0.37154433,0.23762456
0.68080002,-0.36637974,0.24551728
0.68089998,-0.36104673,0.25329894
0.68099999,-0.35554767,0.26096591
0.68110001,-0.34988502,0.26851466
0.68120003,-0.34406134,0.27594167
0.68129998,-0.33807901,0.28324342
0.6814,-0.3319408,0.29041654
0.68150002,-0.3256495,0.2974577
0.68159997,-0.31920794,0.30436361
0.68169999,-0.312619,0.31113106
0.68180001,-0.30588564,0.31775689
0.68190002,-0.29901093,0.32423797
0.68199998,-0.29199788,0.33057123
0.6821,-0.28484955,0.33675373
0.68220001,-0.27756929,0.34278253
0.68229997,-0.27016038,0.34865481
0.68239999,-0.26262617,0.35436782
0.6825,-0.25497007,0.35991886
0.68260002,-0.24719559,0.36530533
0.68269998,-0.23930624,0.37052467
0.68279999,-0.23130542,0.37557429
0.68290001,-0.22319689,0.38045189
0.68300003,-0.21498434,0.38515511
0.68309999,-0.20667151,0.38968176
0.6832,-0.1982622,0.39402962
0.68330002,-0.18976024,0.39819667
0.68339998,-0.18116952,0.40218091
0.68349999,-0.17249393,0.40598035
0.68360001,-0.16373736,0.40959314
0.68370003,-0.15490386,0.41301754
0.68379998,-0.14599751,0.41625193
0.6839,-0.13702239,0.41929474
0.68400002,-0.1279826,0.42214447
0.68409997,-0.11888232,0.42479974
0.68419999,-0.10972574,0.42725924
0.68430001,-0.10051691,0.42952159
0.68440002,-0.091260165,0.43158579
0.68449998,-0.081959777,0.43345076
0.6846,-0.072620012,0.43511555
0.68470001,-0.0632452,0.43657935
0.68480003,-0.053839661,0.43784142
0.68489999,-0.044407751,0.43890104
0.685,-0.03495378,0.43975759
0.68510002,-0.025482086,0.44041052
0.68519998,-0.015997093,0.4408595
0.68529999,-0.0065031946,0.44110426
0.68540001,0.0029952084,0.44114462
0.68550003,0.012493706,0.44098043
0.68559998,0.021987887,0.44061175
0.6857,0.031473335,0.44003865
0.68580002,0.040945724,0.43926108
0.68589997,0.050400596,0.43827945
0.68599999,0.059833553,0.43709418
0.68610001,0.069240198,0.43570569
0.68620002,0.07861615,0.43411455
0.68629998,0.087957025,0.43232143
0.6864,0.097258471,0.43032712
0.68650001,0.10651615,0.42813233
0.68660003,0.11572576,0.42573795
0.68669999,0.12488297,0.42314509
0.6868,0.13398348,0.42035487
0.68690002,0.14302306,0.41736853
0.68699998,0.15199743,0.41418737
0.68709999,0.16090241,0.4108128
0.68720001,0.16973381,0.40724635
0.68730003,0.17848748,0.40348935
0.68739998,0.1871593,0.39954361
0.6875,0.1957452,0.39541093
0.68760002,0.20424113,0.39109311
0.68769997,0.21264309,0.38659215
0.68779999,0.2209471,0.38191006
0.68790001,0.22914925,0.37704894
0.68800002,0.23724566,0.37201095
0.68809998,0.24523249,0.36679825
0.6882,0.25310597,0.3614133
0.68830001,0.26086235,0.35585859
0.68839997,0.26849797,0.35013661
0.68849999,0.2760092,0.34424996
0.6886,0.28339249,0.33820137
0.68870002,0.29064435,0.33199364
0.68879998,0.2977612,0.32562932
0.68889999,0.30473971,0.31911156
0.68900001,0.3115766,0.31244326
0.68910003,0.31826857,0.30562752
0.68919998,0.32481241,0.29866749
0.6893,0.33120504,0.29156637
0.68940002,0.33744335,0.28432748
0.68949997,0.34352431,0.27695405
0.68959999,0.34944502,0.26944941
0.68970001,0.35520259,0.2618171
0.68980002,0.36079434,0.25406069
0.68989998,0.36621749,0.24618375
0.69,0.37146947,0.23818995
0.69010001,0.37654775,0.230083
0.69019997,0.38144988,0.22186671
0.69029999,0.38617331,0.21354467
0.6904,0.39071584,0.20512088
0.69050002,0.39507526,0.19659927
0.69059998,0.39924946,0.18798381
0.69069999,0.40323639,0.17927854
0.69080001,0.40703407,0.17048751
0.69090003,0.41064069,0.16161485
0.69099998,0.41405439,0.15266463
0.6911,0.4172734,0.143641
0.69120002,0.42029619,0.13454823
0.69129997,0.4231213,0.1253906
0.69139999,0.42574725,0.11617241
0.69150001,0.42817277,0.10689798
0.69160002,0.43039662,0.097571671
0.69169998,0.43241769,0.088197894
0.6918,0.43423474,0.078780897
0.69190001,0.43584695,0.069325216
0.69199997,0.43725348,0.059835296
0.69209999,0.43845356,0.050315619
0.69220001,0.43944654,0.04077068
0.69230002,0.44023192,0.031204984
0.69239998,0.44080919,0.021623066
0.6925,0.44117796,0.012029399
0.69260001,0.44133788,0.0024284995
0.69270003,0.44128883,-0.0071750502
0.69279999,0.44103083,-0.0167767
0.6929,0.44056383,-0.026371896
0.69300002,0.43988803,-0.035956081
0.69309998,0.43900368,-0.045524705
0.69319999,0.43791109,-0.055073213
0.69330001,0.43661049,-0.064597137
0.69340003,0.43510252,-0.074091904
0.69349998,0.43338785,-0.083552994
0.6936,0.43146721,-0.092975892
0.69370002,0.42934141,-0.10235611
0.69379997,0.42701137,-0.11168917
0.69389999,0.4244782,-0.12097061
0.69400001,0.42174286,-0.13019601
0.69410002,0.41880649,-0.13936096
0.69419998,0.41567051,-0.14846109
0.6943,0.41233635,-0.15749201
0.69440001,0.40880549,-0.16644941
0.69450003,0.40507954,-0.17532898
0.69459999,0.40116024,-0.18412648
0.6947,0.39704937,-0.19283767
0.69480002,0.39274856,-0.20145835
0.69489998,0.38825995,-0.20998438
0.69499999,0.38358557,-0.21841167
0.69510001,0.37872761,-0.22673613
0.69520003,0.37368834,-0.23495378
0.69529998,0.36847004,-0.24306063
0.6954,0.36307517,-0.25105277
0.69550002,0.35750613,-0.25892633
0.69559997,0.35176545,-0.26667747
0.69569999,0.34585589,-0.27430248
0.69580001,0.33978018,-0.28179762
0.69590002,0.33354121,-0.28915927
0.69599998,0.32714185,-0.29638389
0.6961,0.32058516,-0.30346793
0.69620001,0.31387416,-0.31040797
0.69630003,0.30701184,-0.31720051
0.69639999,0.3000015,-0.32384235
0.6965,0.2928465,-0.33033019
0.69660002,0.28555015,-0.33666089
0.69669998,0.27811596,-0.34283131
0.69679999,0.27054739,-0.34883851
0.69690001,0.26284808,-0.3546795
0.69700003,0.25502151,-0.36035135
0.69709998,0.24707139,-0.36585125
0.6972,0.23900151,-0.37117654
0.69730002,0.23081572,-0.37632459
0.69739997,0.22251791,-0.38129285
0.69749999,0.21411203,-0.38607883
0.69760001,0.20560206,-0.39068025
0.69770002,0.19699208,-0.39509475
0.69779998,0.18828599,-0.39932004
0.6979,0.17948805,-0.40335402
0.69800001,0.17060246,-0.40719476
0.69809997,0.16163346,-0.4108403
0.69819999,0.15258536,-0.41428879
0.6983,0.14346245,-0.41753855
0.69840002,0.13426913,-0.4205879
0.69849998,0.12500973,-0.42343521
0.69859999,0.11568862,-0.42607898
0.69870001,0.10631034,-0.42851791
0.69880003,0.096879385,-0.43075076
0.69889998,0.087400287,-0.43277639
0.699,0.077877603,-0.43459368
0.69910002,0.068315923,-0.43620175
0.69919997,0.05871984,-0.43759972
0.69929999,0.04909385,-0.4387866
0.69940001,0.039442666,-0.43976188
0.69950002,0.029770948,-0.440525
0.69959998,0.020083359,-0.4410755
0.6997,0.010384579,-0.44141307
0.69980001,0.00067929807,-0.44153741
0.69989997,-0.0090277856,-0.44144845
0.69999999,-0.018732026,-0.44114599
0.7001,-0.028428746,-0.44063002
0.70020002,-0.038113218,-0.43990085
0.70029998,-0.047780741,-0.43895867
0.70039999,-0.057426628,-0.43780392
0.70050001,-0.067046195,-0.43643707
0.70060003,-0.076634765,-0.43485868
0.70069999,-0.086187676,-0.43306944
0.7008,-0.095700346,-0.43106991
0.70090002,-0.10516809,-0.42886111
0.70099998,-0.11458631,-0.42644405
0.70109999,-0.12395041,-0.42381978
0.70120001,-0.13325582,-0.42098954
0.70130002,-0.14249802,-0.41795462
0.70139998,-0.15167245,-0.41471639
0.7015,-0.16077466,-0.41127628
0.70160002,-0.16980021,-0.40763578
0.70169997,-0.17874464,-0.40379667
0.70179999,-0.18760361,-0.39976075
0.70190001,-0.19637275,-0.3955299
0.70200002,-0.20504776,-0.3911061
0.70209998,-0.21362439,-0.38649148
0.7022,-0.22209841,-0.38168815
0.70230001,-0.23046564,-0.37669817
0.70240003,-0.23872197,-0.37152404
0.70249999,-0.24686334,-0.3661682
0.7026,-0.25488573,-0.36063322
0.70270002,-0.26278517,-0.3549217
0.70279998,-0.27055779,-0.34903637
0.70289999,-0.27819973,-0.34298003
0.70300001,-0.28570718,-0.33675548
0.70310003,-0.2930764,-0.33036563
0.70319998,-0.30030376,-0.32381362
0.7033,-0.30738568,-0.31710255
0.70340002,-0.31431866,-0.31023565
0.70349997,-0.32109922,-0.30321625
0.70359999,-0.32772401,-0.29604772
0.70370001,-0.33418974,-0.28873348
0.70380002,-0.34049305,-0.28127688
0.70389998,-0.34663087,-0.27368158
0.704,-0.35260013,-0.26595131
0.70410001,-0.35839787,-0.25808975
0.70420003,-0.36402115,-0.25010073
0.70429999,-0.36946714,-0.24198811
0.7044,-0.37473315,-0.23375584
0.70450002,-0.37981644,-0.22540778
0.70459998,-0.38471439,-0.21694796
0.70469999,-0.38942462,-0.20838052
0.70480001,-0.39394471,-0.19970964
0.70490003,-0.39827237,-0.19093952
0.70499998,-0.40240541,-0.18207446
0.7051,-0.40634173,-0.17311876
0.70520002,-0.41007933,-0.16407679
0.70529997,-0.41361612,-0.15495276
0.70539999,-0.41695037,-0.14575125
0.70550001,-0.42008039,-0.13647676
0.70560002,-0.42300454,-0.1271338
0.70569998,-0.42572132,-0.11772697
0.7058,-0.4282293,-0.10826084
0.70590001,-0.43052721,-0.098740086
0.70599997,-0.43261367,-0.089169271
0.70609999,-0.43448758,-0.07955306
0.7062,-0.43614799,-0.069896229
0.70630002,-0.437594,-0.060203511
0.70639998,-0.43882477,-0.050479673
0.70649999,-0.43983969,-0.0407295
0.70660001,-0.44063812,-0.030957796
0.70670003,-0.44121963,-0.021169366
0.70679998,-0.44158357,-0.011368917
0.7069,-0.44172987,-0.0015613543
0.70700002,-0.44165835,0.0082484847
0.70709997,-0.44136894,0.018055756
0.70719999,-0.44086173,0.027855616
0.70730001,-0.44013688,0.037643213
0.70740002,-0.43919468,0.047413703
0.70749998,-0.43803537,0.057162296
0.7076,-0.43665943,0.066884175
0.70770001,-0.43506747,0.076574497
0.70779997,-0.43326023,0.08622846
0.70789999,-0.43123853,0.095841266
0.708,-0.42900327,0.10540814
0.70810002,-0.42655551,0.11492432
0.70819998,-0.42389637,0.12438509
0.70829999,-0.4210268,0.13378575
0.70840001,-0.41794834,0.14312163
0.70850003,-0.41466242,0.15238807
0.70859998,-0.41117057,0.16158041
0.7087,-0.40747449,0.17069411
0.70880002,-0.4035759,0.17972459
0.70889997,-0.39947671,0.18866734
0.70899999,-0.39517868,0.1975179
0.70910001,-0.39068386,0.20627181
0.70920002,-0.38599446,0.21492472
0.70929998,-0.38111278,0.22347227
0.7094,-0.37604114,0.23191017
0.70950001,-0.37078199,0.2402342
0.70959997,-0.36533791,0.24844015
0.70969999,-0.3597115,0.25652394
0.7098,-0.35390523,0.2644814
0.70990002,-0.34792212,0.27230856
0.70999998,-0.34176505,0.28000152
0.7101,-0.33543703,0.28755635
0.71020001,-0.32894114,0.29496923
0.71030003,-0.32228059,0.30223647
0.71039999,-0.3154586,0.30935434
0.7105,-0.30847839,0.3163192
0.71060002,-0.30134335,0.32312751
0.71069998,-0.29405704,0.32977584
0.71079999,-0.28662303,0.3362608
0.71090001,-0.27904502,0.3425791
0.71100003,-0.27132669,0.34872752
0.71109998,-0.2634719,0.35470295
0.7112,-0.25548446,0.3605023
0.71130002,-0.24736813,0.36612251
0.71139997,-0.23912703,0.37156078
0.71149999,-0.23076524,0.37681428
0.71160001,-0.22228689,0.38188034
0.71170002,-0.2136962,0.38675639
0.71179998,-0.20499741,0.39143986
0.7119,-0.19619484,0.39592838
0.71200001,-0.18729275,0.40021953
0.71210003,-0.17829554,0.40431103
0.71219999,-0.16920772,0.40820083
0.7123,-0.16003381,0.4118869
0.71240002,-0.1507784,0.41536731
0.71249998,-0.14144607,0.41864023
0.71259999,-0.1320415,0.42170399
0.71270001,-0.12256937,0.42455694
0.71280003,-0.11303423,0.42719734
0.71289998,-0.10344096,0.42962396
0.713,-0.093794338,0.43183547
0.71310002,-0.084099203,0.43383068
0.71319997,-0.0743604,0.43560854
0.71329999,-0.06458281,0.437168
0.71340001,-0.054771345,0.4385083
0.71350002,-0.044930834,0.43962848
0.71359998,-0.035066202,0.44052789
0.7137,-0.025182439,0.44120607
0.71380001,-0.015284516,0.44166255
0.71390003,-0.0053774058,0.44189706
0.71399999,0.0045339037,0.4419094
0.7141,0.014444417,0.44169948
0.71420002,0.024349149,0.44126731
0.71429998,0.034243204,0.44061276
0.71439999,0.044121522,0.43973625
0.71450001,0.053979129,0.43863815
0.71460003,0.063811034,0.43731892
0.71469998,0.07361228,0.43577912
0.7148,0.083377898,0.43401948
0.71490002,0.093102947,0.43204081
0.71499997,0.10278253,0.42984384
0.71509999,0.11241176,0.42742962
0.71520001,0.12198573,0.42479932
0.71530002,0.13149957,0.42195418
0.71539998,0.14094847,0.4188956
0.7155,0.15032762,0.41562504
0.71560001,0.15963225,0.41214404
0.71569997,0.16885762,0.40845433
0.71579999,0.17799905,0.40455738
0.7159,0.18705186,0.4004553
0.71600002,0.19601145,0.39615002
0.71609998,0.20487325,0.39164373
0.71619999,0.21363272,0.38693857
0.71630001,0.22228539,0.38203689
0.71640003,0.23082684,0.37694114
0.71649998,0.23925267,0.37165359
0.7166,0.24755856,0.36617687
0.71670002,0.25574026,0.36051378
0.71679997,0.26379359,0.35466707
0.71689999,0.27171436,0.34863967
0.71700001,0.27949858,0.34243456
0.71710002,0.28714219,0.33605486
0.71719998,0.29464126,0.32950372
0.7173,0.30199188,0.32278416
0.71740001,0.30919027,0.31589967
0.71749997,0.31623271,0.30885372
0.71759999,0.32311559,0.30164978
0.7177,0.32983533,0.2942915
0.71780002,0.33638847,0.28678256
0.71789998,0.34277159,0.27912673
0.71799999,0.34898132,0.27132773
0.71810001,0.35501441,0.26338944
0.71820003,0.36086777,0.25531587
0.71829998,0.36653835,0.24711116
0.7184,0.37202317,0.2387794
0.71850002,0.37731937,0.23032479
0.71859998,0.38242421,0.22175163
0.71869999,0.38733497,0.21306421
0.71880001,0.39204895,0.20426673
0.71890002,0.39656374,0.19536376
0.71899998,0.40087697,0.18635981
0.7191,0.40498638,0.17725943
0.71920002,0.40888977,0.16806725
0.71929997,0.41258508,0.15878792
0.71939999,0.41607037,0.14942618
0.71950001,0.41934365,0.13998665
0.71960002,0.42240313,0.13047411
0.71969998,0.42524725,0.12089346
0.7198,0.42787445,0.11124958
0.71990001,0.43028331,0.10154738
0.72000003,0.43247253,0.091791801
0.72009999,0.43444091,0.081987835
0.7202,0.43618715,0.072140351
0.72030002,0.4377104,0.062254433
0.72039998,0.43900982,0.052335147
0.72049999,0.44008458,0.042387564
0.72060001,0.44093409,0.032416768
0.72070003,0.44155785,0.02242787
0.72079998,0.44195542,0.012425982
0.7209,0.44212633,0.0024161572
0.72100002,0.44207054,-0.0075964252
0.72109997,0.44178799,-0.017606625
0.72119999,0.4412787,-0.027609304
0.72130001,0.44054291,-0.037599318
0.72140002,0.43958086,-0.047571521
0.72149998,0.43839291,-0.057520803
0.7216,0.4369795,-0.067442074
0.72170001,0.43534136,-0.077330187
0.72180003,0.43347922,-0.087180056
0.72189999,0.43139398,-0.096986584
0.722,0.4290866,-0.10674471
0.72210002,0.42655823,-0.1164494
0.72219998,0.42380995,-0.12609565
0.72229999,0.42084306,-0.13567846
0.72240001,0.41765907,-0.14519286
0.72250003,0.41425952,-0.15463394
0.72259998,0.41064614,-0.1639968
0.7227,0.40682063,-0.17327656
0.72280002,0.40278497,-0.18246843
0.72289997,0.39854094,-0.19156761
0.72299999,0.39409071,-0.20056938
0.72310001,0.38943657,-0.20946905
0.72320002,0.38458082,-0.21826199
0.72329998,0.37952587,-0.22694363
0.7234,0.37427428,-0.23550941
0.72350001,0.36882865,-0.2439549
0.72359997,0.3631916,-0.25227562
0.72369999,0.35736606,-0.26046726
0.7238,0.35135496,-0.26852554
0.72390002,0.34516132,-0.27644619
0.72399998,0.3387883,-0.28422514
0.72409999,0.33223915,-0.29185826
0.72420001,0.32551712,-0.2993415
0.72430003,0.31862554,-0.30667096
0.72439998,0.31156796,-0.31384277
0.7245,0.30434799,-0.32085314
0.72460002,0.29696935,-0.32769841
0.72469997,0.28943574,-0.33437496
0.72479999,0.2817511,-0.34087923
0.72490001,0.27391917,-0.34720778
0.72500002,0.26594397,-0.35335723
0.72509998,0.25782967,-0.35932431
0.7252,0.24958037,-0.3651059
0.72530001,0.24120034,-0.3706989
0.72539997,0.23269388,-0.37610036
0.72549999,0.22406538,-0.38130736
0.7256,0.21531911,-0.38631707
0.72570002,0.20645966,-0.39112681
0.72579998,0.19749159,-0.39573404
0.72589999,0.18841952,-0.40013629
0.72600001,0.17924815,-0.40433115
0.72610003,0.16998221,-0.4083164
0.72619998,0.16062647,-0.41208985
0.7263,0.15118566,-0.41564935
0.72640002,0.14166474,-0.41899306
0.72649997,0.13206863,-0.42211911
0.72659999,0.12240231,-0.42502582
0.72670001,0.11267079,-0.42771158
0.72680002,0.10287914,-0.43017492
0.72689998,0.093032382,-0.43241438
0.727,0.08313559,-0.43442869
0.72710001,0.07319396,-0.43621677
0.72719997,0.063212655,-0.43777755
0.72729999,0.053196885,-0.43911013
0.7274,0.043151855,-0.4402138
0.72750002,0.03308282,-0.44108784
0.72759998,0.022994965,-0.44173163
0.7277,0.012893565,-0.44214472
0.72780001,0.0027839101,-0.44232684
0.72790003,-0.0073287133,-0.44227782
0.72799999,-0.017439015,-0.44199762
0.7281,-0.027541703,-0.44148627
0.72820002,-0.037631478,-0.44074398
0.72829998,-0.047703113,-0.43977085
0.72839999,-0.057751298,-0.4385674
0.72850001,-0.067770757,-0.43713421
0.72860003,-0.077756226,-0.43547189
0.72869998,-0.087702461,-0.43358126
0.7288,-0.09760423,-0.43146321
0.72890002,-0.10745633,-0.42911878
0.72899997,-0.11725358,-0.42654893
0.72909999,-0.12699082,-0.42375502
0.72920001,-0.13666292,-0.42073846
0.72930002,-0.14626476,-0.4175007
0.72939998,-0.1557913,-0.4140434
0.7295,-0.16523746,-0.41036829
0.72960001,-0.17459829,-0.40647712
0.72970003,-0.18386881,-0.40237182
0.72979999,-0.19304413,-0.39805451
0.7299,-0.20211937,-0.39352739
0.73000002,-0.21108972,-0.38879272
0.73009998,-0.21995044,-0.38385299
0.73019999,-0.22869681,-0.37871069
0.73030001,-0.23732418,-0.37336832
0.73040003,-0.24582793,-0.36782864
0.73049998,-0.25420356,-0.36209449
0.7306,-0.26244661,-0.35616887
0.73070002,-0.27055269,-0.3500548
0.73079997,-0.27851745,-0.34375545
0.73089999,-0.28633669,-0.3372741
0.73100001,-0.29400611,-0.33061388
0.73110002,-0.30152166,-0.32377833
0.73119998,-0.30887935,-0.31677103
0.7313,-0.31607518,-0.30959558
0.73140001,-0.32310534,-0.30225575
0.73150003,-0.32996601,-0.29475531
0.73159999,-0.33665356,-0.28709817
0.7317,-0.34316424,-0.27928817
0.73180002,-0.34949464,-0.27132949
0.73189998,-0.35564131,-0.26322624
0.73199999,-0.36160094,-0.25498271
0.73210001,-0.36737034,-0.24660315
0.73220003,-0.37294635,-0.23809198
0.73229998,-0.37832591,-0.22945359
0.7324,-0.38350606,-0.22069244
0.73250002,-0.388484,-0.21181318
0.73259997,-0.39325705,-0.20282048
0.73269999,-0.39782259,-0.19371906
0.73280001,-0.40217814,-0.18451369
0.73290002,-0.40632126,-0.17520925
0.73299998,-0.41024965,-0.16581051
0.7331,-0.41396111,-0.15632243
0.73320001,-0.41745362,-0.14675006
0.73329997,-0.42072526,-0.13709845
0.73339999,-0.42377418,-0.12737265
0.7335,-0.42659873,-0.11757785
0.73360002,-0.42919731,-0.10771923
0.73369998,-0.43156826,-0.097801849
0.73379999,-0.43371037,-0.08783105
0.73390001,-0.43562236,-0.077812113
0.73400003,-0.43730319,-0.067750335
0.73409998,-0.43875185,-0.057651062
0.7342,-0.43996748,-0.047519661
0.73430002,-0.44094935,-0.037361491
0.73439997,-0.4416967,-0.027181884
0.73449999,-0.44220909,-0.016986296
0.73460001,-0.44248623,-0.0067801499
0.73470002,-0.44252783,0.0034311174
0.73479998,-0.44233382,0.013642064
0.7349,-0.44190419,0.023847243
0.73500001,-0.441239,0.034041241
0.73509997,-0.44033849,0.044218633
0.73519999,-0.43920308,0.054373968
0.7353,-0.43783331,0.064501815
0.73540002,-0.4362298,0.074596763
0.73549998,-0.43439332,0.084653392
0.73559999,-0.43232483,0.094666332
0.73570001,-0.43002513,0.10463023
0.73580003,-0.42749545,0.11453975
0.73589998,-0.42473704,0.12438956
0.736,-0.42175129,0.13417438
0.73610002,-0.41853976,0.14388894
0.73619998,-0.41510403,0.15352802
0.73629999,-0.41144592,0.16308643
0.73640001,-0.40756705,0.17255905
0.73650002,-0.40346959,0.18194075
0.73659998,-0.39915559,0.19122647
0.7367,-0.39462727,0.20041122
0.73680001,-0.38988703,0.20949003
0.73689997,-0.38493735,0.21845798
0.73699999,-0.37978074,0.22731024
0.73710001,-0.37441972,0.23604199
0.73720002,-0.36885723,0.24464852
0.73729998,-0.36309615,0.25312516
0.7374,-0.3571395,0.26146731
0.73750001,-0.35099041,0.26967043
0.73760003,-0.34465215,0.27773008
0.73769999,-0.33812791,0.28564185
0.7378,-0.33142111,0.29340142
0.73790002,-0.32453534,0.30100459
0.73799998,-0.31747422,0.30844718
0.73809999,-0.31024152,0.31572515
0.73820001,-0.30284101,0.32283452
0.73830003,-0.29527667,0.32977143
0.73839998,-0.28755236,0.336532
0.7385,-0.27967218,0.34311253
0.73860002,-0.27164036,0.34950942
0.73869997,-0.2634612,0.35571918
0.73879999,-0.25513899,0.36173835
0.73890001,-0.24667823,0.36756366
0.73900002,-0.23808341,0.37319192
0.73909998,-0.22935891,0.37861985
0.7392,-0.22050954,0.38384455
0.73930001,-0.21153998,0.38886312
0.73940003,-0.20245506,0.39367276
0.73949999,-0.19325963,0.39827082
0.7396,-0.1839586,0.40265471
0.73970002,-0.17455697,0.406822
0.73979998,-0.16505963,0.41077024
0.73989999,-0.15547177,0.41449726
0.74000001,-0.14579853,0.418001
0.74010003,-0.13604513,0.42127943
0.74019998,-0.12621678,0.42433077
0.7403,-0.11631881,0.42715323
0.74040002,-0.10635648,0.42974517
0.74049997,-0.096335106,0.432105
0.74059999,-0.08626014,0.43423146
0.74070001,-0.076137021,0.43612328
0.74080002,-0.065971218,0.43777937
0.74089998,-0.055768218,0.43919873
0.741,-0.045533549,0.44038051
0.74110001,-0.035272665,0.44132388
0.74119997,-0.024991136,0.44202822
0.74129999,-0.01469455,0.44249311
0.7414,-0.0043884846,0.44271821
0.74150002,0.0059214686,0.44270331
0.74159998,0.016229711,0.44244832
0.74169999,0.026530642,0.44195333
0.74180001,0.036818743,0.44121829
0.74190003,0.04708837,0.44024366
0.74199998,0.057333943,0.43902981
0.7421,0.067549884,0.4375774
0.74220002,0.077730618,0.43588704
0.74229997,0.087870605,0.43395966
0.74239999,0.097964317,0.43179613
0.74250001,0.10800627,0.4293974
0.74260002,0.11799096,0.42676479
0.74269998,0.12791294,0.42389965
0.7428,0.13776676,0.42080343
0.74290001,0.14754707,0.41747779
0.74299997,0.15724847,0.41392443
0.74309999,0.16686566,0.4101451
0.7432,0.17639337,0.40614173
0.74330002,0.18582638,0.40191644
0.74339998,0.19515949,0.39747155
0.74349999,0.20438759,0.39280933
0.74360001,0.2135056,0.38793227
0.74370003,0.2225085,0.38284296
0.74379998,0.23139131,0.37754393
0.7439,0.24014914,0.37203807
0.74400002,0.24877717,0.3663283
0.74409997,0.2572706,0.36041766
0.74419999,0.26562482,0.35430935
0.74430001,0.27383512,0.34800664
0.74440002,0.28189704,0.34151289
0.74449998,0.28980598,0.33483139
0.7446,0.29755762,0.3279658
0.74470001,0.30514771,0.32091987
0.74479997,0.31257194,0.31369734
0.74489999,0.31982628,0.30630216
0.745,0.32690662,0.29873827
0.74510002,0.33380905,0.29100975
0.74519998,0.34052962,0.28312063
0.74529999,0.34706464,0.27507529
0.74540001,0.35341045,0.26687801
0.74550003,0.35956353,0.2585333
0.74559999,0.36552042,0.25004569
0.7457,0.37127775,0.24141975
0.74580002,0.37683228,0.2326601
0.74589998,0.38218081,0.22377147
0.74599999,0.3873204,0.21475872
0.74610001,0.39224812,0.20562677
0.74620003,0.39696118,0.1963806
0.74629998,0.40145695,0.18702525
0.7464,0.4057329,0.17756584
0.74650002,0.4097864,0.16800739
0.74659997,0.41361526,0.15835518
0.74669999,0.41721722,0.14861448
0.74680001,0.42059028,0.13879064
0.74690002,0.42373249,0.12888902
0.74699998,0.42664206,0.11891508
0.7471,0.42931724,0.10887427
0.74720001,0.43175635,0.09877196
0.74730003,0.43395805,0.088613786
0.74739999,0.43592101,0.078405313
0.7475,0.43764412,0.068152159
0.74760002,0.43912628,0.057859965
0.74769998,0.44036663,0.047534402
0.74779999,0.44136435,0.037181135
0.74790001,0.44211867,0.02680579
0.74800003,0.44262916,0.016414143
0.74809998,0.44289547,0.0060119247
0.7482,0.44291735,-0.0043951208
0.74830002,0.44269472,-0.014801242
0.74839997,0.4422276,-0.025200682
0.74849999,0.44151607,-0.035587724
0.74860001,0.44056037,-0.045956641
0.74870002,0.43936101,-0.056301668
0.74879998,0.43791857,-0.066617072
0.7489,0.43623376,-0.076897122
0.74900001,0.43430746,-0.087136127
0.74910003,0.43214059,-0.097328395
0.74919999,0.42973414,-0.10746829
0.7493,0.42708939,-0.11755017
0.74940002,0.42420775,-0.12756842
0.74949998,0.42109072,-0.13751747
0.74959999,0.41773996,-0.14739177
0.74970001,0.41415724,-0.15718581
0.74980003,0.41034448,-0.16689412
0.74989998,0.40630347,-0.17651132
0.75,0.40203652,-0.18603201
0.75010002,0.3975459,-0.19545087
0.75019997,0.39283404,-0.20476264
0.75029999,0.38790345,-0.21396211
0.75040001,0.38275683,-0.22304411
0.75050002,0.37739691,-0.23200355
0.75059998,0.37182644,-0.2408354
0.7507,0.36604854,-0.2495347
0.75080001,0.36006635,-0.25809658
0.75089997,0.35388312,-0.26651618
0.75099999,0.34750223,-0.27478883
0.7511,0.34092718,-0.28290981
0.75120002,0.33416143,-0.29087457
0.75129998,0.32720864,-0.29867855
0.75139999,0.32007268,-0.30631739
0.75150001,0.31275749,-0.31378675
0.75160003,0.30526704,-0.32108244
0.75169998,0.29760545,-0.32820031
0.7518,0.28977698,-0.33513635
0.75190002,0.28178576,-0.34188652
0.75199997,0.27363619,-0.348447
0.75209999,0.26533285,-0.35481411
0.75220001,0.25688028,-0.36098421
0.75230002,0.24828318,-0.36695376
0.75239998,0.23954628,-0.37271938
0.7525,0.23067445,-0.37827778
0.75260001,0.22167237,-0.38362563
0.75269997,0.21254516,-0.38875994
0.75279999,0.20329785,-0.39367777
0.7529,0.19393562,-0.39837629
0.75300002,0.18446364,-0.4028528
0.75309998,0.17488717,-0.40710473
0.75319999,0.1652115,-0.41112956
0.75330001,0.15544191,-0.41492486
0.75340003,0.14558393,-0.4184885
0.75349998,0.13564302,-0.42181838
0.7536,0.12562473,-0.42491257
0.75370002,0.11553468,-0.42776924
0.75379997,0.10537847,-0.43038672
0.75389999,0.095161729,-0.43276337
0.75400001,0.08489012,-0.43489769
0.75410002,0.074569434,-0.4367885
0.75419998,0.064205438,-0.43843463
0.7543,0.053803951,-0.43983504
0.75440001,0.043370795,-0.44098893
0.75449997,0.03291183,-0.44189551
0.75459999,0.022432828,-0.44255406
0.75470001,0.011939704,-0.44296411
0.75480002,0.0014383631,-0.44312543
0.75489998,-0.0090652928,-0.44303778
0.755,-0.019565355,-0.44270116
0.75510001,-0.030055912,-0.44211569
0.75520003,-0.040531054,-0.44128162
0.75529999,-0.050984956,-0.44019905
0.7554,-0.061411675,-0.43886864
0.75550002,-0.071805336,-0.43729112
0.75559998,-0.082160063,-0.43546721
0.75569999,-0.09247002,-0.43339789
0.75580001,-0.10272936,-0.43108425
0.75590003,-0.1129323,-0.42852744
0.75599998,-0.12307309,-0.42572868
0.7561,-0.13314597,-0.42268956
0.75620002,-0.14314523,-0.41941172
0.75629997,-0.1530652,-0.41589689
0.75639999,-0.16290025,-0.41214702
0.75650001,-0.17264481,-0.40816411
0.75660002,-0.18229331,-0.40395024
0.75669998,-0.19184029,-0.39950764
0.7568,-0.20128033,-0.39483881
0.75690001,-0.21060802,-0.38994631
0.75700003,-0.21981806,-0.38483283
0.75709999,-0.22890522,-0.37950119
0.7572,-0.23786429,-0.37395436
0.75730002,-0.24669012,-0.36819515
0.75739998,-0.25537771,-0.36222687
0.75749999,-0.26392207,-0.35605282
0.75760001,-0.27231833,-0.34967643
0.75770003,-0.28056166,-0.34310123
0.75779998,-0.28864732,-0.33633089
0.7579,-0.29657072,-0.32936919
0.75800002,-0.30432722,-0.32221979
0.75809997,-0.31191239,-0.31488678
0.75819999,-0.31932184,-0.30737427
0.75830001,-0.32655138,-0.29968643
0.75840002,-0.33359677,-0.29182762
0.75849998,-0.34045401,-0.28380221
0.7586,-0.34711906,-0.27561468
0.75870001,-0.35358804,-0.26726943
0.75880003,-0.35985723,-0.2587713
0.75889999,-0.36592299,-0.25012502
0.759,-0.3717818,-0.2413355
0.75910002,-0.37743029,-0.23240764
0.75919998,-0.38286516,-0.22334652
0.75929999,-0.38808316,-0.21415712
0.75940001,-0.39308122,-0.20484458
0.75950003,-0.39785644,-0.19541423
0.75959998,-0.40240607,-0.18587139
0.7597,-0.4067274,-0.17622146
0.75980002,-0.41081789,-0.16646989
0.75989997,-0.41467518,-0.15662223
0.75999999,-0.41829681,-0.1466839
0.76010001,-0.42168066,-0.13666059
0.76020002,-0.42482477,-0.12655799
0.76029998,-0.42772725,-0.11638184
0.7604,-0.43038636,-0.10613793
0.76050001,-0.43280053,-0.09583208
0.76059997,-0.43496823,-0.085470155
0.76069999,-0.43688801,-0.075057901
0.7608,-0.43855876,-0.064601347
0.76090002,-0.43997943,-0.054106433
0.76099998,-0.44114915,-0.04357915
0.76109999,-0.44206715,-0.033025503
0.76120001,-0.44273284,-0.022451524
0.76130003,-0.44314569,-0.011863221
0.76139998,-0.44330519,-0.0012665844
0.7615,-0.44321135,0.0093322806
0.76160002,-0.44286403,0.01992731
0.76169997,-0.44226342,0.030512437
0.76179999,-0.44140977,0.041081596
0.76190001,-0.44030344,0.05162872
0.76200002,-0.43894491,0.062147804
0.76209998,-0.43733478,0.072632819
0.7622,-0.43547398,0.083077721
0.76230001,-0.43336347,0.093476512
0.76239997,-0.43100438,0.10382321
0.76249999,-0.42839798,0.11411186
0.7626,-0.42554572,0.12433653
0.76270002,-0.42244887,0.13449137
0.76279998,-0.41910928,0.14457051
0.76289999,-0.41552874,0.15456814
0.76300001,-0.41170928,0.16447847
0.76310003,-0.40765294,0.17429577
0.76319999,-0.40336207,0.18401441
0.7633,-0.39883897,0.19362873
0.76340002,-0.39408597,0.20313315
0.76349998,-0.38910583,0.21252221
0.76359999,-0.38390136,0.22179043
0.76370001,-0.37847543,0.23093246
0.76380002,-0.37283117,0.23994298
0.76389998,-0.3669717,0.24881676
0.764,-0.36090025,0.25754863
0.76410002,-0.35462016,0.26613349
0.76419997,-0.34813502,0.27456635
0.76429999,-0.34144852,0.28284231
0.76440001,-0.33456442,0.29095653
0.76450002,-0.32748666,0.29890427
0.76459998,-0.32021928,0.30668095
0.7647,-0.31276622,0.31428188
0.76480001,-0.3051317,0.32170269
0.76490003,-0.29732016,0.32893899
0.76499999,-0.289336,0.33598655
0.7651,-0.28118381,0.34284127
0.76520002,-0.27286822,0.34949911
0.76529998,-0.26439402,0.35595614
0.76539999,-0.25576583,0.36220849
0.76550001,-0.24698868,0.36825246
0.76560003,-0.2380676,0.3740845
0.76569998,-0.22900769,0.37970123
0.7658,-0.21981417,0.38509926
0.76590002,-0.2104923,0.39027542
0.76599997,-0.20104744,0.39522663
0.76609999,-0.19148482,0.39994979
0.76620001,-0.18181007,0.40444219
0.76630002,-0.17202872,0.40870112
0.76639998,-0.16214642,0.41272405
0.7665,-0.15216887,0.41650856
0.76660001,-0.14210182,0.42005238
0.76670003,-0.13195105,0.42335334
0.76679999,-0.12172229,0.4264093
0.7669,-0.11142153,0.4292185
0.76700002,-0.10105474,0.43177924
0.76709998,-0.090627901,0.4340899
0.76719999,-0.08014705,0.43614909
0.76730001,-0.069618277,0.43795556
0.76740003,-0.059047583,0.43950799
0.76749998,-0.04844109,0.44080541
0.7676,-0.037804984,0.441847
0.76770002,-0.027145438,0.44263208
0.76779997,-0.016468646,0.44316012
0.76789999,-0.0057808161,0.44343072
0.76800001,0.0049118283,0.44344366
0.76810002,0.015603165,0.44319859
0.76819998,0.026286924,0.44269568
0.7683,0.03695688,0.44193515
0.76840001,0.047606807,0.44091734
0.76849997,0.058230497,0.43964279
0.76859999,0.068821743,0.43811211
0.7687,0.079374373,0.43632615
0.76880002,0.089882262,0.43428558
0.76889998,0.10033924,0.43199167
0.76899999,0.11073919,0.42944568
0.76910001,0.12107602,0.42664897
0.76920003,0.13134368,0.42360315
0.76929998,0.14153615,0.42030987
0.7694,0.15164745,0.41677091
0.76950002,0.16167165,0.4129881
0.76959997,0.17160289,0.40896368
0.76969999,0.18143529,0.40469995
0.76980001,0.19116309,0.40019926
0.76990002,0.20078059,0.39546421
0.76999998,0.21028207,0.39049751
0.7701,0.21966198,0.3853018
0.77020001,0.22891474,0.37988001
0.77029997,0.2380349,0.37423533
0.77039999,0.24701712,0.36837098
0.7705,0.25585604,0.36229029
0.77060002,0.26454645,0.35599682
0.77069998,0.27308324,0.34949416
0.77079999,0.28146124,0.34278578
0.77090001,0.28967556,0.33587569
0.77100003,0.2977213,0.3287679
0.77109998,0.3055937,0.32146648
0.7712,0.31328809,0.31397563
0.77130002,0.32079986,0.30629975
0.77139997,0.32812458,0.29844323
0.77149999,0.33525774,0.2904104
0.77160001,0.34219518,0.28220606
0.77170002,0.34893274,0.27383497
0.77179998,0.35546643,0.265302
0.7719,0.36179227,0.25661212
0.77200001,0.36790654,0.24777035
0.77209997,0.37380549,0.23878181
0.77219999,0.37948555,0.22965162
0.7723,0.38494328,0.22038515
0.77240002,0.39017546,0.21098787
0.77249998,0.39517891,0.2014652
0.7726,0.39995062,0.19182278
0.77270001,0.4044877,0.18206622
0.77280003,0.40878728,0.1722011
0.77289999,0.41284674,0.16223319
0.773,0.41666368,0.15216838
0.77310002,0.42023569,0.14201257
0.77319998,0.42356065,0.13177171
0.77329999,0.42663652,0.12145185
0.77340001,0.42946139,0.11105902
0.77350003,0.43203327,0.1005992
0.77359998,0.43435073,0.0900786
0.7737,0.43641225,0.079503424
0.77380002,0.43821657,0.068879895
0.77389997,0.4397625,0.058214277
0.77399999,0.4410491,0.04751287
0.77410001,0.44207549,0.036781967
0.77420002,0.44284073,0.026027791
0.77429998,0.44334444,0.015256768
0.7744,0.44358623,0.0044752602
0.77450001,0.44356585,-0.0063103577
0.77460003,0.44328326,-0.017093701
0.77469999,0.4427385,-0.027868379
0.7748,0.44193178,-0.038628042
0.77490002,0.44086331,-0.049366359
0.77499998,0.43953374,-0.060076918
0.77509999,0.43794382,-0.070753366
0.77520001,0.43609434,-0.081389368
0.77530003,0.43398637,-0.091978595
0.77539998,0.43162104,-0.10251475
0.7755,0.42899951,-0.11299161
0.77560002,0.42612326,-0.12340292
0.77569997,0.42299396,-0.13374247
0.77579999,0.41961339,-0.14400411
0.77590001,0.41598344,-0.15418172
0.77600002,0.41210622,-0.16426921
0.77609998,0.40798396,-0.17426057
0.7762,0.40361878,-0.18414983
0.77630001,0.39901328,-0.19393107
0.77640003,0.39417014,-0.20359845
0.77649999,0.38909218,-0.21314618
0.7766,0.38378233,-0.22256854
0.77670002,0.37824371,-0.23185986
0.77679998,0.37247947,-0.2410146
0.77689999,0.36649275,-0.25002721
0.77700001,0.36028719,-0.2588923
0.77710003,0.3538664,-0.2676045
0.77719998,0.34723416,-0.27615863
0.7773,0.34039435,-0.28454953
0.77740002,0.33335096,-0.29277211
0.77749997,0.32610804,-0.30082142
0.77759999,0.31866974,-0.30869254
0.77770001,0.31104049,-0.31638077
0.77780002,0.30322483,-0.32388142
0.77789998,0.29522732,-0.33118999
0.778,0.28705272,-0.33830202
0.77810001,0.27870587,-0.34521323
0.77819997,0.27019146,-0.35191935
0.77829999,0.26151457,-0.35841626
0.7784,0.25268042,-0.36470008
0.77850002,0.24369417,-0.37076697
0.77859998,0.23456119,-0.37661323
0.77869999,0.22528687,-0.38223526
0.77880001,0.21587676,-0.38762972
0.77890003,0.20633619,-0.39279303
0.77899998,0.19667093,-0.39772218
0.7791,0.18688677,-0.40241411
0.77920002,0.17698951,-0.40686595
0.77929997,0.16698503,-0.41107494
0.77939999,0.15687932,-0.41503853
0.77950001,0.14667837,-0.41875419
0.77960002,0.13638809,-0.42221943
0.77969998,0.12601474,-0.42543226
0.7798,0.11556451,-0.42839059
0.77990001,0.10504363,-0.43109265
0.77999997,0.094458401,-0.43353665
0.78009999,0.083815165,-0.4357211
0.7802,0.073120236,-0.43764451
0.78030002,0.062379934,-0.43930551
0.78039998,0.051600769,-0.44070312
0.78049999,0.040789198,-0.44183645
0.78060001,0.02995171,-0.44270465
0.78070003,0.019094814,-0.44330716
0.78079998,0.0082250396,-0.44364357
0.7809,-0.0026511655,-0.4437134
0.78100002,-0.013527256,-0.44351649
0.78109998,-0.024396662,-0.44305295
0.78119999,-0.035252843,-0.44232294
0.78130001,-0.046089254,-0.44132686
0.78140002,-0.056899361,-0.44006521
0.78149998,-0.067676641,-0.4385387
0.7816,-0.078414671,-0.43674785
0.78170002,-0.089106917,-0.43469378
0.78179997,-0.09974692,-0.4323777
0.78189999,-0.11032826,-0.4298009
0.78200001,-0.12084451,-0.42696482
0.78210002,-0.13128933,-0.42387113
0.78219998,-0.14165638,-0.42052159
0.7823,-0.15193942,-0.41691786
0.78240001,-0.16213217,-0.41306221
0.78250003,-0.17222847,-0.40895686
0.78259999,-0.18222219,-0.40460423
0.7827,-0.19210723,-0.40000689
0.78280002,-0.20187762,-0.3951675
0.78289998,-0.21152739,-0.39008886
0.78299999,-0.22105065,-0.38477376
0.78310001,-0.23044161,-0.37922549
0.78320003,-0.23969457,-0.37344736
0.78329998,-0.24880384,-0.36744273
0.7834,-0.25776389,-0.3612152
0.78350002,-0.26656929,-0.35476848
0.78359997,-0.27521452,-0.34810618
0.78369999,-0.28369436,-0.34123233
0.78380001,-0.2920036,-0.33415103
0.78390002,-0.30013716,-0.32686651
0.78399998,-0.30809006,-0.31938314
0.7841,-0.31585744,-0.31170541
0.78420001,-0.3234345,-0.3038379
0.78430003,-0.33081648,-0.29578507
0.78439999,-0.33799887,-0.28755185
0.7845,-0.34497729,-0.27914321
0.78460002,-0.35174742,-0.27056423
0.78469998,-0.3583051,-0.26181999
0.78479999,-0.36464623,-0.25291583
0.78490001,-0.37076694,-0.24385704
0.78500003,-0.37666324,-0.23464888
0.78509998,-0.38233161,-0.22529702
0.7852,-0.38776851,-0.21580711
0.78530002,-0.39297053,-0.20618486
0.78539997,-0.39793447,-0.19643609
0.78549999,-0.40265724,-0.18656673
0.78560001,-0.40713578,-0.17658262
0.78570002,-0.41136724,-0.16648972
0.78579998,-0.41534898,-0.15629423
0.7859,-0.41907856,-0.14600232
0.78600001,-0.42255357,-0.13562024
0.78609997,-0.42577186,-0.12515427
0.78619999,-0.42873138,-0.11461081
0.7863,-0.43143007,-0.10399608
0.78640002,-0.43386623,-0.093316585
0.78649998,-0.43603832,-0.082578838
0.78659999,-0.43794492,-0.071789369
0.78670001,-0.43958479,-0.06095475
0.78680003,-0.44095686,-0.050081585
0.78689998,-0.44206023,-0.039176513
0.787,-0.44289383,-0.028246023
0.78710002,-0.44345725,-0.017296877
0.78719997,-0.44375002,-0.0063357563
0.78729999,-0.4437719,0.0046306448
0.78740001,-0.44352281,0.015595621
0.78750002,-0.44300279,0.026552461
0.78759998,-0.44221205,0.037494477
0.7877,-0.44115075,0.048415046
0.78780001,-0.4398196,0.059307426
0.78789997,-0.43821934,0.070164941
0.78799999,-0.43635085,0.080980934
0.7881,-0.43421519,0.091748767
0.78820002,-0.4318136,0.10246182
0.78829998,-0.42914736,0.11311354
0.78839999,-0.42621788,0.12369739
0.78850001,-0.42302701,0.13420685
0.78860003,-0.41957656,0.14463544
0.78869998,-0.41586864,0.15497676
0.7888,-0.41190538,0.1652244
0.78890002,-0.40768921,0.17537206
0.78899997,-0.40322238,0.18541349
0.78909999,-0.39850757,0.1953425
0.78920001,-0.39354768,0.20515291
0.78930002,-0.38834566,0.2148387
0.78939998,-0.38290462,0.22439386
0.7895,-0.37722787,0.23381247
0.78960001,-0.37131885,0.24308872
0.78969997,-0.36518073,0.25221679
0.78979999,-0.35881746,0.26119104
0.7899,-0.35223284,0.27000591
0.79000002,-0.34543088,0.27865595
0.79009998,-0.33841568,0.28713575
0.7902,-0.33119151,0.29544005
0.79030001,-0.32376271,0.30356365
0.79040003,-0.31613359,0.31150144
0.79049999,-0.30830887,0.31924853
0.7906,-0.30029336,0.32680002
0.79070002,-0.29209194,0.33415124
0.79079998,-0.28370959,0.34129757
0.79089999,-0.27515143,0.34823459
0.79100001,-0.2664226,0.35495785
0.79110003,-0.25752831,0.3614631
0.79119998,-0.24847411,0.36774626
0.7913,-0.23926552,0.37380347
0.79140002,-0.22990818,0.37963083
0.79149997,-0.22040784,0.3852247
0.79159999,-0.21077034,0.39058161
0.79170001,-0.20100139,0.39569795
0.79180002,-0.19110703,0.40057057
0.79189998,-0.18109338,0.40519637
0.792,-0.1709666,0.40957242
0.79210001,-0.16073291,0.41369593
0.79220003,-0.15039861,0.4175643
0.79229999,-0.13997011,0.42117506
0.7924,-0.12945357,0.42452565
0.79250002,-0.11885562,0.42761403
0.79259998,-0.1081828,0.43043822
0.79269999,-0.097441696,0.43299636
0.79280001,-0.086638942,0.43528682
0.79290003,-0.075781226,0.4373081
0.79299998,-0.06487523,0.43905881
0.7931,-0.053927582,0.44053757
0.79320002,-0.042945135,0.44174352
0.79329997,-0.031934701,0.44267583
0.79339999,-0.020903096,0.4433338
0.79350001,-0.0098571694,0.44371697
0.79360002,0.0011962167,0.44382507
0.79369998,0.01225026,0.44365773
0.7938,0.023298129,0.44321492
0.79390001,0.03433292,0.44249693
0.79400003,0.045347765,0.44150409
0.79409999,0.056335811,0.44023696
0.7942,0.067290217,0.43869624
0.79430002,0.078204148,0.43688282
0.79439998,0.089070864,0.43479753
0.79449999,0.099883571,0.43244156
0.79460001,0.11063551,0.42981642
0.79470003,0.12131996,0.4269236
0.79479998,0.13193028,0.42376485
0.7949,0.14245978,0.42034206
0.79500002,0.15290192,0.4166573
0.79509997,0.16325016,0.41271245
0.79519999,0.17349802,0.40851006
0.79530001,0.18363906,0.4040527
0.79540002,0.19366695,0.39934304
0.79549998,0.20357537,0.39438394
0.7956,0.21335812,0.38917845
0.79570001,0.22300903,0.3837297
0.79579997,0.23252204,0.37804073
0.79589999,0.24189115,0.37211522
0.796,0.25111046,0.36595678
0.79610002,0.26017419,0.35956919
0.79619998,0.26907662,0.35295638
0.79629999,0.27781212,0.34612241
0.79640001,0.28637516,0.33907136
0.79650003,0.29476029,0.33180746
0.79659998,0.30296224,0.32433531
0.7967,0.31097582,0.31665951
0.79680002,0.31879595,0.30878478
0.79689997,0.32641768,0.30071604
0.79699999,0.3338362,0.2924583
0.79710001,0.34104666,0.2840164
0.79720002,0.34804454,0.27539563
0.79729998,0.35482538,0.26660141
0.7974,0.36138484,0.2576392
0.79750001,0.36771882,0.24851455
0.79759997,0.3738232,0.23923314
0.79769999,0.37969413,0.22980076
0.7978,0.38532764,0.22022301
0.79790002,0.39072025,0.21050601
0.79799998,0.39586848,0.2006558
0.79809999,0.40076905,0.19067855
0.79820001,0.40541878,0.18058048
0.79830003,0.40981469,0.17036791
0.79839998,0.4139539,0.16004717
0.7985,0.41783357,0.14962459
0.79860002,0.4214513,0.13910677
0.79869998,0.42480475,0.1285003
0.79879999,0.4278917,0.11781184
0.79890001,0.43071014,0.10704809
0.79900002,0.43325821,0.096215792
0.79909998,0.435534,0.085321575
0.7992,0.43753615,0.074372381
0.79930001,0.43926325,0.063375071
0.79939997,0.44071415,0.05233657
0.79949999,0.44188789,0.041263808
0.79960001,0.44278356,0.030163748
0.79970002,0.44340041,0.019043304
0.79979998,0.44373798,0.0079095168
0.7999,0.44379604,-0.0032305992
0.80000001,0.4435744,-0.01437002
0.80010003,0.44307312,-0.025501719
0.80019999,0.44229248,-0.036618669
0.8003,0.44123265,-0.047713894
0.80040002,0.43989432,-0.058780361
0.80049998,0.43827826,-0.069811068
0.80059999,0.43638539,-0.080799036
0.80070001,0.43421683,-0.091737308
0.80080003,0.43177387,-0.10261894
0.80089998,0.42905775,-0.11343709
0.801,0.42607021,-0.12418486
0.80110002,0.42281306,-0.13485545
0.80119997,0.41928825,-0.14544205
0.80129999,0.41549799,-0.15593797
0.80140001,0.41144457,-0.16633651
0.80150002,0.40713027,-0.17663106
0.80159998,0.40255782,-0.18681508
0.8017,0.39773008,-0.19688208
0.80180001,0.39264998,-0.20682564
0.80190003,0.38732067,-0.21663943
0.80199999,0.38174552,-0.22631718
0.8021,0.37592772,-0.23585267
0.80220002,0.36987102,-0.24523984
0.80229998,0.36357915,-0.25447267
0.80239999,0.35705605,-0.26354527
0.80250001,0.35030577,-0.27245185
0.80260003,0.34333256,-0.28118667
0.80269998,0.33614063,-0.28974408
0.8028,0.32873449,-0.29811862
0.80290002,0.32111877,-0.3063049
0.80299997,0.31329831,-0.31429771
0.80309999,0.30527797,-0.32209182
0.80320001,0.29706281,-0.32968229
0.80330002,0.28865787,-0.33706415
0.80339998,0.28006843,-0.34423262
0.8035,0.27129996,-0.35118312
0.80360001,0.26235792,-0.35791111
0.80369997,0.25324801,-0.36441228
0.80379999,0.24397598,-0.37068239
0.8039,0.23454756,-0.37671736
0.80400002,0.22496869,-0.3825132
0.80409998,0.21524547,-0.38806617
0.80419999,0.20538405,-0.39337268
0.80430001,0.19539067,-0.39842927
0.80440003,0.18527168,-0.40323266
0.80449998,0.17503342,-0.40777957
0.8046,0.16468234,-0.41206706
0.80470002,0.15422505,-0.41609228
0.80479997,0.14366819,-0.41985261
0.80489999,0.13301846,-0.4233456
0.80500001,0.12228266,-0.4265689
0.80510002,0.11146756,-0.42952028
0.80519998,0.10058,-0.43219778
0.8053,0.089626938,-0.43459958
0.80540001,0.078615375,-0.4367241
0.80549997,0.067552321,-0.43856987
0.80559999,0.05644485,-0.44013566
0.8057,0.045300014,-0.44142029
0.80580002,0.034124881,-0.44242278
0.80589998,0.022926636,-0.44314244
0.80599999,0.011712435,-0.44357878
0.80610001,0.00048945716,-0.44373134
0.80620003,-0.010735109,-0.44360003
0.80629998,-0.021954091,-0.44318473
0.8064,-0.033160344,-0.44248554
0.80650002,-0.044346645,-0.44150287
0.80659997,-0.055505827,-0.44023728
0.80669999,-0.066630714,-0.4386895
0.80680001,-0.077714168,-0.43686041
0.80690002,-0.088749066,-0.43475106
0.80699998,-0.099728338,-0.43236262
0.8071,-0.11064491,-0.42969659
0.80720001,-0.12149174,-0.42675456
0.80729997,-0.13226184,-0.42353839
0.80739999,-0.14294828,-0.42005005
0.8075,-0.15354417,-0.41629165
0.80760002,-0.16404267,-0.41226539
0.80769998,-0.17443699,-0.40797386
0.80779999,-0.18472041,-0.40341973
0.80790001,-0.19488631,-0.39860582
0.80800003,-0.20492809,-0.3935352
0.80809999,-0.21483925,-0.38821101
0.8082,-0.22461335,-0.38263646
0.80830002,-0.23424408,-0.37681508
0.80839998,-0.24372518,-0.37075061
0.80849999,-0.25305048,-0.36444685
0.80860001,-0.26221398,-0.35790783
0.80870003,-0.27120966,-0.35113764
0.80879998,-0.28003165,-0.34414041
0.8089,-0.28867421,-0.33692068
0.80900002,-0.29713175,-0.32948303
0.80909997,-0.30539873,-0.32183218
0.80919999,-0.31346977,-0.31397301
0.80930001,-0.32133961,-0.30591059
0.80940002,-0.32900298,-0.29764977
0.80949998,-0.33645496,-0.28919601
0.8096,-0.34369063,-0.28055465
0.80970001,-0.3507053,-0.27173126
0.80980003,-0.35749432,-0.26273146
0.80989999,-0.36405328,-0.25356105
0.81,-0.37037775,-0.24422568
0.81010002,-0.37646356,-0.23473147
0.81019998,-0.38230678,-0.22508448
0.81029999,-0.38790351,-0.21529093
0.81040001,-0.39325008,-0.20535712
0.81050003,-0.39834294,-0.19528942
0.81059998,-0.4031786,-0.18509418
0.8107,-0.40775388,-0.174778
0.81080002,-0.41206577,-0.16434756
0.81089997,-0.41611138,-0.15380956
0.81099999,-0.41988799,-0.14317083
0.81110001,-0.42339313,-0.13243821
0.81120002,-0.42662424,-0.12161855
0.81129998,-0.42957923,-0.11071884
0.8114,-0.4322561,-0.09974616
0.81150001,-0.43465301,-0.088707596
0.81160003,-0.43676835,-0.077610299
0.81169999,-0.43860066,-0.066461474
0.8118,-0.44014853,-0.05526825
0.81190002,-0.44141087,-0.044037893
0.81199998,-0.44238678,-0.032777712
0.81209999,-0.4430756,-0.021495011
0.81220001,-0.44347674,-0.010197119
0.81230003,-0.4435899,0.0011086166
0.81239998,-0.44341478,0.012414896
0.8125,-0.44295135,0.023714373
0.81260002,-0.44219995,0.034999676
0.81269997,-0.44116089,0.046263456
0.81279999,-0.43983483,0.057498373
0.81290001,-0.43822253,0.068697102
0.81300002,-0.43632483,0.079852358
0.81309998,-0.43414286,0.090956874
0.8132,-0.43167797,0.10200339
0.81330001,-0.42893174,0.11298468
0.81339997,-0.42590582,0.12389358
0.81349999,-0.42260212,0.13472293
0.8136,-0.41902265,0.14546567
0.81370002,-0.41516954,0.15611477
0.81379998,-0.41104531,0.16666323
0.81389999,-0.40665257,0.17710415
0.81400001,-0.40199411,0.18743068
0.81410003,-0.39707291,0.19763602
0.81419998,-0.39189199,0.20771348
0.8143,-0.38645458,0.21765645
0.81440002,-0.38076425,0.22745834
0.81449997,-0.37482458,0.23711275
0.81459999,-0.36863947,0.24661331
0.81470001,-0.36221284,0.25595373
0.81480002,-0.35554877,0.2651279
0.81489998,-0.34865141,0.27412969
0.815,-0.34152532,0.28295317
0.81510001,-0.33417505,0.29159254
0.81519997,-0.32660541,0.30004206
0.81529999,-0.31882125,0.30829617
0.8154,-0.31082758,0.31634936
0.81550002,-0.30262944,0.32419625
0.81559998,-0.29423222,0.33183166
0.81569999,-0.28564137,0.33925053
0.81580001,-0.27686247,0.34644794
0.81590003,-0.26790121,0.3534191
0.81599998,-0.2587634,0.36015931
0.8161,-0.24945483,0.36666402
0.81620002,-0.23998167,0.37292898
0.81629997,-0.23035005,0.37894991
0.81639999,-0.22056627,0.38472289
0.81650001,-0.21063672,0.39024398
0.81660002,-0.20056787,0.39550951
0.81669998,-0.19036613,0.40051576
0.8168,-0.18003829,0.40525952
0.81690001,-0.16959104,0.40973753
0.81699997,-0.15903126,0.41394675
0.81709999,-0.14836586,0.41788438
0.81720001,-0.13760182,0.42154774
0.81730002,-0.12674607,0.42493415
0.81739998,-0.11580577,0.4280414
0.8175,-0.10478814,0.43086734
0.81760001,-0.093700379,0.43341005
0.81770003,-0.082549796,0.43566778
0.81779999,-0.07134372,0.43763897
0.8179,-0.060089398,0.43932196
0.81800002,-0.048794299,0.44071576
0.81809998,-0.037465859,0.44181931
0.81819999,-0.026111543,0.44263181
0.81830001,-0.014738833,0.44315264
0.81840003,-0.0033552379,0.44338137
0.81849998,0.0080318181,0.44331759
0.8186,0.019414779,0.44296131
0.81870002,0.030786123,0.44231269
0.81879997,0.042138338,0.44137207
0.81889999,0.05346391,0.44014001
0.81900001,0.064755343,0.43861723
0.81910002,0.076005213,0.43680447
0.81919998,0.087206058,0.4347029
0.8193,0.098350435,0.43231386
0.81940001,0.10943097,0.4296388
0.81950003,0.1204403,0.42667946
0.81959999,0.13137114,0.42343771
0.8197,0.14221621,0.41991544
0.81980002,0.15296832,0.4161149
0.81989998,0.16362031,0.41203856
0.81999999,0.1741651,0.40768909
0.82010001,0.18459566,0.40306926
0.82020003,0.19490506,0.39818203
0.82029998,0.2050864,0.39303049
0.8204,0.21513291,0.38761792
0.82050002,0.22503786,0.38194785
0.82059997,0.23479466,0.37602404
0.82069999,0.24439679,0.36985028
0.82080001,0.25383782,0.36343065
0.82090002,0.26311141,0.3567692
0.82099998,0.27221134,0.34987026
0.8211,0.28113154,0.34273836
0.82120001,0.28986603,0.3353782
0.82130003,0.29840893,0.32779458
0.82139999,0.3067545,0.31999254
0.8215,0.31489712,0.31197706
0.82160002,0.32283127,0.30375335
0.82169998,0.33055165,0.29532686
0.82179999,0.33805308,0.28670317
0.82190001,0.34533045,0.27788797
0.82200003,0.35237888,0.26888707
0.82209998,0.35919356,0.25970632
0.8222,0.36576986,0.2503517
0.82230002,0.37210333,0.24082947
0.82239997,0.37818968,0.23114592
0.82249999,0.3840248,0.22130747
0.82260001,0.38960472,0.21132062
0.82270002,0.39492559,0.20119195
0.82279998,0.39998373,0.19092807
0.8229,0.40477574,0.18053585
0.82300001,0.4092983,0.1700222
0.82309997,0.41354838,0.1593941
0.82319999,0.41752303,0.14865863
0.8233,0.42121947,0.13782287
0.82340002,0.42463505,0.12689394
0.82349998,0.42776746,0.11587919
0.82359999,0.43061453,0.10478594
0.82370001,0.43317428,0.093621589
0.82380003,0.43544495,0.082393594
0.82389998,0.43742487,0.071109414
0.824,0.43911245,0.0597765
0.82410002,0.44050664,0.04840247
0.82419997,0.44160637,0.036994927
0.82429999,0.44241083,0.025561498
0.82440001,0.4429194,0.014109839
0.82450002,0.44313166,0.0026476022
0.82459998,0.44304714,-0.0088176122
0.8247,0.44266596,-0.020278076
0.82480001,0.44198826,-0.031726107
0.82489997,0.44101447,-0.043154027
0.82499999,0.43974507,-0.054554161
0.8251,0.43818089,-0.065918863
0.82520002,0.43632269,-0.077240542
0.82529998,0.43417168,-0.088511556
0.82539999,0.43172926,-0.09972433
0.82550001,0.42899698,-0.11087132
0.82560003,0.42597657,-0.12194502
0.82569999,0.42267007,-0.13293797
0.8258,0.41907927,-0.14384277
0.82590002,0.4152067,-0.15465206
0.82599998,0.41105485,-0.16535854
0.82609999,0.40662643,-0.175955
0.82620001,0.40192437,-0.18643427
0.82630002,0.39695176,-0.19678926
0.82639998,0.39171159,-0.20701297
0.8265,0.38620746,-0.21709844
0.82660002,0.38044301,-0.22703891
0.82669997,0.37442201,-0.23682758
0.82679999,0.36814851,-0.24645786
0.82690001,0.3616266,-0.25592318
0.82700002,0.35486042,-0.2652171
0.82709998,0.34785458,-0.27433333
0.8272,0.34061369,-0.28326562
0.82730001,0.33314261,-0.29200792
0.82740003,0.32544631,-0.30055434
0.82749999,0.31752992,-0.30889896
0.8276,0.3093985,-0.31703609
0.82770002,0.30105761,-0.32496017
0.82779998,0.29251274,-0.33266577
0.82789999,0.2837697,-0.34014767
0.82800001,0.27483431,-0.34740075
0.82810003,0.26571253,-0.35442004
0.82819998,0.25641036,-0.36120063
0.8283,0.24693403,-0.36773786
0.82840002,0.23728995,-0.37402731
0.82849997,0.22748457,-0.38006461
0.82859999,0.2175245,-0.3858456
0.82870001,0.20741645,-0.39136636
0.82880002,0.19716707,-0.39662293
0.82889998,0.18678328,-0.40161166
0.829,0.17627209,-0.40632915
0.82910001,0.16564061,-0.41077211
0.82920003,0.15489598,-0.4149375
0.82929999,0.14404547,-0.41882238
0.8294,0.13309632,-0.42242393
0.82950002,0.12205588,-0.42573962
0.82959998,0.11093167,-0.42876717
0.82969999,0.099731207,-0.4315044
0.82980001,0.088462062,-0.43394941
0.82990003,0.07713189,-0.43610048
0.82999998,0.065748274,-0.43795595
0.8301,0.054318912,-0.43951437
0.83020002,0.042851578,-0.44077471
0.83029997,0.031354059,-0.44173601
0.83039999,0.019834155,-0.44239756
0.83050001,0.0082996991,-0.4427588
0.83060002,-0.003241515,-0.44281933
0.83069998,-0.014781679,-0.44257891
0.8308,-0.026312912,-0.44203773
0.83090001,-0.037827369,-0.44119602
0.83099997,-0.049317203,-0.4400543
0.83109999,-0.060774591,-0.4386133
0.8312,-0.072191738,-0.43687376
0.83130002,-0.083560891,-0.43483672
0.83139998,-0.09487427,-0.43250355
0.83149999,-0.10612416,-0.42987576
0.83160001,-0.11730286,-0.42695507
0.83170003,-0.12840272,-0.42374337
0.83179998,-0.1394162,-0.42024273
0.8319,-0.15033574,-0.4164553
0.83200002,-0.16115387,-0.41238365
0.83209997,-0.17186317,-0.40803051
0.83219999,-0.1824563,-0.40339875
0.83230001,-0.19292602,-0.39849147
0.83240002,-0.20326512,-0.39331195
0.83249998,-0.2134665,-0.38786337
0.8326,-0.22352315,-0.38214955
0.83270001,-0.23342817,-0.3761743
0.83279997,-0.24317473,-0.36994165
0.83289999,-0.25275615,-0.3634558
0.833,-0.26216578,-0.35672104
0.83310002,-0.27139717,-0.34974173
0.83319998,-0.28044391,-0.34252271
0.83329999,-0.28929976,-0.33506885
0.83340001,-0.29795864,-0.32738513
0.83350003,-0.30641454,-0.31947684
0.83359998,-0.31466162,-0.31134924
0.8337,-0.32269412,-0.30300769
0.83380002,-0.33050644,-0.29445791
0.83389997,-0.33809325,-0.28570572
0.83399999,-0.34544924,-0.27675706
0.83410001,-0.35256931,-0.26761803
0.83420002,-0.35944855,-0.25829485
0.83429998,-0.36608198,-0.24879362
0.8344,-0.3724651,-0.23912092
0.83450001,-0.37859342,-0.22928336
0.83459997,-0.38446271,-0.21928765
0.83469999,-0.39006883,-0.2091406
0.8348,-0.39540789,-0.19884917
0.83490002,-0.40047595,-0.18842015
0.83499998,-0.40526953,-0.1778608
0.8351,-0.40978533,-0.16717832
0.83520001,-0.41402009,-0.15638003
0.83530003,-0.41797087,-0.14547333
0.83539999,-0.42163485,-0.13446569
0.8355,-0.42500928,-0.12336452
0.83560002,-0.42809182,-0.11217746
0.83569998,-0.43088025,-0.10091222
0.83579999,-0.43337262,-0.08957652
0.83590001,-0.43556708,-0.07817816
0.83600003,-0.43746209,-0.066724978
0.83609998,-0.43905607,-0.055224728
0.8362,-0.44034785,-0.043685362
0.83630002,-0.44133654,-0.032114834
0.83639997,-0.44202131,-0.020521108
0.83649999,-0.44240165,-0.0089121768
0.83660001,-0.44247723,0.0027039482
0.83670002,-0.44224769,0.014319331
0.83679998,-0.44171315,0.025925945
0.8369,-0.44087395,0.037515763
0.83700001,-0.43973055,0.049080778
0.83710003,-0.43828371,0.060612999
0.83719999,-0.43653432,0.072104439
0.8373,-0.43448332,0.083547197
0.83740002,-0.43213207,0.094933338
0.83749998,-0.42948213,0.10625498
0.83759999,-0.42653528,0.11750428
0.83770001,-0.42329347,0.12867342
0.83780003,-0.41975889,0.13975465
0.83789998,-0.41593373,0.15074031
0.838,-0.4118205,0.16162276
0.83810002,-0.40742207,0.17239442
0.83819997,-0.40274137,0.18304783
0.83829999,-0.39778158,0.19357556
0.83840001,-0.39254609,0.2039703
0.83850002,-0.38703832,0.21422477
0.83859998,-0.38126191,0.22433184
0.8387,-0.37522089,0.23428446
0.83880001,-0.36891934,0.2440757
0.83890003,-0.36236161,0.25369871
0.83899999,-0.35555217,0.26314676
0.8391,-0.34849557,0.27241325
0.83920002,-0.34119654,0.28149164
0.83929998,-0.33366016,0.29037562
0.83939999,-0.32589158,0.29905897
0.83950001,-0.31789616,0.30753556
0.83960003,-0.30967939,0.3157995
0.83969998,-0.30124685,0.32384494
0.8398,-0.29260421,0.33166617
0.83990002,-0.28375748,0.33925772
0.83999997,-0.27471283,0.34661424
0.84009999,-0.26547641,0.35373059
0.84020001,-0.25605467,0.36060169
0.84030002,-0.24645403,0.36722273
0.84039998,-0.236681,0.37358889
0.8405,-0.2267424,0.37969574
0.84060001,-0.21664512,0.38553897
0.84069997,-0.20639615,0.39111441
0.84079999,-0.1960026,0.39641815
0.8409,-0.18547165,0.40144634
0.84100002,-0.17481044,0.40619531
0.84109998,-0.16402645,0.41066173
0.84119999,-0.15312719,0.41484237
0.84130001,-0.14212021,0.41873428
0.84140003,-0.13101318,0.4223347
0.84149998,-0.11981381,0.42564097
0.8416,-0.10852973,0.42865053
0.84170002,-0.0971689,0.43136129
0.84179997,-0.085739225,0.43377128
0.84189999,-0.074248664,0.43587875
0.84200001,-0.062705241,0.43768215
0.84210002,-0.051117007,0.43918014
0.84219998,-0.039491925,0.44037133
0.8423,-0.027838182,0.44125494
0.84240001,-0.016163915,0.44183028
0.84249997,-0.0044772932,0.44209683
0.84259999,0.0072135101,0.44205439
0.8427,0.018900309,0.44170284
0.84280002,0.030575017,0.44104213
0.84289998,0.042229403,0.44007275
0.84299999,0.053855296,0.4387953
0.84310001,0.065444551,0.43721059
0.84320003,0.076989032,0.43531969
0.84329998,0.088480629,0.4331238
0.8434,0.099911325,0.43062413
0.84350002,0.11127307,0.42782247
0.84359998,0.12255786,0.4247207
0.84369999,0.13375776,0.42132095
0.84380001,0.14486489,0.41762552
0.84390002,0.15587142,0.41363692
0.84399998,0.16676962,0.40935764
0.8441,0.17755179,0.40479067
0.84420002,0.18821034,0.39993915
0.84429997,0.19873771,0.39480647
0.84439999,0.2091265,0.38939613
0.84450001,0.21936937,0.38371187
0.84460002,0.22945903,0.3777574
0.84469998,0.23938838,0.37153688
0.8448,0.24915035,0.36505467
0.84490001,0.25873804,0.3583152
0.84500003,0.2681447,0.35132319
0.84509999,0.27736363,0.34408352
0.8452,0.28638822,0.33660102
0.84530002,0.29521206,0.32888088
0.84539998,0.30382892,0.32092854
0.84549999,0.31223264,0.31274953
0.84560001,0.32041728,0.30434957
0.84570003,0.32837701,0.29573455
0.84579998,0.33610603,0.2869103
0.8459,0.34359887,0.27788296
0.84600002,0.35085019,0.26865894
0.84609997,0.35785478,0.25924465
0.84619999,0.36460769,0.24964672
0.84630001,0.37110403,0.23987187
0.84640002,0.37733912,0.22992684
0.84649998,0.38330838,0.21981853
0.8466,0.3890076,0.20955415
0.84670001,0.39443269,0.19914086
0.84680003,0.39957973,0.18858603
0.84689999,0.40444499,0.17789705
0.847,0.40902492,0.16708137
0.84710002,0.41331607,0.15614656
0.84719998,0.41731545,0.14510034
0.84729999,0.42102009,0.13395053
0.84740001,0.42442736,0.12270499
0.84750003,0.4275347,0.11137167
0.84759998,0.43033981,0.099958494
0.8477,0.43284047,0.088473454
0.84780002,0.43503493,0.076924734
0.84789997,0.43692154,0.065320492
0.84799999,0.43849885,0.053668946
0.84810001,0.43976575,0.041978352
0.84820002,0.44072112,0.030256948
0.84829998,0.44136411,0.018512968
0.8484,0.4416942,0.0067547914
0.84850001,0.4417111,-0.0050092437
0.84859997,0.44141474,-0.016770786
0.84869999,0.44080526,-0.02852148
0.8488,0.4398829,-0.040252995
0.84890002,0.43864807,-0.051957052
0.84899998,0.43710172,-0.063625291
0.84909999,0.4352448,-0.075249404
0.84920001,0.43307859,-0.086821117
0.84930003,0.43060455,-0.098332189
0.84939998,0.42782429,-0.10977443
0.8495,0.42473951,-0.12113969
0.84960002,0.42135245,-0.13241987
0.84969997,0.41766542,-0.14360689
0.84979999,0.413681,-0.15469278
0.84990001,0.40940192,-0.16566962
0.85000002,0.40483117,-0.17652956
0.85009998,0.39997163,-0.18726481
0.8502,0.39482686,-0.19786771
0.85030001,0.38940042,-0.20833066
0.85039997,0.38369611,-0.21864615
0.85049999,0.37771794,-0.22880681
0.8506,0.37147012,-0.23880532
0.85070002,0.36495674,-0.24863449
0.85079998,0.35818249,-0.25828725
0.85089999,0.35115218,-0.2677567
0.85100001,0.34387076,-0.27703598
0.85110003,0.33634335,-0.28611845
0.85119998,0.32857525,-0.2949976
0.8513,0.32057172,-0.30366686
0.85140002,0.31233853,-0.31212008
0.85149997,0.30388153,-0.32035115
0.85159999,0.29520667,-0.32835412
0.85170001,0.28632009,-0.3361232
0.85180002,0.27722818,-0.34365281
0.85189998,0.26793703,-0.35093734
0.852,0.25845346,-0.35797155
0.85210001,0.24878414,-0.36475039
0.85219997,0.23893596,-0.37126887
0.85229999,0.22891594,-0.37752232
0.8524,0.21873124,-0.38350618
0.85250002,0.20838886,-0.38921592
0.85259998,0.1978963,-0.39464745
0.8527,0.18726102,-0.39979675
0.85280001,0.1764906,-0.40466014
0.85290003,0.16559276,-0.40923402
0.85299999,0.1545753,-0.41351506
0.8531,0.14344589,-0.41749987
0.85320002,0.13221258,-0.42118564
0.85329998,0.12088338,-0.42456961
0.85339999,0.10946643,-0.42764929
0.85350001,0.09796989,-0.43042237
0.85360003,0.086402029,-0.43288684
0.85369998,0.074771002,-0.43504062
0.8538,0.063085176,-0.43688211
0.85390002,0.051352955,-0.43840992
0.85399997,0.03958277,-0.43962291
0.85409999,0.027783072,-0.44052011
0.85420001,0.015962355,-0.44110078
0.85430002,0.0041290391,-0.44136429
0.85439998,-0.0077083707,-0.44131029
0.8545,-0.019541327,-0.44093883
0.85460001,-0.031361308,-0.4402501
0.85470003,-0.043159794,-0.43924448
0.85479999,-0.054928273,-0.43792266
0.8549,-0.066658303,-0.43628532
0.85500002,-0.078341432,-0.4343335
0.85509998,-0.089969203,-0.43206862
0.85519999,-0.10153321,-0.42949221
0.85530001,-0.11302511,-0.42660603
0.85540003,-0.12443658,-0.42341214
0.85549998,-0.13575937,-0.41991264
0.8556,-0.14698531,-0.4161098
0.85570002,-0.15810625,-0.41200641
0.85579997,-0.16911413,-0.40760535
0.85589999,-0.18000096,-0.40290976
0.85600001,-0.19075887,-0.3979229
0.85610002,-0.20138001,-0.39264825
0.85619998,-0.21185668,-0.38708937
0.8563,-0.22218126,-0.38125032
0.85640001,-0.23234624,-0.37513521
0.85650003,-0.24234425,-0.36874846
0.85659999,-0.25216797,-0.36209461
0.8567,-0.26181027,-0.35517827
0.85680002,-0.27126408,-0.34800425
0.85689998,-0.28052247,-0.34057781
0.85699999,-0.28957874,-0.33290419
0.85710001,-0.29842627,-0.32498896
0.85720003,-0.3070586,-0.31683776
0.85729998,-0.31546935,-0.30845639
0.8574,-0.32365233,-0.29985064
0.85750002,-0.33160159,-0.29102686
0.85759997,-0.33931127,-0.28199136
0.85769999,-0.34677574,-0.27275065
0.85780001,-0.35398951,-0.26331139
0.85790002,-0.36094728,-0.25368032
0.85799998,-0.36764377,-0.24386419
0.8581,-0.37407416,-0.23387022
0.85820001,-0.38023368,-0.22370559
0.85829997,-0.38611779,-0.21337765
0.85839999,-0.39172214,-0.20289388
0.8585,-0.39704257,-0.19226183
0.85860002,-0.40207499,-0.18148898
0.85869998,-0.40681571,-0.17058326
0.85879999,-0.41126123,-0.15955254
0.85890001,-0.41540825,-0.14840484
0.85900003,-0.41925365,-0.13714822
0.85909998,-0.42279458,-0.12579085
0.8592,-0.42602813,-0.1143408
0.85930002,-0.42895198,-0.10280647
0.85939997,-0.43156394,-0.091196239
0.85949999,-0.433862,-0.079518542
0.85960001,-0.43584445,-0.067781888
0.85970002,-0.43750975,-0.055994805
0.85979998,-0.43885627,-0.044165727
0.8599,-0.43988317,-0.032303348
0.86000001,-0.44058958,-0.02041631
0.86009997,-0.44097486,-0.0085132774
0.86019999,-0.44103873,0.0033970629
0.8603,-0.44078103,0.01530601
0.86040002,-0.44020158,0.027204985
0.86049998,-0.43930084,0.039085235
0.86059999,-0.43807939,0.050938085
0.86070001,-0.43653804,0.062754862
0.86080003,-0.43467784,0.074526928
0.86089998,-0.43250009,0.086245649
0.861,-0.43000603,0.097902499
0.86110002,-0.42719746,0.10948893
0.86119998,-0.42407641,0.12099644
0.86129999,-0.42064503,0.13241658
0.86140001,-0.41690582,0.14374097
0.86150002,-0.41286141,0.1549613
0.86159998,-0.40851444,0.16606933
0.8617,-0.40386808,0.17705689
0.86180001,-0.39892566,0.18791592
0.86189997,-0.39369076,0.19863841
0.86199999,-0.38816711,0.20921646
0.86210001,-0.38235873,0.2196423
0.86220002,-0.37626955,0.2299082
0.86229998,-0.36990401,0.2400066
0.8624,-0.36326671,0.24993004
0.86250001,-0.35636246,0.25967121
0.86260003,-0.34919631,0.26922289
0.86269999,-0.34177342,0.27857804
0.8628,-0.33409899,0.28772971
0.86290002,-0.32617858,0.29667106
0.86299998,-0.31801799,0.30539551
0.86309999,-0.30962315,0.3138966
0.86320001,-0.30100018,0.32216799
0.86330003,-0.29215536,0.33020362
0.86339998,-0.283095,0.33799735
0.8635,-0.27382565,0.34554341
0.86360002,-0.26435411,0.35283622
0.86369997,-0.25468734,0.35987034
0.86379999,-0.24483237,0.36664051
0.86390001,-0.23479642,0.37314168
0.86400002,-0.22458674,0.37936893
0.86409998,-0.2142107,0.38531753
0.8642,-0.20367599,0.39098307
0.86430001,-0.19299029,0.39636132
0.86440003,-0.18216148,0.40144822
0.86449999,-0.1711975,0.40623996
0.8646,-0.16010632,0.41073284
0.86470002,-0.14889598,0.4149234
0.86479998,-0.13757479,0.41880849
0.86489999,-0.12615108,0.42238516
0.86500001,-0.11463325,0.42565075
0.86510003,-0.1030298,0.42860273
0.86519998,-0.091349214,0.4312388
0.8653,-0.079599984,0.43355671
0.86540002,-0.067790851,0.43555483
0.86549997,-0.055930518,0.43723157
0.86559999,-0.044027746,0.43858561
0.86570001,-0.032091327,0.43961585
0.86580002,-0.020130046,0.44032145
0.86589998,-0.0081526488,0.44070151
0.866,0.0038319472,0.44075584
0.86610001,0.015814878,0.44048434
0.86619997,0.027787274,0.43988705
0.86629999,0.039740264,0.4389644
0.8664,0.051665004,0.4377169
0.86650002,0.06355273,0.43614519
0.86659998,0.075394578,0.43425044
0.86669999,0.087181762,0.43203399
0.86680001,0.098905534,0.42949739
0.86690003,0.11055718,0.42664248
0.86699998,0.12212804,0.42347121
0.8671,0.13360956,0.41998559
0.86720002,0.14499316,0.41618833
0.86729997,0.15627038,0.41208208
0.86739999,0.16743281,0.40766984
0.86750001,0.17847215,0.40295485
0.86760002,0.18938015,0.39794049
0.86769998,0.20014867,0.39263007
0.8678,0.21076968,0.38702768
0.86790001,0.22123525,0.38113734
0.86799997,0.23153755,0.3749634
0.86809999,0.24166888,0.3685104
0.8682,0.25162166,0.36178303
0.86830002,0.26138839,0.35478589
0.86839998,0.27096179,0.34752432
0.86849999,0.28033465,0.34000361
0.86860001,0.28949994,0.33222932
0.86870003,0.29845083,0.32420719
0.86879998,0.30718058,0.31594309
0.8689,0.3156825,0.30744287
0.86900002,0.32395029,0.29871291
0.86909997,0.33197767,0.28975967
0.86919999,0.3397586,0.28058973
0.86930001,0.34728724,0.27120993
0.86940002,0.35455793,0.26162717
0.86949998,0.36156502,0.25184834
0.8696,0.36830324,0.24188074
0.86970001,0.37476751,0.23173179
0.86979997,0.38095295,0.22140901
0.86989999,0.38685486,0.21092007
0.87,0.39246875,0.20027277
0.87010002,0.39779022,0.18947482
0.87019998,0.40281519,0.17853428
0.87029999,0.40753993,0.16745935
0.87040001,0.41196078,0.15625824
0.87050003,0.41607434,0.1449393
0.87059999,0.41987753,0.13351101
0.8707,0.42336717,0.12198168
0.87080002,0.42654064,0.11035995
0.87089998,0.42939547,0.098654531
0.87099999,0.43192947,0.08687415
0.87110001,0.43414062,0.075027607
0.87120003,0.43602726,0.063123785
0.87129998,0.43758768,0.051171463
0.8714,0.43882057,0.039179571
0.87150002,0.43972501,0.027157122
0.87159997,0.44030023,0.015113118
0.87169999,0.44054568,0.0030565867
0.87180001,0.44046119,-0.0090034269
0.87190002,0.44004646,-0.021057943
0.87199998,0.43930173,-0.033097945
0.8721,0.4382275,-0.045114357
0.87220001,0.43682453,-0.057098158
0.87230003,0.43509373,-0.069040336
0.87239999,0.43303639,-0.080931917
0.8725,0.43065378,-0.092763975
0.87260002,0.42794752,-0.10452763
0.87269998,0.42491964,-0.11621401
0.87279999,0.4215723,-0.12781431
0.87290001,0.41790798,-0.13931976
0.87300003,0.41392934,-0.15072171
0.87309998,0.40963921,-0.16201156
0.8732,0.4050405,-0.17318079
0.87330002,0.40013677,-0.18422094
0.87339997,0.39493158,-0.19512367
0.87349999,0.38942882,-0.20588075
0.87360001,0.38363254,-0.21648403
0.87370002,0.37754694,-0.22692548
0.87379998,0.37117633,-0.23719715
0.8739,0.36452556,-0.24729127
0.87400001,0.35759956,-0.25720018
0.87410003,0.35040352,-0.26691639
0.87419999,0.34294274,-0.27643251
0.8743,0.33522278,-0.2857413
0.87440002,0.32724914,-0.29483557
0.87449998,0.31902787,-0.30370846
0.87459999,0.31056517,-0.31235322
0.87470001,0.30186734,-0.32076329
0.87480003,0.29294088,-0.3289322
0.87489998,0.28379247,-0.33685374
0.875,0.27442867,-0.34452173
0.87510002,0.26485667,-0.35193038
0.87519997,0.25508365,-0.359074
0.87529999,0.24511695,-0.36594716
0.87540001,0.23496404,-0.37254453
0.87550002,0.22463256,-0.3788611
0.87559998,0.21413,-0.38489178
0.8757,0.20346443,-0.39063206
0.87580001,0.19264387,-0.39607751
0.87589997,0.18167645,-0.40122396
0.87599999,0.17057046,-0.40606737
0.8761,0.15933429,-0.41060406
0.87620002,0.14797615,-0.41483021
0.87629998,0.13650477,-0.41874272
0.87639999,0.12492879,-0.42233849
0.87650001,0.11325697,-0.42561474
0.87660003,0.10149814,-0.42856887
0.87669998,0.089661218,-0.43119863
0.8768,0.077754937,-0.4335016
0.87690002,0.065788433,-0.43547606
0.87699997,0.053770769,-0.4371205
0.87709999,0.041711051,-0.43843356
0.87720001,0.029618435,-0.43941411
0.87730002,0.017502109,-0.44006142
0.87739998,0.0053711161,-0.44037452
0.8775,-0.0067652552,-0.44035324
0.87760001,-0.018897781,-0.43999755
0.87769997,-0.031017235,-0.4393076
0.87779999,-0.043114398,-0.43828383
0.8779,-0.05518005,-0.43692699
0.87800002,-0.067205094,-0.43523768
0.87809998,-0.07918033,-0.4332172
0.87819999,-0.09109664,-0.43086705
0.87830001,-0.10294492,-0.42818889
0.87840003,-0.11471613,-0.42518473
0.87849998,-0.12640129,-0.42185673
0.8786,-0.13799149,-0.41820714
0.87870002,-0.14947787,-0.41423863
0.87879997,-0.16085166,-0.40995425
0.87889999,-0.17210414,-0.40535712
0.87900001,-0.18322669,-0.40045071
0.87910002,-0.19421083,-0.3952387
0.87919998,-0.20504807,-0.3897247
0.8793,-0.21573016,-0.38391289
0.87940001,-0.22624886,-0.37780765
0.87949997,-0.23659612,-0.37141356
0.87959999,-0.24676399,-0.36473548
0.87970001,-0.25674468,-0.35777843
0.87980002,-0.26653042,-0.3505474
0.87989998,-0.27611372,-0.34304786
0.88,-0.28548717,-0.33528551
0.88010001,-0.29464358,-0.32726622
0.88020003,-0.30357587,-0.31899607
0.88029999,-0.31227717,-0.31048131
0.8804,-0.3207407,-0.30172825
0.88050002,-0.32895988,-0.29274344
0.88059998,-0.33692837,-0.28353375
0.88069999,-0.34464002,-0.2741062
0.88080001,-0.35208884,-0.26446792
0.88090003,-0.35926908,-0.25462633
0.88099998,-0.36617509,-0.24458869
0.8811,-0.37280142,-0.23436259
0.88120002,-0.37914297,-0.22395587
0.88129997,-0.38519484,-0.21337648
0.88139999,-0.39095223,-0.20263249
0.88150001,-0.39641076,-0.19173211
0.88160002,-0.401566,-0.18068357
0.88169998,-0.40641385,-0.16949515
0.8818,-0.41095054,-0.15817553
0.88190001,-0.41517252,-0.14673334
0.88200003,-0.4190765,-0.13517734
0.88209999,-0.42265937,-0.1235164
0.8822,-0.42591822,-0.11175936
0.88230002,-0.42885029,-0.099915132
0.88239998,-0.43145335,-0.087992854
0.88249999,-0.43372533,-0.076001674
0.88260001,-0.43566436,-0.063950807
0.88270003,-0.43726891,-0.051849499
0.88279998,-0.43853757,-0.03970702
0.8829,-0.43946904,-0.027532579
0.88300002,-0.44006267,-0.015335611
0.88309997,-0.44031787,-0.0031254967
0.88319999,-0.44023442,0.0090883644
0.88330001,-0.43981227,0.021296559
0.88340002,-0.4390516,0.0334897
0.88349998,-0.43795267,0.04565848
0.8836,-0.43651631,0.057793465
0.88370001,-0.43474364,0.069885284
0.88380003,-0.43263587,0.081924602
0.88389999,-0.43019456,0.093902126
0.884,-0.42742151,0.10580859
0.88410002,-0.4243184,0.11763486
0.88419998,-0.42088774,0.12937175
0.88429999,-0.41713208,0.14101015
0.88440001,-0.41305426,0.15254109
0.88450003,-0.40865731,0.16395561
0.88459998,-0.40394458,0.17524487
0.8847,-0.39891925,0.1864001
0.88480002,-0.39358529,0.19741267
0.88489997,-0.38794678,0.20827399
0.88499999,-0.38200799,0.21897565
0.88510001,-0.3757734,0.22950934
0.88520002,-0.36924782,0.23986684
0.88529998,-0.36243582,0.25004002
0.8854,-0.35534278,0.26002103
0.88550001,-0.34797412,0.26980206
0.88559997,-0.34033549,0.27937552
0.88569999,-0.33243275,0.2887339
0.8858,-0.32427192,0.29786992
0.88590002,-0.31585893,0.30677629
0.88599998,-0.30720043,0.31544617
0.88609999,-0.29830301,0.32387269
0.88620001,-0.28917354,0.33204931
0.88630003,-0.27981904,0.33996964
0.88639998,-0.27024671,0.34762743
0.8865,-0.26046365,0.35501653
0.88660002,-0.25047749,0.36213118
0.88669997,-0.24029595,0.3689658
0.88679999,-0.22992687,0.37551501
0.88690001,-0.21937826,0.38177368
0.88700002,-0.20865829,0.38773683
0.88709998,-0.19777501,0.3933996
0.8872,-0.18673688,0.39875752
0.88730001,-0.17555246,0.40380639
0.88739997,-0.16423042,0.40854219
0.88749999,-0.15277953,0.41296118
0.8876,-0.14120869,0.41705984
0.88770002,-0.12952669,0.42083469
0.88779998,-0.1177426,0.42428276
0.88789999,-0.10586561,0.4274013
0.88800001,-0.093904957,0.43018779
0.88810003,-0.08186993,0.43264002
0.88819999,-0.069769852,0.43475592
0.8883,-0.057613991,0.43653354
0.88840002,-0.045411877,0.4379715
0.88849998,-0.033173006,0.43906859
0.88859999,-0.020906897,0.4398239
0.88870001,-0.0086231111,0.44023669
0.88880002,0.0036688435,0.4403064
0.88889998,0.015959378,0.44003287
0.889,0.0282389,0.43941629
0.88910002,0.040497828,0.43845698
0.88919997,0.052726589,0.43715566
0.88929999,0.064915635,0.43551314
0.88940001,0.077055477,0.43353051
0.88950002,0.089136586,0.43120924
0.88959998,0.10114952,0.42855111
0.8897,0.11308488,0.42555806
0.88980001,0.12493328,0.42223239
0.88990003,0.13668549,0.41857636
0.88999999,0.14833227,0.4145928
0.8901,0.15986449,0.41028476
0.89020002,0.17127307,0.4056555
0.89029998,0.18254906,0.40070862
0.89039999,0.19368359,0.39544776
0.89050001,0.20466791,0.38987684
0.89060003,0.21549338,0.38400021
0.89069998,0.22615145,0.3778224
0.8908,0.23663376,0.37134817
0.89090002,0.24693203,0.36458248
0.89099997,0.25703809,0.35753036
0.89109999,0.26694399,0.35019735
0.89120001,0.27664188,0.34258911
0.89130002,0.28612414,0.33471152
0.89139998,0.29538324,0.32657069
0.8915,0.30441186,0.31817284
0.89160001,0.31320274,0.30952442
0.89170003,0.321749,0.30063221
0.89179999,0.33004385,0.29150307
0.8919,0.3380807,0.28214416
0.89200002,0.34585318,0.27256274
0.89209998,0.35335496,0.26276609
0.89219999,0.36058012,0.25276193
0.89230001,0.36752295,0.24255806
0.89240003,0.37417787,0.23216245
0.89249998,0.38053957,0.22158323
0.8926,0.38660291,0.21082859
0.89270002,0.39236298,0.19990684
0.89279997,0.3978152,0.18882662
0.89289999,0.40295517,0.17759658
0.89300001,0.4077788,0.16622554
0.89310002,0.41228217,0.15472241
0.89319998,0.41646147,0.14309603
0.8933,0.42031342,0.13135563
0.89340001,0.42383486,0.1195104
0.89349997,0.42702296,0.10756966
0.89359999,0.42987508,0.095542818
0.8937,0.43238878,0.083439231
0.89380002,0.43456194,0.071268409
0.89389998,0.43639278,0.059039962
0.89399999,0.4378798,0.046763517
0.89410001,0.43902168,0.03444875
0.89420003,0.43981743,0.022105372
0.89429998,0.44026616,0.0097430246
0.8944,0.44036746,-0.0026284857
0.89450002,0.44012114,-0.014999392
0.89459997,0.43952736,-0.027359921
0.89469999,0.43858647,-0.0397003
0.89480001,0.43729895,-0.052010804
0.89490002,0.43566573,-0.064281702
0.89499998,0.43368801,-0.076503269
0.8951,0.43136728,-0.088665821
0.89520001,0.42870528,-0.10075972
0.89529997,0.42570397,-0.11277538
0.89539999,0.42236546,-0.12470329
0.8955,0.41869238,-0.13653396
0.89560002,0.41468757,-0.14825802
0.89569998,0.41035405,-0.15986611
0.89579999,0.40569523,-0.17134905
0.89590001,0.40071452,-0.18269767
0.89600003,0.39541578,-0.19390295
0.89609998,0.38980311,-0.20495595
0.8962,0.38388094,-0.21584789
0.89630002,0.37765387,-0.22657005
0.89639997,0.37112665,-0.23711391
0.89649999,0.36430427,-0.24747099
0.89660001,0.35719213,-0.25763303
0.89670002,0.34979576,-0.26759192
0.89679998,0.34212101,-0.2773397
0.8969,0.33417386,-0.28686857
0.89700001,0.3259604,-0.29617083
0.89709997,0.31748709,-0.30523905
0.89719999,0.30876061,-0.3140659
0.8973,0.29978782,-0.32264438
0.89740002,0.2905758,-0.33096758
0.89749998,0.28113177,-0.33902875
0.8976,0.27146304,-0.34682131
0.89770001,0.26157728,-0.35433909
0.89780003,0.25148231,-0.36157599
0.89789999,0.24118611,-0.36852619
0.898,0.23069686,-0.37518406
0.89810002,0.22002263,-0.38154408
0.89819998,0.20917195,-0.38760117
0.89829999,0.19815344,-0.39335039
0.89840001,0.18697581,-0.39878711
0.89850003,0.17564793,-0.40390688
0.89859998,0.16417874,-0.4087055
0.8987,0.15257727,-0.41317892
0.89880002,0.14085275,-0.41732356
0.89889997,0.12901454,-0.42113602
0.89899999,0.11707203,-0.42461315
0.89910001,0.10503475,-0.42775214
0.89920002,0.092912123,-0.4305501
0.89929998,0.080713876,-0.43300486
0.8994,0.068449721,-0.43511432
0.89950001,0.056129444,-0.43687671
0.89960003,0.043762878,-0.43829057
0.89969999,0.031359844,-0.43935451
0.8998,0.0189302,-0.44006753
0.89990002,0.0064839139,-0.440429
0.89999998,-0.0059690699,-0.44043854
0.90009999,-0.018418789,-0.44009605
0.90020001,-0.030855278,-0.43940172
0.90030003,-0.043268654,-0.43835577
0.90039998,-0.055648945,-0.436959
0.9005,-0.06798622,-0.43521249
0.90060002,-0.080270596,-0.43311751
0.90069997,-0.092492215,-0.43067563
0.90079999,-0.10464128,-0.4278886
0.90090001,-0.11670806,-0.42475852
0.90100002,-0.12868282,-0.4212878
0.90109998,-0.14055596,-0.41747916
0.9012,-0.15231793,-0.41333556
0.90130001,-0.16395925,-0.40886021
0.90140003,-0.17547056,-0.4040564
0.90149999,-0.18684256,-0.39892796
0.9016,-0.19806612,-0.39347893
0.90170002,-0.20913215,-0.38771361
0.90179998,-0.22003175,-0.38163656
0.90189999,-0.23075609,-0.3752524
0.90200001,-0.24129647,-0.3685661
0.90210003,-0.2516444,-0.36158305
0.90219998,-0.26179153,-0.35430878
0.9023,-0.27172962,-0.34674904
0.90240002,-0.2814506,-0.33890978
0.90249997,-0.29094654,-0.33079705
0.90259999,-0.30020979,-0.32241741
0.90270001,-0.3092328,-0.31377751
0.90280002,-0.31800824,-0.30488423
0.90289998,-0.326529,-0.29574469
0.903,-0.33478805,-0.28636599
0.90310001,-0.34277868,-0.2767556
0.90319997,-0.35049441,-0.26692128
0.90329999,-0.3579289,-0.25687087
0.9034,-0.36507609,-0.24661237
0.90350002,-0.37193015,-0.23615402
0.90359998,-0.37848532,-0.22550401
0.90369999,-0.3847363,-0.21467094
0.90380001,-0.39067799,-0.20366353
0.90390003,-0.39630547,-0.19249058
0.90399998,-0.40161413,-0.18116109
0.9041,-0.40659946,-0.16968402
0.90420002,-0.41125736,-0.15806858
0.90429997,-0.41558397,-0.14632417
0.90439999,-0.41957575,-0.13446023
0.90450001,-0.42322937,-0.12248629
0.90460002,-0.42654172,-0.11041198
0.90469998,-0.42950991,-0.098246925
0.9048,-0.43213147,-0.086000986
0.90490001,-0.43440422,-0.073684052
0.90499997,-0.43632624,-0.061306052
0.90509999,-0.43789586,-0.048876997
0.9052,-0.43911153,-0.036406823
0.90530002,-0.43997222,-0.023905639
0.90539998,-0.4404771,-0.01138356
0.90549999,-0.44062573,0.0011492791
0.90560001,-0.44041783,0.013682729
0.90570003,-0.43985346,0.026206659
0.90579998,-0.43893278,0.038710974
0.9059,-0.43765655,0.0511855
0.90600002,-0.43602568,0.06362012
0.90609998,-0.43404144,0.076004744
0.90619999,-0.4317053,0.088329308
0.90630001,-0.42901883,0.10058384
0.90640002,-0.4259842,0.11275838
0.90649998,-0.42260382,0.12484299
0.9066,-0.41888025,0.13682786
0.90670002,-0.4148165,0.14870323
0.90679997,-0.41041568,0.16045943
0.90689999,-0.40568107,0.17208688
0.90700001,-0.40061659,0.18357608
0.90710002,-0.39522618,0.19491766
0.90719998,-0.38951418,0.20610239
0.9073,-0.38348517,0.21712111
0.90740001,-0.37714368,0.22796476
0.90750003,-0.37049487,0.23862453
0.90759999,-0.36354408,0.24909166
0.9077,-0.3562969,0.2593576
0.90780002,-0.34875911,0.26941395
0.90789998,-0.34093672,0.27925238
0.90799999,-0.33283585,0.28886485
0.90810001,-0.32446316,0.29824346
0.90820003,-0.31582531,0.3073805
0.90829998,-0.30692932,0.31626847
0.9084,-0.29778236,0.32490009
0.90850002,-0.28839159,0.33326808
0.90859997,-0.27876469,0.34136561
0.90869999,-0.26890945,0.34918603
0.90880001,-0.25883383,0.35672286
0.90890002,-0.24854602,0.36396986
0.90899998,-0.23805422,0.37092102
0.9091,-0.22736689,0.37757048
0.90920001,-0.21649274,0.38391277
0.90930003,-0.20544063,0.38994265
0.90939999,-0.19421948,0.3956551
0.9095,-0.18283845,0.40104535
0.90960002,-0.17130661,0.40610874
0.90969998,-0.15963341,0.41084114
0.90979999,-0.14782837,0.41523856
0.90990001,-0.13590108,0.41929731
0.91000003,-0.1238613,0.42301399
0.91009998,-0.11171872,0.42638534
0.9102,-0.099483237,0.42940849
0.91030002,-0.087164864,0.43208089
0.91039997,-0.074773662,0.43440023
0.91049999,-0.062319756,0.43636456
0.91060001,-0.049813315,0.43797216
0.91070002,-0.037264466,0.43922135
0.91079998,-0.024683524,0.44011113
0.9109,-0.012080792,0.44064069
0.91100001,0.00053340697,0.44080949
0.91109997,0.01314873,0.44061729
0.91119999,0.025754897,0.44006398
0.9113,0.038341567,0.43914992
0.91140002,0.050898395,0.43787575
0.91149998,0.063415073,0.43624246
0.91159999,0.07588131,0.43425128
0.91170001,0.088286877,0.43190369
0.91180003,0.1006216,0.42920133
0.91189998,0.1128753,0.42614642
0.912,0.12503791,0.42274138
0.91210002,0.13709939,0.41898891
0.91219997,0.14904982,0.41489199
0.91229999,0.16087934,0.41045368
0.91240001,0.1725782,0.40567759
0.91250002,0.18413672,0.40056753
0.91259998,0.19554538,0.39512768
0.9127,0.20679472,0.38936239
0.91280001,0.21787548,0.38327625
0.91289997,0.22877842,0.376874
0.91299999,0.23949455,0.37016091
0.9131,0.25001499,0.36314246
0.91320002,0.26033103,0.35582432
0.91329998,0.27043411,0.34821245
0.91339999,0.28031576,0.34031278
0.91350001,0.28996783,0.33213186
0.91360003,0.29938227,0.32367635
0.91369998,0.30855128,0.31495312
0.9138,0.31746721,0.30596936
0.91390002,0.32612261,0.29673225
0.91399997,0.33451021,0.28724924
0.91409999,0.342623,0.27752817
0.91420001,0.35045427,0.26757699
0.91430002,0.35799748,0.25740388
0.91439998,0.36524627,0.24701716
0.9145,0.37219447,0.23642515
0.91460001,0.37883627,0.2256366
0.91469997,0.38516614,0.21466041
0.91479999,0.39117876,0.20350556
0.9149,0.39686906,0.19218127
0.91500002,0.40223217,0.18069676
0.91509998,0.40726346,0.16906138
0.9152,0.41195878,0.1572848
0.91530001,0.41631413,0.1453767
0.91540003,0.42032579,0.1333469
0.91549999,0.42399037,0.12120536
0.9156,0.42730454,0.1089619
0.91570002,0.43026549,0.096626736
0.91579998,0.43287075,0.084210031
0.91589999,0.43511802,0.07172206
0.91600001,0.43700534,0.059173167
0.91610003,0.43853095,0.046573665
0.91619998,0.43969339,0.033933938
0.9163,0.44049168,0.021264499
0.91640002,0.440925,0.008575839
0.91649997,0.44099295,-0.0041215131
0.91659999,0.44069538,-0.016817026
0.91670001,0.44003212,-0.029500253
0.91680002,0.43900377,-0.042160619
0.91689998,0.4376111,-0.054787602
0.917,0.43585515,-0.067370713
0.91710001,0.43373728,-0.079899475
0.91720003,0.43125901,-0.092363507
0.91729999,0.42842221,-0.10475243
0.9174,0.42522922,-0.11705592
0.91750002,0.42168263,-0.12926371
0.91759998,0.41778523,-0.14136565
0.91769999,0.41354018,-0.15335162
0.91780001,0.40895069,-0.16521162
0.91790003,0.40402058,-0.17693576
0.91799998,0.39875382,-0.18851425
0.9181,0.39315477,-0.19993737
0.91820002,0.38722798,-0.21119562
0.91829997,0.38097811,-0.2222795
0.91839999,0.37441027,-0.23317978
0.91850001,0.36752987,-0.24388728
0.91860002,0.36034256,-0.25439304
0.91869998,0.35285428,-0.26468828
0.9188,0.34507114,-0.27476433
0.91890001,0.3369993,-0.28461263
0.91900003,0.32864559,-0.29422495
0.91909999,0.32001683,-0.30359322
0.9192,0.31112018,-0.31270954
0.91930002,0.30196303,-0.32156625
0.91939998,0.29255274,-0.33015582
0.91949999,0.28289708,-0.33847094
0.91960001,0.27300411,-0.34650463
0.91970003,0.26288202,-0.35425013
0.91979998,0.25253925,-0.36170086
0.9199,0.24198428,-0.3688505
0.92000002,0.23122573,-0.37569287
0.92009997,0.22027263,-0.38222221
0.92019999,0.2091341,-0.38843298
0.92030001,0.19781938,-0.39431989
0.92040002,0.18633793,-0.399878
0.92049998,0.17469913,-0.40510228
0.9206,0.1629127,-0.4099884
0.92070001,0.15098849,-0.41453218
0.92079997,0.13893646,-0.41872966
0.92089999,0.12676667,-0.42257732
0.921,0.11448923,-0.4260717
0.92110002,0.1021143,-0.42920968
0.92119998,0.089652285,-0.4319886
0.92129999,0.077113606,-0.43440604
0.92140001,0.064508766,-0.43645984
0.92150003,0.051848315,-0.43814823
0.92159998,0.039142735,-0.43946946
0.9217,0.026402719,-0.44042236
0.92180002,0.013638956,-0.44100609
0.92189997,0.00086215144,-0.44122002
0.92199999,-0.011916963,-0.44106388
0.92210001,-0.024687693,-0.4405376
0.92220002,-0.037439354,-0.43964142
0.92229998,-0.050161194,-0.43837604
0.9224,-0.062842526,-0.43674245
0.92250001,-0.07547266,-0.43474188
0.92259997,-0.088040978,-0.432376
0.92269999,-0.10053694,-0.42964631
0.9228,-0.11294998,-0.42655522
0.92290002,-0.12526965,-0.42310518
0.92299998,-0.13748556,-0.41929904
0.92309999,-0.14958738,-0.41513985
0.92320001,-0.16156492,-0.41063097
0.92330003,-0.17340803,-0.4057759
0.92339998,-0.18510672,-0.4005788
0.9235,-0.19665109,-0.39504388
0.92360002,-0.20803137,-0.38917574
0.92369998,-0.21923792,-0.38297927
0.92379999,-0.23026122,-0.3764593
0.92390001,-0.24109194,-0.36962134
0.92400002,-0.25172088,-0.3624711
0.92409998,-0.26213902,-0.35501453
0.9242,-0.27233756,-0.34725782
0.92430001,-0.28230771,-0.33920732
0.92439997,-0.29204103,-0.33086964
0.92449999,-0.30152923,-0.32225183
0.92460001,-0.31076425,-0.31336105
0.92470002,-0.31973824,-0.30420479
0.92479998,-0.3284435,-0.29479069
0.9249,-0.33687249,-0.28512636
0.92500001,-0.34501809,-0.27522004
0.92510003,-0.3528733,-0.26508003
0.92519999,-0.36043143,-0.25471485
0.9253,-0.367686,-0.24413322
0.92540002,-0.37463072,-0.23334387
0.92549998,-0.38125956,-0.22235583
0.92559999,-0.38756689,-0.21117841
0.92570001,-0.39354727,-0.199821
0.92580003,-0.39919552,-0.18829319
0.92589998,-0.40450683,-0.17660466
0.926,-0.40947634,-0.16476509
0.92610002,-0.4140999,-0.15278457
0.92619997,-0.41837344,-0.14067321
0.92629999,-0.42229331,-0.12844121
0.92640001,-0.42585605,-0.11609896
0.92650002,-0.4290584,-0.10365674
0.92659998,-0.43189755,-0.091125078
0.9267,-0.43437099,-0.078514613
0.92680001,-0.43647656,-0.06583602
0.92690003,-0.43821236,-0.053100042
0.92699999,-0.4395768,-0.040317453
0.9271,-0.44056836,-0.027498987
0.92720002,-0.44118628,-0.014655574
0.92729998,-0.44142985,-0.0017981163
0.92739999,-0.44129884,0.011062467
0.92750001,-0.44079322,0.023915242
0.92760003,-0.43991312,0.036749359
0.92769998,-0.43865922,0.049553894
0.9278,-0.43703249,0.062317934
0.92790002,-0.43503425,0.075030617
0.92799997,-0.43266606,0.087681115
0.92809999,-0.42992982,0.10025866
0.92820001,-0.42682752,0.11275256
0.92830002,-0.42336184,0.12515213
0.92839998,-0.41953558,0.13744679
0.9285,-0.41535196,0.14962606
0.92860001,-0.41081443,0.16167952
0.92869997,-0.40592653,0.17359687
0.92879999,-0.40069237,0.18536791
0.9289,-0.39511633,0.19698258
0.92900002,-0.3892031,0.20843093
0.92909998,-0.38295761,0.21970315
0.92919999,-0.37638503,0.23078957
0.92930001,-0.36949071,0.24168067
0.92940003,-0.36228055,0.25236708
0.92949998,-0.35476059,0.26283967
0.9296,-0.34693715,0.27308944
0.92970002,-0.33881694,0.28310755
0.92979997,-0.33040643,0.2928853
0.92989999,-0.32171288,0.30241433
0.93000001,-0.31274363,0.3116864
0.93010002,-0.30350631,0.32069355
0.93019998,-0.2940087,0.32942802
0.9303,-0.28425878,0.33788216
0.93040001,-0.27426469,0.34604868
0.93049997,-0.26403496,0.35392049
0.93059999,-0.25357834,0.36149082
0.9307,-0.24290365,0.36875311
0.93080002,-0.23202004,0.37570107
0.93089998,-0.22093648,0.38232845
0.93099999,-0.20966253,0.38862959
0.93110001,-0.19820778,0.39459902
0.93120003,-0.18658201,0.40023154
0.93129998,-0.17479514,0.40552223
0.9314,-0.16285713,0.41046634
0.93150002,-0.15077808,0.41505951
0.93159997,-0.13856839,0.41929772
0.93169999,-0.12623847,0.42317727
0.93180001,-0.11379886,0.42669475
0.93190002,-0.10126024,0.42984703
0.93199998,-0.088633142,0.43263105
0.9321,-0.075928465,0.43504444
0.93220001,-0.063157089,0.43708503
0.93229997,-0.050329961,0.43875101
0.93239999,-0.037458096,0.4400408
0.9325,-0.024552459,0.44095305
0.93260002,-0.011624098,0.44148684
0.93269998,0.0013158532,0.44164166
0.93279999,0.014256277,0.44141725
0.93290001,0.027186045,0.44081375
0.93300003,0.040094044,0.43983155
0.93309999,0.052969243,0.43847108
0.9332,0.065800518,0.4367336
0.93330002,0.078576826,0.43462047
0.93339998,0.091287151,0.43213341
0.93349999,0.10392053,0.4292745
0.93360001,0.11646609,0.42604589
0.93370003,0.12891302,0.42245021
0.93379998,0.14125054,0.41849053
0.9339,0.15346801,0.41417018
0.93400002,0.16555488,0.40949276
0.93409997,0.17750068,0.40446222
0.93419999,0.18929508,0.39908248
0.93430001,0.20092785,0.39335829
0.93440002,0.21238893,0.38729441
0.93449998,0.2236684,0.38089606
0.9346,0.23475645,0.37416866
0.93470001,0.24564345,0.36711767
0.93480003,0.25631994,0.35974914
0.93489999,0.26677662,0.35206938
0.935,0.27700445,0.34408495
0.93510002,0.28699452,0.33580264
0.93519998,0.29673812,0.3272295
0.93529999,0.30622667,0.31837261
0.93540001,0.31545195,0.30923972
0.93550003,0.32440594,0.2998386
0.93559998,0.33308077,0.29017735
0.9357,0.34146893,0.28026423
0.93580002,0.34956294,0.27010757
0.93589997,0.35735574,0.25971609
0.93599999,0.36484051,0.24909876
0.93610001,0.37201071,0.23826474
0.93620002,0.37886003,0.22722334
0.93629998,0.38538244,0.21598399
0.9364,0.39157203,0.20455623
0.93650001,0.39742348,0.19295
0.93660003,0.40293157,0.18117531
0.93669999,0.40809146,0.16924231
0.9368,0.4128986,0.15716133
0.93690002,0.41734853,0.1449426
0.93699998,0.42143735,0.13259675
0.93709999,0.42516142,0.12013445
0.93720001,0.42851743,0.10756651
0.93730003,0.43150237,0.094903797
0.93739998,0.43411347,0.082157232
0.9375,0.4363482,0.069337748
0.93760002,0.43820465,0.056456529
0.93769997,0.43968105,0.043524742
0.93779999,0.44077605,0.030553613
0.93790001,0.44148862,0.01755441
0.93800002,0.44181776,0.0045382883
0.93809998,0.44176316,-0.008483381
0.9382,0.44132483,-0.021499278
0.93830001,0.44050297,-0.034498084
0.93839997,0.4392983,-0.04746848
0.93849999,0.43771157,-0.060399208
0.9386,0.43574393,-0.073279038
0.93870002,0.43339714,-0.086096726
0.93879998,0.43067306,-0.098841093
0.93889999,0.42757407,-0.11150102
0.93900001,0.42410269,-0.12406546
0.93910003,0.42026156,-0.13652347
0.93919998,0.41605407,-0.14886416
0.9393,0.41148379,-0.16107674
0.93940002,0.40655464,-0.17315052
0.93949997,0.40127081,-0.18507496
0.93959999,0.39563665,-0.19683957
0.93970001,0.38965687,-0.20843409
0.93980002,0.38333672,-0.21984832
0.93989998,0.3766816,-0.23107229
0.94,0.36969724,-0.24209613
0.94010001,0.36238965,-0.25291017
0.94019997,0.35476482,-0.26350483
0.94029999,0.34682947,-0.27387086
0.9404,0.33859044,-0.28399912
0.94050002,0.33005488,-0.2938807
0.94059998,0.32123017,-0.30350694
0.94069999,0.31212375,-0.31286922
0.94080001,0.30274349,-0.32195932
0.94090003,0.29309759,-0.33076921
0.94099998,0.28319436,-0.33929116
0.9411,0.27304247,-0.34751758
0.94120002,0.26265067,-0.35544121
0.94129997,0.25202775,-0.36305487
0.94139999,0.24118312,-0.37035191
0.94150001,0.23012617,-0.37732586
0.94160002,0.21886656,-0.38397053
0.94169998,0.20741408,-0.39028001
0.9418,0.19577858,-0.39624852
0.94190001,0.18397017,-0.40187076
0.94199997,0.1719992,-0.40714175
0.94209999,0.15987614,-0.41205674
0.94220001,0.14761159,-0.41661137
0.94230002,0.13521621,-0.42080152
0.94239998,0.12270071,-0.42462319
0.9425,0.1100761,-0.42807305
0.94260001,0.097353444,-0.43114796
0.94270003,0.084543884,-0.43384516
0.94279999,0.071658656,-0.43616217
0.9429,0.058708929,-0.43809664
0.94300002,0.045706071,-0.43964681
0.94309998,0.032661516,-0.44081122
0.94319999,0.019586714,-0.44158876
0.94330001,0.0064931563,-0.44197869
0.94340003,-0.0066076755,-0.44198045
0.94349998,-0.019704349,-0.44159377
0.9436,-0.032785296,-0.44081897
0.94370002,-0.045839004,-0.43965665
0.94379997,-0.058853984,-0.43810773
0.94389999,-0.071818762,-0.4361735
0.94400001,-0.084721975,-0.43385524
0.94410002,-0.097552225,-0.43115503
0.94419998,-0.11029819,-0.4280751
0.9443,-0.12294864,-0.42461812
0.94440001,-0.13549237,-0.42078707
0.94450003,-0.14791833,-0.41658506
0.94459999,-0.16021554,-0.41201556
0.9447,-0.17237312,-0.40708256
0.94480002,-0.18438029,-0.40179038
0.94489998,-0.19622646,-0.39614356
0.94499999,-0.20790112,-0.39014703
0.94510001,-0.21939389,-0.38380566
0.94520003,-0.23069459,-0.37712508
0.94529998,-0.2417932,-0.37011111
0.9454,-0.25267988,-0.36276984
0.94550002,-0.26334494,-0.35510772
0.94559997,-0.27377889,-0.34713128
0.94569999,-0.28397241,-0.33884734
0.94580001,-0.29391643,-0.33026326
0.94590002,-0.30360213,-0.32138652
0.94599998,-0.31302086,-0.31222489
0.9461,-0.32216424,-0.30278647
0.94620001,-0.33102396,-0.29307917
0.94630003,-0.33959219,-0.28311166
0.94639999,-0.34786126,-0.27289271
0.9465,-0.35582379,-0.26243126
0.94660002,-0.36347264,-0.25173658
0.94669998,-0.37080088,-0.2408179
0.94679999,-0.3778019,-0.22968476
0.94690001,-0.38446939,-0.21834703
0.94700003,-0.39079744,-0.20681469
0.94709998,-0.39678031,-0.19509792
0.9472,-0.40241262,-0.18320709
0.94730002,-0.40768906,-0.17115241
0.94739997,-0.41260499,-0.15894467
0.94749999,-0.41715592,-0.14659464
0.94760001,-0.42133775,-0.13411324
0.94770002,-0.4251467,-0.12151153
0.94779998,-0.42857909,-0.10880055
0.9479,-0.43163174,-0.095991492
0.94800001,-0.43430194,-0.083095767
0.94809997,-0.43658718,-0.07012479
0.94819999,-0.43848532,-0.05709007
0.9483,-0.43999463,-0.044003166
0.94840002,-0.44111335,-0.030875543
0.94849998,-0.4418405,-0.017718935
0.94859999,-0.44217539,-0.0045450237
0.94870001,-0.44211754,0.0086344816
0.94880003,-0.44166702,0.021807853
0.94889998,-0.44082385,0.034963444
0.949,-0.43958867,0.048089556
0.94910002,-0.43796253,0.061174478
0.94919997,-0.43594679,0.074206561
0.94929999,-0.43354315,0.087174185
0.94940001,-0.43075359,0.10006578
0.94950002,-0.42758027,0.11286992
0.94959998,-0.42402601,0.12557513
0.9497,-0.42009389,0.13817006
0.94980001,-0.41578734,0.15064348
0.94989997,-0.4111101,0.16298422
0.94999999,-0.406066,0.17518127
0.9501,-0.40065947,0.18722367
0.95020002,-0.39489529,0.1991007
0.95029998,-0.38877845,0.21080168
0.95039999,-0.38231441,0.22231613
0.95050001,-0.37550876,0.23363373
0.95060003,-0.36836722,0.24474427
0.95069999,-0.36089623,0.25563782
0.9508,-0.35310236,0.26630458
0.95090002,-0.34499252,0.27673498
0.95099998,-0.3365739,0.28691962
0.95109999,-0.32785365,0.29684928
0.95120001,-0.31883952,0.30651501
0.95130002,-0.30953959,0.3159081
0.95139998,-0.29996204,0.32502013
0.9515,-0.29011542,0.33384284
0.95160002,-0.28000835,0.34236827
0.95169997,-0.26964965,0.35058856
0.95179999,-0.25904864,0.35849637
0.95190001,-0.24821471,0.36608452
0.95200002,-0.23715754,0.37334618
0.95209998,-0.22588697,0.38027471
0.9522,-0.21441279,0.38686368
0.95230001,-0.20274533,0.39310715
0.95240003,-0.19089499,0.39899942
0.95249999,-0.17887235,0.40453517
0.9526,-0.16668814,0.4097093
0.95270002,-0.15435319,0.41451707
0.95279998,-0.14187838,0.41895387
0.95289999,-0.12927495,0.42301574
0.95300001,-0.11655417,0.42669895
0.95310003,-0.10372744,0.4300001
0.95319998,-0.090806246,0.4329161
0.9533,-0.077801973,0.43544403
0.95340002,-0.064726353,0.43758157
0.95349997,-0.051591124,0.43932673
0.95359999,-0.038408067,0.44067785
0.95370001,-0.025189018,0.44163364
0.95380002,-0.011945794,0.44219297
0.95389998,0.0013097719,0.44235516
0.954,0.014565721,0.44212002
0.95410001,0.027810136,0.44148764
0.95420003,0.041031096,0.44045854
0.95429999,0.054216698,0.43903354
0.9544,0.067355163,0.43721348
0.95450002,0.080434605,0.43500006
0.95459998,0.093443245,0.43239516
0.95469999,0.10636934,0.42940104
0.95480001,0.11920124,0.42602032
0.95490003,0.13192737,0.42225578
0.95499998,0.14453626,0.41811058
0.9551,0.15701649,0.41358846
0.95520002,0.16935679,0.4086934
0.95529997,0.18154602,0.40342975
0.95539999,0.1935731,0.39780211
0.95550001,0.20542717,0.39181519
0.95560002,0.21709748,0.38547441
0.95569998,0.22857346,0.37878543
0.9558,0.23984469,0.3717542
0.95590001,0.25090098,0.36438701
0.95599997,0.26173222,0.35669017
0.95609999,0.27232856,0.34867054
0.9562,0.28268039,0.34033534
0.95630002,0.29277831,0.33169201
0.95639998,0.30261311,0.3227483
0.95649999,0.31217587,0.31351221
0.95660001,0.32145771,0.30399171
0.95670003,0.33045024,0.29419547
0.95679998,0.33914527,0.2841323
0.9569,0.34753484,0.27381122
0.95700002,0.35561132,0.26324156
0.95709997,0.36336717,0.25243258
0.95719999,0.37079531,0.24139398
0.95730001,0.37788892,0.23013578
0.95740002,0.38464153,0.2186681
0.95749998,0.39104694,0.20700128
0.9576,0.39709923,0.19514583
0.95770001,0.40279263,0.18311219
0.95779997,0.40812197,0.17091136
0.95789999,0.41308239,0.15855435
0.958,0.41766924,0.14605232
0.95810002,0.42187831,0.13341659
0.95819998,0.42570549,0.12065843
0.95829999,0.42914721,0.10778937
0.95840001,0.43220028,0.094821103
0.95850003,0.43486184,0.081765376
0.95859998,0.43712941,0.068634026
0.9587,0.43900076,0.055438921
0.95880002,0.44047385,0.042191897
0.95889997,0.44154739,0.028905043
0.95899999,0.44222027,0.015590424
0.95910001,0.44249183,0.002260132
0.95920002,0.44236171,-0.01107371
0.95929998,0.44182965,-0.024399092
0.9594,0.44089612,-0.037703872
0.95950001,0.43956184,-0.050975926
0.95959997,0.437828,-0.06420318
0.95969999,0.43569604,-0.077373587
0.9598,0.43316773,-0.090475157
0.95990002,0.43024504,-0.10349599
0.95999998,0.42693067,-0.1164242
0.9601,0.42322755,-0.12924798
0.96020001,0.41913894,-0.14195561
0.96030003,0.4146685,-0.15453553
0.96039999,0.40981987,-0.1669762
0.9605,0.40459749,-0.17926629
0.96060002,0.39900604,-0.19139452
0.96069998,0.39305052,-0.20334981
0.96079999,0.38673633,-0.21512124
0.96090001,0.38006899,-0.22669797
0.96100003,0.3730543,-0.23806939
0.96109998,0.3656987,-0.24922507
0.9612,0.3580088,-0.26015478
0.96130002,0.34999159,-0.27084851
0.96139997,0.3416543,-0.28129643
0.96149999,0.33300409,-0.29148883
0.96160001,0.32404897,-0.30141637
0.96170002,0.31479704,-0.31106991
0.96179998,0.30525669,-0.32044059
0.9619,0.29543659,-0.32951978
0.96200001,0.28534549,-0.33829901
0.96210003,0.27499244,-0.34677011
0.96219999,0.26438689,-0.35492533
0.9623,0.25353855,-0.36275715
0.96240002,0.24245723,-0.37025827
0.96249998,0.23115307,-0.37742183
0.96259999,0.21963604,-0.38424087
0.96270001,0.20791677,-0.39070925
0.96280003,0.19600596,-0.3968209
0.96289998,0.18391445,-0.40257019
0.963,0.17165332,-0.40795174
0.96310002,0.15923359,-0.41296038
0.96319997,0.14666654,-0.41759142
0.96329999,0.13396375,-0.42184052
0.96340001,0.12113681,-0.4257037
0.96350002,0.10819745,-0.42917737
0.96359998,0.095157526,-0.43225819
0.9637,0.082028762,-0.43494299
0.96380001,0.068823293,-0.43722934
0.96390003,0.055553209,-0.43911505
0.96399999,0.042230684,-0.44059825
0.9641,0.028867951,-0.44167754
0.96420002,0.015477169,-0.44235164
0.96429998,0.0020706102,-0.44261971
0.96439999,-0.011339379,-0.44248155
0.96450001,-0.024740476,-0.44193715
0.96460003,-0.038120355,-0.4409869
0.96469998,-0.051466722,-0.43963161
0.9648,-0.064767383,-0.43787205
0.96490002,-0.078010045,-0.43570995
0.96499997,-0.091182522,-0.43314716
0.96509999,-0.10427266,-0.43018597
0.96520001,-0.11726841,-0.42682901
0.96530002,-0.1301578,-0.42307904
0.96539998,-0.14292893,-0.41893938
0.9655,-0.15557003,-0.41441381
0.96560001,-0.16806941,-0.40950641
0.96569997,-0.18041551,-0.40422162
0.96579999,-0.19259693,-0.39856419
0.9659,-0.20460238,-0.39253891
0.96600002,-0.21642074,-0.38615143
0.96609998,-0.22804111,-0.37940753
0.96619999,-0.23945269,-0.37231332
0.96630001,-0.25064492,-0.36487538
0.96640003,-0.26160738,-0.3571001
0.96649998,-0.27232984,-0.34899464
0.9666,-0.28280243,-0.34056646
0.96670002,-0.29301536,-0.33182323
0.96679997,-0.3029592,-0.32277301
0.96689999,-0.31262463,-0.31342399
0.96700001,-0.32200256,-0.30378446
0.96710002,-0.33108434,-0.29386342
0.96719998,-0.33986145,-0.28366998
0.9673,-0.34832576,-0.27321345
0.96740001,-0.35646933,-0.26250353
0.96749997,-0.36428443,-0.25154972
0.96759999,-0.37176377,-0.24036218
0.9677,-0.37890035,-0.22895125
0.96780002,-0.38568753,-0.2173274
0.96789998,-0.39211893,-0.20550138
0.96799999,-0.39818841,-0.19348399
0.96810001,-0.40389016,-0.18128614
0.96820003,-0.40921888,-0.16891919
0.96829998,-0.41416952,-0.15639454
0.9684,-0.41873747,-0.14372379
0.96850002,-0.42291838,-0.13091862
0.96859998,-0.42670798,-0.11799066
0.96869999,-0.4301028,-0.10495195
0.96880001,-0.4330996,-0.091814548
0.96890002,-0.4356955,-0.078590624
0.96899998,-0.437888,-0.06529244
0.9691,-0.43967488,-0.051932227
0.96920002,-0.4410542,-0.038522288
0.96929997,-0.44202468,-0.025075117
0.96939999,-0.44258535,-0.011603188
0.96950001,-0.44273558,0.0018809953
0.96960002,-0.44247514,0.0153649
0.96969998,-0.44180381,0.028836144
0.9698,-0.44072232,0.042282142
0.96990001,-0.43923151,0.055690389
0.97000003,-0.43733272,0.06904842
0.97009999,-0.4350276,0.082343794
0.9702,-0.43231806,0.095564172
0.97030002,-0.42920634,0.10869726
0.97039998,-0.42569539,0.1217308
0.97049999,-0.42178836,0.13465264
0.97060001,-0.41748881,0.14745073
0.97070003,-0.41280064,0.16011314
0.97079998,-0.40772775,0.17262803
0.9709,-0.40227494,0.18498373
0.97100002,-0.39644721,0.19716866
0.97109997,-0.39024991,0.20917147
0.97119999,-0.38368872,0.22098093
0.97130001,-0.37676945,0.23258592
0.97140002,-0.36949843,0.24397559
0.97149998,-0.36188239,0.25513926
0.9716,-0.35392836,0.26606649
0.97170001,-0.34564373,0.27674705
0.97180003,-0.33703607,0.28717086
0.97189999,-0.32811305,0.29732803
0.972,-0.31888309,0.3072091
0.97210002,-0.30935469,0.31680477
0.97219998,-0.29953668,0.32610601
0.97229999,-0.28943822,0.33510408
0.97240001,-0.27906844,0.34379038
0.97250003,-0.26843694,0.3521567
0.97259998,-0.25755361,0.36019516
0.9727,-0.24642859,0.36789823
0.97280002,-0.23507226,0.37525856
0.97289997,-0.22349511,0.3822692
0.97299999,-0.21170768,0.38892332
0.97310001,-0.19972107,0.39521471
0.97320002,-0.18754645,0.40113738
0.97329998,-0.17519517,0.40668571
0.9734,-0.16267878,0.41185442
0.97350001,-0.15000874,0.4166384
0.97359997,-0.13719688,0.42103308
0.97369999,-0.12425523,0.42503428
0.9738,-0.11119587,0.42863816
0.97390002,-0.098031022,0.43184128
0.97399998,-0.084772952,0.43464047
0.97409999,-0.071433909,0.43703273
0.97420001,-0.058026474,0.43901592
0.97430003,-0.044563189,0.44058806
0.97439998,-0.031056682,0.44174755
0.9745,-0.017519621,0.44249329
0.97460002,-0.0039645666,0.44282413
0.97469997,0.0095957369,0.44273973
0.97479999,0.023148546,0.44224009
0.97490001,0.036681131,0.44132563
0.97500002,0.050180778,0.43999711
0.97509998,0.06363482,0.43825555
0.9752,0.077030674,0.43610227
0.97530001,0.090355694,0.43353933
0.97539997,0.10359735,0.43056905
0.97549999,0.11674317,0.42719415
0.9756,0.12978075,0.42341772
0.97570002,0.14269787,0.4192428
0.97579998,0.15548232,0.41467342
0.97589999,0.16812204,0.40971375
0.97600001,0.1806051,0.4043684
0.97610003,0.19291972,0.39864233
0.97619998,0.20505425,0.39254066
0.9763,0.21699721,0.38606891
0.97640002,0.22873731,0.37923315
0.97649997,0.24026345,0.37203979
0.97659999,0.25156471,0.36449552
0.97670001,0.26263043,0.35660735
0.97680002,0.27344999,0.34838226
0.97689998,0.28401318,0.33982813
0.977,0.29430997,0.33095294
0.97710001,0.30433059,0.32176495
0.97719997,0.31406555,0.31227279
0.97729999,0.32350552,0.3024852
0.9774,0.33264145,0.29241121
0.97750002,0.3414647,0.28206033
0.97759998,0.34996685,0.27144229
0.9777,0.35813981,0.2605671
0.97780001,0.36597583,0.24944492
0.97790003,0.37346715,0.23808588
0.97799999,0.38060671,0.22650082
0.9781,0.38738769,0.21470065
0.97820002,0.39380366,0.20269646
0.97829998,0.3998484,0.19049956
0.97839999,0.405516,0.17812131
0.97850001,0.41080093,0.16557328
0.97860003,0.41569817,0.15286738
0.97869998,0.420203,0.14001557
0.9788,0.42431107,0.12703003
0.97890002,0.42801839,0.11392299
0.97899997,0.43132105,0.10070661
0.97909999,0.43421599,0.087393478
0.97920001,0.43670034,0.073996201
0.97930002,0.43877169,0.060527436
0.97939998,0.44042799,0.046999954
0.9795,0.44166732,0.033426449
0.97960001,0.4424884,0.019819735
0.97970003,0.44289041,0.0061927554
0.97979999,0.44287288,-0.0074415733
0.9799,0.44243571,-0.021070315
0.98000002,0.44157922,-0.034680545
0.98009998,0.4403038,-0.048259459
0.98019999,0.43861067,-0.061794102
0.98030001,0.43650141,-0.075271614
0.98040003,0.43397787,-0.088679187
0.98049998,0.43104243,-0.10200407
0.9806,0.42769748,-0.11523361
0.98070002,0.42394608,-0.12835523
0.98079997,0.41979176,-0.14135644
0.98089999,0.41523841,-0.15422483
0.98100001,0.41029024,-0.16694814
0.98110002,0.40495187,-0.17951424
0.98119998,0.39922789,-0.19191115
0.9813,0.39312384,-0.204127
0.98140001,0.38664547,-0.21615016
0.98150003,0.37979886,-0.22796915
0.98159999,0.37259045,-0.23957266
0.9817,0.36502671,-0.25094953
0.98180002,0.35711479,-0.26208887
0.98189998,0.3488622,-0.27298006
0.98199999,0.34027672,-0.28361264
0.98210001,0.33136651,-0.29397643
0.98220003,0.32213986,-0.30406147
0.98229998,0.3126052,-0.31385797
0.9824,0.30277178,-0.32335657
0.98250002,0.29264882,-0.33254817
0.98259997,0.28224596,-0.34142393
0.98269999,0.27157313,-0.34997529
0.98280001,0.26064003,-0.35819387
0.98290002,0.2494572,-0.36607179
0.98299998,0.23803525,-0.37360144
0.9831,0.22638503,-0.3807756
0.98320001,0.21451765,-0.38758731
0.98329997,0.2024443,-0.39402992
0.98339999,0.19017625,-0.40009698
0.9835,0.17772532,-0.40578279
0.98360002,0.16510335,-0.41108179
0.98369998,0.15232238,-0.4159888
0.98379999,0.13939463,-0.42049909
0.98390001,0.12633215,-0.42460799
0.98400003,0.11314753,-0.42831156
0.98409998,0.099853367,-0.43160617
0.9842,0.086462356,-0.43448865
0.98430002,0.072987325,-0.43695611
0.98439997,0.059440907,-0.43900576
0.98449999,0.045836162,-0.44063571
0.98460001,0.032186098,-0.44184425
0.98470002,0.01850377,-0.44263014
0.98479998,0.0048022736,-0.44299257
0.9849,-0.0089053595,-0.44293076
0.98500001,-0.022605961,-0.4424448
0.98509997,-0.03628641,-0.44153506
0.98519999,-0.049933586,-0.4402023
0.9853,-0.063534401,-0.43844765
0.98540002,-0.077075839,-0.4362725
0.98549998,-0.090544879,-0.43367893
0.98559999,-0.10392857,-0.43066928
0.98570001,-0.11721407,-0.42724642
0.98580003,-0.13038857,-0.42341343
0.98589998,-0.14343944,-0.41917372
0.986,-0.15635411,-0.41453135
0.98610002,-0.16912012,-0.40949064
0.98619998,-0.18172516,-0.40405643
0.98629999,-0.19415711,-0.39823374
0.98640001,-0.20640394,-0.39202785
0.98650002,-0.21845385,-0.38544479
0.98659998,-0.23029521,-0.37849075
0.9867,-0.24191657,-0.37117234
0.98680001,-0.25330669,-0.36349645
0.98689997,-0.26445454,-0.35547024
0.98699999,-0.27534932,-0.34710136
0.98710001,-0.28598049,-0.33839783
0.98720002,-0.29633781,-0.32936794
0.98729998,-0.30641112,-0.3200202
0.9874,-0.31619066,-0.31036344
0.98750001,-0.32566696,-0.30040693
0.98760003,-0.33483079,-0.29016021
0.98769999,-0.34367329,-0.27963307
0.9878,-0.35218579,-0.26883548
0.98790002,-0.36035991,-0.25777769
0.98799998,-0.36818776,-0.24647039
0.98809999,-0.37566167,-0.23492439
0.98820001,-0.38277441,-0.2231508
0.98830003,-0.38951889,-0.21116079
0.98839998,-0.39588848,-0.19896583
0.9885,-0.40187699,-0.18657769
0.98860002,-0.40747851,-0.17400827
0.98869997,-0.4126876,-0.16126968
0.98879999,-0.41749895,-0.14837407
0.98890001,-0.42190784,-0.13533381
0.98900002,-0.42590991,-0.12216152
0.98909998,-0.42950121,-0.10886988
0.9892,-0.43267819,-0.095471725
0.98930001,-0.4354375,-0.081979856
0.98940003,-0.43777636,-0.068407319
0.98949999,-0.43969247,-0.054767217
0.9896,-0.44118384,-0.041072737
0.98970002,-0.44224897,-0.027337121
0.98979998,-0.4428865,-0.013573547
0.98989999,-0.44309571,0.00020464233
0.99000001,-0.4428764,0.013984109
0.99010003,-0.44222862,0.027751511
0.99019998,-0.4411529,0.041493509
0.9903,-0.43964997,0.055196859
0.99040002,-0.43772122,0.068848245
0.99049997,-0.43536845,0.082434431
0.99059999,-0.43259385,0.095942229
0.99070001,-0.4294,0.10935853
0.99080002,-0.42578959,0.12267032
0.99089998,-0.42176622,0.13586468
0.991,-0.41733363,0.14892875
0.99110001,-0.412496,0.16184984
0.99119997,-0.407258,0.17461538
0.99129999,-0.40162429,0.18721293
0.9914,-0.39560038,0.19963022
0.99150002,-0.38919201,0.21185516
0.99159998,-0.38240537,0.22387582
0.99169999,-0.37524685,0.23568048
0.99180001,-0.36772317,0.24725756
0.99190003,-0.35984159,0.25859579
0.99199998,-0.35160971,0.26968411
0.9921,-0.34303546,0.28051165
0.99220002,-0.33412704,0.29106778
0.99229997,-0.32489282,0.30134216
0.99239999,-0.31534186,0.31132475
0.99250001,-0.30548328,0.32100573
0.99260002,-0.29532671,0.33037564
0.99269998,-0.2848818,0.33942524
0.9928,-0.2741586,0.34814554
0.99290001,-0.26316747,0.35652804
0.99299997,-0.25191906,0.36456451
0.99309999,-0.24042434,0.37224701
0.9932,-0.22869432,0.37956792
0.99330002,-0.21674027,0.38651994
0.99339998,-0.20457384,0.39309624
0.99349999,-0.19220686,0.39929032
0.99360001,-0.17965133,0.40509608
0.99370003,-0.16691938,0.41050765
0.99379998,-0.1540233,0.4155196
0.9939,-0.1409757,0.42012697
0.99400002,-0.12778924,0.4243252
0.99409997,-0.1144768,0.42811006
0.99419999,-0.10105125,0.43147767
0.99430001,-0.087525614,0.43442455
0.99440002,-0.073913135,0.43694779
0.99449998,-0.06022707,0.43904483
0.9946,-0.04648079,0.44071352
0.99470001,-0.032687631,0.44195196
0.99479997,-0.018861054,0.4427588
0.99489999,-0.0050145811,0.44313323
0.995,0.0088382494,0.44307473
0.99510002,0.022683885,0.44258332
0.99519998,0.036508847,0.44165912
0.99529999,0.050299596,0.440303
0.99540001,0.06404262,0.43851617
0.99550003,0.077724457,0.43630028
0.99559999,0.091331698,0.43365741
0.9957,0.10485103,0.43058985
0.99580002,0.11826919,0.42710051
0.99589998,0.13157301,0.42319274
0.99599999,0.14474942,0.41887024
0.99610001,0.15778548,0.41413724
0.99620003,0.17066836,0.40899795
0.99629998,0.18338543,0.4034574
0.9964,0.19592415,0.39752099
0.99650002,0.20827219,0.39119437
0.99659997,0.22041741,0.38448372
0.99669999,0.23234777,0.37739524
0.99680001,0.24405155,0.36993593
0.99690002,0.25551721,0.362113
0.99699998,0.26673341,0.35393402
0.9971,0.2776891,0.34540698
0.99720001,0.28837338,0.33653989
0.99730003,0.29877573,0.32734153
0.99739999,0.30888581,0.31782079
0.9975,0.3186937,0.307987
0.99760002,0.32818961,0.29784971
0.99769998,0.33736402,0.28741863
0.99779999,0.34620795,0.27670401
0.99790001,0.35471255,0.26571634
0.99800003,0.36286938,0.25446635
0.99809998,0.37067035,0.24296503
0.9982,0.37810755,0.23122343
0.99830002,0.38517365,0.21925318
0.99839997,0.39186156,0.20706597
0.99849999,0.39816466,0.19467379
0.99860001,0.40407655,0.1820887
0.99870002,0.40959123,0.16932297
0.99879998,0.41470322,0.15638916
0.9989,0.4194074,0.1433
0.99900001,0.42369899,0.13006836
0.99910003,0.42757365,0.11670718
0.99919999,0.43102732,0.10322953
0.9993,0.43405652,0.089648716
0.99940002,0.43665823,0.075978108
0.99949998,0.43882975,0.062231183
0.99959999,0.44056872,0.048421435
0.99970001,0.44187325,0.034562431
0.99980003,0.44274205,0.020667877
0.99989998,0.44317409,0.0067514884
1,0.44316891,-0.0071729869
1.0001,0.44272625,-0.021090798
1.0002,0.44184658,-0.034987625
1.0003,0.44053075,-0.048850346
1.0003999,0.43878004,-0.062665217
1.0005,0.43659627,-0.076418385
1.0006,0.43398166,-0.090096295
1.0007,0.43093878,-0.10368536
1.0008,0.42747045,-0.11717213
1.0009,0.42358008,-0.13054334
1.001,0.41927171,-0.14378583
1.0010999,0.41454926,-0.1568865
1.0012,0.40941757,-0.16983244
1.0013,0.40388161,-0.18261087
1.0014,0.3979468,-0.19520922
1.0015,0.39161891,-0.20761499
1.0016,0.38490424,-0.219816
1.0017,0.37780952,-0.23180021
1.0017999,0.37034178,-0.24355571
1.0019,0.36250836,-0.25507095
1.002,0.35431686,-0.26633459
1.0021,0.34577551,-0.27733544
1.0022,0.33689269,-0.28806263
1.0023,0.3276771,-0.29850569
1.0024,0.31813791,-0.30865419
1.0025001,0.30828458,-0.31849805
1.0026,0.29812664,-0.32802776
1.0027,0.28767422,-0.33723375
1.0028,0.27693772,-0.34610686
1.0029,0.26592746,-0.35463858
1.003,0.2546545,-0.3628203
1.0031,0.24312998,-0.37064388
1.0032001,0.23136516,-0.37810171
1.0033,0.21937169,-0.38518634
1.0034,0.20716146,-0.39189079
1.0035,0.19474643,-0.39820844
1.0036,0.18213888,-0.40413302
1.0037,0.16935121,-0.4096587
1.0038,0.15639606,-0.41478005
1.0039001,0.14328618,-0.41949195
1.0039999,0.13003451,-0.42378977
1.0041,0.11665408,-0.42766929
1.0042,0.10315813,-0.43112659
1.0043,0.089559957,-0.4341583
1.0044,0.075872973,-0.43676141
1.0045,0.062110677,-0.43893331
1.0046,0.048286662,-0.44067183
1.0046999,0.034414571,-0.44197527
1.0048,0.020508079,-0.4428423
1.0049,0.0065809186,-0.44327202
1.005,-0.0073531652,-0.44326404
1.0051,-0.021280428,-0.44281828
1.0052,-0.035187125,-0.44193524
1.0053,-0.049059533,-0.44061571
1.0053999,-0.062883958,-0.43886101
1.0055,-0.076646753,-0.43667284
1.0056,-0.090334348,-0.43405333
1.0057,-0.10393322,-0.43100506
1.0058,-0.11742995,-0.42753097
1.0059,-0.13081121,-0.42363456
1.006,-0.14406379,-0.41931957
1.0061001,-0.1571746,-0.41459027
1.0062,-0.1701307,-0.40945131
1.0063,-0.18291928,-0.40390772
1.0064,-0.19552773,-0.39796495
1.0065,-0.2079436,-0.39162889
1.0066,-0.22015461,-0.3849057
1.0067,-0.23214869,-0.37780204
1.0068001,-0.24391402,-0.37032491
1.0069,-0.25543895,-0.36248162
1.007,-0.2667121,-0.35427994
1.0071,-0.27772236,-0.34572792
1.0072,-0.28845879,-0.33683398
1.0073,-0.29891083,-0.32760686
1.0074,-0.30906811,-0.31805569
1.0075001,-0.31892061,-0.30818987
1.0075999,-0.32845861,-0.29801908
1.0077,-0.33767262,-0.28755337
1.0078,-0.34655356,-0.27680308
1.0079,-0.35509264,-0.26577872
1.008,-0.36328143,-0.25449121
1.0081,-0.37111181,-0.24295169
1.0082,-0.37857601,-0.23117149
1.0082999,-0.38566667,-0.21916224
1.0084,-0.39237675,-0.20693579
1.0085,-0.39869961,-0.19450419
1.0086,-0.40462899,-0.18187968
1.0087,-0.41015899,-0.16907471
1.0088,-0.41528416,-0.15610194
1.0089,-0.41999939,-0.14297412
1.0089999,-0.42430001,-0.12970422
1.0091,-0.42818174,-0.11630533
1.0092,-0.43164071,-0.10279065
1.0093,-0.43467352,-0.089173518
1.0094,-0.43727711,-0.075467385
1.0095,-0.43944886,-0.061685748
1.0096,-0.44118664,-0.047842219
1.0096999,-0.4424887,-0.033950459
1.0098,-0.44335371,-0.020024169
1.0099,-0.44378078,-0.0060770968
1.01,-0.44376951,0.0078769913
1.0101,-0.4433198,0.021824328
1.0102,-0.44243211,0.035751142
1.0103,-0.44110727,0.049643684
1.0104001,-0.43934655,0.063488238
1.0105,-0.43715167,0.077271141
1.0106,-0.4345248,0.090978779
1.0107,-0.43146843,0.10459761
1.0108,-0.42798558,0.1181142
1.0109,-0.42407966,0.13151519
1.011,-0.41975448,0.14478734
1.0111001,-0.4150143,0.15791754
1.0112,-0.40986374,0.17089283
1.0113,-0.40430787,0.18370038
1.0114,-0.39835215,0.19632754
1.0115,-0.3920024,0.20876183
1.0116,-0.3852649,0.22099096
1.0117,-0.37814623,0.23300283
1.0118001,-0.37065342,0.24478558
1.0118999,-0.3627938,0.25632757
1.012,-0.35457513,0.26761737
1.0121,-0.3460055,0.27864385
1.0122,-0.33709329,0.28939605
1.0123,-0.32784733,0.29986337
1.0124,-0.3182767,0.31003544
1.0125,-0.30839083,0.31990221
1.0125999,-0.29819942,0.32945392
1.0127,-0.28771251,0.33868107
1.0128,-0.27694046,0.34757459
1.0129,-0.26589388,0.35612565
1.013,-0.25458363,0.36432576
1.0131,-0.24302085,0.37216681
1.0132,-0.23121695,0.37964103
1.0132999,-0.21918355,0.38674101
1.0134,-0.20693253,0.39345971
1.0135,-0.19447593,0.3997905
1.0136,-0.18182607,0.40572703
1.0137,-0.16899538,0.41126344
1.0138,-0.15599655,0.41639426
1.0139,-0.14284237,0.42111436
1.0140001,-0.12954581,0.42541903
1.0141,-0.11612001,0.42930403
1.0142,-0.10257819,0.43276545
1.0143,-0.088933714,0.43579987
1.0144,-0.075200044,0.43840423
1.0145,-0.06139072,0.44057593
1.0146,-0.047519378,0.44231278
1.0147001,-0.033599705,0.44361305
1.0148,-0.019645432,0.44447541
1.0149,-0.0056703333,0.44489896
1.015,0.0083117941,0.44488329
1.0151,0.022287155,0.44442829
1.0152,0.036241949,0.44353443
1.0153,0.050162397,0.44220257
1.0154001,0.06403476,0.44043395
1.0154999,0.077845335,0.43823025
1.0156,0.091580488,0.43559369
1.0157,0.10522664,0.43252677
1.0158,0.11877034,0.42903247
1.0159,0.13219818,0.42511427
1.016,0.14549692,0.42077595
1.0161,0.15865341,0.41602173
1.0161999,0.17165464,0.41085634
1.0163,0.18448777,0.40528479
1.0164,0.19714011,0.39931253
1.0165,0.20959918,0.39294547
1.0166,0.22185265,0.38618982
1.0167,0.23388837,0.37905222
1.0168,0.2456945,0.37153968
1.0168999,0.25725934,0.36365962
1.017,0.26857141,0.35541973
1.0171,0.2796196,0.34682813
1.0172,0.29039294,0.33789331
1.0173,0.30088073,0.32862398
1.0174,0.31107265,0.31902933
1.0175,0.32095861,0.30911875
1.0176001,0.3305288,0.29890203
1.0177,0.33977374,0.28838921
1.0178,0.34868428,0.27759066
1.0179,0.35725161,0.26651698
1.018,0.36546725,0.25517908
1.0181,0.37332302,0.24358815
1.0182,0.38081115,0.2317556
1.0183001,0.38792422,0.21969308
1.0184,0.39465517,0.20741248
1.0185,0.40099731,0.19492592
1.0186,0.40694436,0.18224567
1.0187,0.41249043,0.16938424
1.0188,0.41762999,0.15635434
1.0189,0.42235789,0.14316878
1.0190001,0.42666948,0.12984055
1.0191,0.43056044,0.11638284
1.0192,0.43402693,0.10280889
1.0193,0.43706542,0.089132093
1.0194,0.43967292,0.075365946
1.0195,0.44184682,0.061524015
1.0196,0.44358489,0.047619961
1.0197001,0.44488543,0.033667512
1.0197999,0.44574708,0.019680424
1.0199,0.44616893,0.0056725014
1.02,0.44615057,-0.0083424272
1.0201,0.44569197,-0.022350531
1.0202,0.44479352,-0.036337987
1.0203,0.44345608,-0.050290979
1.0204,0.44168094,-0.064195737
1.0204999,0.43946978,-0.078038536
1.0206,0.43682477,-0.091805696
1.0207,0.43374845,-0.10548364
1.0208,0.43024385,-0.11905883
1.0209,0.42631438,-0.13251789
1.021,0.42196387,-0.14584751
1.0211,0.4171966,-0.15903452
1.0211999,0.4120172,-0.17206588
1.0213,0.40643078,-0.18492875
1.0214,0.40044278,-0.19761038
1.0215,0.39405909,-0.21009827
1.0216,0.38728601,-0.22238004
1.0217,0.38013011,-0.23444359
1.0218,0.37259847,-0.24627696
1.0219001,0.36469853,-0.25786847
1.022,0.35643795,-0.26920664
1.0221,0.34782493,-0.28028026
1.0222,0.33886793,-0.29107839
1.0223,0.32957575,-0.30159035
1.0224,0.31995749,-0.31180573
1.0225,0.31002268,-0.3217144
1.0226001,0.29978105,-0.33130661
1.0227,0.28924271,-0.3405728
1.0228,0.278418,-0.34950382
1.0229,0.26731762,-0.35809085
1.023,0.25595245,-0.36632535
1.0231,0.24433373,-0.37419918
1.0232,0.23247288,-0.38170451
1.0233001,0.2203816,-0.38883394
1.0233999,0.20807178,-0.39558038
1.0235,0.19555557,-0.40193716
1.0236,0.18284529,-0.40789792
1.0237,0.16995348,-0.41345677
1.0238,0.15689284,-0.41860819
1.0239,0.14367624,-0.42334706
1.024,0.13031672,-0.42766869
1.0240999,0.11682744,-0.43156874
1.0242,0.10322171,-0.43504333
1.0243,0.089512952,-0.43808901
1.0244,0.075714678,-0.44070274
1.0245,0.061840501,-0.44288188
1.0246,0.047904104,-0.44462425
1.0247,0.033919238,-0.4459281
1.0247999,0.019899702,-0.4467921
1.0249,0.0058593224,-0.44721535
1.025,-0.00818804,-0.44719741
1.0251,-0.022228524,-0.44673827
1.0252,-0.036248274,-0.4458383
1.0253,-0.050233454,-0.44449842
1.0254,-0.064170249,-0.44271985
1.0255001,-0.078044914,-0.44050431
1.0256,-0.091843747,-0.43785399
1.0257,-0.10555312,-0.43477148
1.0258,-0.1191595,-0.43125972
1.0259,-0.13264945,-0.42732218
1.026,-0.14600965,-0.4229627
1.0261,-0.15922689,-0.41818556
1.0262001,-0.17228813,-0.4129954
1.0263,-0.18518047,-0.40739739
1.0264,-0.19789116,-0.40139693
1.0265,-0.21040764,-0.39499995
1.0266,-0.22271755,-0.38821274
1.0267,-0.23480873,-0.38104191
1.0268,-0.24666922,-0.3734946
1.0269001,-0.25828731,-0.36557814
1.027,-0.26965147,-0.35730034
1.0271,-0.28075054,-0.34866935
1.0272,-0.29157346,-0.33969367
1.0273,-0.3021096,-0.33038211
1.0274,-0.31234851,-0.32074383
1.0275,-0.32228005,-0.3107883
1.0276,-0.33189443,-0.30052537
1.0276999,-0.34118208,-0.28996509
1.0278,-0.35013384,-0.27911788
1.0279,-0.35874087,-0.2679944
1.028,-0.36699462,-0.25660565
1.0281,-0.37488693,-0.24496283
1.0282,-0.38240996,-0.23307738
1.0283,-0.38955629,-0.22096103
1.0283999,-0.39631882,-0.20862573
1.0285,-0.40269086,-0.19608364
1.0286,-0.40866604,-0.18334708
1.0287,-0.41423851,-0.17042863
1.0288,-0.41940269,-0.15734103
1.0289,-0.42415348,-0.14409716
1.029,-0.42848611,-0.13071011
1.0290999,-0.43239635,-0.11719307
1.0292,-0.43588021,-0.10355934
1.0293,-0.43893433,-0.089822389
1.0294,-0.44155556,-0.075995766
1.0295,-0.44374135,-0.062093094
1.0296,-0.4454895,-0.048128102
1.0297,-0.44679821,-0.034114558
1.0298001,-0.4476662,-0.020066291
1.0299,-0.44809255,-0.0059971553
1.03,-0.44807684,0.0080789616
1.0301,-0.44761902,0.022148171
1.0302,-0.44671953,0.036196593
1.0303,-0.4453792,0.050210357
1.0304,-0.44359934,0.064175636
1.0305001,-0.44138166,0.078078642
1.0306,-0.43872836,0.091905661
1.0307,-0.43564197,0.10564303
1.0308,-0.43212551,0.11927719
1.0309,-0.42818245,0.13279468
1.031,-0.42381665,0.14618215
1.0311,-0.41903234,0.15942639
1.0312001,-0.41383424,0.17251432
1.0312999,-0.40822747,0.185433
1.0314,-0.40221751,0.19816968
1.0315,-0.39581025,0.21071178
1.0316,-0.38901204,0.2230469
1.0317,-0.38182947,0.23516285
1.0318,-0.37426966,0.24704768
1.0319,-0.36634007,0.25868964
1.0319999,-0.35804844,0.2700772
1.0321,-0.34940293,0.28119913
1.0322,-0.34041208,0.29204446
1.0323,-0.33108473,0.30260241
1.0324,-0.32143006,0.31286258
1.0325,-0.31145754,0.32281479
1.0326,-0.30117705,0.33244926
1.0326999,-0.29059866,0.3417564
1.0328,-0.27973279,0.35072705
1.0329,-0.26859018,0.35935229
1.033,-0.25718179,0.36762363
1.0331,-0.24551885,0.37553287
1.0332,-0.23361285,0.38307214
1.0333,-0.22147553,0.39023402
1.0334001,-0.20911884,0.39701143
1.0335,-0.19655499,0.40339762
1.0336,-0.18379632,0.40938628
1.0337,-0.17085543,0.41497147
1.0338,-0.15774508,0.42014766
1.0339,-0.14447819,0.42490968
1.034,-0.13106783,0.42925286
1.0341001,-0.11752724,0.43317285
1.0342,-0.10386977,0.43666577
1.0343,-0.090108879,0.43972811
1.0344,-0.076258145,0.44235688
1.0345,-0.062331233,0.44454941
1.0346,-0.04834187,0.44630352
1.0347,-0.034303866,0.44761747
1.0348001,-0.020231064,0.44848993
1.0349,-0.0061373478,0.44891998
1.035,0.0079633752,0.4489072
1.0351,0.022057192,0.44845158
1.0352,0.036130197,0.44755349
1.0353,0.050168503,0.44621384
1.0354,0.064158253,0.44443393
1.0355,0.078085646,0.44221544
1.0355999,0.091936924,0.43956056
1.0357,0.10569843,0.43647191
1.0358,0.11935657,0.43295246
1.0359,0.13289787,0.42900568
1.036,0.14630894,0.42463544
1.0361,0.15957657,0.41984603
1.0362,0.17268763,0.41464213
1.0362999,0.1856292,0.40902886
1.0364,0.19838849,0.40301174
1.0365,0.21095288,0.39659667
1.0366,0.22330999,0.38979
1.0367,0.23544762,0.38259837
1.0368,0.24735375,0.37502885
1.0369,0.25901663,0.36708894
1.0369999,0.27042475,0.3587864
1.0371,0.28156683,0.35012943
1.0372,0.29243183,0.34112653
1.0373,0.30300909,0.3317866
1.0374,0.31328809,0.32211879
1.0375,0.3232587,0.31213266
1.0376,0.33291104,0.30183801
1.0377001,0.34223559,0.29124498
1.0378,0.35122314,0.28036407
1.0379,0.3598648,0.2692059
1.038,0.36815199,0.25778154
1.0381,0.37607652,0.24610221
1.0382,0.3836306,0.23417944
1.0383,0.3908067,0.22202496
1.0384001,0.39759776,0.20965075
1.0385,0.40399703,0.19706905
1.0386,0.40999821,0.18429221
1.0387,0.41559529,0.17133284
1.0388,0.4207828,0.15820372
1.0389,0.42555556,0.1449178
1.039,0.42990881,0.13148819
1.0391001,0.43383831,0.1179281
1.0391999,0.43734011,0.10425093
1.0393,0.44041073,0.09047015
1.0394,0.44304714,0.076599367
1.0395,0.4452467,0.062652253
1.0396,0.44700718,0.048642561
1.0397,0.44832692,0.03458412
1.0398,0.4492045,0.020490794
1.0398999,0.44963908,0.0063764821
1.04,0.44963017,-0.0077448869
1.0401,0.4491778,-0.021859379
1.0402,0.44828239,-0.035953075
1.0403,0.44694474,-0.050012063
1.0404,0.44516623,-0.064022474
1.0405,0.44294855,-0.077970475
1.0405999,0.44029385,-0.091842316
1.0407,0.43720478,-0.1056243
1.0408,0.43368429,-0.11930281
1.0409,0.4297359,-0.13286437
1.041,0.42536348,-0.14629558
1.0411,0.42057127,-0.15958318
1.0412,0.41536403,-0.17271407
1.0413001,0.40974686,-0.18567526
1.0414,0.40372527,-0.19845399
1.0415,0.39730516,-0.21103762
1.0416,0.39049292,-0.22341372
1.0417,0.38329521,-0.23557009
1.0418,0.37571907,-0.24749471
1.0419,0.36777204,-0.25917581
1.0420001,0.3594619,-0.27060187
1.0421,0.35079682,-0.28176159
1.0422,0.34178534,-0.2926439
1.0423,0.33243635,-0.30323815
1.0424,0.32275903,-0.31353381
1.0425,0.31276295,-0.32352072
1.0426,0.30245793,-0.33318904
1.0427001,0.29185411,-0.34252915
1.0427999,0.28096199,-0.35153189
1.0429,0.26979226,-0.36018834
1.043,0.25835595,-0.36848992
1.0431,0.24666429,-0.37642846
1.0432,0.23472886,-0.3839961
1.0433,0.22256139,-0.39118534
1.0434,0.21017388,-0.39798909
1.0434999,0.19757853,-0.40440062
1.0436,0.18478778,-0.41041359
1.0437,0.17181423,-0.41602203
1.0438,0.15867068,-0.42122042
1.0439,0.14537007,-0.42600361
1.044,0.13192552,-0.43036681
1.0441,0.1183503,-0.43430579
1.0441999,0.1046578,-0.43781659
1.0443,0.090861499,-0.44089571
1.0444,0.076975025,-0.44354013
1.0445,0.063012071,-0.44574723
1.0446,0.048986401,-0.44751477
1.0447,0.034911856,-0.44884104
1.0448,0.020802317,-0.4497247
1.0448999,0.0066716997,-0.45016482
1.045,-0.0074660545,-0.45016101
1.0451,-0.021596996,-0.44971323
1.0452,-0.035707187,-0.44882187
1.0453,-0.049782708,-0.44748783
1.0454,-0.063809671,-0.44571242
1.0455,-0.077774234,-0.44349736
1.0456001,-0.091662616,-0.44084477
1.0457,-0.10546112,-0.43775734
1.0458,-0.11915612,-0.43423805
1.0459,-0.13273412,-0.43029034
1.046,-0.14618169,-0.42591813
1.0461,-0.15948559,-0.42112568
1.0462,-0.17263268,-0.41591772
1.0463001,-0.18560998,-0.41029936
1.0464,-0.19840468,-0.40427616
1.0465,-0.21100415,-0.39785403
1.0466,-0.22339597,-0.39103925
1.0467,-0.2355679,-0.38383862
1.0468,-0.2475079,-0.37625912
1.0469,-0.25920421,-0.36830831
1.0470001,-0.27064529,-0.35999396
1.0470999,-0.28181982,-0.35132429
1.0472,-0.2927168,-0.34230781
1.0473,-0.30332544,-0.33295345
1.0474,-0.31363526,-0.32327038
1.0475,-0.32363608,-0.31326815
1.0476,-0.33331808,-0.30295664
1.0477,-0.34267163,-0.292346
1.0477999,-0.35168752,-0.28144667
1.0479,-0.36035684,-0.27026942
1.048,-0.36867103,-0.25882527
1.0481,-0.37662187,-0.24712548
1.0482,-0.38420153,-0.23518158
1.0483,-0.39140248,-0.22300535
1.0484,-0.39821762,-0.21060881
1.0484999,-0.40464023,-0.19800417
1.0486,-0.41066396,-0.18520385
1.0487,-0.41628283,-0.17222048
1.0488,-0.4214913,-0.15906687
1.0489,-0.42628422,-0.14575599
1.049,-0.43065685,-0.13230094
1.0491,-0.43460488,-0.11871502
1.0492001,-0.43812439,-0.10501161
1.0493,-0.44121185,-0.091204226
1.0494,-0.44386426,-0.077306494
1.0495,-0.44607899,-0.063332126
1.0496,-0.4478538,-0.049294882
1.0497,-0.44918698,-0.035208624
1.0498,-0.45007718,-0.02108725
1.0499001,-0.45052347,-0.0069446778
1.05,-0.45052543,0.0072051366
1.0501,-0.45008308,0.021348232
1.0502,-0.44919676,0.035470661
1.0503,-0.44786742,0.049558494
1.0504,-0.4460963,0.063597821
1.0505,-0.44388518,0.077574804
1.0506001,-0.44123617,0.091475651
1.0506999,-0.43815193,0.10528664
1.0508,-0.43463546,0.11899416
1.0509,-0.4306902,0.13258466
1.051,-0.42632008,0.14604476
1.0511,-0.42152938,0.15936117
1.0512,-0.4163228,0.17252073
1.0513,-0.41070548,0.18551047
1.0513999,-0.40468293,0.19831757
1.0515,-0.3982611,0.21092941
1.0516,-0.39144629,0.22333351
1.0517,-0.38424528,0.23551765
1.0518,-0.37666509,0.24746981
1.0519,-0.3687132,0.25917816
1.052,-0.36039749,0.27063119
1.0520999,-0.35172608,0.28181759
1.0522,-0.3427076,0.29272628
1.0523,-0.3333509,0.30334651
1.0524,-0.32366517,0.31366783
1.0525,-0.31366,0.32367998
1.0526,-0.30334523,0.33337316
1.0527,-0.29273105,0.34273776
1.0528001,-0.2818279,0.35176453
1.0529,-0.27064654,0.36044455
1.053,-0.25919798,0.36876926
1.0531,-0.24749354,0.37673047
1.0532,-0.23554473,0.38432026
1.0533,-0.22336334,0.3915312
1.0534,-0.21096137,0.39835611
1.0535001,-0.19835107,0.40478829
1.0536,-0.18554486,0.41082135
1.0537,-0.17255537,0.41644937
1.0538,-0.15939543,0.42166677
1.0539,-0.14607799,0.4264684
1.054,-0.13261619,0.43084949
1.0541,-0.11902332,0.43480572
1.0542001,-0.10531278,0.43833321
1.0543,-0.091498084,0.44142845
1.0544,-0.077592857,0.44408837
1.0545,-0.063610829,0.44631034
1.0546,-0.049565773,0.44809216
1.0547,-0.035471551,0.44943208
1.0548,-0.021342067,0.45032877
1.0549001,-0.0071912548,0.45078129
1.0549999,0.0069669271,0.45078924
1.0551,0.021118511,0.45035258
1.0552,0.035249535,0.44947174
1.0553,0.049346067,0.44814757
1.0554,0.063394196,0.44638136
1.0555,0.077380061,0.44417489
1.0556,0.09128987,0.44153026
1.0556999,0.10510989,0.4384501
1.0558,0.1188265,0.43493748
1.0559,0.13242617,0.43099579
1.056,0.14589547,0.42662898
1.0561,0.15922111,0.42184129
1.0562,0.17238995,0.41663748
1.0563,0.185389,0.41102263
1.0563999,0.19820544,0.40500233
1.0565,0.21082659,0.39858246
1.0566,0.22324005,0.39176935
1.0567,0.23543352,0.38456973
1.0568,0.24739501,0.37699074
1.0569,0.25911269,0.36903974
1.057,0.27057499,0.36072469
1.0571001,0.28177065,0.3520537
1.0572,0.29268855,0.34303534
1.0573,0.30331796,0.33367851
1.0574,0.3136484,0.32399243
1.0575,0.32366964,0.31398666
1.0576,0.33337182,0.30367103
1.0577,0.34274536,0.29305577
1.0578001,0.35178098,0.28215128
1.0579,0.36046982,0.27096838
1.058,0.36880323,0.25951803
1.0581,0.37677303,0.24781156
1.0582,0.38437134,0.23586051
1.0583,0.39159068,0.22367667
1.0584,0.39842391,0.21127203
1.0585001,0.40486428,0.19865885
1.0585999,0.41090542,0.18584956
1.0587,0.4165414,0.17285678
1.0588,0.42176661,0.15969335
1.0589,0.42657593,0.14637223
1.059,0.43096456,0.13290656
1.0591,0.43492824,0.11930963
1.0592,0.438463,0.10559485
1.0592999,0.44156536,0.091775738
1.0594,0.44423226,0.077865936
1.0595,0.44646105,0.063879155
1.0596,0.44824955,0.049829196
1.0597,0.44959596,0.035729911
1.0598,0.45049897,0.021595214
1.0599,0.45095769,0.0074390434
1.0599999,0.4509716,-0.006724637
1.0601,0.45054078,-0.020881854
1.0602,0.44966558,-0.035018645
1.0603,0.44834685,-0.049121063
1.0604,0.44658595,-0.063175194
1.0605,0.44438457,-0.077167183
1.0606,0.44174486,-0.091083221
1.0607001,0.43866944,-0.10490958
1.0608,0.43516138,-0.11863262
1.0609,0.43122405,-0.13223881
1.061,0.42686138,-0.14571472
1.0611,0.42207769,-0.15904705
1.0612,0.41687763,-0.17222267
1.0613,0.41126636,-0.18522856
1.0614001,0.40524945,-0.1980519
1.0615,0.39883274,-0.21068002
1.0616,0.39202264,-0.2231005
1.0617,0.38482583,-0.23530105
1.0618,0.37724939,-0.24726965
1.0619,0.36930081,-0.25899449
1.062,0.36098796,-0.27046397
1.0621001,0.35231897,-0.28166685
1.0622,0.3433024,-0.29259199
1.0623,0.33394718,-0.30322868
1.0624,0.3242625,-0.31356639
1.0625,0.31425795,-0.3235949
1.0626,0.30394334,-0.33330438
1.0627,0.29332888,-0.34268519
1.0628,0.28242505,-0.35172808
1.0628999,0.27124256,-0.36042416
1.063,0.25979245,-0.36876485
1.0631,0.24808604,-0.37674189
1.0632,0.23613484,-0.38434738
1.0633,0.22395067,-0.39157391
1.0634,0.21154551,-0.39841425
1.0635,0.19893163,-0.40486172
1.0635999,0.18612146,-0.41090992
1.0637,0.17312762,-0.41655287
1.0638,0.15996294,-0.42178503
1.0639,0.14664041,-0.42660123
1.064,0.13317314,-0.43099672
1.0641,0.11957444,-0.43496713
1.0642,0.10585773,-0.4385086
1.0642999,0.092036515,-0.44161758
1.0644,0.078124441,-0.444291
1.0645,0.064135231,-0.44652626
1.0646,0.05008268,-0.44832113
1.0647,0.035980646,-0.4496738
1.0648,0.021843046,-0.45058301
1.0649,0.0076838238,-0.45104781
1.0650001,-0.006483058,-0.45106775
1.0651,-0.020643622,-0.45064279
1.0652,-0.0347839,-0.44977337
1.0653,-0.048889946,-0.44846034
1.0654,-0.062947839,-0.44670498
1.0655,-0.076943725,-0.44450903
1.0656,-0.090863787,-0.44187465
1.0657001,-0.10469429,-0.43880445
1.0658,-0.11842161,-0.43530142
1.0659,-0.13203219,-0.43136904
1.066,-0.1455126,-0.42701119
1.0661,-0.15884955,-0.42223218
1.0662,-0.17202988,-0.41703668
1.0663,-0.18504059,-0.41142982
1.0664001,-0.19786885,-0.40541717
1.0664999,-0.21050201,-0.39900461
1.0666,-0.22292759,-0.3921985
1.0667,-0.23513335,-0.38500553
1.0668,-0.24710722,-0.37743279
1.0669,-0.25883743,-0.36948776
1.067,-0.27031237,-0.36117831
1.0671,-0.28152075,-0.35251257
1.0671999,-0.29245147,-0.34349909
1.0673,-0.30309382,-0.3341468
1.0674,-0.31343722,-0.32446492
1.0675,-0.32347152,-0.31446299
1.0676,-0.33318678,-0.30415085
1.0677,-0.34257346,-0.29353872
1.0678,-0.35162228,-0.282637
1.0678999,-0.36032429,-0.27145651
1.068,-0.36867094,-0.26000825
1.0681,-0.376654,-0.2483035
1.0682,-0.38426554,-0.23635381
1.0683,-0.39149812,-0.22417098
1.0684,-0.39834455,-0.21176702
1.0685,-0.40479809,-0.19915415
1.0686001,-0.4108524,-0.18634485
1.0687,-0.41650146,-0.17335171
1.0688,-0.42173976,-0.16018756
1.0689,-0.42656207,-0.1468654
1.069,-0.43096364,-0.13339835
1.0691,-0.43494016,-0.11979971
1.0692,-0.43848768,-0.10608289
1.0693001,-0.44160274,-0.092261411
1.0694,-0.4442822,-0.07834892
1.0695,-0.44652346,-0.064359128
1.0696,-0.44832429,-0.05030584
1.0697,-0.44968295,-0.036202915
1.0698,-0.45059803,-0.02206427
1.0699,-0.4510687,-0.0079038516
1.0700001,-0.45109445,0.0062643797
1.0700999,-0.45067528,0.020426443
1.0702,-0.44981158,0.034568369
1.0703,-0.44850418,0.048676208
1.0704,-0.44675443,0.062736042
1.0705,-0.44456401,0.076734006
1.0706,-0.44193509,0.090656288
1.0707,-0.43887028,0.10448916
1.0707999,-0.43537259,0.11821897
1.0709,-0.43144545,0.13183218
1.071,-0.42709276,0.14531536
1.0711,-0.42231879,0.15865521
1.0712,-0.41712826,0.17183857
1.0713,-0.41152632,0.18485244
1.0714,-0.40551844,0.19768396
1.0714999,-0.39911059,0.21032052
1.0716,-0.39230907,0.22274961
1.0717,-0.3851206,0.23495898
1.0718,-0.37755224,0.24693659
1.0719,-0.3696115,0.25867063
1.072,-0.36130619,0.27014953
1.0721,-0.3526445,0.28136197
1.0721999,-0.34363496,0.29229683
1.0723,-0.33428648,0.30294341
1.0724,-0.3246083,0.31329116
1.0725,-0.31460992,0.3233299
1.0726,-0.30430123,0.33304968
1.0727,-0.29369241,0.34244096
1.0728,-0.28279388,0.35149443
1.0729001,-0.27161643,0.36020121
1.073,-0.26017109,0.36855268
1.0731,-0.2484691,0.37654063
1.0732,-0.23652206,0.38415715
1.0733,-0.22434174,0.39139473
1.0734,-0.21194012,0.39824623
1.0735,-0.19932948,0.4047049
1.0736001,-0.18652225,0.4107644
1.0737,-0.17353104,0.41641867
1.0738,-0.16036868,0.42166221
1.0739,-0.14704816,0.42648983
1.074,-0.13358261,0.43089676
1.0741,-0.1199853,0.43487865
1.0742,-0.10626967,0.43843156
1.0743001,-0.092449248,0.44155201
1.0743999,-0.078537643,0.4442369
1.0745,-0.064548597,0.44648361
1.0746,-0.050495911,0.44828993
1.0747,-0.036393434,0.44965401
1.0748,-0.022255084,0.45057458
1.0749,-0.008094809,0.4510507
1.075,0.006073426,0.4510819
1.0750999,0.020235643,0.45066816
1.0752,0.034377869,0.44980988
1.0753,0.048486158,0.44850791
1.0754,0.062546596,0.44676355
1.0755,0.076545306,0.44457847
1.0756,0.090468481,0.44195488
1.0757,0.10430238,0.43889537
1.0757999,0.11803338,0.43540293
1.0759,0.13164791,0.431481
1.076,0.14513256,0.42713347
1.0761,0.15847401,0.42236462
1.0762,0.17165911,0.41717917
1.0763,0.18467486,0.41158223
1.0764,0.19750841,0.4055793
1.0765001,0.2101471,0.39917633
1.0766,0.22257848,0.39237961
1.0767,0.23479027,0.38519588
1.0768,0.24677041,0.3776322
1.0769,0.25850713,0.36969602
1.077,0.26998881,0.36139521
1.0771,0.28120413,0.35273793
1.0772001,0.29214206,0.34373274
1.0773,0.30279177,0.33438849
1.0774,0.31314278,0.32471445
1.0775,0.32318485,0.31472009
1.0776,0.33290812,0.30441535
1.0777,0.34230298,0.29381037
1.0778,0.35136014,0.28291556
1.0779001,0.36007068,0.27174172
1.0779999,0.36842602,0.26029989
1.0781,0.37641793,0.2486013
1.0782,0.38403848,0.23665752
1.0783,0.3912802,0.22448035
1.0784,0.39813593,0.21208178
1.0785,0.40459892,0.19947404
1.0786,0.41066277,0.18666957
1.0786999,0.41632152,0.17368102
1.0788,0.42156956,0.16052118
1.0789,0.42640173,0.14720304
1.079,0.43081331,0.13373975
1.0791,0.43479988,0.12014458
1.0792,0.43835753,0.10643093
1.0793,0.44148278,0.092612348
1.0793999,0.4441725,0.07870245
1.0795,0.4464241,0.064714976
1.0796,0.4482353,0.05066371
1.0797,0.44960433,0.036562514
1.0798,0.45052987,0.022425303
1.0799,0.451011,0.0082660252
1.08,0.45104721,-0.0059013581
1.0801001,0.4506385,-0.020062868
1.0802,0.44978529,-0.034204531
1.0803,0.44848835,-0.048312407
1.0804,0.44674903,-0.062372569
1.0805,0.44456905,-0.076371156
1.0806,0.4419505,-0.090294346
1.0807,0.43889603,-0.10412842
1.0808001,0.43540862,-0.11785972
1.0809,0.4314917,-0.1314747
1.081,0.42714918,-0.14495994
1.0811,0.42238531,-0.15830214
1.0812,0.41720477,-0.17148812
1.0813,0.41161272,-0.18450488
1.0814,0.40561467,-0.19733959
1.0815001,0.39921653,-0.20997959
1.0816,0.39242458,-0.22241239
1.0817,0.38524559,-0.23462576
1.0818,0.37768659,-0.24660762
1.0819,0.36975503,-0.25834617
1.082,0.36145878,-0.26982981
1.0821,0.352806,-0.28104725
1.0822001,0.34380522,-0.29198739
1.0822999,0.33446532,-0.30263945
1.0824,0.32479557,-0.31299293
1.0825,0.31480542,-0.32303759
1.0826,0.30450478,-0.33276358
1.0827,0.29390383,-0.34216124
1.0828,0.28301299,-0.35122135
1.0829,0.27184302,-0.35993496
1.0829999,0.26040491,-0.36829346
1.0831,0.24871001,-0.37628859
1.0832,0.2367698,-0.38391253
1.0833,0.22459607,-0.39115772
1.0834,0.21220085,-0.39801699
1.0835,0.19959636,-0.40448362
1.0836,0.18679503,-0.41055119
1.0836999,0.1738095,-0.41621375
1.0838,0.16065255,-0.42146569
1.0839,0.1473372,-0.42630187
1.084,0.13387656,-0.43071747
1.0841,0.12028393,-0.43470818
1.0842,0.1065727,-0.43827003
1.0843,0.092756405,-0.44139954
1.0844001,0.078848667,-0.44409359
1.0845,0.064863212,-0.44634953
1.0846,0.05081385,-0.44816518
1.0847,0.03671442,-0.44953871
1.0848,0.022578839,-0.45046875
1.0849,0.008421056,-0.45095444
1.085,-0.0057449676,-0.45099524
1.0851001,-0.019905256,-0.45059115
1.0852,-0.034045838,-0.44974259
1.0853,-0.048152767,-0.44845036
1.0854,-0.062212124,-0.44671571
1.0855,-0.076210037,-0.44454044
1.0856,-0.090132706,-0.44192663
1.0857,-0.10396639,-0.4388769
1.0858001,-0.11769745,-0.43539423
1.0858999,-0.13131233,-0.43148205
1.086,-0.14479759,-0.42714423
1.0861,-0.15813996,-0.4223851
1.0862,-0.17132626,-0.4172093
1.0863,-0.18434347,-0.41162193
1.0864,-0.19717878,-0.40562853
1.0865,-0.2098195,-0.39923504
1.0865999,-0.22225316,-0.39244774
1.0867,-0.23446752,-0.38527331
1.0868,-0.24645051,-0.37771887
1.0869,-0.25819033,-0.36979181
1.087,-0.26967537,-0.36150002
1.0871,-0.28089431,-0.35285166
1.0872,-0.29183611,-0.34385523
1.0872999,-0.30248994,-0.33451965
1.0874,-0.31284532,-0.32485411
1.0875,-0.32289204,-0.31486815
1.0876,-0.33262014,-0.30457163
1.0877,-0.34202009,-0.29397473
1.0878,-0.35108256,-0.28308785
1.0879,-0.35979864,-0.27192175
1.0880001,-0.36815977,-0.26048747
1.0881,-0.37615764,-0.24879627
1.0882,-0.38378435,-0.23685969
1.0883,-0.39103246,-0.22468953
1.0884,-0.39789477,-0.21229777
1.0885,-0.4043645,-0.19969662
1.0886,-0.41043529,-0.18689854
1.0887001,-0.41610116,-0.17391616
1.0888,-0.4213565,-0.16076228
1.0889,-0.42619616,-0.14744987
1.089,-0.43061531,-0.13399208
1.0891,-0.43460965,-0.12040216
1.0892,-0.4381752,-0.10669354
1.0893,-0.4413085,-0.092879742
1.0894001,-0.44400638,-0.078974381
1.0895,-0.44626626,-0.064991191
1.0896,-0.44808587,-0.05094396
1.0897,-0.44946343,-0.036846545
1.0898,-0.45039755,-0.022712855
1.0899,-0.45088735,-0.0085568363
1.09,-0.45093235,0.0056075491
1.0901,-0.45053247,0.019766327
1.0901999,-0.44968817,0.033905528
1.0903,-0.4484002,0.048011206
1.0904,-0.44666991,0.062069442
1.0905,-0.44449896,0.076066367
1.0906,-0.44188949,0.08998818
1.0907,-0.43884414,0.10382114
1.0908,-0.43536586,0.1175516
1.0908999,-0.43145809,0.13116603
1.091,-0.42712468,0.14465097
1.0911,-0.42236993,0.15799314
1.0912,-0.41719854,0.17117938
1.0913,-0.41161558,0.18419667
1.0914,-0.40562657,0.19703217
1.0915,-0.39923745,0.20967323
1.0915999,-0.39245448,0.22210735
1.0917,-0.38528436,0.23432231
1.0918,-0.37773421,0.24630603
1.0919,-0.36981145,0.25804669
1.092,-0.3615239,0.26953271
1.0921,-0.3528797,0.28075278
1.0922,-0.34388745,0.29169577
1.0923001,-0.33455598,0.30235097
1.0924,-0.32489452,0.31270784
1.0925,-0.31491256,0.32275611
1.0926,-0.30462,0.33248594
1.0927,-0.29402694,0.34188771
1.0928,-0.28314391,0.35095212
1.0929,-0.27198157,0.35967028
1.0930001,-0.26055098,0.36803353
1.0931,-0.2488634,0.37603366
1.0932,-0.23693036,0.38366276
1.0933,-0.22476365,0.39091334
1.0934,-0.21237527,0.39777821
1.0935,-0.19977741,0.40425062
1.0936,-0.18698254,0.41032419
1.0937001,-0.17400327,0.41599289
1.0937999,-0.16085242,0.42125118
1.0939,-0.14754292,0.42609385
1.094,-0.13408796,0.43051612
1.0941,-0.12050077,0.43451363
1.0942,-0.10679477,0.43808246
1.0943,-0.092983492,0.44121909
1.0944,-0.079080544,0.44392037
1.0944999,-0.065099657,0.44618371
1.0946,-0.051054616,0.44800687
1.0947,-0.036959279,0.449388
1.0948,-0.022827556,0.45032576
1.0949,-0.0086733885,0.45081925
1.095,0.0054892623,0.45086801
1.0951,0.019646425,0.45047191
1.0951999,0.033784129,0.44963142
1.0953,0.047888428,0.44834733
1.0954,0.061945409,0.44662091
1.0955,0.075941205,0.4444539
1.0956,0.089862004,0.44184843
1.0957,0.10369407,0.43880701
1.0958,0.11742377,0.43533272
1.0959001,0.13103755,0.43142897
1.096,0.14452198,0.42709956
1.0961,0.15786375,0.42234883
1.0962,0.17104971,0.41718146
1.0963,0.18406686,0.41160253
1.0964,0.19690233,0.40561754
1.0965,0.2095435,0.39923242
1.0966001,0.22197784,0.39245343
1.0967,0.23419313,0.38528731
1.0968,0.24617732,0.37774113
1.0969,0.25791857,0.36982229
1.097,0.26940528,0.36153865
1.0971,0.28062618,0.35289833
1.0972,0.29157013,0.34390992
1.0973001,0.30222636,0.33458224
1.0974,0.3125844,0.32492453
1.0975,0.32263395,0.31494632
1.0976,0.33236519,0.3046574
1.0977,0.34176844,0.29406798
1.0978,0.35083446,0.28318849
1.0979,0.35955432,0.27202967
1.098,0.36791939,0.2606025
1.0980999,0.37592146,0.24891831
1.0982,0.38355258,0.23698859
1.0983,0.39080524,0.22482511
1.0984,0.39767233,0.21243989
1.0985,0.40414703,0.19984514
1.0986,0.41022298,0.18705328
1.0987,0.41589418,0.17407694
1.0987999,0.42115501,0.16092892
1.0989,0.42600033,0.1476222
1.099,0.43042532,0.13416991
1.0991,0.43442562,0.1205853
1.0992,0.43799731,0.10688179
1.0993,0.44113687,0.093072899
1.0994,0.44384119,0.079172254
1.0994999,0.44610757,0.065193564
1.0996,0.44793385,0.051150624
1.0997,0.44931817,0.037057288
1.0998,0.45025918,0.022927456
1.0999,0.45075595,0.0087750759
1.1,0.45080802,-0.005385892
1.1001,0.45041531,-0.01954148
1.1002001,0.44957823,-0.033677716
1.1003,0.44829762,-0.047780659
1.1004,0.44657469,-0.061836395
1.1005,0.44441119,-0.075831056
1.1006,0.44180924,-0.089750826
1.1007,0.4387714,-0.10358199
1.1008,0.43530068,-0.11731088
1.1009001,0.43140051,-0.13092397
1.101,0.42707473,-0.14440784
1.1011,0.42232764,-0.15774915
1.1012,0.41716388,-0.17093477
1.1013,0.41158855,-0.18395168
1.1014,0.40560719,-0.19678704
1.1015,0.39922568,-0.20942819
1.1016001,0.39245033,-0.22186264
1.1016999,0.38528779,-0.23407815
1.1018,0.37774518,-0.24606267
1.1019,0.36982989,-0.25780436
1.102,0.36154976,-0.26929161
1.1021,0.35291299,-0.28051317
1.1022,0.34392804,-0.29145789
1.1023,0.33460382,-0.30211499
1.1023999,0.32494953,-0.31247398
1.1025,0.31497467,-0.32252464
1.1026,0.30468908,-0.33225703
1.1027,0.29410294,-0.34166157
1.1028,0.2832267,-0.35072899
1.1029,0.27207103,-0.35945031
1.103,0.26064703,-0.36781695
1.1030999,0.24896589,-0.37582067
1.1032,0.23703916,-0.38345355
1.1033,0.22487864,-0.39070809
1.1034,0.21249631,-0.39757711
1.1035,0.19990437,-0.40405381
1.1036,0.18711524,-0.41013187
1.1037,0.17414159,-0.41580522
1.1038001,0.16099615,-0.42106834
1.1039,0.14769195,-0.42591596
1.104,0.13424209,-0.43034336
1.1041,0.12065984,-0.43434614
1.1042,0.10695861,-0.43792039
1.1043,0.093151897,-0.44106254
1.1044,0.079253353,-0.44376951
1.1045001,0.065276675,-0.44603863
1.1046,0.051235653,-0.44786766
1.1047,0.037144147,-0.44925481
1.1048,0.023016052,-0.45019871
1.1049,0.0088653127,-0.45069841
1.105,-0.0052941106,-0.45075345
1.1051,-0.019448251,-0.45036376
1.1052001,-0.033583138,-0.44952974
1.1052999,-0.04768483,-0.44825217
1.1054,-0.061739415,-0.44653237
1.1055,-0.075733021,-0.444372
1.1056,-0.089651845,-0.44177321
1.1057,-0.10348216,-0.43873855
1.1058,-0.11721031,-0.43527105
1.1059,-0.13082276,-0.4313741
1.1059999,-0.14430608,-0.42705154
1.1061,-0.15764695,-0.42230767
1.1062,-0.17083225,-0.41714716
1.1063,-0.18384892,-0.41157508
1.1064,-0.19668415,-0.40559697
1.1065,-0.20932527,-0.39921868
1.1066,-0.2217598,-0.39244655
1.1066999,-0.23397548,-0.38528726
1.1068,-0.24596027,-0.37774783
1.1069,-0.25770232,-0.36983573
1.107,-0.26919007,-0.36155877
1.1071,-0.28041217,-0.35292512
1.1072,-0.29135755,-0.3439433
1.1073,-0.30201542,-0.33462217
1.1073999,-0.31237528,-0.3249709
1.1075,-0.32242689,-0.31499907
1.1076,-0.33216032,-0.30471647
1.1077,-0.341566,-0.29413328
1.1078,-0.35063463,-0.2832599
1.1079,-0.35935727,-0.27210709
1.108,-0.36772531,-0.26068586
1.1081001,-0.37573051,-0.24900749
1.1082,-0.38336495,-0.23708346
1.1083,-0.3906211,-0.22492558
1.1084,-0.39749184,-0.21254581
1.1085,-0.40397036,-0.19995639
1.1086,-0.41005027,-0.18716972
1.1087,-0.41572559,-0.17419845
1.1088001,-0.42099068,-0.16105534
1.1089,-0.42584041,-0.14775337
1.109,-0.43026993,-0.1343057
1.1091,-0.43427494,-0.12072555
1.1092,-0.43785143,-0.10702635
1.1093,-0.4409959,-0.09322159
1.1094,-0.44370526,-0.079324923
1.1095001,-0.44597679,-0.065350033
1.1095999,-0.44780833,-0.051310726
1.1097,-0.44919801,-0.037220847
1.1098,-0.45014447,-0.023094298
1.1099,-0.45064679,-0.0089450171
1.11,-0.45070446,0.0052130325
1.1101,-0.45031744,0.019365886
1.1102,-0.44948614,0.033499576
1.1102999,-0.44821134,0.047600158
1.1104,-0.44649428,0.061653722
1.1105,-0.44433671,0.0756464
1.1106,-0.44174075,0.08956439
1.1107,-0.43870893,0.10339396
1.1108,-0.43524429,0.11712145
1.1109,-0.4313502,0.13073334
1.1109999,-0.42703053,0.14421618
1.1111,-0.42228952,0.15755668
1.1112,-0.4171319,0.17074168
1.1113,-0.41156271,0.18375815
1.1114,-0.40558749,0.19659327
1.1115,-0.39921209,0.20923437
1.1116,-0.39244282,0.22166899
1.1117001,-0.38528636,0.23388484
1.1118,-0.3777498,0.24586987
1.1119,-0.36984053,0.25761229
1.112,-0.36156639,0.26910046
1.1121,-0.35293552,0.28032309
1.1122,-0.34395647,0.29126909
1.1123,-0.33463809,0.30192766
1.1124001,-0.32498953,0.31228828
1.1125,-0.31502035,0.32234073
1.1126,-0.3047404,0.33207512
1.1127,-0.2941598,0.3414818
1.1128,-0.28328902,0.35055155
1.1129,-0.27213874,0.35927537
1.113,-0.26071998,0.36764467
1.1131001,-0.24904403,0.37565118
1.1131999,-0.23712239,0.38328704
1.1133,-0.22496682,0.39054468
1.1134,-0.21258934,0.39741695
1.1135,-0.20000213,0.40389708
1.1136,-0.18721764,0.40997866
1.1137,-0.17424846,0.4156557
1.1138,-0.16110739,0.42092261
1.1138999,-0.14780742,0.42577419
1.114,-0.13436165,0.43020564
1.1141,-0.12078336,0.43421263
1.1142,-0.10708593,0.43779114
1.1143,-0.093282893,0.44093767
1.1144,-0.079387866,0.44364917
1.1145,-0.065414548,0.44592288
1.1145999,-0.051376734,0.44775659
1.1147,-0.037288278,0.44914854
1.1148,-0.023163076,0.45009729
1.1149,-0.0090150675,0.45060194
1.115,0.0051417882,0.45066199
1.1151,0.019293526,0.45027736
1.1152,0.03342618,0.44944847
1.1153001,0.047525804,0.44817612
1.1154,0.061578494,0.44646153
1.1155,0.075570375,0.44430646
1.1156,0.08948765,0.44171298
1.1157,0.10331658,0.43868369
1.1158,0.11704352,0.43522158
1.1159,0.13065495,0.43133003
1.1160001,0.1441374,0.42701292
1.1161,0.15747759,0.42227447
1.1162,0.17066236,0.41711941
1.1163,0.18367869,0.41155279
1.1164,0.19651376,0.4055801
1.1165,0.20915487,0.39920723
1.1166,0.22158958,0.39244053
1.1167001,0.23380561,0.3852866
1.1168,0.24579091,0.37775254
1.1169,0.25753367,0.36984578
1.117,0.26902226,0.36157411
1.1171,0.28024536,0.35294572
1.1172,0.29119194,0.34396911
1.1173,0.30185115,0.33465311
1.1174001,0.3122125,0.32500696
1.1174999,0.32226577,0.31504014
1.1176,0.332001,0.30476251
1.1177,0.34140864,0.29418421
1.1178,0.35047939,0.28331566
1.1179,0.35920426,0.27216759
1.118,0.36757472,0.26075101
1.1181,0.37558246,0.2490772
1.1181999,0.38321957,0.23715764
1.1183,0.39047855,0.22500412
1.1184,0.39735222,0.21262862
1.1185,0.40383381,0.20004337
1.1186,0.40991691,0.18726075
1.1187,0.4155955,0.1742934
1.1188,0.42086405,0.16115412
1.1188999,0.42571729,0.14785588
1.119,0.43015048,0.13441177
1.1191,0.43415922,0.12083508
1.1192,0.43773955,0.1071392
1.1193,0.44088796,0.09333764
1.1194,0.44360131,0.079444036
1.1195,0.44587699,0.065472066
1.1196001,0.44771269,0.051435545
1.1197,0.44910663,0.037348311
1.1198,0.45005742,0.023224264
1.1199,0.45056415,0.0090773394
1.12,0.45062631,-0.0050785001
1.1201,0.4502438,-0.019229291
1.1202,0.44941705,-0.03336107
1.1203001,0.44814688,-0.047459889
1.1204,0.4464345,-0.061511844
1.1205,0.44428164,-0.075503066
1.1206,0.44169039,-0.089419745
1.1207,0.43866333,-0.10324816
1.1208,0.43520346,-0.11697466
1.1209,0.43131417,-0.1305857
1.1210001,0.42699933,-0.14406787
1.1210999,0.42226315,-0.15740784
1.1212,0.41711032,-0.17059244
1.1213,0.41154599,-0.1836087
1.1214,0.40557554,-0.19644375
1.1215,0.39920494,-0.20908493
1.1216,0.39244047,-0.22151978
1.1217,0.38528877,-0.23373602
1.1217999,0.37775695,-0.24572159
1.1219,0.36985239,-0.25746468
1.122,0.36158291,-0.26895368
1.1221,0.35295668,-0.2801773
1.1222,0.34398222,-0.2911244
1.1223,0.33466834,-0.30178425
1.1224,0.32502428,-0.31214628
1.1224999,0.31505951,-0.32220027
1.1226,0.30478394,-0.33193633
1.1227,0.29420763,-0.34134483
1.1228,0.28334105,-0.35041651
1.1229,0.27219492,-0.35914239
1.123,0.26078025,-0.3675139
1.1231,0.24910827,-0.37552273
1.1232001,0.23719054,-0.38316104
1.1233,0.2250388,-0.39042121
1.1234,0.21266502,-0.39729616
1.1235,0.20008145,-0.40377906
1.1236,0.18730047,-0.40986353
1.1237,0.17433472,-0.41554359
1.1238,0.16119699,-0.42081359
1.1239001,0.14790022,-0.42566833
1.124,0.13445756,-0.43010306
1.1241,0.12088225,-0.43411341
1.1242,0.1071877,-0.43769538
1.1243,0.09338741,-0.44084546
1.1244,0.07949502,-0.44356054
1.1245,0.065524213,-0.44583794
1.1246001,0.051488787,-0.44767544
1.1247,0.037402593,-0.44907117
1.1248,0.023279522,-0.4500238
1.1249,0.0091335149,-0.45053238
1.125,-0.0050214706,-0.45059642
1.1251,-0.019171467,-0.45021585
1.1252,-0.033302516,-0.44939101
1.1253,-0.047400672,-0.44812277
1.1253999,-0.06145202,-0.44641235
1.1255,-0.075442702,-0.44426146
1.1256,-0.089358911,-0.44167221
1.1257,-0.10318692,-0.43864715
1.1258,-0.11691307,-0.43518925
1.1259,-0.13052383,-0.43130198
1.126,-0.14400578,-0.42698914
1.1260999,-0.15734559,-0.42225495
1.1262,-0.17053013,-0.41710415
1.1263,-0.18354635,-0.41154182
1.1264,-0.19638145,-0.40557337
1.1265,-0.20902273,-0.39920476
1.1266,-0.22145775,-0.39244229
1.1267,-0.23367421,-0.38529256
1.1267999,-0.24566008,-0.37776268
1.1269,-0.25740352,-0.36986005
1.127,-0.26889294,-0.36159253
1.1271,-0.28011701,-0.35296819
1.1272,-0.29106468,-0.3439956
1.1273,-0.30172509,-0.3346836
1.1274,-0.31208777,-0.32504138
1.1275001,-0.32214248,-0.31507844
1.1276,-0.33187932,-0.30480465
1.1277,-0.34128863,-0.2942301
1.1278,-0.35036117,-0.28336525
1.1279,-0.35908797,-0.27222082
1.128,-0.36746046,-0.26080778
1.1281,-0.37547031,-0.24913745
1.1282001,-0.38310969,-0.2372213
1.1283,-0.39037099,-0.2250711
1.1284,-0.39724711,-0.21269885
1.1285,-0.40373123,-0.20011674
1.1286,-0.40981695,-0.18733719
1.1287,-0.41549829,-0.17437282
1.1288,-0.42076963,-0.16123642
1.1289001,-0.42562577,-0.14794095
1.1289999,-0.43006191,-0.13449952
1.1291,-0.43407369,-0.12092541
1.1292,-0.43765715,-0.107232
1.1293,-0.44080874,-0.093432806
1.1294,-0.44352537,-0.079541452
1.1295,-0.44580436,-0.065571643
1.1296,-0.44764343,-0.051537152
1.1296999,-0.4490408,-0.037451845
1.1298,-0.44999507,-0.023329604
1.1299,-0.45050532,-0.0091843726
1.13,-0.45057106,0.004969893
1.1301,-0.45019218,0.019119225
1.1302,-0.44936907,0.033249665
1.1303,-0.44810256,0.04734727
1.1303999,-0.44639391,0.061398122
1.1305,-0.44424477,0.075388364
1.1306,-0.44165727,0.089304194
1.1307,-0.43863401,0.10313188
1.1308,-0.43517792,0.11685777
1.1309,-0.43129241,0.13046832
1.131,-0.42698136,0.1439501
1.1311001,-0.42224899,0.15728983
1.1312,-0.41709995,0.17047432
1.1313,-0.41153941,0.18349057
1.1314,-0.40557274,0.19632573
1.1315,-0.39920589,0.20896716
1.1316,-0.39244518,0.22140236
1.1317,-0.38529721,0.23361908
1.1318001,-0.37776905,0.24560523
1.1319,-0.36986819,0.25734904
1.132,-0.36160234,0.26883885
1.1321,-0.35297969,0.28006339
1.1322,-0.34400877,0.29101157
1.1323,-0.33469844,0.30167255
1.1324,-0.32505783,0.31203583
1.1325001,-0.3150965,0.32209122
1.1325999,-0.30482429,0.33182874
1.1327,-0.29425129,0.34123883
1.1328,-0.28338796,0.3503122
1.1329,-0.27224502,0.35903987
1.133,-0.26083347,0.36741322
1.1331,-0.24916455,0.37542403
1.1332,-0.23724981,0.38306439
1.1332999,-0.22510096,0.39032674
1.1334,-0.21273002,0.39720389
1.1335,-0.20014921,0.40368915
1.1336,-0.18737091,0.409776
1.1337,-0.17440775,0.4154585
1.1338,-0.16127251,0.42073107
1.1339,-0.14797816,0.42558846
1.1339999,-0.13453782,0.43002588
1.1341,-0.12096474,0.43403897
1.1342,-0.10727233,0.43762377
1.1343,-0.09347409,0.44077674
1.1344,-0.079583645,0.44349477
1.1345,-0.065614685,0.44577518
1.1346,-0.051581006,0.44761568
1.1346999,-0.037496459,0.44901451
1.1348,-0.023374934,0.4499703
1.1349,-0.009230365,0.45048204
1.135,0.0049232855,0.4505493
1.1351,0.019072052,0.45017198
1.1352,0.033201978,0.44935042
1.1353,0.047299117,0.44808546
1.1354001,0.06134956,0.44637838
1.1355,0.075339437,0.44423082
1.1356,0.089254953,0.44164494
1.1357,0.10308237,0.43862325
1.1358,0.11680806,0.43516874
1.1359,0.13041845,0.43128484
1.136,0.14390014,0.4269754
1.1361001,0.15723979,0.42224464
1.1362,0.17042428,0.41709721
1.1363,0.18344058,0.41153824
1.1364,0.19627585,0.40557316
1.1365,0.20891741,0.39920792
1.1366,0.22135282,0.39244875
1.1367,0.23356976,0.38530234
1.1368001,0.24555622,0.37777576
1.1368999,0.25730035,0.36987641
1.137,0.26879057,0.36161208
1.1371,0.28001556,0.35299096
1.1372,0.29096419,0.34402153
1.1373,0.3016257,0.33471265
1.1374,0.31198958,0.32507348
1.1375,0.32204556,0.3151136
1.1375999,0.33178377,0.30484277
1.1377,0.34119454,0.29427114
1.1378,0.35026866,0.28340918
1.1379,0.35899711,0.27226755
1.138,0.36737129,0.26085731
1.1381,0.37538296,0.24918966
1.1382,0.38302422,0.23727614
1.1382999,0.39028749,0.2251285
1.1384,0.39716566,0.21275873
1.1385,0.40365189,0.20017906
1.1386,0.40973979,0.18740186
1.1387,0.41542339,0.17443977
1.1388,0.42069703,0.16130556
1.1389,0.42555556,0.14801221
1.1390001,0.42999417,0.13457282
1.1391,0.43400845,0.12100066
1.1392,0.43759444,0.10730913
1.1393,0.44074866,0.093511716
1.1394,0.44346794,0.07962206
1.1395,0.44574964,0.065653861
1.1396,0.44759145,0.051620889
1.1397001,0.44899163,0.037537005
1.1398,0.44994873,0.023416104
1.1399,0.45046183,0.0092721153
1.14,0.45053047,-0.0048810011
1.1401,0.45015451,-0.019029278
1.1402,0.44933435,-0.033158757
1.1403,0.44807082,-0.047255497
1.1404001,0.44636515,-0.061305583
1.1404999,0.44421902,-0.075295158
1.1406,0.44163457,-0.089210406
1.1407,0.43861431,-0.10303761
1.1408,0.43516123,-0.11676312
1.1409,0.4312788,-0.13037339
1.141,0.42697078,-0.14385499
1.1411,0.42224145,-0.15719461
1.1411999,0.41709545,-0.17037912
1.1413,0.41153792,-0.18339548
1.1414,0.40557426,-0.19623083
1.1415,0.39921042,-0.20887254
1.1416,0.39245269,-0.22130813
1.1417,0.38530767,-0.23352532
1.1418,0.37778246,-0.24551205
1.1418999,0.36988449,-0.25725651
1.142,0.36162156,-0.26874709
1.1421,0.35300177,-0.27997246
1.1422,0.34403369,-0.29092157
1.1423,0.33472613,-0.30158356
1.1424,0.32508826,-0.31194794
1.1425,0.31512964,-0.3220045
1.1426001,0.30486006,-0.33174333
1.1427,0.29428968,-0.34115475
1.1428,0.28342891,-0.35022953
1.1429,0.2722885,-0.35895869
1.143,0.2608794,-0.36733365
1.1431,0.24921288,-0.37534609
1.1432,0.23730047,-0.38298815
1.1433001,0.22515392,-0.39025229
1.1434,0.2127852,-0.39713132
1.1435,0.20020653,-0.40361848
1.1436,0.18743034,-0.40970734
1.1437,0.17446919,-0.41539189
1.1438,0.1613359,-0.42066658
1.1439,0.14804344,-0.42552611
1.1440001,0.1346049,-0.42996576
1.1441,0.12103356,-0.43398112
1.1442,0.10734281,-0.43756822
1.1443,0.093546152,-0.44072354
1.1444,0.079657204,-0.44344398
1.1445,0.065689676,-0.44572681
1.1446,0.051657338,-0.44756982
1.1447001,0.037574045,-0.44897118
1.1447999,0.023453701,-0.44992951
1.1449,0.0093102288,-0.45044386
1.145,-0.0048424108,-0.45051369
1.1451,-0.01899025,-0.45013902
1.1452,-0.033119336,-0.44932011
1.1453,-0.047215719,-0.44805786
1.1454,-0.061265491,-0.44635347
1.1454999,-0.07525479,-0.44420862
1.1456,-0.089169808,-0.44162545
1.1457,-0.10299682,-0.4386065
1.1458,-0.11672217,-0.43515474
1.1459,-0.13033234,-0.43127358
1.146,-0.14381386,-0.42696685
1.1461,-0.15715347,-0.42223883
1.1461999,-0.17033798,-0.41709414
1.1463,-0.18335438,-0.41153789
1.1464,-0.19618984,-0.40557554
1.1465,-0.20883168,-0.39921299
1.1466,-0.22126745,-0.3924565
1.1467,-0.23348483,-0.38531277
1.1468,-0.24547182,-0.37778881
1.1469001,-0.25721657,-0.36989209
1.147,-0.26870748,-0.36163038
1.1471,-0.27993321,-0.35301182
1.1472,-0.29088271,-0.34404492
1.1473,-0.30154517,-0.33473855
1.1474,-0.31191003,-0.32510185
1.1475,-0.3219671,-0.31514439
1.1476001,-0.33170646,-0.30487597
1.1477,-0.34111845,-0.2943067
1.1478,-0.35019386,-0.28344703
1.1479,-0.35892367,-0.27230766
1.148,-0.36729929,-0.26089963
1.1481,-0.37531245,-0.24923414
1.1482,-0.38295525,-0.23732273
1.1483001,-0.39022017,-0.22517717
1.1483999,-0.3971,-0.2128094
1.1485,-0.40358797,-0.20023166
1.1486,-0.40967768,-0.18745634
1.1487,-0.41536313,-0.17449607
1.1488,-0.42063868,-0.16136363
1.1489,-0.42549917,-0.14807197
1.149,-0.42993975,-0.13463421
1.1490999,-0.43395609,-0.12106361
1.1492,-0.4375442,-0.10737357
1.1493,-0.44070053,-0.093577594
1.1494,-0.44342199,-0.079689294
1.1495,-0.44570589,-0.065722376
1.1496,-0.44754997,-0.051690619
1.1497,-0.44895241,-0.037607875
1.1497999,-0.44991183,-0.023488039
1.1499,-0.45042726,-0.0093450425
1.15,-0.45049825,0.0048071588
1.1501,-0.45012468,0.018954596
1.1502,-0.44930694,0.033083312
1.1503,-0.44804582,0.047179367
1.1504,-0.44634259,0.061228845
1.1505001,-0.44419891,0.075217888
1.1506,-0.44161689,0.089132681
1.1507,-0.43859914,0.10295951
1.1508,-0.43514854,0.11668472
1.1509,-0.43126857,0.13029477
1.151,-0.42696303,0.14377624
1.1511,-0.42223617,0.1571158
1.1512001,-0.41709265,0.1703003
1.1513,-0.41153759,0.18331675
1.1514,-0.40557641,0.19615228
1.1515,-0.39921501,0.20879424
1.1516,-0.39245969,0.22123013
1.1517,-0.38531712,0.23344773
1.1518,-0.3777943,0.24543492
1.1519001,-0.36989871,0.25717992
1.152,-0.36163813,0.26867113
1.1521,-0.35302067,0.27989718
1.1522,-0.34405488,0.29084703
1.1523,-0.33474958,0.30150986
1.1524,-0.32511398,0.31187516
1.1525,-0.31515756,0.32193267
1.1526,-0.30489019,0.33167252
1.1526999,-0.29432192,0.34108505
1.1528,-0.28346327,0.35016096
1.1529,-0.27232489,0.35889137
1.153,-0.26091781,0.36726761
1.1531,-0.24925327,0.37528139
1.1532,-0.23734279,0.38292485
1.1533,-0.2251981,0.39019045
1.1533999,-0.21283121,0.397071
1.1535,-0.20025434,0.40355971
1.1536,-0.18747985,0.40965021
1.1537,-0.17452037,0.41533643
1.1538,-0.1613887,0.42061281
1.1539,-0.14809778,0.42547411
1.154,-0.13466075,0.42991555
1.1540999,-0.12109084,0.43393275
1.1542,-0.10740147,0.43752176
1.1543,-0.093606122,0.44067901
1.1544,-0.079718426,0.4434014
1.1545,-0.065752082,0.44568625
1.1546,-0.051720869,0.44753128
1.1547,-0.037638634,0.4489347
1.1548001,-0.023519281,0.44989511
1.1549,-0.0093767326,0.45041156
1.155,0.004775052,0.45048356
1.1551,0.018922105,0.45011103
1.1552,0.03305047,0.4492943
1.1553,0.047146205,0.44803423
1.1554,0.061195396,0.44633207
1.1555001,0.075184181,0.44418943
1.1556,0.089098766,0.44160849
1.1557,0.1029254,0.43859178
1.1558,0.11665046,0.43514228
1.1559,0.13026039,0.43126336
1.156,0.14374177,0.42695889
1.1561,0.15708128,0.4222331
1.1562001,0.17026576,0.41709068
1.1562999,0.18328223,0.41153666
1.1564,0.1961178,0.40557656
1.1565,0.20875984,0.39921623
1.1566,0.22119585,0.39246199
1.1567,0.23341358,0.38532045
1.1568,0.24540097,0.37779868
1.1569,0.25714615,0.36990413
1.1569999,0.2686376,0.36164457
1.1571,0.27986392,0.35302815
1.1572,0.2908141,0.34406337
1.1573,0.30147725,0.33475909
1.1574,0.31184292,0.32512444
1.1575,0.32190081,0.31516901
1.1576,0.33164108,0.30490258
1.1576999,0.34105405,0.29433528
1.1578,0.35013047,0.28347754
1.1579,0.35886136,0.27234009
1.158,0.36723813,0.26093388
1.1581,0.37525249,0.24927022
1.1582,0.38289654,0.2373606
1.1583,0.39016277,0.22521675
1.1584001,0.39704394,0.21285067
1.1585,0.40353331,0.20027457
1.1586,0.40962446,0.18750086
1.1587,0.4153114,0.17454214
1.1588,0.42058849,0.1614112
1.1589,0.42545056,0.14812098
1.159,0.42989275,0.13468462
1.1591001,0.43391076,0.12111536
1.1592,0.43750057,0.10742662
1.1593,0.44065863,0.093631871
1.1594,0.44338185,0.079744749
1.1595,0.44566756,0.065778956
1.1596,0.44751346,0.051748261
1.1597,0.44891775,0.037666518
1.1598001,0.44987905,0.023547625
1.1599,0.45039642,0.0094055114
1.16,0.45046932,-0.0047458666
1.1601,0.45009771,-0.018892543
1.1602,0.44928193,-0.03302056
1.1603,0.44802281,-0.047115978
1.1604,0.44632158,-0.061164882
1.1605,0.44417992,-0.07515341
1.1605999,0.44159997,-0.089067765
1.1607,0.43858421,-0.1028942
1.1608,0.43513569,-0.1166191
1.1609,0.43125775,-0.13022889
1.161,0.42695427,-0.14371015
1.1611,0.42222947,-0.1570496
1.1612,0.417088,-0.17023404
1.1612999,0.41153497,-0.18325047
1.1614,0.40557587,-0.19608608
1.1615,0.3992165,-0.20872815
1.1616,0.39246321,-0.22116424
1.1617,0.38532266,-0.23338208
1.1618,0.37780187,-0.24536958
1.1619,0.36990827,-0.25711495
1.1619999,0.36164966,-0.26860657
1.1621,0.35303417,-0.27983314
1.1622,0.34407032,-0.29078352
1.1623,0.33476695,-0.30144697
1.1624,0.32513326,-0.31181294
1.1625,0.31517872,-0.32187119
1.1626,0.30491316,-0.33161181
1.1627001,0.29434675,-0.34102517
1.1628,0.28348988,-0.35010198
1.1629,0.27235326,-0.35883331
1.163,0.26094791,-0.36721057
1.1631,0.24928507,-0.37522539
1.1632,0.23737623,-0.38286996
1.1633,0.22523318,-0.39013672
1.1634001,0.21286787,-0.39701843
1.1635,0.20029251,-0.40350839
1.1636,0.18751954,-0.40960017
1.1637,0.17456152,-0.4152877
1.1638,0.16143125,-0.42056546
1.1639,0.14814171,-0.42542818
1.164,0.13470599,-0.42987105
1.1641001,0.12113737,-0.43388975
1.1641999,0.10744922,-0.43748027
1.1643,0.09365505,-0.44063908
1.1644,0.079768471,-0.44336304
1.1645,0.065803207,-0.4456495
1.1646,0.051773019,-0.44749621
1.1647,0.037691753,-0.4489013
1.1648,0.023573315,-0.4498634
1.1648999,0.0094316304,-0.45038158
1.165,-0.0047193468,-0.45045531
1.1651,-0.018865649,-0.45008454
1.1652,-0.032993317,-0.44926962
1.1653,-0.047088411,-0.44801137
1.1654,-0.061137017,-0.446311
1.1655,-0.075125277,-0.44417024
1.1655999,-0.089039393,-0.44159111
1.1657,-0.10286562,-0.43857625
1.1658,-0.11659032,-0.43512863
1.1659,-0.13019995,-0.43125159
1.166,-0.14368109,-0.42694899
1.1661,-0.15702043,-0.42222512
1.1662,-0.1702048,-0.41708454
1.1663001,-0.18322119,-0.41153243
1.1664,-0.19605677,-0.4055742
1.1665,-0.20869885,-0.39921576
1.1666,-0.22113498,-0.39246336
1.1667,-0.23335287,-0.3853237
1.1668,-0.24534048,-0.3778038
1.1669,-0.25708595,-0.3699111
1.1670001,-0.26857772,-0.36165336
1.1671,-0.27980447,-0.35303876
1.1672,-0.29075506,-0.34407577
1.1673,-0.30141872,-0.33477327
1.1674,-0.31178492,-0.32514042
1.1675,-0.32184345,-0.31518671
1.1676,-0.33158436,-0.30492201
1.1677001,-0.34099805,-0.29435641
1.1677999,-0.35007522,-0.28350034
1.1679,-0.35880694,-0.27236453
1.168,-0.36718455,-0.26095995
1.1681,-0.37519982,-0.24929787
1.1682,-0.38284484,-0.2373898
1.1683,-0.39011204,-0.22524749
1.1684,-0.39699426,-0.21288291
1.1684999,-0.4034847,-0.20030826
1.1686,-0.40957701,-0.18753597
1.1687,-0.41526511,-0.17457862
1.1688,-0.4205434,-0.16144902
1.1689,-0.42540672,-0.14816011
1.169,-0.42985022,-0.13472502
1.1691,-0.43386951,-0.12115698
1.1691999,-0.43746069,-0.10746941
1.1693,-0.44062015,-0.0936758
1.1694,-0.4433448,-0.079789765
1.1695,-0.44563192,-0.065825015
1.1696,-0.44747934,-0.051795319
1.1697,-0.44888511,-0.037714526
1.1698,-0.44984797,-0.023596536
1.1698999,-0.45036688,-0.0094552776
1.17,-0.45044136,0.0046952972
1.1701,-0.45007136,0.01884122
1.1702,-0.44925722,0.032968532
1.1703,-0.44799972,0.047063295
1.1704,-0.44630015,0.061111599
1.1705,-0.44416016,0.07509958
1.1706001,-0.44158188,0.089013435
1.1707,-0.43856782,0.10283943
1.1708,-0.435121,0.11656393
1.1709,-0.43124479,0.13017339
1.171,-0.426943,0.14365436
1.1711,-0.42221993,0.15699357
1.1712,-0.41708022,0.17017783
1.1713001,-0.41152892,0.18319415
1.1714,-0.40557152,0.19602966
1.1715,-0.39921391,0.20867172
1.1716,-0.39246234,0.22110784
1.1717,-0.38532352,0.23332576
1.1718,-0.37780446,0.24531341
1.1719,-0.36991256,0.25705898
1.1720001,-0.36165565,0.26855084
1.1720999,-0.35304186,0.27977768
1.1722,-0.34407967,0.29072842
1.1723,-0.33477798,0.30139226
1.1724,-0.32514593,0.31175867
1.1725,-0.315193,0.3218174
1.1726,-0.30492908,0.33155856
1.1727,-0.29436424,0.34097251
1.1727999,-0.28350896,0.35004997
1.1729,-0.27237388,0.35878199
1.173,-0.26097006,0.36715996
1.1731,-0.24930871,0.37517557
1.1732,-0.23740135,0.38282096
1.1733,-0.22525974,0.39008856
1.1734,-0.21289584,0.3969712
1.1734999,-0.20032187,0.40346208
1.1736,-0.18755025,0.40955484
1.1737,-0.17459355,0.41524342
1.1738,-0.16146457,0.42052221
1.1739,-0.14817628,0.42538604
1.174,-0.13474178,0.42983007
1.1741,-0.12117434,0.43384993
1.1742001,-0.10748732,0.43744165
1.1743,-0.093694255,0.44060171
1.1744,-0.079808749,0.44332695
1.1745,-0.065844499,0.4456147
1.1746,-0.051815294,0.44746271
1.1747,-0.037734967,0.44886914
1.1748,-0.023617422,0.44983265
1.1749001,-0.009476589,0.45035222
1.175,0.0046735816,0.45042738
1.1751,0.018819122,0.45005807
1.1752,0.032946073,0.44924462
1.1753,0.047040496,0.44798782
1.1754,0.061088484,0.44628897
1.1755,0.07507617,0.4441497
1.1756001,0.08898975,0.44157216
1.1756999,0.10281549,0.43855885
1.1758,0.11653977,0.43511277
1.1759,0.13014902,0.43123731
1.176,0.14362982,0.42693627
1.1761,0.15696886,0.42221397
1.1762,0.17015299,0.41707501
1.1763,0.1831692,0.41152447
1.1763999,0.19600463,0.40556785
1.1765,0.20864663,0.39921099
1.1766,0.2210827,0.3924602
1.1767,0.2333006,0.38532215
1.1768,0.24528825,0.37780383
1.1769,0.25703385,0.36991271
1.177,0.26852578,0.36165655
1.1770999,0.2797527,0.35304353
1.1772,0.29070354,0.34408212
1.1773,0.30136749,0.33478117
1.1774,0.31173405,0.32514986
1.1775,0.32179293,0.31519768
1.1776,0.3315343,0.30493447
1.1777,0.34094846,0.29437038
1.1778001,0.35002616,0.28351581
1.1779,0.35875842,0.27238145
1.178,0.36713666,0.26097831
1.1781,0.37515256,0.24931766
1.1782,0.38279825,0.23741099
1.1783,0.39006621,0.22527005
1.1784,0.3969492,0.21290681
1.1785001,0.40344048,0.20033349
1.1786,0.40953362,0.1875625
1.1787,0.41522262,0.17460643
1.1788,0.42050183,0.16147806
1.1789,0.4253661,0.14819036
1.179,0.42981061,0.13475645
1.1791,0.43383095,0.12118955
1.1792001,0.43742317,0.10750309
1.1793,0.44058374,0.093710557
1.1794,0.44330949,0.079825558
1.1795,0.4455978,0.065861806
1.1796,0.44744638,0.051833082
1.1797,0.44885337,0.037753221
1.1798,0.44981745,0.023636119
1.1799001,0.45033765,0.0094957128
1.1799999,0.45041341,-0.0046540508
1.1801,0.45004469,-0.018799204
1.1802,0.44923189,-0.032925785
1.1803,0.44797575,-0.047019862
1.1804,0.44627753,-0.061067518
1.1805,0.44413894,-0.075054899
1.1806,0.44156203,-0.088968188
1.1806999,0.4385494,-0.10279367
1.1808,0.43510401,-0.1165177
1.1809,0.43122923,-0.13012673
1.181,0.42692891,-0.14360732
1.1811,0.4222073,-0.15694618
1.1812,0.41706902,-0.17013015
1.1813,0.4115192,-0.18314622
1.1813999,0.40556327,-0.19598153
1.1815,0.39920714,-0.20862344
1.1816,0.39245707,-0.22105944
1.1817,0.38531971,-0.23327729
1.1818,0.37780213,-0.24526492
1.1819,0.3699117,-0.25701049
1.182,0.36165628,-0.26850241
1.1821001,0.35304394,-0.2797294
1.1822,0.34408322,-0.29068029
1.1823,0.33478299,-0.30134431
1.1824,0.32515237,-0.31171098
1.1825,0.3152009,-0.32176998
1.1826,0.30493841,-0.33151147
1.1827,0.29437497,-0.34092581
1.1828001,0.28352109,-0.35000369
1.1829,0.27238739,-0.35873616
1.183,0.26098493,-0.3671146
1.1831,0.24932493,-0.37513077
1.1832,0.2374189,-0.38277674
1.1833,0.2252786,-0.39004496
1.1834,0.212916,-0.39692825
1.1835001,0.2003433,-0.40341982
1.1835999,0.18757291,-0.40951332
1.1837,0.17461744,-0.41520265
1.1838,0.16148967,-0.42048225
1.1839,0.14820254,-0.42534691
1.184,0.13476917,-0.42979181
1.1841,0.12120283,-0.43381259
1.1842,0.1075169,-0.43740523
1.1842999,0.093724892,-0.44056624
1.1844,0.079840399,-0.4432925
1.1845,0.065877132,-0.44558129
1.1846,0.051848881,-0.44743034
1.1847,0.037769474,-0.44883788
1.1848,0.023652816,-0.44980246
1.1849,0.0095128333,-0.45032319
1.1849999,-0.0046365224,-0.45039949
1.1851,-0.018781286,-0.45003134
1.1852,-0.032907497,-0.44921911
1.1853,-0.047001217,-0.44796354
1.1854,-0.061048537,-0.44626591
1.1855,-0.075035602,-0.44412792
1.1856,-0.088948593,-0.44155163
1.1857001,-0.10277379,-0.43853959
1.1858,-0.11649756,-0.43509483
1.1859,-0.13010634,-0.43122068
1.186,-0.14358672,-0.42692098
1.1861,-0.15692538,-0.42220002
1.1862,-0.17010917,-0.4170624
1.1863,-0.18312506,-0.41151321
1.1864001,-0.19596024,-0.40555796
1.1865,-0.20860203,-0.3992025
1.1866,-0.22103792,-0.39245304
1.1867,-0.23325568,-0.38531637
1.1868,-0.24524325,-0.37779945
1.1869,-0.25698879,-0.36990967
1.187,-0.26848072,-0.36165491
1.1871001,-0.27970767,-0.35304326
1.1872,-0.29065859,-0.34408319
1.1873,-0.30132264,-0.33478361
1.1874,-0.31168935,-0.32515365
1.1875,-0.32174847,-0.31520283
1.1876,-0.33149004,-0.30494097
1.1877,-0.3409045,-0.29437822
1.1878,-0.3499825,-0.28352496
1.1878999,-0.35871515,-0.27239192
1.188,-0.36709377,-0.26099008
1.1881,-0.37511012,-0.2493307
1.1882,-0.38275629,-0.23742528
1.1883,-0.39002475,-0.22528559
1.1884,-0.39690828,-0.21292359
1.1885,-0.40340015,-0.20035148
1.1885999,-0.40949389,-0.18758167
1.1887,-0.41518354,-0.17462678
1.1888,-0.42046347,-0.16149956
1.1889,-0.42532846,-0.14821298
1.189,-0.42977372,-0.13478017
1.1891,-0.43379486,-0.12121435
1.1892,-0.43738788,-0.10752894
1.1892999,-0.44054931,-0.093737431
1.1894,-0.44327596,-0.07985343
1.1895,-0.44556516,-0.065890647
1.1896,-0.44741467,-0.051862862
1.1897,-0.44882265,-0.037783906
1.1898,-0.44978771,-0.023667682
1.1899,-0.45030889,-0.009528121
1.1900001,-0.45038572,0.0046208287
1.1901,-0.45001805,0.018765202
1.1902,-0.44920632,0.032891039
1.1903,-0.44795129,0.046984401
1.1904,-0.44625419,0.061031383
1.1905,-0.44411674,0.075018115
1.1906,-0.44154102,0.088930808
1.1907001,-0.43852952,0.10275572
1.1908,-0.43508533,0.11647921
1.1909,-0.43121177,0.13008773
1.191,-0.42691264,0.14356788
1.1911,-0.42219225,0.15690632
1.1912,-0.41705525,0.1700899
1.1913,-0.41150665,0.18310562
1.1914001,-0.405552,0.19594063
1.1914999,-0.39919713,0.20858227
1.1916,-0.39244831,0.22101805
1.1917,-0.38531223,0.2332357
1.1918,-0.3777959,0.24522318
1.1919,-0.36990678,0.25696865
1.192,-0.36165261,0.26846051
1.1921,-0.35304159,0.27968743
1.1921999,-0.34408215,0.29063833
1.1923,-0.33478317,0.3013024
1.1924,-0.32515383,0.31166914
1.1925,-0.31520364,0.32172829
1.1926,-0.30494237,0.33146992
1.1927,-0.29438022,0.34088445
1.1928,-0.28352755,0.34996256
1.1928999,-0.27239513,0.3586953
1.193,-0.2609939,0.36707407
1.1931,-0.24933511,0.37509057
1.1932,-0.23743027,0.38273692
1.1933,-0.22529116,0.39000556
1.1934,-0.21292974,0.3968893
1.1935,-0.2003582,0.40338138
1.1936001,-0.18758895,0.40947539
1.1937,-0.17463459,0.41516528
1.1938,-0.16150792,0.42044547
1.1939,-0.14822187,0.42531076
1.194,-0.13478957,0.42975631
1.1941,-0.12122427,0.43377775
1.1942,-0.10753936,0.43737113
1.1943001,-0.093748346,0.44053289
1.1944,-0.079864822,0.44325989
1.1945,-0.065902501,0.44554949
1.1946,-0.05187517,0.44739938
1.1947,-0.037796658,0.44880775
1.1948,-0.023680862,0.44977322
1.1949,-0.0095417146,0.45029485
1.1950001,0.0046068318,0.4503721
1.1950999,0.018750817,0.45000491
1.1952,0.032876283,0.44919363
1.1953,0.046969283,0.44793907
1.1954,0.061015923,0.44624245
1.1955,0.075002328,0.44410548
1.1956,0.0889147,0.44153026
1.1957,0.10273932,0.4385193
1.1957999,0.11646253,0.43507561
1.1959,0.13007079,0.43120256
1.196,0.14355068,0.42690399
1.1961,0.15688889,0.42218414
1.1962,0.17007226,0.41704765
1.1963,0.18308778,0.41149962
1.1964,0.19592261,0.4055455
1.1964999,0.20856409,0.3991912
1.1966,0.22099972,0.39244294
1.1967,0.23321724,0.38530743
1.1968,0.2452046,0.3777917
1.1969,0.25694996,0.36990315
1.197,0.26844177,0.36164954
1.1971,0.27966863,0.35303909
1.1971999,0.29061949,0.34408021
1.1973,0.30128354,0.33478183
1.1974,0.31165028,0.32515305
1.1975,0.32170942,0.31520343
1.1976,0.33145109,0.30494276
1.1977,0.34086567,0.29438117
1.1978,0.34994385,0.28352907
1.1979001,0.35867667,0.27239722
1.198,0.36705554,0.26099652
1.1981,0.37507215,0.24933831
1.1982,0.38271862,0.23743404
1.1983,0.38998741,0.22529547
1.1984,0.39687133,0.2129346
1.1985,0.40336359,0.20036359
1.1986001,0.40945777,0.18759486
1.1987,0.4151479,0.17464104
1.1988,0.42042831,0.16151488
1.1989,0.42529383,0.14822935
1.199,0.42973965,0.13479756
1.1991,0.43376136,0.12123275
1.1992,0.43735501,0.10754831
1.1993001,0.4405171,0.093757771
1.1993999,0.44324443,0.079874717
1.1995,0.44553432,0.06591285
1.1996,0.44738457,0.051885955
1.1997,0.44879329,0.037807874
1.1998,0.44975913,0.023692498
1.1999,0.45028114,0.0095537594
1.2,0.45035881,-0.0045943893
1.2,0.45035881,-0.0045943893
1.2000999,0.44999203,-0.018737597
1.2002,0.44918123,-0.032862075
1.2003,0.44792715,-0.046954468
1.2004,0.44623104,-0.061000761
1.2005,0.44409469,-0.07498689
1.2006,0.44152021,-0.088899054
1.2007,0.43851015,-0.10272343
1.2007999,0.43506736,-0.11644635
1.2009,0.43119517,-0.1300543
1.201,0.42689762,-0.14353387
1.2011,0.42217875,-0.15687175
1.2012,0.41704315,-0.17005475
1.2013,0.41149607,-0.18306991
1.2014,0.40554279,-0.19590439
1.2015001,0.39918914,-0.20854545
1.2016,0.3924416,-0.22098072
1.2017,0.38530678,-0.23319785
1.2018,0.37779188,-0.24518473
1.2019,0.36990407,-0.2569297
1.202,0.3616513,-0.26842102
1.2021,0.35304177,-0.27964732
1.2022001,0.34408385,-0.29059768
1.2023,0.33478647,-0.30126122
1.2024,0.32515886,-0.31162727
1.2025,0.31521046,-0.32168579
1.2026,0.30495107,-0.33142686
1.2027,0.29439092,-0.34084073
1.2028,0.28354034,-0.34991819
1.2029001,0.27241004,-0.35865036
1.2029999,0.26101109,-0.36702847
1.2031,0.24935476,-0.37504429
1.2032,0.23745248,-0.38269001
1.2033,0.22531606,-0.38995796
1.2034,0.2129575,-0.39684105
1.2035,0.20038897,-0.40333247
1.2036,0.18762286,-0.40942585
1.2036999,0.1746718,-0.41511518
1.2038,0.16154857,-0.42039484
1.2039,0.14826609,-0.42525965
1.204,0.13483749,-0.42970482
1.2041,0.12127602,-0.43372598
1.2042,0.10759507,-0.43731916
1.2043,0.093808144,-0.44048086
1.2043999,0.079928845,-0.44320789
1.2045,0.06597089,-0.44549763
1.2046,0.051948056,-0.44734779
1.2047,0.037874173,-0.44875658
1.2048,0.023763148,-0.44972262
1.2049,0.0096289096,-0.45024493
1.205,-0.0045145978,-0.45032302
1.2051001,-0.018653415,-0.44995686
1.2052,-0.032773588,-0.44914678
1.2053,-0.046861179,-0.44789362
1.2054,-0.06090229,-0.44619858
1.2055,-0.074883066,-0.44406343
1.2056,-0.088789709,-0.4414902
1.2057,-0.10260849,-0.43848151
1.2058001,-0.11632579,-0.43504032
1.2059,-0.12992805,-0.43117002
1.206,-0.14340188,-0.42687443
1.2061,-0.15673395,-0.42215782
1.2062,-0.16991113,-0.41702488
1.2063,-0.1829204,-0.41148067
1.2064,-0.19574896,-0.40553066
1.2065001,-0.20838411,-0.39918071
1.2066,-0.22081342,-0.39243716
1.2067,-0.23302461,-0.38530666
1.2068,-0.24500565,-0.37779623
1.2069,-0.25674471,-0.36991328
1.207,-0.26823023,-0.36166567
1.2071,-0.27945089,-0.3530615
1.2072001,-0.29039559,-0.34410927
1.2072999,-0.30105355,-0.33481786
1.2074,-0.31141427,-0.32519642
1.2075,-0.32146752,-0.31525445
1.2076,-0.3312034,-0.3050018
1.2077,-0.34061232,-0.29444858
1.2078,-0.34968501,-0.28360522
1.2079,-0.3584125,-0.27248242
1.2079999,-0.36678618,-0.2610912
1.2081,-0.37479785,-0.24944276
1.2082,-0.38243958,-0.23754862
1.2083,-0.38970387,-0.22542055
1.2084,-0.39658353,-0.21307051
1.2085,-0.40307176,-0.20051068
1.2086,-0.40916225,-0.1877535
1.2086999,-0.41484895,-0.17481153
1.2088,-0.42012629,-0.16169755
1.2089,-0.42498904,-0.14842454
1.209,-0.42943245,-0.13500556
1.2091,-0.43345213,-0.1214539
1.2092,-0.43704414,-0.10778291
1.2093,-0.44020495,-0.094006084
1.2094001,-0.44293144,-0.080137037
1.2095,-0.44522095,-0.066189446
1.2096,-0.44707125,-0.052177083
1.2097,-0.44848052,-0.038113773
1.2098,-0.44944736,-0.024013404
1.2099,-0.44997087,-0.0098898821
1.21,-0.45005053,0.0042428514
1.2101001,-0.44968632,0.018370848
1.2102,-0.44887856,0.032480169
1.2103,-0.44762805,0.04655689
1.2104,-0.44593611,0.060587127
1.2105,-0.44380441,0.074557029
1.2106,-0.44123501,0.088452823
1.2107,-0.43823054,0.10226079
1.2108001,-0.43479395,0.11596732
1.2108999,-0.43092865,0.12955888
1.211,-0.42663845,0.14302206
1.2111,-0.42192763,0.15634361
1.2112,-0.41680086,0.16951035
1.2113,-0.41126317,0.18250932
1.2114,-0.40532011,0.1953277
1.2115,-0.39897749,0.20795283
1.2115999,-0.39224166,0.22037227
1.2117,-0.3851192,0.23257379
1.2118,-0.37761721,0.24454536
1.2119,-0.36974311,0.25627515
1.212,-0.36150467,0.2677516
1.2121,-0.35291004,0.27896339
1.2122,-0.34396771,0.2898995
1.2122999,-0.33468649,0.30054915
1.2124,-0.32507563,0.31090182
1.2125,-0.31514454,0.32094732
1.2126,-0.30490309,0.33067572
1.2127,-0.29436138,0.34007749
1.2128,-0.28352985,0.34914333
1.2129,-0.27241915,0.35786432
1.2130001,-0.2610403,0.36623189
1.2131,-0.24940453,0.37423775
1.2132,-0.23752333,0.38187405
1.2133,-0.22540842,0.38913327
1.2134,-0.21307178,0.39600825
1.2135,-0.2005256,0.40249228
1.2136,-0.18778224,0.4085789
1.2137001,-0.17485431,0.41426215
1.2138,-0.16175456,0.41953647
1.2139,-0.14849594,0.42439663
1.214,-0.13509153,0.4288379
1.2141,-0.12155455,0.43285587
1.2142,-0.10789839,0.43644664
1.2143,-0.094136506,0.43960664
1.2144001,-0.080282494,0.4423328
1.2145,-0.066350035,0.44462246
1.2146,-0.052352861,0.44647336
1.2147,-0.038304798,0.44788373
1.2148,-0.024219712,0.44885215
1.2149,-0.010111496,0.44937769
1.215,0.0040059243,0.44945991
1.2151,0.018118618,0.44909868
1.2151999,0.032212663,0.44829443
1.2153,0.046274155,0.44704792
1.2154,0.060289215,0.44536048
1.2155,0.074244022,0.4432337
1.2156,0.088124804,0.44066978
1.2157,0.10191788,0.43767124
1.2158,0.11560963,0.43424106
1.2158999,0.12918656,0.43038264
1.216,0.14263527,0.42609984
1.2161,0.1559425,0.42139685
1.2162,0.16909513,0.41627836
1.2163,0.18208018,0.41074947
1.2164,0.19488485,0.40481561
1.2165,0.20749654,0.39848268
1.2165999,0.21990277,0.39175695
1.2167,0.23209134,0.38464504
1.2168,0.24405023,0.37715402
1.2169,0.25576764,0.36929134
1.217,0.26723203,0.36106467
1.2171,0.2784321,0.35248226
1.2172,0.28935683,0.3435525
1.2173001,0.29999539,0.33428428
1.2174,0.31033736,0.32468674
1.2175,0.32037255,0.31476939
1.2176,0.33009103,0.30454198
1.2177,0.33948326,0.29401466
1.2178,0.34853998,0.28319785
1.2179,0.35725227,0.27210218
1.2180001,0.36561155,0.26073864
1.2181,0.3736096,0.24911846
1.2182,0.38123855,0.23725311
1.2183,0.38849086,0.22515433
1.2184,0.3953594,0.21283405
1.2185,0.40183744,0.20030445
1.2186,0.40791857,0.18757789
1.2187001,0.41359684,0.17466696
1.2187999,0.41886666,0.16158438
1.2189,0.42372286,0.14834309
1.219,0.42816067,0.13495615
1.2191,0.4321757,0.12143678
1.2192,0.43576401,0.10779834
1.2193,0.43892214,0.094054282
1.2194,0.44164693,0.080218174
1.2194999,0.44393575,0.06630367
1.2196,0.44578636,0.052324507
1.2197,0.44719693,0.038294487
1.2198,0.44816613,0.024227452
1.2199,0.44869301,0.010137282
1.22,0.44877705,-0.0039621131
1.2201,0.44841823,-0.018056825
1.2201999,0.4476169,-0.032132942
1.2203,0.44637388,-0.046176579
1.2204,0.44469041,-0.060173877
1.2205,0.44256818,-0.07411103
1.2206,0.4400093,-0.087974288
1.2207,0.43701634,-0.10174997
1.2208,0.43359226,-0.11542449
1.2209001,0.42974046,-0.12898436
1.221,0.42546475,-0.14241621
1.2211,0.42076939,-0.15570679
1.2212,0.41565904,-0.16884299
1.2213,0.41013876,-0.18181185
1.2214,0.40421396,-0.1946006
1.2215,0.39789063,-0.20719661
1.2216001,0.39117491,-0.21958748
1.2217,0.3840735,-0.23176096
1.2218,0.37659341,-0.24370508
1.2219,0.36874208,-0.25540805
1.222,0.36052722,-0.26685834
1.2221,0.35195699,-0.27804467
1.2222,0.34303984,-0.28895602
1.2223001,0.33378464,-0.29958162
1.2224,0.32420048,-0.30991098
1.2225,0.31429684,-0.31993398
1.2226,0.30408356,-0.32964069
1.2227,0.29357067,-0.33902156
1.2228,0.28276861,-0.34806737
1.2229,0.27168801,-0.3567692
1.223,0.26033986,-0.3651185
1.2230999,0.24873534,-0.37310699
1.2232,0.23688594,-0.38072687
1.2233,0.22480333,-0.3879706
1.2234,0.21249947,-0.39483106
1.2235,0.1999865,-0.4013015
1.2236,0.1872768,-0.40737554
1.2237,0.17438291,-0.41304725
1.2237999,0.16131754,-0.418311
1.2239,0.14809363,-0.42316166
1.224,0.1347242,-0.42759445
1.2241,0.12122248,-0.43160498
1.2242,0.10760178,-0.43518937
1.2243,0.093875565,-0.43834406
1.2244,0.080057368,-0.441066
1.2244999,0.066160835,-0.44335246
1.2246,0.052199688,-0.44520128
1.2247,0.038187701,-0.4466106
1.2248,0.024138708,-0.44757906
1.2249,0.010066573,-0.44810575
1.225,-0.0040148203,-0.44819018
1.2251,-0.018091571,-0.44783223
1.2252001,-0.032149788,-0.44703233
1.2253,-0.046175603,-0.44579127
1.2254,-0.060155172,-0.4441103
1.2255,-0.074074708,-0.44199112
1.2256,-0.087920472,-0.43943578
1.2257,-0.1016788,-0.43644688
1.2258,-0.11533614,-0.43302739
1.2259001,-0.128879,-0.42918065
1.226,-0.14229402,-0.42491052
1.2261,-0.15556797,-0.42022124
1.2262,-0.16868778,-0.41511744
1.2263,-0.18164048,-0.40960419
1.2264,-0.19441329,-0.40368694
1.2265,-0.20699365,-0.39737153
1.2266001,-0.21936913,-0.39066422
1.2266999,-0.23152754,-0.38357168
1.2268,-0.24345689,-0.3761009
1.2269,-0.2551454,-0.36825925
1.227,-0.26658157,-0.36005455
1.2271,-0.2777541,-0.35149485
1.2272,-0.28865197,-0.34258863
1.2273,-0.29926449,-0.3333447
1.2273999,-0.30958119,-0.32377219
1.2275,-0.31959185,-0.31388059
1.2276,-0.32928663,-0.30367965
1.2277,-0.33865601,-0.29317945
1.2278,-0.34769073,-0.28239036
1.2279,-0.35638189,-0.27132306
1.228,-0.36472091,-0.25998849
1.2280999,-0.37269962,-0.24839781
1.2282,-0.38031015,-0.23656251
1.2283,-0.38754496,-0.22449425
1.2284,-0.39439699,-0.21220496
1.2285,-0.40085945,-0.19970679
1.2286,-0.40692604,-0.18701208
1.2287,-0.41259068,-0.17413335
1.2288001,-0.4178479,-0.16108333
1.2289,-0.42269251,-0.14787491
1.229,-0.42711973,-0.13452111
1.2291,-0.43112519,-0.12103513
1.2292,-0.43470499,-0.10743029
1.2293,-0.4378556,-0.093720019
1.2294,-0.44057393,-0.079917841
1.2295001,-0.44285733,-0.066037394
1.2296,-0.44470355,-0.052092366
1.2297,-0.44611079,-0.038096532
1.2298,-0.44707769,-0.024063701
1.2299,-0.44760329,-0.010007724
1.23,-0.44768709,0.0040575261
1.2301,-0.44732907,0.018118169
1.2302001,-0.44652957,0.032160327
1.2302999,-0.44528937,0.046170149
1.2304,-0.44360977,0.060133804
1.2305,-0.44149241,0.074037515
1.2306,-0.43893942,0.087867565
1.2307,-0.43595332,0.10161031
1.2308,-0.43253705,0.11525219
1.2309,-0.42869407,0.12877975
1.2309999,-0.42442811,0.14217964
1.2311,-0.41974348,0.15543863
1.2312,-0.41464472,0.16854367
1.2313,-0.40913698,0.18148181
1.2314,-0.40322566,0.19424029
1.2315,-0.3969166,0.20680654
1.2316,-0.39021605,0.21916814
1.2316999,-0.38313067,0.23131295
1.2318,-0.37566745,0.24322893
1.2319,-0.36783373,0.25490436
1.232,-0.35963732,0.26632774
1.2321,-0.35108629,0.27748778
1.2322,-0.3421891,0.28837353
1.2323,-0.33295453,0.29897419
1.2323999,-0.32339174,0.30927932
1.2325,-0.31351012,0.31927881
1.2326,-0.30331951,0.32896274
1.2327,-0.2928299,0.33832163
1.2328,-0.28205171,0.34734622
1.2329,-0.27099562,0.3560276
1.233,-0.25967243,0.36435726
1.2331001,-0.24809344,0.37232697
1.2332,-0.23627006,0.37992889
1.2333,-0.22421393,0.38715547
1.2334,-0.21193698,0.3939997
1.2335,-0.19945134,0.40045476
1.2336,-0.18676934,0.40651432
1.2337,-0.17390348,0.41217241
1.2338001,-0.1608665,0.41742346
1.2339,-0.14767125,0.42226231
1.234,-0.13433076,0.4266842
1.2341,-0.12085821,0.43068478
1.2342,-0.10726689,0.43426013
1.2343,-0.093570217,0.43740669
1.2344,-0.079781719,0.44012141
1.2345001,-0.065915003,0.44240165
1.2345999,-0.051983766,0.4442451
1.2347,-0.038001746,0.44565004
1.2348,-0.023982752,0.44661504
1.2349,-0.0099406177,0.44713917
1.235,0.0041107982,0.44722199
1.2351,0.018157626,0.44686335
1.2352,0.032186005,0.44606367
1.2352999,0.046182092,0.44482374
1.2354,0.060132075,0.4431448
1.2355,0.074022189,0.44102851
1.2356,0.087838717,0.43847701
1.2357,0.10156804,0.43549278
1.2358,0.11519662,0.43207884
1.2359,0.12871099,0.42823851
1.2359999,0.1420978,0.42397568
1.2361,0.15534389,0.41929448
1.2362,0.16843617,0.41419959
1.2363,0.18136172,0.40869606
1.2364,0.19410779,0.40278932
1.2365,0.20666181,0.39648521
1.2366,0.2190114,0.38978997
1.2367001,0.23114435,0.38271022
1.2368,0.24304874,0.37525296
1.2369,0.25471282,0.36742556
1.237,0.26612505,0.35923576
1.2371,0.27727419,0.35069168
1.2372,0.2881493,0.34180173
1.2373,0.29873955,0.33257467
1.2374001,0.30903459,0.32301968
1.2375,0.31902424,0.31314617
1.2376,0.32869864,0.30296388
1.2377,0.33804828,0.29248291
1.2378,0.3470639,0.28171358
1.2379,0.35573664,0.27066654
1.238,0.36405793,0.25935268
1.2381001,0.37201962,0.24778321
1.2381999,0.37961382,0.23596954
1.2383,0.38683304,0.22392333
1.2384,0.3936702,0.21165648
1.2385,0.40011853,0.19918109
1.2386,0.40617171,0.18650952
1.2387,0.41182375,0.17365424
1.2388,0.41706911,0.16062796
1.2388999,0.4219026,0.14744355
1.239,0.42631948,0.134114
1.2391,0.43031541,0.1206525
1.2392,0.43388644,0.10707232
1.2393,0.43702903,0.093386866
1.2394,0.43974018,0.079609662
1.2395,0.44201714,0.065754294
1.2395999,0.44385773,0.051834449
1.2397,0.44526011,0.037863865
1.2398,0.44622293,0.023856325
1.2399,0.44674525,0.0098256599
1.24,0.44682655,-0.0042142817
1.2401,0.4464668,-0.018249646
1.2402,0.44566631,-0.03226658
1.2403001,0.44442594,-0.046251249
1.2404,0.44274691,-0.060189851
1.2405,0.44063085,-0.074068636
1.2406,0.43807992,-0.087873898
1.2407,0.43509662,-0.10159203
1.2408,0.4316839,-0.11520948
1.2409,0.42784515,-0.1287128
1.2410001,0.42358416,-0.14208871
1.2411,0.41890517,-0.15532397
1.2412,0.41381282,-0.16840553
1.2413,0.40831208,-0.1813205
1.2414,0.40240845,-0.19405612
1.2415,0.39610776,-0.20659985
1.2416,0.38941622,-0.21893927
1.2417001,0.38234043,-0.23106225
1.2418,0.37488744,-0.24295682
1.2419,0.36706457,-0.25461122
1.242,0.35887954,-0.26601401
1.2421,0.35034049,-0.27715388
1.2422,0.34145582,-0.28801987
1.2423,0.33223432,-0.29860127
1.2424001,0.32268509,-0.30888763
1.2424999,0.31281757,-0.31886882
1.2426,0.30264151,-0.32853499
1.2427,0.29216695,-0.33787659
1.2428,0.28140423,-0.34688443
1.2429,0.27036399,-0.35554963
1.243,0.25905716,-0.36386365
1.2431,0.24749486,-0.37181824
1.2431999,0.23568852,-0.37940562
1.2433,0.22364983,-0.38661829
1.2434,0.21139064,-0.39344916
1.2435,0.19892307,-0.39989144
1.2436,0.18625942,-0.40593883
1.2437,0.17341222,-0.41158536
1.2438,0.16039412,-0.41682547
1.2438999,0.14721799,-0.42165399
1.244,0.13389684,-0.42606616
1.2441,0.12044382,-0.43005762
1.2442,0.10687221,-0.43362448
1.2443,0.093195401,-0.43676323
1.2444,0.0794269,-0.43947074
1.2445,0.065580294,-0.44174436
1.2446001,0.051669255,-0.44358188
1.2447,0.037707515,-0.44498146
1.2448,0.02370885,-0.44594175
1.2449,0.0096870856,-0.44646183
1.245,-0.004343946,-0.44654116
1.2451,-0.018370394,-0.44617969
1.2452,-0.032378413,-0.4453778
1.2453001,-0.046354178,-0.44413626
1.2454,-0.060283899,-0.44245631
1.2455,-0.074153826,-0.44033965
1.2456,-0.087950274,-0.43778834
1.2457,-0.10165962,-0.43480492
1.2458,-0.11526834,-0.43139234
1.2459,-0.12876301,-0.42755401
1.2460001,-0.1421303,-0.42329368
1.2460999,-0.15535703,-0.41861558
1.2462,-0.16843013,-0.41352433
1.2463,-0.18133673,-0.40802497
1.2464,-0.19406408,-0.40212294
1.2465,-0.20659962,-0.3958241
1.2466,-0.21893099,-0.38913462
1.2467,-0.23104601,-0.38206112
1.2467999,-0.24293272,-0.37461063
1.2469,-0.2545794,-0.36679047
1.247,-0.26597458,-0.35860837
1.2471,-0.277107,-0.35007244
1.2472,-0.28796569,-0.34119108
1.2473,-0.29853991,-0.33197308
1.2474,-0.30881923,-0.32242754
1.2474999,-0.31879354,-0.3125639
1.2476,-0.32845297,-0.30239186
1.2477,-0.33778805,-0.2919215
1.2478,-0.34678948,-0.28116316
1.2479,-0.35544845,-0.27012748
1.248,-0.36375642,-0.2588253
1.2481,-0.37170514,-0.24726781
1.2482001,-0.37928683,-0.23546644
1.2483,-0.38649398,-0.22343282
1.2484,-0.39331952,-0.21117884
1.2485,-0.39975667,-0.1987166
1.2486,-0.40579909,-0.1860584
1.2487,-0.41144085,-0.17321673
1.2488,-0.4166764,-0.16020428
1.2489001,-0.42150053,-0.1470339
1.249,-0.42590851,-0.13371857
1.2491,-0.429896,-0.12027144
1.2492,-0.43345907,-0.1067058
1.2493,-0.43659422,-0.093035027
1.2494,-0.43929833,-0.079272628
1.2495,-0.44156879,-0.065432176
1.2496001,-0.4434033,-0.051527344
1.2497,-0.44480011,-0.037571844
1.2498,-0.44575781,-0.023579462
1.2499,-0.44627547,-0.009564002
1.25,-0.44635263,0.0044606999
1.2501,-0.44598916,0.0184808
1.2502,-0.44518545,0.03248246
1.2503,-0.44394231,0.046451863
1.2503999,-0.44226095,0.060375221
1.2505,-0.44014308,0.074238792
1.2506,-0.43759072,0.088028893
1.2507,-0.43460646,0.10173191
1.2508,-0.43119323,0.11533433
1.2509,-0.42735443,0.12882271
1.251,-0.4230938,0.14218377
1.2510999,-0.41841561,0.1554043
1.2512,-0.41332442,0.16847125
1.2513,-0.40782532,0.18137173
1.2514,-0.40192372,0.19409302
1.2515,-0.39562541,0.20662256
1.2516,-0.3889367,0.21894798
1.2517,-0.38186413,0.23105712
1.2517999,-0.37441471,0.24293804
1.2519,-0.36659577,0.25457901
1.252,-0.35841507,0.26596853
1.2521,-0.34988067,0.27709538
1.2522,-0.34100097,0.28794858
1.2523,-0.33178481,0.29851744
1.2524,-0.32224122,0.30879146
1.2525001,-0.31237966,0.31876057
1.2526,-0.30220988,0.32841492
1.2527,-0.29174188,0.33774498
1.2528,-0.28098601,0.34674153
1.2529,-0.26995289,0.35539573
1.253,-0.25865343,0.36369899
1.2531,-0.24709877,0.37164319
1.2532001,-0.23530032,0.37922043
1.2533,-0.22326973,0.38642326
1.2534,-0.21101888,0.39324456
1.2535,-0.19855985,0.39967763
1.2536,-0.18590495,0.40571609
1.2537,-0.17306668,0.41135404
1.2538,-0.16005769,0.41658583
1.2539001,-0.14689085,0.42140639
1.2539999,-0.13357913,0.4258109
1.2541,-0.1201357,0.42979509
1.2542,-0.10657381,0.43335494
1.2543,-0.09290684,0.43648702
1.2544,-0.079148307,0.43918821
1.2545,-0.065311767,0.44145584
1.2546,-0.051410891,0.44328767
1.2546999,-0.037459396,0.44468194
1.2548,-0.023471052,0.44563723
1.2549,-0.0094596641,0.44615263
1.255,0.0045609334,0.44622761
1.2551,0.018576903,0.44586211
1.2552,0.032574415,0.44505653
1.2553,0.046539649,0.44381163
1.2553999,0.06045882,0.44212863
1.2555,0.0743182,0.44000924
1.2556,0.088104099,0.43745553
1.2557,0.10180292,0.43447003
1.2558,0.11540113,0.43105567
1.2559,0.12888531,0.42721584
1.256,0.14224218,0.42295435
1.2561001,0.15545852,0.41827539
1.2562,0.1685213,0.41318357
1.2563,0.18141764,0.40768397
1.2564,0.1941348,0.40178195
1.2565,0.20666023,0.3954834
1.2566,0.21898158,0.38879451
1.2567,0.23108666,0.38172185
1.2568001,0.24296357,0.3742725
1.2569,0.25460055,0.36645374
1.257,0.26598611,0.35827327
1.2571,0.27710906,0.34973925
1.2572,0.28795841,0.34086004
1.2573,0.29852343,0.33164442
1.2574,0.30879369,0.3221015
1.2575001,0.31875908,0.31224072
1.2575999,0.32840973,0.30207178
1.2577,0.33773619,0.2916047
1.2578,0.34672919,0.28084987
1.2579,0.35537985,0.26981789
1.258,0.36367968,0.25851962
1.2581,0.37162048,0.24696624
1.2582,0.37919441,0.23516916
1.2582999,0.38639396,0.22314
1.2584,0.39321208,0.21089065
1.2585,0.39964202,0.19843321
1.2586,0.40567741,0.18577996
1.2587,0.41131234,0.1729434
1.2588,0.41654125,0.15993619
1.2589,0.42135891,0.14677118
1.2589999,0.42576069,0.13346137
1.2591,0.42974213,0.12001989
1.2592,0.43329936,0.10646
1.2593,0.43642884,0.092795096
1.2594,0.43912753,0.079038665
1.2595,0.44139275,0.065204278
1.2596,0.44322225,0.051305596
1.2596999,0.44461423,0.037356336
1.2598,0.44556734,0.023370268
1.2599,0.44608063,0.0093611935
1.26,0.44615358,-0.0046570557
1.2601,0.44578612,-0.018670648
1.2602,0.44497862,-0.032665752
1.2603,0.4437319,-0.046628546
1.2604001,0.44204718,-0.060545262
1.2605,0.43992612,-0.074402153
1.2606,0.43737084,-0.088185549
1.2607,0.43438381,-0.10188184
1.2608,0.43096802,-0.11547751
1.2609,0.42712682,-0.12895915
1.261,0.42286402,-0.14231344
1.2611001,0.41818386,-0.1555272
1.2612,0.41309091,-0.1685874
1.2613,0.40759021,-0.18148114
1.2614,0.40168718,-0.1941957
1.2615,0.39538771,-0.20671853
1.2616,0.38869792,-0.21903726
1.2617,0.38162452,-0.23113975
1.2618001,0.37417442,-0.24301404
1.2618999,0.36635497,-0.25464842
1.262,0.35817394,-0.26603141
1.2621,0.34963939,-0.27715176
1.2622,0.34075972,-0.28799853
1.2623,0.33154371,-0.29856095
1.2624,0.32200047,-0.30882865
1.2625,0.31213939,-0.31879151
1.2625999,0.30197024,-0.32843962
1.2627,0.29150304,-0.33776355
1.2628,0.2807481,-0.34675404
1.2629,0.26971608,-0.35540223
1.263,0.25841784,-0.36369959
1.2631,0.24686456,-0.37163791
1.2632,0.23506759,-0.3792094
1.2632999,0.22303863,-0.38640654
1.2634,0.21078953,-0.39322227
1.2635,0.19833238,-0.39964983
1.2636,0.18567948,-0.40568289
1.2637,0.17284332,-0.4113155
1.2638,0.15983656,-0.41654208
1.2639,0.14667206,-0.42135751
1.2640001,0.13336278,-0.42575702
1.2641,0.11992189,-0.42973626
1.2642,0.10636263,-0.43329129
1.2643,0.09269841,-0.43641865
1.2644,0.078942694,-0.4391152
1.2645,0.065109067,-0.4413783
1.2646,0.051211189,-0.44320574
1.2647001,0.037262771,-0.44459566
1.2648,0.023277584,-0.44554675
1.2649,0.0092694312,-0.44605806
1.265,-0.0047478653,-0.44612905
1.2651,-0.018760467,-0.44575968
1.2652,-0.03275454,-0.44495034
1.2653,-0.046716277,-0.44370174
1.2654001,-0.060631897,-0.4420152
1.2654999,-0.074487664,-0.43989238
1.2656,-0.088269904,-0.43733531
1.2657,-0.101965,-0.43434659
1.2658,-0.11555946,-0.43092912
1.2659,-0.12903985,-0.42708629
1.266,-0.14239286,-0.42282188
1.2661,-0.15560533,-0.41814014
1.2661999,-0.1686642,-0.41304564
1.2663,-0.18155658,-0.40754342
1.2664,-0.19426978,-0.40163895
1.2665,-0.20679119,-0.39533803
1.2666,-0.21910851,-0.38864687
1.2667,-0.23120955,-0.38157207
1.2668,-0.24308237,-0.37412065
1.2668999,-0.25471526,-0.36629993
1.267,-0.26609674,-0.35811764
1.2671,-0.27721557,-0.34958187
1.2672,-0.28806078,-0.34070101
1.2673,-0.29862165,-0.33148387
1.2674,-0.30888778,-0.32193953
1.2675,-0.318849,-0.31207737
1.2676001,-0.32849553,-0.30190718
1.2677,-0.33781782,-0.291439
1.2678,-0.34680665,-0.2806831
1.2679,-0.35545319,-0.26965016
1.268,-0.36374888,-0.25835103
1.2681,-0.37168553,-0.24679689
1.2682,-0.37925529,-0.23499912
1.2683001,-0.38645074,-0.22296938
1.2684,-0.39326474,-0.21071956
1.2685,-0.39969057,-0.19826169
1.2686,-0.4057219,-0.18560813
1.2687,-0.41135275,-0.17277135
1.2688,-0.41657761,-0.15976401
1.2689,-0.42139125,-0.14659895
1.2690001,-0.42578897,-0.13328916
1.2691,-0.42976642,-0.11984779
1.2692,-0.43331969,-0.10628811
1.2693,-0.43644524,-0.09262348
1.2694,-0.43913999,-0.078867406
1.2695,-0.4414013,-0.065033458
1.2696,-0.44322693,-0.051135298
1.2697001,-0.44461507,-0.037186634
1.2697999,-0.44556436,-0.023201242
1.2699,-0.44607383,-0.0091929184
1.27,-0.446143,0.0048245084
1.2701,-0.44577184,0.0188372
1.2702,-0.44496065,0.03283133
1.2703,-0.44371027,0.046793081
1.2704,-0.44202194,0.060708676
1.2704999,-0.43989727,0.074564382
1.2706,-0.43733841,0.088346519
1.2707,-0.43434787,0.10204148
1.2708,-0.43092862,0.11563576
1.2709,-0.427084,0.12911592
1.271,-0.4228178,0.14246869
1.2711,-0.41813427,0.15568087
1.2711999,-0.41303799,0.16873939
1.2713,-0.40753403,0.18163142
1.2714,-0.40162781,0.19434419
1.2715,-0.39532512,0.20686516
1.2716,-0.38863221,0.21918198
1.2717,-0.38155571,0.2312825
1.2718,-0.37410256,0.24315476
1.2719001,-0.36628014,0.25478706
1.272,-0.35809618,0.26616791
1.2721,-0.34955871,0.27728605
1.2722,-0.34067622,0.28813052
1.2723,-0.33145741,0.29869065
1.2724,-0.32191142,0.30895597
1.2725,-0.31204769,0.31891638
1.2726001,-0.30187592,0.32856205
1.2727,-0.29140612,0.33788341
1.2728,-0.28064868,0.34687132
1.2729,-0.26961422,0.35551688
1.273,-0.2583136,0.36381155
1.2731,-0.24675795,0.37174717
1.2732,-0.23495872,0.37931585
1.2733001,-0.22292754,0.38651019
1.2733999,-0.2106763,0.39332303
1.2735,-0.19821706,0.3997477
1.2736,-0.18556213,0.40577778
1.2737,-0.17272401,0.41140738
1.2738,-0.15971537,0.41663095
1.2739,-0.14654903,0.42144328
1.274,-0.133238,0.42583966
1.2740999,-0.11979543,0.42981574
1.2742,-0.10623456,0.43336758
1.2743,-0.092568785,0.4364917
1.2744,-0.078811601,0.43918499
1.2745,-0.06497658,0.44144478
1.2746,-0.05107737,0.4432689
1.2747,-0.037127703,0.44465548
1.2747999,-0.023141339,0.44560316
1.2749,-0.0091320844,0.44611105
1.275,0.0048862328,0.44617862
1.2751,0.018899776,0.44580579
1.2752,0.032894719,0.44499293
1.2753,0.046857242,0.44374084
1.2754,0.060773566,0.44205078
1.2755001,0.074629955,0.43992439
1.2756,0.088412739,0.43736377
1.2757,0.10210831,0.43437147
1.2758,0.11570314,0.4309504
1.2759,0.12918381,0.42710397
1.276,0.14253704,0.42283598
1.2761,0.15574963,0.4181506
1.2762001,0.16880855,0.41305247
1.2763,0.18170089,0.40754664
1.2764,0.19441393,0.40163854
1.2765,0.20693514,0.39533398
1.2766,0.21925215,0.38863921
1.2767,0.23135279,0.3815608
1.2768,0.24322514,0.37410575
1.2769001,0.25485748,0.36628142
1.277,0.26623827,0.35809553
1.2771,0.27735636,0.34955618
1.2772,0.28820074,0.34067178
1.2773,0.29876068,0.33145106
1.2774,0.30902579,0.32190317
1.2775,0.31898594,0.31203753
1.2776,0.32863128,0.30186385
1.2776999,0.33795229,0.29139218
1.2778,0.34693977,0.28063285
1.2779,0.35558486,0.26959652
1.278,0.36387902,0.25829402
1.2781,0.37181404,0.24673654
1.2782,0.37938213,0.23493548
1.2783,0.38657579,0.22290248
1.2783999,0.39338791,0.21064943
1.2785,0.39981177,0.19818841
1.2786,0.40584105,0.18553172
1.2787,0.41146979,0.17269185
1.2788,0.41669244,0.15968148
1.2789,0.42150381,0.14651345
1.279,0.42589918,0.13320075
1.2790999,0.42987418,0.11975652
1.2792,0.43342492,0.10619403
1.2793,0.43654788,0.092526659
1.2794,0.43923998,0.078767918
1.2795,0.44149855,0.064931363
1.2796,0.44332138,0.051030662
1.2797,0.44470662,0.037079532
1.2798001,0.44565296,0.023091741
1.2799,0.44615942,0.0090810983
1.28,0.44622555,-0.0049385694
1.2801,0.44585124,-0.018953426
1.2802,0.44503686,-0.032949638
1.2803,0.44378322,-0.046913389
1.2804,0.44209155,-0.060830902
1.2805001,0.43996352,-0.074688435
1.2806,0.43740126,-0.088472314
1.2807,0.43440726,-0.10216893
1.2808,0.43098447,-0.11576477
1.2809,0.4271363,-0.12924641
1.281,0.42286649,-0.14260054
1.2811,0.4181793,-0.15581399
1.2812001,0.41307935,-0.1688737
1.2812999,0.40757167,-0.18176679
1.2814,0.40166169,-0.19448055
1.2815,0.39535522,-0.20700242
1.2816,0.38865852,-0.21932001
1.2817,0.38157818,-0.2314212
1.2818,0.37412119,-0.24329403
1.2819,0.36629489,-0.25492677
1.2819999,0.35810703,-0.26630798
1.2821,0.34956565,-0.27742639
1.2822,0.34067926,-0.28827101
1.2823,0.33145654,-0.29883116
1.2824,0.32190663,-0.30909643
1.2825,0.31203896,-0.31905666
1.2826,0.30186325,-0.32870203
1.2826999,0.29138955,-0.33802301
1.2828,0.2806282,-0.3470104
1.2829,0.26958984,-0.35565534
1.283,0.25828531,-0.36394927
1.2831,0.24672583,-0.37188405
1.2832,0.23492275,-0.37945181
1.2833,0.22288775,-0.38664508
1.2834001,0.21063271,-0.39345676
1.2835,0.19816972,-0.39988014
1.2836,0.18551107,-0.40590888
1.2837,0.17266926,-0.41153699
1.2838,0.15965696,-0.41675895
1.2839,0.14648701,-0.42156962
1.284,0.13317242,-0.42596421
1.2841001,0.11972632,-0.42993838
1.2842,0.10616199,-0.43348822
1.2843,0.092492819,-0.43661025
1.2844,0.078732282,-0.43930134
1.2845,0.064893968,-0.44155884
1.2846,0.050991539,-0.44338056
1.2847,0.037038714,-0.44476467
1.2848001,0.023049261,-0.44570979
1.2849,0.0090369945,-0.44621503
1.285,-0.0049842638,-0.44627985
1.2851,-0.019000672,-0.44590417
1.2852,-0.032998394,-0.44508842
1.2853,-0.046963613,-0.44383332
1.2854,-0.060882553,-0.44214019
1.2855,-0.074741468,-0.44001067
1.2855999,-0.088526681,-0.4374468
1.2857,-0.1022246,-0.43445119
1.2858,-0.11582167,-0.43102679
1.2859,-0.12930451,-0.42717692
1.286,-0.14265978,-0.42290542
1.2861,-0.15587433,-0.4182165
1.2862,-0.16893508,-0.41311476
1.2862999,-0.18182917,-0.40760526
1.2864,-0.19454385,-0.40169343
1.2865,-0.2070666,-0.39538512
1.2866,-0.21938501,-0.38868654
1.2867,-0.23148696,-0.38160428
1.2868,-0.2433605,-0.37414536
1.2869,-0.25499392,-0.36631709
1.2869999,-0.26637569,-0.35812727
1.2871,-0.27749464,-0.34958392
1.2872,-0.28833973,-0.3406955
1.2873,-0.29890031,-0.33147076
1.2874,-0.30916592,-0.32191882
1.2875,-0.31912646,-0.31204912
1.2876,-0.32877204,-0.30187136
1.2877001,-0.33809319,-0.29139563
1.2878,-0.34708071,-0.28063223
1.2879,-0.35572568,-0.26959178
1.288,-0.3640196,-0.25828522
1.2881,-0.37195429,-0.24672365
1.2882,-0.37952191,-0.23491853
1.2883,-0.38671499,-0.2228815
1.2884001,-0.39352641,-0.2106244
1.2885,-0.39994946,-0.19815937
1.2886,-0.40597782,-0.1854987
1.2887,-0.41160551,-0.17265488
1.2888,-0.41682696,-0.15964058
1.2889,-0.42163706,-0.14646867
1.289,-0.42603099,-0.13315211
1.2891001,-0.43000451,-0.11970408
1.2891999,-0.43355361,-0.10613784
1.2893,-0.43667483,-0.092466772
1.2894,-0.43936506,-0.078704365
1.2895,-0.44162169,-0.064864218
1.2896,-0.44344243,-0.050959982
1.2897,-0.4448255,-0.037005376
1.2898,-0.44576958,-0.02301418
1.2898999,-0.44627368,-0.0090001989
1.29,-0.44633731,0.0050227358
1.2901,-0.44596043,0.019040782
1.2902,-0.4451434,0.033040106
1.2903,-0.443887,0.047006886
1.2904,-0.44219249,0.060927346
1.2905,-0.44006154,0.074787736
1.2905999,-0.43749624,0.088574387
1.2907,-0.43449914,0.10227368
1.2908,-0.43107319,0.1158721
1.2909,-0.42722175,0.12935622
1.291,-0.42294863,0.14271274
1.2911,-0.41825807,0.15592848
1.2912,-0.41315466,0.16899037
1.2913001,-0.40764344,0.18188554
1.2914,-0.40172988,0.19460127
1.2915,-0.39541978,0.20712498
1.2916,-0.38871938,0.21944433
1.2917,-0.38163531,0.23154716
1.2918,-0.37417451,0.24342151
1.2919,-0.36634439,0.25505567
1.2920001,-0.35815266,0.26643816
1.2921,-0.34960738,0.27755773
1.2922,-0.34071705,0.28840339
1.2923,-0.33149037,0.2989645
1.2924,-0.32193646,0.30923057
1.2925,-0.31206477,0.31919149
1.2926,-0.30188504,0.32883742
1.2927001,-0.29140732,0.33815885
1.2927999,-0.28064191,0.34714657
1.2929,-0.2695995,0.35579169
1.293,-0.25829092,0.36408573
1.2931,-0.24672735,0.37202045
1.2932,-0.23492023,0.37958804
1.2933,-0.22288118,0.38678101
1.2934,-0.21062212,0.39359227
1.2934999,-0.19815511,0.40001512
1.2936,-0.18549246,0.4060432
1.2937,-0.17264667,0.41167054
1.2938,-0.15963045,0.4168916
1.2939,-0.14645658,0.42170122
1.294,-0.13313812,0.42609468
1.2941,-0.1196882,0.4300676
1.2941999,-0.10612008,0.43361607
1.2943,-0.092447154,0.43673661
1.2944,-0.078682922,0.43942612
1.2945,-0.064840972,0.44168192
1.2946,-0.050934959,0.44350183
1.2947,-0.03697861,0.44488403
1.2948,-0.022985697,0.44582713
1.2948999,-0.0089700324,0.44633022
1.295,0.0050545512,0.4463928
1.2951,0.019074209,0.44601482
1.2952,0.033075109,0.4451966
1.2953,0.047043432,0.44393903
1.2954,0.060965385,0.44224328
1.2955,0.074827239,0.44011104
1.2956001,0.088615298,0.43754441
1.2957,0.10231596,0.43454593
1.2958,0.11591571,0.43111855
1.2959,0.12940112,0.42726567
1.296,0.14275886,0.42299107
1.2961,0.15597577,0.41829896
1.2962,0.16903882,0.413194
1.2963001,0.18193507,0.4076812
1.2964,0.19465183,0.401766
1.2965,0.20717652,0.39545426
1.2966,0.2194968,0.38875219
1.2967,0.23160049,0.38166642
1.2968,0.24347566,0.37420389
1.2969,0.25511059,0.36637202
1.2970001,0.26649377,0.35817853
1.2970999,0.277614,0.34963146
1.2972,0.28846028,0.34073931
1.2973,0.2990219,0.33151081
1.2974,0.30928844,0.32195508
1.2975,0.31924981,0.31208158
1.2976,0.32889611,0.3019
1.2977,0.33821782,0.2914204
1.2977999,0.34720579,0.28065315
1.2979,0.35585111,0.26960883
1.298,0.36414528,0.2582984
1.2981,0.37208006,0.24673297
1.2982,0.37964767,0.23492397
1.2983,0.38684058,0.22288308
1.2984,0.39365175,0.21062213
1.2984999,0.40007445,0.19815327
1.2986,0.4061023,0.18548879
1.2987,0.41172937,0.17264117
1.2988,0.41695011,0.15962312
1.2989,0.42175934,0.14644746
1.299,0.42615235,0.13312721
1.2991,0.43012476,0.11967552
1.2992001,0.4336727,0.10610565
1.2993,0.43679261,0.092430994
1.2994,0.43948147,0.078665063
1.2995,0.44173655,0.06482143
1.2996,0.44355571,0.050913759
1.2997,0.44493708,0.036955785
1.2998,0.44587931,0.022961272
1.2999001,0.44638151,0.0089440411
1.3,0.44644314,-0.0050820755
1.3001,0.44606414,-0.019103236
1.3002,0.44524488,-0.033105604
1.3003,0.44398621,-0.047075354
1.3004,0.44228932,-0.060998701
1.3005,0.44015589,-0.074861906
1.3006001,0.43758807,-0.088651277
1.3006999,0.43458834,-0.10235322
1.3008,0.43115968,-0.11595419
1.3009,0.42730549,-0.12944078
1.301,0.42302951,-0.14279968
1.3011,0.418336,-0.15601768
1.3012,0.41322964,-0.16908176
1.3013,0.40771538,-0.18197902
1.3013999,0.40179873,-0.19469672
1.3015,0.39548546,-0.20722233
1.3016,0.38878188,-0.21954346
1.3017,0.38169453,-0.23164795
1.3018,0.37423044,-0.24352388
1.3019,0.36639696,-0.2551595
1.302,0.35820186,-0.26654336
1.3020999,0.34965318,-0.27766415
1.3022,0.34075937,-0.28851098
1.3023,0.33152923,-0.2990731
1.3024,0.32197183,-0.30934009
1.3025,0.31209663,-0.31930181
1.3026,0.30191335,-0.32894844
1.3027,0.29143208,-0.33827046
1.3028001,0.2806631,-0.34725863
1.3029,0.26961711,-0.35590413
1.303,0.25830498,-0.36419839
1.3031,0.24673785,-0.37213326
1.3032,0.23492716,-0.37970084
1.3033,0.22288457,-0.38689372
1.3034,0.21062195,-0.3937048
1.3035001,0.19815141,-0.40012732
1.3036,0.18548526,-0.40615496
1.3037,0.17263599,-0.41178176
1.3038,0.15961629,-0.41700217
1.3039,0.146439,-0.42181107
1.304,0.13311714,-0.42620367
1.3041,0.11966385,-0.4301756
1.3042001,0.1060924,-0.43372303
1.3043,0.092416197,-0.43684238
1.3044,0.078648724,-0.43953061
1.3045,0.064803578,-0.44178507
1.3046,0.050894428,-0.44360352
1.3047,0.036934987,-0.44498414
1.3048,0.022939045,-0.44592556
1.3049001,0.0089204144,-0.44642693
1.3049999,-0.0051070764,-0.44648767
1.3051,-0.019129578,-0.44610775
1.3052,-0.03313325,-0.44528756
1.3053,-0.047104273,-0.44402787
1.3054,-0.061028857,-0.44232994
1.3055,-0.074893259,-0.44019544
1.3056,-0.088683799,-0.43762651
1.3056999,-0.10238686,-0.43462563
1.3058,-0.11598892,-0.4311958
1.3059,-0.12947656,-0.42734039
1.306,-0.14283645,-0.42306319
1.3061,-0.15605542,-0.41836843
1.3062,-0.16912042,-0.41326076
1.3063,-0.18201855,-0.40774518
1.3063999,-0.19473709,-0.40182716
1.3065,-0.20726347,-0.39551255
1.3066,-0.21958534,-0.38880756
1.3067,-0.23169054,-0.38171881
1.3068,-0.24356711,-0.3742533
1.3069,-0.25520334,-0.36641839
1.307,-0.2665877,-0.35822183
1.3071001,-0.27770904,-0.34967166
1.3072,-0.28855631,-0.34077638
1.3073,-0.29911882,-0.33154473
1.3074,-0.30938616,-0.32198584
1.3075,-0.31934822,-0.31210914
1.3076,-0.32899508,-0.30192435
1.3077,-0.3383173,-0.29144156
1.3078001,-0.34730566,-0.28067109
1.3079,-0.35595125,-0.26962355
1.308,-0.36424556,-0.2583099
1.3081,-0.37218043,-0.24674127
1.3082,-0.37974799,-0.23492905
1.3083,-0.38694081,-0.22288497
1.3084,-0.39375174,-0.21062085
1.3085001,-0.40017408,-0.19814882
1.3085999,-0.40620148,-0.18548118
1.3087,-0.41182801,-0.17263044
1.3088,-0.41704813,-0.15960929
1.3089,-0.42185664,-0.14643057
1.309,-0.42624882,-0.13310727
1.3091,-0.43022031,-0.11965257
1.3092,-0.43376723,-0.10607973
1.3092999,-0.43688604,-0.092402153
1.3094,-0.43957368,-0.078633338
1.3095,-0.44182751,-0.064786866
1.3096,-0.44364527,-0.050876416
1.3097,-0.44502518,-0.036915701
1.3098,-0.44596589,-0.022918513
1.3099,-0.44646645,-0.0088986587
1.3099999,-0.44652638,0.0051300232
1.3101,-0.44614559,0.019153686
1.3102,-0.44532451,0.033158489
1.3103,-0.4440639,0.047130611
1.3104,-0.44236502,0.06105626
1.3105,-0.44022954,0.074921697
1.3106,-0.43765956,0.088713229
1.3107001,-0.43465763,0.10241725
1.3108,-0.43122673,0.11602024
1.3109,-0.42737022,0.12950876
1.311,-0.42309189,0.1428695
1.3111,-0.41839597,0.15608928
1.3112,-0.4132871,0.16915505
1.3113,-0.40777034,0.18205391
1.3114001,-0.40185112,0.19477314
1.3115,-0.39553526,0.20730017
1.3116,-0.38882902,0.21962264
1.3117,-0.38173902,0.2317284
1.3118,-0.37427223,0.24360548
1.3119,-0.366436,0.2552422
1.312,-0.35823813,0.26662701
1.3121001,-0.34968668,0.27774873
1.3122,-0.34079006,0.28859633
1.3123,-0.3315571,0.29915917
1.3124,-0.32199687,0.30942675
1.3125,-0.3121188,0.31938902
1.3126,-0.30193269,0.32903606
1.3127,-0.29144853,0.3383584
1.3128,-0.28067669,0.34734684
1.3128999,-0.26962784,0.35599247
1.313,-0.25831285,0.36428681
1.3131,-0.24674286,0.37222162
1.3132,-0.23492934,0.37978908
1.3133,-0.22288391,0.38698176
1.3134,-0.21061847,0.39379251
1.3135,-0.19814514,0.40021464
1.3135999,-0.1854762,0.40624177
1.3137,-0.17262419,0.41186801
1.3138,-0.15960176,0.41708776
1.3139,-0.14642178,0.42189589
1.314,-0.13309725,0.42628765
1.3141,-0.11964133,0.43025869
1.3142,-0.10606729,0.43380511
1.3142999,-0.092388533,0.43692338
1.3144,-0.078618549,0.43961048
1.3145,-0.064770944,0.44186369
1.3146,-0.050859377,0.44368079
1.3147,-0.036897574,0.44506004
1.3148,-0.022899318,0.44600004
1.3149,-0.0088784238,0.44649985
1.3150001,0.005151269,0.44655898
1.3151,0.019175915,0.44617742
1.3152,0.033181671,0.44535547
1.3153,0.047154717,0.444094
1.3154,0.06108126,0.44239426
1.3155,0.074947558,0.44025785
1.3156,0.088739917,0.43768692
1.3157001,0.10244474,0.43468404
1.3158,0.11604849,0.43125215
1.3159,0.12953773,0.4273946
1.316,0.14289917,0.42311525
1.3161,0.1561196,0.41841829
1.3162,0.16918598,0.41330835
1.3163,0.18208544,0.40779051
1.3164001,0.1948052,0.40187019
1.3164999,0.20733275,0.39555323
1.3166,0.21965569,0.38884586
1.3167,0.23176187,0.3817547
1.3168,0.24363935,0.37428674
1.3169,0.25527641,0.36644939
1.317,0.26666155,0.35825035
1.3171,0.27778354,0.34969771
1.3171999,0.28863141,0.34079993
1.3173,0.29919443,0.33156577
1.3174,0.30946219,0.32200435
1.3175,0.31942454,0.31212509
1.3176,0.32907167,0.30193779
1.3177,0.33839405,0.29145244
1.3178,0.34738249,0.28067943
1.3178999,0.35602811,0.26962942
1.318,0.36432233,0.25831321
1.3181,0.37225705,0.24674208
1.3182,0.37982437,0.23492739
1.3183,0.38701683,0.22288081
1.3184,0.39382738,0.21061423
1.3185,0.40024924,0.19813976
1.3186001,0.40627608,0.18546972
1.3187,0.41190198,0.17261659
1.3188,0.41712138,0.15959306
1.3189,0.42192909,0.14641201
1.319,0.4263204,0.13308641
1.3191,0.430291,0.11962946
1.3192,0.43383691,0.1060544
1.3193001,0.43695465,0.09237463
1.3194,0.43964115,0.07860367
1.3195,0.44189376,0.064755097
1.3196,0.44371027,0.050842591
1.3197,0.44508883,0.036879875
1.3198,0.44602814,0.022880727
1.3199,0.44652724,0.0088589676
1.3200001,0.44658569,-0.0051715635
1.3200999,0.44620332,-0.019197023
1.3202,0.4453806,-0.033203568
1.3203,0.44411832,-0.047177367
1.3204,0.44241771,-0.06110464
1.3205,0.44028047,-0.074971631
1.3206,0.43770871,-0.088764668
1.3207,0.4347049,-0.10247012
1.3207999,0.43127209,-0.11607447
1.3209,0.42741364,-0.12956429
1.321,0.42313331,-0.14292628
1.3211,0.41843539,-0.15614721
1.3212,0.41332451,-0.16921408
1.3213,0.40780568,-0.18211396
1.3214,0.40188435,-0.19483414
1.3214999,0.39556637,-0.20736206
1.3216,0.38885799,-0.21968535
1.3217,0.38176578,-0.23179184
1.3218,0.37429681,-0.24366958
1.3219,0.36645842,-0.25530687
1.322,0.35825834,-0.26669222
1.3221,0.34970465,-0.27781436
1.3221999,0.34080583,-0.28866237
1.3223,0.3315706,-0.29922548
1.3224,0.32200813,-0.3094933
1.3225,0.31212786,-0.31945568
1.3226,0.30193949,-0.32910281
1.3227,0.29145312,-0.33842516
1.3228,0.28067908,-0.34741351
1.3229001,0.26962799,-0.35605901
1.323,0.25831079,-0.36435312
1.3231,0.24673864,-0.37228763
1.3232,0.23492293,-0.37985474
1.3233,0.22287536,-0.38704696
1.3234,0.2106078,-0.39385724
1.3235,0.19813235,-0.40027878
1.3236001,0.18546134,-0.40630531
1.3237,0.17260726,-0.41193083
1.3238,0.15958281,-0.41714981
1.3239,0.14640084,-0.42195711
1.324,0.13307436,-0.42634797
1.3241,0.1196165,-0.43031806
1.3242,0.10604057,-0.43386346
1.3243001,0.092359975,-0.43698066
1.3243999,0.078588188,-0.4396666
1.3245,0.064738818,-0.44191861
1.3246,0.050825529,-0.4437345
1.3247,0.036862053,-0.44511244
1.3248,0.02286217,-0.44605106
1.3249,0.0088397041,-0.4465495
1.325,-0.0051915143,-0.4466072
1.3250999,-0.019217633,-0.44622412
1.3252,-0.03322481,-0.44540066
1.3253,-0.047199216,-0.4441376
1.3254,-0.061127067,-0.44243622
1.3255,-0.074994616,-0.44029817
1.3256,-0.088788167,-0.43772554
1.3257,-0.10249412,-0.43472093
1.3257999,-0.11609893,-0.43128729
1.3259,-0.12958919,-0.42742795
1.326,-0.14295158,-0.42314678
1.3261,-0.1561729,-0.41844797
1.3262,-0.1692401,-0.41333619
1.3263,-0.18214031,-0.40781644
1.3264,-0.19486077,-0.40189421
1.3265001,-0.20738894,-0.39557531
1.3266,-0.21971245,-0.38886601
1.3267,-0.23181912,-0.38177288
1.3268,-0.24369705,-0.37430298
1.3269,-0.25533447,-0.36646366
1.327,-0.26671991,-0.35826263
1.3271,-0.27784213,-0.34970802
1.3272001,-0.28869015,-0.34080824
1.3273,-0.29925326,-0.33157209
1.3274,-0.30952105,-0.3220087
1.3275,-0.3194834,-0.31212747
1.3276,-0.32913044,-0.30193818
1.3277,-0.33845267,-0.29145089
1.3278,-0.34744084,-0.28067595
1.3279001,-0.35608616,-0.26962397
1.3279999,-0.36438006,-0.25830588
1.3281,-0.37231433,-0.24673282
1.3282,-0.3798812,-0.23491623
1.3283,-0.38707313,-0.22286779
1.3284,-0.39388305,-0.21059938
1.3285,-0.40030426,-0.19812308
1.3286,-0.40633041,-0.18545125
1.3286999,-0.41195554,-0.17259637
1.3288,-0.41717407,-0.15957111
1.3289,-0.42198092,-0.14638837
1.329,-0.42637131,-0.13306111
1.3291,-0.43034089,-0.11960252
1.3292,-0.43388575,-0.10602587
1.3293,-0.43700239,-0.092344552
1.3293999,-0.43968776,-0.07857208
1.3295,-0.4419392,-0.064722046
1.3296,-0.44375446,-0.050808117
1.3297,-0.44513175,-0.036844015
1.3298,-0.44606975,-0.022843538
1.3299,-0.44656751,-0.0088204937
1.33,-0.44662452,0.0052112774
1.3301001,-0.44624072,0.019237923
1.3302,-0.44541654,0.033245601
1.3303,-0.44415277,0.047220491
1.3304,-0.44245061,0.061148793
1.3305,-0.44031182,0.075016767
1.3306,-0.43773842,0.08881072
1.3307,-0.43473303,0.10251704
1.3308001,-0.43129858,0.11612221
1.3309,-0.42743844,0.12961279
1.331,-0.42315644,0.14297545
1.3311,-0.41845682,0.15619704
1.3312,-0.4133442,0.16926448
1.3313,-0.40782362,0.18216489
1.3314,-0.40190056,0.19488554
1.3315001,-0.3955808,0.20741385
1.3316,-0.38887066,0.21973749
1.3317,-0.38177669,0.23184426
1.3318,-0.37430593,0.24372225
1.3319,-0.36646575,0.25535971
1.332,-0.35826388,0.26674515
1.3321,-0.34970841,0.27786735
1.3322001,-0.3408078,0.28871533
1.3322999,-0.33157083,0.29927838
1.3324,-0.32200658,0.30954605
1.3325,-0.31212452,0.31950825
1.3326,-0.30193442,0.32915515
1.3327,-0.29144633,0.33847719
1.3328,-0.28067055,0.34746516
1.3329,-0.26961777,0.35611024
1.3329999,-0.25829887,0.36440387
1.3331,-0.24672505,0.37233788
1.3332,-0.2349077,0.37990442
1.3333,-0.2228585,0.38709602
1.3334,-0.21058933,0.39390558
1.3335,-0.19811232,0.4003264
1.3336,-0.18543978,0.4063521
1.3336999,-0.17258419,0.41197681
1.3338,-0.15955825,0.4171949
1.3339,-0.14637484,0.42200127
1.334,-0.13304694,0.42639115
1.3341,-0.11958771,0.4303602
1.3342,-0.10601045,0.43390453
1.3343,-0.092328541,0.43702063
1.3344001,-0.078555495,0.43970543
1.3345,-0.06470491,0.44195625
1.3346,-0.05079044,0.44377092
1.3347,-0.036825832,0.44514757
1.3348,-0.022824865,0.44608495
1.3349,-0.0088013532,0.44658202
1.335,0.0052308608,0.44663838
1.3351001,0.019257927,0.44625393
1.3352,0.033266004,0.44542903
1.3353,0.047241263,0.44416451
1.3354,0.061169915,0.44246167
1.3355,0.07503821,0.44032213
1.3356,0.088832468,0.43774801
1.3357,0.10253906,0.43474185
1.3358001,0.11614447,0.43130663
1.3358999,0.12963527,0.42744574
1.336,0.14299814,0.423163
1.3361,0.1562199,0.4184626
1.3362,0.16928749,0.41334918
1.3363,0.18218802,0.40782785
1.3364,0.19490875,0.40190399
1.3365,0.20743714,0.39558348
1.3365999,0.21976082,0.38887253
1.3367,0.23186761,0.38177779
1.3368,0.24374558,0.37430623
1.3369,0.25538301,0.3664653
1.337,0.2667684,0.35826263
1.3371,0.2778905,0.34970638
1.3372,0.28873837,0.34080502
1.3372999,0.29930127,0.33156726
1.3374,0.30956879,0.32200226
1.3375,0.31953081,0.31211948
1.3376,0.32917747,0.30192861
1.3377,0.33849928,0.29143977
1.3378,0.347487,0.28066328
1.3379,0.35613179,0.26960978
1.3380001,0.36442512,0.2582902
1.3381,0.3723588,0.24671566
1.3382,0.37992498,0.23489764
1.3383,0.38711619,0.22284777
1.3384,0.39392537,0.21057796
1.3385,0.40034577,0.19810031
1.3386,0.40637106,0.18542713
1.3387001,0.41199529,0.17257093
1.3388,0.41721293,0.15954441
1.3389,0.4220188,0.14636041
1.339,0.42640814,0.13303196
1.3391,0.43037668,0.11957219
1.3392,0.43392047,0.10599441
1.3393,0.43703601,0.092312001
1.3394001,0.43972021,0.07853847
1.3395,0.44197047,0.064687416
1.3396,0.44378451,0.050772507
1.3397,0.44516057,0.036807481
1.3398,0.44609728,0.02280611
1.3399,0.44659373,0.0087822182
1.34,0.4466494,-0.005250351
1.3401,0.44626427,-0.019277753
1.3401999,0.44543871,-0.033286143
1.3403,0.44417354,-0.047261693
1.3404,0.44246998,-0.061190609
1.3405,0.44032973,-0.075059146
1.3406,0.43775493,-0.08885362
1.3407,0.43474805,-0.10256042
1.3408,0.43131211,-0.116166
1.3408999,0.42745051,-0.12965694
1.341,0.42316702,-0.14301994
1.3411,0.41846588,-0.15624179
1.3412,0.41335174,-0.16930947
1.3413,0.40782967,-0.18221004
1.3414,0.40190509,-0.19493081
1.3415,0.39558384,-0.2074592
1.3415999,0.38887215,-0.21978284
1.3417,0.38177669,-0.23188959
1.3418,0.37430441,-0.24376749
1.3419,0.36646274,-0.25540483
1.342,0.35825935,-0.26679009
1.3421,0.34970242,-0.27791205
1.3422,0.34080032,-0.28875977
1.3423001,0.33156186,-0.29932249
1.3424,0.32199618,-0.3095898
1.3425,0.31211269,-0.31955159
1.3426,0.30192116,-0.329198
1.3427,0.29143164,-0.33851951
1.3428,0.28065449,-0.34750694
1.3429,0.26960036,-0.35615143
1.3430001,0.25828013,-0.3644444
1.3431,0.24670498,-0.37237772
1.3432,0.23488635,-0.37994352
1.3433,0.22283588,-0.38713434
1.3434,0.21056549,-0.3939431
1.3435,0.19808726,-0.40036306
1.3436,0.18541352,-0.4063879
1.3437001,0.1725568,-0.41201165
1.3437999,0.15952976,-0.41722879
1.3439,0.14634526,-0.42203414
1.344,0.13301632,-0.42642301
1.3441,0.11955608,-0.43039101
1.3442,0.10597784,-0.43393424
1.3443,0.092295006,-0.43704921
1.3444,0.078521058,-0.43973285
1.3444999,0.064669617,-0.44198248
1.3446,0.050754335,-0.44379592
1.3447,0.036788952,-0.44517139
1.3448,0.022787249,-0.44610745
1.3449,0.0087630479,-0.44660327
1.345,-0.0052698129,-0.44665831
1.3451,-0.019297484,-0.44627255
1.3451999,-0.033306118,-0.44544631
1.3453,-0.047281891,-0.44418046
1.3454,-0.061211012,-0.44247624
1.3455,-0.075079732,-0.44033533
1.3456,-0.088874362,-0.43775982
1.3457,-0.10258129,-0.43475226
1.3458,-0.11618698,-0.43131563
1.3459001,-0.12967803,-0.42745334
1.346,-0.14304109,-0.42316914
1.3461,-0.15626299,-0.41846731
1.3462,-0.16933067,-0.41335249
1.3463,-0.18223125,-0.4078297
1.3464,-0.194952,-0.40190443
1.3465,-0.20748033,-0.3955825
1.3466001,-0.21980391,-0.38887012
1.3467,-0.23191057,-0.38177395
1.3468,-0.24378836,-0.37430102
1.3469,-0.25542554,-0.36645865
1.347,-0.26681066,-0.35825461
1.3471,-0.27793244,-0.34969699
1.3472,-0.28877994,-0.34079424
1.3473001,-0.29934245,-0.33155513
1.3474,-0.30960953,-0.32198879
1.3475,-0.31957105,-0.31210467
1.3476,-0.32921717,-0.30191252
1.3477,-0.33853838,-0.2914224
1.3478,-0.34752551,-0.28064463
1.3479,-0.35616961,-0.2695899
1.348,-0.36446226,-0.2582691
1.3480999,-0.37239516,-0.24669337
1.3482,-0.37996057,-0.23487417
1.3483,-0.38715097,-0.22282317
1.3484,-0.39395931,-0.21055225
1.3485,-0.40037882,-0.19807351
1.3486,-0.40640318,-0.18539928
1.3487,-0.41202646,-0.17254207
1.3487999,-0.41724309,-0.15951455
1.3489,-0.42204797,-0.14632961
1.349,-0.42643628,-0.13300022
1.3491,-0.43040374,-0.11953958
1.3492,-0.43394643,-0.10596095
1.3493,-0.43706083,-0.092277728
1.3494,-0.43974391,-0.07850343
1.3494999,-0.44199297,-0.064651646
1.3496,-0.44380581,-0.050736044
1.3497,-0.44518065,-0.036770359
1.3498,-0.44611612,-0.022768375
1.3499,-0.44661132,-0.0087439138
1.35,-0.44666573,0.0052891881
1.3501,-0.44627932,0.019317077
1.3502001,-0.44545245,0.033325911
1.3503,-0.44418594,0.047301862
1.3504,-0.44248107,0.06123114
1.3505,-0.44033948,0.07509999
1.3506,-0.4377633,0.08889474
1.3507,-0.43475509,0.10260175
1.3508,-0.43131781,0.11620753
1.3509001,-0.42745483,0.1296986
1.351,-0.42316997,0.1430617
1.3511,-0.41846749,0.1562836
1.3512,-0.41335198,0.16935126
1.3513,-0.40782854,0.18225181
1.3514,-0.40190259,0.19497249
1.3515,-0.39557999,0.20750076
1.3516001,-0.38886696,0.21982422
1.3516999,-0.38177016,0.23193076
1.3518,-0.37429655,0.2438084
1.3519,-0.36645353,0.25544542
1.352,-0.35824886,0.26683035
1.3521,-0.34969062,0.27795193
1.3522,-0.34078723,0.2887992
1.3523,-0.33154753,0.29936147
1.3523999,-0.32198057,0.30962828
1.3525,-0.31209585,0.3195895
1.3526,-0.30190313,0.32923532
1.3527,-0.29141241,0.33855623
1.3528,-0.28063408,0.347543
1.3529,-0.26957878,0.35618678
1.353,-0.25825745,0.36447901
1.3530999,-0.2466812,0.37241155
1.3532,-0.23486149,0.37997654
1.3533,-0.22280999,0.38716653
1.3534,-0.21053857,0.39397439
1.3535,-0.19805937,0.40039346
1.3536,-0.18538468,0.40641734
1.3537,-0.17252702,0.41204014
1.3538001,-0.15949908,0.4172563
1.3539,-0.14631373,0.42206064
1.354,-0.13298395,0.42644843
1.3541,-0.11952293,0.43041536
1.3542,-0.10594394,0.43395749
1.3543,-0.092260383,0.43707132
1.3544,-0.078485765,0.43975383
1.3545001,-0.064633675,0.4420023
1.3546,-0.05071779,0.44381458
1.3547,-0.036751844,0.44518882
1.3548,-0.02274962,0.44612369
1.3549,-0.0087249307,0.44661826
1.355,0.0053083743,0.44667205
1.3551,0.019336447,0.44628501
1.3552001,0.033345446,0.44545752
1.3552999,0.047321539,0.44419038
1.3554,0.06125094,0.44248489
1.3555,0.075119898,0.44034266
1.3556,0.088914722,0.43776584
1.3557,0.1026218,0.43475699
1.3558,0.11622761,0.43131903
1.3559,0.12971872,0.42745543
1.3559999,0.1430818,0.42316994
1.3561,0.15630369,0.41846678
1.3562,0.16937131,0.41335064
1.3563,0.18227179,0.40782657
1.3564,0.19499239,0.40189996
1.3565,0.20752054,0.39557672
1.3566,0.21984389,0.38886309
1.3566999,0.23195028,0.38176563
1.3568,0.24382776,0.37429142
1.3569,0.25546461,0.36644778
1.357,0.26684931,0.35824251
1.3571,0.27797067,0.34968364
1.3572,0.2888177,0.34077966
1.3573,0.29937971,0.33153936
1.3573999,0.30964625,0.32197183
1.3575,0.31960717,0.31208655
1.3576,0.32925269,0.30189326
1.3577,0.33857325,0.29140201
1.3578,0.34755966,0.28062317
1.3579,0.35620308,0.26956734
1.358,0.36449492,0.25824547
1.3581001,0.37242708,0.24666874
1.3582,0.37999165,0.23484854
1.3583,0.38718119,0.22279656
1.3584,0.39398864,0.21052469
1.3585,0.40040725,0.19804505
1.3586,0.40643066,0.18536992
1.3587,0.41205299,0.17251186
1.3588001,0.41726863,0.15948354
1.3589,0.42207244,0.1462978
1.359,0.42645973,0.13296767
1.3591,0.43042612,0.1195063
1.3592,0.43396771,0.10592698
1.3593,0.43708101,0.092243105
1.3594,0.43976295,0.078468196
1.3595001,0.44201085,0.064615838
1.3595999,0.44382253,0.050699692
1.3597,0.44519621,0.036733512
1.3598,0.44613048,0.022731066
1.3599,0.44662446,0.0087061794
1.36,0.44667765,-0.0053273044
1.3601,0.44628999,-0.019355539
1.3602,0.4454619,-0.03336468
1.3602999,0.44419414,-0.047340892
1.3604,0.44248801,-0.061270393
1.3605,0.44034517,-0.075139433
1.3606,0.43776771,-0.088934317
1.3607,0.43475825,-0.10264144
1.3608,0.43131968,-0.11624727
1.3609,0.42745543,-0.12973838
1.3609999,0.42316931,-0.14310144
1.3611,0.41846552,-0.15632328
1.3612,0.41334879,-0.16939086
1.3613,0.40782407,-0.18229125
1.3614,0.40189686,-0.19501175
1.3615,0.39557299,-0.2075398
1.3616,0.38885874,-0.21986301
1.3617001,0.38176069,-0.23196925
1.3618,0.37428588,-0.24384655
1.3619,0.36644167,-0.25548321
1.362,0.35823578,-0.2668677
1.3621,0.34967634,-0.27798882
1.3622,0.34077182,-0.28883561
1.3623,0.33153096,-0.29939735
1.3624001,0.32196286,-0.30966359
1.3625,0.31207705,-0.31962422
1.3626,0.30188322,-0.32926941
1.3627,0.29139143,-0.33858964
1.3628,0.28061208,-0.34757572
1.3629,0.26955578,-0.35621876
1.363,0.2582334,-0.36451024
1.3631001,0.24665619,-0.37244198
1.3631999,0.23483554,-0.38000613
1.3633,0.22278312,-0.38719526
1.3634,0.21051082,-0.39400226
1.3635,0.19803074,-0.4004204
1.3636,0.18535522,-0.40644336
1.3637,0.17249677,-0.41206521
1.3638,0.15946807,-0.41728035
1.3638999,0.14628197,-0.42208368
1.364,0.1329515,-0.42647046
1.3641,0.1194898,-0.43043631
1.3642,0.10591018,-0.43397737
1.3643,0.092226021,-0.43709013
1.3644,0.078450836,-0.4397715
1.3645,0.064598218,-0.44201887
1.3645999,0.050681841,-0.44382998
1.3647,0.036715437,-0.44520307
1.3648,0.022712791,-0.44613677
1.3649,0.0086877253,-0.44663018
1.365,-0.0053459234,-0.44668278
1.3651,-0.019374304,-0.44629452
1.3652,-0.033383567,-0.44546583
1.3653001,-0.047359888,-0.44419748
1.3654,-0.061289478,-0.44249073
1.3655,-0.075158581,-0.44034728
1.3656,-0.088953517,-0.43776923
1.3657,-0.10266067,-0.43475914
1.3658,-0.11626651,-0.43131995
1.3659,-0.12975761,-0.4274551
1.3660001,-0.14312065,-0.42316839
1.3661,-0.15634245,-0.418464
1.3662,-0.16940995,-0.41334665
1.3663,-0.18231027,-0.40782133
1.3664,-0.19503066,-0.40189353
1.3665,-0.20755857,-0.39556909
1.3666,-0.21988164,-0.38885424
1.3667001,-0.23198771,-0.38175559
1.3668,-0.24386483,-0.37428021
1.3669,-0.2555013,-0.36643541
1.367,-0.26688558,-0.35822898
1.3671,-0.27800649,-0.34966898
1.3672,-0.28885302,-0.3407639
1.3673,-0.29941449,-0.33152246
1.3674001,-0.30968043,-0.32195389
1.3674999,-0.31964076,-0.31206754
1.3676,-0.32928565,-0.30187318
1.3677,-0.33860555,-0.29138091
1.3678,-0.34759125,-0.28060105
1.3679,-0.35623392,-0.26954424
1.368,-0.36452505,-0.25822145
1.3681,-0.37245637,-0.24664377
1.3681999,-0.38002014,-0.23482266
1.3683,-0.38720885,-0.22276981
1.3684,-0.3940154,-0.2104971
1.3685,-0.40043312,-0.19801661
1.3686,-0.40645564,-0.18534072
1.3687,-0.41207698,-0.17248188
1.3688,-0.41729167,-0.15945283
1.3688999,-0.42209449,-0.14626639
1.369,-0.42648077,-0.13293558
1.3691,-0.43044612,-0.11947358
1.3692,-0.43398666,-0.10589367
1.3693,-0.43709889,-0.092209235
1.3694,-0.43977973,-0.078433789
1.3695,-0.44202653,-0.064580932
1.3696001,-0.44383711,-0.050664328
1.3697,-0.44520962,-0.036697719
1.3698,-0.44614276,-0.022694884
1.3699,-0.4466356,-0.0086696455
1.37,-0.44668761,0.0053641563
1.3701,-0.44629881,0.019392669
1.3702,-0.4454695,0.033402048
1.3703001,-0.44420058,0.047378469
1.3704,-0.44249323,0.061308138
1.3705,-0.44034919,0.075177304
1.3706,-0.43777058,0.088972285
1.3707,-0.43475989,0.10267945
1.3708,-0.4313201,0.1162853
1.3709,-0.42745465,0.12977639
1.3710001,-0.42316735,0.14313939
1.3710999,-0.4184624,0.15636113
1.3712,-0.41334444,0.16942857
1.3713,-0.40781853,0.18232879
1.3714,-0.40189016,0.19504908
1.3715,-0.39556512,0.20757687
1.3716,-0.38884971,0.2198998
1.3717,-0.38175052,0.23200572
1.3717999,-0.37427455,0.24388266
1.3719,-0.36642921,0.25551891
1.372,-0.35822222,0.26690301
1.3721,-0.34966168,0.27802366
1.3722,-0.34075606,0.28886995
1.3723,-0.33151412,0.29943115
1.3724,-0.32194501,0.30969682
1.3724999,-0.31205815,0.31965688
1.3726,-0.30186331,0.32930145
1.3727,-0.29137054,0.33862099
1.3728,-0.28059021,0.34760639
1.3729,-0.26953295,0.35624871
1.373,-0.25820968,0.36453944
1.3731,-0.24663156,0.37247038
1.3732001,-0.23481004,0.38003376
1.3733,-0.22275677,0.38722205
1.3734,-0.21048366,0.39402819
1.3735,-0.1980028,0.40044546
1.3736,-0.18532652,0.40646753
1.3737,-0.17246732,0.41208842
1.3738,-0.15943792,0.41730264
1.3739001,-0.14625116,0.42210498
1.374,-0.13292004,0.42649075
1.3741,-0.11945774,0.43045563
1.3742,-0.10587755,0.43399566
1.3743,-0.092192844,0.43710735
1.3744,-0.078417145,0.43978769
1.3745,-0.064564057,0.44203398
1.3746001,-0.050647236,0.44384399
1.3747,-0.03668043,0.44521597
1.3748,-0.022677414,0.44614857
1.3749,-0.0086520109,0.44664082
1.375,0.0053819376,0.44669229
1.3751,0.019410579,0.44630292
1.3752,0.033420071,0.44547305
1.3753,0.047396585,0.44420356
1.3753999,0.061326325,0.44249564
1.3755,0.075195551,0.44035104
1.3756,0.088990569,0.43777183
1.3757,0.10269776,0.43476057
1.3758,0.11630361,0.43132022
1.3759,0.12979467,0.4274542
1.376,0.14315765,0.4231663
1.3760999,0.15637934,0.41846079
1.3762,0.16944671,0.41334224
1.3763,0.18234685,0.40781578
1.3764,0.19506703,0.40188685
1.3765,0.20759469,0.39556125
1.3766,0.21991749,0.38884526
1.3767,0.23202324,0.38174552
1.3767999,0.24390002,0.37426901
1.3769,0.25553608,0.36642313
1.377,0.26691994,0.35821563
1.3771,0.27804038,0.34965456
1.3772,0.28888643,0.34074843
1.3773,0.29944739,0.33150598
1.3774,0.3097128,0.32193637
1.3775001,0.31967252,0.312049
1.3776,0.32931679,0.30185369
1.3777,0.33863604,0.29136044
1.3778,0.34762108,0.28057966
1.3779,0.35626307,0.26952195
1.378,0.36455345,0.25819823
1.3781,0.37248403,0.2466197
1.3782001,0.38004699,0.23479776
1.3783,0.3872349,0.22274409
1.3784,0.39404064,0.21047057
1.3785,0.40045747,0.19798934
1.3786,0.40647909,0.1853127
1.3787,0.41209957,0.17245317
1.3788,0.41731331,0.15942343
1.3789001,0.42211521,0.14623633
1.3789999,0.4265005,0.13290492
1.3791,0.43046489,0.11944234
1.3792,0.43400443,0.10586186
1.3793,0.43711561,0.092176899
1.3794,0.43979543,0.078400962
1.3795,0.44204119,0.064547643
1.3796,0.4438507,0.050630618
1.3796999,0.44522217,0.036663618
1.3798,0.44615421,0.022660423
1.3799,0.44664595,0.0086348606
1.38,0.44669688,-0.0053992276
1.3801,0.44630694,-0.019427996
1.3802,0.44547653,-0.033437595
1.3803,0.44420648,-0.047414199
1.3803999,0.44249803,-0.061344013
1.3805,0.44035283,-0.075213291
1.3806,0.43777308,-0.089008346
1.3807,0.43476126,-0.10271556
1.3808,0.43132034,-0.11632141
1.3809,0.42745379,-0.12981246
1.381,0.42316532,-0.14317541
1.3811001,0.41845924,-0.15639704
1.3812,0.41334018,-0.16946435
1.3813,0.40781316,-0.1823644
1.3814,0.40188366,-0.19508448
1.3815,0.39555752,-0.20761204
1.3816,0.388841,-0.21993469
1.3817,0.38174072,-0.23204029
1.3818001,0.3742637,-0.2439169
1.3819,0.36641729,-0.25555277
1.382,0.35820925,-0.26693645
1.3821,0.3496477,-0.27805668
1.3822,0.34074104,-0.28890249
1.3823,0.33149812,-0.29946318
1.3824,0.32192799,-0.30972832
1.3825001,0.31204018,-0.31968778
1.3825999,0.30184439,-0.32933176
1.3827,0.29135069,-0.3386507
1.3828,0.28056946,-0.34763542
1.3829,0.26951131,-0.35627708
1.383,0.25818717,-0.3645671
1.3831,0.24660821,-0.37249732
1.3832,0.23478587,-0.38005993
1.3832999,0.2227318,-0.38724741
1.3834,0.21045792,-0.39405277
1.3835,0.19797631,-0.40046918
1.3836,0.18529932,-0.40649039
1.3837,0.17243944,-0.41211042
1.3838,0.15940937,-0.41732374
1.3839,0.14622198,-0.42212516
1.3839999,0.13289027,-0.42651001
1.3841,0.1194274,-0.43047392
1.3842,0.10584665,-0.43401298
1.3843,0.092161447,-0.43712372
1.3844,0.078385271,-0.43980303
1.3845,0.064531729,-0.44204828
1.3846,0.050614502,-0.44385728
1.3846999,0.036647312,-0.44522822
1.3848,0.022643946,-0.44615975
1.3849,0.0086182291,-0.44665098
1.385,-0.0054159993,-0.44670138
1.3851,-0.01944489,-0.44631091
1.3852,-0.033454593,-0.44547999
1.3853,-0.047431286,-0.4442094
1.3854001,-0.061361175,-0.44250038
1.3855,-0.075230509,-0.44035468
1.3856,-0.089025602,-0.43777436
1.3857,-0.10273284,-0.434762
1.3858,-0.11633869,-0.43132058
1.3859,-0.12982973,-0.42745346
1.386,-0.14319265,-0.42316446
1.3861001,-0.15641424,-0.41845784
1.3862,-0.16948147,-0.41333821
1.3863,-0.18238145,-0.40781066
1.3864,-0.19510143,-0.40188065
1.3865,-0.20762888,-0.39555398
1.3866,-0.21995139,-0.38883695
1.3867,-0.23205686,-0.38173616
1.3868001,-0.24393329,-0.37425861
1.3868999,-0.25556898,-0.36641169
1.387,-0.26695248,-0.35820314
1.3871,-0.27807251,-0.34964108
1.3872,-0.28891808,-0.34073395
1.3873,-0.29947853,-0.33149055
1.3874,-0.30974343,-0.32191998
1.3875,-0.31970263,-0.31203169
1.3875999,-0.3293463,-0.30183542
1.3877,-0.33866495,-0.2913413
1.3878,-0.34764937,-0.28055963
1.3879,-0.3562907,-0.26950103
1.388,-0.36458039,-0.25817651
1.3881,-0.37251025,-0.24659713
1.3882,-0.3800725,-0.2347744
1.3882999,-0.38725963,-0.22271995
1.3884,-0.39406458,-0.21044569
1.3885,-0.40048063,-0.19796373
1.3886,-0.40650141,-0.1852864
1.3887,-0.41212103,-0.17242619
1.3888,-0.4173339,-0.15939581
1.3889,-0.42213491,-0.14620811
1.3890001,-0.4265193,-0.13287611
1.3891,-0.43048275,-0.11941297
1.3892,-0.43402135,-0.10583197
1.3893,-0.43713161,-0.092146508
1.3894,-0.43981045,-0.078370109
1.3895,-0.44205523,-0.064516351
1.3896,-0.44386375,-0.050598923
1.3897001,-0.44523418,-0.036631547
1.3898,-0.44616523,-0.022628013
1.3899,-0.44665593,-0.0086021442
1.39,-0.44670582,0.005432222
1.3901,-0.44631484,0.019461231
1.3902,-0.44548342,0.03347104
1.3903,-0.44421229,0.047447823
1.3904001,-0.44250277,0.061377782
1.3904999,-0.44035655,0.075247169
1.3906,-0.4377757,0.089042298
1.3907,-0.43476281,0.10274956
1.3908,-0.43132085,0.11635542
1.3909,-0.42745322,0.12984645
1.391,-0.42316368,0.14320934
1.3911,-0.41845655,0.15643089
1.3911999,-0.41333643,0.16949807
1.3913,-0.40780836,0.18239796
1.3914,-0.40187782,0.19511786
1.3915,-0.39555064,0.20764518
1.3916,-0.38883311,0.21996759
1.3917,-0.38173181,0.2320729
1.3918,-0.37425375,0.24394919
1.3918999,-0.36640635,0.25558472
1.392,-0.35819733,0.26696801
1.3921,-0.3496348,0.27808782
1.3922,-0.34072718,0.28893322
1.3923,-0.3314833,0.29949343
1.3924,-0.32191226,0.30975807
1.3925,-0.31202352,0.31971702
1.3926001,-0.30182683,0.32936043
1.3927,-0.29133227,0.33867881
1.3928,-0.28055015,0.34766293
1.3929,-0.2694912,0.35630393
1.393,-0.25816622,0.36459327
1.3931,-0.24658647,0.37252283
1.3932,-0.23476337,0.38008472
1.3933001,-0.22270855,0.38727149
1.3934,-0.21043393,0.39407608
1.3935,-0.19795163,0.40049171
1.3936,-0.18527396,0.40651214
1.3937,-0.17241344,0.41213134
1.3938,-0.15938275,0.4173438
1.3939,-0.14619476,0.42214438
1.3940001,-0.13286246,0.42652836
1.3941,-0.11939906,0.43049136
1.3942,-0.1058178,0.43402952
1.3943,-0.092132106,0.43713933
1.3944,-0.078355476,0.4398177
1.3945,-0.064501517,0.44206202
1.3946,-0.050583888,0.44387007
1.3947001,-0.036616333,0.44524002
1.3947999,-0.022612635,0.4461706
1.3949,-0.0085866153,0.44666079
1.395,0.005447885,0.4467102
1.3951,0.019477012,0.44631875
1.3952,0.033486925,0.44548678
1.3953,0.047463793,0.44421515
1.3954,0.061393823,0.44250515
1.3954999,0.075263269,0.4403584
1.3956,0.089058436,0.43777707
1.3957,0.10276572,0.43476367
1.3958,0.11637159,0.4313212
1.3959,0.12986261,0.42745304
1.396,0.14322548,0.42316303
1.3961,0.15644699,0.41845539
1.3961999,0.1695141,0.41333476
1.3963,0.18241394,0.40780619
1.3964,0.19513373,0.40187514
1.3965,0.20766096,0.39554748
1.3966,0.21998325,0.38882944
1.3967,0.23208843,0.38172767
1.3968,0.24396457,0.37424913
1.3969001,0.25559995,0.36640126
1.397,0.26698306,0.35819176
1.3971,0.27810267,0.34962875
1.3972,0.28894785,0.34072068
1.3973,0.29950786,0.33147636
1.3974,0.30977225,0.32190487
1.3975,0.31973097,0.31201571
1.3976001,0.3293741,0.30181858
1.3977,0.33869219,0.2913236
1.3978,0.34767604,0.28054109
1.3979,0.35631675,0.26948172
1.398,0.36460578,0.25815636
1.3981,0.37253499,0.24657623
1.3982,0.38009655,0.23475274
1.3983001,0.387283,0.22269757
1.3983999,0.3940872,0.21042261
1.3985,0.4005025,0.19793998
1.3986,0.40652251,0.18526198
1.3987,0.41214135,0.17240115
1.3988,0.41735342,0.15937015
1.3989,0.42215359,0.14618187
1.399,0.42653716,0.13284932
1.3990999,0.43049973,0.11938564
1.3992,0.43403745,0.10580415
1.3993,0.43714681,0.092118219
1.3994,0.43982476,0.078341372
1.3995,0.44206864,0.064487204
1.3996,0.44387621,0.050569389
1.3997,0.44524571,0.036601659
1.3997999,0.44617581,0.022597801
1.3999,0.44666556,0.008571635
1.4,0.44671449,-0.0054629943
1.4001,0.44632253,-0.019492239
1.4002,0.44549009,-0.033502251
1.4003,0.44421801,-0.047479205
1.4004,0.44250748,-0.061409306
1.4005001,0.44036025,-0.075278804
1.4006,0.43777844,-0.089074016
1.4007,0.43476456,-0.10278133
1.4008,0.43132159,-0.1163872
1.4009,0.42745295,-0.12987821
1.401,0.42316243,-0.14324105
1.4011,0.41845429,-0.15646254
1.4012001,0.41333318,-0.1695296
1.4013,0.40780413,-0.18242936
1.4014,0.40187261,-0.19514908
1.4015,0.39554447,-0.2076762
1.4016,0.38882598,-0.21999839
1.4017,0.3817237,-0.23210344
1.4018,0.37424472,-0.24397944
1.4019001,0.36639637,-0.25561464
1.402,0.35818642,-0.26699758
1.4021,0.34962296,-0.27811703
1.4022,0.34071448,-0.28896201
1.4023,0.33146971,-0.29952177
1.4024,0.3218978,-0.30978596
1.4025,0.3120082,-0.31974444
1.4026,0.30181068,-0.32938734
1.4026999,0.29131529,-0.33870515
1.4028,0.28053239,-0.3476887
1.4029,0.2694726,-0.35632911
1.403,0.25814688,-0.36461788
1.4031,0.24656639,-0.37254679
1.4032,0.23474254,-0.38010803
1.4033,0.22268702,-0.38729411
1.4033999,0.21041173,-0.39409798
1.4035,0.19792876,-0.40051293
1.4036,0.18525045,-0.40653259
1.4037,0.17238931,-0.41215104
1.4038,0.15935804,-0.41736272
1.4039,0.14616948,-0.4221625
1.404,0.13283665,-0.42654568
1.4040999,0.11937273,-0.43050784
1.4042,0.105791,-0.43404517
1.4043,0.092104845,-0.43715411
1.4044,0.07832779,-0.43983161
1.4045,0.06447342,-0.44207504
1.4046,0.050555423,-0.4438822
1.4047,0.036587521,-0.44525126
1.4048001,0.022583507,-0.44618088
1.4049,0.0085572014,-0.44667017
1.405,-0.0054775565,-0.44671863
1.4051,-0.019506915,-0.44632623
1.4052,-0.033517025,-0.44549334
1.4053,-0.047494061,-0.44422078
1.4054,-0.061424229,-0.4425098
1.4055001,-0.075293787,-0.4403621
1.4056,-0.089089036,-0.43777981
1.4057,-0.10279636,-0.43476543
1.4058,-0.11640225,-0.43132201
1.4059,-0.12989326,-0.42745289
1.406,-0.14325608,-0.42316192
1.4061,-0.15647753,-0.41845331
1.4062001,-0.16954453,-0.41333172
1.4062999,-0.18244423,-0.40780219
1.4064,-0.19516388,-0.40187022
1.4065,-0.20769091,-0.39554164
1.4066,-0.22001298,-0.38882264
1.4067,-0.23211792,-0.38171995
1.4068,-0.24399377,-0.37424052
1.4069,-0.25562882,-0.36639172
1.4069999,-0.26701161,-0.35818133
1.4071,-0.27813089,-0.34961745
1.4072,-0.28897566,-0.34070852
1.4073,-0.29953524,-0.33146334
1.4074,-0.30979922,-0.32189101
1.4075,-0.31975743,-0.31200099
1.4076,-0.32940009,-0.30180308
1.4076999,-0.33871767,-0.2913073
1.4078,-0.34770095,-0.28052402
1.4079,-0.35634109,-0.26946387
1.408,-0.36462957,-0.25813779
1.4081,-0.37255818,-0.24655692
1.4082,-0.38011909,-0.23473273
1.4083,-0.38730487,-0.22267689
1.4084001,-0.39410841,-0.21040125
1.4085,-0.40052301,-0.19791798
1.4086,-0.4065423,-0.18523937
1.4087,-0.4121604,-0.17237794
1.4088,-0.41737172,-0.15934639
1.4089,-0.42217115,-0.14615756
1.409,-0.42655391,-0.13282448
1.4091001,-0.43051568,-0.11936032
1.4092,-0.43405262,-0.10577835
1.4093,-0.43716115,-0.092091978
1.4094,-0.43983823,-0.078314714
1.4095,-0.44208124,-0.064460158
1.4096,-0.44388798,-0.050541982
1.4097,-0.44525659,-0.036573917
1.4098001,-0.4461858,-0.022569753
1.4099,-0.44667467,-0.0085433098
1.41,-0.44672269,0.0054915724
1.4101,-0.44632983,0.019521039
1.4102,-0.4454965,0.033531245
1.4103,-0.44422346,0.047508363
1.4104,-0.44251204,0.061438598
1.4105,-0.44036388,0.075308204
1.4105999,-0.43778113,0.08910349
1.4107,-0.43476632,0.10281084
1.4108,-0.43132246,0.11641674
1.4109,-0.42745286,0.12990774
1.411,-0.42316145,0.14327055
1.4111,-0.41845238,0.15649195
1.4112,-0.41333035,0.16955893
1.4112999,-0.40780038,0.18245856
1.4114,-0.40186796,0.19517812
1.4115,-0.3955389,0.20770507
1.4116,-0.38881949,0.22002703
1.4117,-0.38171634,0.23213185
1.4118,-0.37423646,0.24400759
1.4119,-0.36638725,0.2556425
1.4119999,-0.35817644,0.26702511
1.4121,-0.34961215,0.27814421
1.4122,-0.3407028,0.2889888
1.4123,-0.3314572,0.29954821
1.4124,-0.32188448,0.30981195
1.4125,-0.31199408,0.31976998
1.4126,-0.30179578,0.3294124
1.4127001,-0.29129961,0.33872971
1.4128,-0.28051597,0.34771276
1.4129,-0.26945546,0.35635263
1.413,-0.25812903,0.3646408
1.4131,-0.24654782,0.37256911
1.4132,-0.2347233,0.38012975
1.4133,-0.22266713,0.38731521
1.4134001,-0.21039119,0.39411843
1.4135,-0.19790761,0.40053269
1.4136,-0.18522872,0.40655169
1.4137,-0.17236701,0.41216943
1.4138,-0.15933518,0.41738039
1.4139,-0.14614609,0.42217943
1.414,-0.13281277,0.42656183
1.4141001,-0.11934837,0.43052325
1.4141999,-0.10576618,0.43405977
1.4143,-0.092079602,0.43716791
1.4144,-0.078302145,0.43984461
1.4145,-0.064447403,0.44208723
1.4146,-0.050529052,0.44389352
1.4147,-0.036560826,0.44526175
1.4148,-0.022556519,0.44619054
1.4148999,-0.0085299425,0.44667897
1.415,0.0055050575,0.44672656
1.4151,0.019534627,0.44633329
1.4152,0.033544924,0.44549951
1.4153,0.04752212,0.44422606
1.4154,0.061452419,0.44251421
1.4155,0.075322077,0.44036561
1.4155999,0.0891174,0.43778241
1.4157,0.10282478,0.43476719
1.4158,0.11643068,0.43132284
1.4159,0.12992167,0.42745283
1.416,0.14328447,0.42316097
1.4161,0.15650584,0.41845146
1.4162,0.16957277,0.41332901
1.4163001,0.18247233,0.40779859
1.4164,0.19519183,0.40186575
1.4165,0.20771869,0.39553627
1.4166,0.22004056,0.38881642
1.4167,0.23214526,0.38171285
1.4168,0.24402086,0.37423256
1.4169,0.25565565,0.36638296
1.4170001,0.26703811,0.35817173
1.4171,0.27815703,0.34960702
1.4172,0.28900146,0.34069729
1.4173,0.29956067,0.3314513
1.4174,0.30982423,0.32187819
1.4175,0.31978202,0.31198743
1.4176,0.3294242,0.30178875
1.4177001,0.3387413,0.29129222
1.4177999,0.34772408,0.28050819
1.4179,0.35636371,0.26944736
1.418,0.36465162,0.25812057
1.4181,0.37257963,0.24653906
1.4182,0.38013998,0.23471421
1.4183,0.38732514,0.22265773
1.4184,0.39412805,0.21038149
1.4184999,0.40054202,0.19789763
1.4186,0.40656066,0.18521844
1.4187,0.41217807,0.17235646
1.4188,0.41738871,0.15932438
1.4189,0.42218739,0.14613505
1.419,0.42656943,0.13280149
1.4191,0.43053049,0.11933687
1.4191999,0.43406665,0.10575446
1.4193,0.43717441,0.092067681
1.4194,0.43985072,0.07829003
1.4195,0.44209296,0.064435117
1.4196,0.44389886,0.050516598
1.4197,0.44526669,0.036548227
1.4198,0.44619507,0.022543775
1.4198999,0.44668308,0.0085170725
1.42,0.44673029,-0.0055180388
1.4201,0.4463366,-0.01954771
1.4202,0.4455024,-0.033558097
1.4203,0.44422853,-0.047535364
1.4204,0.44251624,-0.061465725
1.4205,0.44036725,-0.075335428
1.4206001,0.43778363,-0.089130789
1.4207,0.43476796,-0.10283819
1.4208,0.4313232,-0.1164441
1.4209,0.42745277,-0.12993509
1.421,0.42316049,-0.14329785
1.4211,0.41845056,-0.1565192
1.4212,0.41332766,-0.16958608
1.4213001,0.40779686,-0.1824856
1.4214,0.40186357,-0.19520502
1.4215,0.39553371,-0.2077318
1.4216,0.38881347,-0.22005355
1.4217,0.38170949,-0.23215815
1.4218,0.37422881,-0.24403363
1.4219,0.36637878,-0.25566828
1.4220001,0.35816717,-0.26705059
1.4220999,0.34960207,-0.27816936
1.4222,0.34069195,-0.28901362
1.4223,0.33144557,-0.29957262
1.4224,0.32187212,-0.309836
1.4225,0.31198099,-0.31979358
1.4226,0.30178195,-0.32943556
1.4227,0.29128507,-0.33875242
1.4227999,0.28050071,-0.34773499
1.4229,0.26943955,-0.35637435
1.423,0.25811243,-0.36466199
1.4231,0.24653061,-0.37258977
1.4232,0.23470545,-0.38014981
1.4233,0.22264867,-0.3873347
1.4234,0.21037215,-0.39413732
1.4234999,0.19788799,-0.40055096
1.4236,0.18520854,-0.4065693
1.4237,0.17234631,-0.41218638
1.4238,0.15931398,-0.41739666
1.4239,0.14612441,-0.42219505
1.424,0.13279063,-0.42657673
1.4241,0.11932578,-0.43053743
1.4242001,0.10574317,-0.43407324
1.4243,0.0920562,-0.43718064
1.4244,0.07827837,-0.43985659
1.4245,0.064423278,-0.44209844
1.4246,0.05050461,-0.44390395
1.4247,0.03653609,-0.4452714
1.4248,0.022531508,-0.44619939
1.4249001,0.0085046859,-0.44668704
1.425,-0.0055305348,-0.44673383
1.4251,-0.019560302,-0.44633973
1.4252,-0.03357077,-0.44550514
1.4253,-0.047548108,-0.44423088
1.4254,-0.061478525,-0.4425182
1.4255,-0.075348273,-0.44036877
1.4256001,-0.089143664,-0.43778476
1.4256999,-0.10285109,-0.43476868
1.4258,-0.116457,-0.43132353
1.4259,-0.12994799,-0.42745268
1.426,-0.14331073,-0.42315999
1.4261,-0.15653205,-0.41844967
1.4262,-0.16959888,-0.41332638
1.4263,-0.18249834,-0.40779516
1.4263999,-0.19521768,-0.40186149
1.4265,-0.20774439,-0.39553121
1.4266,-0.22006606,-0.38881058
1.4267,-0.23217054,-0.38170621
1.4268,-0.24404591,-0.37422514
1.4269,-0.25568041,-0.36637473
1.427,-0.2670626,-0.35816273
1.4270999,-0.27818123,-0.34959728
1.4272,-0.28902531,-0.3406868
1.4273,-0.29958412,-0.33144006
1.4274,-0.30984733,-0.32186624
1.4275,-0.3198047,-0.31197476
1.4276,-0.32944646,-0.3017754
1.4277,-0.33876312,-0.29127818
1.4278001,-0.34774542,-0.2804935
1.4279,-0.35638455,-0.26943201
1.428,-0.36467198,-0.25810459
1.4281,-0.37259945,-0.24652244
1.4282,-0.38015926,-0.234697
1.4283,-0.38734385,-0.22263993
1.4284,-0.3941462,-0.21036313
1.4285001,-0.40055954,-0.19787872
1.4286,-0.40657756,-0.18519901
1.4287,-0.41219434,-0.17233652
1.4288,-0.41740432,-0.15930395
1.4289,-0.42220235,-0.14611416
1.429,-0.42658371,-0.13278015
1.4291,-0.43054408,-0.11931511
1.4292001,-0.43407953,-0.10573231
1.4293,-0.4371866,-0.092045151
1.4294,-0.43986219,-0.078267142
1.4295,-0.44210368,-0.064411893
1.4296,-0.44390884,-0.050493076
1.4297,-0.4452759,-0.036524415
1.4298,-0.44620353,-0.022519708
1.4299001,-0.4466908,-0.0084927706
1.4299999,-0.4467372,0.0055425544
1.4301,-0.44634274,0.019572413
1.4302,-0.44550776,0.033582956
1.4303,-0.44423309,0.047560364
1.4304,-0.44252002,0.061490837
1.4305,-0.44037023,0.075360626
1.4306,-0.4377858,0.089156047
1.4306999,-0.43476936,0.10286348
1.4308,-0.4313238,0.11646941
1.4309,-0.42745256,0.12996039
1.431,-0.42315948,0.14332311
1.4311,-0.41844878,0.15654439
1.4312,-0.4133251,0.16961119
1.4313,-0.40779349,0.18251058
1.4313999,-0.40185943,0.19522987
1.4315,-0.39552879,0.20775647
1.4316,-0.38880777,0.22007805
1.4317,-0.38170305,0.23218244
1.4318,-0.37422159,0.24405769
1.4319,-0.36637083,0.25569206
1.432,-0.35815847,0.26707411
1.4321001,-0.34959266,0.27819258
1.4322,-0.34068179,0.28903651
1.4323,-0.33143473,0.29959518
1.4324,-0.32186058,0.30985817
1.4325,-0.31196874,0.31981537
1.4326,-0.30176905,0.32945693
1.4327,-0.29127151,0.33877337
1.4328001,-0.28048652,0.34775546
1.4329,-0.26942471,0.35639435
1.433,-0.25809702,0.36468151
1.4331,-0.24651457,0.37260875
1.4332,-0.23468885,0.38016829
1.4333,-0.22263151,0.38735262
1.4334,-0.21035443,0.39415467
1.4335001,-0.19786976,0.40056774
1.4335999,-0.18518981,0.40658548
1.4337,-0.17232709,0.41220197
1.4338,-0.15929429,0.41741163
1.4339,-0.14610428,0.42220935
1.434,-0.13277008,0.42659038
1.4341,-0.11930483,0.43055043
1.4342,-0.10572184,0.43408555
1.4342999,-0.092034504,0.43719226
1.4344,-0.078256339,0.43986753
1.4345,-0.064400934,0.44210866
1.4346,-0.050481968,0.44391349
1.4347,-0.03651318,0.44528019
1.4348,-0.022508351,0.44620746
1.4349,-0.0084813032,0.44669434
1.4349999,0.0055541177,0.44674042
1.4351,0.01958406,0.44634557
1.4352,0.033594679,0.44551021
1.4353,0.047572147,0.44423518
1.4354,0.061502673,0.44252175
1.4355,0.075372502,0.44037157
1.4356,0.089167945,0.43778679
1.4357001,0.1028754,0.43476993
1.4358,0.11648132,0.43132401
1.4359,0.12997229,0.42745242
1.436,0.143335,0.42315894
1.4361,0.15655625,0.41844785
1.4362,0.16962299,0.41332379
1.4363,0.18252234,0.40779185
1.4364001,0.19524156,0.40185741
1.4365,0.20776808,0.39552638
1.4366,0.22008958,0.388805
1.4367,0.23219386,0.38169992
1.4368,0.244069,0.37421811
1.4369,0.25570327,0.36636698
1.437,0.26708516,0.3581543
1.4371001,0.27820349,0.34958813
1.4372,0.28904724,0.34067696
1.4373,0.29960576,0.33142957
1.4374,0.30986857,0.32185507
1.4375,0.31982559,0.31196293
1.4376,0.32946697,0.30176291
1.4377,0.33878317,0.29126507
1.4378,0.34776506,0.28047979
1.4378999,0.35640371,0.26941767
1.438,0.36469063,0.25808966
1.4381,0.37261766,0.24650696
1.4382,0.38017693,0.23468097
1.4383,0.38736102,0.22262336
1.4384,0.3941628,0.21034604
1.4385,0.40057558,0.19786114
1.4385999,0.40659305,0.18518093
1.4387,0.41220924,0.17231798
1.4388,0.4174186,0.15928496
1.4389,0.42221603,0.14609475
1.439,0.42659676,0.13276035
1.4391,0.43055648,0.11929491
1.4392,0.43409127,0.10571174
1.4392999,0.43719769,0.092024237
1.4394,0.43987259,0.078245915
1.4395,0.4421134,0.064390369
1.4396,0.44391787,0.050471265
1.4397,0.44528425,0.036502354
1.4398,0.44621119,0.022497408
1.4399,0.44669771,0.0084702577
1.4400001,0.44674343,-0.005565254
1.4401,0.44634822,-0.019595278
1.4402,0.4455125,-0.033605967
1.4403,0.44423714,-0.047583494
1.4404,0.44252333,-0.061514065
1.4405,0.44037279,-0.075383931
1.4406,0.43778765,-0.089179397
1.4407001,0.43477044,-0.10288686
1.4408,0.43132415,-0.11649279
1.4409,0.42745218,-0.12998375
1.441,0.42315838,-0.14334643
1.4411,0.41844693,-0.15656765
1.4412,0.41332251,-0.16963436
1.4413,0.40779018,-0.18253364
1.4414001,0.40185541,-0.19525279
1.4414999,0.39552402,-0.20777924
1.4416,0.38880229,-0.22010066
1.4417,0.38169685,-0.23220482
1.4418,0.37421471,-0.24407986
1.4419,0.36636326,-0.255714
1.442,0.35815024,-0.26709577
1.4421,0.34958375,-0.27821395
1.4421999,0.34067222,-0.28905755
1.4423,0.3314245,-0.29961589
1.4424,0.3218497,-0.30987856
1.4425,0.31195727,-0.31983539
1.4426,0.30175695,-0.32947657
1.4427,0.29125881,-0.33879259
1.4428,0.28047323,-0.34777427
1.4428999,0.26941085,-0.35641271
1.443,0.25808257,-0.36469939
1.4431,0.2464996,-0.37262619
1.4432,0.23467335,-0.38018522
1.4433,0.22261548,-0.38736904
1.4434,0.21033792,-0.39417058
1.4435,0.19785278,-0.40058309
1.4436001,0.18517236,-0.40660027
1.4437,0.17230919,-0.41221619
1.4438,0.15927596,-0.41742527
1.4439,0.14608555,-0.42222241
1.444,0.13275096,-0.42660284
1.4441,0.11928535,-0.43056226
1.4442,0.10570201,-0.43409675
1.4443001,0.092014343,-0.43720284
1.4444,0.078235872,-0.43987745
1.4445,0.064380176,-0.44211793
1.4446,0.05046095,-0.44392207
1.4447,0.036491919,-0.44528812
1.4448,0.022486866,-0.44621471
1.4449,0.0084596192,-0.4467009
1.4450001,-0.0055759805,-0.44674626
1.4450999,-0.019606082,-0.44635072
1.4452,-0.033616833,-0.44551468
1.4453,-0.047594417,-0.44423896
1.4454,-0.061525028,-0.44252479
1.4455,-0.075394928,-0.44037393
1.4456,-0.089190416,-0.43778843
1.4457,-0.10289789,-0.43477088
1.4457999,-0.11650382,-0.43132424
1.4459,-0.12999476,-0.42745194
1.446,-0.14335743,-0.42315775
1.4461,-0.15657862,-0.41844597
1.4462,-0.16964526,-0.41332123
1.4463,-0.1825445,-0.40778854
1.4464,-0.19526359,-0.40185341
1.4464999,-0.20778997,-0.39552173
1.4466,-0.22011128,-0.38879964
1.4467,-0.23221537,-0.38169387
1.4468,-0.24409029,-0.37421143
1.4469,-0.25572431,-0.36635962
1.447,-0.26710597,-0.35814628
1.4471,-0.27822399,-0.34957948
1.4471999,-0.28906748,-0.34066767
1.4473,-0.29962564,-0.33141965
1.4474,-0.30988812,-0.32184452
1.4475,-0.31984478,-0.31195179
1.4476,-0.32948577,-0.30175117
1.4477,-0.33880162,-0.29125276
1.4478,-0.34778309,-0.28046691
1.4479001,-0.35642132,-0.26940426
1.448,-0.3647078,-0.25807571
1.4481,-0.37263435,-0.24649249
1.4482,-0.38019314,-0.23466599
1.4483,-0.38737673,-0.2226079
1.4484,-0.39417803,-0.2103301
1.4485,-0.40059027,-0.19784471
1.4486001,-0.40660721,-0.18516409
1.4487,-0.41222283,-0.17230071
1.4488,-0.41743165,-0.15926729
1.4489,-0.42222852,-0.14607668
1.449,-0.42660865,-0.1327419
1.4491,-0.43056777,-0.11927612
1.4492,-0.43410197,-0.10569262
1.4493001,-0.43720776,-0.092004806
1.4493999,-0.43988204,-0.078226194
1.4495,-0.44212222,-0.064370371
1.4496,-0.44392607,-0.050451018
1.4497,-0.44529179,-0.036481872
1.4498,-0.44621804,-0.022476718
1.4499,-0.44670394,-0.0084493784
1.45,-0.44674897,0.0055863038
1.4500999,-0.44635311,0.019616475
1.4502,-0.44551674,0.03362729
1.4503,-0.44424066,0.047604922
1.4504,-0.44252616,0.061535574
1.4505,-0.44037497,0.075405501
1.4506,-0.43778914,0.089201011
1.4507,-0.43477124,0.10290849
1.4507999,-0.43132427,0.11651442
1.4509,-0.42745164,0.13000536
1.451,-0.42315713,0.14336799
1.4511,-0.41844502,0.15658915
1.4512,-0.41331992,0.16965576
1.4513,-0.40778694,0.18255495
1.4514,-0.40185148,0.19527397
1.4515001,-0.39551944,0.20780027
1.4516,-0.38879704,0.22012149
1.4517,-0.38169098,0.23222549
1.4518,-0.37420818,0.2441003
1.4519,-0.3663561,0.25573421
1.452,-0.35814244,0.26711574
1.4521,-0.34957534,0.27823365
1.4522001,-0.34066322,0.28907695
1.4523,-0.33141491,0.29963499
1.4524,-0.32183951,0.3098973
1.4525,-0.31194648,0.31985378
1.4526,-0.30174559,0.32949463
1.4527,-0.29124692,0.33881027
1.4528,-0.28046077,0.34779152
1.4529001,-0.26939788,0.35642958
1.4529999,-0.2580691,0.36471584
1.4531,-0.24648561,0.37264216
1.4532,-0.23465887,0.38020074
1.4533,-0.22260055,0.38738409
1.4534,-0.21032253,0.39418513
1.4535,-0.19783694,0.40059716
1.4536,-0.18515611,0.40661383
1.4536999,-0.17229253,0.41222921
1.4538,-0.15925892,0.41743773
1.4539,-0.14606813,0.42223433
1.454,-0.13273318,0.4266142
1.4541,-0.11926723,0.43057305
1.4542,-0.10568358,0.43410695
1.4543,-0.091995619,0.43721244
1.4543999,-0.078216866,0.43988642
1.4545,-0.064360917,0.4421263
1.4546,-0.050441448,0.44392985
1.4547,-0.036472194,0.44529527
1.4548,-0.022466946,0.44622123
1.4549,-0.0084395185,0.4467068
1.455,0.0055962414,0.44675151
1.4551001,0.01962648,0.44635534
1.4552,0.033637352,0.44551864
1.4553,0.047615033,0.44424224
1.4554,0.061545722,0.44252744
1.4555,0.075415678,0.44037589
1.4556,0.089211203,0.43778974
1.4557,0.10291869,0.43477154
1.4558001,0.11652461,0.43132424
1.4559,0.13001554,0.42745128
1.456,0.14337815,0.42315647
1.4561,0.15659927,0.41844404
1.4562,0.16966583,0.41331863
1.4563,0.18256496,0.40778533
1.4564,0.19528392,0.40184954
1.4565001,0.20781015,0.3955172
1.4566,0.22013131,0.38879451
1.4567,0.23223519,0.38168812
1.4568,0.24410991,0.37420502
1.4569,0.25574371,0.36635265
1.457,0.2671251,0.35813868
1.4571,0.27824289,0.34957129
1.4572001,0.28908607,0.34065887
1.4572999,0.29964396,0.33141029
1.4574,0.30990613,0.32183462
1.4575,0.31986243,0.31194133
1.4576,0.32950309,0.30174017
1.4577,0.33881855,0.29124123
1.4578,0.34779963,0.28045484
1.4579,0.35643747,0.26939169
1.4579999,0.36472353,0.25806266
1.4581,0.37264964,0.24647895
1.4582,0.38020802,0.23465198
1.4583,0.38739112,0.22259344
1.4584,0.39419192,0.21031521
1.4585,0.40060371,0.19782941
1.4586,0.40662014,0.18514837
1.4586999,0.41223526,0.17228462
1.4588,0.41744357,0.15925083
1.4589,0.42223987,0.14605986
1.459,0.42661947,0.13272475
1.4591,0.43057805,0.11925865
1.4592,0.43411168,0.10567485
1.4593,0.43721688,0.091986746
1.4594001,0.43989059,0.078207873
1.4595,0.44213018,0.064351797
1.4596,0.44393343,0.05043222
1.4597,0.44529855,0.036462866
1.4598,0.44622421,0.022457523
1.4599,0.44670948,0.0084300125
1.46,0.44675392,-0.0056058182
1.4601001,0.44635743,-0.019636121
1.4602,0.4455204,-0.033647049
1.4603,0.44424373,-0.047624771
1.4604,0.44252861,-0.061555494
1.4605,0.44037676,-0.075425476
1.4606,0.4377903,-0.089221016
1.4607,0.43477178,-0.10292851
1.4608001,0.43132418,-0.11653443
1.4608999,0.4274509,-0.13002533
1.461,0.42315578,-0.14338793
1.4611,0.41844302,-0.156609
1.4612,0.41331732,-0.16967553
1.4613,0.40778372,-0.18257461
1.4614,0.40184763,-0.1952935
1.4615,0.39551499,-0.20781966
1.4615999,0.38879201,-0.22014073
1.4617,0.38168532,-0.23224454
1.4618,0.37420195,-0.24411914
1.4619,0.36634928,-0.25575283
1.462,0.35813504,-0.26713413
1.4621,0.34956735,-0.27825177
1.4622,0.34065467,-0.28909484
1.4622999,0.33140582,-0.29965255
1.4624,0.32182989,-0.30991456
1.4625,0.31193632,-0.31987074
1.4626,0.30173492,-0.3295112
1.4627,0.29123572,-0.33882651
1.4628,0.28044909,-0.34780741
1.4629,0.2693857,-0.35644504
1.4630001,0.25805643,-0.36473089
1.4631,0.24647251,-0.37265682
1.4632,0.23464532,-0.38021496
1.4633,0.22258656,-0.38739786
1.4634,0.21030813,-0.39419845
1.4635,0.19782214,-0.40061
1.4636,0.18514092,-0.40662619
1.4637001,0.17227697,-0.41224107
1.4638,0.159243,-0.41744912
1.4639,0.14605188,-0.42224517
1.464,0.13271661,-0.42662454
1.4641,0.11925036,-0.43058285
1.4642,0.10566642,-0.43411618
1.4643,0.091978192,-0.43722114
1.4644001,0.078199185,-0.43989459
1.4645,0.064343005,-0.44213387
1.4646,0.05042332,-0.44393685
1.4647,0.036453869,-0.44530168
1.4648,0.022448439,-0.44622704
1.4649,0.008420852,-0.44671205
1.465,-0.0056150481,-0.44675618
1.4651,-0.019645412,-0.4463594
1.4651999,-0.033656389,-0.4455221
1.4653,-0.047634151,-0.4442451
1.4654,-0.061564907,-0.44252968
1.4655,-0.075434908,-0.44037753
1.4656,-0.089230463,-0.43779078
1.4657,-0.10293796,-0.43477198
1.4658,-0.11654387,-0.43132406
1.4658999,-0.13003476,-0.42745051
1.466,-0.14339733,-0.42315507
1.4661,-0.15661837,-0.41844204
1.4662,-0.16968486,-0.41331604
1.4663,-0.18258388,-0.40778214
1.4664,-0.19530271,-0.40184578
1.4665,-0.2078288,-0.39551285
1.4665999,-0.22014979,-0.38878956
1.4667,-0.23225351,-0.3816826
1.4668,-0.24412802,-0.37419894
1.4669,-0.25576159,-0.366346
1.467,-0.26714277,-0.35813147
1.4671,-0.27826032,-0.34956354
1.4672,-0.28910324,-0.34065059
1.4673001,-0.29966083,-0.33140147
1.4674,-0.3099227,-0.3218253
1.4675,-0.3198787,-0.31193149
1.4676,-0.329519,-0.30172983
1.4677,-0.33883414,-0.29123038
1.4678,-0.34781486,-0.28044355
1.4679,-0.35645232,-0.26937991
1.4680001,-0.36473799,-0.25805044
1.4681,-0.37266371,-0.24646629
1.4682,-0.38022164,-0.23463888
1.4683,-0.38740435,-0.22257994
1.4684,-0.39420471,-0.21030131
1.4685,-0.40061602,-0.19781512
1.4686,-0.40663198,-0.18513373
1.4687001,-0.41224664,-0.17226961
1.4687999,-0.41745445,-0.15923548
1.4689,-0.42225027,-0.14604419
1.469,-0.42662936,-0.13270877
1.4691,-0.43058741,-0.11924238
1.4692,-0.43412054,-0.1056583
1.4693,-0.43722519,-0.091969945
1.4694,-0.43989837,-0.078190826
1.4694999,-0.44213742,-0.064334534
1.4696,-0.4439401,-0.050414748
1.4697,-0.44530466,-0.036445208
1.4698,-0.44622976,-0.022439694
1.4699,-0.44671449,-0.0084120333
1.47,-0.44675833,0.0056239339
1.4701,-0.44636124,0.019654352
1.4701999,-0.44552368,0.033665374
1.4703,-0.44424641,0.047643177
1.4704,-0.44253069,0.061573964
1.4705,-0.44037828,0.075443983
1.4706,-0.43779123,0.089239553
1.4707,-0.43477213,0.10294705
1.4708,-0.43132395,0.11655296
1.4709001,-0.42745009,0.13004383
1.471,-0.42315438,0.14340638
1.4711,-0.41844106,0.15662739
1.4712,-0.41331476,0.16969383
1.4713,-0.40778059,0.18259279
1.4714,-0.40184397,0.19531158
1.4715,-0.39551073,0.2078376
1.4716001,-0.38878718,0.2201585
1.4717,-0.38167995,0.23226213
1.4718,-0.37419602,0.24413656
1.4719,-0.36634281,0.25577003
1.472,-0.35812804,0.26715109
1.4721,-0.34955984,0.27826852
1.4722,-0.34064665,0.28911129
1.4723001,-0.33139727,0.29966876
1.4724,-0.32182083,0.30993047
1.4725,-0.31192678,0.31988633
1.4726,-0.30172491,0.32952648
1.4727,-0.29122525,0.33884144
1.4728,-0.28043815,0.34782198
1.4729,-0.26937431,0.35645929
1.473,-0.25804463,0.36474478
1.4730999,-0.24646027,0.37267029
1.4732,-0.23463269,0.38022804
1.4733,-0.22257353,0.38741052
1.4734,-0.21029471,0.3942107
1.4735,-0.19780836,0.4006218
1.4736,-0.18512678,0.40663755
1.4737,-0.17226249,0.41225195
1.4737999,-0.15922821,0.41745955
1.4739,-0.14603677,0.42225513
1.474,-0.1327012,0.42663398
1.4741,-0.11923467,0.43059179
1.4742,-0.10565048,0.43412465
1.4743,-0.091962002,0.43722907
1.4744,-0.078182764,0.43990198
1.4744999,-0.064326376,0.44214079
1.4746,-0.050406493,0.4439432
1.4747,-0.03643686,0.44530749
1.4748,-0.022431271,0.44623235
1.4749,-0.0084035387,0.44671679
1.475,0.0056324895,0.44676036
1.4751,0.01966296,0.446363
1.4752001,0.033674028,0.44552517
1.4753,0.047651868,0.4442476
1.4754,0.061582681,0.44253165
1.4755,0.075452715,0.44037893
1.4756,0.089248292,0.43779162
1.4757,0.1029558,0.43477222
1.4758,0.11656169,0.43132377
1.4759001,0.13005255,0.42744964
1.476,0.14341506,0.42315367
1.4761,0.15663604,0.41844007
1.4762,0.16970244,0.41331351
1.4763,0.18260136,0.40777904
1.4764,0.19532008,0.40184215
1.4765,0.20784603,0.39550868
1.4766001,0.22016686,0.38878486
1.4766999,0.23227042,0.38167736
1.4768,0.24414474,0.37419319
1.4769,0.25577813,0.36633971
1.477,0.26715907,0.3581247
1.4771,0.27827638,0.34955624
1.4772,0.28911904,0.34064281
1.4773,0.29967639,0.33139318
1.4773999,0.30993795,0.3218165
1.4775,0.31989366,0.31192225
1.4776,0.32953367,0.30172014
1.4777,0.33884847,0.29122025
1.4778,0.34782884,0.28043297
1.4779,0.35646597,0.26936892
1.478,0.36475128,0.25803903
1.4780999,0.37267661,0.24645446
1.4782,0.38023418,0.23462668
1.4783,0.38741645,0.22256733
1.4784,0.39421642,0.21028835
1.4785,0.40062732,0.19780181
1.4786,0.40664285,0.18512006
1.4787,0.41225705,0.17225562
1.4788001,0.41746441,0.15922119
1.4789,0.42225975,0.14602961
1.479,0.42663839,0.1326939
1.4791,0.43059596,0.11922725
1.4792,0.43412858,0.10564291
1.4793,0.43723276,0.091954328
1.4794,0.43990543,0.078174993
1.4795001,0.44214398,0.0643185
1.4796,0.44394615,0.050398525
1.4797,0.44531021,0.036428813
1.4798,0.44623476,0.022423148
1.4799,0.44671893,0.0083953487
1.48,0.44676226,-0.0056407363
1.4801,0.44636467,-0.019671258
1.4802001,0.44552654,-0.033682369
1.4802999,0.44424874,-0.047660239
1.4804,0.44253251,-0.061591078
1.4805,0.44037953,-0.075461134
1.4806,0.43779194,-0.089256719
1.4807,0.43477231,-0.10296421
1.4808,0.43132359,-0.11657011
1.4809,0.42744917,-0.13006096
1.4809999,0.42315292,-0.14342344
1.4811,0.41843906,-0.15664439
1.4812,0.41331226,-0.16971074
1.4813,0.40777755,-0.18260962
1.4814,0.40184039,-0.19532827
1.4815,0.39550665,-0.20785417
1.4816,0.38878259,-0.22017492
1.4816999,0.38167483,-0.23227839
1.4818,0.37419039,-0.24415262
1.4819,0.3663367,-0.25578591
1.482,0.35812142,-0.26716676
1.4821,0.34955272,-0.27828395
1.4822,0.34063908,-0.28912649
1.4823,0.33138922,-0.29968369
1.4823999,0.32181233,-0.30994514
1.4825,0.31191784,-0.31990072
1.4826,0.30171552,-0.32954058
1.4827,0.29121542,-0.33885521
1.4828,0.28042793,-0.34783545
1.4829,0.26936367,-0.35647237
1.483,0.25803357,-0.36475751
1.4831001,0.24644883,-0.37268269
1.4832,0.23462087,-0.38024005
1.4833,0.22256134,-0.38742214
1.4834,0.21028219,-0.39422193
1.4835,0.19779548,-0.40063262
1.4836,0.18511358,-0.40664792
1.4837,0.17224899,-0.41226193
1.4838001,0.15921441,-0.41746908
1.4839,0.14602268,-0.42226422
1.484,0.13268685,-0.42664263
1.4841,0.11922007,-0.43059996
1.4842,0.10563563,-0.43413234
1.4843,0.09194693,-0.43723631
1.4844,0.078167491,-0.43990874
1.4845001,0.064310901,-0.44214702
1.4845999,0.050390843,-0.44394895
1.4847,0.036421053,-0.44531277
1.4848,0.022415316,-0.44623709
1.4849,0.0083874548,-0.44672102
1.485,-0.0056486856,-0.44676408
1.4851,-0.019679256,-0.44636622
1.4852,-0.033690404,-0.44552785
1.4852999,-0.047668308,-0.44424981
1.4854,-0.061599169,-0.44253331
1.4855,-0.075469241,-0.4403801
1.4856,-0.089264832,-0.43779224
1.4857,-0.10297233,-0.43477234
1.4858,-0.11657821,-0.43132335
1.4859,-0.13006903,-0.42744872
1.4859999,-0.1434315,-0.42315221
1.4861,-0.15665242,-0.41843811
1.4862,-0.16971874,-0.41331103
1.4863,-0.18261756,-0.40777606
1.4864,-0.19533616,-0.40183866
1.4865,-0.20786199,-0.39550468
1.4866,-0.22018267,-0.38878039
1.4867001,-0.23228605,-0.38167238
1.4868,-0.24416021,-0.37418774
1.4869,-0.25579339,-0.36633375
1.487,-0.26717415,-0.35811827
1.4871,-0.27829123,-0.34954935
1.4872,-0.28913364,-0.34063548
1.4873,-0.29969072,-0.3313854
1.4874001,-0.30995205,-0.32180828
1.4875,-0.31990749,-0.31191358
1.4876,-0.3295472,-0.30171105
1.4877,-0.3388617,-0.29121074
1.4878,-0.34784177,-0.28042305
1.4879,-0.35647854,-0.26935861
1.488,-0.36476353,-0.25802833
1.4881001,-0.37268853,-0.24644341
1.4881999,-0.38024569,-0.23461527
1.4883,-0.38742763,-0.22255558
1.4884,-0.39422721,-0.21027625
1.4885,-0.40063772,-0.19778939
1.4886,-0.40665284,-0.18510734
1.4887,-0.41226661,-0.1722426
1.4888,-0.41747355,-0.15920787
1.4888999,-0.42226848,-0.14601602
1.489,-0.42664668,-0.13268006
1.4891,-0.4306038,-0.11921316
1.4892,-0.43413597,-0.10562861
1.4893,-0.43723968,-0.091939807
1.4894,-0.4399119,-0.078160264
1.4895,-0.44214997,-0.064303592
1.4895999,-0.44395167,-0.050383449
1.4897,-0.44531521,-0.036413584
1.4898,-0.44623932,-0.022407778
1.4899,-0.44672301,-0.0083798571
1.49,-0.44676581,0.0056563383
1.4901,-0.44636774,0.019686952
1.4902,-0.44552913,0.033698138
1.4903001,-0.44425082,0.047676072
1.4904,-0.44253406,0.061606955
1.4905,-0.4403806,0.075477041
1.4906,-0.43779251,0.089272641
1.4907,-0.43477237,0.10298014
1.4908,-0.43132314,0.11658601
1.4909,-0.42744824,0.13007681
1.4910001,-0.42315149,0.14343926
1.4911,-0.41843715,0.15666014
1.4912,-0.41330984,0.16972642
1.4913,-0.40777463,0.18262519
1.4914,-0.40183699,0.19534373
1.4915,-0.39550278,0.2078695
1.4916,-0.38877824,0.22019011
1.4917001,-0.38167003,0.23229343
1.4918,-0.37418512,0.24416749
1.4919,-0.36633092,0.2558006
1.492,-0.35811523,0.26718125
1.4921,-0.34954607,0.2782982
1.4922,-0.34063199,0.28914052
1.4923,-0.33138171,0.29969749
1.4924001,-0.32180437,0.3099587
1.4924999,-0.31190947,0.31991401
1.4926,-0.30170673,0.32955357
1.4927,-0.29120624,0.33886793
1.4928,-0.28041837,0.34784785
1.4929,-0.26935375,0.35648447
1.493,-0.25802329,0.36476928
1.4931,-0.24643818,0.3726941
1.4931999,-0.23460986,0.38025111
1.4933,-0.22255,0.38743287
1.4934,-0.21027052,0.39423224
1.4935,-0.19778351,0.40064257
1.4936,-0.18510132,0.40665752
1.4937,-0.17223644,0.41227111
1.4938,-0.15920158,0.41747785
1.4938999,-0.14600959,0.42227256
1.494,-0.13267352,0.42665055
1.4941,-0.1192065,0.43060747
1.4942,-0.10562184,0.43413943
1.4943,-0.091932945,0.43724293
1.4944,-0.078153312,0.43991491
1.4945,-0.064296551,0.44215277
1.4946001,-0.050376326,0.44395423
1.4947,-0.036406387,0.44531757
1.4948,-0.022400519,0.44624144
1.4949,-0.0083725397,0.44672489
1.495,0.0056637051,0.44676748
1.4951,0.01969436,0.44636914
1.4952,0.033705581,0.4455303
1.4953001,0.047683544,0.44425175
1.4954,0.061614446,0.44253477
1.4955,0.075484544,0.44038108
1.4956,0.089280151,0.43779275
1.4957,0.10298765,0.43477237
1.4958,0.1165935,0.4313229
1.4959,0.13008429,0.42744777
1.4960001,0.14344671,0.42315081
1.4960999,0.15666756,0.4184362
1.4962,0.16973381,0.41330865
1.4963,0.18263254,0.40777323
1.4964,0.19535102,0.40183535
1.4965,0.20787673,0.3955009
1.4966,0.22019728,0.38877615
1.4967,0.23230052,0.3816677
1.4967999,0.2441745,0.37418258
1.4969,0.25580752,0.36632818
1.497,0.26718807,0.35811228
1.4971,0.27830493,0.34954292
1.4972,0.28914714,0.34062859
1.4973,0.29970399,0.33137813
1.4974,0.30996507,0.32180059
1.4974999,0.31992024,0.3119055
1.4976,0.32955968,0.30170256
1.4977,0.33887389,0.29120189
1.4978,0.34785366,0.28041381
1.4979,0.35649016,0.26934901
1.498,0.36477482,0.25801837
1.4981,0.37269947,0.24643311
1.4982001,0.38025633,0.23460464
1.4983,0.38743791,0.22254463
1.4984,0.3942371,0.21026498
1.4985,0.40064725,0.19777784
1.4986,0.40666199,0.1850955
1.4987,0.4122754,0.17223048
1.4988,0.41748196,0.1591955
1.4989001,0.42227647,0.1460034
1.499,0.42665425,0.1326672
1.4991,0.43061098,0.11920008
1.4992,0.43414271,0.10561532
1.4993,0.43724602,0.091926321
1.4994,0.4399178,0.078146599
1.4995,0.44215542,0.064289749
1.4996001,0.44395667,0.050369456
1.4997,0.4453198,0.03639945
1.4998,0.44624344,0.022393519
1.4999,0.44672668,0.0083654858
1.5,0.44676906,-0.0056708027
1.5,0.44676906,-0.0056708027
